#erel:= 0.800;
#emax:= 768.777;
#q:= 0.000;
#nesce:=    64;
#etime:= 1.113;
#snodes:=   621;
param nS:=   100;
param nSG:=    30;
param nRVSG :=
 1 24    4 24    7  2   10  2   13  2   16  2   19  2   22  2   25  2   28  2
 2 24    5  2    8  2   11  2   14  2   17  2   20  2   23  2   26  2   29  2
 3 24    6  2    9  2   12  2   15 12   18  2   21  2   24  2   27  2   30 24
;

param ScenF :=
  1  36.4749      46  34.161       91  36.9731     136   0.4723
  2  25.327       47  64.8028      92  33.4472     137   0.999418
  3  23.5628      48  49.0707      93  51.1436     138   0.3726
  4  16.3198      49  45.711       94  46.7896     139   1.02044
  5  17.432       50  43.289       95  63.8472     140   0.2145
  6  19.1202      51  22.1467      96  46.7739     141   1.02306
  7  42.3943      52  51.7678      97   0.564955   142   0.083
  8  89.0521      53  75.3268      98   0          143   1.00256
  9 123.6         54  41.7541      99   0.659679   144   0
 10 103.012       55  58.3639     100   0          145   1.01414
 11  83.1485      56 126.695      101   0.715598   146   0
 12  91.8428      57 137.686      102   0          147   1.14188
 13  52.8293      58 107.533      103   0.608427   148   0
 14  12.0003      59  76.846      104   0          149   1.38557
 15   0           60  61.5346     105   0.529215   150   0
 16   0           61  41.7524     106   0          151   1.62387
 17   0           62  28.9545     107   0.488774   152   0
 18  19.663       63  15.2778     108   0          153   1.71378
 19  77.4025      64   0          109   0.547215   154   0
 20  52.6147      65  31.1976     110   0.0066     155   1.64485
 21  83.9547      66  53.2141     111   0.698602   156   0
 22  70.6471      67 102.605      112   0.1478     157   2.87803
 23  63.8715      68  96.0095     113   0.872452   158   4.46892
 24  59.7737      69 156.317      114   0.3581     159   4.35331
 25  45.6037      70 141.219      115   0.896895   160   0.352792
 26  70.6861      71 109.256      116   0.4618     161   4.02597
 27  75.8205      72  91.2326     117  34.3831     162   6.44574
 28  77.2344      73  33.8242     118  47.6714     163   5.67017
 29  93.2029      74  59.1336     119  38.3109     164   0.912348
 30  99.8883      75  35.6548     120  30.2164     165   0
 31  59.0398      76  35.8831     121  26.2471     166   0
 32  29.4154      77  34.4525     122  53.4677     167 131.388
 33  64.0163      78  25.0317     123  97.7843     168   0
 34  31.9272      79  15.0196     124 131.258      169   0
 35  86.5172      80  69.1242     125 185.609      170 214.684
 36  67.8976      81 130.88       126 204.804      171 317.543
 37  41.102       82  93.4603     127 147.744      172  17.562
 38  37.1468      83  45.0914     128 129.001      173  64.9092
 39  39.7703      84  53.3673     129   0.895078   174  37.7186
 40  42.7802      85  39.0486     130   0.5099     175 221.192
 41  56.2552      86  25.7459     131   0.928567   176   0.485429
 42 106.061       87   0          132   0.5005     177   0.154725
 43 130.75        88   0          133   0.965017   178   1.15082
 44  36.684       89   0          134   0.5072     179   0.103572
 45   0           90   0          135   0.978181   180   0.421178
;

param ScenO :=
  1  82.19        46  10           91  80.52       136   0.247
  2  79.99        47  16.92        92  91.05       137   0.653
  3  80           48  24.44        93 100          138   0.142
  4  77.05        49  87.19        94  90          139   0.615
  5  69.78        50  84.99        95  82.09       140   0.077
  6  72           51  84.9         96  69.9        141   0.544
  7  72           52  77.05        97   0.586      142   0.031
  8  91.36        53  72.78        98   0          143   0.532
  9 122.28        54  75.99        99   0.549      144   0
 10 110.47        55  75          100   0          145   0.498
 11  92.74        56  91.7        101   0.567      146   0
 12  83.05        57 126.89       102   0          147   0.455
 13  80           58 110.32       103   0.618      148   0
 14  79.92        59  92.74       104   0          149   0.407
 15  70.16        60  80.05       105   0.635      150   0
 16  71.9         61  81.3        106   0          151   0.386
 17  82.19        62  79.92       107   0.626      152   0
 18  81           63  72          108   0          153   0.348
 19  90.08        64  74.59       109   0.606      154   0
 20 105.01        65  82.19       110   0.004      155   0.343
 21 125.89        66  81          111   0.546      156   0
 22 105.01        67  80.02       112   0.08       157   0.345906
 23  90.08        68  96.05       113   0.556      158   0.263033
 24  79.26        69 110.89       114   0.154      159   0.29775
 25  14           70  97.68       115   0.649      160   0.704867
 26  15.08        71  83.19       116   0.208      161   0.570364
 27  39.36        72  77.82       117  70.08       162   0.827778
 28  19.6         73  87          118  65          163   0.375278
 29  38.72        74  72.99       119  56.13       164   0.274956
 30  38.2         75  70.83       120  60          165   0.650229
 31  34.2         76  70.08       121  67.19       166   0.468181
 32  17.8         77  78          122  66.97       167   0.464417
 33  10.44        78  78          123  74.68       168   0.070078
 34  86.56        79  79.65       124  88          169   0.8775
 35  26.4         80  98          125  90          170   1.37387
 36  48.16        81 123.58       126  82.55       171   0.779219
 37  14           82 108.47       127  80.08       172   1.5128
 38  22.76        83  91          128  68.1        173   1.49641
 39  36.32        84  80.05       129   0.649      174   0.454198
 40  37.68        85  79          130   0.17       175   0.256217
 41  40.44        86  79.92       131   0.619      176   0.725264
 42  45.52        87  78          132   0.224      177   0.517039
 43  75.12        88  85.49       133   0.59       178   0.294734
 44  30           89  82.19       134   0.255      179   0.242118
 45  13.72        90  78          135   0.615      180   0.254479
;

param Scen0 (tr)
 :    1	    2	    3	    4	    5	    6	    7	    8	    9	   10	   11	   12	   13	   14	   15	   16	   17	   18	   19	   20	   21	   22	   23	   24	   25	   26	   27	   28	   29	   30	   31	   32	   33	   34	   35	   36	   37	   38	   39	   40	   41	   42	   43	   44	   45	   46	   47	   48	   49	   50	   51	   52	   53	   54	   55	   56	   57	   58	   59	   60	   61	   62	   63	   64	   65	   66	   67	   68	   69	   70	   71	   72	   73	   74	   75	   76	   77	   78	   79	   80	   81	   82	   83	   84	   85	   86	   87	   88	   89	   90	   91	   92	   93	   94	   95	   96	   97	   98	   99	  100	  101	  102	  103	  104	  105	  106	  107	  108	  109	  110	  111	  112	  113	  114	  115	  116	  117	  118	  119	  120	  121	  122	  123	  124	  125	  126	  127	  128	  129	  130	  131	  132	  133	  134	  135	  136	  137	  138	  139	  140	  141	  142	  143	  144	  145	  146	  147	  148	  149	  150	  151	  152	  153	  154	  155	  156	  157	  158	  159	  160	  161	  162	  163	  164	  165	  166	  167	  168	  169	  170	  171	  172	  173	  174	  175	  176	  177	  178	  179	  180	:=
    1	82.190000	79.990000	80.000000	77.050000	69.780000	72.000000	72.000000	91.360000	122.280000	110.470000	92.740000	83.050000	80.000000	79.920000	70.160000	71.900000	82.190000	81.000000	90.080000	105.010000	125.890000	105.010000	90.080000	79.260000	14.000000	15.080000	39.360000	19.600000	38.720000	38.200000	34.200000	17.800000	10.440000	86.560000	26.400000	48.160000	14.000000	22.760000	36.320000	37.680000	40.440000	45.520000	75.120000	30.000000	13.720000	10.000000	16.920000	24.440000	87.190000	84.990000	84.900000	77.050000	72.780000	75.990000	75.000000	91.700000	126.890000	110.320000	92.740000	80.050000	81.300000	79.920000	72.000000	74.590000	82.190000	81.000000	80.020000	96.050000	110.890000	97.680000	83.190000	77.820000	87.000000	72.990000	70.830000	70.080000	78.000000	78.000000	79.650000	98.000000	123.580000	108.470000	91.000000	80.050000	79.000000	79.920000	78.000000	85.490000	82.190000	78.000000	80.520000	91.050000	100.000000	90.000000	82.090000	69.900000	0.586000	0.000000	0.549000	0.000000	0.567000	0.000000	0.618000	0.000000	0.635000	0.000000	0.626000	0.000000	0.606000	0.004000	0.546000	0.080000	0.556000	0.154000	0.649000	0.208000	70.080000	27.076800	26.892600	17.391200	17.681900	39.754400	96.700600	145.097000	180.702000	190.844000	154.832000	133.071000	0.923627	0.758400	0.949793	0.606300	0.901592	0.529200	1.030900	0.740000	1.034360	0.230600	1.068910	0.302000	1.044530	0.174400	0.840132	0.000000	0.869268	0.000000	1.022830	0.000000	1.265390	0.000000	1.484490	0.000000	1.566610	0.000000	1.487830	0.000000	0.345906	4.217070	4.025650	0.000000	3.074240	6.078140	5.461060	1.270400	0.279305	0.000000	102.480000	6.117580	0.000000	910.269000	384.733000	12.115100	54.194400	35.944100	216.307000	0.000000	0.384268	1.312040	0.000000	0.758043	
    2	82.190000	79.990000	80.000000	77.050000	69.780000	72.000000	72.000000	91.360000	122.280000	110.470000	92.740000	83.050000	80.000000	79.920000	70.160000	71.900000	82.190000	81.000000	90.080000	105.010000	125.890000	105.010000	90.080000	79.260000	14.000000	15.080000	39.360000	19.600000	38.720000	38.200000	34.200000	17.800000	10.440000	86.560000	26.400000	48.160000	14.000000	22.760000	36.320000	37.680000	40.440000	45.520000	75.120000	30.000000	13.720000	10.000000	16.920000	24.440000	87.190000	84.990000	84.900000	77.050000	72.780000	75.990000	75.000000	91.700000	126.890000	110.320000	92.740000	80.050000	81.300000	79.920000	72.000000	74.590000	82.190000	81.000000	80.020000	96.050000	110.890000	97.680000	83.190000	77.820000	87.000000	72.990000	70.830000	70.080000	78.000000	78.000000	79.650000	98.000000	123.580000	108.470000	91.000000	80.050000	79.000000	79.920000	78.000000	85.490000	82.190000	78.000000	80.520000	91.050000	100.000000	90.000000	82.090000	69.900000	0.586000	0.000000	0.549000	0.000000	0.567000	0.000000	0.618000	0.000000	0.635000	0.000000	0.626000	0.000000	0.606000	0.004000	0.546000	0.080000	0.556000	0.154000	0.649000	0.208000	70.080000	32.139200	30.876600	26.480300	28.854400	48.449900	107.736000	144.571000	194.582000	195.771000	165.512000	127.738000	0.985933	0.220900	1.019980	0.546500	1.028460	0.538100	1.068900	0.549000	1.143250	0.299800	1.142380	0.072600	1.082270	0.114900	1.054220	0.000000	1.079220	0.000000	1.170250	0.000000	1.395000	0.000000	1.608160	0.000000	1.688720	0.000000	1.684820	0.000000	0.345906	4.271480	4.113620	0.048626	3.959990	7.132380	5.210910	0.999135	0.314259	0.000000	133.398000	0.000000	0.000000	933.449000	389.120000	17.625500	63.005200	37.680000	176.169000	0.201118	0.000000	1.303550	0.091504	0.572250	
    3	82.190000	79.990000	80.000000	77.050000	69.780000	72.000000	72.000000	91.360000	122.280000	110.470000	92.740000	83.050000	80.000000	79.920000	70.160000	71.900000	82.190000	81.000000	90.080000	105.010000	125.890000	105.010000	90.080000	79.260000	14.000000	15.080000	39.360000	19.600000	38.720000	38.200000	34.200000	17.800000	10.440000	86.560000	26.400000	48.160000	14.000000	22.760000	36.320000	37.680000	40.440000	45.520000	75.120000	30.000000	13.720000	10.000000	16.920000	24.440000	87.190000	84.990000	84.900000	77.050000	72.780000	75.990000	75.000000	91.700000	126.890000	110.320000	92.740000	80.050000	81.300000	79.920000	72.000000	74.590000	82.190000	81.000000	80.020000	96.050000	110.890000	97.680000	83.190000	77.820000	87.000000	72.990000	70.830000	70.080000	78.000000	78.000000	79.650000	98.000000	123.580000	108.470000	91.000000	80.050000	79.000000	79.920000	78.000000	85.490000	82.190000	78.000000	80.520000	91.050000	100.000000	90.000000	82.090000	69.900000	0.586000	0.000000	0.549000	0.000000	0.567000	0.000000	0.618000	0.000000	0.635000	0.000000	0.626000	0.000000	0.606000	0.004000	0.546000	0.080000	0.556000	0.154000	0.649000	0.208000	70.080000	47.411100	45.503800	29.448300	30.207900	63.454600	113.003000	139.909000	174.593000	177.583000	140.905000	128.256000	0.904261	0.532900	0.906835	0.461300	1.000940	1.005800	1.078810	0.569000	1.081020	0.597500	1.049270	0.201100	1.011630	0.100900	0.982241	0.000100	1.007180	0.000000	1.121380	0.000000	1.395000	0.000000	1.597550	0.000000	1.688720	0.000000	1.674050	0.000000	0.345906	4.404060	4.328990	0.416357	4.020470	6.345960	5.527440	0.999804	0.340546	0.000000	110.466000	0.000000	0.000000	902.588000	354.387000	18.150800	57.474400	37.845800	188.606000	0.000000	0.350203	1.274380	0.000000	0.564238	
    4	82.190000	79.990000	80.000000	77.050000	69.780000	72.000000	72.000000	91.360000	122.280000	110.470000	92.740000	83.050000	80.000000	79.920000	70.160000	71.900000	82.190000	81.000000	90.080000	105.010000	125.890000	105.010000	90.080000	79.260000	14.000000	15.080000	39.360000	19.600000	38.720000	38.200000	34.200000	17.800000	10.440000	86.560000	26.400000	48.160000	14.000000	22.760000	36.320000	37.680000	40.440000	45.520000	75.120000	30.000000	13.720000	10.000000	16.920000	24.440000	87.190000	84.990000	84.900000	77.050000	72.780000	75.990000	75.000000	91.700000	126.890000	110.320000	92.740000	80.050000	81.300000	79.920000	72.000000	74.590000	82.190000	81.000000	80.020000	96.050000	110.890000	97.680000	83.190000	77.820000	87.000000	72.990000	70.830000	70.080000	78.000000	78.000000	79.650000	98.000000	123.580000	108.470000	91.000000	80.050000	79.000000	79.920000	78.000000	85.490000	82.190000	78.000000	80.520000	91.050000	100.000000	90.000000	82.090000	69.900000	0.586000	0.000000	0.549000	0.000000	0.567000	0.000000	0.618000	0.000000	0.635000	0.000000	0.626000	0.000000	0.606000	0.004000	0.546000	0.080000	0.556000	0.154000	0.649000	0.208000	70.080000	47.411100	45.503800	29.448300	30.207900	63.454600	113.003000	139.909000	174.593000	177.583000	140.905000	128.256000	0.904261	0.532900	0.906835	0.461300	1.000940	1.005800	1.078810	0.569000	1.081020	0.597500	1.049270	0.201100	1.011630	0.100900	0.982241	0.000100	1.007180	0.000000	1.121380	0.000000	1.395000	0.000000	1.597550	0.000000	1.688720	0.000000	1.674050	0.000000	0.345906	4.404060	4.328990	0.416357	4.020470	6.345960	5.527440	0.999804	0.340546	0.000000	110.466000	0.000000	0.000000	902.588000	354.387000	18.150800	57.474400	37.845800	188.606000	0.000000	0.350203	1.274380	0.000000	0.564238	
    5	82.190000	79.990000	80.000000	77.050000	69.780000	72.000000	72.000000	91.360000	122.280000	110.470000	92.740000	83.050000	80.000000	79.920000	70.160000	71.900000	82.190000	81.000000	90.080000	105.010000	125.890000	105.010000	90.080000	79.260000	14.000000	15.080000	39.360000	19.600000	38.720000	38.200000	34.200000	17.800000	10.440000	86.560000	26.400000	48.160000	14.000000	22.760000	36.320000	37.680000	40.440000	45.520000	75.120000	30.000000	13.720000	10.000000	16.920000	24.440000	87.190000	84.990000	84.900000	77.050000	72.780000	75.990000	75.000000	91.700000	126.890000	110.320000	92.740000	80.050000	81.300000	79.920000	72.000000	74.590000	82.190000	81.000000	80.020000	96.050000	110.890000	97.680000	83.190000	77.820000	87.000000	72.990000	70.830000	70.080000	78.000000	78.000000	79.650000	98.000000	123.580000	108.470000	91.000000	80.050000	79.000000	79.920000	78.000000	85.490000	82.190000	78.000000	80.520000	91.050000	100.000000	90.000000	82.090000	69.900000	0.586000	0.000000	0.549000	0.000000	0.567000	0.000000	0.618000	0.000000	0.635000	0.000000	0.626000	0.000000	0.606000	0.004000	0.546000	0.080000	0.556000	0.154000	0.649000	0.208000	70.080000	34.541600	32.709000	14.820800	17.754300	50.451500	88.616200	147.028000	180.736000	171.316000	139.223000	125.463000	0.890501	0.465300	0.907822	0.506800	0.937951	0.548200	0.984159	0.596900	0.894325	0.787600	0.915441	0.070200	0.908281	0.030500	0.887707	0.000100	0.878404	0.000000	0.997028	0.000000	1.253700	0.000000	1.493630	0.000000	1.574020	0.000000	1.559150	0.000000	0.345906	4.715320	4.376340	0.256790	3.823980	6.269180	5.508250	1.073410	0.306215	0.000000	99.392100	0.000000	0.000000	548.327000	401.666000	16.991400	60.288500	39.268200	247.517000	0.000000	0.572239	1.412340	0.024894	0.142271	
    6	82.190000	79.990000	80.000000	77.050000	69.780000	72.000000	72.000000	91.360000	122.280000	110.470000	92.740000	83.050000	80.000000	79.920000	70.160000	71.900000	82.190000	81.000000	90.080000	105.010000	125.890000	105.010000	90.080000	79.260000	14.000000	15.080000	39.360000	19.600000	38.720000	38.200000	34.200000	17.800000	10.440000	86.560000	26.400000	48.160000	14.000000	22.760000	36.320000	37.680000	40.440000	45.520000	75.120000	30.000000	13.720000	10.000000	16.920000	24.440000	87.190000	84.990000	84.900000	77.050000	72.780000	75.990000	75.000000	91.700000	126.890000	110.320000	92.740000	80.050000	81.300000	79.920000	72.000000	74.590000	82.190000	81.000000	80.020000	96.050000	110.890000	97.680000	83.190000	77.820000	87.000000	72.990000	70.830000	70.080000	78.000000	78.000000	79.650000	98.000000	123.580000	108.470000	91.000000	80.050000	79.000000	79.920000	78.000000	85.490000	82.190000	78.000000	80.520000	91.050000	100.000000	90.000000	82.090000	69.900000	0.586000	0.000000	0.549000	0.000000	0.567000	0.000000	0.618000	0.000000	0.635000	0.000000	0.626000	0.000000	0.606000	0.004000	0.546000	0.080000	0.556000	0.154000	0.649000	0.208000	70.080000	33.912700	35.178700	24.935300	30.144700	60.094100	109.358000	153.972000	188.412000	188.465000	155.192000	143.922000	0.858517	0.755600	0.894788	0.879700	0.969391	0.638100	1.017530	0.592100	1.040230	0.431400	1.083990	0.288500	1.067470	0.100000	1.007060	0.000000	1.040380	0.000000	1.179920	0.000000	1.411530	0.000000	1.632950	0.000000	1.707740	0.000000	1.643340	0.000000	0.345906	4.235850	4.313480	0.223619	3.770980	6.499700	5.480170	1.026180	0.276309	0.000000	114.063000	0.000000	0.000000	956.174000	370.173000	17.919900	57.842200	37.776800	171.831000	0.000000	0.421745	1.351090	0.000000	0.492249	
    7	82.190000	79.990000	80.000000	77.050000	69.780000	72.000000	72.000000	91.360000	122.280000	110.470000	92.740000	83.050000	80.000000	79.920000	70.160000	71.900000	82.190000	81.000000	90.080000	105.010000	125.890000	105.010000	90.080000	79.260000	14.000000	15.080000	39.360000	19.600000	38.720000	38.200000	34.200000	17.800000	10.440000	86.560000	26.400000	48.160000	14.000000	22.760000	36.320000	37.680000	40.440000	45.520000	75.120000	30.000000	13.720000	10.000000	16.920000	24.440000	87.190000	84.990000	84.900000	77.050000	72.780000	75.990000	75.000000	91.700000	126.890000	110.320000	92.740000	80.050000	81.300000	79.920000	72.000000	74.590000	82.190000	81.000000	80.020000	96.050000	110.890000	97.680000	83.190000	77.820000	87.000000	72.990000	70.830000	70.080000	78.000000	78.000000	79.650000	98.000000	123.580000	108.470000	91.000000	80.050000	79.000000	79.920000	78.000000	85.490000	82.190000	78.000000	80.520000	91.050000	100.000000	90.000000	82.090000	69.900000	0.586000	0.000000	0.549000	0.000000	0.567000	0.000000	0.618000	0.000000	0.635000	0.000000	0.626000	0.000000	0.606000	0.004000	0.546000	0.080000	0.556000	0.154000	0.649000	0.208000	70.080000	47.411100	45.503800	29.448300	30.207900	55.767500	94.315900	143.148000	188.211000	174.359000	142.026000	121.914000	0.857750	0.432500	0.957182	0.591900	0.952630	0.838100	0.965289	0.474200	0.904684	0.325500	1.021480	0.118600	1.047340	0.146300	0.984139	0.000100	0.972310	0.000000	1.091520	0.000000	1.337420	0.000000	1.578150	0.000000	1.661500	0.000000	1.627560	0.000000	0.345906	4.499920	4.314580	0.350826	3.944070	6.432580	5.553190	0.989830	0.196196	0.000000	113.068000	0.000000	0.000000	902.588000	354.387000	18.150800	63.005200	37.680000	176.169000	0.201118	0.000000	1.303550	0.091504	0.572250	
    8	82.190000	79.990000	80.000000	77.050000	69.780000	72.000000	72.000000	91.360000	122.280000	110.470000	92.740000	83.050000	80.000000	79.920000	70.160000	71.900000	82.190000	81.000000	90.080000	105.010000	125.890000	105.010000	90.080000	79.260000	14.000000	15.080000	39.360000	19.600000	38.720000	38.200000	34.200000	17.800000	10.440000	86.560000	26.400000	48.160000	14.000000	22.760000	36.320000	37.680000	40.440000	45.520000	75.120000	30.000000	13.720000	10.000000	16.920000	24.440000	87.190000	84.990000	84.900000	77.050000	72.780000	75.990000	75.000000	91.700000	126.890000	110.320000	92.740000	80.050000	81.300000	79.920000	72.000000	74.590000	82.190000	81.000000	80.020000	96.050000	110.890000	97.680000	83.190000	77.820000	87.000000	72.990000	70.830000	70.080000	78.000000	78.000000	79.650000	98.000000	123.580000	108.470000	91.000000	80.050000	79.000000	79.920000	78.000000	85.490000	82.190000	78.000000	80.520000	91.050000	100.000000	90.000000	82.090000	69.900000	0.586000	0.000000	0.549000	0.000000	0.567000	0.000000	0.618000	0.000000	0.635000	0.000000	0.626000	0.000000	0.606000	0.004000	0.546000	0.080000	0.556000	0.154000	0.649000	0.208000	70.080000	27.076800	26.892600	17.391200	17.681900	39.754400	96.700600	145.097000	180.702000	190.844000	154.832000	133.071000	0.923627	0.758400	0.949793	0.606300	0.901592	0.529200	1.030900	0.740000	0.933029	0.402000	0.951425	0.067400	0.949649	0.082300	0.921472	0.000000	0.935412	0.000000	1.067920	0.000000	1.330450	0.000000	1.602260	0.000000	1.743450	0.000000	1.726030	0.000000	0.345906	4.892500	4.884610	0.283251	3.021860	5.990510	5.605270	1.352210	0.000000	0.000000	106.065000	0.682830	0.000000	933.799000	371.619000	22.493800	59.908000	29.988400	158.998000	0.000000	0.087696	1.509270	0.000000	0.310751	
    9	82.190000	79.990000	80.000000	77.050000	69.780000	72.000000	72.000000	91.360000	122.280000	110.470000	92.740000	83.050000	80.000000	79.920000	70.160000	71.900000	82.190000	81.000000	90.080000	105.010000	125.890000	105.010000	90.080000	79.260000	14.000000	15.080000	39.360000	19.600000	38.720000	38.200000	34.200000	17.800000	10.440000	86.560000	26.400000	48.160000	14.000000	22.760000	36.320000	37.680000	40.440000	45.520000	75.120000	30.000000	13.720000	10.000000	16.920000	24.440000	87.190000	84.990000	84.900000	77.050000	72.780000	75.990000	75.000000	91.700000	126.890000	110.320000	92.740000	80.050000	81.300000	79.920000	72.000000	74.590000	82.190000	81.000000	80.020000	96.050000	110.890000	97.680000	83.190000	77.820000	87.000000	72.990000	70.830000	70.080000	78.000000	78.000000	79.650000	98.000000	123.580000	108.470000	91.000000	80.050000	79.000000	79.920000	78.000000	85.490000	82.190000	78.000000	80.520000	91.050000	100.000000	90.000000	82.090000	69.900000	0.586000	0.000000	0.549000	0.000000	0.567000	0.000000	0.618000	0.000000	0.635000	0.000000	0.626000	0.000000	0.606000	0.004000	0.546000	0.080000	0.556000	0.154000	0.649000	0.208000	70.080000	32.139200	30.876600	26.480300	28.854400	48.449900	107.736000	143.400000	182.754000	181.829000	149.911000	135.000000	0.985322	0.073200	1.018980	0.178400	1.060440	1.517100	1.075570	0.251100	1.096000	1.146900	1.136320	0.174600	1.179570	0.036400	1.144520	0.000000	1.147600	0.000000	1.263260	0.000000	1.495490	0.000000	1.712510	0.000000	1.799930	0.000000	1.739260	0.000000	0.345906	4.271480	4.113620	0.048626	3.959990	7.132380	5.210910	0.883361	0.348116	0.000000	126.531000	0.000000	0.000000	1008.760000	367.518000	19.985800	58.670700	38.071900	183.719000	0.000000	0.292714	1.328570	0.000000	0.345321	
   10	82.190000	79.990000	80.000000	77.050000	69.780000	72.000000	72.000000	91.360000	122.280000	110.470000	92.740000	83.050000	80.000000	79.920000	70.160000	71.900000	82.190000	81.000000	90.080000	105.010000	125.890000	105.010000	90.080000	79.260000	14.000000	15.080000	39.360000	19.600000	38.720000	38.200000	34.200000	17.800000	10.440000	86.560000	26.400000	48.160000	14.000000	22.760000	36.320000	37.680000	40.440000	45.520000	75.120000	30.000000	13.720000	10.000000	16.920000	24.440000	87.190000	84.990000	84.900000	77.050000	72.780000	75.990000	75.000000	91.700000	126.890000	110.320000	92.740000	80.050000	81.300000	79.920000	72.000000	74.590000	82.190000	81.000000	80.020000	96.050000	110.890000	97.680000	83.190000	77.820000	87.000000	72.990000	70.830000	70.080000	78.000000	78.000000	79.650000	98.000000	123.580000	108.470000	91.000000	80.050000	79.000000	79.920000	78.000000	85.490000	82.190000	78.000000	80.520000	91.050000	100.000000	90.000000	82.090000	69.900000	0.586000	0.000000	0.549000	0.000000	0.567000	0.000000	0.618000	0.000000	0.635000	0.000000	0.626000	0.000000	0.606000	0.004000	0.546000	0.080000	0.556000	0.154000	0.649000	0.208000	70.080000	46.212800	45.802100	33.959300	34.483100	63.454600	96.146700	147.150000	175.972000	189.968000	143.719000	134.492000	0.842698	0.707600	0.935027	0.262700	0.983127	0.623200	1.035760	1.173400	0.977914	0.401400	1.049270	0.232200	0.895539	0.118800	0.935636	0.000000	0.953760	0.000000	1.093380	0.000000	1.348080	0.000000	1.576380	0.000000	1.646700	0.000000	1.596870	0.000000	0.345906	4.485520	4.380250	0.381955	4.021560	6.479680	5.492020	1.018480	0.461052	0.000000	110.808000	0.288779	0.000000	1123.360000	359.816000	17.128400	55.006600	37.854300	184.169000	0.000000	0.432452	1.379910	0.000000	0.479987	
   11	82.190000	79.990000	80.000000	77.050000	69.780000	72.000000	72.000000	91.360000	122.280000	110.470000	92.740000	83.050000	80.000000	79.920000	70.160000	71.900000	82.190000	81.000000	90.080000	105.010000	125.890000	105.010000	90.080000	79.260000	14.000000	15.080000	39.360000	19.600000	38.720000	38.200000	34.200000	17.800000	10.440000	86.560000	26.400000	48.160000	14.000000	22.760000	36.320000	37.680000	40.440000	45.520000	75.120000	30.000000	13.720000	10.000000	16.920000	24.440000	87.190000	84.990000	84.900000	77.050000	72.780000	75.990000	75.000000	91.700000	126.890000	110.320000	92.740000	80.050000	81.300000	79.920000	72.000000	74.590000	82.190000	81.000000	80.020000	96.050000	110.890000	97.680000	83.190000	77.820000	87.000000	72.990000	70.830000	70.080000	78.000000	78.000000	79.650000	98.000000	123.580000	108.470000	91.000000	80.050000	79.000000	79.920000	78.000000	85.490000	82.190000	78.000000	80.520000	91.050000	100.000000	90.000000	82.090000	69.900000	0.586000	0.000000	0.549000	0.000000	0.567000	0.000000	0.618000	0.000000	0.635000	0.000000	0.626000	0.000000	0.606000	0.004000	0.546000	0.080000	0.556000	0.154000	0.649000	0.208000	70.080000	46.212800	45.802100	33.959300	34.483100	63.454600	96.146700	147.150000	175.972000	189.968000	143.719000	134.492000	0.842698	0.707600	0.935027	0.262700	0.983127	0.623200	1.035760	1.173400	0.977914	0.401400	1.049270	0.232200	0.895539	0.118800	0.935636	0.000000	0.953760	0.000000	1.093380	0.000000	1.348080	0.000000	1.576380	0.000000	1.646700	0.000000	1.596870	0.000000	0.345906	4.485520	4.380250	0.381955	4.021560	6.479680	5.492020	1.018480	0.461052	0.000000	110.808000	0.288779	0.000000	1123.360000	359.816000	17.128400	55.006600	37.854300	184.169000	0.000000	0.432452	1.379910	0.000000	0.479987	
   12	82.190000	79.990000	80.000000	77.050000	69.780000	72.000000	72.000000	91.360000	122.280000	110.470000	92.740000	83.050000	80.000000	79.920000	70.160000	71.900000	82.190000	81.000000	90.080000	105.010000	125.890000	105.010000	90.080000	79.260000	14.000000	15.080000	39.360000	19.600000	38.720000	38.200000	34.200000	17.800000	10.440000	86.560000	26.400000	48.160000	14.000000	22.760000	36.320000	37.680000	40.440000	45.520000	75.120000	30.000000	13.720000	10.000000	16.920000	24.440000	87.190000	84.990000	84.900000	77.050000	72.780000	75.990000	75.000000	91.700000	126.890000	110.320000	92.740000	80.050000	81.300000	79.920000	72.000000	74.590000	82.190000	81.000000	80.020000	96.050000	110.890000	97.680000	83.190000	77.820000	87.000000	72.990000	70.830000	70.080000	78.000000	78.000000	79.650000	98.000000	123.580000	108.470000	91.000000	80.050000	79.000000	79.920000	78.000000	85.490000	82.190000	78.000000	80.520000	91.050000	100.000000	90.000000	82.090000	69.900000	0.586000	0.000000	0.549000	0.000000	0.567000	0.000000	0.618000	0.000000	0.635000	0.000000	0.626000	0.000000	0.606000	0.004000	0.546000	0.080000	0.556000	0.154000	0.649000	0.208000	70.080000	38.972200	42.833100	34.147100	27.074700	49.374200	101.507000	144.762000	188.811000	181.070000	145.062000	129.623000	0.878149	1.123000	0.922213	0.716500	0.968897	0.072900	0.992416	0.257300	1.011100	0.411900	1.021570	0.243300	1.018470	0.019800	1.007060	0.000000	1.040380	0.000000	1.156160	0.000000	1.385020	0.000000	1.604890	0.000000	1.677150	0.000000	1.620880	0.000000	0.345906	4.485520	4.380250	0.381955	4.021560	6.479680	5.492020	1.018480	0.291024	0.000000	150.210000	0.000000	0.000000	1025.910000	380.226000	14.800500	58.095300	37.587200	185.607000	0.000000	0.510334	1.473130	0.051222	0.700124	
   13	82.190000	79.990000	80.000000	77.050000	69.780000	72.000000	72.000000	91.360000	122.280000	110.470000	92.740000	83.050000	80.000000	79.920000	70.160000	71.900000	82.190000	81.000000	90.080000	105.010000	125.890000	105.010000	90.080000	79.260000	14.000000	15.080000	39.360000	19.600000	38.720000	38.200000	34.200000	17.800000	10.440000	86.560000	26.400000	48.160000	14.000000	22.760000	36.320000	37.680000	40.440000	45.520000	75.120000	30.000000	13.720000	10.000000	16.920000	24.440000	87.190000	84.990000	84.900000	77.050000	72.780000	75.990000	75.000000	91.700000	126.890000	110.320000	92.740000	80.050000	81.300000	79.920000	72.000000	74.590000	82.190000	81.000000	80.020000	96.050000	110.890000	97.680000	83.190000	77.820000	87.000000	72.990000	70.830000	70.080000	78.000000	78.000000	79.650000	98.000000	123.580000	108.470000	91.000000	80.050000	79.000000	79.920000	78.000000	85.490000	82.190000	78.000000	80.520000	91.050000	100.000000	90.000000	82.090000	69.900000	0.586000	0.000000	0.549000	0.000000	0.567000	0.000000	0.618000	0.000000	0.635000	0.000000	0.626000	0.000000	0.606000	0.004000	0.546000	0.080000	0.556000	0.154000	0.649000	0.208000	70.080000	35.895300	40.175400	27.577900	26.231900	54.033300	99.295500	117.136000	186.359000	183.756000	148.044000	148.275000	0.909859	0.454000	0.861323	0.544200	0.881586	0.952300	0.872400	0.448000	0.869701	0.179200	1.061140	0.309100	1.076170	0.060300	1.036730	0.000100	1.008210	0.000000	1.127910	0.000000	1.304450	0.000000	1.509500	0.000000	1.596520	0.000000	1.559370	0.000000	0.345906	4.690190	4.303900	1.461160	5.514750	6.555220	5.366120	0.914672	0.531467	0.000000	108.054000	4.603150	0.000000	1036.430000	341.815000	21.761600	53.797000	38.233900	200.792000	0.000000	0.418599	1.239190	0.046028	0.402158	
   14	82.190000	79.990000	80.000000	77.050000	69.780000	72.000000	72.000000	91.360000	122.280000	110.470000	92.740000	83.050000	80.000000	79.920000	70.160000	71.900000	82.190000	81.000000	90.080000	105.010000	125.890000	105.010000	90.080000	79.260000	14.000000	15.080000	39.360000	19.600000	38.720000	38.200000	34.200000	17.800000	10.440000	86.560000	26.400000	48.160000	14.000000	22.760000	36.320000	37.680000	40.440000	45.520000	75.120000	30.000000	13.720000	10.000000	16.920000	24.440000	87.190000	84.990000	84.900000	77.050000	72.780000	75.990000	75.000000	91.700000	126.890000	110.320000	92.740000	80.050000	81.300000	79.920000	72.000000	74.590000	82.190000	81.000000	80.020000	96.050000	110.890000	97.680000	83.190000	77.820000	87.000000	72.990000	70.830000	70.080000	78.000000	78.000000	79.650000	98.000000	123.580000	108.470000	91.000000	80.050000	79.000000	79.920000	78.000000	85.490000	82.190000	78.000000	80.520000	91.050000	100.000000	90.000000	82.090000	69.900000	0.586000	0.000000	0.549000	0.000000	0.567000	0.000000	0.618000	0.000000	0.635000	0.000000	0.626000	0.000000	0.606000	0.004000	0.546000	0.080000	0.556000	0.154000	0.649000	0.208000	70.080000	41.682500	39.050700	28.845900	26.647400	52.222300	103.408000	130.460000	185.707000	197.013000	148.140000	125.463000	0.897163	1.005900	0.869459	0.866700	0.905807	0.212800	0.971644	0.462300	1.081020	0.802600	0.893273	0.195500	0.986617	0.019400	0.952532	0.000100	0.983886	0.000000	1.119100	0.000000	1.361830	0.000000	1.587950	0.000000	1.656390	0.000000	1.601650	0.000000	0.345906	4.552740	4.296640	0.180444	3.602200	6.259760	5.420490	1.064550	0.308973	0.000000	108.837000	0.000000	0.000000	996.189000	369.587000	19.838000	59.563200	38.120800	177.769000	0.000000	0.347511	1.474660	0.000000	0.411290	
   15	82.190000	79.990000	80.000000	77.050000	69.780000	72.000000	72.000000	91.360000	122.280000	110.470000	92.740000	83.050000	80.000000	79.920000	70.160000	71.900000	82.190000	81.000000	90.080000	105.010000	125.890000	105.010000	90.080000	79.260000	14.000000	15.080000	39.360000	19.600000	38.720000	38.200000	34.200000	17.800000	10.440000	86.560000	26.400000	48.160000	14.000000	22.760000	36.320000	37.680000	40.440000	45.520000	75.120000	30.000000	13.720000	10.000000	16.920000	24.440000	87.190000	84.990000	84.900000	77.050000	72.780000	75.990000	75.000000	91.700000	126.890000	110.320000	92.740000	80.050000	81.300000	79.920000	72.000000	74.590000	82.190000	81.000000	80.020000	96.050000	110.890000	97.680000	83.190000	77.820000	87.000000	72.990000	70.830000	70.080000	78.000000	78.000000	79.650000	98.000000	123.580000	108.470000	91.000000	80.050000	79.000000	79.920000	78.000000	85.490000	82.190000	78.000000	80.520000	91.050000	100.000000	90.000000	82.090000	69.900000	0.586000	0.000000	0.549000	0.000000	0.567000	0.000000	0.618000	0.000000	0.635000	0.000000	0.626000	0.000000	0.606000	0.004000	0.546000	0.080000	0.556000	0.154000	0.649000	0.208000	70.080000	27.076800	26.892600	17.391200	17.681900	39.754400	96.700600	145.097000	180.702000	190.844000	154.832000	133.071000	0.923627	0.758400	0.949793	0.606300	0.901592	0.529200	1.030900	0.740000	0.936141	0.236600	1.004360	0.088400	1.083030	0.023600	1.053230	0.000000	1.096710	0.000000	1.282910	0.000000	1.521780	0.000000	1.720270	0.000000	1.808290	0.000000	1.771560	0.000000	0.345906	4.107140	3.897150	0.289180	3.901960	5.132550	5.364010	0.663728	0.098348	0.784683	91.032500	0.000000	0.000000	706.196000	340.447000	13.089200	51.720800	38.669000	25.319100	0.943517	0.467675	1.370200	0.086931	0.473950	
   16	82.190000	79.990000	80.000000	77.050000	69.780000	72.000000	72.000000	91.360000	122.280000	110.470000	92.740000	83.050000	80.000000	79.920000	70.160000	71.900000	82.190000	81.000000	90.080000	105.010000	125.890000	105.010000	90.080000	79.260000	14.000000	15.080000	39.360000	19.600000	38.720000	38.200000	34.200000	17.800000	10.440000	86.560000	26.400000	48.160000	14.000000	22.760000	36.320000	37.680000	40.440000	45.520000	75.120000	30.000000	13.720000	10.000000	16.920000	24.440000	87.190000	84.990000	84.900000	77.050000	72.780000	75.990000	75.000000	91.700000	126.890000	110.320000	92.740000	80.050000	81.300000	79.920000	72.000000	74.590000	82.190000	81.000000	80.020000	96.050000	110.890000	97.680000	83.190000	77.820000	87.000000	72.990000	70.830000	70.080000	78.000000	78.000000	79.650000	98.000000	123.580000	108.470000	91.000000	80.050000	79.000000	79.920000	78.000000	85.490000	82.190000	78.000000	80.520000	91.050000	100.000000	90.000000	82.090000	69.900000	0.586000	0.000000	0.549000	0.000000	0.567000	0.000000	0.618000	0.000000	0.635000	0.000000	0.626000	0.000000	0.606000	0.004000	0.546000	0.080000	0.556000	0.154000	0.649000	0.208000	70.080000	47.411100	45.503800	29.448300	30.207900	55.767500	94.315900	143.148000	188.211000	174.359000	142.026000	121.914000	0.857750	0.432500	0.957182	0.591900	0.952630	0.838100	0.965289	0.474200	0.904684	0.325500	1.021480	0.118600	1.047340	0.146300	0.984139	0.000100	0.972310	0.000000	1.091520	0.000000	1.337420	0.000000	1.578150	0.000000	1.661500	0.000000	1.627560	0.000000	0.345906	4.499920	4.314580	0.350826	3.944070	6.432580	5.553190	0.989830	0.196196	0.000000	113.068000	0.000000	0.000000	902.588000	354.387000	18.150800	63.005200	37.680000	176.169000	0.201118	0.000000	1.303550	0.091504	0.572250	
   17	82.190000	79.990000	80.000000	77.050000	69.780000	72.000000	72.000000	91.360000	122.280000	110.470000	92.740000	83.050000	80.000000	79.920000	70.160000	71.900000	82.190000	81.000000	90.080000	105.010000	125.890000	105.010000	90.080000	79.260000	14.000000	15.080000	39.360000	19.600000	38.720000	38.200000	34.200000	17.800000	10.440000	86.560000	26.400000	48.160000	14.000000	22.760000	36.320000	37.680000	40.440000	45.520000	75.120000	30.000000	13.720000	10.000000	16.920000	24.440000	87.190000	84.990000	84.900000	77.050000	72.780000	75.990000	75.000000	91.700000	126.890000	110.320000	92.740000	80.050000	81.300000	79.920000	72.000000	74.590000	82.190000	81.000000	80.020000	96.050000	110.890000	97.680000	83.190000	77.820000	87.000000	72.990000	70.830000	70.080000	78.000000	78.000000	79.650000	98.000000	123.580000	108.470000	91.000000	80.050000	79.000000	79.920000	78.000000	85.490000	82.190000	78.000000	80.520000	91.050000	100.000000	90.000000	82.090000	69.900000	0.586000	0.000000	0.549000	0.000000	0.567000	0.000000	0.618000	0.000000	0.635000	0.000000	0.626000	0.000000	0.606000	0.004000	0.546000	0.080000	0.556000	0.154000	0.649000	0.208000	70.080000	34.541600	32.709000	14.820800	17.754300	50.451500	88.616200	147.028000	180.736000	171.316000	139.223000	125.463000	0.890501	0.465300	0.907822	0.506800	0.937951	0.548200	0.984159	0.596900	1.005400	0.534100	1.042830	0.254800	1.047130	0.197000	1.015930	0.000000	1.017450	0.000000	1.117650	0.000000	1.340010	0.000000	1.559330	0.000000	1.647300	0.000000	1.612150	0.000000	0.345906	4.036800	4.137940	0.000000	2.901690	6.435640	4.737900	0.889132	0.237938	0.000000	122.718000	4.784970	0.000000	634.749000	339.846000	12.902700	57.935100	37.588100	172.257000	0.000000	0.491607	1.216180	0.039806	0.395210	
   18	82.190000	79.990000	80.000000	77.050000	69.780000	72.000000	72.000000	91.360000	122.280000	110.470000	92.740000	83.050000	80.000000	79.920000	70.160000	71.900000	82.190000	81.000000	90.080000	105.010000	125.890000	105.010000	90.080000	79.260000	14.000000	15.080000	39.360000	19.600000	38.720000	38.200000	34.200000	17.800000	10.440000	86.560000	26.400000	48.160000	14.000000	22.760000	36.320000	37.680000	40.440000	45.520000	75.120000	30.000000	13.720000	10.000000	16.920000	24.440000	87.190000	84.990000	84.900000	77.050000	72.780000	75.990000	75.000000	91.700000	126.890000	110.320000	92.740000	80.050000	81.300000	79.920000	72.000000	74.590000	82.190000	81.000000	80.020000	96.050000	110.890000	97.680000	83.190000	77.820000	87.000000	72.990000	70.830000	70.080000	78.000000	78.000000	79.650000	98.000000	123.580000	108.470000	91.000000	80.050000	79.000000	79.920000	78.000000	85.490000	82.190000	78.000000	80.520000	91.050000	100.000000	90.000000	82.090000	69.900000	0.586000	0.000000	0.549000	0.000000	0.567000	0.000000	0.618000	0.000000	0.635000	0.000000	0.626000	0.000000	0.606000	0.004000	0.546000	0.080000	0.556000	0.154000	0.649000	0.208000	70.080000	47.411100	45.503800	29.448300	30.207900	63.454600	113.003000	139.909000	174.593000	177.583000	140.905000	128.256000	0.904261	0.532900	0.906835	0.461300	1.000940	1.005800	1.078810	0.569000	1.081020	0.597500	1.049270	0.201100	1.011630	0.100900	0.982241	0.000100	1.007180	0.000000	1.121380	0.000000	1.395000	0.000000	1.597550	0.000000	1.688720	0.000000	1.674050	0.000000	0.345906	4.404060	4.328990	0.416357	4.020470	6.345960	5.527440	0.999804	0.340546	0.000000	110.466000	0.000000	0.000000	902.588000	354.387000	18.150800	57.474400	37.845800	188.606000	0.000000	0.350203	1.274380	0.000000	0.564238	
   19	82.190000	79.990000	80.000000	77.050000	69.780000	72.000000	72.000000	91.360000	122.280000	110.470000	92.740000	83.050000	80.000000	79.920000	70.160000	71.900000	82.190000	81.000000	90.080000	105.010000	125.890000	105.010000	90.080000	79.260000	14.000000	15.080000	39.360000	19.600000	38.720000	38.200000	34.200000	17.800000	10.440000	86.560000	26.400000	48.160000	14.000000	22.760000	36.320000	37.680000	40.440000	45.520000	75.120000	30.000000	13.720000	10.000000	16.920000	24.440000	87.190000	84.990000	84.900000	77.050000	72.780000	75.990000	75.000000	91.700000	126.890000	110.320000	92.740000	80.050000	81.300000	79.920000	72.000000	74.590000	82.190000	81.000000	80.020000	96.050000	110.890000	97.680000	83.190000	77.820000	87.000000	72.990000	70.830000	70.080000	78.000000	78.000000	79.650000	98.000000	123.580000	108.470000	91.000000	80.050000	79.000000	79.920000	78.000000	85.490000	82.190000	78.000000	80.520000	91.050000	100.000000	90.000000	82.090000	69.900000	0.586000	0.000000	0.549000	0.000000	0.567000	0.000000	0.618000	0.000000	0.635000	0.000000	0.626000	0.000000	0.606000	0.004000	0.546000	0.080000	0.556000	0.154000	0.649000	0.208000	70.080000	27.076800	26.892600	17.391200	17.681900	39.754400	96.700600	145.097000	180.702000	190.844000	154.832000	133.071000	0.923627	0.758400	0.949793	0.606300	0.901592	0.529200	1.030900	0.740000	0.995036	0.578800	1.031300	0.122100	1.018830	0.754800	0.991858	0.000100	1.016720	0.000000	1.152260	0.000000	1.382800	0.000000	1.617980	0.000000	1.709240	0.000000	1.657810	0.000000	0.345906	4.516560	4.351850	0.185497	4.057970	6.764220	5.436120	1.069270	0.416199	0.000000	119.269000	0.000000	0.000000	1048.720000	311.981000	17.614600	58.870100	37.729800	183.632000	0.000000	0.251308	1.310030	0.001039	0.594758	
   20	82.190000	79.990000	80.000000	77.050000	69.780000	72.000000	72.000000	91.360000	122.280000	110.470000	92.740000	83.050000	80.000000	79.920000	70.160000	71.900000	82.190000	81.000000	90.080000	105.010000	125.890000	105.010000	90.080000	79.260000	14.000000	15.080000	39.360000	19.600000	38.720000	38.200000	34.200000	17.800000	10.440000	86.560000	26.400000	48.160000	14.000000	22.760000	36.320000	37.680000	40.440000	45.520000	75.120000	30.000000	13.720000	10.000000	16.920000	24.440000	87.190000	84.990000	84.900000	77.050000	72.780000	75.990000	75.000000	91.700000	126.890000	110.320000	92.740000	80.050000	81.300000	79.920000	72.000000	74.590000	82.190000	81.000000	80.020000	96.050000	110.890000	97.680000	83.190000	77.820000	87.000000	72.990000	70.830000	70.080000	78.000000	78.000000	79.650000	98.000000	123.580000	108.470000	91.000000	80.050000	79.000000	79.920000	78.000000	85.490000	82.190000	78.000000	80.520000	91.050000	100.000000	90.000000	82.090000	69.900000	0.586000	0.000000	0.549000	0.000000	0.567000	0.000000	0.618000	0.000000	0.635000	0.000000	0.626000	0.000000	0.606000	0.004000	0.546000	0.080000	0.556000	0.154000	0.649000	0.208000	70.080000	44.714900	41.187500	33.996700	31.300400	43.258500	111.192000	124.841000	185.250000	180.810000	145.876000	129.483000	0.899267	0.662500	1.005330	0.329500	1.058370	0.548600	0.974969	0.330900	1.003400	0.341600	1.042860	0.276500	1.049350	0.149700	0.962495	0.000000	1.016470	0.000000	1.143380	0.000000	1.386820	0.000000	1.622100	0.000000	1.711440	0.000000	1.650240	0.000000	0.345906	4.109540	3.897150	0.223619	3.770980	6.499700	5.480170	1.026180	0.276309	0.000000	114.063000	0.000000	0.000000	956.174000	370.173000	17.919900	57.842200	37.776800	171.831000	0.000000	0.421745	1.351090	0.000000	0.492249	
   21	82.190000	79.990000	80.000000	77.050000	69.780000	72.000000	72.000000	91.360000	122.280000	110.470000	92.740000	83.050000	80.000000	79.920000	70.160000	71.900000	82.190000	81.000000	90.080000	105.010000	125.890000	105.010000	90.080000	79.260000	14.000000	15.080000	39.360000	19.600000	38.720000	38.200000	34.200000	17.800000	10.440000	86.560000	26.400000	48.160000	14.000000	22.760000	36.320000	37.680000	40.440000	45.520000	75.120000	30.000000	13.720000	10.000000	16.920000	24.440000	87.190000	84.990000	84.900000	77.050000	72.780000	75.990000	75.000000	91.700000	126.890000	110.320000	92.740000	80.050000	81.300000	79.920000	72.000000	74.590000	82.190000	81.000000	80.020000	96.050000	110.890000	97.680000	83.190000	77.820000	87.000000	72.990000	70.830000	70.080000	78.000000	78.000000	79.650000	98.000000	123.580000	108.470000	91.000000	80.050000	79.000000	79.920000	78.000000	85.490000	82.190000	78.000000	80.520000	91.050000	100.000000	90.000000	82.090000	69.900000	0.586000	0.000000	0.549000	0.000000	0.567000	0.000000	0.618000	0.000000	0.635000	0.000000	0.626000	0.000000	0.606000	0.004000	0.546000	0.080000	0.556000	0.154000	0.649000	0.208000	70.080000	47.411100	45.503800	29.448300	30.207900	63.454600	113.003000	139.909000	174.593000	177.583000	140.905000	128.256000	0.904261	0.532900	0.906835	0.461300	1.000940	1.005800	1.078810	0.569000	1.081020	0.597500	1.049270	0.201100	1.011630	0.100900	0.982241	0.000100	1.007180	0.000000	1.121380	0.000000	1.395000	0.000000	1.597550	0.000000	1.688720	0.000000	1.674050	0.000000	0.345906	4.404060	4.328990	0.416357	4.020470	6.345960	5.527440	0.999804	0.340546	0.000000	110.466000	0.000000	0.000000	902.588000	354.387000	18.150800	57.474400	37.845800	188.606000	0.000000	0.350203	1.274380	0.000000	0.564238	
   22	82.190000	79.990000	80.000000	77.050000	69.780000	72.000000	72.000000	91.360000	122.280000	110.470000	92.740000	83.050000	80.000000	79.920000	70.160000	71.900000	82.190000	81.000000	90.080000	105.010000	125.890000	105.010000	90.080000	79.260000	14.000000	15.080000	39.360000	19.600000	38.720000	38.200000	34.200000	17.800000	10.440000	86.560000	26.400000	48.160000	14.000000	22.760000	36.320000	37.680000	40.440000	45.520000	75.120000	30.000000	13.720000	10.000000	16.920000	24.440000	87.190000	84.990000	84.900000	77.050000	72.780000	75.990000	75.000000	91.700000	126.890000	110.320000	92.740000	80.050000	81.300000	79.920000	72.000000	74.590000	82.190000	81.000000	80.020000	96.050000	110.890000	97.680000	83.190000	77.820000	87.000000	72.990000	70.830000	70.080000	78.000000	78.000000	79.650000	98.000000	123.580000	108.470000	91.000000	80.050000	79.000000	79.920000	78.000000	85.490000	82.190000	78.000000	80.520000	91.050000	100.000000	90.000000	82.090000	69.900000	0.586000	0.000000	0.549000	0.000000	0.567000	0.000000	0.618000	0.000000	0.635000	0.000000	0.626000	0.000000	0.606000	0.004000	0.546000	0.080000	0.556000	0.154000	0.649000	0.208000	70.080000	37.946400	33.349800	20.709500	18.007900	53.735200	94.831600	141.397000	186.881000	180.655000	145.751000	131.810000	0.857980	0.406700	0.885286	0.528100	0.937449	0.811300	0.981038	1.073800	1.087660	0.371400	1.153990	0.294900	1.094570	0.047100	1.027740	0.000100	1.056180	0.000000	1.180150	0.000000	1.431510	0.000000	1.623270	0.000000	1.721710	0.000000	1.637960	0.000000	0.345906	4.448620	4.286250	0.711136	3.943530	5.795280	5.455180	0.957234	0.266653	0.000000	88.282500	1.533350	0.000000	1090.970000	324.307000	17.614200	61.307400	37.737400	170.527000	0.000000	0.000000	1.401500	0.012976	0.679746	
   23	82.190000	79.990000	80.000000	77.050000	69.780000	72.000000	72.000000	91.360000	122.280000	110.470000	92.740000	83.050000	80.000000	79.920000	70.160000	71.900000	82.190000	81.000000	90.080000	105.010000	125.890000	105.010000	90.080000	79.260000	14.000000	15.080000	39.360000	19.600000	38.720000	38.200000	34.200000	17.800000	10.440000	86.560000	26.400000	48.160000	14.000000	22.760000	36.320000	37.680000	40.440000	45.520000	75.120000	30.000000	13.720000	10.000000	16.920000	24.440000	87.190000	84.990000	84.900000	77.050000	72.780000	75.990000	75.000000	91.700000	126.890000	110.320000	92.740000	80.050000	81.300000	79.920000	72.000000	74.590000	82.190000	81.000000	80.020000	96.050000	110.890000	97.680000	83.190000	77.820000	87.000000	72.990000	70.830000	70.080000	78.000000	78.000000	79.650000	98.000000	123.580000	108.470000	91.000000	80.050000	79.000000	79.920000	78.000000	85.490000	82.190000	78.000000	80.520000	91.050000	100.000000	90.000000	82.090000	69.900000	0.586000	0.000000	0.549000	0.000000	0.567000	0.000000	0.618000	0.000000	0.635000	0.000000	0.626000	0.000000	0.606000	0.004000	0.546000	0.080000	0.556000	0.154000	0.649000	0.208000	70.080000	28.996500	25.325100	21.814900	22.226400	53.127100	94.863800	121.208000	179.579000	180.718000	147.202000	129.909000	0.878167	0.404400	1.090770	0.750800	0.922525	0.736000	0.920943	0.754600	1.154950	0.381100	1.259350	0.291300	1.244860	0.043000	1.174800	0.000000	1.157760	0.000000	1.248810	0.000000	1.470750	0.000000	1.741470	0.000000	1.876730	0.000000	1.853000	0.000000	0.345906	3.878940	3.712840	0.405066	4.243110	6.190660	4.992420	0.849060	0.268025	0.000000	111.858000	0.000000	0.000000	1141.250000	357.844000	11.170700	50.688200	35.630000	217.586000	0.000000	0.391126	1.049600	0.286010	0.744318	
   24	82.190000	79.990000	80.000000	77.050000	69.780000	72.000000	72.000000	91.360000	122.280000	110.470000	92.740000	83.050000	80.000000	79.920000	70.160000	71.900000	82.190000	81.000000	90.080000	105.010000	125.890000	105.010000	90.080000	79.260000	14.000000	15.080000	39.360000	19.600000	38.720000	38.200000	34.200000	17.800000	10.440000	86.560000	26.400000	48.160000	14.000000	22.760000	36.320000	37.680000	40.440000	45.520000	75.120000	30.000000	13.720000	10.000000	16.920000	24.440000	87.190000	84.990000	84.900000	77.050000	72.780000	75.990000	75.000000	91.700000	126.890000	110.320000	92.740000	80.050000	81.300000	79.920000	72.000000	74.590000	82.190000	81.000000	80.020000	96.050000	110.890000	97.680000	83.190000	77.820000	87.000000	72.990000	70.830000	70.080000	78.000000	78.000000	79.650000	98.000000	123.580000	108.470000	91.000000	80.050000	79.000000	79.920000	78.000000	85.490000	82.190000	78.000000	80.520000	91.050000	100.000000	90.000000	82.090000	69.900000	0.586000	0.000000	0.549000	0.000000	0.567000	0.000000	0.618000	0.000000	0.635000	0.000000	0.626000	0.000000	0.606000	0.004000	0.546000	0.080000	0.556000	0.154000	0.649000	0.208000	70.080000	47.411100	45.503800	29.448300	30.207900	63.454600	113.003000	139.909000	174.593000	177.583000	140.905000	128.256000	0.904261	0.532900	0.906835	0.461300	1.000940	1.005800	1.078810	0.569000	1.081020	0.597500	1.049270	0.201100	1.011630	0.100900	0.982241	0.000100	1.007180	0.000000	1.121380	0.000000	1.395000	0.000000	1.597550	0.000000	1.688720	0.000000	1.674050	0.000000	0.345906	4.404060	4.328990	0.416357	4.020470	6.345960	5.527440	0.999804	0.340546	0.000000	110.466000	0.000000	0.000000	902.588000	354.387000	18.150800	57.474400	37.845800	188.606000	0.000000	0.350203	1.274380	0.000000	0.564238	
   25	82.190000	79.990000	80.000000	77.050000	69.780000	72.000000	72.000000	91.360000	122.280000	110.470000	92.740000	83.050000	80.000000	79.920000	70.160000	71.900000	82.190000	81.000000	90.080000	105.010000	125.890000	105.010000	90.080000	79.260000	14.000000	15.080000	39.360000	19.600000	38.720000	38.200000	34.200000	17.800000	10.440000	86.560000	26.400000	48.160000	14.000000	22.760000	36.320000	37.680000	40.440000	45.520000	75.120000	30.000000	13.720000	10.000000	16.920000	24.440000	87.190000	84.990000	84.900000	77.050000	72.780000	75.990000	75.000000	91.700000	126.890000	110.320000	92.740000	80.050000	81.300000	79.920000	72.000000	74.590000	82.190000	81.000000	80.020000	96.050000	110.890000	97.680000	83.190000	77.820000	87.000000	72.990000	70.830000	70.080000	78.000000	78.000000	79.650000	98.000000	123.580000	108.470000	91.000000	80.050000	79.000000	79.920000	78.000000	85.490000	82.190000	78.000000	80.520000	91.050000	100.000000	90.000000	82.090000	69.900000	0.586000	0.000000	0.549000	0.000000	0.567000	0.000000	0.618000	0.000000	0.635000	0.000000	0.626000	0.000000	0.606000	0.004000	0.546000	0.080000	0.556000	0.154000	0.649000	0.208000	70.080000	27.076800	26.892600	17.391200	17.681900	39.754400	96.700600	145.097000	180.702000	190.844000	154.832000	133.071000	0.923627	0.758400	0.949793	0.606300	0.901592	0.529200	1.030900	0.740000	0.995036	0.578800	1.027620	1.317400	1.013960	0.202400	0.988544	0.000000	1.022560	0.000000	1.149930	0.000000	1.382180	0.000000	1.618050	0.000000	1.709840	0.000000	1.658090	0.000000	0.345906	4.785810	4.232960	0.331428	3.854320	6.465520	5.597740	1.001630	0.333376	0.000000	128.025000	0.000000	0.000000	912.591000	366.317000	15.963100	49.318500	36.016700	128.755000	0.000000	0.000000	1.477850	0.044931	0.752857	
   26	82.190000	79.990000	80.000000	77.050000	69.780000	72.000000	72.000000	91.360000	122.280000	110.470000	92.740000	83.050000	80.000000	79.920000	70.160000	71.900000	82.190000	81.000000	90.080000	105.010000	125.890000	105.010000	90.080000	79.260000	14.000000	15.080000	39.360000	19.600000	38.720000	38.200000	34.200000	17.800000	10.440000	86.560000	26.400000	48.160000	14.000000	22.760000	36.320000	37.680000	40.440000	45.520000	75.120000	30.000000	13.720000	10.000000	16.920000	24.440000	87.190000	84.990000	84.900000	77.050000	72.780000	75.990000	75.000000	91.700000	126.890000	110.320000	92.740000	80.050000	81.300000	79.920000	72.000000	74.590000	82.190000	81.000000	80.020000	96.050000	110.890000	97.680000	83.190000	77.820000	87.000000	72.990000	70.830000	70.080000	78.000000	78.000000	79.650000	98.000000	123.580000	108.470000	91.000000	80.050000	79.000000	79.920000	78.000000	85.490000	82.190000	78.000000	80.520000	91.050000	100.000000	90.000000	82.090000	69.900000	0.586000	0.000000	0.549000	0.000000	0.567000	0.000000	0.618000	0.000000	0.635000	0.000000	0.626000	0.000000	0.606000	0.004000	0.546000	0.080000	0.556000	0.154000	0.649000	0.208000	70.080000	46.212800	45.802100	33.959300	34.483100	63.454600	96.146700	147.150000	175.972000	189.968000	143.719000	134.492000	0.842698	0.707600	0.935027	0.262700	0.983127	0.623200	1.035760	1.173400	0.977914	0.401400	1.049270	0.232200	0.895539	0.118800	0.935636	0.000000	0.953760	0.000000	1.093380	0.000000	1.348080	0.000000	1.576380	0.000000	1.646700	0.000000	1.596870	0.000000	0.345906	4.485520	4.380250	0.381955	4.021560	6.479680	5.492020	1.018480	0.461052	0.000000	110.808000	0.288779	0.000000	1123.360000	359.816000	17.128400	55.006600	37.854300	184.169000	0.000000	0.432452	1.379910	0.000000	0.479987	
   27	82.190000	79.990000	80.000000	77.050000	69.780000	72.000000	72.000000	91.360000	122.280000	110.470000	92.740000	83.050000	80.000000	79.920000	70.160000	71.900000	82.190000	81.000000	90.080000	105.010000	125.890000	105.010000	90.080000	79.260000	14.000000	15.080000	39.360000	19.600000	38.720000	38.200000	34.200000	17.800000	10.440000	86.560000	26.400000	48.160000	14.000000	22.760000	36.320000	37.680000	40.440000	45.520000	75.120000	30.000000	13.720000	10.000000	16.920000	24.440000	87.190000	84.990000	84.900000	77.050000	72.780000	75.990000	75.000000	91.700000	126.890000	110.320000	92.740000	80.050000	81.300000	79.920000	72.000000	74.590000	82.190000	81.000000	80.020000	96.050000	110.890000	97.680000	83.190000	77.820000	87.000000	72.990000	70.830000	70.080000	78.000000	78.000000	79.650000	98.000000	123.580000	108.470000	91.000000	80.050000	79.000000	79.920000	78.000000	85.490000	82.190000	78.000000	80.520000	91.050000	100.000000	90.000000	82.090000	69.900000	0.586000	0.000000	0.549000	0.000000	0.567000	0.000000	0.618000	0.000000	0.635000	0.000000	0.626000	0.000000	0.606000	0.004000	0.546000	0.080000	0.556000	0.154000	0.649000	0.208000	70.080000	37.946400	33.349800	20.709500	18.007900	53.735200	94.831600	141.397000	186.881000	180.655000	145.751000	131.810000	0.857980	0.406700	0.885286	0.528100	0.937449	0.811300	0.981038	1.073800	1.087660	0.371400	1.153990	0.294900	1.094570	0.047100	1.027740	0.000100	1.056180	0.000000	1.180150	0.000000	1.431510	0.000000	1.623270	0.000000	1.721710	0.000000	1.637960	0.000000	0.345906	4.448620	4.286250	0.711136	3.943530	5.795280	5.455180	0.957234	0.266653	0.000000	88.282500	1.533350	0.000000	1090.970000	324.307000	17.614200	61.307400	37.737400	170.527000	0.000000	0.000000	1.401500	0.012976	0.679746	
   28	82.190000	79.990000	80.000000	77.050000	69.780000	72.000000	72.000000	91.360000	122.280000	110.470000	92.740000	83.050000	80.000000	79.920000	70.160000	71.900000	82.190000	81.000000	90.080000	105.010000	125.890000	105.010000	90.080000	79.260000	14.000000	15.080000	39.360000	19.600000	38.720000	38.200000	34.200000	17.800000	10.440000	86.560000	26.400000	48.160000	14.000000	22.760000	36.320000	37.680000	40.440000	45.520000	75.120000	30.000000	13.720000	10.000000	16.920000	24.440000	87.190000	84.990000	84.900000	77.050000	72.780000	75.990000	75.000000	91.700000	126.890000	110.320000	92.740000	80.050000	81.300000	79.920000	72.000000	74.590000	82.190000	81.000000	80.020000	96.050000	110.890000	97.680000	83.190000	77.820000	87.000000	72.990000	70.830000	70.080000	78.000000	78.000000	79.650000	98.000000	123.580000	108.470000	91.000000	80.050000	79.000000	79.920000	78.000000	85.490000	82.190000	78.000000	80.520000	91.050000	100.000000	90.000000	82.090000	69.900000	0.586000	0.000000	0.549000	0.000000	0.567000	0.000000	0.618000	0.000000	0.635000	0.000000	0.626000	0.000000	0.606000	0.004000	0.546000	0.080000	0.556000	0.154000	0.649000	0.208000	70.080000	37.946400	33.349800	20.709500	18.007900	53.735200	94.831600	141.397000	186.881000	180.655000	145.751000	131.810000	0.857980	0.406700	0.885286	0.528100	0.937449	0.811300	0.981038	1.073800	1.087660	0.371400	1.153990	0.294900	1.094570	0.047100	1.027740	0.000100	1.056180	0.000000	1.180150	0.000000	1.431510	0.000000	1.623270	0.000000	1.721710	0.000000	1.637960	0.000000	0.345906	4.448620	4.286250	0.711136	3.943530	5.795280	5.455180	0.957234	0.266653	0.000000	88.282500	1.533350	0.000000	1090.970000	324.307000	17.614200	61.307400	37.737400	170.527000	0.000000	0.000000	1.401500	0.012976	0.679746	
   29	82.190000	79.990000	80.000000	77.050000	69.780000	72.000000	72.000000	91.360000	122.280000	110.470000	92.740000	83.050000	80.000000	79.920000	70.160000	71.900000	82.190000	81.000000	90.080000	105.010000	125.890000	105.010000	90.080000	79.260000	14.000000	15.080000	39.360000	19.600000	38.720000	38.200000	34.200000	17.800000	10.440000	86.560000	26.400000	48.160000	14.000000	22.760000	36.320000	37.680000	40.440000	45.520000	75.120000	30.000000	13.720000	10.000000	16.920000	24.440000	87.190000	84.990000	84.900000	77.050000	72.780000	75.990000	75.000000	91.700000	126.890000	110.320000	92.740000	80.050000	81.300000	79.920000	72.000000	74.590000	82.190000	81.000000	80.020000	96.050000	110.890000	97.680000	83.190000	77.820000	87.000000	72.990000	70.830000	70.080000	78.000000	78.000000	79.650000	98.000000	123.580000	108.470000	91.000000	80.050000	79.000000	79.920000	78.000000	85.490000	82.190000	78.000000	80.520000	91.050000	100.000000	90.000000	82.090000	69.900000	0.586000	0.000000	0.549000	0.000000	0.567000	0.000000	0.618000	0.000000	0.635000	0.000000	0.626000	0.000000	0.606000	0.004000	0.546000	0.080000	0.556000	0.154000	0.649000	0.208000	70.080000	38.972200	42.833100	34.147100	27.074700	49.374200	101.507000	144.762000	188.811000	181.070000	145.062000	129.623000	0.878149	1.123000	0.922213	0.716500	0.968897	0.072900	0.992416	0.257300	1.011100	0.411900	1.021570	0.243300	1.018470	0.019800	1.007060	0.000000	1.040380	0.000000	1.156160	0.000000	1.385020	0.000000	1.604890	0.000000	1.677150	0.000000	1.620880	0.000000	0.345906	4.485520	4.380250	0.381955	4.021560	6.479680	5.492020	1.018480	0.291024	0.000000	150.210000	0.000000	0.000000	1025.910000	380.226000	14.800500	58.095300	37.587200	185.607000	0.000000	0.510334	1.473130	0.051222	0.700124	
   30	82.190000	79.990000	80.000000	77.050000	69.780000	72.000000	72.000000	91.360000	122.280000	110.470000	92.740000	83.050000	80.000000	79.920000	70.160000	71.900000	82.190000	81.000000	90.080000	105.010000	125.890000	105.010000	90.080000	79.260000	14.000000	15.080000	39.360000	19.600000	38.720000	38.200000	34.200000	17.800000	10.440000	86.560000	26.400000	48.160000	14.000000	22.760000	36.320000	37.680000	40.440000	45.520000	75.120000	30.000000	13.720000	10.000000	16.920000	24.440000	87.190000	84.990000	84.900000	77.050000	72.780000	75.990000	75.000000	91.700000	126.890000	110.320000	92.740000	80.050000	81.300000	79.920000	72.000000	74.590000	82.190000	81.000000	80.020000	96.050000	110.890000	97.680000	83.190000	77.820000	87.000000	72.990000	70.830000	70.080000	78.000000	78.000000	79.650000	98.000000	123.580000	108.470000	91.000000	80.050000	79.000000	79.920000	78.000000	85.490000	82.190000	78.000000	80.520000	91.050000	100.000000	90.000000	82.090000	69.900000	0.586000	0.000000	0.549000	0.000000	0.567000	0.000000	0.618000	0.000000	0.635000	0.000000	0.626000	0.000000	0.606000	0.004000	0.546000	0.080000	0.556000	0.154000	0.649000	0.208000	70.080000	47.411100	45.503800	29.448300	30.207900	63.454600	113.003000	139.909000	174.593000	177.583000	140.905000	128.256000	0.904261	0.532900	0.906835	0.461300	1.000940	1.005800	1.078810	0.569000	1.081020	0.597500	1.049270	0.201100	1.011630	0.100900	0.982241	0.000100	1.007180	0.000000	1.121380	0.000000	1.395000	0.000000	1.597550	0.000000	1.688720	0.000000	1.674050	0.000000	0.345906	4.404060	4.328990	0.416357	4.020470	6.345960	5.527440	0.999804	0.340546	0.000000	110.466000	0.000000	0.000000	902.588000	354.387000	18.150800	57.474400	37.845800	188.606000	0.000000	0.350203	1.274380	0.000000	0.564238	
   31	82.190000	79.990000	80.000000	77.050000	69.780000	72.000000	72.000000	91.360000	122.280000	110.470000	92.740000	83.050000	80.000000	79.920000	70.160000	71.900000	82.190000	81.000000	90.080000	105.010000	125.890000	105.010000	90.080000	79.260000	14.000000	15.080000	39.360000	19.600000	38.720000	38.200000	34.200000	17.800000	10.440000	86.560000	26.400000	48.160000	14.000000	22.760000	36.320000	37.680000	40.440000	45.520000	75.120000	30.000000	13.720000	10.000000	16.920000	24.440000	87.190000	84.990000	84.900000	77.050000	72.780000	75.990000	75.000000	91.700000	126.890000	110.320000	92.740000	80.050000	81.300000	79.920000	72.000000	74.590000	82.190000	81.000000	80.020000	96.050000	110.890000	97.680000	83.190000	77.820000	87.000000	72.990000	70.830000	70.080000	78.000000	78.000000	79.650000	98.000000	123.580000	108.470000	91.000000	80.050000	79.000000	79.920000	78.000000	85.490000	82.190000	78.000000	80.520000	91.050000	100.000000	90.000000	82.090000	69.900000	0.586000	0.000000	0.549000	0.000000	0.567000	0.000000	0.618000	0.000000	0.635000	0.000000	0.626000	0.000000	0.606000	0.004000	0.546000	0.080000	0.556000	0.154000	0.649000	0.208000	70.080000	34.499700	34.594800	19.262700	25.804900	45.623400	112.989000	152.631000	189.716000	171.606000	131.715000	132.510000	0.937619	0.673400	0.978442	0.358800	1.030950	0.575200	1.055230	0.144400	1.077570	0.077100	1.083660	0.238000	1.084800	0.111600	1.106050	0.000000	1.134190	0.000000	1.241670	0.000000	1.473370	0.000000	1.698220	0.000000	1.774600	0.000000	1.684820	0.000000	0.345906	4.566620	4.256310	0.296057	3.909630	6.494940	5.647780	0.962550	0.179665	8.018750	114.996000	0.346112	0.000000	1064.570000	400.985000	17.514200	63.926800	37.836200	204.845000	0.000000	0.466814	1.294390	0.000000	0.667068	
   32	82.190000	79.990000	80.000000	77.050000	69.780000	72.000000	72.000000	91.360000	122.280000	110.470000	92.740000	83.050000	80.000000	79.920000	70.160000	71.900000	82.190000	81.000000	90.080000	105.010000	125.890000	105.010000	90.080000	79.260000	14.000000	15.080000	39.360000	19.600000	38.720000	38.200000	34.200000	17.800000	10.440000	86.560000	26.400000	48.160000	14.000000	22.760000	36.320000	37.680000	40.440000	45.520000	75.120000	30.000000	13.720000	10.000000	16.920000	24.440000	87.190000	84.990000	84.900000	77.050000	72.780000	75.990000	75.000000	91.700000	126.890000	110.320000	92.740000	80.050000	81.300000	79.920000	72.000000	74.590000	82.190000	81.000000	80.020000	96.050000	110.890000	97.680000	83.190000	77.820000	87.000000	72.990000	70.830000	70.080000	78.000000	78.000000	79.650000	98.000000	123.580000	108.470000	91.000000	80.050000	79.000000	79.920000	78.000000	85.490000	82.190000	78.000000	80.520000	91.050000	100.000000	90.000000	82.090000	69.900000	0.586000	0.000000	0.549000	0.000000	0.567000	0.000000	0.618000	0.000000	0.635000	0.000000	0.626000	0.000000	0.606000	0.004000	0.546000	0.080000	0.556000	0.154000	0.649000	0.208000	70.080000	34.541600	32.709000	14.820800	17.754300	50.451500	88.616200	147.028000	180.736000	171.316000	139.223000	125.463000	0.890501	0.465300	0.907822	0.506800	0.937951	0.548200	0.955886	0.863200	0.957119	0.635600	1.021570	0.641500	1.018470	0.215200	1.007060	0.000000	1.040380	0.000000	1.156160	0.000000	1.385020	0.000000	1.604890	0.000000	1.677150	0.000000	1.620880	0.000000	0.345906	4.567670	4.812300	0.660025	9.323900	13.766900	4.924880	1.210920	0.000000	0.000000	0.000000	2.694650	0.000000	933.541000	380.280000	14.800500	58.095300	37.587200	185.607000	0.000000	0.510334	1.473130	0.051222	0.700124	
   33	82.190000	79.990000	80.000000	77.050000	69.780000	72.000000	72.000000	91.360000	122.280000	110.470000	92.740000	83.050000	80.000000	79.920000	70.160000	71.900000	82.190000	81.000000	90.080000	105.010000	125.890000	105.010000	90.080000	79.260000	14.000000	15.080000	39.360000	19.600000	38.720000	38.200000	34.200000	17.800000	10.440000	86.560000	26.400000	48.160000	14.000000	22.760000	36.320000	37.680000	40.440000	45.520000	75.120000	30.000000	13.720000	10.000000	16.920000	24.440000	87.190000	84.990000	84.900000	77.050000	72.780000	75.990000	75.000000	91.700000	126.890000	110.320000	92.740000	80.050000	81.300000	79.920000	72.000000	74.590000	82.190000	81.000000	80.020000	96.050000	110.890000	97.680000	83.190000	77.820000	87.000000	72.990000	70.830000	70.080000	78.000000	78.000000	79.650000	98.000000	123.580000	108.470000	91.000000	80.050000	79.000000	79.920000	78.000000	85.490000	82.190000	78.000000	80.520000	91.050000	100.000000	90.000000	82.090000	69.900000	0.586000	0.000000	0.549000	0.000000	0.567000	0.000000	0.618000	0.000000	0.635000	0.000000	0.626000	0.000000	0.606000	0.004000	0.546000	0.080000	0.556000	0.154000	0.649000	0.208000	70.080000	27.076800	26.892600	17.391200	17.681900	39.754400	96.700600	145.097000	180.702000	190.844000	154.832000	133.071000	0.923627	0.758400	0.949793	0.606300	0.901592	0.529200	1.030900	0.740000	1.084420	0.078800	1.370650	0.198600	1.356500	0.011300	1.307120	0.000000	1.286440	0.000000	1.368420	0.000000	1.547370	0.000000	1.697180	0.000000	1.816570	0.000000	1.557500	0.000000	0.345906	4.878210	4.720910	0.776805	5.983130	8.623510	5.910820	1.738160	0.000000	0.000000	165.264000	11.521900	0.000000	1070.530000	376.514000	12.579500	51.690400	33.050100	468.304000	3.904190	0.290866	1.380090	0.035399	0.670762	
   34	82.190000	79.990000	80.000000	77.050000	69.780000	72.000000	72.000000	91.360000	122.280000	110.470000	92.740000	83.050000	80.000000	79.920000	70.160000	71.900000	82.190000	81.000000	90.080000	105.010000	125.890000	105.010000	90.080000	79.260000	14.000000	15.080000	39.360000	19.600000	38.720000	38.200000	34.200000	17.800000	10.440000	86.560000	26.400000	48.160000	14.000000	22.760000	36.320000	37.680000	40.440000	45.520000	75.120000	30.000000	13.720000	10.000000	16.920000	24.440000	87.190000	84.990000	84.900000	77.050000	72.780000	75.990000	75.000000	91.700000	126.890000	110.320000	92.740000	80.050000	81.300000	79.920000	72.000000	74.590000	82.190000	81.000000	80.020000	96.050000	110.890000	97.680000	83.190000	77.820000	87.000000	72.990000	70.830000	70.080000	78.000000	78.000000	79.650000	98.000000	123.580000	108.470000	91.000000	80.050000	79.000000	79.920000	78.000000	85.490000	82.190000	78.000000	80.520000	91.050000	100.000000	90.000000	82.090000	69.900000	0.586000	0.000000	0.549000	0.000000	0.567000	0.000000	0.618000	0.000000	0.635000	0.000000	0.626000	0.000000	0.606000	0.004000	0.546000	0.080000	0.556000	0.154000	0.649000	0.208000	70.080000	28.996500	25.325100	21.814900	22.226400	53.127100	94.863800	121.208000	179.579000	180.718000	143.719000	134.492000	0.959921	0.099700	0.981356	0.232700	1.022360	1.640600	1.049930	1.451200	1.013480	2.120700	1.021480	0.388900	1.010280	0.536500	1.013040	0.000100	1.078520	0.000000	1.221610	0.000000	1.452460	0.000000	1.714110	0.000000	1.831030	0.000000	1.747440	0.000000	0.345906	3.765710	3.914390	0.000000	3.031990	6.039900	5.155080	0.808604	0.010720	0.000000	122.181000	0.000000	0.000000	913.989000	640.858000	38.409200	54.783700	37.796700	176.091000	0.000000	0.445772	1.422770	0.000000	0.473153	
   35	82.190000	79.990000	80.000000	77.050000	69.780000	72.000000	72.000000	91.360000	122.280000	110.470000	92.740000	83.050000	80.000000	79.920000	70.160000	71.900000	82.190000	81.000000	90.080000	105.010000	125.890000	105.010000	90.080000	79.260000	14.000000	15.080000	39.360000	19.600000	38.720000	38.200000	34.200000	17.800000	10.440000	86.560000	26.400000	48.160000	14.000000	22.760000	36.320000	37.680000	40.440000	45.520000	75.120000	30.000000	13.720000	10.000000	16.920000	24.440000	87.190000	84.990000	84.900000	77.050000	72.780000	75.990000	75.000000	91.700000	126.890000	110.320000	92.740000	80.050000	81.300000	79.920000	72.000000	74.590000	82.190000	81.000000	80.020000	96.050000	110.890000	97.680000	83.190000	77.820000	87.000000	72.990000	70.830000	70.080000	78.000000	78.000000	79.650000	98.000000	123.580000	108.470000	91.000000	80.050000	79.000000	79.920000	78.000000	85.490000	82.190000	78.000000	80.520000	91.050000	100.000000	90.000000	82.090000	69.900000	0.586000	0.000000	0.549000	0.000000	0.567000	0.000000	0.618000	0.000000	0.635000	0.000000	0.626000	0.000000	0.606000	0.004000	0.546000	0.080000	0.556000	0.154000	0.649000	0.208000	70.080000	27.290100	37.128700	34.561200	34.783700	63.998800	96.146700	147.150000	175.972000	189.968000	143.719000	134.492000	1.109690	0.323300	1.152400	0.406500	0.952306	0.609300	0.971644	0.159700	0.991080	0.086200	0.996663	0.496900	0.986617	0.184500	0.952532	0.000000	0.983886	0.000000	1.119100	0.000000	1.361830	0.000000	1.587950	0.000000	1.680110	0.000000	1.662730	0.000000	0.345906	4.206630	3.996420	0.053088	3.306470	6.667570	4.895370	0.708301	0.000000	0.000000	113.445000	0.000000	0.000000	922.614000	342.778000	5.962130	45.257900	35.888800	214.309000	0.000000	0.417717	1.302390	0.028931	0.199659	
   36	82.190000	79.990000	80.000000	77.050000	69.780000	72.000000	72.000000	91.360000	122.280000	110.470000	92.740000	83.050000	80.000000	79.920000	70.160000	71.900000	82.190000	81.000000	90.080000	105.010000	125.890000	105.010000	90.080000	79.260000	14.000000	15.080000	39.360000	19.600000	38.720000	38.200000	34.200000	17.800000	10.440000	86.560000	26.400000	48.160000	14.000000	22.760000	36.320000	37.680000	40.440000	45.520000	75.120000	30.000000	13.720000	10.000000	16.920000	24.440000	87.190000	84.990000	84.900000	77.050000	72.780000	75.990000	75.000000	91.700000	126.890000	110.320000	92.740000	80.050000	81.300000	79.920000	72.000000	74.590000	82.190000	81.000000	80.020000	96.050000	110.890000	97.680000	83.190000	77.820000	87.000000	72.990000	70.830000	70.080000	78.000000	78.000000	79.650000	98.000000	123.580000	108.470000	91.000000	80.050000	79.000000	79.920000	78.000000	85.490000	82.190000	78.000000	80.520000	91.050000	100.000000	90.000000	82.090000	69.900000	0.586000	0.000000	0.549000	0.000000	0.567000	0.000000	0.618000	0.000000	0.635000	0.000000	0.626000	0.000000	0.606000	0.004000	0.546000	0.080000	0.556000	0.154000	0.649000	0.208000	70.080000	46.212800	45.802100	33.959300	34.483100	63.454600	96.146700	147.150000	175.972000	189.968000	143.719000	134.492000	0.842698	0.707600	0.935027	0.262700	0.983127	0.623200	1.035760	1.173400	0.977914	0.401400	1.049270	0.232200	0.895539	0.118800	0.935636	0.000000	0.953760	0.000000	1.093380	0.000000	1.348080	0.000000	1.576380	0.000000	1.646700	0.000000	1.596870	0.000000	0.345906	4.485520	4.380250	0.381955	4.021560	6.479680	5.492020	1.018480	0.461052	0.000000	110.808000	0.288779	0.000000	1123.360000	359.816000	17.128400	55.006600	37.854300	184.169000	0.000000	0.432452	1.379910	0.000000	0.479987	
   37	82.190000	79.990000	80.000000	77.050000	69.780000	72.000000	72.000000	91.360000	122.280000	110.470000	92.740000	83.050000	80.000000	79.920000	70.160000	71.900000	82.190000	81.000000	90.080000	105.010000	125.890000	105.010000	90.080000	79.260000	14.000000	15.080000	39.360000	19.600000	38.720000	38.200000	34.200000	17.800000	10.440000	86.560000	26.400000	48.160000	14.000000	22.760000	36.320000	37.680000	40.440000	45.520000	75.120000	30.000000	13.720000	10.000000	16.920000	24.440000	87.190000	84.990000	84.900000	77.050000	72.780000	75.990000	75.000000	91.700000	126.890000	110.320000	92.740000	80.050000	81.300000	79.920000	72.000000	74.590000	82.190000	81.000000	80.020000	96.050000	110.890000	97.680000	83.190000	77.820000	87.000000	72.990000	70.830000	70.080000	78.000000	78.000000	79.650000	98.000000	123.580000	108.470000	91.000000	80.050000	79.000000	79.920000	78.000000	85.490000	82.190000	78.000000	80.520000	91.050000	100.000000	90.000000	82.090000	69.900000	0.586000	0.000000	0.549000	0.000000	0.567000	0.000000	0.618000	0.000000	0.635000	0.000000	0.626000	0.000000	0.606000	0.004000	0.546000	0.080000	0.556000	0.154000	0.649000	0.208000	70.080000	46.212800	45.802100	33.959300	34.483100	63.454600	96.146700	147.150000	175.972000	189.968000	143.719000	134.492000	0.842698	0.707600	0.935027	0.262700	0.983127	0.623200	1.035760	1.173400	0.977914	0.401400	1.049270	0.232200	0.895539	0.118800	0.935636	0.000000	0.953760	0.000000	1.093380	0.000000	1.348080	0.000000	1.576380	0.000000	1.646700	0.000000	1.596870	0.000000	0.345906	4.485520	4.380250	0.381955	4.021560	6.479680	5.492020	1.018480	0.461052	0.000000	110.808000	0.288779	0.000000	1123.360000	359.816000	17.128400	55.006600	37.854300	184.169000	0.000000	0.432452	1.379910	0.000000	0.479987	
   38	82.190000	79.990000	80.000000	77.050000	69.780000	72.000000	72.000000	91.360000	122.280000	110.470000	92.740000	83.050000	80.000000	79.920000	70.160000	71.900000	82.190000	81.000000	90.080000	105.010000	125.890000	105.010000	90.080000	79.260000	14.000000	15.080000	39.360000	19.600000	38.720000	38.200000	34.200000	17.800000	10.440000	86.560000	26.400000	48.160000	14.000000	22.760000	36.320000	37.680000	40.440000	45.520000	75.120000	30.000000	13.720000	10.000000	16.920000	24.440000	87.190000	84.990000	84.900000	77.050000	72.780000	75.990000	75.000000	91.700000	126.890000	110.320000	92.740000	80.050000	81.300000	79.920000	72.000000	74.590000	82.190000	81.000000	80.020000	96.050000	110.890000	97.680000	83.190000	77.820000	87.000000	72.990000	70.830000	70.080000	78.000000	78.000000	79.650000	98.000000	123.580000	108.470000	91.000000	80.050000	79.000000	79.920000	78.000000	85.490000	82.190000	78.000000	80.520000	91.050000	100.000000	90.000000	82.090000	69.900000	0.586000	0.000000	0.549000	0.000000	0.567000	0.000000	0.618000	0.000000	0.635000	0.000000	0.626000	0.000000	0.606000	0.004000	0.546000	0.080000	0.556000	0.154000	0.649000	0.208000	70.080000	33.912700	35.178700	24.935300	30.144700	60.094100	109.358000	153.972000	188.412000	188.465000	155.192000	143.922000	0.858517	0.755600	0.894788	0.879700	0.969391	0.638100	1.017530	0.592100	1.040230	0.431400	1.083990	0.288500	1.067470	0.100000	1.007060	0.000000	1.040380	0.000000	1.179920	0.000000	1.411530	0.000000	1.632950	0.000000	1.707740	0.000000	1.643340	0.000000	0.345906	4.448620	4.286250	0.711136	3.943530	5.795280	5.455180	0.957234	0.266653	0.000000	88.282500	1.533350	0.000000	1147.980000	363.536000	19.039100	53.821900	39.302700	198.879000	0.000000	0.257267	1.295120	0.000000	0.509629	
   39	82.190000	79.990000	80.000000	77.050000	69.780000	72.000000	72.000000	91.360000	122.280000	110.470000	92.740000	83.050000	80.000000	79.920000	70.160000	71.900000	82.190000	81.000000	90.080000	105.010000	125.890000	105.010000	90.080000	79.260000	14.000000	15.080000	39.360000	19.600000	38.720000	38.200000	34.200000	17.800000	10.440000	86.560000	26.400000	48.160000	14.000000	22.760000	36.320000	37.680000	40.440000	45.520000	75.120000	30.000000	13.720000	10.000000	16.920000	24.440000	87.190000	84.990000	84.900000	77.050000	72.780000	75.990000	75.000000	91.700000	126.890000	110.320000	92.740000	80.050000	81.300000	79.920000	72.000000	74.590000	82.190000	81.000000	80.020000	96.050000	110.890000	97.680000	83.190000	77.820000	87.000000	72.990000	70.830000	70.080000	78.000000	78.000000	79.650000	98.000000	123.580000	108.470000	91.000000	80.050000	79.000000	79.920000	78.000000	85.490000	82.190000	78.000000	80.520000	91.050000	100.000000	90.000000	82.090000	69.900000	0.586000	0.000000	0.549000	0.000000	0.567000	0.000000	0.618000	0.000000	0.635000	0.000000	0.626000	0.000000	0.606000	0.004000	0.546000	0.080000	0.556000	0.154000	0.649000	0.208000	70.080000	44.714900	41.187500	33.996700	31.300400	43.258500	111.192000	124.841000	185.250000	180.810000	145.876000	129.483000	0.899267	0.662500	1.005330	0.329500	1.058370	0.548600	0.974969	0.330900	1.003400	0.341600	1.042860	0.276500	1.049350	0.149700	0.962495	0.000000	1.016470	0.000000	1.143380	0.000000	1.386820	0.000000	1.622100	0.000000	1.711440	0.000000	1.650240	0.000000	0.345906	4.109540	3.897150	0.223619	3.770980	6.499700	5.480170	1.026180	0.276309	0.000000	114.063000	0.000000	0.000000	956.174000	370.173000	17.919900	57.842200	37.776800	171.831000	0.000000	0.421745	1.351090	0.000000	0.492249	
   40	82.190000	79.990000	80.000000	77.050000	69.780000	72.000000	72.000000	91.360000	122.280000	110.470000	92.740000	83.050000	80.000000	79.920000	70.160000	71.900000	82.190000	81.000000	90.080000	105.010000	125.890000	105.010000	90.080000	79.260000	14.000000	15.080000	39.360000	19.600000	38.720000	38.200000	34.200000	17.800000	10.440000	86.560000	26.400000	48.160000	14.000000	22.760000	36.320000	37.680000	40.440000	45.520000	75.120000	30.000000	13.720000	10.000000	16.920000	24.440000	87.190000	84.990000	84.900000	77.050000	72.780000	75.990000	75.000000	91.700000	126.890000	110.320000	92.740000	80.050000	81.300000	79.920000	72.000000	74.590000	82.190000	81.000000	80.020000	96.050000	110.890000	97.680000	83.190000	77.820000	87.000000	72.990000	70.830000	70.080000	78.000000	78.000000	79.650000	98.000000	123.580000	108.470000	91.000000	80.050000	79.000000	79.920000	78.000000	85.490000	82.190000	78.000000	80.520000	91.050000	100.000000	90.000000	82.090000	69.900000	0.586000	0.000000	0.549000	0.000000	0.567000	0.000000	0.618000	0.000000	0.635000	0.000000	0.626000	0.000000	0.606000	0.004000	0.546000	0.080000	0.556000	0.154000	0.649000	0.208000	70.080000	34.541600	32.709000	14.820800	17.754300	50.451500	88.616200	147.028000	180.736000	171.316000	139.223000	125.463000	0.890501	0.465300	0.907822	0.506800	0.937951	0.548200	0.984159	0.596900	0.814524	0.639300	0.880701	0.166700	0.935287	0.185200	0.946514	0.000000	0.979946	0.000000	1.121100	0.000000	1.359910	0.000000	1.599920	0.000000	1.701390	0.000000	1.629120	0.000000	0.345906	4.494070	4.424840	0.346914	4.012490	6.437500	5.510350	1.011360	0.086349	0.000000	117.824000	0.000000	0.000000	1059.850000	370.997000	14.570800	54.291100	35.685900	163.808000	0.000000	0.406537	1.293550	0.000000	0.429929	
   41	82.190000	79.990000	80.000000	77.050000	69.780000	72.000000	72.000000	91.360000	122.280000	110.470000	92.740000	83.050000	80.000000	79.920000	70.160000	71.900000	82.190000	81.000000	90.080000	105.010000	125.890000	105.010000	90.080000	79.260000	14.000000	15.080000	39.360000	19.600000	38.720000	38.200000	34.200000	17.800000	10.440000	86.560000	26.400000	48.160000	14.000000	22.760000	36.320000	37.680000	40.440000	45.520000	75.120000	30.000000	13.720000	10.000000	16.920000	24.440000	87.190000	84.990000	84.900000	77.050000	72.780000	75.990000	75.000000	91.700000	126.890000	110.320000	92.740000	80.050000	81.300000	79.920000	72.000000	74.590000	82.190000	81.000000	80.020000	96.050000	110.890000	97.680000	83.190000	77.820000	87.000000	72.990000	70.830000	70.080000	78.000000	78.000000	79.650000	98.000000	123.580000	108.470000	91.000000	80.050000	79.000000	79.920000	78.000000	85.490000	82.190000	78.000000	80.520000	91.050000	100.000000	90.000000	82.090000	69.900000	0.586000	0.000000	0.549000	0.000000	0.567000	0.000000	0.618000	0.000000	0.635000	0.000000	0.626000	0.000000	0.606000	0.004000	0.546000	0.080000	0.556000	0.154000	0.649000	0.208000	70.080000	34.541600	32.709000	14.820800	17.754300	50.451500	88.616200	147.028000	180.736000	171.316000	139.223000	125.463000	0.890501	0.465300	0.907822	0.506800	0.937951	0.548200	0.984159	0.596900	0.995036	1.246800	1.031300	0.215400	1.018830	0.115100	0.991858	0.000000	1.016720	0.000000	1.152260	0.000000	1.382800	0.000000	1.617980	0.000000	1.709240	0.000000	1.657810	0.000000	0.345906	4.271480	4.113620	0.367055	4.001800	6.449310	5.575080	0.998317	0.055351	0.022651	87.520200	0.178054	0.000000	947.200000	311.981000	17.614600	58.870100	37.729800	183.632000	0.000000	0.251308	1.310030	0.001039	0.594758	
   42	82.190000	79.990000	80.000000	77.050000	69.780000	72.000000	72.000000	91.360000	122.280000	110.470000	92.740000	83.050000	80.000000	79.920000	70.160000	71.900000	82.190000	81.000000	90.080000	105.010000	125.890000	105.010000	90.080000	79.260000	14.000000	15.080000	39.360000	19.600000	38.720000	38.200000	34.200000	17.800000	10.440000	86.560000	26.400000	48.160000	14.000000	22.760000	36.320000	37.680000	40.440000	45.520000	75.120000	30.000000	13.720000	10.000000	16.920000	24.440000	87.190000	84.990000	84.900000	77.050000	72.780000	75.990000	75.000000	91.700000	126.890000	110.320000	92.740000	80.050000	81.300000	79.920000	72.000000	74.590000	82.190000	81.000000	80.020000	96.050000	110.890000	97.680000	83.190000	77.820000	87.000000	72.990000	70.830000	70.080000	78.000000	78.000000	79.650000	98.000000	123.580000	108.470000	91.000000	80.050000	79.000000	79.920000	78.000000	85.490000	82.190000	78.000000	80.520000	91.050000	100.000000	90.000000	82.090000	69.900000	0.586000	0.000000	0.549000	0.000000	0.567000	0.000000	0.618000	0.000000	0.635000	0.000000	0.626000	0.000000	0.606000	0.004000	0.546000	0.080000	0.556000	0.154000	0.649000	0.208000	70.080000	41.682500	39.050700	28.845900	26.647400	52.222300	103.408000	130.460000	185.707000	197.013000	148.140000	125.463000	0.897163	1.005900	0.869459	0.866700	0.905807	0.212800	0.971644	0.462300	1.081020	0.802600	0.893273	0.195500	0.986617	0.019400	0.952532	0.000100	0.983886	0.000000	1.119100	0.000000	1.361830	0.000000	1.587950	0.000000	1.656390	0.000000	1.601650	0.000000	0.345906	4.552740	4.296640	0.180444	3.602200	6.259760	5.420490	1.064550	0.308973	0.000000	108.837000	0.000000	0.000000	996.189000	369.587000	19.838000	59.563200	38.120800	177.769000	0.000000	0.347511	1.474660	0.000000	0.411290	
   43	82.190000	79.990000	80.000000	77.050000	69.780000	72.000000	72.000000	91.360000	122.280000	110.470000	92.740000	83.050000	80.000000	79.920000	70.160000	71.900000	82.190000	81.000000	90.080000	105.010000	125.890000	105.010000	90.080000	79.260000	14.000000	15.080000	39.360000	19.600000	38.720000	38.200000	34.200000	17.800000	10.440000	86.560000	26.400000	48.160000	14.000000	22.760000	36.320000	37.680000	40.440000	45.520000	75.120000	30.000000	13.720000	10.000000	16.920000	24.440000	87.190000	84.990000	84.900000	77.050000	72.780000	75.990000	75.000000	91.700000	126.890000	110.320000	92.740000	80.050000	81.300000	79.920000	72.000000	74.590000	82.190000	81.000000	80.020000	96.050000	110.890000	97.680000	83.190000	77.820000	87.000000	72.990000	70.830000	70.080000	78.000000	78.000000	79.650000	98.000000	123.580000	108.470000	91.000000	80.050000	79.000000	79.920000	78.000000	85.490000	82.190000	78.000000	80.520000	91.050000	100.000000	90.000000	82.090000	69.900000	0.586000	0.000000	0.549000	0.000000	0.567000	0.000000	0.618000	0.000000	0.635000	0.000000	0.626000	0.000000	0.606000	0.004000	0.546000	0.080000	0.556000	0.154000	0.649000	0.208000	70.080000	28.996500	25.325100	21.814900	22.226400	53.127100	94.863800	121.208000	179.579000	180.718000	147.202000	129.909000	0.878167	0.404400	1.090770	0.750800	0.922525	0.736000	0.920943	0.754600	0.966724	1.588600	1.021480	0.431400	1.010280	0.513700	1.013040	0.000100	1.078520	0.000000	1.221610	0.000000	1.452460	0.000000	1.714110	0.000000	1.819250	0.000000	1.775050	0.000000	0.345906	4.621150	4.733650	0.083345	3.638330	6.210510	6.052850	1.133590	0.533491	0.000000	101.473000	7.800760	0.000000	754.484000	378.658000	38.409200	54.783700	37.796700	176.091000	0.000000	0.445772	1.422770	0.000000	0.310065	
   44	82.190000	79.990000	80.000000	77.050000	69.780000	72.000000	72.000000	91.360000	122.280000	110.470000	92.740000	83.050000	80.000000	79.920000	70.160000	71.900000	82.190000	81.000000	90.080000	105.010000	125.890000	105.010000	90.080000	79.260000	14.000000	15.080000	39.360000	19.600000	38.720000	38.200000	34.200000	17.800000	10.440000	86.560000	26.400000	48.160000	14.000000	22.760000	36.320000	37.680000	40.440000	45.520000	75.120000	30.000000	13.720000	10.000000	16.920000	24.440000	87.190000	84.990000	84.900000	77.050000	72.780000	75.990000	75.000000	91.700000	126.890000	110.320000	92.740000	80.050000	81.300000	79.920000	72.000000	74.590000	82.190000	81.000000	80.020000	96.050000	110.890000	97.680000	83.190000	77.820000	87.000000	72.990000	70.830000	70.080000	78.000000	78.000000	79.650000	98.000000	123.580000	108.470000	91.000000	80.050000	79.000000	79.920000	78.000000	85.490000	82.190000	78.000000	80.520000	91.050000	100.000000	90.000000	82.090000	69.900000	0.586000	0.000000	0.549000	0.000000	0.567000	0.000000	0.618000	0.000000	0.635000	0.000000	0.626000	0.000000	0.606000	0.004000	0.546000	0.080000	0.556000	0.154000	0.649000	0.208000	70.080000	47.411100	45.503800	29.448300	30.207900	63.454600	113.003000	139.909000	174.593000	177.583000	140.905000	128.256000	0.904261	0.532900	0.906835	0.461300	1.000940	1.005800	1.078810	0.569000	1.081020	0.597500	1.049270	0.201100	1.011630	0.100900	0.982241	0.000100	1.007180	0.000000	1.121380	0.000000	1.395000	0.000000	1.597550	0.000000	1.688720	0.000000	1.674050	0.000000	0.345906	4.404060	4.328990	0.416357	4.020470	6.345960	5.527440	0.999804	0.340546	0.000000	110.466000	0.000000	0.000000	902.588000	354.387000	18.150800	57.474400	37.845800	188.606000	0.000000	0.350203	1.274380	0.000000	0.564238	
   45	82.190000	79.990000	80.000000	77.050000	69.780000	72.000000	72.000000	91.360000	122.280000	110.470000	92.740000	83.050000	80.000000	79.920000	70.160000	71.900000	82.190000	81.000000	90.080000	105.010000	125.890000	105.010000	90.080000	79.260000	14.000000	15.080000	39.360000	19.600000	38.720000	38.200000	34.200000	17.800000	10.440000	86.560000	26.400000	48.160000	14.000000	22.760000	36.320000	37.680000	40.440000	45.520000	75.120000	30.000000	13.720000	10.000000	16.920000	24.440000	87.190000	84.990000	84.900000	77.050000	72.780000	75.990000	75.000000	91.700000	126.890000	110.320000	92.740000	80.050000	81.300000	79.920000	72.000000	74.590000	82.190000	81.000000	80.020000	96.050000	110.890000	97.680000	83.190000	77.820000	87.000000	72.990000	70.830000	70.080000	78.000000	78.000000	79.650000	98.000000	123.580000	108.470000	91.000000	80.050000	79.000000	79.920000	78.000000	85.490000	82.190000	78.000000	80.520000	91.050000	100.000000	90.000000	82.090000	69.900000	0.586000	0.000000	0.549000	0.000000	0.567000	0.000000	0.618000	0.000000	0.635000	0.000000	0.626000	0.000000	0.606000	0.004000	0.546000	0.080000	0.556000	0.154000	0.649000	0.208000	70.080000	46.212800	45.802100	33.959300	34.483100	63.454600	96.146700	147.150000	175.972000	189.968000	143.719000	134.492000	0.842698	0.707600	0.935027	0.262700	0.983127	0.623200	1.035760	1.173400	0.977914	0.401400	1.049270	0.232200	0.895539	0.118800	0.935636	0.000000	0.953760	0.000000	1.093380	0.000000	1.348080	0.000000	1.576380	0.000000	1.646700	0.000000	1.596870	0.000000	0.345906	4.485520	4.380250	0.381955	4.021560	6.479680	5.492020	1.018480	0.461052	0.000000	110.808000	0.288779	0.000000	1123.360000	359.816000	17.128400	55.006600	37.854300	184.169000	0.000000	0.432452	1.379910	0.000000	0.479987	
   46	82.190000	79.990000	80.000000	77.050000	69.780000	72.000000	72.000000	91.360000	122.280000	110.470000	92.740000	83.050000	80.000000	79.920000	70.160000	71.900000	82.190000	81.000000	90.080000	105.010000	125.890000	105.010000	90.080000	79.260000	14.000000	15.080000	39.360000	19.600000	38.720000	38.200000	34.200000	17.800000	10.440000	86.560000	26.400000	48.160000	14.000000	22.760000	36.320000	37.680000	40.440000	45.520000	75.120000	30.000000	13.720000	10.000000	16.920000	24.440000	87.190000	84.990000	84.900000	77.050000	72.780000	75.990000	75.000000	91.700000	126.890000	110.320000	92.740000	80.050000	81.300000	79.920000	72.000000	74.590000	82.190000	81.000000	80.020000	96.050000	110.890000	97.680000	83.190000	77.820000	87.000000	72.990000	70.830000	70.080000	78.000000	78.000000	79.650000	98.000000	123.580000	108.470000	91.000000	80.050000	79.000000	79.920000	78.000000	85.490000	82.190000	78.000000	80.520000	91.050000	100.000000	90.000000	82.090000	69.900000	0.586000	0.000000	0.549000	0.000000	0.567000	0.000000	0.618000	0.000000	0.635000	0.000000	0.626000	0.000000	0.606000	0.004000	0.546000	0.080000	0.556000	0.154000	0.649000	0.208000	70.080000	33.912700	35.178700	24.935300	30.144700	60.094100	109.358000	153.972000	188.412000	188.465000	155.192000	143.922000	0.858517	0.755600	0.894788	0.879700	0.969391	0.638100	1.017530	0.592100	1.040230	0.431400	1.083990	0.288500	1.067470	0.100000	1.007060	0.000000	1.040380	0.000000	1.179920	0.000000	1.411530	0.000000	1.632950	0.000000	1.707740	0.000000	1.643340	0.000000	0.345906	4.323000	4.148500	0.026852	4.083850	7.088620	5.077800	1.212870	0.110463	0.000000	123.276000	9.224140	8.535090	573.430000	348.844000	18.237000	62.834500	35.427200	246.868000	0.000000	0.266563	1.284580	0.000000	1.691740	
   47	82.190000	79.990000	80.000000	77.050000	69.780000	72.000000	72.000000	91.360000	122.280000	110.470000	92.740000	83.050000	80.000000	79.920000	70.160000	71.900000	82.190000	81.000000	90.080000	105.010000	125.890000	105.010000	90.080000	79.260000	14.000000	15.080000	39.360000	19.600000	38.720000	38.200000	34.200000	17.800000	10.440000	86.560000	26.400000	48.160000	14.000000	22.760000	36.320000	37.680000	40.440000	45.520000	75.120000	30.000000	13.720000	10.000000	16.920000	24.440000	87.190000	84.990000	84.900000	77.050000	72.780000	75.990000	75.000000	91.700000	126.890000	110.320000	92.740000	80.050000	81.300000	79.920000	72.000000	74.590000	82.190000	81.000000	80.020000	96.050000	110.890000	97.680000	83.190000	77.820000	87.000000	72.990000	70.830000	70.080000	78.000000	78.000000	79.650000	98.000000	123.580000	108.470000	91.000000	80.050000	79.000000	79.920000	78.000000	85.490000	82.190000	78.000000	80.520000	91.050000	100.000000	90.000000	82.090000	69.900000	0.586000	0.000000	0.549000	0.000000	0.567000	0.000000	0.618000	0.000000	0.635000	0.000000	0.626000	0.000000	0.606000	0.004000	0.546000	0.080000	0.556000	0.154000	0.649000	0.208000	70.080000	32.139200	30.876600	26.480300	28.854400	48.449900	107.736000	144.571000	194.582000	195.771000	165.512000	127.738000	0.985933	0.220900	1.019980	0.546500	1.028460	0.538100	1.068900	0.549000	1.143250	0.299800	1.142380	0.072600	1.082270	0.114900	1.054220	0.000000	1.079220	0.000000	1.170250	0.000000	1.395000	0.000000	1.608160	0.000000	1.688720	0.000000	1.684820	0.000000	0.345906	4.271480	4.113620	0.048626	3.959990	7.132380	5.210910	0.999135	0.314259	0.000000	133.398000	0.000000	0.000000	933.449000	389.120000	17.625500	63.005200	37.680000	176.169000	0.201118	0.000000	1.303550	0.091504	0.572250	
   48	82.190000	79.990000	80.000000	77.050000	69.780000	72.000000	72.000000	91.360000	122.280000	110.470000	92.740000	83.050000	80.000000	79.920000	70.160000	71.900000	82.190000	81.000000	90.080000	105.010000	125.890000	105.010000	90.080000	79.260000	14.000000	15.080000	39.360000	19.600000	38.720000	38.200000	34.200000	17.800000	10.440000	86.560000	26.400000	48.160000	14.000000	22.760000	36.320000	37.680000	40.440000	45.520000	75.120000	30.000000	13.720000	10.000000	16.920000	24.440000	87.190000	84.990000	84.900000	77.050000	72.780000	75.990000	75.000000	91.700000	126.890000	110.320000	92.740000	80.050000	81.300000	79.920000	72.000000	74.590000	82.190000	81.000000	80.020000	96.050000	110.890000	97.680000	83.190000	77.820000	87.000000	72.990000	70.830000	70.080000	78.000000	78.000000	79.650000	98.000000	123.580000	108.470000	91.000000	80.050000	79.000000	79.920000	78.000000	85.490000	82.190000	78.000000	80.520000	91.050000	100.000000	90.000000	82.090000	69.900000	0.586000	0.000000	0.549000	0.000000	0.567000	0.000000	0.618000	0.000000	0.635000	0.000000	0.626000	0.000000	0.606000	0.004000	0.546000	0.080000	0.556000	0.154000	0.649000	0.208000	70.080000	46.212800	45.802100	33.959300	34.483100	63.454600	96.146700	147.150000	175.972000	189.968000	143.719000	134.492000	0.842698	0.707600	0.935027	0.262700	0.983127	0.623200	1.035760	1.173400	0.977914	0.401400	1.049270	0.232200	0.895539	0.118800	0.935636	0.000000	0.953760	0.000000	1.093380	0.000000	1.348080	0.000000	1.576380	0.000000	1.646700	0.000000	1.596870	0.000000	0.345906	4.485520	4.380250	0.381955	4.021560	6.479680	5.492020	1.018480	0.461052	0.000000	110.808000	0.288779	0.000000	1123.360000	359.816000	17.128400	55.006600	37.854300	184.169000	0.000000	0.432452	1.379910	0.000000	0.479987	
   49	82.190000	79.990000	80.000000	77.050000	69.780000	72.000000	72.000000	91.360000	122.280000	110.470000	92.740000	83.050000	80.000000	79.920000	70.160000	71.900000	82.190000	81.000000	90.080000	105.010000	125.890000	105.010000	90.080000	79.260000	14.000000	15.080000	39.360000	19.600000	38.720000	38.200000	34.200000	17.800000	10.440000	86.560000	26.400000	48.160000	14.000000	22.760000	36.320000	37.680000	40.440000	45.520000	75.120000	30.000000	13.720000	10.000000	16.920000	24.440000	87.190000	84.990000	84.900000	77.050000	72.780000	75.990000	75.000000	91.700000	126.890000	110.320000	92.740000	80.050000	81.300000	79.920000	72.000000	74.590000	82.190000	81.000000	80.020000	96.050000	110.890000	97.680000	83.190000	77.820000	87.000000	72.990000	70.830000	70.080000	78.000000	78.000000	79.650000	98.000000	123.580000	108.470000	91.000000	80.050000	79.000000	79.920000	78.000000	85.490000	82.190000	78.000000	80.520000	91.050000	100.000000	90.000000	82.090000	69.900000	0.586000	0.000000	0.549000	0.000000	0.567000	0.000000	0.618000	0.000000	0.635000	0.000000	0.626000	0.000000	0.606000	0.004000	0.546000	0.080000	0.556000	0.154000	0.649000	0.208000	70.080000	34.541600	32.709000	14.820800	17.754300	50.451500	88.616200	147.028000	180.736000	171.316000	139.223000	125.463000	0.890501	0.465300	0.907822	0.506800	0.937951	0.548200	0.984159	0.596900	1.161030	0.328300	1.163000	0.732300	1.196220	0.081500	1.261800	0.000000	1.353600	0.000000	1.550940	0.000000	1.833980	0.000000	2.091760	0.000000	2.190420	0.000000	2.134310	0.000000	0.345906	4.878210	4.720910	0.776805	5.983130	8.623510	5.910820	1.738160	0.000000	0.000000	165.264000	0.000000	0.000000	1309.820000	410.180000	18.721100	57.983100	37.868500	156.418000	0.000000	0.262512	1.265540	0.000000	0.259256	
   50	82.190000	79.990000	80.000000	77.050000	69.780000	72.000000	72.000000	91.360000	122.280000	110.470000	92.740000	83.050000	80.000000	79.920000	70.160000	71.900000	82.190000	81.000000	90.080000	105.010000	125.890000	105.010000	90.080000	79.260000	14.000000	15.080000	39.360000	19.600000	38.720000	38.200000	34.200000	17.800000	10.440000	86.560000	26.400000	48.160000	14.000000	22.760000	36.320000	37.680000	40.440000	45.520000	75.120000	30.000000	13.720000	10.000000	16.920000	24.440000	87.190000	84.990000	84.900000	77.050000	72.780000	75.990000	75.000000	91.700000	126.890000	110.320000	92.740000	80.050000	81.300000	79.920000	72.000000	74.590000	82.190000	81.000000	80.020000	96.050000	110.890000	97.680000	83.190000	77.820000	87.000000	72.990000	70.830000	70.080000	78.000000	78.000000	79.650000	98.000000	123.580000	108.470000	91.000000	80.050000	79.000000	79.920000	78.000000	85.490000	82.190000	78.000000	80.520000	91.050000	100.000000	90.000000	82.090000	69.900000	0.586000	0.000000	0.549000	0.000000	0.567000	0.000000	0.618000	0.000000	0.635000	0.000000	0.626000	0.000000	0.606000	0.004000	0.546000	0.080000	0.556000	0.154000	0.649000	0.208000	70.080000	46.212800	45.802100	33.959300	34.483100	63.454600	96.146700	147.150000	175.972000	189.968000	143.719000	134.492000	0.842698	0.707600	0.935027	0.262700	0.983127	0.623200	1.035760	1.173400	0.977914	0.401400	1.049270	0.232200	0.895539	0.118800	0.935636	0.000000	0.953760	0.000000	1.093380	0.000000	1.348080	0.000000	1.576380	0.000000	1.646700	0.000000	1.596870	0.000000	0.345906	4.485520	4.380250	0.381955	4.021560	6.479680	5.492020	1.018480	0.461052	0.000000	110.808000	0.288779	0.000000	1123.360000	359.816000	17.128400	55.006600	37.854300	184.169000	0.000000	0.432452	1.379910	0.000000	0.479987	
   51	82.190000	79.990000	80.000000	77.050000	69.780000	72.000000	72.000000	91.360000	122.280000	110.470000	92.740000	83.050000	80.000000	79.920000	70.160000	71.900000	82.190000	81.000000	90.080000	105.010000	125.890000	105.010000	90.080000	79.260000	14.000000	15.080000	39.360000	19.600000	38.720000	38.200000	34.200000	17.800000	10.440000	86.560000	26.400000	48.160000	14.000000	22.760000	36.320000	37.680000	40.440000	45.520000	75.120000	30.000000	13.720000	10.000000	16.920000	24.440000	87.190000	84.990000	84.900000	77.050000	72.780000	75.990000	75.000000	91.700000	126.890000	110.320000	92.740000	80.050000	81.300000	79.920000	72.000000	74.590000	82.190000	81.000000	80.020000	96.050000	110.890000	97.680000	83.190000	77.820000	87.000000	72.990000	70.830000	70.080000	78.000000	78.000000	79.650000	98.000000	123.580000	108.470000	91.000000	80.050000	79.000000	79.920000	78.000000	85.490000	82.190000	78.000000	80.520000	91.050000	100.000000	90.000000	82.090000	69.900000	0.586000	0.000000	0.549000	0.000000	0.567000	0.000000	0.618000	0.000000	0.635000	0.000000	0.626000	0.000000	0.606000	0.004000	0.546000	0.080000	0.556000	0.154000	0.649000	0.208000	70.080000	33.912700	35.178700	24.935300	30.144700	60.094100	109.358000	153.972000	188.412000	188.465000	155.192000	143.922000	0.858517	0.755600	0.894788	0.879700	0.969391	0.638100	1.017530	0.592100	1.040230	0.431400	1.083990	0.288500	1.067470	0.100000	1.007060	0.000000	1.040380	0.000000	1.179920	0.000000	1.411530	0.000000	1.632950	0.000000	1.707740	0.000000	1.643340	0.000000	0.345906	4.448620	4.286250	0.711136	3.943530	5.795280	5.455180	0.957234	0.266653	0.000000	88.282500	1.533350	0.000000	949.146000	395.814000	8.695670	55.668000	34.627900	237.566000	0.000000	0.265810	1.379430	0.000000	0.502007	
   52	82.190000	79.990000	80.000000	77.050000	69.780000	72.000000	72.000000	91.360000	122.280000	110.470000	92.740000	83.050000	80.000000	79.920000	70.160000	71.900000	82.190000	81.000000	90.080000	105.010000	125.890000	105.010000	90.080000	79.260000	14.000000	15.080000	39.360000	19.600000	38.720000	38.200000	34.200000	17.800000	10.440000	86.560000	26.400000	48.160000	14.000000	22.760000	36.320000	37.680000	40.440000	45.520000	75.120000	30.000000	13.720000	10.000000	16.920000	24.440000	87.190000	84.990000	84.900000	77.050000	72.780000	75.990000	75.000000	91.700000	126.890000	110.320000	92.740000	80.050000	81.300000	79.920000	72.000000	74.590000	82.190000	81.000000	80.020000	96.050000	110.890000	97.680000	83.190000	77.820000	87.000000	72.990000	70.830000	70.080000	78.000000	78.000000	79.650000	98.000000	123.580000	108.470000	91.000000	80.050000	79.000000	79.920000	78.000000	85.490000	82.190000	78.000000	80.520000	91.050000	100.000000	90.000000	82.090000	69.900000	0.586000	0.000000	0.549000	0.000000	0.567000	0.000000	0.618000	0.000000	0.635000	0.000000	0.626000	0.000000	0.606000	0.004000	0.546000	0.080000	0.556000	0.154000	0.649000	0.208000	70.080000	27.076800	26.892600	17.391200	17.681900	39.754400	96.700600	145.097000	180.702000	190.844000	154.832000	133.071000	0.923627	0.758400	0.949793	0.606300	0.901592	0.529200	1.030900	0.740000	1.084420	0.078800	1.113550	0.039800	1.099810	0.021400	1.067420	0.000000	1.097140	0.000000	1.228090	0.000000	1.450910	0.000000	1.666590	0.000000	1.744110	0.000000	1.690980	0.000000	0.345906	4.566620	4.256310	0.296057	3.909630	6.494940	5.647780	0.962550	0.179665	8.018750	34.759000	0.294038	0.000000	730.114000	367.789000	18.154100	64.009100	37.946500	179.670000	0.000000	0.479668	1.438790	0.000000	0.538992	
   53	82.190000	79.990000	80.000000	77.050000	69.780000	72.000000	72.000000	91.360000	122.280000	110.470000	92.740000	83.050000	80.000000	79.920000	70.160000	71.900000	82.190000	81.000000	90.080000	105.010000	125.890000	105.010000	90.080000	79.260000	14.000000	15.080000	39.360000	19.600000	38.720000	38.200000	34.200000	17.800000	10.440000	86.560000	26.400000	48.160000	14.000000	22.760000	36.320000	37.680000	40.440000	45.520000	75.120000	30.000000	13.720000	10.000000	16.920000	24.440000	87.190000	84.990000	84.900000	77.050000	72.780000	75.990000	75.000000	91.700000	126.890000	110.320000	92.740000	80.050000	81.300000	79.920000	72.000000	74.590000	82.190000	81.000000	80.020000	96.050000	110.890000	97.680000	83.190000	77.820000	87.000000	72.990000	70.830000	70.080000	78.000000	78.000000	79.650000	98.000000	123.580000	108.470000	91.000000	80.050000	79.000000	79.920000	78.000000	85.490000	82.190000	78.000000	80.520000	91.050000	100.000000	90.000000	82.090000	69.900000	0.586000	0.000000	0.549000	0.000000	0.567000	0.000000	0.618000	0.000000	0.635000	0.000000	0.626000	0.000000	0.606000	0.004000	0.546000	0.080000	0.556000	0.154000	0.649000	0.208000	70.080000	41.682500	39.050700	28.845900	26.647400	52.222300	103.408000	130.460000	179.579000	180.718000	147.202000	129.909000	0.836865	0.642700	0.864051	0.834700	0.791564	0.496900	0.923113	0.620900	0.857864	0.716700	0.949327	0.215100	0.849752	0.048400	0.888951	0.000000	0.943559	0.000000	1.073400	0.000000	1.310870	0.000000	1.560340	0.000000	1.632620	0.000000	1.559710	0.000000	0.345906	4.552740	4.278010	0.425740	4.000740	6.245390	5.558150	0.993254	0.418659	0.000000	102.780000	12.424300	0.000000	972.936000	366.595000	11.409400	47.208000	34.766600	158.039000	0.000000	0.410765	1.347620	0.000000	0.566320	
   54	82.190000	79.990000	80.000000	77.050000	69.780000	72.000000	72.000000	91.360000	122.280000	110.470000	92.740000	83.050000	80.000000	79.920000	70.160000	71.900000	82.190000	81.000000	90.080000	105.010000	125.890000	105.010000	90.080000	79.260000	14.000000	15.080000	39.360000	19.600000	38.720000	38.200000	34.200000	17.800000	10.440000	86.560000	26.400000	48.160000	14.000000	22.760000	36.320000	37.680000	40.440000	45.520000	75.120000	30.000000	13.720000	10.000000	16.920000	24.440000	87.190000	84.990000	84.900000	77.050000	72.780000	75.990000	75.000000	91.700000	126.890000	110.320000	92.740000	80.050000	81.300000	79.920000	72.000000	74.590000	82.190000	81.000000	80.020000	96.050000	110.890000	97.680000	83.190000	77.820000	87.000000	72.990000	70.830000	70.080000	78.000000	78.000000	79.650000	98.000000	123.580000	108.470000	91.000000	80.050000	79.000000	79.920000	78.000000	85.490000	82.190000	78.000000	80.520000	91.050000	100.000000	90.000000	82.090000	69.900000	0.586000	0.000000	0.549000	0.000000	0.567000	0.000000	0.618000	0.000000	0.635000	0.000000	0.626000	0.000000	0.606000	0.004000	0.546000	0.080000	0.556000	0.154000	0.649000	0.208000	70.080000	28.996500	25.325100	21.814900	22.226400	53.127100	94.863800	121.208000	179.579000	180.718000	147.202000	129.909000	0.878167	0.404400	1.090770	0.750800	0.922525	0.736000	0.920943	0.754600	1.019350	0.706300	1.061140	0.490700	1.076170	0.028700	1.036730	0.000000	1.008210	0.000000	1.127910	0.000000	1.403840	0.000000	1.671400	0.000000	1.764120	0.000000	1.691420	0.000000	0.345906	4.714950	4.286820	0.368591	3.938940	6.555220	5.366120	0.914672	0.531467	0.000000	108.054000	4.603150	0.000000	1036.430000	341.815000	21.761600	53.797000	38.233900	200.792000	0.000000	0.423466	1.409240	0.000000	0.357486	
   55	82.190000	79.990000	80.000000	77.050000	69.780000	72.000000	72.000000	91.360000	122.280000	110.470000	92.740000	83.050000	80.000000	79.920000	70.160000	71.900000	82.190000	81.000000	90.080000	105.010000	125.890000	105.010000	90.080000	79.260000	14.000000	15.080000	39.360000	19.600000	38.720000	38.200000	34.200000	17.800000	10.440000	86.560000	26.400000	48.160000	14.000000	22.760000	36.320000	37.680000	40.440000	45.520000	75.120000	30.000000	13.720000	10.000000	16.920000	24.440000	87.190000	84.990000	84.900000	77.050000	72.780000	75.990000	75.000000	91.700000	126.890000	110.320000	92.740000	80.050000	81.300000	79.920000	72.000000	74.590000	82.190000	81.000000	80.020000	96.050000	110.890000	97.680000	83.190000	77.820000	87.000000	72.990000	70.830000	70.080000	78.000000	78.000000	79.650000	98.000000	123.580000	108.470000	91.000000	80.050000	79.000000	79.920000	78.000000	85.490000	82.190000	78.000000	80.520000	91.050000	100.000000	90.000000	82.090000	69.900000	0.586000	0.000000	0.549000	0.000000	0.567000	0.000000	0.618000	0.000000	0.635000	0.000000	0.626000	0.000000	0.606000	0.004000	0.546000	0.080000	0.556000	0.154000	0.649000	0.208000	70.080000	28.996500	25.325100	21.814900	22.226400	53.127100	94.863800	121.208000	179.579000	180.718000	143.719000	134.492000	0.959921	0.099700	0.981356	0.232700	1.022360	1.640600	1.049930	1.451200	1.081020	0.716700	1.008860	0.028800	0.987175	0.027600	0.945823	0.000000	0.952351	0.000000	1.074740	0.000000	1.351800	0.000000	1.621070	0.000000	1.724920	0.000000	1.667490	0.000000	0.345906	4.440040	4.378600	0.249098	3.766570	6.361180	5.472590	1.020770	0.412646	0.000000	111.643000	0.000000	0.000000	1115.430000	381.584000	10.776300	56.175100	37.929300	158.013000	0.000000	0.455188	1.423780	0.000000	0.587559	
   56	82.190000	79.990000	80.000000	77.050000	69.780000	72.000000	72.000000	91.360000	122.280000	110.470000	92.740000	83.050000	80.000000	79.920000	70.160000	71.900000	82.190000	81.000000	90.080000	105.010000	125.890000	105.010000	90.080000	79.260000	14.000000	15.080000	39.360000	19.600000	38.720000	38.200000	34.200000	17.800000	10.440000	86.560000	26.400000	48.160000	14.000000	22.760000	36.320000	37.680000	40.440000	45.520000	75.120000	30.000000	13.720000	10.000000	16.920000	24.440000	87.190000	84.990000	84.900000	77.050000	72.780000	75.990000	75.000000	91.700000	126.890000	110.320000	92.740000	80.050000	81.300000	79.920000	72.000000	74.590000	82.190000	81.000000	80.020000	96.050000	110.890000	97.680000	83.190000	77.820000	87.000000	72.990000	70.830000	70.080000	78.000000	78.000000	79.650000	98.000000	123.580000	108.470000	91.000000	80.050000	79.000000	79.920000	78.000000	85.490000	82.190000	78.000000	80.520000	91.050000	100.000000	90.000000	82.090000	69.900000	0.586000	0.000000	0.549000	0.000000	0.567000	0.000000	0.618000	0.000000	0.635000	0.000000	0.626000	0.000000	0.606000	0.004000	0.546000	0.080000	0.556000	0.154000	0.649000	0.208000	70.080000	41.682500	39.050700	28.845900	26.647400	52.222300	103.408000	130.460000	179.579000	180.718000	147.202000	129.909000	0.836865	0.642700	0.864051	0.834700	0.791564	0.496900	0.923113	0.620900	0.857864	0.716700	0.949327	0.215100	0.849752	0.048400	0.888951	0.000000	0.943559	0.000000	1.073400	0.000000	1.310870	0.000000	1.560340	0.000000	1.632620	0.000000	1.559710	0.000000	0.345906	4.552740	4.278010	0.425740	4.000740	6.245390	5.558150	0.993254	0.418659	0.000000	102.780000	12.424300	0.000000	972.936000	366.595000	11.409400	47.208000	34.766600	158.039000	0.000000	0.410765	1.347620	0.000000	0.566320	
   57	82.190000	79.990000	80.000000	77.050000	69.780000	72.000000	72.000000	91.360000	122.280000	110.470000	92.740000	83.050000	80.000000	79.920000	70.160000	71.900000	82.190000	81.000000	90.080000	105.010000	125.890000	105.010000	90.080000	79.260000	14.000000	15.080000	39.360000	19.600000	38.720000	38.200000	34.200000	17.800000	10.440000	86.560000	26.400000	48.160000	14.000000	22.760000	36.320000	37.680000	40.440000	45.520000	75.120000	30.000000	13.720000	10.000000	16.920000	24.440000	87.190000	84.990000	84.900000	77.050000	72.780000	75.990000	75.000000	91.700000	126.890000	110.320000	92.740000	80.050000	81.300000	79.920000	72.000000	74.590000	82.190000	81.000000	80.020000	96.050000	110.890000	97.680000	83.190000	77.820000	87.000000	72.990000	70.830000	70.080000	78.000000	78.000000	79.650000	98.000000	123.580000	108.470000	91.000000	80.050000	79.000000	79.920000	78.000000	85.490000	82.190000	78.000000	80.520000	91.050000	100.000000	90.000000	82.090000	69.900000	0.586000	0.000000	0.549000	0.000000	0.567000	0.000000	0.618000	0.000000	0.635000	0.000000	0.626000	0.000000	0.606000	0.004000	0.546000	0.080000	0.556000	0.154000	0.649000	0.208000	70.080000	33.912700	35.178700	24.935300	30.144700	60.094100	109.358000	153.972000	188.412000	188.465000	155.192000	143.922000	0.858517	0.755600	0.894788	0.879700	0.969391	0.638100	1.017530	0.592100	1.040230	0.431400	1.083990	0.288500	1.067470	0.100000	1.007060	0.000000	1.040380	0.000000	1.179920	0.000000	1.411530	0.000000	1.632950	0.000000	1.707740	0.000000	1.643340	0.000000	0.345906	4.323000	4.148500	0.026852	4.083850	7.088620	5.077800	1.212870	0.110463	0.000000	123.276000	9.224140	8.535090	573.430000	348.844000	18.237000	62.834500	35.427200	246.868000	0.000000	0.266563	1.284580	0.000000	1.691740	
   58	82.190000	79.990000	80.000000	77.050000	69.780000	72.000000	72.000000	91.360000	122.280000	110.470000	92.740000	83.050000	80.000000	79.920000	70.160000	71.900000	82.190000	81.000000	90.080000	105.010000	125.890000	105.010000	90.080000	79.260000	14.000000	15.080000	39.360000	19.600000	38.720000	38.200000	34.200000	17.800000	10.440000	86.560000	26.400000	48.160000	14.000000	22.760000	36.320000	37.680000	40.440000	45.520000	75.120000	30.000000	13.720000	10.000000	16.920000	24.440000	87.190000	84.990000	84.900000	77.050000	72.780000	75.990000	75.000000	91.700000	126.890000	110.320000	92.740000	80.050000	81.300000	79.920000	72.000000	74.590000	82.190000	81.000000	80.020000	96.050000	110.890000	97.680000	83.190000	77.820000	87.000000	72.990000	70.830000	70.080000	78.000000	78.000000	79.650000	98.000000	123.580000	108.470000	91.000000	80.050000	79.000000	79.920000	78.000000	85.490000	82.190000	78.000000	80.520000	91.050000	100.000000	90.000000	82.090000	69.900000	0.586000	0.000000	0.549000	0.000000	0.567000	0.000000	0.618000	0.000000	0.635000	0.000000	0.626000	0.000000	0.606000	0.004000	0.546000	0.080000	0.556000	0.154000	0.649000	0.208000	70.080000	34.541600	32.709000	14.820800	17.754300	50.451500	88.616200	147.028000	180.736000	171.316000	139.223000	125.463000	0.890501	0.465300	0.907822	0.506800	0.937951	0.548200	0.955886	0.863200	1.018380	0.495400	1.042860	0.306000	1.067470	0.207200	1.064080	0.000100	1.085830	0.000000	1.210500	0.000000	1.477030	0.000000	1.743020	0.000000	1.846010	0.000000	1.780240	0.000000	0.345906	4.909180	4.680760	0.613461	4.106270	6.310730	6.052930	1.026180	0.276309	0.000000	114.063000	0.000000	0.000000	956.174000	370.173000	17.919900	57.842200	37.776800	171.831000	0.000000	0.421745	1.351090	0.000000	0.492249	
   59	82.190000	79.990000	80.000000	77.050000	69.780000	72.000000	72.000000	91.360000	122.280000	110.470000	92.740000	83.050000	80.000000	79.920000	70.160000	71.900000	82.190000	81.000000	90.080000	105.010000	125.890000	105.010000	90.080000	79.260000	14.000000	15.080000	39.360000	19.600000	38.720000	38.200000	34.200000	17.800000	10.440000	86.560000	26.400000	48.160000	14.000000	22.760000	36.320000	37.680000	40.440000	45.520000	75.120000	30.000000	13.720000	10.000000	16.920000	24.440000	87.190000	84.990000	84.900000	77.050000	72.780000	75.990000	75.000000	91.700000	126.890000	110.320000	92.740000	80.050000	81.300000	79.920000	72.000000	74.590000	82.190000	81.000000	80.020000	96.050000	110.890000	97.680000	83.190000	77.820000	87.000000	72.990000	70.830000	70.080000	78.000000	78.000000	79.650000	98.000000	123.580000	108.470000	91.000000	80.050000	79.000000	79.920000	78.000000	85.490000	82.190000	78.000000	80.520000	91.050000	100.000000	90.000000	82.090000	69.900000	0.586000	0.000000	0.549000	0.000000	0.567000	0.000000	0.618000	0.000000	0.635000	0.000000	0.626000	0.000000	0.606000	0.004000	0.546000	0.080000	0.556000	0.154000	0.649000	0.208000	70.080000	44.714900	41.187500	33.996700	31.300400	43.258500	111.192000	124.841000	185.250000	180.810000	145.876000	129.483000	0.899267	0.662500	1.005330	0.329500	1.058370	0.548600	0.974969	0.330900	1.003400	0.341600	1.042860	0.276500	1.049350	0.149700	0.962495	0.000000	1.016470	0.000000	1.143380	0.000000	1.386820	0.000000	1.622100	0.000000	1.711440	0.000000	1.650240	0.000000	0.345906	4.109540	3.897150	0.223619	3.770980	6.499700	5.480170	1.026180	0.276309	0.000000	114.063000	0.000000	0.000000	956.174000	370.173000	17.919900	57.842200	37.776800	171.831000	0.000000	0.421745	1.351090	0.000000	0.492249	
   60	82.190000	79.990000	80.000000	77.050000	69.780000	72.000000	72.000000	91.360000	122.280000	110.470000	92.740000	83.050000	80.000000	79.920000	70.160000	71.900000	82.190000	81.000000	90.080000	105.010000	125.890000	105.010000	90.080000	79.260000	14.000000	15.080000	39.360000	19.600000	38.720000	38.200000	34.200000	17.800000	10.440000	86.560000	26.400000	48.160000	14.000000	22.760000	36.320000	37.680000	40.440000	45.520000	75.120000	30.000000	13.720000	10.000000	16.920000	24.440000	87.190000	84.990000	84.900000	77.050000	72.780000	75.990000	75.000000	91.700000	126.890000	110.320000	92.740000	80.050000	81.300000	79.920000	72.000000	74.590000	82.190000	81.000000	80.020000	96.050000	110.890000	97.680000	83.190000	77.820000	87.000000	72.990000	70.830000	70.080000	78.000000	78.000000	79.650000	98.000000	123.580000	108.470000	91.000000	80.050000	79.000000	79.920000	78.000000	85.490000	82.190000	78.000000	80.520000	91.050000	100.000000	90.000000	82.090000	69.900000	0.586000	0.000000	0.549000	0.000000	0.567000	0.000000	0.618000	0.000000	0.635000	0.000000	0.626000	0.000000	0.606000	0.004000	0.546000	0.080000	0.556000	0.154000	0.649000	0.208000	70.080000	35.895300	40.175400	27.577900	26.231900	54.033300	99.295500	117.136000	186.359000	183.756000	148.044000	148.275000	0.909859	0.454000	0.861323	0.544200	0.881586	0.952300	0.872400	0.448000	0.869701	0.179200	1.061140	0.309100	1.076170	0.060300	1.036730	0.000100	1.008210	0.000000	1.127910	0.000000	1.304450	0.000000	1.509500	0.000000	1.596520	0.000000	1.559370	0.000000	0.345906	4.690190	4.303900	1.461160	5.514750	6.555220	5.366120	0.914672	0.531467	0.000000	108.054000	4.603150	0.000000	1036.430000	341.815000	21.761600	53.797000	38.233900	200.792000	0.000000	0.418599	1.239190	0.046028	0.402158	
   61	82.190000	79.990000	80.000000	77.050000	69.780000	72.000000	72.000000	91.360000	122.280000	110.470000	92.740000	83.050000	80.000000	79.920000	70.160000	71.900000	82.190000	81.000000	90.080000	105.010000	125.890000	105.010000	90.080000	79.260000	14.000000	15.080000	39.360000	19.600000	38.720000	38.200000	34.200000	17.800000	10.440000	86.560000	26.400000	48.160000	14.000000	22.760000	36.320000	37.680000	40.440000	45.520000	75.120000	30.000000	13.720000	10.000000	16.920000	24.440000	87.190000	84.990000	84.900000	77.050000	72.780000	75.990000	75.000000	91.700000	126.890000	110.320000	92.740000	80.050000	81.300000	79.920000	72.000000	74.590000	82.190000	81.000000	80.020000	96.050000	110.890000	97.680000	83.190000	77.820000	87.000000	72.990000	70.830000	70.080000	78.000000	78.000000	79.650000	98.000000	123.580000	108.470000	91.000000	80.050000	79.000000	79.920000	78.000000	85.490000	82.190000	78.000000	80.520000	91.050000	100.000000	90.000000	82.090000	69.900000	0.586000	0.000000	0.549000	0.000000	0.567000	0.000000	0.618000	0.000000	0.635000	0.000000	0.626000	0.000000	0.606000	0.004000	0.546000	0.080000	0.556000	0.154000	0.649000	0.208000	70.080000	35.895300	40.175400	27.577900	26.231900	54.033300	99.295500	117.136000	186.359000	183.756000	148.044000	148.275000	0.909859	0.454000	0.861323	0.544200	0.881586	0.952300	0.872400	0.448000	0.869701	0.179200	1.150100	0.178900	1.144820	0.265900	1.080790	0.000100	1.056180	0.000000	1.180150	0.000000	1.431510	0.000000	1.655810	0.000000	1.741190	0.000000	1.695860	0.000000	0.345906	4.380480	4.482510	0.000000	1.810030	5.035110	5.445640	0.930570	0.684416	0.000000	0.000000	0.000000	0.000000	1041.650000	366.158000	24.246800	59.045300	38.070100	133.072000	0.000000	0.437824	1.713510	0.000000	0.751329	
   62	82.190000	79.990000	80.000000	77.050000	69.780000	72.000000	72.000000	91.360000	122.280000	110.470000	92.740000	83.050000	80.000000	79.920000	70.160000	71.900000	82.190000	81.000000	90.080000	105.010000	125.890000	105.010000	90.080000	79.260000	14.000000	15.080000	39.360000	19.600000	38.720000	38.200000	34.200000	17.800000	10.440000	86.560000	26.400000	48.160000	14.000000	22.760000	36.320000	37.680000	40.440000	45.520000	75.120000	30.000000	13.720000	10.000000	16.920000	24.440000	87.190000	84.990000	84.900000	77.050000	72.780000	75.990000	75.000000	91.700000	126.890000	110.320000	92.740000	80.050000	81.300000	79.920000	72.000000	74.590000	82.190000	81.000000	80.020000	96.050000	110.890000	97.680000	83.190000	77.820000	87.000000	72.990000	70.830000	70.080000	78.000000	78.000000	79.650000	98.000000	123.580000	108.470000	91.000000	80.050000	79.000000	79.920000	78.000000	85.490000	82.190000	78.000000	80.520000	91.050000	100.000000	90.000000	82.090000	69.900000	0.586000	0.000000	0.549000	0.000000	0.567000	0.000000	0.618000	0.000000	0.635000	0.000000	0.626000	0.000000	0.606000	0.004000	0.546000	0.080000	0.556000	0.154000	0.649000	0.208000	70.080000	47.411100	45.503800	29.448300	30.207900	55.767500	94.315900	143.148000	188.211000	174.359000	142.026000	121.914000	0.857750	0.432500	0.957182	0.591900	0.952630	0.838100	0.965289	0.474200	0.904684	0.325500	1.021480	0.118600	1.047340	0.146300	0.984139	0.000100	0.972310	0.000000	1.091520	0.000000	1.337420	0.000000	1.578150	0.000000	1.661500	0.000000	1.627560	0.000000	0.345906	4.499920	4.314580	0.350826	3.944070	6.432580	5.553190	0.989830	0.196196	0.000000	113.068000	0.000000	0.000000	902.588000	354.387000	18.150800	63.005200	37.680000	176.169000	0.201118	0.000000	1.303550	0.091504	0.572250	
   63	82.190000	79.990000	80.000000	77.050000	69.780000	72.000000	72.000000	91.360000	122.280000	110.470000	92.740000	83.050000	80.000000	79.920000	70.160000	71.900000	82.190000	81.000000	90.080000	105.010000	125.890000	105.010000	90.080000	79.260000	14.000000	15.080000	39.360000	19.600000	38.720000	38.200000	34.200000	17.800000	10.440000	86.560000	26.400000	48.160000	14.000000	22.760000	36.320000	37.680000	40.440000	45.520000	75.120000	30.000000	13.720000	10.000000	16.920000	24.440000	87.190000	84.990000	84.900000	77.050000	72.780000	75.990000	75.000000	91.700000	126.890000	110.320000	92.740000	80.050000	81.300000	79.920000	72.000000	74.590000	82.190000	81.000000	80.020000	96.050000	110.890000	97.680000	83.190000	77.820000	87.000000	72.990000	70.830000	70.080000	78.000000	78.000000	79.650000	98.000000	123.580000	108.470000	91.000000	80.050000	79.000000	79.920000	78.000000	85.490000	82.190000	78.000000	80.520000	91.050000	100.000000	90.000000	82.090000	69.900000	0.586000	0.000000	0.549000	0.000000	0.567000	0.000000	0.618000	0.000000	0.635000	0.000000	0.626000	0.000000	0.606000	0.004000	0.546000	0.080000	0.556000	0.154000	0.649000	0.208000	70.080000	33.912700	35.178700	24.935300	30.144700	60.094100	109.358000	153.972000	188.412000	188.465000	155.192000	143.922000	0.858517	0.755600	0.894788	0.879700	0.969391	0.638100	1.017530	0.592100	1.040230	0.431400	1.083990	0.288500	1.067470	0.100000	1.007060	0.000000	1.040380	0.000000	1.179920	0.000000	1.411530	0.000000	1.632950	0.000000	1.707740	0.000000	1.643340	0.000000	0.345906	4.416500	4.250380	0.722624	4.811700	6.897470	5.226870	0.883361	0.348116	0.000000	126.531000	0.000000	0.000000	1008.760000	367.518000	19.985800	58.670700	38.071900	183.719000	0.000000	0.292714	1.328570	0.000000	0.411290	
   64	82.190000	79.990000	80.000000	77.050000	69.780000	72.000000	72.000000	91.360000	122.280000	110.470000	92.740000	83.050000	80.000000	79.920000	70.160000	71.900000	82.190000	81.000000	90.080000	105.010000	125.890000	105.010000	90.080000	79.260000	14.000000	15.080000	39.360000	19.600000	38.720000	38.200000	34.200000	17.800000	10.440000	86.560000	26.400000	48.160000	14.000000	22.760000	36.320000	37.680000	40.440000	45.520000	75.120000	30.000000	13.720000	10.000000	16.920000	24.440000	87.190000	84.990000	84.900000	77.050000	72.780000	75.990000	75.000000	91.700000	126.890000	110.320000	92.740000	80.050000	81.300000	79.920000	72.000000	74.590000	82.190000	81.000000	80.020000	96.050000	110.890000	97.680000	83.190000	77.820000	87.000000	72.990000	70.830000	70.080000	78.000000	78.000000	79.650000	98.000000	123.580000	108.470000	91.000000	80.050000	79.000000	79.920000	78.000000	85.490000	82.190000	78.000000	80.520000	91.050000	100.000000	90.000000	82.090000	69.900000	0.586000	0.000000	0.549000	0.000000	0.567000	0.000000	0.618000	0.000000	0.635000	0.000000	0.626000	0.000000	0.606000	0.004000	0.546000	0.080000	0.556000	0.154000	0.649000	0.208000	70.080000	41.682500	39.050700	28.845900	26.647400	52.222300	103.408000	130.460000	185.707000	197.013000	148.140000	125.463000	0.897163	1.005900	0.869459	0.866700	0.905807	0.212800	0.971644	0.462300	1.081020	0.802600	0.893273	0.195500	0.986617	0.019400	0.952532	0.000100	0.983886	0.000000	1.119100	0.000000	1.361830	0.000000	1.587950	0.000000	1.656390	0.000000	1.601650	0.000000	0.345906	4.552740	4.296640	0.180444	3.602200	6.259760	5.420490	1.064550	0.308973	0.000000	108.837000	0.000000	0.000000	996.189000	369.587000	19.838000	59.563200	38.120800	177.769000	0.000000	0.347511	1.474660	0.000000	0.411290	
   65	82.190000	79.990000	80.000000	77.050000	69.780000	72.000000	72.000000	91.360000	122.280000	110.470000	92.740000	83.050000	80.000000	79.920000	70.160000	71.900000	82.190000	81.000000	90.080000	105.010000	125.890000	105.010000	90.080000	79.260000	14.000000	15.080000	39.360000	19.600000	38.720000	38.200000	34.200000	17.800000	10.440000	86.560000	26.400000	48.160000	14.000000	22.760000	36.320000	37.680000	40.440000	45.520000	75.120000	30.000000	13.720000	10.000000	16.920000	24.440000	87.190000	84.990000	84.900000	77.050000	72.780000	75.990000	75.000000	91.700000	126.890000	110.320000	92.740000	80.050000	81.300000	79.920000	72.000000	74.590000	82.190000	81.000000	80.020000	96.050000	110.890000	97.680000	83.190000	77.820000	87.000000	72.990000	70.830000	70.080000	78.000000	78.000000	79.650000	98.000000	123.580000	108.470000	91.000000	80.050000	79.000000	79.920000	78.000000	85.490000	82.190000	78.000000	80.520000	91.050000	100.000000	90.000000	82.090000	69.900000	0.586000	0.000000	0.549000	0.000000	0.567000	0.000000	0.618000	0.000000	0.635000	0.000000	0.626000	0.000000	0.606000	0.004000	0.546000	0.080000	0.556000	0.154000	0.649000	0.208000	70.080000	47.411100	45.503800	29.448300	30.207900	63.454600	113.003000	139.909000	174.593000	177.583000	140.905000	128.256000	0.904261	0.532900	0.906835	0.461300	1.000940	1.005800	1.078810	0.569000	1.081020	0.597500	1.049270	0.201100	1.011630	0.100900	0.982241	0.000100	1.007180	0.000000	1.121380	0.000000	1.395000	0.000000	1.597550	0.000000	1.688720	0.000000	1.674050	0.000000	0.345906	4.404060	4.328990	0.416357	4.020470	6.345960	5.527440	0.999804	0.340546	0.000000	110.466000	0.000000	0.000000	902.588000	354.387000	18.150800	57.474400	37.845800	188.606000	0.000000	0.350203	1.274380	0.000000	0.564238	
   66	82.190000	79.990000	80.000000	77.050000	69.780000	72.000000	72.000000	91.360000	122.280000	110.470000	92.740000	83.050000	80.000000	79.920000	70.160000	71.900000	82.190000	81.000000	90.080000	105.010000	125.890000	105.010000	90.080000	79.260000	14.000000	15.080000	39.360000	19.600000	38.720000	38.200000	34.200000	17.800000	10.440000	86.560000	26.400000	48.160000	14.000000	22.760000	36.320000	37.680000	40.440000	45.520000	75.120000	30.000000	13.720000	10.000000	16.920000	24.440000	87.190000	84.990000	84.900000	77.050000	72.780000	75.990000	75.000000	91.700000	126.890000	110.320000	92.740000	80.050000	81.300000	79.920000	72.000000	74.590000	82.190000	81.000000	80.020000	96.050000	110.890000	97.680000	83.190000	77.820000	87.000000	72.990000	70.830000	70.080000	78.000000	78.000000	79.650000	98.000000	123.580000	108.470000	91.000000	80.050000	79.000000	79.920000	78.000000	85.490000	82.190000	78.000000	80.520000	91.050000	100.000000	90.000000	82.090000	69.900000	0.586000	0.000000	0.549000	0.000000	0.567000	0.000000	0.618000	0.000000	0.635000	0.000000	0.626000	0.000000	0.606000	0.004000	0.546000	0.080000	0.556000	0.154000	0.649000	0.208000	70.080000	37.946400	33.349800	20.709500	18.007900	53.735200	94.831600	141.397000	186.881000	180.655000	145.751000	131.810000	0.857980	0.406700	0.885286	0.528100	0.937449	0.811300	0.981038	1.073800	1.087660	0.371400	1.153990	0.294900	1.094570	0.047100	1.027740	0.000100	1.056180	0.000000	1.180150	0.000000	1.431510	0.000000	1.623270	0.000000	1.721710	0.000000	1.637960	0.000000	0.345906	4.448620	4.286250	0.711136	3.943530	5.795280	5.455180	0.957234	0.266653	0.000000	88.282500	1.533350	0.000000	1090.970000	324.307000	17.614200	61.307400	37.737400	170.527000	0.000000	0.000000	1.401500	0.012976	0.679746	
   67	82.190000	79.990000	80.000000	77.050000	69.780000	72.000000	72.000000	91.360000	122.280000	110.470000	92.740000	83.050000	80.000000	79.920000	70.160000	71.900000	82.190000	81.000000	90.080000	105.010000	125.890000	105.010000	90.080000	79.260000	14.000000	15.080000	39.360000	19.600000	38.720000	38.200000	34.200000	17.800000	10.440000	86.560000	26.400000	48.160000	14.000000	22.760000	36.320000	37.680000	40.440000	45.520000	75.120000	30.000000	13.720000	10.000000	16.920000	24.440000	87.190000	84.990000	84.900000	77.050000	72.780000	75.990000	75.000000	91.700000	126.890000	110.320000	92.740000	80.050000	81.300000	79.920000	72.000000	74.590000	82.190000	81.000000	80.020000	96.050000	110.890000	97.680000	83.190000	77.820000	87.000000	72.990000	70.830000	70.080000	78.000000	78.000000	79.650000	98.000000	123.580000	108.470000	91.000000	80.050000	79.000000	79.920000	78.000000	85.490000	82.190000	78.000000	80.520000	91.050000	100.000000	90.000000	82.090000	69.900000	0.586000	0.000000	0.549000	0.000000	0.567000	0.000000	0.618000	0.000000	0.635000	0.000000	0.626000	0.000000	0.606000	0.004000	0.546000	0.080000	0.556000	0.154000	0.649000	0.208000	70.080000	34.541600	32.709000	14.820800	17.754300	50.451500	88.616200	147.028000	180.736000	171.316000	139.223000	125.463000	0.890501	0.465300	0.907822	0.506800	0.937951	0.548200	0.955886	0.863200	1.019370	1.965500	1.061460	0.246100	1.071750	0.102600	1.073230	0.000100	1.125660	0.000000	1.234650	0.000000	1.461360	0.000000	1.702660	0.000000	1.806420	0.000000	1.721070	0.000000	0.345906	4.864560	4.549830	0.000000	3.381930	6.116280	5.291850	1.002650	0.040180	0.571780	107.544000	0.000000	0.000000	898.652000	349.622000	8.989640	53.828600	35.993300	133.351000	0.000000	0.333120	1.354810	0.000000	0.305636	
   68	82.190000	79.990000	80.000000	77.050000	69.780000	72.000000	72.000000	91.360000	122.280000	110.470000	92.740000	83.050000	80.000000	79.920000	70.160000	71.900000	82.190000	81.000000	90.080000	105.010000	125.890000	105.010000	90.080000	79.260000	14.000000	15.080000	39.360000	19.600000	38.720000	38.200000	34.200000	17.800000	10.440000	86.560000	26.400000	48.160000	14.000000	22.760000	36.320000	37.680000	40.440000	45.520000	75.120000	30.000000	13.720000	10.000000	16.920000	24.440000	87.190000	84.990000	84.900000	77.050000	72.780000	75.990000	75.000000	91.700000	126.890000	110.320000	92.740000	80.050000	81.300000	79.920000	72.000000	74.590000	82.190000	81.000000	80.020000	96.050000	110.890000	97.680000	83.190000	77.820000	87.000000	72.990000	70.830000	70.080000	78.000000	78.000000	79.650000	98.000000	123.580000	108.470000	91.000000	80.050000	79.000000	79.920000	78.000000	85.490000	82.190000	78.000000	80.520000	91.050000	100.000000	90.000000	82.090000	69.900000	0.586000	0.000000	0.549000	0.000000	0.567000	0.000000	0.618000	0.000000	0.635000	0.000000	0.626000	0.000000	0.606000	0.004000	0.546000	0.080000	0.556000	0.154000	0.649000	0.208000	70.080000	34.541600	32.709000	14.820800	17.754300	50.451500	88.616200	147.028000	180.736000	171.316000	139.223000	125.463000	0.890501	0.465300	0.907822	0.506800	0.937951	0.548200	0.984159	0.596900	0.996212	0.283800	0.951425	0.166700	0.949649	0.046000	0.921472	0.000000	0.935412	0.000000	1.067920	0.000000	1.330450	0.000000	1.602260	0.000000	1.766010	0.000000	1.683820	0.000000	0.345906	4.321510	3.842350	1.015030	4.867990	6.201690	5.628210	1.352210	0.000000	0.000000	106.065000	0.682830	0.000000	933.799000	371.619000	22.493800	59.908000	29.988400	158.998000	0.000000	0.087696	1.509270	0.000000	0.444396	
   69	82.190000	79.990000	80.000000	77.050000	69.780000	72.000000	72.000000	91.360000	122.280000	110.470000	92.740000	83.050000	80.000000	79.920000	70.160000	71.900000	82.190000	81.000000	90.080000	105.010000	125.890000	105.010000	90.080000	79.260000	14.000000	15.080000	39.360000	19.600000	38.720000	38.200000	34.200000	17.800000	10.440000	86.560000	26.400000	48.160000	14.000000	22.760000	36.320000	37.680000	40.440000	45.520000	75.120000	30.000000	13.720000	10.000000	16.920000	24.440000	87.190000	84.990000	84.900000	77.050000	72.780000	75.990000	75.000000	91.700000	126.890000	110.320000	92.740000	80.050000	81.300000	79.920000	72.000000	74.590000	82.190000	81.000000	80.020000	96.050000	110.890000	97.680000	83.190000	77.820000	87.000000	72.990000	70.830000	70.080000	78.000000	78.000000	79.650000	98.000000	123.580000	108.470000	91.000000	80.050000	79.000000	79.920000	78.000000	85.490000	82.190000	78.000000	80.520000	91.050000	100.000000	90.000000	82.090000	69.900000	0.586000	0.000000	0.549000	0.000000	0.567000	0.000000	0.618000	0.000000	0.635000	0.000000	0.626000	0.000000	0.606000	0.004000	0.546000	0.080000	0.556000	0.154000	0.649000	0.208000	70.080000	33.912700	35.178700	24.935300	30.144700	60.094100	109.358000	153.972000	188.412000	188.465000	155.192000	143.922000	0.858517	0.755600	0.894788	0.879700	0.969391	0.638100	1.017530	0.592100	1.040230	0.431400	1.083990	0.288500	1.067470	0.100000	1.007060	0.000000	1.040380	0.000000	1.179920	0.000000	1.411530	0.000000	1.632950	0.000000	1.707740	0.000000	1.643340	0.000000	0.345906	4.400150	4.426940	0.356894	3.972070	6.371860	5.624270	0.967896	0.362888	0.000000	66.656600	0.876373	0.000000	957.793000	354.827000	17.532300	71.788000	37.702200	173.622000	0.000000	0.000000	1.470600	0.031084	0.427703	
   70	82.190000	79.990000	80.000000	77.050000	69.780000	72.000000	72.000000	91.360000	122.280000	110.470000	92.740000	83.050000	80.000000	79.920000	70.160000	71.900000	82.190000	81.000000	90.080000	105.010000	125.890000	105.010000	90.080000	79.260000	14.000000	15.080000	39.360000	19.600000	38.720000	38.200000	34.200000	17.800000	10.440000	86.560000	26.400000	48.160000	14.000000	22.760000	36.320000	37.680000	40.440000	45.520000	75.120000	30.000000	13.720000	10.000000	16.920000	24.440000	87.190000	84.990000	84.900000	77.050000	72.780000	75.990000	75.000000	91.700000	126.890000	110.320000	92.740000	80.050000	81.300000	79.920000	72.000000	74.590000	82.190000	81.000000	80.020000	96.050000	110.890000	97.680000	83.190000	77.820000	87.000000	72.990000	70.830000	70.080000	78.000000	78.000000	79.650000	98.000000	123.580000	108.470000	91.000000	80.050000	79.000000	79.920000	78.000000	85.490000	82.190000	78.000000	80.520000	91.050000	100.000000	90.000000	82.090000	69.900000	0.586000	0.000000	0.549000	0.000000	0.567000	0.000000	0.618000	0.000000	0.635000	0.000000	0.626000	0.000000	0.606000	0.004000	0.546000	0.080000	0.556000	0.154000	0.649000	0.208000	70.080000	34.541600	32.709000	14.820800	17.754300	50.451500	88.616200	147.028000	180.736000	171.316000	139.223000	125.463000	0.890501	0.465300	0.907822	0.506800	0.937951	0.548200	0.955886	0.863200	1.018380	0.495400	1.049270	0.065100	1.023130	0.190500	0.982241	0.000100	1.007180	0.000000	1.121380	0.000000	1.330060	0.000000	1.552560	0.000000	1.646700	0.000000	1.596870	0.000000	0.345906	4.845550	4.708430	0.559622	4.230590	6.371380	5.428920	0.869999	0.000000	0.000000	107.442000	0.000000	0.000000	796.567000	369.523000	14.356700	57.248500	37.596900	211.781000	0.000000	0.047639	1.299930	0.008782	0.676262	
   71	82.190000	79.990000	80.000000	77.050000	69.780000	72.000000	72.000000	91.360000	122.280000	110.470000	92.740000	83.050000	80.000000	79.920000	70.160000	71.900000	82.190000	81.000000	90.080000	105.010000	125.890000	105.010000	90.080000	79.260000	14.000000	15.080000	39.360000	19.600000	38.720000	38.200000	34.200000	17.800000	10.440000	86.560000	26.400000	48.160000	14.000000	22.760000	36.320000	37.680000	40.440000	45.520000	75.120000	30.000000	13.720000	10.000000	16.920000	24.440000	87.190000	84.990000	84.900000	77.050000	72.780000	75.990000	75.000000	91.700000	126.890000	110.320000	92.740000	80.050000	81.300000	79.920000	72.000000	74.590000	82.190000	81.000000	80.020000	96.050000	110.890000	97.680000	83.190000	77.820000	87.000000	72.990000	70.830000	70.080000	78.000000	78.000000	79.650000	98.000000	123.580000	108.470000	91.000000	80.050000	79.000000	79.920000	78.000000	85.490000	82.190000	78.000000	80.520000	91.050000	100.000000	90.000000	82.090000	69.900000	0.586000	0.000000	0.549000	0.000000	0.567000	0.000000	0.618000	0.000000	0.635000	0.000000	0.626000	0.000000	0.606000	0.004000	0.546000	0.080000	0.556000	0.154000	0.649000	0.208000	70.080000	33.912700	35.178700	24.935300	30.144700	60.094100	109.358000	153.972000	188.412000	188.465000	155.192000	143.922000	0.858517	0.755600	0.894788	0.879700	0.969391	0.638100	1.017530	0.592100	1.040230	0.431400	1.083990	0.288500	1.067470	0.100000	1.007060	0.000000	1.040380	0.000000	1.179920	0.000000	1.411530	0.000000	1.632950	0.000000	1.707740	0.000000	1.643340	0.000000	0.345906	4.416500	4.250380	0.722624	4.811700	6.897470	5.226870	0.883361	0.348116	0.000000	112.948000	0.000000	0.000000	830.505000	341.818000	26.249200	61.905200	41.667200	154.298000	0.000000	0.393184	1.296610	0.000000	0.267857	
   72	82.190000	79.990000	80.000000	77.050000	69.780000	72.000000	72.000000	91.360000	122.280000	110.470000	92.740000	83.050000	80.000000	79.920000	70.160000	71.900000	82.190000	81.000000	90.080000	105.010000	125.890000	105.010000	90.080000	79.260000	14.000000	15.080000	39.360000	19.600000	38.720000	38.200000	34.200000	17.800000	10.440000	86.560000	26.400000	48.160000	14.000000	22.760000	36.320000	37.680000	40.440000	45.520000	75.120000	30.000000	13.720000	10.000000	16.920000	24.440000	87.190000	84.990000	84.900000	77.050000	72.780000	75.990000	75.000000	91.700000	126.890000	110.320000	92.740000	80.050000	81.300000	79.920000	72.000000	74.590000	82.190000	81.000000	80.020000	96.050000	110.890000	97.680000	83.190000	77.820000	87.000000	72.990000	70.830000	70.080000	78.000000	78.000000	79.650000	98.000000	123.580000	108.470000	91.000000	80.050000	79.000000	79.920000	78.000000	85.490000	82.190000	78.000000	80.520000	91.050000	100.000000	90.000000	82.090000	69.900000	0.586000	0.000000	0.549000	0.000000	0.567000	0.000000	0.618000	0.000000	0.635000	0.000000	0.626000	0.000000	0.606000	0.004000	0.546000	0.080000	0.556000	0.154000	0.649000	0.208000	70.080000	47.411100	45.503800	29.448300	30.207900	55.767500	94.315900	143.148000	188.211000	174.359000	142.026000	121.914000	0.857750	0.432500	0.957182	0.591900	0.952630	0.838100	0.965289	0.474200	0.904684	0.325500	1.021480	0.118600	1.047340	0.146300	0.984139	0.000100	0.972310	0.000000	1.091520	0.000000	1.337420	0.000000	1.578150	0.000000	1.661500	0.000000	1.627560	0.000000	0.345906	4.499920	4.314580	0.350826	3.944070	6.432580	5.553190	0.989830	0.196196	0.000000	113.068000	0.000000	0.000000	902.588000	354.387000	18.150800	63.005200	37.680000	176.169000	0.201118	0.000000	1.303550	0.091504	0.572250	
   73	82.190000	79.990000	80.000000	77.050000	69.780000	72.000000	72.000000	91.360000	122.280000	110.470000	92.740000	83.050000	80.000000	79.920000	70.160000	71.900000	82.190000	81.000000	90.080000	105.010000	125.890000	105.010000	90.080000	79.260000	14.000000	15.080000	39.360000	19.600000	38.720000	38.200000	34.200000	17.800000	10.440000	86.560000	26.400000	48.160000	14.000000	22.760000	36.320000	37.680000	40.440000	45.520000	75.120000	30.000000	13.720000	10.000000	16.920000	24.440000	87.190000	84.990000	84.900000	77.050000	72.780000	75.990000	75.000000	91.700000	126.890000	110.320000	92.740000	80.050000	81.300000	79.920000	72.000000	74.590000	82.190000	81.000000	80.020000	96.050000	110.890000	97.680000	83.190000	77.820000	87.000000	72.990000	70.830000	70.080000	78.000000	78.000000	79.650000	98.000000	123.580000	108.470000	91.000000	80.050000	79.000000	79.920000	78.000000	85.490000	82.190000	78.000000	80.520000	91.050000	100.000000	90.000000	82.090000	69.900000	0.586000	0.000000	0.549000	0.000000	0.567000	0.000000	0.618000	0.000000	0.635000	0.000000	0.626000	0.000000	0.606000	0.004000	0.546000	0.080000	0.556000	0.154000	0.649000	0.208000	70.080000	33.912700	35.178700	24.935300	30.144700	60.094100	109.358000	153.972000	188.412000	188.465000	155.192000	143.922000	0.858517	0.755600	0.894788	0.879700	0.969391	0.638100	1.017530	0.592100	1.040230	0.431400	1.083990	0.288500	1.067470	0.100000	1.007060	0.000000	1.040380	0.000000	1.179920	0.000000	1.411530	0.000000	1.632950	0.000000	1.707740	0.000000	1.643340	0.000000	0.345906	4.477970	4.417470	0.242250	3.976740	6.511630	5.819620	1.120590	0.000000	0.000000	85.474200	18.105600	71.807600	1040.070000	451.990000	0.000000	59.058400	37.337100	183.246000	0.000000	0.363771	1.357870	0.010416	0.643432	
   74	82.190000	79.990000	80.000000	77.050000	69.780000	72.000000	72.000000	91.360000	122.280000	110.470000	92.740000	83.050000	80.000000	79.920000	70.160000	71.900000	82.190000	81.000000	90.080000	105.010000	125.890000	105.010000	90.080000	79.260000	14.000000	15.080000	39.360000	19.600000	38.720000	38.200000	34.200000	17.800000	10.440000	86.560000	26.400000	48.160000	14.000000	22.760000	36.320000	37.680000	40.440000	45.520000	75.120000	30.000000	13.720000	10.000000	16.920000	24.440000	87.190000	84.990000	84.900000	77.050000	72.780000	75.990000	75.000000	91.700000	126.890000	110.320000	92.740000	80.050000	81.300000	79.920000	72.000000	74.590000	82.190000	81.000000	80.020000	96.050000	110.890000	97.680000	83.190000	77.820000	87.000000	72.990000	70.830000	70.080000	78.000000	78.000000	79.650000	98.000000	123.580000	108.470000	91.000000	80.050000	79.000000	79.920000	78.000000	85.490000	82.190000	78.000000	80.520000	91.050000	100.000000	90.000000	82.090000	69.900000	0.586000	0.000000	0.549000	0.000000	0.567000	0.000000	0.618000	0.000000	0.635000	0.000000	0.626000	0.000000	0.606000	0.004000	0.546000	0.080000	0.556000	0.154000	0.649000	0.208000	70.080000	47.411100	45.503800	29.448300	30.207900	55.767500	94.315900	143.148000	188.211000	174.359000	142.026000	121.914000	0.857750	0.432500	0.957182	0.591900	0.952630	0.838100	0.965289	0.474200	0.904684	0.325500	1.021480	0.118600	1.047340	0.146300	0.984139	0.000100	0.972310	0.000000	1.091520	0.000000	1.337420	0.000000	1.578150	0.000000	1.661500	0.000000	1.627560	0.000000	0.345906	4.499920	4.314580	0.350826	3.944070	6.432580	5.553190	0.989830	0.196196	0.000000	113.068000	0.000000	0.000000	902.588000	354.387000	18.150800	63.005200	37.680000	176.169000	0.201118	0.000000	1.303550	0.091504	0.572250	
   75	82.190000	79.990000	80.000000	77.050000	69.780000	72.000000	72.000000	91.360000	122.280000	110.470000	92.740000	83.050000	80.000000	79.920000	70.160000	71.900000	82.190000	81.000000	90.080000	105.010000	125.890000	105.010000	90.080000	79.260000	14.000000	15.080000	39.360000	19.600000	38.720000	38.200000	34.200000	17.800000	10.440000	86.560000	26.400000	48.160000	14.000000	22.760000	36.320000	37.680000	40.440000	45.520000	75.120000	30.000000	13.720000	10.000000	16.920000	24.440000	87.190000	84.990000	84.900000	77.050000	72.780000	75.990000	75.000000	91.700000	126.890000	110.320000	92.740000	80.050000	81.300000	79.920000	72.000000	74.590000	82.190000	81.000000	80.020000	96.050000	110.890000	97.680000	83.190000	77.820000	87.000000	72.990000	70.830000	70.080000	78.000000	78.000000	79.650000	98.000000	123.580000	108.470000	91.000000	80.050000	79.000000	79.920000	78.000000	85.490000	82.190000	78.000000	80.520000	91.050000	100.000000	90.000000	82.090000	69.900000	0.586000	0.000000	0.549000	0.000000	0.567000	0.000000	0.618000	0.000000	0.635000	0.000000	0.626000	0.000000	0.606000	0.004000	0.546000	0.080000	0.556000	0.154000	0.649000	0.208000	70.080000	33.912700	35.178700	24.935300	30.144700	60.094100	109.358000	153.972000	188.412000	188.465000	155.192000	143.922000	0.858517	0.755600	0.894788	0.879700	0.969391	0.638100	1.017530	0.592100	1.040230	0.431400	1.083990	0.288500	1.067470	0.100000	1.007060	0.000000	1.040380	0.000000	1.179920	0.000000	1.411530	0.000000	1.632950	0.000000	1.707740	0.000000	1.643340	0.000000	0.345906	4.416500	4.250380	0.722624	5.983130	8.623510	5.910820	1.738160	0.000000	0.000000	165.264000	11.521900	0.000000	1070.530000	376.514000	12.579500	51.690400	33.050100	468.304000	3.904190	0.290866	1.380090	0.035399	0.455762	
   76	82.190000	79.990000	80.000000	77.050000	69.780000	72.000000	72.000000	91.360000	122.280000	110.470000	92.740000	83.050000	80.000000	79.920000	70.160000	71.900000	82.190000	81.000000	90.080000	105.010000	125.890000	105.010000	90.080000	79.260000	14.000000	15.080000	39.360000	19.600000	38.720000	38.200000	34.200000	17.800000	10.440000	86.560000	26.400000	48.160000	14.000000	22.760000	36.320000	37.680000	40.440000	45.520000	75.120000	30.000000	13.720000	10.000000	16.920000	24.440000	87.190000	84.990000	84.900000	77.050000	72.780000	75.990000	75.000000	91.700000	126.890000	110.320000	92.740000	80.050000	81.300000	79.920000	72.000000	74.590000	82.190000	81.000000	80.020000	96.050000	110.890000	97.680000	83.190000	77.820000	87.000000	72.990000	70.830000	70.080000	78.000000	78.000000	79.650000	98.000000	123.580000	108.470000	91.000000	80.050000	79.000000	79.920000	78.000000	85.490000	82.190000	78.000000	80.520000	91.050000	100.000000	90.000000	82.090000	69.900000	0.586000	0.000000	0.549000	0.000000	0.567000	0.000000	0.618000	0.000000	0.635000	0.000000	0.626000	0.000000	0.606000	0.004000	0.546000	0.080000	0.556000	0.154000	0.649000	0.208000	70.080000	32.139200	30.876600	26.480300	28.854400	48.449900	107.736000	144.571000	194.582000	195.771000	165.512000	127.738000	0.985933	0.220900	1.019980	0.546500	1.028460	0.538100	1.068900	0.549000	1.143250	0.299800	1.142380	0.072600	1.082270	0.114900	1.054220	0.000000	1.079220	0.000000	1.170250	0.000000	1.395000	0.000000	1.608160	0.000000	1.688720	0.000000	1.684820	0.000000	0.345906	4.271480	4.113620	0.048626	3.959990	7.132380	5.210910	0.999135	0.314259	0.000000	133.398000	0.000000	0.000000	933.449000	389.120000	17.625500	63.005200	37.680000	176.169000	0.201118	0.000000	1.303550	0.091504	0.572250	
   77	82.190000	79.990000	80.000000	77.050000	69.780000	72.000000	72.000000	91.360000	122.280000	110.470000	92.740000	83.050000	80.000000	79.920000	70.160000	71.900000	82.190000	81.000000	90.080000	105.010000	125.890000	105.010000	90.080000	79.260000	14.000000	15.080000	39.360000	19.600000	38.720000	38.200000	34.200000	17.800000	10.440000	86.560000	26.400000	48.160000	14.000000	22.760000	36.320000	37.680000	40.440000	45.520000	75.120000	30.000000	13.720000	10.000000	16.920000	24.440000	87.190000	84.990000	84.900000	77.050000	72.780000	75.990000	75.000000	91.700000	126.890000	110.320000	92.740000	80.050000	81.300000	79.920000	72.000000	74.590000	82.190000	81.000000	80.020000	96.050000	110.890000	97.680000	83.190000	77.820000	87.000000	72.990000	70.830000	70.080000	78.000000	78.000000	79.650000	98.000000	123.580000	108.470000	91.000000	80.050000	79.000000	79.920000	78.000000	85.490000	82.190000	78.000000	80.520000	91.050000	100.000000	90.000000	82.090000	69.900000	0.586000	0.000000	0.549000	0.000000	0.567000	0.000000	0.618000	0.000000	0.635000	0.000000	0.626000	0.000000	0.606000	0.004000	0.546000	0.080000	0.556000	0.154000	0.649000	0.208000	70.080000	28.996500	25.325100	21.814900	22.226400	53.127100	94.863800	121.208000	179.579000	180.718000	147.202000	129.909000	0.878167	0.404400	1.090770	0.750800	0.922525	0.736000	0.920943	0.754600	0.880033	0.419400	0.882041	0.177300	0.856209	0.037600	0.798750	0.000000	0.811677	0.000000	0.950903	0.000000	1.213220	0.000000	1.463430	0.000000	1.562260	0.000000	1.515250	0.000000	0.345906	4.440040	4.378600	0.249098	3.766570	6.361180	5.472590	1.020770	0.412646	0.000000	111.643000	0.000000	0.000000	984.975000	0.000000	35.668900	57.946500	42.897100	181.222000	0.000000	0.422085	1.365330	0.000000	0.650935	
   78	82.190000	79.990000	80.000000	77.050000	69.780000	72.000000	72.000000	91.360000	122.280000	110.470000	92.740000	83.050000	80.000000	79.920000	70.160000	71.900000	82.190000	81.000000	90.080000	105.010000	125.890000	105.010000	90.080000	79.260000	14.000000	15.080000	39.360000	19.600000	38.720000	38.200000	34.200000	17.800000	10.440000	86.560000	26.400000	48.160000	14.000000	22.760000	36.320000	37.680000	40.440000	45.520000	75.120000	30.000000	13.720000	10.000000	16.920000	24.440000	87.190000	84.990000	84.900000	77.050000	72.780000	75.990000	75.000000	91.700000	126.890000	110.320000	92.740000	80.050000	81.300000	79.920000	72.000000	74.590000	82.190000	81.000000	80.020000	96.050000	110.890000	97.680000	83.190000	77.820000	87.000000	72.990000	70.830000	70.080000	78.000000	78.000000	79.650000	98.000000	123.580000	108.470000	91.000000	80.050000	79.000000	79.920000	78.000000	85.490000	82.190000	78.000000	80.520000	91.050000	100.000000	90.000000	82.090000	69.900000	0.586000	0.000000	0.549000	0.000000	0.567000	0.000000	0.618000	0.000000	0.635000	0.000000	0.626000	0.000000	0.606000	0.004000	0.546000	0.080000	0.556000	0.154000	0.649000	0.208000	70.080000	47.411100	45.503800	29.448300	30.207900	55.767500	94.315900	143.148000	188.211000	174.359000	142.026000	121.914000	0.857750	0.432500	0.957182	0.591900	0.952630	0.838100	0.965289	0.474200	0.904684	0.325500	1.021480	0.118600	1.047340	0.146300	0.984139	0.000100	0.972310	0.000000	1.091520	0.000000	1.337420	0.000000	1.578150	0.000000	1.661500	0.000000	1.627560	0.000000	0.345906	4.499920	4.314580	0.350826	3.944070	6.432580	5.553190	0.989830	0.196196	0.000000	113.068000	0.000000	0.000000	902.588000	354.387000	18.150800	63.005200	37.680000	176.169000	0.201118	0.000000	1.303550	0.091504	0.572250	
   79	82.190000	79.990000	80.000000	77.050000	69.780000	72.000000	72.000000	91.360000	122.280000	110.470000	92.740000	83.050000	80.000000	79.920000	70.160000	71.900000	82.190000	81.000000	90.080000	105.010000	125.890000	105.010000	90.080000	79.260000	14.000000	15.080000	39.360000	19.600000	38.720000	38.200000	34.200000	17.800000	10.440000	86.560000	26.400000	48.160000	14.000000	22.760000	36.320000	37.680000	40.440000	45.520000	75.120000	30.000000	13.720000	10.000000	16.920000	24.440000	87.190000	84.990000	84.900000	77.050000	72.780000	75.990000	75.000000	91.700000	126.890000	110.320000	92.740000	80.050000	81.300000	79.920000	72.000000	74.590000	82.190000	81.000000	80.020000	96.050000	110.890000	97.680000	83.190000	77.820000	87.000000	72.990000	70.830000	70.080000	78.000000	78.000000	79.650000	98.000000	123.580000	108.470000	91.000000	80.050000	79.000000	79.920000	78.000000	85.490000	82.190000	78.000000	80.520000	91.050000	100.000000	90.000000	82.090000	69.900000	0.586000	0.000000	0.549000	0.000000	0.567000	0.000000	0.618000	0.000000	0.635000	0.000000	0.626000	0.000000	0.606000	0.004000	0.546000	0.080000	0.556000	0.154000	0.649000	0.208000	70.080000	34.499700	34.594800	19.262700	25.804900	45.623400	112.989000	152.631000	189.716000	171.606000	131.715000	132.510000	0.937619	0.673400	0.978442	0.358800	1.030950	0.575200	1.055230	0.144400	1.077570	0.077100	1.083660	0.238000	1.084800	0.111600	1.106050	0.000000	1.134190	0.000000	1.241670	0.000000	1.473370	0.000000	1.698220	0.000000	1.774600	0.000000	1.684820	0.000000	0.345906	4.566620	4.256310	0.296057	3.909630	6.494940	5.647780	0.962550	0.179665	8.018750	114.996000	0.346112	0.000000	1064.570000	400.985000	17.514200	63.926800	37.836200	204.845000	0.000000	0.466814	1.294390	0.000000	0.667068	
   80	82.190000	79.990000	80.000000	77.050000	69.780000	72.000000	72.000000	91.360000	122.280000	110.470000	92.740000	83.050000	80.000000	79.920000	70.160000	71.900000	82.190000	81.000000	90.080000	105.010000	125.890000	105.010000	90.080000	79.260000	14.000000	15.080000	39.360000	19.600000	38.720000	38.200000	34.200000	17.800000	10.440000	86.560000	26.400000	48.160000	14.000000	22.760000	36.320000	37.680000	40.440000	45.520000	75.120000	30.000000	13.720000	10.000000	16.920000	24.440000	87.190000	84.990000	84.900000	77.050000	72.780000	75.990000	75.000000	91.700000	126.890000	110.320000	92.740000	80.050000	81.300000	79.920000	72.000000	74.590000	82.190000	81.000000	80.020000	96.050000	110.890000	97.680000	83.190000	77.820000	87.000000	72.990000	70.830000	70.080000	78.000000	78.000000	79.650000	98.000000	123.580000	108.470000	91.000000	80.050000	79.000000	79.920000	78.000000	85.490000	82.190000	78.000000	80.520000	91.050000	100.000000	90.000000	82.090000	69.900000	0.586000	0.000000	0.549000	0.000000	0.567000	0.000000	0.618000	0.000000	0.635000	0.000000	0.626000	0.000000	0.606000	0.004000	0.546000	0.080000	0.556000	0.154000	0.649000	0.208000	70.080000	28.996500	25.325100	21.814900	22.226400	53.127100	94.863800	121.208000	179.579000	180.718000	147.202000	129.909000	0.878167	0.404400	1.090770	0.750800	0.922525	0.736000	0.920943	0.754600	0.946732	1.022600	0.919413	0.263400	0.848266	0.036300	0.818811	0.000000	0.869399	0.000000	1.025260	0.000000	1.279760	0.000000	1.498940	0.000000	1.573590	0.000000	1.496700	0.000000	0.345906	4.745120	4.313350	0.379293	3.968280	6.400560	5.461560	1.054100	0.430930	0.000000	112.406000	0.134037	0.000000	899.954000	329.714000	17.629000	56.063600	37.890300	177.703000	0.000000	0.572911	1.461370	0.000000	0.270483	
   81	82.190000	79.990000	80.000000	77.050000	69.780000	72.000000	72.000000	91.360000	122.280000	110.470000	92.740000	83.050000	80.000000	79.920000	70.160000	71.900000	82.190000	81.000000	90.080000	105.010000	125.890000	105.010000	90.080000	79.260000	14.000000	15.080000	39.360000	19.600000	38.720000	38.200000	34.200000	17.800000	10.440000	86.560000	26.400000	48.160000	14.000000	22.760000	36.320000	37.680000	40.440000	45.520000	75.120000	30.000000	13.720000	10.000000	16.920000	24.440000	87.190000	84.990000	84.900000	77.050000	72.780000	75.990000	75.000000	91.700000	126.890000	110.320000	92.740000	80.050000	81.300000	79.920000	72.000000	74.590000	82.190000	81.000000	80.020000	96.050000	110.890000	97.680000	83.190000	77.820000	87.000000	72.990000	70.830000	70.080000	78.000000	78.000000	79.650000	98.000000	123.580000	108.470000	91.000000	80.050000	79.000000	79.920000	78.000000	85.490000	82.190000	78.000000	80.520000	91.050000	100.000000	90.000000	82.090000	69.900000	0.586000	0.000000	0.549000	0.000000	0.567000	0.000000	0.618000	0.000000	0.635000	0.000000	0.626000	0.000000	0.606000	0.004000	0.546000	0.080000	0.556000	0.154000	0.649000	0.208000	70.080000	33.912700	35.178700	24.935300	30.144700	60.094100	109.358000	153.972000	188.412000	188.465000	155.192000	143.922000	0.858517	0.755600	0.894788	0.879700	0.969391	0.638100	1.017530	0.592100	1.040230	0.431400	1.083990	0.288500	1.067470	0.100000	1.007060	0.000000	1.040380	0.000000	1.179920	0.000000	1.411530	0.000000	1.632950	0.000000	1.707740	0.000000	1.643340	0.000000	0.345906	4.594970	4.348610	0.154772	3.855700	6.638820	5.503780	1.096700	0.411713	0.000000	116.884000	0.000000	0.000000	1178.570000	363.749000	19.613700	55.668000	34.627900	237.566000	0.000000	0.265810	1.379430	0.000000	0.502007	
   82	82.190000	79.990000	80.000000	77.050000	69.780000	72.000000	72.000000	91.360000	122.280000	110.470000	92.740000	83.050000	80.000000	79.920000	70.160000	71.900000	82.190000	81.000000	90.080000	105.010000	125.890000	105.010000	90.080000	79.260000	14.000000	15.080000	39.360000	19.600000	38.720000	38.200000	34.200000	17.800000	10.440000	86.560000	26.400000	48.160000	14.000000	22.760000	36.320000	37.680000	40.440000	45.520000	75.120000	30.000000	13.720000	10.000000	16.920000	24.440000	87.190000	84.990000	84.900000	77.050000	72.780000	75.990000	75.000000	91.700000	126.890000	110.320000	92.740000	80.050000	81.300000	79.920000	72.000000	74.590000	82.190000	81.000000	80.020000	96.050000	110.890000	97.680000	83.190000	77.820000	87.000000	72.990000	70.830000	70.080000	78.000000	78.000000	79.650000	98.000000	123.580000	108.470000	91.000000	80.050000	79.000000	79.920000	78.000000	85.490000	82.190000	78.000000	80.520000	91.050000	100.000000	90.000000	82.090000	69.900000	0.586000	0.000000	0.549000	0.000000	0.567000	0.000000	0.618000	0.000000	0.635000	0.000000	0.626000	0.000000	0.606000	0.004000	0.546000	0.080000	0.556000	0.154000	0.649000	0.208000	70.080000	33.912700	35.178700	24.935300	30.144700	60.094100	109.358000	153.972000	188.412000	188.465000	155.192000	143.922000	0.858517	0.755600	0.894788	0.879700	0.969391	0.638100	1.017530	0.592100	1.040230	0.431400	1.083990	0.288500	1.067470	0.100000	1.007060	0.000000	1.040380	0.000000	1.179920	0.000000	1.411530	0.000000	1.632950	0.000000	1.707740	0.000000	1.643340	0.000000	0.345906	4.745120	4.313350	0.379293	3.968280	6.400560	5.461560	1.054100	0.430930	0.000000	112.406000	0.134037	0.000000	899.954000	329.714000	17.629000	56.063600	37.890300	177.703000	0.000000	0.572911	1.461370	0.000000	0.650935	
   83	82.190000	79.990000	80.000000	77.050000	69.780000	72.000000	72.000000	91.360000	122.280000	110.470000	92.740000	83.050000	80.000000	79.920000	70.160000	71.900000	82.190000	81.000000	90.080000	105.010000	125.890000	105.010000	90.080000	79.260000	14.000000	15.080000	39.360000	19.600000	38.720000	38.200000	34.200000	17.800000	10.440000	86.560000	26.400000	48.160000	14.000000	22.760000	36.320000	37.680000	40.440000	45.520000	75.120000	30.000000	13.720000	10.000000	16.920000	24.440000	87.190000	84.990000	84.900000	77.050000	72.780000	75.990000	75.000000	91.700000	126.890000	110.320000	92.740000	80.050000	81.300000	79.920000	72.000000	74.590000	82.190000	81.000000	80.020000	96.050000	110.890000	97.680000	83.190000	77.820000	87.000000	72.990000	70.830000	70.080000	78.000000	78.000000	79.650000	98.000000	123.580000	108.470000	91.000000	80.050000	79.000000	79.920000	78.000000	85.490000	82.190000	78.000000	80.520000	91.050000	100.000000	90.000000	82.090000	69.900000	0.586000	0.000000	0.549000	0.000000	0.567000	0.000000	0.618000	0.000000	0.635000	0.000000	0.626000	0.000000	0.606000	0.004000	0.546000	0.080000	0.556000	0.154000	0.649000	0.208000	70.080000	33.912700	35.178700	24.935300	30.144700	60.094100	109.358000	153.972000	188.412000	188.465000	155.192000	143.922000	0.858517	0.755600	0.894788	0.879700	0.969391	0.638100	1.017530	0.592100	1.040230	0.431400	1.083990	0.288500	1.067470	0.100000	1.007060	0.000000	1.040380	0.000000	1.179920	0.000000	1.411530	0.000000	1.632950	0.000000	1.707740	0.000000	1.643340	0.000000	0.345906	4.990750	4.735700	0.446393	4.238380	6.787410	5.715370	0.995022	0.115058	0.000000	121.609000	0.000000	0.000000	902.428000	380.329000	15.058100	60.532900	40.553800	146.809000	10.632600	0.481074	1.360850	0.000000	0.433095	
   84	82.190000	79.990000	80.000000	77.050000	69.780000	72.000000	72.000000	91.360000	122.280000	110.470000	92.740000	83.050000	80.000000	79.920000	70.160000	71.900000	82.190000	81.000000	90.080000	105.010000	125.890000	105.010000	90.080000	79.260000	14.000000	15.080000	39.360000	19.600000	38.720000	38.200000	34.200000	17.800000	10.440000	86.560000	26.400000	48.160000	14.000000	22.760000	36.320000	37.680000	40.440000	45.520000	75.120000	30.000000	13.720000	10.000000	16.920000	24.440000	87.190000	84.990000	84.900000	77.050000	72.780000	75.990000	75.000000	91.700000	126.890000	110.320000	92.740000	80.050000	81.300000	79.920000	72.000000	74.590000	82.190000	81.000000	80.020000	96.050000	110.890000	97.680000	83.190000	77.820000	87.000000	72.990000	70.830000	70.080000	78.000000	78.000000	79.650000	98.000000	123.580000	108.470000	91.000000	80.050000	79.000000	79.920000	78.000000	85.490000	82.190000	78.000000	80.520000	91.050000	100.000000	90.000000	82.090000	69.900000	0.586000	0.000000	0.549000	0.000000	0.567000	0.000000	0.618000	0.000000	0.635000	0.000000	0.626000	0.000000	0.606000	0.004000	0.546000	0.080000	0.556000	0.154000	0.649000	0.208000	70.080000	33.912700	35.178700	24.935300	30.144700	60.094100	109.358000	153.972000	188.412000	188.465000	155.192000	143.922000	0.858517	0.755600	0.894788	0.879700	0.969391	0.638100	1.017530	0.592100	1.040230	0.431400	1.083990	0.288500	1.067470	0.100000	1.007060	0.000000	1.040380	0.000000	1.179920	0.000000	1.411530	0.000000	1.632950	0.000000	1.707740	0.000000	1.643340	0.000000	0.345906	4.109540	3.897150	0.289180	3.901960	5.132550	5.364010	0.663728	0.098348	0.784683	91.032500	0.000000	0.000000	989.011000	378.478000	13.557300	59.185400	38.612700	216.243000	0.000000	0.119060	1.390740	0.039417	0.163494	
   85	82.190000	79.990000	80.000000	77.050000	69.780000	72.000000	72.000000	91.360000	122.280000	110.470000	92.740000	83.050000	80.000000	79.920000	70.160000	71.900000	82.190000	81.000000	90.080000	105.010000	125.890000	105.010000	90.080000	79.260000	14.000000	15.080000	39.360000	19.600000	38.720000	38.200000	34.200000	17.800000	10.440000	86.560000	26.400000	48.160000	14.000000	22.760000	36.320000	37.680000	40.440000	45.520000	75.120000	30.000000	13.720000	10.000000	16.920000	24.440000	87.190000	84.990000	84.900000	77.050000	72.780000	75.990000	75.000000	91.700000	126.890000	110.320000	92.740000	80.050000	81.300000	79.920000	72.000000	74.590000	82.190000	81.000000	80.020000	96.050000	110.890000	97.680000	83.190000	77.820000	87.000000	72.990000	70.830000	70.080000	78.000000	78.000000	79.650000	98.000000	123.580000	108.470000	91.000000	80.050000	79.000000	79.920000	78.000000	85.490000	82.190000	78.000000	80.520000	91.050000	100.000000	90.000000	82.090000	69.900000	0.586000	0.000000	0.549000	0.000000	0.567000	0.000000	0.618000	0.000000	0.635000	0.000000	0.626000	0.000000	0.606000	0.004000	0.546000	0.080000	0.556000	0.154000	0.649000	0.208000	70.080000	33.912700	35.178700	24.935300	30.144700	60.094100	109.358000	153.972000	188.412000	188.465000	155.192000	143.922000	0.858517	0.755600	0.894788	0.879700	0.969391	0.638100	1.017530	0.592100	1.040230	0.431400	1.083990	0.288500	1.067470	0.100000	1.007060	0.000000	1.040380	0.000000	1.179920	0.000000	1.411530	0.000000	1.632950	0.000000	1.707740	0.000000	1.643340	0.000000	0.345906	4.109540	3.897150	0.289180	4.319290	6.592940	5.237110	0.727467	0.365540	0.000000	121.505000	0.995611	0.000000	956.251000	394.945000	13.001300	55.250100	40.595900	155.675000	0.000000	0.412407	1.432340	0.000000	0.494006	
   86	82.190000	79.990000	80.000000	77.050000	69.780000	72.000000	72.000000	91.360000	122.280000	110.470000	92.740000	83.050000	80.000000	79.920000	70.160000	71.900000	82.190000	81.000000	90.080000	105.010000	125.890000	105.010000	90.080000	79.260000	14.000000	15.080000	39.360000	19.600000	38.720000	38.200000	34.200000	17.800000	10.440000	86.560000	26.400000	48.160000	14.000000	22.760000	36.320000	37.680000	40.440000	45.520000	75.120000	30.000000	13.720000	10.000000	16.920000	24.440000	87.190000	84.990000	84.900000	77.050000	72.780000	75.990000	75.000000	91.700000	126.890000	110.320000	92.740000	80.050000	81.300000	79.920000	72.000000	74.590000	82.190000	81.000000	80.020000	96.050000	110.890000	97.680000	83.190000	77.820000	87.000000	72.990000	70.830000	70.080000	78.000000	78.000000	79.650000	98.000000	123.580000	108.470000	91.000000	80.050000	79.000000	79.920000	78.000000	85.490000	82.190000	78.000000	80.520000	91.050000	100.000000	90.000000	82.090000	69.900000	0.586000	0.000000	0.549000	0.000000	0.567000	0.000000	0.618000	0.000000	0.635000	0.000000	0.626000	0.000000	0.606000	0.004000	0.546000	0.080000	0.556000	0.154000	0.649000	0.208000	70.080000	44.714900	41.187500	33.996700	31.300400	43.258500	111.192000	124.841000	185.250000	180.810000	145.876000	129.483000	0.899267	0.662500	1.005330	0.329500	1.058370	0.548600	0.974969	0.330900	1.003400	0.341600	1.042860	0.276500	1.049350	0.149700	0.962495	0.000000	1.016470	0.000000	1.143380	0.000000	1.386820	0.000000	1.622100	0.000000	1.711440	0.000000	1.650240	0.000000	0.345906	4.109540	3.897150	0.223619	3.770980	6.499700	5.480170	1.026180	0.276309	0.000000	114.063000	0.000000	0.000000	956.174000	370.173000	17.919900	57.842200	37.776800	171.831000	0.000000	0.421745	1.351090	0.000000	0.492249	
   87	82.190000	79.990000	80.000000	77.050000	69.780000	72.000000	72.000000	91.360000	122.280000	110.470000	92.740000	83.050000	80.000000	79.920000	70.160000	71.900000	82.190000	81.000000	90.080000	105.010000	125.890000	105.010000	90.080000	79.260000	14.000000	15.080000	39.360000	19.600000	38.720000	38.200000	34.200000	17.800000	10.440000	86.560000	26.400000	48.160000	14.000000	22.760000	36.320000	37.680000	40.440000	45.520000	75.120000	30.000000	13.720000	10.000000	16.920000	24.440000	87.190000	84.990000	84.900000	77.050000	72.780000	75.990000	75.000000	91.700000	126.890000	110.320000	92.740000	80.050000	81.300000	79.920000	72.000000	74.590000	82.190000	81.000000	80.020000	96.050000	110.890000	97.680000	83.190000	77.820000	87.000000	72.990000	70.830000	70.080000	78.000000	78.000000	79.650000	98.000000	123.580000	108.470000	91.000000	80.050000	79.000000	79.920000	78.000000	85.490000	82.190000	78.000000	80.520000	91.050000	100.000000	90.000000	82.090000	69.900000	0.586000	0.000000	0.549000	0.000000	0.567000	0.000000	0.618000	0.000000	0.635000	0.000000	0.626000	0.000000	0.606000	0.004000	0.546000	0.080000	0.556000	0.154000	0.649000	0.208000	70.080000	28.996500	25.325100	21.814900	22.226400	53.127100	94.863800	121.208000	179.579000	180.718000	147.202000	129.909000	0.878167	0.404400	1.090770	0.750800	0.922525	0.736000	0.920943	0.754600	0.880033	0.419400	1.007110	0.061400	1.033170	0.027300	1.045100	0.000000	0.979946	0.000000	1.121100	0.000000	1.359910	0.000000	1.599920	0.000000	1.701390	0.000000	1.629120	0.000000	0.345906	4.845550	4.708430	0.559622	4.230590	6.371380	5.428920	0.869999	0.245387	0.000000	125.569000	3.699760	0.000000	920.304000	378.006000	13.059600	57.651200	37.226500	163.808000	0.000000	0.406537	1.293550	0.000000	0.429929	
   88	82.190000	79.990000	80.000000	77.050000	69.780000	72.000000	72.000000	91.360000	122.280000	110.470000	92.740000	83.050000	80.000000	79.920000	70.160000	71.900000	82.190000	81.000000	90.080000	105.010000	125.890000	105.010000	90.080000	79.260000	14.000000	15.080000	39.360000	19.600000	38.720000	38.200000	34.200000	17.800000	10.440000	86.560000	26.400000	48.160000	14.000000	22.760000	36.320000	37.680000	40.440000	45.520000	75.120000	30.000000	13.720000	10.000000	16.920000	24.440000	87.190000	84.990000	84.900000	77.050000	72.780000	75.990000	75.000000	91.700000	126.890000	110.320000	92.740000	80.050000	81.300000	79.920000	72.000000	74.590000	82.190000	81.000000	80.020000	96.050000	110.890000	97.680000	83.190000	77.820000	87.000000	72.990000	70.830000	70.080000	78.000000	78.000000	79.650000	98.000000	123.580000	108.470000	91.000000	80.050000	79.000000	79.920000	78.000000	85.490000	82.190000	78.000000	80.520000	91.050000	100.000000	90.000000	82.090000	69.900000	0.586000	0.000000	0.549000	0.000000	0.567000	0.000000	0.618000	0.000000	0.635000	0.000000	0.626000	0.000000	0.606000	0.004000	0.546000	0.080000	0.556000	0.154000	0.649000	0.208000	70.080000	27.076800	26.892600	17.391200	17.681900	39.754400	96.700600	145.097000	180.702000	190.844000	154.832000	133.071000	0.923627	0.758400	0.949793	0.606300	0.901592	0.529200	1.030900	0.740000	1.084420	0.078800	0.893145	0.016100	0.895324	0.027500	0.840132	0.000000	0.869268	0.000000	1.022830	0.000000	1.265390	0.000000	1.484490	0.000000	1.661500	0.000000	1.627560	0.000000	0.345906	4.421940	3.957180	0.386806	4.210470	7.079420	5.348090	1.059710	0.203961	0.000000	127.925000	0.000000	0.000000	1034.500000	372.756000	18.167100	59.094700	35.944100	216.307000	0.000000	0.384268	1.312040	0.000000	0.500067	
   89	82.190000	79.990000	80.000000	77.050000	69.780000	72.000000	72.000000	91.360000	122.280000	110.470000	92.740000	83.050000	80.000000	79.920000	70.160000	71.900000	82.190000	81.000000	90.080000	105.010000	125.890000	105.010000	90.080000	79.260000	14.000000	15.080000	39.360000	19.600000	38.720000	38.200000	34.200000	17.800000	10.440000	86.560000	26.400000	48.160000	14.000000	22.760000	36.320000	37.680000	40.440000	45.520000	75.120000	30.000000	13.720000	10.000000	16.920000	24.440000	87.190000	84.990000	84.900000	77.050000	72.780000	75.990000	75.000000	91.700000	126.890000	110.320000	92.740000	80.050000	81.300000	79.920000	72.000000	74.590000	82.190000	81.000000	80.020000	96.050000	110.890000	97.680000	83.190000	77.820000	87.000000	72.990000	70.830000	70.080000	78.000000	78.000000	79.650000	98.000000	123.580000	108.470000	91.000000	80.050000	79.000000	79.920000	78.000000	85.490000	82.190000	78.000000	80.520000	91.050000	100.000000	90.000000	82.090000	69.900000	0.586000	0.000000	0.549000	0.000000	0.567000	0.000000	0.618000	0.000000	0.635000	0.000000	0.626000	0.000000	0.606000	0.004000	0.546000	0.080000	0.556000	0.154000	0.649000	0.208000	70.080000	33.912700	35.178700	24.935300	30.144700	60.094100	109.358000	153.972000	188.412000	188.465000	155.192000	143.922000	0.858517	0.755600	0.894788	0.879700	0.969391	0.638100	1.017530	0.592100	1.040230	0.431400	1.083990	0.288500	1.067470	0.100000	1.007060	0.000000	1.040380	0.000000	1.179920	0.000000	1.411530	0.000000	1.632950	0.000000	1.707740	0.000000	1.643340	0.000000	0.345906	4.636470	4.528390	1.111490	4.933480	6.015270	5.597600	1.081480	0.317749	0.000000	113.376000	1.302470	0.000000	5735.190000	326.774000	15.681900	61.277600	37.080300	202.125000	0.000000	0.571437	1.303480	0.014990	0.391750	
   90	82.190000	79.990000	80.000000	77.050000	69.780000	72.000000	72.000000	91.360000	122.280000	110.470000	92.740000	83.050000	80.000000	79.920000	70.160000	71.900000	82.190000	81.000000	90.080000	105.010000	125.890000	105.010000	90.080000	79.260000	14.000000	15.080000	39.360000	19.600000	38.720000	38.200000	34.200000	17.800000	10.440000	86.560000	26.400000	48.160000	14.000000	22.760000	36.320000	37.680000	40.440000	45.520000	75.120000	30.000000	13.720000	10.000000	16.920000	24.440000	87.190000	84.990000	84.900000	77.050000	72.780000	75.990000	75.000000	91.700000	126.890000	110.320000	92.740000	80.050000	81.300000	79.920000	72.000000	74.590000	82.190000	81.000000	80.020000	96.050000	110.890000	97.680000	83.190000	77.820000	87.000000	72.990000	70.830000	70.080000	78.000000	78.000000	79.650000	98.000000	123.580000	108.470000	91.000000	80.050000	79.000000	79.920000	78.000000	85.490000	82.190000	78.000000	80.520000	91.050000	100.000000	90.000000	82.090000	69.900000	0.586000	0.000000	0.549000	0.000000	0.567000	0.000000	0.618000	0.000000	0.635000	0.000000	0.626000	0.000000	0.606000	0.004000	0.546000	0.080000	0.556000	0.154000	0.649000	0.208000	70.080000	34.541600	32.709000	14.820800	17.754300	50.451500	88.616200	147.028000	180.736000	171.316000	139.223000	125.463000	0.890501	0.465300	0.907822	0.506800	0.937951	0.548200	0.984159	0.596900	1.005400	0.451400	1.042830	0.057500	1.047130	0.010500	1.015930	0.000000	1.017450	0.000000	1.117650	0.000000	1.340010	0.000000	1.559330	0.000000	1.647300	0.000000	1.612150	0.000000	0.345906	4.036800	4.137940	0.000000	3.864600	6.275950	5.596370	0.889132	0.237938	0.000000	122.718000	4.784970	0.000000	634.749000	339.846000	12.902700	57.935100	37.588100	172.257000	0.000000	0.491607	1.216180	0.039806	0.395210	
   91	82.190000	79.990000	80.000000	77.050000	69.780000	72.000000	72.000000	91.360000	122.280000	110.470000	92.740000	83.050000	80.000000	79.920000	70.160000	71.900000	82.190000	81.000000	90.080000	105.010000	125.890000	105.010000	90.080000	79.260000	14.000000	15.080000	39.360000	19.600000	38.720000	38.200000	34.200000	17.800000	10.440000	86.560000	26.400000	48.160000	14.000000	22.760000	36.320000	37.680000	40.440000	45.520000	75.120000	30.000000	13.720000	10.000000	16.920000	24.440000	87.190000	84.990000	84.900000	77.050000	72.780000	75.990000	75.000000	91.700000	126.890000	110.320000	92.740000	80.050000	81.300000	79.920000	72.000000	74.590000	82.190000	81.000000	80.020000	96.050000	110.890000	97.680000	83.190000	77.820000	87.000000	72.990000	70.830000	70.080000	78.000000	78.000000	79.650000	98.000000	123.580000	108.470000	91.000000	80.050000	79.000000	79.920000	78.000000	85.490000	82.190000	78.000000	80.520000	91.050000	100.000000	90.000000	82.090000	69.900000	0.586000	0.000000	0.549000	0.000000	0.567000	0.000000	0.618000	0.000000	0.635000	0.000000	0.626000	0.000000	0.606000	0.004000	0.546000	0.080000	0.556000	0.154000	0.649000	0.208000	70.080000	33.912700	35.178700	24.935300	30.144700	60.094100	109.358000	153.972000	188.412000	188.465000	155.192000	143.922000	0.858517	0.755600	0.894788	0.879700	0.969391	0.638100	1.017530	0.592100	1.040230	0.431400	1.083990	0.288500	1.067470	0.100000	1.007060	0.000000	1.040380	0.000000	1.179920	0.000000	1.411530	0.000000	1.632950	0.000000	1.707740	0.000000	1.643340	0.000000	0.345906	4.727530	4.957090	0.411998	3.826770	6.526020	5.523770	0.964197	0.088570	0.000000	117.824000	0.000000	0.000000	1059.850000	370.997000	18.237000	62.834500	35.427200	246.868000	0.000000	0.266563	1.284580	0.000000	1.691740	
   92	82.190000	79.990000	80.000000	77.050000	69.780000	72.000000	72.000000	91.360000	122.280000	110.470000	92.740000	83.050000	80.000000	79.920000	70.160000	71.900000	82.190000	81.000000	90.080000	105.010000	125.890000	105.010000	90.080000	79.260000	14.000000	15.080000	39.360000	19.600000	38.720000	38.200000	34.200000	17.800000	10.440000	86.560000	26.400000	48.160000	14.000000	22.760000	36.320000	37.680000	40.440000	45.520000	75.120000	30.000000	13.720000	10.000000	16.920000	24.440000	87.190000	84.990000	84.900000	77.050000	72.780000	75.990000	75.000000	91.700000	126.890000	110.320000	92.740000	80.050000	81.300000	79.920000	72.000000	74.590000	82.190000	81.000000	80.020000	96.050000	110.890000	97.680000	83.190000	77.820000	87.000000	72.990000	70.830000	70.080000	78.000000	78.000000	79.650000	98.000000	123.580000	108.470000	91.000000	80.050000	79.000000	79.920000	78.000000	85.490000	82.190000	78.000000	80.520000	91.050000	100.000000	90.000000	82.090000	69.900000	0.586000	0.000000	0.549000	0.000000	0.567000	0.000000	0.618000	0.000000	0.635000	0.000000	0.626000	0.000000	0.606000	0.004000	0.546000	0.080000	0.556000	0.154000	0.649000	0.208000	70.080000	33.912700	35.178700	24.935300	30.144700	60.094100	109.358000	153.972000	188.412000	188.465000	155.192000	143.922000	0.858517	0.755600	0.894788	0.879700	0.969391	0.638100	1.017530	0.592100	1.040230	0.431400	1.083990	0.288500	1.067470	0.100000	1.007060	0.000000	1.040380	0.000000	1.179920	0.000000	1.411530	0.000000	1.632950	0.000000	1.707740	0.000000	1.643340	0.000000	0.345906	4.636470	4.528390	1.111490	4.933480	7.976320	5.531890	1.119680	0.291024	0.000000	150.210000	0.000000	0.000000	1025.910000	380.226000	14.800500	58.095300	37.587200	185.607000	0.000000	0.510334	1.473130	0.051222	0.700124	
   93	82.190000	79.990000	80.000000	77.050000	69.780000	72.000000	72.000000	91.360000	122.280000	110.470000	92.740000	83.050000	80.000000	79.920000	70.160000	71.900000	82.190000	81.000000	90.080000	105.010000	125.890000	105.010000	90.080000	79.260000	14.000000	15.080000	39.360000	19.600000	38.720000	38.200000	34.200000	17.800000	10.440000	86.560000	26.400000	48.160000	14.000000	22.760000	36.320000	37.680000	40.440000	45.520000	75.120000	30.000000	13.720000	10.000000	16.920000	24.440000	87.190000	84.990000	84.900000	77.050000	72.780000	75.990000	75.000000	91.700000	126.890000	110.320000	92.740000	80.050000	81.300000	79.920000	72.000000	74.590000	82.190000	81.000000	80.020000	96.050000	110.890000	97.680000	83.190000	77.820000	87.000000	72.990000	70.830000	70.080000	78.000000	78.000000	79.650000	98.000000	123.580000	108.470000	91.000000	80.050000	79.000000	79.920000	78.000000	85.490000	82.190000	78.000000	80.520000	91.050000	100.000000	90.000000	82.090000	69.900000	0.586000	0.000000	0.549000	0.000000	0.567000	0.000000	0.618000	0.000000	0.635000	0.000000	0.626000	0.000000	0.606000	0.004000	0.546000	0.080000	0.556000	0.154000	0.649000	0.208000	70.080000	35.895300	40.175400	27.577900	26.231900	54.033300	99.295500	117.136000	186.359000	183.756000	148.044000	148.275000	0.909859	0.454000	0.861323	0.544200	0.881586	0.952300	0.872400	0.448000	0.869701	0.179200	0.864382	0.076300	0.801417	0.055700	0.743305	0.000000	0.768480	0.000000	0.955753	0.000000	1.241690	0.000000	1.464540	0.000000	1.560640	0.000000	1.663710	0.000000	0.345906	4.419120	4.497770	0.000000	2.498890	7.068730	5.399690	1.147560	0.358115	0.000000	122.816000	0.000000	0.000000	1177.250000	356.576000	24.793200	62.467500	40.678700	245.324000	0.000000	0.413606	1.389960	0.000000	0.486386	
   94	82.190000	79.990000	80.000000	77.050000	69.780000	72.000000	72.000000	91.360000	122.280000	110.470000	92.740000	83.050000	80.000000	79.920000	70.160000	71.900000	82.190000	81.000000	90.080000	105.010000	125.890000	105.010000	90.080000	79.260000	14.000000	15.080000	39.360000	19.600000	38.720000	38.200000	34.200000	17.800000	10.440000	86.560000	26.400000	48.160000	14.000000	22.760000	36.320000	37.680000	40.440000	45.520000	75.120000	30.000000	13.720000	10.000000	16.920000	24.440000	87.190000	84.990000	84.900000	77.050000	72.780000	75.990000	75.000000	91.700000	126.890000	110.320000	92.740000	80.050000	81.300000	79.920000	72.000000	74.590000	82.190000	81.000000	80.020000	96.050000	110.890000	97.680000	83.190000	77.820000	87.000000	72.990000	70.830000	70.080000	78.000000	78.000000	79.650000	98.000000	123.580000	108.470000	91.000000	80.050000	79.000000	79.920000	78.000000	85.490000	82.190000	78.000000	80.520000	91.050000	100.000000	90.000000	82.090000	69.900000	0.586000	0.000000	0.549000	0.000000	0.567000	0.000000	0.618000	0.000000	0.635000	0.000000	0.626000	0.000000	0.606000	0.004000	0.546000	0.080000	0.556000	0.154000	0.649000	0.208000	70.080000	34.541600	32.709000	14.820800	17.754300	50.451500	88.616200	147.028000	180.736000	171.316000	139.223000	125.463000	0.890501	0.465300	0.907822	0.506800	0.937951	0.548200	0.984159	0.596900	1.001860	0.290600	1.025920	0.291900	1.021870	0.099600	0.993868	0.000000	1.016890	0.000000	1.149950	0.000000	1.376950	0.000000	1.623270	0.000000	1.721710	0.000000	1.637960	0.000000	0.345906	4.587600	4.649190	0.000000	2.668300	5.182810	5.570180	0.987196	0.064914	0.000000	85.341800	0.000000	0.000000	1280.370000	324.307000	17.614200	61.307400	37.737400	170.527000	0.000000	0.000000	1.401500	0.012976	0.679746	
   95	82.190000	79.990000	80.000000	77.050000	69.780000	72.000000	72.000000	91.360000	122.280000	110.470000	92.740000	83.050000	80.000000	79.920000	70.160000	71.900000	82.190000	81.000000	90.080000	105.010000	125.890000	105.010000	90.080000	79.260000	14.000000	15.080000	39.360000	19.600000	38.720000	38.200000	34.200000	17.800000	10.440000	86.560000	26.400000	48.160000	14.000000	22.760000	36.320000	37.680000	40.440000	45.520000	75.120000	30.000000	13.720000	10.000000	16.920000	24.440000	87.190000	84.990000	84.900000	77.050000	72.780000	75.990000	75.000000	91.700000	126.890000	110.320000	92.740000	80.050000	81.300000	79.920000	72.000000	74.590000	82.190000	81.000000	80.020000	96.050000	110.890000	97.680000	83.190000	77.820000	87.000000	72.990000	70.830000	70.080000	78.000000	78.000000	79.650000	98.000000	123.580000	108.470000	91.000000	80.050000	79.000000	79.920000	78.000000	85.490000	82.190000	78.000000	80.520000	91.050000	100.000000	90.000000	82.090000	69.900000	0.586000	0.000000	0.549000	0.000000	0.567000	0.000000	0.618000	0.000000	0.635000	0.000000	0.626000	0.000000	0.606000	0.004000	0.546000	0.080000	0.556000	0.154000	0.649000	0.208000	70.080000	34.541600	32.709000	14.820800	17.754300	50.451500	88.616200	147.028000	180.736000	171.316000	139.223000	125.463000	0.890501	0.465300	0.907822	0.506800	0.937951	0.548200	0.955886	0.863200	0.884196	0.678300	0.920448	0.808400	0.923948	0.075800	0.930310	0.000000	0.975495	0.000000	1.103950	0.000000	1.365700	0.000000	1.613520	0.000000	1.689180	0.000000	1.612160	0.000000	0.345906	4.845550	4.708430	0.559622	4.230590	6.371380	5.428920	0.869999	0.124202	0.000000	137.930000	3.088090	0.000000	857.965000	370.163000	14.723100	54.861000	39.017700	209.282000	0.000000	0.269784	1.469400	0.000000	0.512191	
   96	82.190000	79.990000	80.000000	77.050000	69.780000	72.000000	72.000000	91.360000	122.280000	110.470000	92.740000	83.050000	80.000000	79.920000	70.160000	71.900000	82.190000	81.000000	90.080000	105.010000	125.890000	105.010000	90.080000	79.260000	14.000000	15.080000	39.360000	19.600000	38.720000	38.200000	34.200000	17.800000	10.440000	86.560000	26.400000	48.160000	14.000000	22.760000	36.320000	37.680000	40.440000	45.520000	75.120000	30.000000	13.720000	10.000000	16.920000	24.440000	87.190000	84.990000	84.900000	77.050000	72.780000	75.990000	75.000000	91.700000	126.890000	110.320000	92.740000	80.050000	81.300000	79.920000	72.000000	74.590000	82.190000	81.000000	80.020000	96.050000	110.890000	97.680000	83.190000	77.820000	87.000000	72.990000	70.830000	70.080000	78.000000	78.000000	79.650000	98.000000	123.580000	108.470000	91.000000	80.050000	79.000000	79.920000	78.000000	85.490000	82.190000	78.000000	80.520000	91.050000	100.000000	90.000000	82.090000	69.900000	0.586000	0.000000	0.549000	0.000000	0.567000	0.000000	0.618000	0.000000	0.635000	0.000000	0.626000	0.000000	0.606000	0.004000	0.546000	0.080000	0.556000	0.154000	0.649000	0.208000	70.080000	34.541600	32.709000	14.820800	17.754300	50.451500	88.616200	147.028000	180.736000	171.316000	139.223000	125.463000	0.890501	0.465300	0.907822	0.506800	0.937951	0.548200	0.984159	0.596900	0.996212	0.283800	1.021540	0.079500	1.047340	0.061300	1.019630	0.000000	1.004300	0.000000	1.113900	0.000000	1.339280	0.000000	1.552990	0.000000	1.628180	0.000000	1.555750	0.000000	0.345906	4.990750	4.735700	0.446393	4.238380	6.787410	5.715370	0.995022	0.115058	0.000000	76.834200	2.682140	0.000000	839.320000	353.128000	18.122800	56.774000	37.386700	181.860000	0.000000	0.380936	1.356370	0.031740	0.405505	
   97	82.190000	79.990000	80.000000	77.050000	69.780000	72.000000	72.000000	91.360000	122.280000	110.470000	92.740000	83.050000	80.000000	79.920000	70.160000	71.900000	82.190000	81.000000	90.080000	105.010000	125.890000	105.010000	90.080000	79.260000	14.000000	15.080000	39.360000	19.600000	38.720000	38.200000	34.200000	17.800000	10.440000	86.560000	26.400000	48.160000	14.000000	22.760000	36.320000	37.680000	40.440000	45.520000	75.120000	30.000000	13.720000	10.000000	16.920000	24.440000	87.190000	84.990000	84.900000	77.050000	72.780000	75.990000	75.000000	91.700000	126.890000	110.320000	92.740000	80.050000	81.300000	79.920000	72.000000	74.590000	82.190000	81.000000	80.020000	96.050000	110.890000	97.680000	83.190000	77.820000	87.000000	72.990000	70.830000	70.080000	78.000000	78.000000	79.650000	98.000000	123.580000	108.470000	91.000000	80.050000	79.000000	79.920000	78.000000	85.490000	82.190000	78.000000	80.520000	91.050000	100.000000	90.000000	82.090000	69.900000	0.586000	0.000000	0.549000	0.000000	0.567000	0.000000	0.618000	0.000000	0.635000	0.000000	0.626000	0.000000	0.606000	0.004000	0.546000	0.080000	0.556000	0.154000	0.649000	0.208000	70.080000	33.912700	35.178700	24.935300	30.144700	60.094100	109.358000	153.972000	188.412000	188.465000	155.192000	143.922000	0.858517	0.755600	0.894788	0.879700	0.969391	0.638100	1.017530	0.592100	1.040230	0.431400	1.083990	0.288500	1.067470	0.100000	1.007060	0.000000	1.040380	0.000000	1.179920	0.000000	1.411530	0.000000	1.632950	0.000000	1.707740	0.000000	1.643340	0.000000	0.345906	4.552740	4.278010	0.425740	4.000740	6.245390	5.558150	0.993254	0.418659	0.000000	102.780000	1.171370	0.000000	1336.320000	324.086000	22.249000	50.987100	37.783100	279.524000	10.632600	0.481074	1.360850	0.000000	0.433095	
   98	82.190000	79.990000	80.000000	77.050000	69.780000	72.000000	72.000000	91.360000	122.280000	110.470000	92.740000	83.050000	80.000000	79.920000	70.160000	71.900000	82.190000	81.000000	90.080000	105.010000	125.890000	105.010000	90.080000	79.260000	14.000000	15.080000	39.360000	19.600000	38.720000	38.200000	34.200000	17.800000	10.440000	86.560000	26.400000	48.160000	14.000000	22.760000	36.320000	37.680000	40.440000	45.520000	75.120000	30.000000	13.720000	10.000000	16.920000	24.440000	87.190000	84.990000	84.900000	77.050000	72.780000	75.990000	75.000000	91.700000	126.890000	110.320000	92.740000	80.050000	81.300000	79.920000	72.000000	74.590000	82.190000	81.000000	80.020000	96.050000	110.890000	97.680000	83.190000	77.820000	87.000000	72.990000	70.830000	70.080000	78.000000	78.000000	79.650000	98.000000	123.580000	108.470000	91.000000	80.050000	79.000000	79.920000	78.000000	85.490000	82.190000	78.000000	80.520000	91.050000	100.000000	90.000000	82.090000	69.900000	0.586000	0.000000	0.549000	0.000000	0.567000	0.000000	0.618000	0.000000	0.635000	0.000000	0.626000	0.000000	0.606000	0.004000	0.546000	0.080000	0.556000	0.154000	0.649000	0.208000	70.080000	41.682500	39.050700	28.845900	26.647400	52.222300	103.408000	130.460000	179.579000	180.718000	147.202000	129.909000	0.836865	0.642700	0.864051	0.834700	0.791564	0.496900	0.923113	0.620900	0.857864	0.716700	0.949327	0.215100	0.849752	0.048400	0.888951	0.000000	0.943559	0.000000	1.073400	0.000000	1.310870	0.000000	1.560340	0.000000	1.632620	0.000000	1.559710	0.000000	0.345906	4.552740	4.278010	0.425740	4.000740	6.245390	5.558150	0.993254	0.418659	0.000000	102.780000	12.424300	0.000000	972.936000	366.595000	11.409400	47.208000	34.766600	158.039000	0.000000	0.410765	1.347620	0.000000	0.566320	
   99	82.190000	79.990000	80.000000	77.050000	69.780000	72.000000	72.000000	91.360000	122.280000	110.470000	92.740000	83.050000	80.000000	79.920000	70.160000	71.900000	82.190000	81.000000	90.080000	105.010000	125.890000	105.010000	90.080000	79.260000	14.000000	15.080000	39.360000	19.600000	38.720000	38.200000	34.200000	17.800000	10.440000	86.560000	26.400000	48.160000	14.000000	22.760000	36.320000	37.680000	40.440000	45.520000	75.120000	30.000000	13.720000	10.000000	16.920000	24.440000	87.190000	84.990000	84.900000	77.050000	72.780000	75.990000	75.000000	91.700000	126.890000	110.320000	92.740000	80.050000	81.300000	79.920000	72.000000	74.590000	82.190000	81.000000	80.020000	96.050000	110.890000	97.680000	83.190000	77.820000	87.000000	72.990000	70.830000	70.080000	78.000000	78.000000	79.650000	98.000000	123.580000	108.470000	91.000000	80.050000	79.000000	79.920000	78.000000	85.490000	82.190000	78.000000	80.520000	91.050000	100.000000	90.000000	82.090000	69.900000	0.586000	0.000000	0.549000	0.000000	0.567000	0.000000	0.618000	0.000000	0.635000	0.000000	0.626000	0.000000	0.606000	0.004000	0.546000	0.080000	0.556000	0.154000	0.649000	0.208000	70.080000	33.912700	35.178700	24.935300	30.144700	60.094100	109.358000	153.972000	188.412000	188.465000	155.192000	143.922000	0.858517	0.755600	0.894788	0.879700	0.969391	0.638100	1.017530	0.592100	1.040230	0.431400	1.083990	0.288500	1.067470	0.100000	1.007060	0.000000	1.040380	0.000000	1.179920	0.000000	1.411530	0.000000	1.632950	0.000000	1.707740	0.000000	1.643340	0.000000	0.345906	4.323000	4.148500	0.026852	3.749350	5.272330	5.659520	0.828620	0.238850	0.000000	90.902400	0.000000	0.000000	873.445000	347.345000	26.568600	59.813300	40.280400	147.338000	0.004413	0.384360	1.401190	0.000000	0.396621	
  100	82.190000	79.990000	80.000000	77.050000	69.780000	72.000000	72.000000	91.360000	122.280000	110.470000	92.740000	83.050000	80.000000	79.920000	70.160000	71.900000	82.190000	81.000000	90.080000	105.010000	125.890000	105.010000	90.080000	79.260000	14.000000	15.080000	39.360000	19.600000	38.720000	38.200000	34.200000	17.800000	10.440000	86.560000	26.400000	48.160000	14.000000	22.760000	36.320000	37.680000	40.440000	45.520000	75.120000	30.000000	13.720000	10.000000	16.920000	24.440000	87.190000	84.990000	84.900000	77.050000	72.780000	75.990000	75.000000	91.700000	126.890000	110.320000	92.740000	80.050000	81.300000	79.920000	72.000000	74.590000	82.190000	81.000000	80.020000	96.050000	110.890000	97.680000	83.190000	77.820000	87.000000	72.990000	70.830000	70.080000	78.000000	78.000000	79.650000	98.000000	123.580000	108.470000	91.000000	80.050000	79.000000	79.920000	78.000000	85.490000	82.190000	78.000000	80.520000	91.050000	100.000000	90.000000	82.090000	69.900000	0.586000	0.000000	0.549000	0.000000	0.567000	0.000000	0.618000	0.000000	0.635000	0.000000	0.626000	0.000000	0.606000	0.004000	0.546000	0.080000	0.556000	0.154000	0.649000	0.208000	70.080000	41.682500	39.050700	28.845900	26.647400	52.222300	103.408000	130.460000	185.707000	197.013000	148.140000	125.463000	0.897163	1.005900	0.869459	0.866700	0.905807	0.212800	0.971644	0.462300	1.081020	0.802600	0.893273	0.195500	0.986617	0.019400	0.952532	0.000100	0.983886	0.000000	1.119100	0.000000	1.361830	0.000000	1.587950	0.000000	1.656390	0.000000	1.601650	0.000000	0.345906	4.552740	4.296640	0.180444	3.602200	6.259760	5.420490	1.064550	0.308973	0.000000	108.837000	0.000000	0.000000	996.189000	369.587000	19.838000	59.563200	38.120800	177.769000	0.000000	0.347511	1.474660	0.000000	0.411290	
;
param Prob0 :=
    1	0.010
    2	0.030
    3	0.000
    4	0.000
    5	0.010
    6	0.010
    7	0.000
    8	0.010
    9	0.010
   10	0.000
   11	0.000
   12	0.000
   13	0.000
   14	0.000
   15	0.010
   16	0.000
   17	0.010
   18	0.080
   19	0.010
   20	0.000
   21	0.000
   22	0.000
   23	0.010
   24	0.000
   25	0.010
   26	0.000
   27	0.040
   28	0.000
   29	0.020
   30	0.000
   31	0.000
   32	0.010
   33	0.010
   34	0.010
   35	0.010
   36	0.080
   37	0.000
   38	0.010
   39	0.000
   40	0.010
   41	0.010
   42	0.000
   43	0.010
   44	0.000
   45	0.000
   46	0.000
   47	0.000
   48	0.000
   49	0.010
   50	0.000
   51	0.010
   52	0.010
   53	0.000
   54	0.010
   55	0.010
   56	0.000
   57	0.020
   58	0.010
   59	0.040
   60	0.020
   61	0.010
   62	0.000
   63	0.010
   64	0.000
   65	0.000
   66	0.000
   67	0.010
   68	0.010
   69	0.010
   70	0.010
   71	0.010
   72	0.000
   73	0.010
   74	0.000
   75	0.010
   76	0.000
   77	0.010
   78	0.060
   79	0.020
   80	0.010
   81	0.010
   82	0.010
   83	0.010
   84	0.010
   85	0.010
   86	0.000
   87	0.010
   88	0.010
   89	0.010
   90	0.010
   91	0.010
   92	0.010
   93	0.010
   94	0.010
   95	0.010
   96	0.010
   97	0.010
   98	0.030
   99	0.010
  100	0.040
;
set c[0,50] :=
50    8     16    24    32    40    48    57    65    73    81    89    97
1     9     17    25    33    41    49    58    66    74    82    90    98
2     10    18    26    34    42    51    59    67    75    83    91    99
3     11    19    27    35    43    52    60    68    76    84    92    100
4     12    20    28    36    44    53    61    69    77    85    93
5     13    21    29    37    45    54    62    70    78    86    94
6     14    22    30    38    46    55    63    71    79    87    95
7     15    23    31    39    47    56    64    72    80    88    96;
set c[1,50] :=
50    8     16    24    32    40    48    57    65    73    81    89    97
1     9     17    25    33    41    49    58    66    74    82    90    98
2     10    18    26    34    42    51    59    67    75    83    91    99
3     11    19    27    35    43    52    60    68    76    84    92    100
4     12    20    28    36    44    53    61    69    77    85    93
5     13    21    29    37    45    54    62    70    78    86    94
6     14    22    30    38    46    55    63    71    79    87    95
7     15    23    31    39    47    56    64    72    80    88    96;
set c[2,50] :=
50    8     16    24    32    40    48    57    65    73    81    89    97
1     9     17    25    33    41    49    58    66    74    82    90    98
2     10    18    26    34    42    51    59    67    75    83    91    99
3     11    19    27    35    43    52    60    68    76    84    92    100
4     12    20    28    36    44    53    61    69    77    85    93
5     13    21    29    37    45    54    62    70    78    86    94
6     14    22    30    38    46    55    63    71    79    87    95
7     15    23    31    39    47    56    64    72    80    88    96;
set c[3,50] :=
50    8     16    24    32    40    48    57    65    73    81    89    97
1     9     17    25    33    41    49    58    66    74    82    90    98
2     10    18    26    34    42    51    59    67    75    83    91    99
3     11    19    27    35    43    52    60    68    76    84    92    100
4     12    20    28    36    44    53    61    69    77    85    93
5     13    21    29    37    45    54    62    70    78    86    94
6     14    22    30    38    46    55    63    71    79    87    95
7     15    23    31    39    47    56    64    72    80    88    96;
set c[4,50] :=
50    8     16    24    32    40    48    57    65    73    81    89    97
1     9     17    25    33    41    49    58    66    74    82    90    98
2     10    18    26    34    42    51    59    67    75    83    91    99
3     11    19    27    35    43    52    60    68    76    84    92    100
4     12    20    28    36    44    53    61    69    77    85    93
5     13    21    29    37    45    54    62    70    78    86    94
6     14    22    30    38    46    55    63    71    79    87    95
7     15    23    31    39    47    56    64    72    80    88    96;
set c[5,50] :=
50    8     16    24    32    40    48    57    65    73    81    89    97
1     9     17    25    33    41    49    58    66    74    82    90    98
2     10    18    26    34    42    51    59    67    75    83    91    99
3     11    19    27    35    43    52    60    68    76    84    92    100
4     12    20    28    36    44    53    61    69    77    85    93
5     13    21    29    37    45    54    62    70    78    86    94
6     14    22    30    38    46    55    63    71    79    87    95
7     15    23    31    39    47    56    64    72    80    88    96;
set c[6,50] :=
50    8     16    24    32    40    48    57    65    73    81    89    97
1     9     17    25    33    41    49    58    66    74    82    90    98
2     10    18    26    34    42    51    59    67    75    83    91    99
3     11    19    27    35    43    52    60    68    76    84    92    100
4     12    20    28    36    44    53    61    69    77    85    93
5     13    21    29    37    45    54    62    70    78    86    94
6     14    22    30    38    46    55    63    71    79    87    95
7     15    23    31    39    47    56    64    72    80    88    96;
set c[7,50] :=
50    8     16    24    32    40    48    57    65    73    81    89    97
1     9     17    25    33    41    49    58    66    74    82    90    98
2     10    18    26    34    42    51    59    67    75    83    91    99
3     11    19    27    35    43    52    60    68    76    84    92    100
4     12    20    28    36    44    53    61    69    77    85    93
5     13    21    29    37    45    54    62    70    78    86    94
6     14    22    30    38    46    55    63    71    79    87    95
7     15    23    31    39    47    56    64    72    80    88    96;
set c[8,50] :=
50    8     16    24    32    40    48    57    65    73    81    89    97
1     9     17    25    33    41    49    58    66    74    82    90    98
2     10    18    26    34    42    51    59    67    75    83    91    99
3     11    19    27    35    43    52    60    68    76    84    92    100
4     12    20    28    36    44    53    61    69    77    85    93
5     13    21    29    37    45    54    62    70    78    86    94
6     14    22    30    38    46    55    63    71    79    87    95
7     15    23    31    39    47    56    64    72    80    88    96;
set c[9,50] :=
50    8     16    24    32    40    48    57    65    73    81    89    97
1     9     17    25    33    41    49    58    66    74    82    90    98
2     10    18    26    34    42    51    59    67    75    83    91    99
3     11    19    27    35    43    52    60    68    76    84    92    100
4     12    20    28    36    44    53    61    69    77    85    93
5     13    21    29    37    45    54    62    70    78    86    94
6     14    22    30    38    46    55    63    71    79    87    95
7     15    23    31    39    47    56    64    72    80    88    96;
set c[10,50] :=
50    8     16    24    32    40    48    57    65    73    81    89    97
1     9     17    25    33    41    49    58    66    74    82    90    98
2     10    18    26    34    42    51    59    67    75    83    91    99
3     11    19    27    35    43    52    60    68    76    84    92    100
4     12    20    28    36    44    53    61    69    77    85    93
5     13    21    29    37    45    54    62    70    78    86    94
6     14    22    30    38    46    55    63    71    79    87    95
7     15    23    31    39    47    56    64    72    80    88    96;
set c[11,50] :=
50    8     16    24    32    40    48    57    65    73    81    89    97
1     9     17    25    33    41    49    58    66    74    82    90    98
2     10    18    26    34    42    51    59    67    75    83    91    99
3     11    19    27    35    43    52    60    68    76    84    92    100
4     12    20    28    36    44    53    61    69    77    85    93
5     13    21    29    37    45    54    62    70    78    86    94
6     14    22    30    38    46    55    63    71    79    87    95
7     15    23    31    39    47    56    64    72    80    88    96;
set c[12,50] :=
50    8     16    24    32    40    48    57    65    73    81    89    97
1     9     17    25    33    41    49    58    66    74    82    90    98
2     10    18    26    34    42    51    59    67    75    83    91    99
3     11    19    27    35    43    52    60    68    76    84    92    100
4     12    20    28    36    44    53    61    69    77    85    93
5     13    21    29    37    45    54    62    70    78    86    94
6     14    22    30    38    46    55    63    71    79    87    95
7     15    23    31    39    47    56    64    72    80    88    96;
set c[13,50] :=
50    8     16    24    32    40    48    57    65    73    81    89    97
1     9     17    25    33    41    49    58    66    74    82    90    98
2     10    18    26    34    42    51    59    67    75    83    91    99
3     11    19    27    35    43    52    60    68    76    84    92    100
4     12    20    28    36    44    53    61    69    77    85    93
5     13    21    29    37    45    54    62    70    78    86    94
6     14    22    30    38    46    55    63    71    79    87    95
7     15    23    31    39    47    56    64    72    80    88    96;
set c[14,50] :=
50    8     16    24    32    40    48    57    65    73    81    89    97
1     9     17    25    33    41    49    58    66    74    82    90    98
2     10    18    26    34    42    51    59    67    75    83    91    99
3     11    19    27    35    43    52    60    68    76    84    92    100
4     12    20    28    36    44    53    61    69    77    85    93
5     13    21    29    37    45    54    62    70    78    86    94
6     14    22    30    38    46    55    63    71    79    87    95
7     15    23    31    39    47    56    64    72    80    88    96;
set c[15,29] := 29 12;
set c[15,53] := 53 56 98;
set c[15,9] := 9;
set c[15,27] := 27 22 28 66;
set c[15,100] := 100 14 42 64;
set c[15,78] := 78 7 16 62 72 74;
set c[15,20] := 20 39 59 86;
set c[15,50] := 50 10 11 26 36 37 45 48;
set c[15,35] := 35;
set c[15,84] := 84 6 38 46 51 57 63 69 71 73 75 81 82 83 85 89 91 92 97 99;
set c[15,3] := 3 4 18 21 24 30 44 65;
set c[15,2] := 2 47 76;
set c[15,93] := 93 13 60 61;
set c[15,79] := 79 31;
set c[15,33] := 33 1 8 15 19 25 52 88;
set c[15,23] := 23 43 54 77 80 87;
set c[15,55] := 55 34;
set c[15,67] := 67 5 17 32 40 41 49 58 68 70 90 94 95 96;
set c[16,29] := 29 12;
set c[16,56] := 56 53 98;
set c[16,9] := 9;
set c[16,66] := 66 27 22 28;
set c[16,42] := 42 100 14 64;
set c[16,62] := 62 78 7 16 72 74;
set c[16,20] := 20 39 59 86;
set c[16,10] := 10 50 11 26 36 37 45 48;
set c[16,35] := 35;
set c[16,82] := 82 84 6 38 46 51 57 63 69 71 73 75 81 83 85 89 91 92 97 99;
set c[16,18] := 18 3 4 21 24 30 44 65;
set c[16,2] := 2 47 76;
set c[16,60] := 60 93 13 61;
set c[16,79] := 79 31;
set c[16,19] := 19 33 1 8 15 25 52 88;
set c[16,87] := 87 23 43 54 77 80;
set c[16,55] := 55 34;
set c[16,17] := 17 67 5 32 40 41 49 58 68 70 90 94 95 96;
set c[17,29] := 29 12;
set c[17,56] := 56 53 98;
set c[17,9] := 9;
set c[17,66] := 66 27 22 28;
set c[17,14] := 14 42 100 64;
set c[17,74] := 74 62 78 7 16 72;
set c[17,86] := 86 20 39 59;
set c[17,45] := 45 10 50 11 26 36 37 48;
set c[17,35] := 35;
set c[17,69] := 69 82 84 6 38 46 51 57 63 71 73 75 81 83 85 89 91 92 97 99;
set c[17,3] := 3 18 4 21 24 30 44 65;
set c[17,76] := 76 2 47;
set c[17,61] := 61 60 93 13;
set c[17,79] := 79 31;
set c[17,19] := 19 33 1 8 15 25 52 88;
set c[17,23] := 23 87 43 54 77 80;
set c[17,55] := 55 34;
set c[17,17] := 17 67 5 32 40 41 49 58 68 70 90 94 95 96;
set c[18,29] := 29 12;
set c[18,98] := 98 56 53;
set c[18,9] := 9;
set c[18,27] := 27 66 22 28;
set c[18,14] := 14 42 100 64;
set c[18,72] := 72 74 62 78 7 16;
set c[18,86] := 86 20 39 59;
set c[18,45] := 45 10 50 11 26 36 37 48;
set c[18,35] := 35;
set c[18,71] := 71 69 82 84 6 38 46 51 57 63 73 75 81 83 85 89 91 92 97 99;
set c[18,65] := 65 3 18 4 21 24 30 44;
set c[18,2] := 2 76 47;
set c[18,61] := 61 60 93 13;
set c[18,79] := 79 31;
set c[18,15] := 15 19 33 1 8 25 52 88;
set c[18,43] := 43 23 87 54 77 80;
set c[18,55] := 55 34;
set c[18,90] := 90 17 67 5 32 40 41 49 58 68 70 94 95 96;
set c[19,29] := 29 12;
set c[19,53] := 53 98 56;
set c[19,9] := 9;
set c[19,66] := 66 27 22 28;
set c[19,42] := 42 14 100 64;
set c[19,72] := 72 74 62 78 7 16;
set c[19,20] := 20 86 39 59;
set c[19,48] := 48 45 10 50 11 26 36 37;
set c[19,35] := 35;
set c[19,89] := 89 71 69 82 84 6 38 46 51 57 63 73 75 81 83 85 91 92 97 99;
set c[19,44] := 44 65 3 18 4 21 24 30;
set c[19,47] := 47 2 76;
set c[19,61] := 61 60 93 13;
set c[19,79] := 79 31;
set c[19,19] := 19 15 33 1 8 25 52 88;
set c[19,80] := 80 43 23 87 54 77;
set c[19,55] := 55 34;
set c[19,67] := 67 32 58 70 95;
set c[19,41] := 41 90 17 5 40 49 68 94 96;
set c[20,29] := 29 12;
set c[20,98] := 98 53 56;
set c[20,9] := 9;
set c[20,28] := 28 66 27 22;
set c[20,14] := 14 42 100 64;
set c[20,74] := 74 72 62 78 7 16;
set c[20,20] := 20 86 39 59;
set c[20,11] := 11 48 45 10 50 26 36 37;
set c[20,35] := 35;
set c[20,97] := 97 89 71 69 82 84 6 38 46 51 57 63 73 75 81 83 85 91 92 99;
set c[20,30] := 30 44 65 3 18 4 21 24;
set c[20,76] := 76 47 2;
set c[20,61] := 61 60 93 13;
set c[20,79] := 79 31;
set c[20,1] := 1;
set c[20,15] := 15;
set c[20,8] := 8;
set c[20,52] := 52 33 88;
set c[20,19] := 19 25;
set c[20,54] := 54;
set c[20,77] := 77 87;
set c[20,80] := 80;
set c[20,23] := 23;
set c[20,43] := 43;
set c[20,55] := 55;
set c[20,34] := 34;
set c[20,32] := 32;
set c[20,58] := 58 70;
set c[20,95] := 95;
set c[20,67] := 67;
set c[20,17] := 17;
set c[20,90] := 90;
set c[20,94] := 94;
set c[20,96] := 96 68;
set c[20,5] := 5;
set c[20,40] := 40;
set c[20,49] := 49;
set c[20,41] := 41;
set c[21,29] := 29 12;
set c[21,56] := 56 98 53;
set c[21,9] := 9;
set c[21,22] := 22 28 66 27;
set c[21,64] := 64 14 42 100;
set c[21,16] := 16 74 72 62 78 7;
set c[21,59] := 59 20 86 39;
set c[21,48] := 48 11 45 10 50 26 36 37;
set c[21,35] := 35;
set c[21,97] := 97 89 71 69 82 84 6 38 46 51 57 63 73 75 81 83 85 91 92 99;
set c[21,21] := 21 30 44 65 3 18 4 24;
set c[21,76] := 76 47 2;
set c[21,60] := 60 13;
set c[21,93] := 93;
set c[21,61] := 61;
set c[21,79] := 79 31;
set c[21,1] := 1;
set c[21,15] := 15;
set c[21,8] := 8;
set c[21,52] := 52;
set c[21,33] := 33;
set c[21,88] := 88;
set c[21,19] := 19;
set c[21,25] := 25;
set c[21,54] := 54;
set c[21,77] := 77;
set c[21,87] := 87;
set c[21,80] := 80;
set c[21,23] := 23;
set c[21,43] := 43;
set c[21,55] := 55;
set c[21,34] := 34;
set c[21,32] := 32;
set c[21,58] := 58;
set c[21,70] := 70;
set c[21,95] := 95;
set c[21,67] := 67;
set c[21,17] := 17;
set c[21,90] := 90;
set c[21,94] := 94;
set c[21,96] := 96;
set c[21,68] := 68;
set c[21,5] := 5;
set c[21,40] := 40;
set c[21,49] := 49;
set c[21,41] := 41;
set c[22,29] := 29 12;
set c[22,56] := 56 98 53;
set c[22,9] := 9;
set c[22,66] := 66 22 28 27;
set c[22,42] := 42 64 14 100;
set c[22,72] := 72 16 74 62 78 7;
set c[22,86] := 86 59 20 39;
set c[22,36] := 36 48 11 45 10 50 26 37;
set c[22,35] := 35;
set c[22,6] := 6 97 89 71 69 82 84 38 46 51 57 63 73 75 81 83 85 91 92 99;
set c[22,3] := 3 21 30 44 65 18 4 24;
set c[22,47] := 47 76 2;
set c[22,60] := 60 13;
set c[22,93] := 93;
set c[22,61] := 61;
set c[22,79] := 79 31;
set c[22,1] := 1;
set c[22,15] := 15;
set c[22,8] := 8;
set c[22,52] := 52;
set c[22,33] := 33;
set c[22,88] := 88;
set c[22,19] := 19;
set c[22,25] := 25;
set c[22,54] := 54;
set c[22,77] := 77;
set c[22,87] := 87;
set c[22,80] := 80;
set c[22,23] := 23;
set c[22,43] := 43;
set c[22,55] := 55;
set c[22,34] := 34;
set c[22,32] := 32;
set c[22,58] := 58;
set c[22,70] := 70;
set c[22,95] := 95;
set c[22,67] := 67;
set c[22,17] := 17;
set c[22,90] := 90;
set c[22,94] := 94;
set c[22,96] := 96;
set c[22,68] := 68;
set c[22,5] := 5;
set c[22,40] := 40;
set c[22,49] := 49;
set c[22,41] := 41;
set c[23,29] := 29 12;
set c[23,98] := 98 56 53;
set c[23,9] := 9;
set c[23,22] := 22 66 28 27;
set c[23,42] := 42 64 14 100;
set c[23,7] := 7 72 16 74 62 78;
set c[23,86] := 86 59 20 39;
set c[23,10] := 10 36 48 11 45 50 26 37;
set c[23,35] := 35;
set c[23,92] := 92 6 97 89 71 69 82 84 38 46 51 57 63 73 75 81 83 85 91 99;
set c[23,21] := 21 3 30 44 65 18 4 24;
set c[23,47] := 47 76 2;
set c[23,60] := 60 13;
set c[23,93] := 93;
set c[23,61] := 61;
set c[23,79] := 79 31;
set c[23,1] := 1;
set c[23,15] := 15;
set c[23,8] := 8;
set c[23,52] := 52;
set c[23,33] := 33;
set c[23,88] := 88;
set c[23,19] := 19;
set c[23,25] := 25;
set c[23,54] := 54;
set c[23,77] := 77;
set c[23,87] := 87;
set c[23,80] := 80;
set c[23,23] := 23;
set c[23,43] := 43;
set c[23,55] := 55;
set c[23,34] := 34;
set c[23,32] := 32;
set c[23,58] := 58;
set c[23,70] := 70;
set c[23,95] := 95;
set c[23,67] := 67;
set c[23,17] := 17;
set c[23,90] := 90;
set c[23,94] := 94;
set c[23,96] := 96;
set c[23,68] := 68;
set c[23,5] := 5;
set c[23,40] := 40;
set c[23,49] := 49;
set c[23,41] := 41;
set c[24,29] := 29 12;
set c[24,56] := 56 98 53;
set c[24,9] := 9;
set c[24,28] := 28 22 66 27;
set c[24,42] := 42 64 14 100;
set c[24,7] := 7 72 16 74 62 78;
set c[24,20] := 20 86 59 39;
set c[24,10] := 10 36 48 11 45 50 26 37;
set c[24,35] := 35;
set c[24,92] := 92 6 97 89 71 69 82 84 38 46 51 57 63 73 75 81 83 85 91 99;
set c[24,21] := 21 3 30 44 65 18 4 24;
set c[24,47] := 47 76 2;
set c[24,60] := 60 13;
set c[24,93] := 93;
set c[24,61] := 61;
set c[24,79] := 79 31;
set c[24,1] := 1;
set c[24,15] := 15;
set c[24,8] := 8;
set c[24,52] := 52;
set c[24,33] := 33;
set c[24,88] := 88;
set c[24,19] := 19;
set c[24,25] := 25;
set c[24,54] := 54;
set c[24,77] := 77;
set c[24,87] := 87;
set c[24,80] := 80;
set c[24,23] := 23;
set c[24,43] := 43;
set c[24,55] := 55;
set c[24,34] := 34;
set c[24,32] := 32;
set c[24,58] := 58;
set c[24,70] := 70;
set c[24,95] := 95;
set c[24,67] := 67;
set c[24,17] := 17;
set c[24,90] := 90;
set c[24,94] := 94;
set c[24,96] := 96;
set c[24,68] := 68;
set c[24,5] := 5;
set c[24,40] := 40;
set c[24,49] := 49;
set c[24,41] := 41;
set c[25,29] := 29 12;
set c[25,98] := 98 56 53;
set c[25,9] := 9;
set c[25,28] := 28 22 66 27;
set c[25,42] := 42 64 14 100;
set c[25,7] := 7 72 16 74 62 78;
set c[25,20] := 20 86 59 39;
set c[25,10] := 10 36 48 11 45 50 26 37;
set c[25,35] := 35;
set c[25,51] := 51 92 6 97 89 71 69 82 84 38 46 57 63 73 75 81 83 85 91 99;
set c[25,21] := 21 3 30 44 65 18 4 24;
set c[25,47] := 47 76 2;
set c[25,60] := 60 13;
set c[25,93] := 93;
set c[25,61] := 61;
set c[25,79] := 79 31;
set c[25,1] := 1;
set c[25,15] := 15;
set c[25,8] := 8;
set c[25,52] := 52;
set c[25,33] := 33;
set c[25,88] := 88;
set c[25,19] := 19;
set c[25,25] := 25;
set c[25,54] := 54;
set c[25,77] := 77;
set c[25,87] := 87;
set c[25,80] := 80;
set c[25,23] := 23;
set c[25,43] := 43;
set c[25,55] := 55;
set c[25,34] := 34;
set c[25,32] := 32;
set c[25,58] := 58;
set c[25,70] := 70;
set c[25,95] := 95;
set c[25,67] := 67;
set c[25,17] := 17;
set c[25,90] := 90;
set c[25,94] := 94;
set c[25,96] := 96;
set c[25,68] := 68;
set c[25,5] := 5;
set c[25,40] := 40;
set c[25,49] := 49;
set c[25,41] := 41;
set c[26,29] := 29 12;
set c[26,53] := 53 98 56;
set c[26,9] := 9;
set c[26,28] := 28 22 66 27;
set c[26,42] := 42 64 14 100;
set c[26,7] := 7 72 16 74 62 78;
set c[26,20] := 20 86 59 39;
set c[26,10] := 10 36 48 11 45 50 26 37;
set c[26,35] := 35;
set c[26,51] := 51 92 6 97 89 71 69 82 84 38 46 57 63 73 75 81 83 85 91 99;
set c[26,3] := 3 21 30 44 65 18 4 24;
set c[26,2] := 2 47 76;
set c[26,60] := 60 13;
set c[26,93] := 93;
set c[26,61] := 61;
set c[26,79] := 79 31;
set c[26,1] := 1;
set c[26,15] := 15;
set c[26,8] := 8;
set c[26,52] := 52;
set c[26,33] := 33;
set c[26,88] := 88;
set c[26,19] := 19;
set c[26,25] := 25;
set c[26,54] := 54;
set c[26,77] := 77;
set c[26,87] := 87;
set c[26,80] := 80;
set c[26,23] := 23;
set c[26,43] := 43;
set c[26,55] := 55;
set c[26,34] := 34;
set c[26,32] := 32;
set c[26,58] := 58;
set c[26,70] := 70;
set c[26,95] := 95;
set c[26,67] := 67;
set c[26,17] := 17;
set c[26,90] := 90;
set c[26,94] := 94;
set c[26,96] := 96;
set c[26,68] := 68;
set c[26,5] := 5;
set c[26,40] := 40;
set c[26,49] := 49;
set c[26,41] := 41;
set c[27,29] := 29 12;
set c[27,98] := 98 53 56;
set c[27,9] := 9;
set c[27,27] := 27 28 22 66;
set c[27,42] := 42 64 14 100;
set c[27,7] := 7 72 16 74 62 78;
set c[27,20] := 20 86 59 39;
set c[27,10] := 10 36 48 11 45 50 26 37;
set c[27,35] := 35;
set c[27,51] := 51 92 6 97 89 71 69 82 84 38 46 57 63 73 75 81 83 85 91 99;
set c[27,3] := 3 21 30 44 65 18 4 24;
set c[27,47] := 47 2 76;
set c[27,60] := 60 13;
set c[27,93] := 93;
set c[27,61] := 61;
set c[27,79] := 79 31;
set c[27,1] := 1;
set c[27,15] := 15;
set c[27,8] := 8;
set c[27,52] := 52;
set c[27,33] := 33;
set c[27,88] := 88;
set c[27,19] := 19;
set c[27,25] := 25;
set c[27,54] := 54;
set c[27,77] := 77;
set c[27,87] := 87;
set c[27,80] := 80;
set c[27,23] := 23;
set c[27,43] := 43;
set c[27,55] := 55;
set c[27,34] := 34;
set c[27,32] := 32;
set c[27,58] := 58;
set c[27,70] := 70;
set c[27,95] := 95;
set c[27,67] := 67;
set c[27,17] := 17;
set c[27,90] := 90;
set c[27,94] := 94;
set c[27,96] := 96;
set c[27,68] := 68;
set c[27,5] := 5;
set c[27,40] := 40;
set c[27,49] := 49;
set c[27,41] := 41;
set c[28,29] := 29 12;
set c[28,98] := 98 53 56;
set c[28,9] := 9;
set c[28,27] := 27 28 22 66;
set c[28,64] := 64 42 14 100;
set c[28,74] := 74 7 72 16 62 78;
set c[28,20] := 20 86 59 39;
set c[28,48] := 48 10 36 11 45 50 26 37;
set c[28,35] := 35;
set c[28,69] := 69 51 92 6 97 89 71 82 84 38 46 57 63 73 75 81 83 85 91 99;
set c[28,3] := 3 21 30 44 65 18 4 24;
set c[28,2] := 2 47 76;
set c[28,60] := 60 13;
set c[28,93] := 93;
set c[28,61] := 61;
set c[28,79] := 79 31;
set c[28,1] := 1;
set c[28,15] := 15;
set c[28,8] := 8;
set c[28,52] := 52;
set c[28,33] := 33;
set c[28,88] := 88;
set c[28,19] := 19;
set c[28,25] := 25;
set c[28,54] := 54;
set c[28,77] := 77;
set c[28,87] := 87;
set c[28,80] := 80;
set c[28,23] := 23;
set c[28,43] := 43;
set c[28,55] := 55;
set c[28,34] := 34;
set c[28,32] := 32;
set c[28,58] := 58;
set c[28,70] := 70;
set c[28,95] := 95;
set c[28,67] := 67;
set c[28,17] := 17;
set c[28,90] := 90;
set c[28,94] := 94;
set c[28,96] := 96;
set c[28,68] := 68;
set c[28,5] := 5;
set c[28,40] := 40;
set c[28,49] := 49;
set c[28,41] := 41;
set c[29,29] := 29 12;
set c[29,98] := 98 53 56;
set c[29,9] := 9;
set c[29,27] := 27 28 22 66;
set c[29,64] := 64 42 14 100;
set c[29,74] := 74 7 72 16 62 78;
set c[29,20] := 20 86 59 39;
set c[29,48] := 48 10 36 11 45 50 26 37;
set c[29,35] := 35;
set c[29,89] := 89 69 51 92 6 97 71 82 84 38 46 57 63 73 75 81 83 85 91 99;
set c[29,30] := 30 3 21 44 65 18 4 24;
set c[29,76] := 76 2 47;
set c[29,60] := 60 13;
set c[29,93] := 93;
set c[29,61] := 61;
set c[29,79] := 79 31;
set c[29,1] := 1;
set c[29,15] := 15;
set c[29,8] := 8;
set c[29,52] := 52;
set c[29,33] := 33;
set c[29,88] := 88;
set c[29,19] := 19;
set c[29,25] := 25;
set c[29,54] := 54;
set c[29,77] := 77;
set c[29,87] := 87;
set c[29,80] := 80;
set c[29,23] := 23;
set c[29,43] := 43;
set c[29,55] := 55;
set c[29,34] := 34;
set c[29,32] := 32;
set c[29,58] := 58;
set c[29,70] := 70;
set c[29,95] := 95;
set c[29,67] := 67;
set c[29,17] := 17;
set c[29,90] := 90;
set c[29,94] := 94;
set c[29,96] := 96;
set c[29,68] := 68;
set c[29,5] := 5;
set c[29,40] := 40;
set c[29,49] := 49;
set c[29,41] := 41;
set c[30,29] := 29 12;
set c[30,98] := 98 53 56;
set c[30,9] := 9;
set c[30,27] := 27 28 22 66;
set c[30,100] := 100 64 42 14;
set c[30,78] := 78 74 7 72 16 62;
set c[30,59] := 59 20 86 39;
set c[30,36] := 36 48 10 11 45 50 26 37;
set c[30,35] := 35;
set c[30,38] := 38;
set c[30,63] := 63;
set c[30,81] := 81;
set c[30,91] := 91;
set c[30,6] := 6;
set c[30,92] := 92;
set c[30,82] := 82;
set c[30,84] := 84;
set c[30,69] := 69;
set c[30,97] := 97;
set c[30,85] := 85;
set c[30,51] := 51;
set c[30,83] := 83;
set c[30,71] := 71;
set c[30,99] := 99;
set c[30,73] := 73;
set c[30,75] := 75;
set c[30,57] := 57 46;
set c[30,89] := 89;
set c[30,18] := 18 30 3 21 44 65 4 24;
set c[30,2] := 2 76 47;
set c[30,60] := 60 13;
set c[30,93] := 93;
set c[30,61] := 61;
set c[30,79] := 79 31;
set c[30,1] := 1;
set c[30,15] := 15;
set c[30,8] := 8;
set c[30,52] := 52;
set c[30,33] := 33;
set c[30,88] := 88;
set c[30,19] := 19;
set c[30,25] := 25;
set c[30,54] := 54;
set c[30,77] := 77;
set c[30,87] := 87;
set c[30,80] := 80;
set c[30,23] := 23;
set c[30,43] := 43;
set c[30,55] := 55;
set c[30,34] := 34;
set c[30,32] := 32;
set c[30,58] := 58;
set c[30,70] := 70;
set c[30,95] := 95;
set c[30,67] := 67;
set c[30,17] := 17;
set c[30,90] := 90;
set c[30,94] := 94;
set c[30,96] := 96;
set c[30,68] := 68;
set c[30,5] := 5;
set c[30,40] := 40;
set c[30,49] := 49;
set c[30,41] := 41;

