#erel:= 0.800;
#emax:= 731.689;
#q:= 0.000;
#nesce:=    82;
#etime:= 1.242;
#snodes:=   916;
param nS:=   100;
param nSG:=    30;
param nRVSG :=
 1 24    4 24    7  2   10  2   13  2   16  2   19  2   22  2   25  2   28  2
 2 24    5  2    8  2   11  2   14  2   17  2   20  2   23  2   26  2   29  2
 3 24    6  2    9  2   12  2   15 12   18  2   21  2   24  2   27  2   30 24
;

param ScenF :=
  1  48.4983       46   2.98448      91  91.8169      136   0.6623
  2  37.4763       47   0            92 105.402       137   0
  3  25.6581       48   0            93 126.968       138   0.5477
  4   7.1541       49  95.7162       94 121.131       139   0.0203255
  5   6.25657      50  90.998        95 115.878       140   0.3665
  6   5.62556      51  83.3304       96  99.0811      141   0.260179
  7  34.7037       52  63.0062       97   0.0922715   142   0.1656
  8  64.9607       53  57.4008       98   0           143   0.493736
  9  83.3283       54  74.0647       99   0.127629    144   0
 10  73.0832       55  97.8506      100   0           145   0.679041
 11  58.1253       56 128.093       101   0.179079    146   0
 12  85.6936       57 145.727       102   0           147   0.712852
 13  86.9165       58 135.405       103   0.140715    148   0
 14  89.5384       59 113.403       104   0           149   0.636861
 15  93.7652       60 110.795       105   0.100688    150   0
 16  95.7777       61 103.273       106   0           151   0.533103
 17  89.7097       62 119.706       107   0.0851811   152   0
 18  88.2057       63 120.907       108   0           153   0.412919
 19  80.6176       64 117.435       109   0.104803    154   0
 20  79.866        65 128.932       110   0.0032      155   0.32247
 21  84.5115       66 148.211       111   0.13815     156   0
 22  74.2074       67 145.296       112   0.1136      157   0
 23  67.3585       68 129.417       113   0.127088    158   0
 24  56.7231       69 132.4         114   0.3743      159   0
 25   0            70 118.503       115   0.0822817   160   0.684624
 26   0            71  87.8242      116   0.5424      161   0
 27   7.95244      72  66.1582      117  15.9555      162   0
 28  26.0529       73  76.361       118  24.2346      163   0
 29  46.244        74  95.8328      119  22.3748      164   0
 30  42.5112       75  84.2265      120  30.9905      165   0.137516
 31   0            76  73.2467      121  24.3195      166   7.29006
 32   0            77  69.4314      122  17.777       167   0
 33   0            78  75.1106      123  41.9583      168 504.85
 34  38.9009       79  91.6739      124  81.6219      169 768.665
 35 110.902        80 115.725       125 101.436       170   0
 36  67.5841       81 142.674       126  90.0887      171  10.5529
 37  38.942        82  91.3602      127  70.5954      172   0
 38  25.8724       83  13.0955      128  66.0194      173   0
 39  18.2761       84  14.3321      129   0.0148865   174   0
 40   8.17783      85  18.9998      130   0.6482      175   0
 41  22.0531       86  35.9591      131   0           176   4.19567
 42 105.699        87  22.7085      132   0.7078      177   0
 43 181.988        88   4.49161     133   0           178   0.169276
 44   0            89  14.3823      134   0.7141      179   0
 45   0            90  44.2557      135   0           180   0
;

param ScenO :=
  1  92           46  20.4         91  99.41       136   0.607
  2  85.23        47   9.16        92 163.4        137   0.155
  3  70           48   9           93 193.47       138   0.418
  4  64           49  88.7         94 127.39       139   0.175
  5  64           50  84.1         95  98.37       140   0.29
  6  70           51  73.7         96  95.56       141   0.205
  7  90.71        52  69.87        97   0.063      142   0.135
  8 105.01        53  66.63        98   0          143   0.245
  9 125.89        54  71.46        99   0.045      144   0
 10 103.9         55  80.71       100   0          145   0.24
 11  88.77        56  95.29       101   0.044      146   0
 12  81.5         57 121          102   0          147   0.201
 13  73.29        58 103.45       103   0.062      148   0
 14  69           59  87.88       104   0          149   0.158
 15  67.04        60  78.45       105   0.095      150   0
 16  67.88        61  70.29       106   0          151   0.121
 17  70.47        62  66          107   0.133      152   0
 18  90.22        63  64.54       108   0          153   0.092
 19 103.41        64  65.12       109   0.163      154   0
 20 158.4         65  68.5        110   0.004      155   0.08
 21 181           66  87.72       111   0.167      156   0
 22 126.39        67 102.17       112   0.166      157   0.299565
 23 103.37        68 168.4        113   0.163      158   0.48199
 24  95.56        69 191.04       114   0.386      159   0.844286
 25  24           70 126.64       115   0.179      160   0.272188
 26  28.6         71  99.47       116   0.525      161   0.395625
 27  50.8         72  93.56       117  72.54       162   0.441857
 28  49.68        73  92          118  68.25       163   0.272296
 29  52.12        74  69.34       119  66.29       164   0.53633
 30  51.4         75  73          120  67          165   0.698467
 31  14.64        76  67          121  67.95       166   0.205871
 32   9           77  67.5        122  80          167  -0.764673
 33  20.48        78  72.1        123 106.41       168  -0.185767
 34  66           79  63.27       124 178.09       169  -0.024151
 35  45.64        80  84.28       125 211          170   0.096377
 36  54.96        81 112.87       126 128.97       171   0.003729
 37  46.52        82  99          127 102.37       172  -0.015174
 38  45.6         83  79.89       128  99.55       173   0.07975
 39  44.8         84  71.03       129   0.157      174  -0.041898
 40  40.12        85  63.4        130   0.643      175  -0.932308
 41  51.6         86  62          131   0.144      176   0.410859
 42  56.8         87  58.52       132   0.631      177   0.747293
 43  59.96        88  58.19       133   0.14       178   0.601076
 44  65           89  61.6        134   0.647      179   0.566702
 45  53.4         90  72.18       135   0.144      180   0.416911
;

param Scen0 (tr)
 :    1	    2	    3	    4	    5	    6	    7	    8	    9	   10	   11	   12	   13	   14	   15	   16	   17	   18	   19	   20	   21	   22	   23	   24	   25	   26	   27	   28	   29	   30	   31	   32	   33	   34	   35	   36	   37	   38	   39	   40	   41	   42	   43	   44	   45	   46	   47	   48	   49	   50	   51	   52	   53	   54	   55	   56	   57	   58	   59	   60	   61	   62	   63	   64	   65	   66	   67	   68	   69	   70	   71	   72	   73	   74	   75	   76	   77	   78	   79	   80	   81	   82	   83	   84	   85	   86	   87	   88	   89	   90	   91	   92	   93	   94	   95	   96	   97	   98	   99	  100	  101	  102	  103	  104	  105	  106	  107	  108	  109	  110	  111	  112	  113	  114	  115	  116	  117	  118	  119	  120	  121	  122	  123	  124	  125	  126	  127	  128	  129	  130	  131	  132	  133	  134	  135	  136	  137	  138	  139	  140	  141	  142	  143	  144	  145	  146	  147	  148	  149	  150	  151	  152	  153	  154	  155	  156	  157	  158	  159	  160	  161	  162	  163	  164	  165	  166	  167	  168	  169	  170	  171	  172	  173	  174	  175	  176	  177	  178	  179	  180	:=
    1	92.000000	85.230000	70.000000	64.000000	64.000000	70.000000	90.710000	105.010000	125.890000	103.900000	88.770000	81.500000	73.290000	69.000000	67.040000	67.880000	70.470000	90.220000	103.410000	158.400000	181.000000	126.390000	103.370000	95.560000	24.000000	28.600000	50.800000	49.680000	52.120000	51.400000	14.640000	9.000000	20.480000	66.000000	45.640000	54.960000	46.520000	45.600000	44.800000	40.120000	51.600000	56.800000	59.960000	65.000000	53.400000	20.400000	9.160000	9.000000	88.700000	84.100000	73.700000	69.870000	66.630000	71.460000	80.710000	95.290000	121.000000	103.450000	87.880000	78.450000	70.290000	66.000000	64.540000	65.120000	68.500000	87.720000	102.170000	168.400000	191.040000	126.640000	99.470000	93.560000	92.000000	69.340000	73.000000	67.000000	67.500000	72.100000	63.270000	84.280000	112.870000	99.000000	79.890000	71.030000	63.400000	62.000000	58.520000	58.190000	61.600000	72.180000	99.410000	163.400000	193.470000	127.390000	98.370000	95.560000	0.063000	0.000000	0.045000	0.000000	0.044000	0.000000	0.062000	0.000000	0.095000	0.000000	0.133000	0.000000	0.163000	0.004000	0.167000	0.166000	0.163000	0.386000	0.179000	0.525000	72.540000	22.930900	25.410000	27.337800	26.218500	17.445200	43.775100	78.588900	104.910000	88.444100	70.626900	68.223100	0.191479	0.151100	0.142743	0.062000	0.104725	1.166300	0.080243	0.619500	0.086152	1.164000	0.114491	0.264200	0.320949	0.053000	0.654731	0.000000	0.791971	0.000000	0.791030	0.000000	0.684601	0.000000	0.538892	0.000000	0.415175	0.000000	0.361356	0.000000	0.299565	0.000000	0.000000	0.857565	0.000000	1.068830	0.000000	0.407885	0.597863	6.245690	17.037400	510.120000	767.006000	371.342000	58.549200	0.000000	10.498500	0.271956	0.000000	4.607260	0.396187	0.355555	0.000000	0.000000	
    2	92.000000	85.230000	70.000000	64.000000	64.000000	70.000000	90.710000	105.010000	125.890000	103.900000	88.770000	81.500000	73.290000	69.000000	67.040000	67.880000	70.470000	90.220000	103.410000	158.400000	181.000000	126.390000	103.370000	95.560000	24.000000	28.600000	50.800000	49.680000	52.120000	51.400000	14.640000	9.000000	20.480000	66.000000	45.640000	54.960000	46.520000	45.600000	44.800000	40.120000	51.600000	56.800000	59.960000	65.000000	53.400000	20.400000	9.160000	9.000000	88.700000	84.100000	73.700000	69.870000	66.630000	71.460000	80.710000	95.290000	121.000000	103.450000	87.880000	78.450000	70.290000	66.000000	64.540000	65.120000	68.500000	87.720000	102.170000	168.400000	191.040000	126.640000	99.470000	93.560000	92.000000	69.340000	73.000000	67.000000	67.500000	72.100000	63.270000	84.280000	112.870000	99.000000	79.890000	71.030000	63.400000	62.000000	58.520000	58.190000	61.600000	72.180000	99.410000	163.400000	193.470000	127.390000	98.370000	95.560000	0.063000	0.000000	0.045000	0.000000	0.044000	0.000000	0.062000	0.000000	0.095000	0.000000	0.133000	0.000000	0.163000	0.004000	0.167000	0.166000	0.163000	0.386000	0.179000	0.525000	72.540000	16.334000	19.757700	23.820100	18.029200	6.375100	42.777600	77.259600	90.462000	84.266100	68.094000	67.344300	0.000000	0.154200	0.000000	0.484100	0.000000	0.568300	0.000000	0.747900	0.000000	0.152400	0.000000	0.349800	0.116603	0.219600	0.330947	0.000000	0.517289	0.000000	0.546051	0.000000	0.489744	0.000000	0.369896	0.000000	0.234621	0.000000	0.127415	0.000000	0.299565	0.000000	0.000000	0.893529	0.000000	1.073290	0.000000	0.157323	0.645205	6.025870	18.162200	507.592000	773.690000	325.982000	39.845500	6.189960	0.000000	0.000000	0.000000	3.993390	0.376040	0.339032	0.000000	0.368547	
    3	92.000000	85.230000	70.000000	64.000000	64.000000	70.000000	90.710000	105.010000	125.890000	103.900000	88.770000	81.500000	73.290000	69.000000	67.040000	67.880000	70.470000	90.220000	103.410000	158.400000	181.000000	126.390000	103.370000	95.560000	24.000000	28.600000	50.800000	49.680000	52.120000	51.400000	14.640000	9.000000	20.480000	66.000000	45.640000	54.960000	46.520000	45.600000	44.800000	40.120000	51.600000	56.800000	59.960000	65.000000	53.400000	20.400000	9.160000	9.000000	88.700000	84.100000	73.700000	69.870000	66.630000	71.460000	80.710000	95.290000	121.000000	103.450000	87.880000	78.450000	70.290000	66.000000	64.540000	65.120000	68.500000	87.720000	102.170000	168.400000	191.040000	126.640000	99.470000	93.560000	92.000000	69.340000	73.000000	67.000000	67.500000	72.100000	63.270000	84.280000	112.870000	99.000000	79.890000	71.030000	63.400000	62.000000	58.520000	58.190000	61.600000	72.180000	99.410000	163.400000	193.470000	127.390000	98.370000	95.560000	0.063000	0.000000	0.045000	0.000000	0.044000	0.000000	0.062000	0.000000	0.095000	0.000000	0.133000	0.000000	0.163000	0.004000	0.167000	0.166000	0.163000	0.386000	0.179000	0.525000	72.540000	13.342800	18.326700	23.519400	23.772300	17.372500	46.971700	81.685500	100.517000	89.628400	70.923100	61.830100	0.000000	0.501600	0.005482	0.845400	0.014497	0.917500	0.028929	0.505200	0.026364	0.141700	0.000000	0.391600	0.291428	0.147000	0.503658	0.000000	0.683840	0.000000	0.726637	0.000000	0.637260	0.000000	0.504852	0.000000	0.374593	0.000000	0.309052	0.000000	0.299565	0.000000	0.000000	0.665377	0.000000	1.414320	0.000000	0.473692	0.779095	8.717780	22.241300	514.783000	777.814000	298.869000	35.582500	0.000000	1.530330	0.000000	0.000000	4.456270	0.470410	0.465135	0.104977	0.231269	
    4	92.000000	85.230000	70.000000	64.000000	64.000000	70.000000	90.710000	105.010000	125.890000	103.900000	88.770000	81.500000	73.290000	69.000000	67.040000	67.880000	70.470000	90.220000	103.410000	158.400000	181.000000	126.390000	103.370000	95.560000	24.000000	28.600000	50.800000	49.680000	52.120000	51.400000	14.640000	9.000000	20.480000	66.000000	45.640000	54.960000	46.520000	45.600000	44.800000	40.120000	51.600000	56.800000	59.960000	65.000000	53.400000	20.400000	9.160000	9.000000	88.700000	84.100000	73.700000	69.870000	66.630000	71.460000	80.710000	95.290000	121.000000	103.450000	87.880000	78.450000	70.290000	66.000000	64.540000	65.120000	68.500000	87.720000	102.170000	168.400000	191.040000	126.640000	99.470000	93.560000	92.000000	69.340000	73.000000	67.000000	67.500000	72.100000	63.270000	84.280000	112.870000	99.000000	79.890000	71.030000	63.400000	62.000000	58.520000	58.190000	61.600000	72.180000	99.410000	163.400000	193.470000	127.390000	98.370000	95.560000	0.063000	0.000000	0.045000	0.000000	0.044000	0.000000	0.062000	0.000000	0.095000	0.000000	0.133000	0.000000	0.163000	0.004000	0.167000	0.166000	0.163000	0.386000	0.179000	0.525000	72.540000	17.792400	19.374000	23.016500	20.834600	3.331550	48.626200	78.668300	100.678000	82.715700	78.642000	83.324000	0.005300	0.662600	0.000000	0.815700	0.024617	1.221600	0.029176	0.949100	0.000000	1.783300	0.034611	0.447300	0.271968	0.138300	0.498837	0.000000	0.659017	0.000000	0.689624	0.000000	0.639797	0.000000	0.504852	0.000000	0.398483	0.000000	0.399235	0.000000	0.299565	0.000000	0.086156	0.711060	0.000000	0.085954	0.000000	0.257157	0.311454	1.544430	4.018730	504.957000	759.029000	153.157000	72.286900	0.000000	0.000000	0.000000	0.000000	4.099760	0.000000	0.303044	0.000000	0.121147	
    5	92.000000	85.230000	70.000000	64.000000	64.000000	70.000000	90.710000	105.010000	125.890000	103.900000	88.770000	81.500000	73.290000	69.000000	67.040000	67.880000	70.470000	90.220000	103.410000	158.400000	181.000000	126.390000	103.370000	95.560000	24.000000	28.600000	50.800000	49.680000	52.120000	51.400000	14.640000	9.000000	20.480000	66.000000	45.640000	54.960000	46.520000	45.600000	44.800000	40.120000	51.600000	56.800000	59.960000	65.000000	53.400000	20.400000	9.160000	9.000000	88.700000	84.100000	73.700000	69.870000	66.630000	71.460000	80.710000	95.290000	121.000000	103.450000	87.880000	78.450000	70.290000	66.000000	64.540000	65.120000	68.500000	87.720000	102.170000	168.400000	191.040000	126.640000	99.470000	93.560000	92.000000	69.340000	73.000000	67.000000	67.500000	72.100000	63.270000	84.280000	112.870000	99.000000	79.890000	71.030000	63.400000	62.000000	58.520000	58.190000	61.600000	72.180000	99.410000	163.400000	193.470000	127.390000	98.370000	95.560000	0.063000	0.000000	0.045000	0.000000	0.044000	0.000000	0.062000	0.000000	0.095000	0.000000	0.133000	0.000000	0.163000	0.004000	0.167000	0.166000	0.163000	0.386000	0.179000	0.525000	72.540000	26.919200	28.164100	25.992000	23.201900	10.180900	38.960600	81.841000	99.725100	89.412200	70.598900	58.811100	0.000000	2.991000	0.000000	0.624100	0.010193	0.855900	0.041620	0.506900	0.058560	0.499100	0.077714	0.383500	0.316212	0.207600	0.544599	0.000000	0.753638	0.000000	0.800140	0.000000	0.723834	0.000000	0.610518	0.000000	0.502053	0.000000	0.458295	0.000000	0.299565	0.219093	0.024185	0.589722	0.000000	0.013522	0.000000	0.308368	0.522777	2.285640	0.000000	484.149000	758.596000	520.758000	78.011200	39.939200	0.000000	4.630300	24.344200	3.554320	0.356785	0.452085	0.000000	0.000000	
    6	92.000000	85.230000	70.000000	64.000000	64.000000	70.000000	90.710000	105.010000	125.890000	103.900000	88.770000	81.500000	73.290000	69.000000	67.040000	67.880000	70.470000	90.220000	103.410000	158.400000	181.000000	126.390000	103.370000	95.560000	24.000000	28.600000	50.800000	49.680000	52.120000	51.400000	14.640000	9.000000	20.480000	66.000000	45.640000	54.960000	46.520000	45.600000	44.800000	40.120000	51.600000	56.800000	59.960000	65.000000	53.400000	20.400000	9.160000	9.000000	88.700000	84.100000	73.700000	69.870000	66.630000	71.460000	80.710000	95.290000	121.000000	103.450000	87.880000	78.450000	70.290000	66.000000	64.540000	65.120000	68.500000	87.720000	102.170000	168.400000	191.040000	126.640000	99.470000	93.560000	92.000000	69.340000	73.000000	67.000000	67.500000	72.100000	63.270000	84.280000	112.870000	99.000000	79.890000	71.030000	63.400000	62.000000	58.520000	58.190000	61.600000	72.180000	99.410000	163.400000	193.470000	127.390000	98.370000	95.560000	0.063000	0.000000	0.045000	0.000000	0.044000	0.000000	0.062000	0.000000	0.095000	0.000000	0.133000	0.000000	0.163000	0.004000	0.167000	0.166000	0.163000	0.386000	0.179000	0.525000	72.540000	24.072200	33.973400	28.635000	27.261400	28.794700	60.471000	89.463900	104.601000	94.913800	76.395700	73.191800	0.000000	0.757500	0.000000	1.469500	0.000000	0.358900	0.000000	0.280200	0.000000	0.832300	0.000000	0.455200	0.301767	0.076300	0.527657	0.000000	0.735713	0.000000	0.740875	0.000000	0.829183	0.000000	0.724452	0.000000	0.614632	0.000000	0.565621	0.000000	0.299565	0.000000	0.141434	0.733599	0.000000	0.599142	0.000000	0.397975	0.941017	4.413590	0.000000	491.919000	798.711000	267.605000	0.000000	0.000000	0.000000	0.000000	44.292800	3.824100	0.326132	0.307832	0.000000	0.000000	
    7	92.000000	85.230000	70.000000	64.000000	64.000000	70.000000	90.710000	105.010000	125.890000	103.900000	88.770000	81.500000	73.290000	69.000000	67.040000	67.880000	70.470000	90.220000	103.410000	158.400000	181.000000	126.390000	103.370000	95.560000	24.000000	28.600000	50.800000	49.680000	52.120000	51.400000	14.640000	9.000000	20.480000	66.000000	45.640000	54.960000	46.520000	45.600000	44.800000	40.120000	51.600000	56.800000	59.960000	65.000000	53.400000	20.400000	9.160000	9.000000	88.700000	84.100000	73.700000	69.870000	66.630000	71.460000	80.710000	95.290000	121.000000	103.450000	87.880000	78.450000	70.290000	66.000000	64.540000	65.120000	68.500000	87.720000	102.170000	168.400000	191.040000	126.640000	99.470000	93.560000	92.000000	69.340000	73.000000	67.000000	67.500000	72.100000	63.270000	84.280000	112.870000	99.000000	79.890000	71.030000	63.400000	62.000000	58.520000	58.190000	61.600000	72.180000	99.410000	163.400000	193.470000	127.390000	98.370000	95.560000	0.063000	0.000000	0.045000	0.000000	0.044000	0.000000	0.062000	0.000000	0.095000	0.000000	0.133000	0.000000	0.163000	0.004000	0.167000	0.166000	0.163000	0.386000	0.179000	0.525000	72.540000	23.390200	35.550200	33.738900	33.374800	24.385000	36.743600	60.029500	102.516000	88.816700	58.186900	56.673900	0.000000	3.733400	0.000000	2.202800	0.000000	3.204900	0.000000	0.303800	0.000000	0.801300	0.000000	0.312400	0.146824	0.021800	0.374295	0.000000	0.533740	0.000000	0.560524	0.000000	0.504843	0.000000	0.410460	0.000000	0.286988	0.000000	0.252337	0.000000	0.299565	0.000000	0.261996	1.083200	0.000000	0.404441	0.000000	0.037244	0.386822	6.949420	0.354153	501.176000	764.892000	465.621000	61.019500	1.633700	11.665300	0.331950	0.000000	3.628930	0.416867	0.379413	0.000000	0.000000	
    8	92.000000	85.230000	70.000000	64.000000	64.000000	70.000000	90.710000	105.010000	125.890000	103.900000	88.770000	81.500000	73.290000	69.000000	67.040000	67.880000	70.470000	90.220000	103.410000	158.400000	181.000000	126.390000	103.370000	95.560000	24.000000	28.600000	50.800000	49.680000	52.120000	51.400000	14.640000	9.000000	20.480000	66.000000	45.640000	54.960000	46.520000	45.600000	44.800000	40.120000	51.600000	56.800000	59.960000	65.000000	53.400000	20.400000	9.160000	9.000000	88.700000	84.100000	73.700000	69.870000	66.630000	71.460000	80.710000	95.290000	121.000000	103.450000	87.880000	78.450000	70.290000	66.000000	64.540000	65.120000	68.500000	87.720000	102.170000	168.400000	191.040000	126.640000	99.470000	93.560000	92.000000	69.340000	73.000000	67.000000	67.500000	72.100000	63.270000	84.280000	112.870000	99.000000	79.890000	71.030000	63.400000	62.000000	58.520000	58.190000	61.600000	72.180000	99.410000	163.400000	193.470000	127.390000	98.370000	95.560000	0.063000	0.000000	0.045000	0.000000	0.044000	0.000000	0.062000	0.000000	0.095000	0.000000	0.133000	0.000000	0.163000	0.004000	0.167000	0.166000	0.163000	0.386000	0.179000	0.525000	72.540000	13.078900	15.324100	19.700300	16.777900	7.872550	35.507400	72.859300	99.306300	84.195500	65.427400	52.949500	0.020750	1.175300	0.000000	0.641500	0.000000	0.685800	0.064871	0.557400	0.000000	0.661200	0.068259	0.422900	0.328136	0.323600	0.512957	0.000000	0.714257	0.000000	0.785627	0.000000	0.708791	0.000000	0.605213	0.000000	0.476783	0.000000	0.378587	0.000000	0.299565	0.000000	0.318790	0.123669	0.000000	0.000000	0.000000	0.000000	0.975206	6.110010	0.000000	502.416000	770.794000	416.564000	64.958900	2.555150	0.000000	0.512500	0.000000	4.060860	0.345495	0.377440	0.000000	0.006989	
    9	92.000000	85.230000	70.000000	64.000000	64.000000	70.000000	90.710000	105.010000	125.890000	103.900000	88.770000	81.500000	73.290000	69.000000	67.040000	67.880000	70.470000	90.220000	103.410000	158.400000	181.000000	126.390000	103.370000	95.560000	24.000000	28.600000	50.800000	49.680000	52.120000	51.400000	14.640000	9.000000	20.480000	66.000000	45.640000	54.960000	46.520000	45.600000	44.800000	40.120000	51.600000	56.800000	59.960000	65.000000	53.400000	20.400000	9.160000	9.000000	88.700000	84.100000	73.700000	69.870000	66.630000	71.460000	80.710000	95.290000	121.000000	103.450000	87.880000	78.450000	70.290000	66.000000	64.540000	65.120000	68.500000	87.720000	102.170000	168.400000	191.040000	126.640000	99.470000	93.560000	92.000000	69.340000	73.000000	67.000000	67.500000	72.100000	63.270000	84.280000	112.870000	99.000000	79.890000	71.030000	63.400000	62.000000	58.520000	58.190000	61.600000	72.180000	99.410000	163.400000	193.470000	127.390000	98.370000	95.560000	0.063000	0.000000	0.045000	0.000000	0.044000	0.000000	0.062000	0.000000	0.095000	0.000000	0.133000	0.000000	0.163000	0.004000	0.167000	0.166000	0.163000	0.386000	0.179000	0.525000	72.540000	17.792400	19.374000	23.016500	20.834600	3.331550	48.626200	78.668300	100.678000	82.715700	78.642000	83.324000	0.005300	0.662600	0.000000	0.815700	0.024617	1.221600	0.029176	0.949100	0.000000	1.783300	0.034611	0.447300	0.271968	0.138300	0.498837	0.000000	0.659017	0.000000	0.689624	0.000000	0.639797	0.000000	0.492841	0.000000	0.378334	0.000000	0.286017	0.000000	0.299565	0.000000	0.000000	0.893529	0.000000	1.073290	0.000000	0.407885	0.597863	6.245690	17.037400	510.120000	767.006000	371.342000	58.549200	0.000000	10.498500	0.985253	0.000000	3.936190	0.000000	0.367168	0.000000	0.000000	
   10	92.000000	85.230000	70.000000	64.000000	64.000000	70.000000	90.710000	105.010000	125.890000	103.900000	88.770000	81.500000	73.290000	69.000000	67.040000	67.880000	70.470000	90.220000	103.410000	158.400000	181.000000	126.390000	103.370000	95.560000	24.000000	28.600000	50.800000	49.680000	52.120000	51.400000	14.640000	9.000000	20.480000	66.000000	45.640000	54.960000	46.520000	45.600000	44.800000	40.120000	51.600000	56.800000	59.960000	65.000000	53.400000	20.400000	9.160000	9.000000	88.700000	84.100000	73.700000	69.870000	66.630000	71.460000	80.710000	95.290000	121.000000	103.450000	87.880000	78.450000	70.290000	66.000000	64.540000	65.120000	68.500000	87.720000	102.170000	168.400000	191.040000	126.640000	99.470000	93.560000	92.000000	69.340000	73.000000	67.000000	67.500000	72.100000	63.270000	84.280000	112.870000	99.000000	79.890000	71.030000	63.400000	62.000000	58.520000	58.190000	61.600000	72.180000	99.410000	163.400000	193.470000	127.390000	98.370000	95.560000	0.063000	0.000000	0.045000	0.000000	0.044000	0.000000	0.062000	0.000000	0.095000	0.000000	0.133000	0.000000	0.163000	0.004000	0.167000	0.166000	0.163000	0.386000	0.179000	0.525000	72.540000	23.390200	35.550200	33.738900	33.374800	24.385000	36.743600	60.029500	102.516000	88.816700	58.186900	56.673900	0.012433	0.298700	0.000000	1.676000	0.000000	1.006600	0.000000	0.573100	0.000000	0.520100	0.000000	0.309200	0.190176	0.151200	0.410713	0.000000	0.587177	0.000000	0.619730	0.000000	0.562208	0.000000	0.492445	0.000000	0.426892	0.000000	0.389989	0.000000	0.299565	0.000000	0.000000	0.836953	0.000000	0.051664	0.339140	0.868578	0.278879	3.689730	0.000000	517.954000	783.798000	294.559000	58.031400	0.000000	0.000000	0.000000	0.000000	3.538010	0.000000	0.426364	0.000000	0.000000	
   11	92.000000	85.230000	70.000000	64.000000	64.000000	70.000000	90.710000	105.010000	125.890000	103.900000	88.770000	81.500000	73.290000	69.000000	67.040000	67.880000	70.470000	90.220000	103.410000	158.400000	181.000000	126.390000	103.370000	95.560000	24.000000	28.600000	50.800000	49.680000	52.120000	51.400000	14.640000	9.000000	20.480000	66.000000	45.640000	54.960000	46.520000	45.600000	44.800000	40.120000	51.600000	56.800000	59.960000	65.000000	53.400000	20.400000	9.160000	9.000000	88.700000	84.100000	73.700000	69.870000	66.630000	71.460000	80.710000	95.290000	121.000000	103.450000	87.880000	78.450000	70.290000	66.000000	64.540000	65.120000	68.500000	87.720000	102.170000	168.400000	191.040000	126.640000	99.470000	93.560000	92.000000	69.340000	73.000000	67.000000	67.500000	72.100000	63.270000	84.280000	112.870000	99.000000	79.890000	71.030000	63.400000	62.000000	58.520000	58.190000	61.600000	72.180000	99.410000	163.400000	193.470000	127.390000	98.370000	95.560000	0.063000	0.000000	0.045000	0.000000	0.044000	0.000000	0.062000	0.000000	0.095000	0.000000	0.133000	0.000000	0.163000	0.004000	0.167000	0.166000	0.163000	0.386000	0.179000	0.525000	72.540000	29.678700	33.973400	28.635000	27.261400	28.794700	60.471000	89.463900	104.601000	94.913800	76.395700	77.761500	0.000000	0.925300	0.000000	1.301300	0.000000	0.097700	0.000000	0.184700	0.000000	0.863500	0.000000	0.424300	0.405574	0.228500	0.625298	0.000000	0.801355	0.000000	0.827951	0.000000	0.752609	0.000000	0.637506	0.000000	0.519389	0.000000	0.434365	0.000000	0.299565	0.000000	0.384916	0.802607	0.000000	0.307770	0.112330	0.533696	0.490838	6.783170	0.000000	510.881000	777.265000	332.046000	31.756300	0.000000	5.762320	1.226740	4.067450	4.282230	0.190929	0.367755	0.000000	0.000000	
   12	92.000000	85.230000	70.000000	64.000000	64.000000	70.000000	90.710000	105.010000	125.890000	103.900000	88.770000	81.500000	73.290000	69.000000	67.040000	67.880000	70.470000	90.220000	103.410000	158.400000	181.000000	126.390000	103.370000	95.560000	24.000000	28.600000	50.800000	49.680000	52.120000	51.400000	14.640000	9.000000	20.480000	66.000000	45.640000	54.960000	46.520000	45.600000	44.800000	40.120000	51.600000	56.800000	59.960000	65.000000	53.400000	20.400000	9.160000	9.000000	88.700000	84.100000	73.700000	69.870000	66.630000	71.460000	80.710000	95.290000	121.000000	103.450000	87.880000	78.450000	70.290000	66.000000	64.540000	65.120000	68.500000	87.720000	102.170000	168.400000	191.040000	126.640000	99.470000	93.560000	92.000000	69.340000	73.000000	67.000000	67.500000	72.100000	63.270000	84.280000	112.870000	99.000000	79.890000	71.030000	63.400000	62.000000	58.520000	58.190000	61.600000	72.180000	99.410000	163.400000	193.470000	127.390000	98.370000	95.560000	0.063000	0.000000	0.045000	0.000000	0.044000	0.000000	0.062000	0.000000	0.095000	0.000000	0.133000	0.000000	0.163000	0.004000	0.167000	0.166000	0.163000	0.386000	0.179000	0.525000	72.540000	20.542600	22.993700	29.888100	35.780600	26.087400	46.809500	81.130200	98.179500	81.349100	62.805800	65.336000	0.105606	0.577600	0.053014	0.520000	0.000000	0.706800	0.000000	0.610300	0.000000	0.397100	0.000000	0.206300	0.301522	0.142000	0.434085	0.000000	0.627992	0.000000	0.750697	0.000000	0.639014	0.000000	0.508665	0.000000	0.343821	0.000000	0.257629	0.000000	0.299565	0.000000	0.170066	0.762623	0.000000	0.341315	0.000000	0.204720	0.511378	5.991630	0.000000	511.956000	807.470000	448.344000	24.360700	8.306640	9.267450	3.737600	0.000000	4.819250	0.252429	0.369586	0.000000	0.000000	
   13	92.000000	85.230000	70.000000	64.000000	64.000000	70.000000	90.710000	105.010000	125.890000	103.900000	88.770000	81.500000	73.290000	69.000000	67.040000	67.880000	70.470000	90.220000	103.410000	158.400000	181.000000	126.390000	103.370000	95.560000	24.000000	28.600000	50.800000	49.680000	52.120000	51.400000	14.640000	9.000000	20.480000	66.000000	45.640000	54.960000	46.520000	45.600000	44.800000	40.120000	51.600000	56.800000	59.960000	65.000000	53.400000	20.400000	9.160000	9.000000	88.700000	84.100000	73.700000	69.870000	66.630000	71.460000	80.710000	95.290000	121.000000	103.450000	87.880000	78.450000	70.290000	66.000000	64.540000	65.120000	68.500000	87.720000	102.170000	168.400000	191.040000	126.640000	99.470000	93.560000	92.000000	69.340000	73.000000	67.000000	67.500000	72.100000	63.270000	84.280000	112.870000	99.000000	79.890000	71.030000	63.400000	62.000000	58.520000	58.190000	61.600000	72.180000	99.410000	163.400000	193.470000	127.390000	98.370000	95.560000	0.063000	0.000000	0.045000	0.000000	0.044000	0.000000	0.062000	0.000000	0.095000	0.000000	0.133000	0.000000	0.163000	0.004000	0.167000	0.166000	0.163000	0.386000	0.179000	0.525000	72.540000	24.072200	33.973400	28.635000	27.261400	28.794700	60.471000	89.463900	104.601000	94.913800	76.395700	73.191800	0.000000	0.757500	0.000000	1.469500	0.000000	0.358900	0.000000	0.280200	0.000000	0.832300	0.000000	0.455200	0.301767	0.076300	0.527657	0.000000	0.735713	0.000000	0.740875	0.000000	0.504843	0.000000	0.410460	0.000000	0.330028	0.000000	0.315610	0.000000	0.299565	0.000000	0.000000	0.691318	0.638715	0.000000	0.000000	0.000000	0.277942	10.465800	0.000000	514.547000	797.301000	261.796000	37.123900	0.000000	11.665300	0.331950	0.000000	3.628930	0.416867	0.379413	0.000000	0.200383	
   14	92.000000	85.230000	70.000000	64.000000	64.000000	70.000000	90.710000	105.010000	125.890000	103.900000	88.770000	81.500000	73.290000	69.000000	67.040000	67.880000	70.470000	90.220000	103.410000	158.400000	181.000000	126.390000	103.370000	95.560000	24.000000	28.600000	50.800000	49.680000	52.120000	51.400000	14.640000	9.000000	20.480000	66.000000	45.640000	54.960000	46.520000	45.600000	44.800000	40.120000	51.600000	56.800000	59.960000	65.000000	53.400000	20.400000	9.160000	9.000000	88.700000	84.100000	73.700000	69.870000	66.630000	71.460000	80.710000	95.290000	121.000000	103.450000	87.880000	78.450000	70.290000	66.000000	64.540000	65.120000	68.500000	87.720000	102.170000	168.400000	191.040000	126.640000	99.470000	93.560000	92.000000	69.340000	73.000000	67.000000	67.500000	72.100000	63.270000	84.280000	112.870000	99.000000	79.890000	71.030000	63.400000	62.000000	58.520000	58.190000	61.600000	72.180000	99.410000	163.400000	193.470000	127.390000	98.370000	95.560000	0.063000	0.000000	0.045000	0.000000	0.044000	0.000000	0.062000	0.000000	0.095000	0.000000	0.133000	0.000000	0.163000	0.004000	0.167000	0.166000	0.163000	0.386000	0.179000	0.525000	72.540000	22.703600	25.933900	29.052000	25.084100	17.666300	47.296600	71.485400	115.200000	84.240000	80.790100	73.429900	0.000000	1.642700	0.000000	0.424600	0.000000	0.716100	0.098174	0.904500	0.000000	0.200700	0.005697	0.330700	0.237875	0.064200	0.468098	0.000000	0.654054	0.000000	0.692295	0.000000	0.634866	0.000000	0.530191	0.000000	0.426892	0.000000	0.389989	0.000000	0.299565	0.000000	0.091103	0.728949	0.000000	0.382050	0.000000	0.393985	0.853910	6.415450	0.000000	504.446000	766.739000	693.695000	95.505600	7.960180	7.831120	5.081010	0.000000	4.023550	0.276721	0.368132	0.000000	0.000000	
   15	92.000000	85.230000	70.000000	64.000000	64.000000	70.000000	90.710000	105.010000	125.890000	103.900000	88.770000	81.500000	73.290000	69.000000	67.040000	67.880000	70.470000	90.220000	103.410000	158.400000	181.000000	126.390000	103.370000	95.560000	24.000000	28.600000	50.800000	49.680000	52.120000	51.400000	14.640000	9.000000	20.480000	66.000000	45.640000	54.960000	46.520000	45.600000	44.800000	40.120000	51.600000	56.800000	59.960000	65.000000	53.400000	20.400000	9.160000	9.000000	88.700000	84.100000	73.700000	69.870000	66.630000	71.460000	80.710000	95.290000	121.000000	103.450000	87.880000	78.450000	70.290000	66.000000	64.540000	65.120000	68.500000	87.720000	102.170000	168.400000	191.040000	126.640000	99.470000	93.560000	92.000000	69.340000	73.000000	67.000000	67.500000	72.100000	63.270000	84.280000	112.870000	99.000000	79.890000	71.030000	63.400000	62.000000	58.520000	58.190000	61.600000	72.180000	99.410000	163.400000	193.470000	127.390000	98.370000	95.560000	0.063000	0.000000	0.045000	0.000000	0.044000	0.000000	0.062000	0.000000	0.095000	0.000000	0.133000	0.000000	0.163000	0.004000	0.167000	0.166000	0.163000	0.386000	0.179000	0.525000	72.540000	13.078900	15.324100	19.700300	16.777900	7.872550	35.507400	72.859300	99.306300	84.195500	65.427400	52.949500	0.020750	1.175300	0.000000	0.641500	0.000000	0.770300	0.023898	0.565900	0.000000	1.187900	0.000000	0.867000	0.178550	0.170300	0.417503	0.000000	0.602671	0.000000	0.616998	0.000000	0.453842	0.000000	0.369758	0.000000	0.278238	0.000000	0.209953	0.000000	0.299565	0.000000	0.043449	1.203890	0.000000	0.441840	0.000000	0.377671	0.820269	6.627240	0.000000	506.314000	756.390000	364.529000	59.993400	0.000000	10.358800	1.434360	9.845270	3.663130	0.385830	0.474051	0.000000	0.000000	
   16	92.000000	85.230000	70.000000	64.000000	64.000000	70.000000	90.710000	105.010000	125.890000	103.900000	88.770000	81.500000	73.290000	69.000000	67.040000	67.880000	70.470000	90.220000	103.410000	158.400000	181.000000	126.390000	103.370000	95.560000	24.000000	28.600000	50.800000	49.680000	52.120000	51.400000	14.640000	9.000000	20.480000	66.000000	45.640000	54.960000	46.520000	45.600000	44.800000	40.120000	51.600000	56.800000	59.960000	65.000000	53.400000	20.400000	9.160000	9.000000	88.700000	84.100000	73.700000	69.870000	66.630000	71.460000	80.710000	95.290000	121.000000	103.450000	87.880000	78.450000	70.290000	66.000000	64.540000	65.120000	68.500000	87.720000	102.170000	168.400000	191.040000	126.640000	99.470000	93.560000	92.000000	69.340000	73.000000	67.000000	67.500000	72.100000	63.270000	84.280000	112.870000	99.000000	79.890000	71.030000	63.400000	62.000000	58.520000	58.190000	61.600000	72.180000	99.410000	163.400000	193.470000	127.390000	98.370000	95.560000	0.063000	0.000000	0.045000	0.000000	0.044000	0.000000	0.062000	0.000000	0.095000	0.000000	0.133000	0.000000	0.163000	0.004000	0.167000	0.166000	0.163000	0.386000	0.179000	0.525000	72.540000	17.792400	19.374000	23.016500	20.834600	3.331550	48.626200	78.668300	100.678000	82.715700	78.642000	83.324000	0.005300	0.662600	0.000000	0.815700	0.024617	1.221600	0.029176	0.949100	0.000000	1.783300	0.034611	0.447300	0.271968	0.138300	0.498837	0.000000	0.659017	0.000000	0.689624	0.000000	0.639797	0.000000	0.607182	0.000000	0.506131	0.000000	0.433656	0.000000	0.299565	0.000000	0.000000	0.000000	0.000000	0.000000	0.000000	0.093446	0.545994	6.128190	0.000000	520.666000	787.166000	315.858000	188.773000	0.000000	28.347300	0.000000	0.000000	4.259910	0.335385	0.402833	0.000000	0.179047	
   17	92.000000	85.230000	70.000000	64.000000	64.000000	70.000000	90.710000	105.010000	125.890000	103.900000	88.770000	81.500000	73.290000	69.000000	67.040000	67.880000	70.470000	90.220000	103.410000	158.400000	181.000000	126.390000	103.370000	95.560000	24.000000	28.600000	50.800000	49.680000	52.120000	51.400000	14.640000	9.000000	20.480000	66.000000	45.640000	54.960000	46.520000	45.600000	44.800000	40.120000	51.600000	56.800000	59.960000	65.000000	53.400000	20.400000	9.160000	9.000000	88.700000	84.100000	73.700000	69.870000	66.630000	71.460000	80.710000	95.290000	121.000000	103.450000	87.880000	78.450000	70.290000	66.000000	64.540000	65.120000	68.500000	87.720000	102.170000	168.400000	191.040000	126.640000	99.470000	93.560000	92.000000	69.340000	73.000000	67.000000	67.500000	72.100000	63.270000	84.280000	112.870000	99.000000	79.890000	71.030000	63.400000	62.000000	58.520000	58.190000	61.600000	72.180000	99.410000	163.400000	193.470000	127.390000	98.370000	95.560000	0.063000	0.000000	0.045000	0.000000	0.044000	0.000000	0.062000	0.000000	0.095000	0.000000	0.133000	0.000000	0.163000	0.004000	0.167000	0.166000	0.163000	0.386000	0.179000	0.525000	72.540000	32.164600	33.265700	33.821200	31.287300	24.480000	35.036500	73.402000	109.951000	84.628200	71.103300	63.650300	0.000000	0.634800	0.000000	0.913100	0.000000	1.258100	0.000000	1.124900	0.000000	1.572600	0.000000	0.317500	0.329163	0.197800	0.537324	0.000000	0.772654	0.000000	0.859406	0.000000	0.758155	0.000000	0.624744	0.000000	0.311854	0.000000	0.257629	0.000000	0.299565	0.000000	0.003248	1.231100	0.000000	0.184772	0.000000	0.211868	0.641946	7.173890	0.000000	509.888000	779.446000	282.929000	37.737800	0.878020	0.000000	0.000000	0.000000	3.305330	0.390374	0.274654	0.000000	0.000000	
   18	92.000000	85.230000	70.000000	64.000000	64.000000	70.000000	90.710000	105.010000	125.890000	103.900000	88.770000	81.500000	73.290000	69.000000	67.040000	67.880000	70.470000	90.220000	103.410000	158.400000	181.000000	126.390000	103.370000	95.560000	24.000000	28.600000	50.800000	49.680000	52.120000	51.400000	14.640000	9.000000	20.480000	66.000000	45.640000	54.960000	46.520000	45.600000	44.800000	40.120000	51.600000	56.800000	59.960000	65.000000	53.400000	20.400000	9.160000	9.000000	88.700000	84.100000	73.700000	69.870000	66.630000	71.460000	80.710000	95.290000	121.000000	103.450000	87.880000	78.450000	70.290000	66.000000	64.540000	65.120000	68.500000	87.720000	102.170000	168.400000	191.040000	126.640000	99.470000	93.560000	92.000000	69.340000	73.000000	67.000000	67.500000	72.100000	63.270000	84.280000	112.870000	99.000000	79.890000	71.030000	63.400000	62.000000	58.520000	58.190000	61.600000	72.180000	99.410000	163.400000	193.470000	127.390000	98.370000	95.560000	0.063000	0.000000	0.045000	0.000000	0.044000	0.000000	0.062000	0.000000	0.095000	0.000000	0.133000	0.000000	0.163000	0.004000	0.167000	0.166000	0.163000	0.386000	0.179000	0.525000	72.540000	24.072200	33.973400	28.635000	27.261400	28.794700	60.471000	89.463900	104.601000	94.913800	76.395700	73.191800	0.000000	0.757500	0.000000	1.469500	0.000000	0.358900	0.000000	0.280200	0.000000	0.832300	0.000000	0.455200	0.301767	0.076300	0.527657	0.000000	0.735713	0.000000	0.740875	0.000000	0.663635	0.000000	0.551099	0.000000	0.420632	0.000000	0.333763	0.000000	0.299565	0.000000	0.059724	0.672678	0.000000	0.084656	0.000000	0.280328	0.674080	5.774040	0.000000	506.054000	748.265000	301.178000	53.441900	0.697806	0.000000	0.253838	0.000000	4.190800	0.384200	0.383311	0.000000	0.014501	
   19	92.000000	85.230000	70.000000	64.000000	64.000000	70.000000	90.710000	105.010000	125.890000	103.900000	88.770000	81.500000	73.290000	69.000000	67.040000	67.880000	70.470000	90.220000	103.410000	158.400000	181.000000	126.390000	103.370000	95.560000	24.000000	28.600000	50.800000	49.680000	52.120000	51.400000	14.640000	9.000000	20.480000	66.000000	45.640000	54.960000	46.520000	45.600000	44.800000	40.120000	51.600000	56.800000	59.960000	65.000000	53.400000	20.400000	9.160000	9.000000	88.700000	84.100000	73.700000	69.870000	66.630000	71.460000	80.710000	95.290000	121.000000	103.450000	87.880000	78.450000	70.290000	66.000000	64.540000	65.120000	68.500000	87.720000	102.170000	168.400000	191.040000	126.640000	99.470000	93.560000	92.000000	69.340000	73.000000	67.000000	67.500000	72.100000	63.270000	84.280000	112.870000	99.000000	79.890000	71.030000	63.400000	62.000000	58.520000	58.190000	61.600000	72.180000	99.410000	163.400000	193.470000	127.390000	98.370000	95.560000	0.063000	0.000000	0.045000	0.000000	0.044000	0.000000	0.062000	0.000000	0.095000	0.000000	0.133000	0.000000	0.163000	0.004000	0.167000	0.166000	0.163000	0.386000	0.179000	0.525000	72.540000	13.078900	15.324100	19.700300	16.777900	7.872550	35.507400	72.859300	99.306300	84.195500	65.427400	52.949500	0.020750	1.175300	0.000000	0.641500	0.000000	0.770300	0.023898	0.565900	0.000000	1.187900	0.000000	0.867000	0.178550	0.170300	0.417503	0.000000	0.602671	0.000000	0.616998	0.000000	0.509610	0.000000	0.385508	0.000000	0.226546	0.000000	0.164183	0.000000	0.299565	0.000000	0.115935	0.719792	0.000000	0.368275	0.000000	0.386577	0.829995	6.509710	0.000000	503.407000	764.091000	430.000000	25.191200	2.765860	0.000000	0.000000	0.000000	4.633300	0.354215	0.161358	0.000000	0.000000	
   20	92.000000	85.230000	70.000000	64.000000	64.000000	70.000000	90.710000	105.010000	125.890000	103.900000	88.770000	81.500000	73.290000	69.000000	67.040000	67.880000	70.470000	90.220000	103.410000	158.400000	181.000000	126.390000	103.370000	95.560000	24.000000	28.600000	50.800000	49.680000	52.120000	51.400000	14.640000	9.000000	20.480000	66.000000	45.640000	54.960000	46.520000	45.600000	44.800000	40.120000	51.600000	56.800000	59.960000	65.000000	53.400000	20.400000	9.160000	9.000000	88.700000	84.100000	73.700000	69.870000	66.630000	71.460000	80.710000	95.290000	121.000000	103.450000	87.880000	78.450000	70.290000	66.000000	64.540000	65.120000	68.500000	87.720000	102.170000	168.400000	191.040000	126.640000	99.470000	93.560000	92.000000	69.340000	73.000000	67.000000	67.500000	72.100000	63.270000	84.280000	112.870000	99.000000	79.890000	71.030000	63.400000	62.000000	58.520000	58.190000	61.600000	72.180000	99.410000	163.400000	193.470000	127.390000	98.370000	95.560000	0.063000	0.000000	0.045000	0.000000	0.044000	0.000000	0.062000	0.000000	0.095000	0.000000	0.133000	0.000000	0.163000	0.004000	0.167000	0.166000	0.163000	0.386000	0.179000	0.525000	72.540000	17.792400	19.374000	23.016500	20.834600	3.331550	48.626200	82.699800	101.804000	69.286600	60.689000	60.295600	0.001607	0.313100	0.000000	0.200600	0.000000	0.971800	0.023898	0.880700	0.050100	2.683000	0.093817	0.911100	0.345378	0.388700	0.577584	0.000000	0.747300	0.000000	0.747492	0.000000	0.644767	0.000000	0.519992	0.000000	0.394270	0.000000	0.330724	0.000000	0.299565	0.095554	0.351742	0.000000	0.000000	0.000000	0.009192	0.118655	0.502010	7.997390	22.179800	500.731000	751.544000	250.599000	35.582800	0.000000	2.065550	0.000000	0.000000	4.614780	0.421733	0.284448	0.000000	0.000000	
   21	92.000000	85.230000	70.000000	64.000000	64.000000	70.000000	90.710000	105.010000	125.890000	103.900000	88.770000	81.500000	73.290000	69.000000	67.040000	67.880000	70.470000	90.220000	103.410000	158.400000	181.000000	126.390000	103.370000	95.560000	24.000000	28.600000	50.800000	49.680000	52.120000	51.400000	14.640000	9.000000	20.480000	66.000000	45.640000	54.960000	46.520000	45.600000	44.800000	40.120000	51.600000	56.800000	59.960000	65.000000	53.400000	20.400000	9.160000	9.000000	88.700000	84.100000	73.700000	69.870000	66.630000	71.460000	80.710000	95.290000	121.000000	103.450000	87.880000	78.450000	70.290000	66.000000	64.540000	65.120000	68.500000	87.720000	102.170000	168.400000	191.040000	126.640000	99.470000	93.560000	92.000000	69.340000	73.000000	67.000000	67.500000	72.100000	63.270000	84.280000	112.870000	99.000000	79.890000	71.030000	63.400000	62.000000	58.520000	58.190000	61.600000	72.180000	99.410000	163.400000	193.470000	127.390000	98.370000	95.560000	0.063000	0.000000	0.045000	0.000000	0.044000	0.000000	0.062000	0.000000	0.095000	0.000000	0.133000	0.000000	0.163000	0.004000	0.167000	0.166000	0.163000	0.386000	0.179000	0.525000	72.540000	29.678700	33.973400	28.635000	27.261400	28.794700	60.471000	89.463900	104.601000	94.913800	76.395700	77.761500	0.000000	0.925300	0.000000	1.301300	0.110700	0.414800	0.068036	0.459700	0.039635	0.903700	0.046405	1.123800	0.270048	0.594300	0.508423	0.000000	0.708268	0.000000	0.757764	0.000000	0.713740	0.000000	0.618195	0.000000	0.503486	0.000000	0.446148	0.000000	0.299565	0.000000	0.002286	0.798251	0.000000	0.206986	0.000000	0.233926	0.536826	6.863450	0.000000	504.149000	772.743000	355.820000	47.907200	0.445803	0.000000	0.282319	0.000000	4.076530	0.257985	0.299113	0.000000	0.036921	
   22	92.000000	85.230000	70.000000	64.000000	64.000000	70.000000	90.710000	105.010000	125.890000	103.900000	88.770000	81.500000	73.290000	69.000000	67.040000	67.880000	70.470000	90.220000	103.410000	158.400000	181.000000	126.390000	103.370000	95.560000	24.000000	28.600000	50.800000	49.680000	52.120000	51.400000	14.640000	9.000000	20.480000	66.000000	45.640000	54.960000	46.520000	45.600000	44.800000	40.120000	51.600000	56.800000	59.960000	65.000000	53.400000	20.400000	9.160000	9.000000	88.700000	84.100000	73.700000	69.870000	66.630000	71.460000	80.710000	95.290000	121.000000	103.450000	87.880000	78.450000	70.290000	66.000000	64.540000	65.120000	68.500000	87.720000	102.170000	168.400000	191.040000	126.640000	99.470000	93.560000	92.000000	69.340000	73.000000	67.000000	67.500000	72.100000	63.270000	84.280000	112.870000	99.000000	79.890000	71.030000	63.400000	62.000000	58.520000	58.190000	61.600000	72.180000	99.410000	163.400000	193.470000	127.390000	98.370000	95.560000	0.063000	0.000000	0.045000	0.000000	0.044000	0.000000	0.062000	0.000000	0.095000	0.000000	0.133000	0.000000	0.163000	0.004000	0.167000	0.166000	0.163000	0.386000	0.179000	0.525000	72.540000	24.072200	24.845600	21.251600	16.275900	2.428620	23.595000	74.161700	101.550000	82.765200	65.329800	64.109400	0.205076	0.426200	0.000000	0.122400	0.000000	0.565800	0.000000	0.694100	0.000000	0.432400	0.015011	0.316900	0.270048	0.233100	0.508423	0.000000	0.708268	0.000000	0.757764	0.000000	0.713740	0.000000	0.528646	0.000000	0.410937	0.000000	0.335919	0.000000	0.299565	0.000000	0.006257	0.773702	0.000000	0.000000	0.000000	0.093121	0.456884	8.532680	0.000000	505.028000	771.771000	375.397000	12.100700	0.000000	0.000000	0.321823	0.000000	3.471510	0.191709	0.338858	0.000000	0.018126	
   23	92.000000	85.230000	70.000000	64.000000	64.000000	70.000000	90.710000	105.010000	125.890000	103.900000	88.770000	81.500000	73.290000	69.000000	67.040000	67.880000	70.470000	90.220000	103.410000	158.400000	181.000000	126.390000	103.370000	95.560000	24.000000	28.600000	50.800000	49.680000	52.120000	51.400000	14.640000	9.000000	20.480000	66.000000	45.640000	54.960000	46.520000	45.600000	44.800000	40.120000	51.600000	56.800000	59.960000	65.000000	53.400000	20.400000	9.160000	9.000000	88.700000	84.100000	73.700000	69.870000	66.630000	71.460000	80.710000	95.290000	121.000000	103.450000	87.880000	78.450000	70.290000	66.000000	64.540000	65.120000	68.500000	87.720000	102.170000	168.400000	191.040000	126.640000	99.470000	93.560000	92.000000	69.340000	73.000000	67.000000	67.500000	72.100000	63.270000	84.280000	112.870000	99.000000	79.890000	71.030000	63.400000	62.000000	58.520000	58.190000	61.600000	72.180000	99.410000	163.400000	193.470000	127.390000	98.370000	95.560000	0.063000	0.000000	0.045000	0.000000	0.044000	0.000000	0.062000	0.000000	0.095000	0.000000	0.133000	0.000000	0.163000	0.004000	0.167000	0.166000	0.163000	0.386000	0.179000	0.525000	72.540000	32.697700	28.904100	32.628200	29.240700	10.245100	60.949500	80.633500	118.703000	103.165000	76.571800	71.056400	0.002865	0.245800	0.000000	0.277300	0.188365	0.198900	0.183075	0.445600	0.156900	0.232200	0.026337	1.085100	0.261213	0.366200	0.487988	0.000000	0.679898	0.000000	0.713036	0.000000	0.638514	0.000000	0.532906	0.000000	0.411821	0.000000	0.325430	0.000000	0.299565	0.000000	0.000000	0.706440	0.000000	0.776036	0.000000	0.217386	0.642138	5.288950	11.287600	497.432000	763.117000	490.501000	53.347400	0.000000	8.985660	1.610730	0.000000	3.998980	0.000000	0.464837	0.002919	0.000000	
   24	92.000000	85.230000	70.000000	64.000000	64.000000	70.000000	90.710000	105.010000	125.890000	103.900000	88.770000	81.500000	73.290000	69.000000	67.040000	67.880000	70.470000	90.220000	103.410000	158.400000	181.000000	126.390000	103.370000	95.560000	24.000000	28.600000	50.800000	49.680000	52.120000	51.400000	14.640000	9.000000	20.480000	66.000000	45.640000	54.960000	46.520000	45.600000	44.800000	40.120000	51.600000	56.800000	59.960000	65.000000	53.400000	20.400000	9.160000	9.000000	88.700000	84.100000	73.700000	69.870000	66.630000	71.460000	80.710000	95.290000	121.000000	103.450000	87.880000	78.450000	70.290000	66.000000	64.540000	65.120000	68.500000	87.720000	102.170000	168.400000	191.040000	126.640000	99.470000	93.560000	92.000000	69.340000	73.000000	67.000000	67.500000	72.100000	63.270000	84.280000	112.870000	99.000000	79.890000	71.030000	63.400000	62.000000	58.520000	58.190000	61.600000	72.180000	99.410000	163.400000	193.470000	127.390000	98.370000	95.560000	0.063000	0.000000	0.045000	0.000000	0.044000	0.000000	0.062000	0.000000	0.095000	0.000000	0.133000	0.000000	0.163000	0.004000	0.167000	0.166000	0.163000	0.386000	0.179000	0.525000	72.540000	13.078900	15.324100	19.700300	16.777900	7.872550	35.507400	72.859300	99.306300	84.195500	65.427400	52.949500	0.020750	1.175300	0.000000	0.641500	0.000000	0.685800	0.064871	0.557400	0.000000	0.661200	0.068259	0.422900	0.328136	0.323600	0.512957	0.000000	0.714257	0.000000	0.741368	0.000000	0.641296	0.000000	0.530574	0.000000	0.416381	0.000000	0.339385	0.000000	0.299565	0.150161	0.000000	0.609837	0.000000	0.000000	0.000000	0.322241	0.253322	5.765480	0.000000	504.347000	781.299000	272.908000	59.435500	0.000000	0.000000	0.316967	3.868630	3.809030	0.000000	0.295818	0.000000	0.117948	
   25	92.000000	85.230000	70.000000	64.000000	64.000000	70.000000	90.710000	105.010000	125.890000	103.900000	88.770000	81.500000	73.290000	69.000000	67.040000	67.880000	70.470000	90.220000	103.410000	158.400000	181.000000	126.390000	103.370000	95.560000	24.000000	28.600000	50.800000	49.680000	52.120000	51.400000	14.640000	9.000000	20.480000	66.000000	45.640000	54.960000	46.520000	45.600000	44.800000	40.120000	51.600000	56.800000	59.960000	65.000000	53.400000	20.400000	9.160000	9.000000	88.700000	84.100000	73.700000	69.870000	66.630000	71.460000	80.710000	95.290000	121.000000	103.450000	87.880000	78.450000	70.290000	66.000000	64.540000	65.120000	68.500000	87.720000	102.170000	168.400000	191.040000	126.640000	99.470000	93.560000	92.000000	69.340000	73.000000	67.000000	67.500000	72.100000	63.270000	84.280000	112.870000	99.000000	79.890000	71.030000	63.400000	62.000000	58.520000	58.190000	61.600000	72.180000	99.410000	163.400000	193.470000	127.390000	98.370000	95.560000	0.063000	0.000000	0.045000	0.000000	0.044000	0.000000	0.062000	0.000000	0.095000	0.000000	0.133000	0.000000	0.163000	0.004000	0.167000	0.166000	0.163000	0.386000	0.179000	0.525000	72.540000	38.227400	36.104400	30.472100	35.907100	18.785500	48.030400	88.497000	107.320000	84.195500	65.427400	52.949500	0.000000	0.345200	0.000000	0.765200	0.261280	0.574800	0.268274	0.065300	0.251476	2.016600	0.247832	1.525700	0.444910	0.167400	0.627900	0.000000	0.793296	0.000000	0.789400	0.000000	0.684769	0.000000	0.575296	0.000000	0.488125	0.000000	0.408547	0.000000	0.299565	0.171417	0.000000	0.705148	0.000000	0.173471	0.000000	0.193138	0.660230	6.838200	0.000000	499.347000	747.641000	323.574000	80.541300	9.660580	0.000000	0.021651	0.000000	4.096860	0.367373	0.473424	0.015356	0.119050	
   26	92.000000	85.230000	70.000000	64.000000	64.000000	70.000000	90.710000	105.010000	125.890000	103.900000	88.770000	81.500000	73.290000	69.000000	67.040000	67.880000	70.470000	90.220000	103.410000	158.400000	181.000000	126.390000	103.370000	95.560000	24.000000	28.600000	50.800000	49.680000	52.120000	51.400000	14.640000	9.000000	20.480000	66.000000	45.640000	54.960000	46.520000	45.600000	44.800000	40.120000	51.600000	56.800000	59.960000	65.000000	53.400000	20.400000	9.160000	9.000000	88.700000	84.100000	73.700000	69.870000	66.630000	71.460000	80.710000	95.290000	121.000000	103.450000	87.880000	78.450000	70.290000	66.000000	64.540000	65.120000	68.500000	87.720000	102.170000	168.400000	191.040000	126.640000	99.470000	93.560000	92.000000	69.340000	73.000000	67.000000	67.500000	72.100000	63.270000	84.280000	112.870000	99.000000	79.890000	71.030000	63.400000	62.000000	58.520000	58.190000	61.600000	72.180000	99.410000	163.400000	193.470000	127.390000	98.370000	95.560000	0.063000	0.000000	0.045000	0.000000	0.044000	0.000000	0.062000	0.000000	0.095000	0.000000	0.133000	0.000000	0.163000	0.004000	0.167000	0.166000	0.163000	0.386000	0.179000	0.525000	72.540000	13.078900	15.324100	19.700300	16.777900	7.872550	35.507400	72.859300	99.306300	84.195500	65.427400	52.949500	0.020750	1.175300	0.000000	0.641500	0.000000	0.685800	0.064871	0.557400	0.000000	0.661200	0.068259	0.422900	0.328136	0.323600	0.512957	0.000000	0.714257	0.000000	0.780490	0.000000	0.708238	0.000000	0.582074	0.000000	0.433000	0.000000	0.555147	0.000000	0.299565	0.000000	0.000000	0.830367	0.000000	0.445186	0.000000	0.421976	0.821782	7.093190	0.000000	512.330000	784.109000	317.006000	46.325700	10.153200	0.000000	0.000000	0.000000	4.486040	0.346286	0.418033	0.000000	0.128625	
   27	92.000000	85.230000	70.000000	64.000000	64.000000	70.000000	90.710000	105.010000	125.890000	103.900000	88.770000	81.500000	73.290000	69.000000	67.040000	67.880000	70.470000	90.220000	103.410000	158.400000	181.000000	126.390000	103.370000	95.560000	24.000000	28.600000	50.800000	49.680000	52.120000	51.400000	14.640000	9.000000	20.480000	66.000000	45.640000	54.960000	46.520000	45.600000	44.800000	40.120000	51.600000	56.800000	59.960000	65.000000	53.400000	20.400000	9.160000	9.000000	88.700000	84.100000	73.700000	69.870000	66.630000	71.460000	80.710000	95.290000	121.000000	103.450000	87.880000	78.450000	70.290000	66.000000	64.540000	65.120000	68.500000	87.720000	102.170000	168.400000	191.040000	126.640000	99.470000	93.560000	92.000000	69.340000	73.000000	67.000000	67.500000	72.100000	63.270000	84.280000	112.870000	99.000000	79.890000	71.030000	63.400000	62.000000	58.520000	58.190000	61.600000	72.180000	99.410000	163.400000	193.470000	127.390000	98.370000	95.560000	0.063000	0.000000	0.045000	0.000000	0.044000	0.000000	0.062000	0.000000	0.095000	0.000000	0.133000	0.000000	0.163000	0.004000	0.167000	0.166000	0.163000	0.386000	0.179000	0.525000	72.540000	32.164600	33.265700	33.821200	31.287300	24.480000	35.036500	73.402000	109.951000	84.628200	71.103300	63.650300	0.000000	0.634800	0.000000	0.913100	0.000000	1.258100	0.000000	1.124900	0.000000	1.572600	0.000000	0.317500	0.329163	0.197800	0.537324	0.000000	0.772654	0.000000	0.859406	0.000000	0.758155	0.000000	0.624744	0.000000	0.311854	0.000000	0.257629	0.000000	0.299565	0.000000	0.003248	1.231100	0.000000	0.184772	0.000000	0.211868	0.641946	7.173890	0.000000	509.888000	779.446000	282.929000	37.737800	0.878020	0.000000	0.000000	0.000000	3.305330	0.390374	0.274654	0.000000	0.000000	
   28	92.000000	85.230000	70.000000	64.000000	64.000000	70.000000	90.710000	105.010000	125.890000	103.900000	88.770000	81.500000	73.290000	69.000000	67.040000	67.880000	70.470000	90.220000	103.410000	158.400000	181.000000	126.390000	103.370000	95.560000	24.000000	28.600000	50.800000	49.680000	52.120000	51.400000	14.640000	9.000000	20.480000	66.000000	45.640000	54.960000	46.520000	45.600000	44.800000	40.120000	51.600000	56.800000	59.960000	65.000000	53.400000	20.400000	9.160000	9.000000	88.700000	84.100000	73.700000	69.870000	66.630000	71.460000	80.710000	95.290000	121.000000	103.450000	87.880000	78.450000	70.290000	66.000000	64.540000	65.120000	68.500000	87.720000	102.170000	168.400000	191.040000	126.640000	99.470000	93.560000	92.000000	69.340000	73.000000	67.000000	67.500000	72.100000	63.270000	84.280000	112.870000	99.000000	79.890000	71.030000	63.400000	62.000000	58.520000	58.190000	61.600000	72.180000	99.410000	163.400000	193.470000	127.390000	98.370000	95.560000	0.063000	0.000000	0.045000	0.000000	0.044000	0.000000	0.062000	0.000000	0.095000	0.000000	0.133000	0.000000	0.163000	0.004000	0.167000	0.166000	0.163000	0.386000	0.179000	0.525000	72.540000	29.678700	33.973400	28.635000	27.261400	28.794700	60.471000	89.463900	104.601000	94.913800	76.395700	77.761500	0.000000	0.925300	0.000000	1.301300	0.000000	2.477900	0.023271	0.208800	0.037011	0.496400	0.029379	0.052900	0.253852	0.020600	0.482700	0.000000	0.684664	0.000000	0.717684	0.000000	0.634054	0.000000	0.530760	0.000000	0.411812	0.000000	0.332171	0.000000	0.299565	0.000000	0.309660	0.000000	0.000000	0.000000	0.099264	0.452670	0.483027	3.538960	0.000000	498.920000	773.764000	635.339000	68.498200	0.000000	6.815700	0.357030	0.000000	3.587210	0.000000	0.447490	0.000000	0.000000	
   29	92.000000	85.230000	70.000000	64.000000	64.000000	70.000000	90.710000	105.010000	125.890000	103.900000	88.770000	81.500000	73.290000	69.000000	67.040000	67.880000	70.470000	90.220000	103.410000	158.400000	181.000000	126.390000	103.370000	95.560000	24.000000	28.600000	50.800000	49.680000	52.120000	51.400000	14.640000	9.000000	20.480000	66.000000	45.640000	54.960000	46.520000	45.600000	44.800000	40.120000	51.600000	56.800000	59.960000	65.000000	53.400000	20.400000	9.160000	9.000000	88.700000	84.100000	73.700000	69.870000	66.630000	71.460000	80.710000	95.290000	121.000000	103.450000	87.880000	78.450000	70.290000	66.000000	64.540000	65.120000	68.500000	87.720000	102.170000	168.400000	191.040000	126.640000	99.470000	93.560000	92.000000	69.340000	73.000000	67.000000	67.500000	72.100000	63.270000	84.280000	112.870000	99.000000	79.890000	71.030000	63.400000	62.000000	58.520000	58.190000	61.600000	72.180000	99.410000	163.400000	193.470000	127.390000	98.370000	95.560000	0.063000	0.000000	0.045000	0.000000	0.044000	0.000000	0.062000	0.000000	0.095000	0.000000	0.133000	0.000000	0.163000	0.004000	0.167000	0.166000	0.163000	0.386000	0.179000	0.525000	72.540000	29.678700	33.973400	28.635000	27.261400	28.794700	60.471000	89.463900	104.601000	94.913800	76.395700	77.761500	0.000000	0.925300	0.000000	1.301300	0.000000	1.610800	0.000000	2.891400	0.000000	1.134000	0.000000	0.969400	0.166010	0.438500	0.434085	0.000000	0.627992	0.000000	0.663208	0.000000	0.572140	0.000000	0.458022	0.000000	0.343821	0.000000	0.242535	0.000000	0.299565	0.000000	0.103159	0.808924	0.000000	0.461734	0.000000	0.365047	0.386822	6.949420	0.354153	501.176000	764.892000	465.621000	61.019500	1.633700	0.000000	0.282168	0.000000	3.972400	0.343291	0.303235	0.000000	0.000000	
   30	92.000000	85.230000	70.000000	64.000000	64.000000	70.000000	90.710000	105.010000	125.890000	103.900000	88.770000	81.500000	73.290000	69.000000	67.040000	67.880000	70.470000	90.220000	103.410000	158.400000	181.000000	126.390000	103.370000	95.560000	24.000000	28.600000	50.800000	49.680000	52.120000	51.400000	14.640000	9.000000	20.480000	66.000000	45.640000	54.960000	46.520000	45.600000	44.800000	40.120000	51.600000	56.800000	59.960000	65.000000	53.400000	20.400000	9.160000	9.000000	88.700000	84.100000	73.700000	69.870000	66.630000	71.460000	80.710000	95.290000	121.000000	103.450000	87.880000	78.450000	70.290000	66.000000	64.540000	65.120000	68.500000	87.720000	102.170000	168.400000	191.040000	126.640000	99.470000	93.560000	92.000000	69.340000	73.000000	67.000000	67.500000	72.100000	63.270000	84.280000	112.870000	99.000000	79.890000	71.030000	63.400000	62.000000	58.520000	58.190000	61.600000	72.180000	99.410000	163.400000	193.470000	127.390000	98.370000	95.560000	0.063000	0.000000	0.045000	0.000000	0.044000	0.000000	0.062000	0.000000	0.095000	0.000000	0.133000	0.000000	0.163000	0.004000	0.167000	0.166000	0.163000	0.386000	0.179000	0.525000	72.540000	23.390200	35.550200	33.738900	33.374800	24.385000	36.743600	60.029500	102.516000	88.816700	58.186900	56.673900	0.000000	1.152700	0.000000	0.345300	0.000000	0.314300	0.001594	1.482200	0.003004	0.843700	0.024509	0.964700	0.257573	0.333300	0.485021	0.000000	0.682952	0.000000	0.722156	0.000000	0.627826	0.000000	0.530574	0.000000	0.419583	0.000000	0.317251	0.000000	0.299565	0.000000	0.000000	0.691318	0.638715	0.000000	0.000000	0.000000	0.277942	10.465800	0.000000	504.874000	798.059000	524.148000	0.000000	0.000000	0.000000	0.400542	0.000000	4.099730	0.000000	0.394749	0.000000	0.134923	
   31	92.000000	85.230000	70.000000	64.000000	64.000000	70.000000	90.710000	105.010000	125.890000	103.900000	88.770000	81.500000	73.290000	69.000000	67.040000	67.880000	70.470000	90.220000	103.410000	158.400000	181.000000	126.390000	103.370000	95.560000	24.000000	28.600000	50.800000	49.680000	52.120000	51.400000	14.640000	9.000000	20.480000	66.000000	45.640000	54.960000	46.520000	45.600000	44.800000	40.120000	51.600000	56.800000	59.960000	65.000000	53.400000	20.400000	9.160000	9.000000	88.700000	84.100000	73.700000	69.870000	66.630000	71.460000	80.710000	95.290000	121.000000	103.450000	87.880000	78.450000	70.290000	66.000000	64.540000	65.120000	68.500000	87.720000	102.170000	168.400000	191.040000	126.640000	99.470000	93.560000	92.000000	69.340000	73.000000	67.000000	67.500000	72.100000	63.270000	84.280000	112.870000	99.000000	79.890000	71.030000	63.400000	62.000000	58.520000	58.190000	61.600000	72.180000	99.410000	163.400000	193.470000	127.390000	98.370000	95.560000	0.063000	0.000000	0.045000	0.000000	0.044000	0.000000	0.062000	0.000000	0.095000	0.000000	0.133000	0.000000	0.163000	0.004000	0.167000	0.166000	0.163000	0.386000	0.179000	0.525000	72.540000	29.678700	33.973400	28.635000	27.261400	28.794700	60.471000	89.463900	104.601000	94.913800	76.395700	77.761500	0.000000	0.925300	0.000000	1.301300	0.000000	0.634200	0.000337	1.139500	0.022108	0.317200	0.040475	0.105700	0.260885	0.135300	0.603836	0.000000	0.746679	0.000000	0.765997	0.000000	0.688266	0.000000	0.559824	0.000000	0.429526	0.000000	0.357226	0.000000	0.299565	0.000000	0.211926	1.461710	0.000000	0.000000	0.143919	0.525189	0.802948	4.720430	0.000000	504.202000	759.742000	258.774000	60.312200	0.000000	8.138720	0.862915	0.000000	4.364550	0.364487	0.774411	0.000000	0.252393	
   32	92.000000	85.230000	70.000000	64.000000	64.000000	70.000000	90.710000	105.010000	125.890000	103.900000	88.770000	81.500000	73.290000	69.000000	67.040000	67.880000	70.470000	90.220000	103.410000	158.400000	181.000000	126.390000	103.370000	95.560000	24.000000	28.600000	50.800000	49.680000	52.120000	51.400000	14.640000	9.000000	20.480000	66.000000	45.640000	54.960000	46.520000	45.600000	44.800000	40.120000	51.600000	56.800000	59.960000	65.000000	53.400000	20.400000	9.160000	9.000000	88.700000	84.100000	73.700000	69.870000	66.630000	71.460000	80.710000	95.290000	121.000000	103.450000	87.880000	78.450000	70.290000	66.000000	64.540000	65.120000	68.500000	87.720000	102.170000	168.400000	191.040000	126.640000	99.470000	93.560000	92.000000	69.340000	73.000000	67.000000	67.500000	72.100000	63.270000	84.280000	112.870000	99.000000	79.890000	71.030000	63.400000	62.000000	58.520000	58.190000	61.600000	72.180000	99.410000	163.400000	193.470000	127.390000	98.370000	95.560000	0.063000	0.000000	0.045000	0.000000	0.044000	0.000000	0.062000	0.000000	0.095000	0.000000	0.133000	0.000000	0.163000	0.004000	0.167000	0.166000	0.163000	0.386000	0.179000	0.525000	72.540000	13.078900	15.324100	19.700300	16.777900	7.872550	35.507400	72.859300	99.306300	84.195500	65.427400	52.949500	0.020750	1.175300	0.000000	0.641500	0.000000	0.685800	0.064871	0.557400	0.000000	0.661200	0.068259	0.422900	0.328136	0.323600	0.512957	0.000000	0.714257	0.000000	0.741277	0.000000	0.637260	0.000000	0.507988	0.000000	0.374593	0.000000	0.300036	0.000000	0.299565	0.182451	0.909370	1.427430	5.120600	9.001760	0.000000	0.369633	0.100626	6.679320	0.000000	492.128000	738.624000	434.910000	83.982400	0.000000	1.530330	0.000000	0.000000	4.456270	0.470410	0.465135	0.104977	0.231269	
   33	92.000000	85.230000	70.000000	64.000000	64.000000	70.000000	90.710000	105.010000	125.890000	103.900000	88.770000	81.500000	73.290000	69.000000	67.040000	67.880000	70.470000	90.220000	103.410000	158.400000	181.000000	126.390000	103.370000	95.560000	24.000000	28.600000	50.800000	49.680000	52.120000	51.400000	14.640000	9.000000	20.480000	66.000000	45.640000	54.960000	46.520000	45.600000	44.800000	40.120000	51.600000	56.800000	59.960000	65.000000	53.400000	20.400000	9.160000	9.000000	88.700000	84.100000	73.700000	69.870000	66.630000	71.460000	80.710000	95.290000	121.000000	103.450000	87.880000	78.450000	70.290000	66.000000	64.540000	65.120000	68.500000	87.720000	102.170000	168.400000	191.040000	126.640000	99.470000	93.560000	92.000000	69.340000	73.000000	67.000000	67.500000	72.100000	63.270000	84.280000	112.870000	99.000000	79.890000	71.030000	63.400000	62.000000	58.520000	58.190000	61.600000	72.180000	99.410000	163.400000	193.470000	127.390000	98.370000	95.560000	0.063000	0.000000	0.045000	0.000000	0.044000	0.000000	0.062000	0.000000	0.095000	0.000000	0.133000	0.000000	0.163000	0.004000	0.167000	0.166000	0.163000	0.386000	0.179000	0.525000	72.540000	13.078900	15.324100	19.700300	16.777900	7.872550	35.507400	72.859300	99.306300	84.195500	65.427400	52.949500	0.020750	1.175300	0.000000	0.641500	0.000000	0.685800	0.064871	0.557400	0.000000	0.661200	0.068259	0.422900	0.328136	0.323600	0.512957	0.000000	0.714257	0.000000	0.787741	0.000000	0.764754	0.000000	0.572524	0.000000	0.487229	0.000000	0.433656	0.000000	0.299565	0.119024	0.500442	1.882310	0.736991	2.394090	0.354252	1.410480	0.321578	4.203280	19.657900	505.770000	760.990000	509.078000	55.775900	0.000000	9.479410	0.000000	394.031000	6.992190	0.097313	0.375108	0.000000	0.179047	
   34	92.000000	85.230000	70.000000	64.000000	64.000000	70.000000	90.710000	105.010000	125.890000	103.900000	88.770000	81.500000	73.290000	69.000000	67.040000	67.880000	70.470000	90.220000	103.410000	158.400000	181.000000	126.390000	103.370000	95.560000	24.000000	28.600000	50.800000	49.680000	52.120000	51.400000	14.640000	9.000000	20.480000	66.000000	45.640000	54.960000	46.520000	45.600000	44.800000	40.120000	51.600000	56.800000	59.960000	65.000000	53.400000	20.400000	9.160000	9.000000	88.700000	84.100000	73.700000	69.870000	66.630000	71.460000	80.710000	95.290000	121.000000	103.450000	87.880000	78.450000	70.290000	66.000000	64.540000	65.120000	68.500000	87.720000	102.170000	168.400000	191.040000	126.640000	99.470000	93.560000	92.000000	69.340000	73.000000	67.000000	67.500000	72.100000	63.270000	84.280000	112.870000	99.000000	79.890000	71.030000	63.400000	62.000000	58.520000	58.190000	61.600000	72.180000	99.410000	163.400000	193.470000	127.390000	98.370000	95.560000	0.063000	0.000000	0.045000	0.000000	0.044000	0.000000	0.062000	0.000000	0.095000	0.000000	0.133000	0.000000	0.163000	0.004000	0.167000	0.166000	0.163000	0.386000	0.179000	0.525000	72.540000	13.078900	15.324100	19.700300	16.777900	7.872550	35.507400	72.859300	99.306300	84.195500	65.427400	52.949500	0.020750	1.175300	0.000000	0.641500	0.000000	0.685800	0.064871	0.557400	0.000000	0.661200	0.068259	0.422900	0.328136	0.323600	0.512957	0.000000	0.714257	0.000000	0.786794	0.000000	0.704268	0.000000	0.633624	0.000000	0.422771	0.000000	0.312299	0.000000	0.299565	0.000000	0.000000	0.000000	0.000000	0.000000	0.000000	0.093446	0.545994	6.128190	0.000000	520.666000	787.166000	315.858000	188.773000	0.000000	28.347300	0.000000	0.000000	3.582160	0.357814	0.356423	0.000000	0.000000	
   35	92.000000	85.230000	70.000000	64.000000	64.000000	70.000000	90.710000	105.010000	125.890000	103.900000	88.770000	81.500000	73.290000	69.000000	67.040000	67.880000	70.470000	90.220000	103.410000	158.400000	181.000000	126.390000	103.370000	95.560000	24.000000	28.600000	50.800000	49.680000	52.120000	51.400000	14.640000	9.000000	20.480000	66.000000	45.640000	54.960000	46.520000	45.600000	44.800000	40.120000	51.600000	56.800000	59.960000	65.000000	53.400000	20.400000	9.160000	9.000000	88.700000	84.100000	73.700000	69.870000	66.630000	71.460000	80.710000	95.290000	121.000000	103.450000	87.880000	78.450000	70.290000	66.000000	64.540000	65.120000	68.500000	87.720000	102.170000	168.400000	191.040000	126.640000	99.470000	93.560000	92.000000	69.340000	73.000000	67.000000	67.500000	72.100000	63.270000	84.280000	112.870000	99.000000	79.890000	71.030000	63.400000	62.000000	58.520000	58.190000	61.600000	72.180000	99.410000	163.400000	193.470000	127.390000	98.370000	95.560000	0.063000	0.000000	0.045000	0.000000	0.044000	0.000000	0.062000	0.000000	0.095000	0.000000	0.133000	0.000000	0.163000	0.004000	0.167000	0.166000	0.163000	0.386000	0.179000	0.525000	72.540000	22.713900	26.239100	29.829400	25.970200	16.769800	67.685600	71.879200	109.951000	85.442400	67.216500	61.184000	0.000000	0.470600	0.000000	1.333200	0.015701	1.063700	0.026400	1.229800	0.000000	0.224600	0.045688	0.059300	0.208765	0.197900	0.428033	0.000000	0.622038	0.000000	0.652200	0.000000	0.571533	0.000000	0.459095	0.000000	0.370458	0.000000	0.309052	0.000000	0.299565	0.000000	0.000000	0.089077	0.000000	0.000000	0.000000	0.047072	0.109257	7.367480	0.000000	502.159000	777.814000	298.869000	35.582500	0.000000	1.530330	0.000000	0.000000	4.456270	0.470410	0.465135	0.104977	0.231269	
   36	92.000000	85.230000	70.000000	64.000000	64.000000	70.000000	90.710000	105.010000	125.890000	103.900000	88.770000	81.500000	73.290000	69.000000	67.040000	67.880000	70.470000	90.220000	103.410000	158.400000	181.000000	126.390000	103.370000	95.560000	24.000000	28.600000	50.800000	49.680000	52.120000	51.400000	14.640000	9.000000	20.480000	66.000000	45.640000	54.960000	46.520000	45.600000	44.800000	40.120000	51.600000	56.800000	59.960000	65.000000	53.400000	20.400000	9.160000	9.000000	88.700000	84.100000	73.700000	69.870000	66.630000	71.460000	80.710000	95.290000	121.000000	103.450000	87.880000	78.450000	70.290000	66.000000	64.540000	65.120000	68.500000	87.720000	102.170000	168.400000	191.040000	126.640000	99.470000	93.560000	92.000000	69.340000	73.000000	67.000000	67.500000	72.100000	63.270000	84.280000	112.870000	99.000000	79.890000	71.030000	63.400000	62.000000	58.520000	58.190000	61.600000	72.180000	99.410000	163.400000	193.470000	127.390000	98.370000	95.560000	0.063000	0.000000	0.045000	0.000000	0.044000	0.000000	0.062000	0.000000	0.095000	0.000000	0.133000	0.000000	0.163000	0.004000	0.167000	0.166000	0.163000	0.386000	0.179000	0.525000	72.540000	22.269500	22.239200	20.510000	17.433700	6.752440	36.885100	63.813600	88.218300	88.816700	66.819400	57.839600	0.000000	0.424300	0.000000	0.591900	0.000000	2.377100	0.000000	0.054200	0.000000	0.306200	0.000000	0.308500	0.133596	0.023300	0.360771	0.000000	0.552651	0.000000	0.593849	0.000000	0.533881	0.000000	0.452210	0.000000	0.330028	0.000000	0.315610	0.000000	0.299565	0.000000	0.103159	0.808924	0.000000	0.461734	0.000000	0.365047	0.891870	7.226800	0.000000	504.939000	770.565000	436.243000	49.865200	0.000000	0.000000	0.065568	0.000000	4.235450	0.393654	0.419144	0.000000	0.200383	
   37	92.000000	85.230000	70.000000	64.000000	64.000000	70.000000	90.710000	105.010000	125.890000	103.900000	88.770000	81.500000	73.290000	69.000000	67.040000	67.880000	70.470000	90.220000	103.410000	158.400000	181.000000	126.390000	103.370000	95.560000	24.000000	28.600000	50.800000	49.680000	52.120000	51.400000	14.640000	9.000000	20.480000	66.000000	45.640000	54.960000	46.520000	45.600000	44.800000	40.120000	51.600000	56.800000	59.960000	65.000000	53.400000	20.400000	9.160000	9.000000	88.700000	84.100000	73.700000	69.870000	66.630000	71.460000	80.710000	95.290000	121.000000	103.450000	87.880000	78.450000	70.290000	66.000000	64.540000	65.120000	68.500000	87.720000	102.170000	168.400000	191.040000	126.640000	99.470000	93.560000	92.000000	69.340000	73.000000	67.000000	67.500000	72.100000	63.270000	84.280000	112.870000	99.000000	79.890000	71.030000	63.400000	62.000000	58.520000	58.190000	61.600000	72.180000	99.410000	163.400000	193.470000	127.390000	98.370000	95.560000	0.063000	0.000000	0.045000	0.000000	0.044000	0.000000	0.062000	0.000000	0.095000	0.000000	0.133000	0.000000	0.163000	0.004000	0.167000	0.166000	0.163000	0.386000	0.179000	0.525000	72.540000	17.792400	19.374000	23.016500	20.834600	3.331550	48.626200	78.668300	100.678000	82.715700	78.642000	83.324000	0.005300	0.662600	0.000000	0.815700	0.024617	1.221600	0.029176	0.949100	0.000000	1.783300	0.034611	0.447300	0.271968	0.138300	0.498837	0.000000	0.659017	0.000000	0.689624	0.000000	0.639797	0.000000	0.469639	0.000000	0.565481	0.000000	0.459068	0.000000	0.299565	0.000000	0.413883	1.611440	0.211260	0.994676	0.251109	0.226819	0.723022	8.890110	5.675230	513.245000	756.901000	344.933000	70.406100	18.391000	0.000000	0.000000	0.000000	4.938130	0.243544	0.217284	0.000000	0.000000	
   38	92.000000	85.230000	70.000000	64.000000	64.000000	70.000000	90.710000	105.010000	125.890000	103.900000	88.770000	81.500000	73.290000	69.000000	67.040000	67.880000	70.470000	90.220000	103.410000	158.400000	181.000000	126.390000	103.370000	95.560000	24.000000	28.600000	50.800000	49.680000	52.120000	51.400000	14.640000	9.000000	20.480000	66.000000	45.640000	54.960000	46.520000	45.600000	44.800000	40.120000	51.600000	56.800000	59.960000	65.000000	53.400000	20.400000	9.160000	9.000000	88.700000	84.100000	73.700000	69.870000	66.630000	71.460000	80.710000	95.290000	121.000000	103.450000	87.880000	78.450000	70.290000	66.000000	64.540000	65.120000	68.500000	87.720000	102.170000	168.400000	191.040000	126.640000	99.470000	93.560000	92.000000	69.340000	73.000000	67.000000	67.500000	72.100000	63.270000	84.280000	112.870000	99.000000	79.890000	71.030000	63.400000	62.000000	58.520000	58.190000	61.600000	72.180000	99.410000	163.400000	193.470000	127.390000	98.370000	95.560000	0.063000	0.000000	0.045000	0.000000	0.044000	0.000000	0.062000	0.000000	0.095000	0.000000	0.133000	0.000000	0.163000	0.004000	0.167000	0.166000	0.163000	0.386000	0.179000	0.525000	72.540000	38.227400	36.104400	30.472100	25.370200	17.372500	46.971700	81.685500	100.517000	89.628400	70.923100	61.830100	0.000000	0.707200	0.000000	0.476200	0.000000	10.032600	0.032304	0.414700	0.078893	1.856000	0.098872	0.962900	0.297516	0.508600	0.428033	0.000000	0.622038	0.000000	0.652200	0.000000	0.571533	0.000000	0.459095	0.000000	0.354393	0.000000	0.326619	0.000000	0.299565	0.000000	0.003248	1.231100	0.000000	0.184772	0.000000	0.211868	0.641946	7.173890	0.000000	509.888000	779.446000	379.620000	53.438200	1.492930	0.069404	0.000000	7.347590	3.041780	0.373736	0.303287	0.000000	0.000000	
   39	92.000000	85.230000	70.000000	64.000000	64.000000	70.000000	90.710000	105.010000	125.890000	103.900000	88.770000	81.500000	73.290000	69.000000	67.040000	67.880000	70.470000	90.220000	103.410000	158.400000	181.000000	126.390000	103.370000	95.560000	24.000000	28.600000	50.800000	49.680000	52.120000	51.400000	14.640000	9.000000	20.480000	66.000000	45.640000	54.960000	46.520000	45.600000	44.800000	40.120000	51.600000	56.800000	59.960000	65.000000	53.400000	20.400000	9.160000	9.000000	88.700000	84.100000	73.700000	69.870000	66.630000	71.460000	80.710000	95.290000	121.000000	103.450000	87.880000	78.450000	70.290000	66.000000	64.540000	65.120000	68.500000	87.720000	102.170000	168.400000	191.040000	126.640000	99.470000	93.560000	92.000000	69.340000	73.000000	67.000000	67.500000	72.100000	63.270000	84.280000	112.870000	99.000000	79.890000	71.030000	63.400000	62.000000	58.520000	58.190000	61.600000	72.180000	99.410000	163.400000	193.470000	127.390000	98.370000	95.560000	0.063000	0.000000	0.045000	0.000000	0.044000	0.000000	0.062000	0.000000	0.095000	0.000000	0.133000	0.000000	0.163000	0.004000	0.167000	0.166000	0.163000	0.386000	0.179000	0.525000	72.540000	22.703600	25.933900	29.052000	25.084100	17.666300	59.080100	76.338100	104.484000	87.909100	70.618800	68.131300	0.000000	0.502300	0.000000	0.927100	0.000000	1.423300	0.098174	0.661600	0.000000	0.517100	0.022045	0.424700	0.273075	0.319900	0.484588	0.000000	0.631204	0.000000	0.665448	0.000000	0.631590	0.000000	0.563914	0.000000	0.447694	0.000000	0.352133	0.000000	0.299565	0.000000	0.000000	0.836953	0.000000	0.441840	0.000000	0.377671	0.820269	6.627240	0.000000	506.314000	756.390000	364.529000	59.993400	0.000000	10.358800	1.434360	9.845270	3.663130	0.385830	0.474051	0.000000	0.000000	
   40	92.000000	85.230000	70.000000	64.000000	64.000000	70.000000	90.710000	105.010000	125.890000	103.900000	88.770000	81.500000	73.290000	69.000000	67.040000	67.880000	70.470000	90.220000	103.410000	158.400000	181.000000	126.390000	103.370000	95.560000	24.000000	28.600000	50.800000	49.680000	52.120000	51.400000	14.640000	9.000000	20.480000	66.000000	45.640000	54.960000	46.520000	45.600000	44.800000	40.120000	51.600000	56.800000	59.960000	65.000000	53.400000	20.400000	9.160000	9.000000	88.700000	84.100000	73.700000	69.870000	66.630000	71.460000	80.710000	95.290000	121.000000	103.450000	87.880000	78.450000	70.290000	66.000000	64.540000	65.120000	68.500000	87.720000	102.170000	168.400000	191.040000	126.640000	99.470000	93.560000	92.000000	69.340000	73.000000	67.000000	67.500000	72.100000	63.270000	84.280000	112.870000	99.000000	79.890000	71.030000	63.400000	62.000000	58.520000	58.190000	61.600000	72.180000	99.410000	163.400000	193.470000	127.390000	98.370000	95.560000	0.063000	0.000000	0.045000	0.000000	0.044000	0.000000	0.062000	0.000000	0.095000	0.000000	0.133000	0.000000	0.163000	0.004000	0.167000	0.166000	0.163000	0.386000	0.179000	0.525000	72.540000	32.697700	28.904100	32.628200	29.240700	10.245100	60.949500	80.633500	118.703000	103.165000	76.571800	71.056400	0.002865	0.245800	0.000000	0.277300	0.000000	0.886300	0.000000	0.770400	0.000000	1.717200	0.028506	0.243700	0.305812	0.133300	0.546233	0.000000	0.703987	0.000000	0.711261	0.000000	0.605506	0.000000	0.465268	0.000000	0.322877	0.000000	0.224410	0.000000	0.299565	0.000000	0.086156	0.711060	0.000000	0.085954	0.000000	0.257157	0.311454	1.544430	0.000000	514.572000	794.696000	228.640000	22.183300	0.000000	4.395110	1.066170	0.000000	4.501190	0.353313	0.449590	0.071448	0.000000	
   41	92.000000	85.230000	70.000000	64.000000	64.000000	70.000000	90.710000	105.010000	125.890000	103.900000	88.770000	81.500000	73.290000	69.000000	67.040000	67.880000	70.470000	90.220000	103.410000	158.400000	181.000000	126.390000	103.370000	95.560000	24.000000	28.600000	50.800000	49.680000	52.120000	51.400000	14.640000	9.000000	20.480000	66.000000	45.640000	54.960000	46.520000	45.600000	44.800000	40.120000	51.600000	56.800000	59.960000	65.000000	53.400000	20.400000	9.160000	9.000000	88.700000	84.100000	73.700000	69.870000	66.630000	71.460000	80.710000	95.290000	121.000000	103.450000	87.880000	78.450000	70.290000	66.000000	64.540000	65.120000	68.500000	87.720000	102.170000	168.400000	191.040000	126.640000	99.470000	93.560000	92.000000	69.340000	73.000000	67.000000	67.500000	72.100000	63.270000	84.280000	112.870000	99.000000	79.890000	71.030000	63.400000	62.000000	58.520000	58.190000	61.600000	72.180000	99.410000	163.400000	193.470000	127.390000	98.370000	95.560000	0.063000	0.000000	0.045000	0.000000	0.044000	0.000000	0.062000	0.000000	0.095000	0.000000	0.133000	0.000000	0.163000	0.004000	0.167000	0.166000	0.163000	0.386000	0.179000	0.525000	72.540000	17.792400	19.374000	23.016500	20.834600	3.331550	48.626200	78.668300	100.678000	82.715700	78.642000	83.324000	0.005300	0.662600	0.000000	0.815700	0.024617	1.221600	0.029176	0.949100	0.000000	1.783300	0.034611	0.447300	0.271968	0.138300	0.498837	0.000000	0.659017	0.000000	0.689624	0.000000	0.639797	0.000000	0.545452	0.000000	0.399974	0.000000	0.294863	0.000000	0.299565	0.000000	0.000000	1.461710	0.000000	0.000000	0.143919	0.525189	0.802948	4.720430	0.000000	504.202000	759.742000	258.774000	60.312200	0.000000	8.138720	2.891480	46.640200	3.793970	0.209264	0.386524	0.081057	0.083632	
   42	92.000000	85.230000	70.000000	64.000000	64.000000	70.000000	90.710000	105.010000	125.890000	103.900000	88.770000	81.500000	73.290000	69.000000	67.040000	67.880000	70.470000	90.220000	103.410000	158.400000	181.000000	126.390000	103.370000	95.560000	24.000000	28.600000	50.800000	49.680000	52.120000	51.400000	14.640000	9.000000	20.480000	66.000000	45.640000	54.960000	46.520000	45.600000	44.800000	40.120000	51.600000	56.800000	59.960000	65.000000	53.400000	20.400000	9.160000	9.000000	88.700000	84.100000	73.700000	69.870000	66.630000	71.460000	80.710000	95.290000	121.000000	103.450000	87.880000	78.450000	70.290000	66.000000	64.540000	65.120000	68.500000	87.720000	102.170000	168.400000	191.040000	126.640000	99.470000	93.560000	92.000000	69.340000	73.000000	67.000000	67.500000	72.100000	63.270000	84.280000	112.870000	99.000000	79.890000	71.030000	63.400000	62.000000	58.520000	58.190000	61.600000	72.180000	99.410000	163.400000	193.470000	127.390000	98.370000	95.560000	0.063000	0.000000	0.045000	0.000000	0.044000	0.000000	0.062000	0.000000	0.095000	0.000000	0.133000	0.000000	0.163000	0.004000	0.167000	0.166000	0.163000	0.386000	0.179000	0.525000	72.540000	13.078900	15.324100	19.700300	16.777900	7.872550	35.507400	72.859300	99.306300	84.195500	65.427400	52.949500	0.020750	1.175300	0.000000	0.641500	0.000000	0.770300	0.023898	0.565900	0.000000	1.187900	0.000000	0.867000	0.178550	0.170300	0.417503	0.000000	0.602671	0.000000	0.616998	0.000000	0.636786	0.000000	0.546128	0.000000	0.433660	0.000000	0.348019	0.000000	0.299565	0.000000	0.211596	0.322389	0.000000	0.627054	0.000000	0.398563	0.845980	7.635460	0.000000	501.897000	767.587000	468.528000	60.423400	12.980400	0.000000	0.000000	0.000000	4.034630	0.335425	0.446001	0.000000	0.166029	
   43	92.000000	85.230000	70.000000	64.000000	64.000000	70.000000	90.710000	105.010000	125.890000	103.900000	88.770000	81.500000	73.290000	69.000000	67.040000	67.880000	70.470000	90.220000	103.410000	158.400000	181.000000	126.390000	103.370000	95.560000	24.000000	28.600000	50.800000	49.680000	52.120000	51.400000	14.640000	9.000000	20.480000	66.000000	45.640000	54.960000	46.520000	45.600000	44.800000	40.120000	51.600000	56.800000	59.960000	65.000000	53.400000	20.400000	9.160000	9.000000	88.700000	84.100000	73.700000	69.870000	66.630000	71.460000	80.710000	95.290000	121.000000	103.450000	87.880000	78.450000	70.290000	66.000000	64.540000	65.120000	68.500000	87.720000	102.170000	168.400000	191.040000	126.640000	99.470000	93.560000	92.000000	69.340000	73.000000	67.000000	67.500000	72.100000	63.270000	84.280000	112.870000	99.000000	79.890000	71.030000	63.400000	62.000000	58.520000	58.190000	61.600000	72.180000	99.410000	163.400000	193.470000	127.390000	98.370000	95.560000	0.063000	0.000000	0.045000	0.000000	0.044000	0.000000	0.062000	0.000000	0.095000	0.000000	0.133000	0.000000	0.163000	0.004000	0.167000	0.166000	0.163000	0.386000	0.179000	0.525000	72.540000	20.542600	22.993700	29.888100	35.780600	26.087400	46.809500	81.130200	98.179500	81.349100	62.805800	65.336000	0.105606	0.577600	0.053014	0.520000	0.000000	0.706800	0.000000	0.610300	0.000000	0.397100	0.000000	0.206300	0.301522	0.142000	0.434085	0.000000	0.627992	0.000000	0.750697	0.000000	0.639014	0.000000	0.508665	0.000000	0.343821	0.000000	0.257629	0.000000	0.299565	0.000000	0.170066	0.762623	0.000000	0.341315	0.000000	0.204720	0.511378	5.991630	0.000000	511.956000	807.470000	448.344000	24.360700	8.306640	9.267450	3.737600	0.000000	4.819250	0.252429	0.369586	0.000000	0.000000	
   44	92.000000	85.230000	70.000000	64.000000	64.000000	70.000000	90.710000	105.010000	125.890000	103.900000	88.770000	81.500000	73.290000	69.000000	67.040000	67.880000	70.470000	90.220000	103.410000	158.400000	181.000000	126.390000	103.370000	95.560000	24.000000	28.600000	50.800000	49.680000	52.120000	51.400000	14.640000	9.000000	20.480000	66.000000	45.640000	54.960000	46.520000	45.600000	44.800000	40.120000	51.600000	56.800000	59.960000	65.000000	53.400000	20.400000	9.160000	9.000000	88.700000	84.100000	73.700000	69.870000	66.630000	71.460000	80.710000	95.290000	121.000000	103.450000	87.880000	78.450000	70.290000	66.000000	64.540000	65.120000	68.500000	87.720000	102.170000	168.400000	191.040000	126.640000	99.470000	93.560000	92.000000	69.340000	73.000000	67.000000	67.500000	72.100000	63.270000	84.280000	112.870000	99.000000	79.890000	71.030000	63.400000	62.000000	58.520000	58.190000	61.600000	72.180000	99.410000	163.400000	193.470000	127.390000	98.370000	95.560000	0.063000	0.000000	0.045000	0.000000	0.044000	0.000000	0.062000	0.000000	0.095000	0.000000	0.133000	0.000000	0.163000	0.004000	0.167000	0.166000	0.163000	0.386000	0.179000	0.525000	72.540000	13.078900	15.324100	19.700300	16.777900	7.872550	35.507400	72.859300	99.306300	84.195500	65.427400	52.949500	0.020750	1.175300	0.000000	0.641500	0.000000	0.685800	0.064871	0.557400	0.000000	0.661200	0.068259	0.422900	0.328136	0.323600	0.512957	0.000000	0.714257	0.000000	0.719430	0.000000	0.633871	0.000000	0.528646	0.000000	0.410937	0.000000	0.335919	0.000000	0.299565	0.000000	0.306484	0.551585	0.000000	0.000000	0.201373	0.141709	0.769386	2.222670	0.981697	504.597000	765.412000	579.683000	78.065500	2.783940	0.000000	0.321823	0.000000	3.471510	0.191709	0.338858	0.000000	0.018126	
   45	92.000000	85.230000	70.000000	64.000000	64.000000	70.000000	90.710000	105.010000	125.890000	103.900000	88.770000	81.500000	73.290000	69.000000	67.040000	67.880000	70.470000	90.220000	103.410000	158.400000	181.000000	126.390000	103.370000	95.560000	24.000000	28.600000	50.800000	49.680000	52.120000	51.400000	14.640000	9.000000	20.480000	66.000000	45.640000	54.960000	46.520000	45.600000	44.800000	40.120000	51.600000	56.800000	59.960000	65.000000	53.400000	20.400000	9.160000	9.000000	88.700000	84.100000	73.700000	69.870000	66.630000	71.460000	80.710000	95.290000	121.000000	103.450000	87.880000	78.450000	70.290000	66.000000	64.540000	65.120000	68.500000	87.720000	102.170000	168.400000	191.040000	126.640000	99.470000	93.560000	92.000000	69.340000	73.000000	67.000000	67.500000	72.100000	63.270000	84.280000	112.870000	99.000000	79.890000	71.030000	63.400000	62.000000	58.520000	58.190000	61.600000	72.180000	99.410000	163.400000	193.470000	127.390000	98.370000	95.560000	0.063000	0.000000	0.045000	0.000000	0.044000	0.000000	0.062000	0.000000	0.095000	0.000000	0.133000	0.000000	0.163000	0.004000	0.167000	0.166000	0.163000	0.386000	0.179000	0.525000	72.540000	22.713900	26.239100	29.829400	25.970200	16.769800	67.685600	71.879200	109.951000	85.442400	67.216500	61.184000	0.000000	0.470600	0.000000	1.333200	0.015701	1.063700	0.026400	1.229800	0.000000	0.224600	0.045688	0.059300	0.208765	0.197900	0.428033	0.000000	0.622038	0.000000	0.652200	0.000000	0.571533	0.000000	0.459095	0.000000	0.370458	0.000000	0.309052	0.000000	0.299565	0.000000	0.000000	0.089077	0.000000	0.000000	0.000000	0.047072	0.109257	7.367480	0.000000	502.159000	777.814000	298.869000	35.582500	0.000000	1.530330	0.000000	0.000000	4.456270	0.470410	0.465135	0.104977	0.231269	
   46	92.000000	85.230000	70.000000	64.000000	64.000000	70.000000	90.710000	105.010000	125.890000	103.900000	88.770000	81.500000	73.290000	69.000000	67.040000	67.880000	70.470000	90.220000	103.410000	158.400000	181.000000	126.390000	103.370000	95.560000	24.000000	28.600000	50.800000	49.680000	52.120000	51.400000	14.640000	9.000000	20.480000	66.000000	45.640000	54.960000	46.520000	45.600000	44.800000	40.120000	51.600000	56.800000	59.960000	65.000000	53.400000	20.400000	9.160000	9.000000	88.700000	84.100000	73.700000	69.870000	66.630000	71.460000	80.710000	95.290000	121.000000	103.450000	87.880000	78.450000	70.290000	66.000000	64.540000	65.120000	68.500000	87.720000	102.170000	168.400000	191.040000	126.640000	99.470000	93.560000	92.000000	69.340000	73.000000	67.000000	67.500000	72.100000	63.270000	84.280000	112.870000	99.000000	79.890000	71.030000	63.400000	62.000000	58.520000	58.190000	61.600000	72.180000	99.410000	163.400000	193.470000	127.390000	98.370000	95.560000	0.063000	0.000000	0.045000	0.000000	0.044000	0.000000	0.062000	0.000000	0.095000	0.000000	0.133000	0.000000	0.163000	0.004000	0.167000	0.166000	0.163000	0.386000	0.179000	0.525000	72.540000	22.269500	22.239200	20.510000	17.433700	6.752440	36.885100	63.813600	88.218300	88.816700	66.819400	57.839600	0.000000	0.424300	0.000000	0.591900	0.109005	0.465500	0.101036	0.658900	0.090540	0.341300	0.125685	0.521600	0.405574	0.109100	0.625298	0.000000	0.801355	0.000000	0.827951	0.000000	0.688266	0.000000	0.633624	0.000000	0.538825	0.000000	0.477388	0.000000	0.299565	0.514017	0.000000	0.690988	0.000000	0.075169	0.000000	0.120074	0.575234	6.240140	1.963310	505.309000	775.035000	34.931100	0.000000	0.000000	28.347300	0.000000	0.000000	3.582160	0.357814	0.356423	0.000000	0.000000	
   47	92.000000	85.230000	70.000000	64.000000	64.000000	70.000000	90.710000	105.010000	125.890000	103.900000	88.770000	81.500000	73.290000	69.000000	67.040000	67.880000	70.470000	90.220000	103.410000	158.400000	181.000000	126.390000	103.370000	95.560000	24.000000	28.600000	50.800000	49.680000	52.120000	51.400000	14.640000	9.000000	20.480000	66.000000	45.640000	54.960000	46.520000	45.600000	44.800000	40.120000	51.600000	56.800000	59.960000	65.000000	53.400000	20.400000	9.160000	9.000000	88.700000	84.100000	73.700000	69.870000	66.630000	71.460000	80.710000	95.290000	121.000000	103.450000	87.880000	78.450000	70.290000	66.000000	64.540000	65.120000	68.500000	87.720000	102.170000	168.400000	191.040000	126.640000	99.470000	93.560000	92.000000	69.340000	73.000000	67.000000	67.500000	72.100000	63.270000	84.280000	112.870000	99.000000	79.890000	71.030000	63.400000	62.000000	58.520000	58.190000	61.600000	72.180000	99.410000	163.400000	193.470000	127.390000	98.370000	95.560000	0.063000	0.000000	0.045000	0.000000	0.044000	0.000000	0.062000	0.000000	0.095000	0.000000	0.133000	0.000000	0.163000	0.004000	0.167000	0.166000	0.163000	0.386000	0.179000	0.525000	72.540000	23.390200	35.550200	33.738900	33.374800	24.385000	36.743600	60.029500	102.516000	88.816700	58.186900	56.673900	0.050575	0.944900	0.002774	0.568600	0.000000	0.364600	0.000000	0.079300	0.000000	0.225200	0.000000	0.137000	0.167906	0.096700	0.407047	0.000000	0.649591	0.000000	0.687383	0.000000	0.587898	0.000000	0.482540	0.000000	0.371541	0.000000	0.314555	0.000000	0.299565	0.000000	0.115853	0.192342	0.000000	0.703272	0.000000	0.273319	0.788116	5.483560	7.593790	503.961000	769.421000	458.360000	60.605800	2.587740	2.715430	2.388110	0.000000	4.211910	0.370025	0.423650	0.000000	0.000000	
   48	92.000000	85.230000	70.000000	64.000000	64.000000	70.000000	90.710000	105.010000	125.890000	103.900000	88.770000	81.500000	73.290000	69.000000	67.040000	67.880000	70.470000	90.220000	103.410000	158.400000	181.000000	126.390000	103.370000	95.560000	24.000000	28.600000	50.800000	49.680000	52.120000	51.400000	14.640000	9.000000	20.480000	66.000000	45.640000	54.960000	46.520000	45.600000	44.800000	40.120000	51.600000	56.800000	59.960000	65.000000	53.400000	20.400000	9.160000	9.000000	88.700000	84.100000	73.700000	69.870000	66.630000	71.460000	80.710000	95.290000	121.000000	103.450000	87.880000	78.450000	70.290000	66.000000	64.540000	65.120000	68.500000	87.720000	102.170000	168.400000	191.040000	126.640000	99.470000	93.560000	92.000000	69.340000	73.000000	67.000000	67.500000	72.100000	63.270000	84.280000	112.870000	99.000000	79.890000	71.030000	63.400000	62.000000	58.520000	58.190000	61.600000	72.180000	99.410000	163.400000	193.470000	127.390000	98.370000	95.560000	0.063000	0.000000	0.045000	0.000000	0.044000	0.000000	0.062000	0.000000	0.095000	0.000000	0.133000	0.000000	0.163000	0.004000	0.167000	0.166000	0.163000	0.386000	0.179000	0.525000	72.540000	17.792400	19.374000	23.016500	20.834600	3.331550	48.626200	78.668300	100.678000	82.715700	78.642000	83.324000	0.005300	0.662600	0.000000	0.815700	0.024617	1.221600	0.029176	0.949100	0.000000	1.783300	0.034611	0.447300	0.271968	0.138300	0.498837	0.000000	0.659017	0.000000	0.689624	0.000000	0.639797	0.000000	0.834683	0.000000	0.729916	0.000000	0.576464	0.000000	0.299565	0.000000	0.003248	1.231100	0.000000	0.184772	0.000000	0.211868	0.641946	7.173890	0.000000	509.888000	768.095000	406.635000	53.822300	0.000000	0.000000	1.450820	6.103150	3.495180	0.206417	0.344888	0.000000	0.043414	
   49	92.000000	85.230000	70.000000	64.000000	64.000000	70.000000	90.710000	105.010000	125.890000	103.900000	88.770000	81.500000	73.290000	69.000000	67.040000	67.880000	70.470000	90.220000	103.410000	158.400000	181.000000	126.390000	103.370000	95.560000	24.000000	28.600000	50.800000	49.680000	52.120000	51.400000	14.640000	9.000000	20.480000	66.000000	45.640000	54.960000	46.520000	45.600000	44.800000	40.120000	51.600000	56.800000	59.960000	65.000000	53.400000	20.400000	9.160000	9.000000	88.700000	84.100000	73.700000	69.870000	66.630000	71.460000	80.710000	95.290000	121.000000	103.450000	87.880000	78.450000	70.290000	66.000000	64.540000	65.120000	68.500000	87.720000	102.170000	168.400000	191.040000	126.640000	99.470000	93.560000	92.000000	69.340000	73.000000	67.000000	67.500000	72.100000	63.270000	84.280000	112.870000	99.000000	79.890000	71.030000	63.400000	62.000000	58.520000	58.190000	61.600000	72.180000	99.410000	163.400000	193.470000	127.390000	98.370000	95.560000	0.063000	0.000000	0.045000	0.000000	0.044000	0.000000	0.062000	0.000000	0.095000	0.000000	0.133000	0.000000	0.163000	0.004000	0.167000	0.166000	0.163000	0.386000	0.179000	0.525000	72.540000	29.678700	33.973400	28.635000	27.261400	28.794700	60.471000	89.463900	104.601000	94.913800	76.395700	77.761500	0.000000	0.925300	0.000000	1.301300	0.000000	1.097800	0.000000	0.309800	0.000000	0.331700	0.000000	0.321100	0.190176	0.218800	0.410713	0.000000	0.587177	0.000000	0.619730	0.000000	0.562208	0.000000	0.492445	0.000000	0.426892	0.000000	0.389989	0.000000	0.299565	0.119024	0.500442	1.882310	0.736991	2.394090	0.354252	1.410480	0.321578	4.203280	19.657900	517.954000	783.798000	294.559000	58.031400	0.000000	0.000000	0.000000	0.000000	3.538010	0.000000	0.426364	0.000000	0.000000	
   50	92.000000	85.230000	70.000000	64.000000	64.000000	70.000000	90.710000	105.010000	125.890000	103.900000	88.770000	81.500000	73.290000	69.000000	67.040000	67.880000	70.470000	90.220000	103.410000	158.400000	181.000000	126.390000	103.370000	95.560000	24.000000	28.600000	50.800000	49.680000	52.120000	51.400000	14.640000	9.000000	20.480000	66.000000	45.640000	54.960000	46.520000	45.600000	44.800000	40.120000	51.600000	56.800000	59.960000	65.000000	53.400000	20.400000	9.160000	9.000000	88.700000	84.100000	73.700000	69.870000	66.630000	71.460000	80.710000	95.290000	121.000000	103.450000	87.880000	78.450000	70.290000	66.000000	64.540000	65.120000	68.500000	87.720000	102.170000	168.400000	191.040000	126.640000	99.470000	93.560000	92.000000	69.340000	73.000000	67.000000	67.500000	72.100000	63.270000	84.280000	112.870000	99.000000	79.890000	71.030000	63.400000	62.000000	58.520000	58.190000	61.600000	72.180000	99.410000	163.400000	193.470000	127.390000	98.370000	95.560000	0.063000	0.000000	0.045000	0.000000	0.044000	0.000000	0.062000	0.000000	0.095000	0.000000	0.133000	0.000000	0.163000	0.004000	0.167000	0.166000	0.163000	0.386000	0.179000	0.525000	72.540000	22.269500	22.239200	20.510000	17.433700	6.752440	36.885100	63.813600	88.218300	88.816700	66.819400	57.839600	0.000000	0.424300	0.000000	0.591900	0.000000	3.254300	0.013170	2.020000	0.045103	1.113100	0.094280	0.609100	0.338617	0.279600	0.554770	0.000000	0.739357	0.000000	0.737095	0.000000	0.628552	0.000000	0.501010	0.000000	0.350908	0.000000	0.239431	0.000000	0.299565	0.232636	0.620181	1.067490	0.000000	0.226098	0.092515	0.357868	0.879894	10.280900	0.000000	509.856000	777.810000	332.791000	32.103500	0.000000	0.211211	0.000000	0.000000	4.305700	0.432313	0.608508	0.000000	0.350844	
   51	92.000000	85.230000	70.000000	64.000000	64.000000	70.000000	90.710000	105.010000	125.890000	103.900000	88.770000	81.500000	73.290000	69.000000	67.040000	67.880000	70.470000	90.220000	103.410000	158.400000	181.000000	126.390000	103.370000	95.560000	24.000000	28.600000	50.800000	49.680000	52.120000	51.400000	14.640000	9.000000	20.480000	66.000000	45.640000	54.960000	46.520000	45.600000	44.800000	40.120000	51.600000	56.800000	59.960000	65.000000	53.400000	20.400000	9.160000	9.000000	88.700000	84.100000	73.700000	69.870000	66.630000	71.460000	80.710000	95.290000	121.000000	103.450000	87.880000	78.450000	70.290000	66.000000	64.540000	65.120000	68.500000	87.720000	102.170000	168.400000	191.040000	126.640000	99.470000	93.560000	92.000000	69.340000	73.000000	67.000000	67.500000	72.100000	63.270000	84.280000	112.870000	99.000000	79.890000	71.030000	63.400000	62.000000	58.520000	58.190000	61.600000	72.180000	99.410000	163.400000	193.470000	127.390000	98.370000	95.560000	0.063000	0.000000	0.045000	0.000000	0.044000	0.000000	0.062000	0.000000	0.095000	0.000000	0.133000	0.000000	0.163000	0.004000	0.167000	0.166000	0.163000	0.386000	0.179000	0.525000	72.540000	29.678700	33.973400	28.635000	27.261400	28.794700	60.471000	89.463900	104.601000	94.913800	76.395700	77.761500	0.000000	0.925300	0.000000	1.301300	0.173588	0.252000	0.152079	0.336500	0.103448	0.699500	0.060047	0.199300	0.234970	0.434600	0.442117	0.000000	0.650376	0.000000	0.688276	0.000000	0.641296	0.000000	0.530574	0.000000	0.416381	0.000000	0.339385	0.000000	0.299565	0.161101	0.141434	0.733599	0.000000	0.599142	0.000000	0.397975	0.941017	4.413590	0.000000	491.919000	798.711000	272.908000	59.435500	0.000000	0.000000	0.316967	3.868630	3.809030	0.000000	0.295818	0.000000	0.117948	
   52	92.000000	85.230000	70.000000	64.000000	64.000000	70.000000	90.710000	105.010000	125.890000	103.900000	88.770000	81.500000	73.290000	69.000000	67.040000	67.880000	70.470000	90.220000	103.410000	158.400000	181.000000	126.390000	103.370000	95.560000	24.000000	28.600000	50.800000	49.680000	52.120000	51.400000	14.640000	9.000000	20.480000	66.000000	45.640000	54.960000	46.520000	45.600000	44.800000	40.120000	51.600000	56.800000	59.960000	65.000000	53.400000	20.400000	9.160000	9.000000	88.700000	84.100000	73.700000	69.870000	66.630000	71.460000	80.710000	95.290000	121.000000	103.450000	87.880000	78.450000	70.290000	66.000000	64.540000	65.120000	68.500000	87.720000	102.170000	168.400000	191.040000	126.640000	99.470000	93.560000	92.000000	69.340000	73.000000	67.000000	67.500000	72.100000	63.270000	84.280000	112.870000	99.000000	79.890000	71.030000	63.400000	62.000000	58.520000	58.190000	61.600000	72.180000	99.410000	163.400000	193.470000	127.390000	98.370000	95.560000	0.063000	0.000000	0.045000	0.000000	0.044000	0.000000	0.062000	0.000000	0.095000	0.000000	0.133000	0.000000	0.163000	0.004000	0.167000	0.166000	0.163000	0.386000	0.179000	0.525000	72.540000	22.703600	25.933900	29.052000	25.084100	17.666300	59.080100	76.338100	104.484000	87.909100	70.618800	68.131300	0.000000	0.502300	0.000000	0.927100	0.000000	1.423300	0.098174	0.661600	0.000000	0.517100	0.022045	0.424700	0.273075	0.319900	0.484588	0.000000	0.631204	0.000000	0.665448	0.000000	0.631590	0.000000	0.563914	0.000000	0.447694	0.000000	0.352133	0.000000	0.299565	0.000000	0.000000	0.836953	0.000000	0.441840	0.000000	0.377671	0.820269	6.627240	0.000000	506.314000	756.390000	364.529000	59.993400	0.000000	10.358800	1.434360	9.845270	3.663130	0.385830	0.474051	0.000000	0.000000	
   53	92.000000	85.230000	70.000000	64.000000	64.000000	70.000000	90.710000	105.010000	125.890000	103.900000	88.770000	81.500000	73.290000	69.000000	67.040000	67.880000	70.470000	90.220000	103.410000	158.400000	181.000000	126.390000	103.370000	95.560000	24.000000	28.600000	50.800000	49.680000	52.120000	51.400000	14.640000	9.000000	20.480000	66.000000	45.640000	54.960000	46.520000	45.600000	44.800000	40.120000	51.600000	56.800000	59.960000	65.000000	53.400000	20.400000	9.160000	9.000000	88.700000	84.100000	73.700000	69.870000	66.630000	71.460000	80.710000	95.290000	121.000000	103.450000	87.880000	78.450000	70.290000	66.000000	64.540000	65.120000	68.500000	87.720000	102.170000	168.400000	191.040000	126.640000	99.470000	93.560000	92.000000	69.340000	73.000000	67.000000	67.500000	72.100000	63.270000	84.280000	112.870000	99.000000	79.890000	71.030000	63.400000	62.000000	58.520000	58.190000	61.600000	72.180000	99.410000	163.400000	193.470000	127.390000	98.370000	95.560000	0.063000	0.000000	0.045000	0.000000	0.044000	0.000000	0.062000	0.000000	0.095000	0.000000	0.133000	0.000000	0.163000	0.004000	0.167000	0.166000	0.163000	0.386000	0.179000	0.525000	72.540000	16.334000	19.757700	23.820100	18.029200	6.375100	42.777600	77.259600	90.462000	84.266100	68.094000	67.344300	0.000000	0.154200	0.000000	0.484100	0.000000	0.568300	0.000000	0.747900	0.000000	0.152400	0.000000	0.349800	0.116603	0.219600	0.330947	0.000000	0.517289	0.000000	0.546051	0.000000	0.489744	0.000000	0.369896	0.000000	0.234621	0.000000	0.127415	0.000000	0.299565	0.000000	0.000000	0.893529	0.000000	1.073290	0.000000	0.157323	0.645205	6.025870	18.162200	507.592000	773.690000	325.982000	39.845500	6.189960	0.000000	0.000000	0.000000	3.993390	0.376040	0.339032	0.000000	0.368547	
   54	92.000000	85.230000	70.000000	64.000000	64.000000	70.000000	90.710000	105.010000	125.890000	103.900000	88.770000	81.500000	73.290000	69.000000	67.040000	67.880000	70.470000	90.220000	103.410000	158.400000	181.000000	126.390000	103.370000	95.560000	24.000000	28.600000	50.800000	49.680000	52.120000	51.400000	14.640000	9.000000	20.480000	66.000000	45.640000	54.960000	46.520000	45.600000	44.800000	40.120000	51.600000	56.800000	59.960000	65.000000	53.400000	20.400000	9.160000	9.000000	88.700000	84.100000	73.700000	69.870000	66.630000	71.460000	80.710000	95.290000	121.000000	103.450000	87.880000	78.450000	70.290000	66.000000	64.540000	65.120000	68.500000	87.720000	102.170000	168.400000	191.040000	126.640000	99.470000	93.560000	92.000000	69.340000	73.000000	67.000000	67.500000	72.100000	63.270000	84.280000	112.870000	99.000000	79.890000	71.030000	63.400000	62.000000	58.520000	58.190000	61.600000	72.180000	99.410000	163.400000	193.470000	127.390000	98.370000	95.560000	0.063000	0.000000	0.045000	0.000000	0.044000	0.000000	0.062000	0.000000	0.095000	0.000000	0.133000	0.000000	0.163000	0.004000	0.167000	0.166000	0.163000	0.386000	0.179000	0.525000	72.540000	23.181100	25.262700	30.021600	25.370200	17.372500	46.971700	81.685500	100.517000	82.765200	65.329800	64.621600	0.023561	0.389700	0.002251	0.688200	0.005638	2.629500	0.021044	0.154600	0.033790	0.503900	0.063240	0.336100	0.307290	0.057400	0.536360	0.000000	0.722132	0.000000	0.755411	0.000000	0.671019	0.000000	0.554511	0.000000	0.416827	0.000000	0.315084	0.000000	0.299565	0.000000	0.311234	0.691320	0.000000	0.023385	0.137483	0.501363	0.780475	5.271140	0.000000	491.488000	745.379000	422.129000	64.992400	1.242970	4.844970	1.838520	36.067300	3.492060	0.270842	0.458422	0.000000	0.008714	
   55	92.000000	85.230000	70.000000	64.000000	64.000000	70.000000	90.710000	105.010000	125.890000	103.900000	88.770000	81.500000	73.290000	69.000000	67.040000	67.880000	70.470000	90.220000	103.410000	158.400000	181.000000	126.390000	103.370000	95.560000	24.000000	28.600000	50.800000	49.680000	52.120000	51.400000	14.640000	9.000000	20.480000	66.000000	45.640000	54.960000	46.520000	45.600000	44.800000	40.120000	51.600000	56.800000	59.960000	65.000000	53.400000	20.400000	9.160000	9.000000	88.700000	84.100000	73.700000	69.870000	66.630000	71.460000	80.710000	95.290000	121.000000	103.450000	87.880000	78.450000	70.290000	66.000000	64.540000	65.120000	68.500000	87.720000	102.170000	168.400000	191.040000	126.640000	99.470000	93.560000	92.000000	69.340000	73.000000	67.000000	67.500000	72.100000	63.270000	84.280000	112.870000	99.000000	79.890000	71.030000	63.400000	62.000000	58.520000	58.190000	61.600000	72.180000	99.410000	163.400000	193.470000	127.390000	98.370000	95.560000	0.063000	0.000000	0.045000	0.000000	0.044000	0.000000	0.062000	0.000000	0.095000	0.000000	0.133000	0.000000	0.163000	0.004000	0.167000	0.166000	0.163000	0.386000	0.179000	0.525000	72.540000	14.460600	18.861300	20.778000	17.345400	16.954600	36.513100	58.274400	100.029000	96.378200	67.566000	70.224100	0.116573	0.510400	0.106080	1.028900	0.123736	0.538100	0.144012	0.939500	0.089286	2.250500	0.130263	0.654300	0.261835	0.186200	0.493483	0.000000	0.671960	0.000000	0.704336	0.000000	0.758905	0.000000	0.652343	0.000000	0.531413	0.000000	0.452591	0.000000	0.299565	0.150161	0.000000	0.609837	0.000000	0.000000	0.000000	0.258676	0.929670	6.861170	0.000000	505.177000	733.178000	412.167000	57.257100	1.917840	0.000000	0.000000	0.000000	3.822700	0.403036	0.459119	0.000000	0.099428	
   56	92.000000	85.230000	70.000000	64.000000	64.000000	70.000000	90.710000	105.010000	125.890000	103.900000	88.770000	81.500000	73.290000	69.000000	67.040000	67.880000	70.470000	90.220000	103.410000	158.400000	181.000000	126.390000	103.370000	95.560000	24.000000	28.600000	50.800000	49.680000	52.120000	51.400000	14.640000	9.000000	20.480000	66.000000	45.640000	54.960000	46.520000	45.600000	44.800000	40.120000	51.600000	56.800000	59.960000	65.000000	53.400000	20.400000	9.160000	9.000000	88.700000	84.100000	73.700000	69.870000	66.630000	71.460000	80.710000	95.290000	121.000000	103.450000	87.880000	78.450000	70.290000	66.000000	64.540000	65.120000	68.500000	87.720000	102.170000	168.400000	191.040000	126.640000	99.470000	93.560000	92.000000	69.340000	73.000000	67.000000	67.500000	72.100000	63.270000	84.280000	112.870000	99.000000	79.890000	71.030000	63.400000	62.000000	58.520000	58.190000	61.600000	72.180000	99.410000	163.400000	193.470000	127.390000	98.370000	95.560000	0.063000	0.000000	0.045000	0.000000	0.044000	0.000000	0.062000	0.000000	0.095000	0.000000	0.133000	0.000000	0.163000	0.004000	0.167000	0.166000	0.163000	0.386000	0.179000	0.525000	72.540000	14.460600	18.861300	20.778000	17.345400	16.954600	36.513100	58.274400	100.029000	96.378200	67.566000	70.224100	0.116573	0.510400	0.106080	1.028900	0.123736	0.538100	0.144012	0.939500	0.089286	2.250500	0.130263	0.654300	0.261835	0.186200	0.493483	0.000000	0.671960	0.000000	0.704336	0.000000	0.632075	0.000000	0.579157	0.000000	0.486051	0.000000	0.387808	0.000000	0.299565	0.000000	0.095345	0.779269	0.000000	0.298739	0.000000	0.356261	0.806600	6.403790	0.000000	505.318000	767.419000	447.139000	68.758700	0.000000	2.331960	1.284660	0.000000	3.620120	0.188047	0.375858	0.000000	0.000000	
   57	92.000000	85.230000	70.000000	64.000000	64.000000	70.000000	90.710000	105.010000	125.890000	103.900000	88.770000	81.500000	73.290000	69.000000	67.040000	67.880000	70.470000	90.220000	103.410000	158.400000	181.000000	126.390000	103.370000	95.560000	24.000000	28.600000	50.800000	49.680000	52.120000	51.400000	14.640000	9.000000	20.480000	66.000000	45.640000	54.960000	46.520000	45.600000	44.800000	40.120000	51.600000	56.800000	59.960000	65.000000	53.400000	20.400000	9.160000	9.000000	88.700000	84.100000	73.700000	69.870000	66.630000	71.460000	80.710000	95.290000	121.000000	103.450000	87.880000	78.450000	70.290000	66.000000	64.540000	65.120000	68.500000	87.720000	102.170000	168.400000	191.040000	126.640000	99.470000	93.560000	92.000000	69.340000	73.000000	67.000000	67.500000	72.100000	63.270000	84.280000	112.870000	99.000000	79.890000	71.030000	63.400000	62.000000	58.520000	58.190000	61.600000	72.180000	99.410000	163.400000	193.470000	127.390000	98.370000	95.560000	0.063000	0.000000	0.045000	0.000000	0.044000	0.000000	0.062000	0.000000	0.095000	0.000000	0.133000	0.000000	0.163000	0.004000	0.167000	0.166000	0.163000	0.386000	0.179000	0.525000	72.540000	22.703600	25.933900	29.052000	25.084100	17.666300	59.080100	76.338100	104.484000	87.909100	70.618800	68.131300	0.000000	0.502300	0.000000	0.927100	0.000000	1.423300	0.098174	0.661600	0.000000	0.517100	0.022045	0.424700	0.273075	0.319900	0.484588	0.000000	0.631204	0.000000	0.665448	0.000000	0.631590	0.000000	0.563914	0.000000	0.447694	0.000000	0.352133	0.000000	0.299565	0.000000	0.000000	0.836953	0.000000	0.441840	0.000000	0.377671	0.820269	6.627240	0.000000	506.314000	756.390000	364.529000	59.993400	0.000000	10.358800	1.434360	9.845270	3.663130	0.385830	0.474051	0.000000	0.000000	
   58	92.000000	85.230000	70.000000	64.000000	64.000000	70.000000	90.710000	105.010000	125.890000	103.900000	88.770000	81.500000	73.290000	69.000000	67.040000	67.880000	70.470000	90.220000	103.410000	158.400000	181.000000	126.390000	103.370000	95.560000	24.000000	28.600000	50.800000	49.680000	52.120000	51.400000	14.640000	9.000000	20.480000	66.000000	45.640000	54.960000	46.520000	45.600000	44.800000	40.120000	51.600000	56.800000	59.960000	65.000000	53.400000	20.400000	9.160000	9.000000	88.700000	84.100000	73.700000	69.870000	66.630000	71.460000	80.710000	95.290000	121.000000	103.450000	87.880000	78.450000	70.290000	66.000000	64.540000	65.120000	68.500000	87.720000	102.170000	168.400000	191.040000	126.640000	99.470000	93.560000	92.000000	69.340000	73.000000	67.000000	67.500000	72.100000	63.270000	84.280000	112.870000	99.000000	79.890000	71.030000	63.400000	62.000000	58.520000	58.190000	61.600000	72.180000	99.410000	163.400000	193.470000	127.390000	98.370000	95.560000	0.063000	0.000000	0.045000	0.000000	0.044000	0.000000	0.062000	0.000000	0.095000	0.000000	0.133000	0.000000	0.163000	0.004000	0.167000	0.166000	0.163000	0.386000	0.179000	0.525000	72.540000	28.038500	30.772200	28.967700	27.821500	16.557800	19.993900	80.997600	108.460000	92.113700	73.011200	76.055800	0.044438	0.360600	0.026332	1.821600	0.029354	0.366800	0.022221	2.289300	0.004342	0.286300	0.000429	0.102100	0.222123	0.295900	0.437477	0.000000	0.614961	0.000000	0.647693	0.000000	0.615474	0.000000	0.551473	0.000000	0.447964	0.000000	0.364678	0.000000	0.299565	0.000000	0.000000	0.348967	0.000000	0.000000	0.000000	0.157853	0.350513	7.201740	0.647456	504.473000	761.109000	248.183000	44.005900	2.499260	0.000000	0.168545	0.000000	4.249650	0.407804	0.477440	0.025910	0.070690	
   59	92.000000	85.230000	70.000000	64.000000	64.000000	70.000000	90.710000	105.010000	125.890000	103.900000	88.770000	81.500000	73.290000	69.000000	67.040000	67.880000	70.470000	90.220000	103.410000	158.400000	181.000000	126.390000	103.370000	95.560000	24.000000	28.600000	50.800000	49.680000	52.120000	51.400000	14.640000	9.000000	20.480000	66.000000	45.640000	54.960000	46.520000	45.600000	44.800000	40.120000	51.600000	56.800000	59.960000	65.000000	53.400000	20.400000	9.160000	9.000000	88.700000	84.100000	73.700000	69.870000	66.630000	71.460000	80.710000	95.290000	121.000000	103.450000	87.880000	78.450000	70.290000	66.000000	64.540000	65.120000	68.500000	87.720000	102.170000	168.400000	191.040000	126.640000	99.470000	93.560000	92.000000	69.340000	73.000000	67.000000	67.500000	72.100000	63.270000	84.280000	112.870000	99.000000	79.890000	71.030000	63.400000	62.000000	58.520000	58.190000	61.600000	72.180000	99.410000	163.400000	193.470000	127.390000	98.370000	95.560000	0.063000	0.000000	0.045000	0.000000	0.044000	0.000000	0.062000	0.000000	0.095000	0.000000	0.133000	0.000000	0.163000	0.004000	0.167000	0.166000	0.163000	0.386000	0.179000	0.525000	72.540000	22.269500	22.239200	20.510000	17.433700	6.752440	36.885100	63.813600	88.218300	88.816700	66.819400	57.839600	0.000000	0.424300	0.000000	0.591900	0.000000	5.514000	0.000000	1.156000	0.000000	0.228700	0.000000	0.208500	0.178550	0.148300	0.472744	0.000000	0.703241	0.000000	0.715955	0.000000	0.636786	0.000000	0.546128	0.000000	0.433660	0.000000	0.348019	0.000000	0.299565	0.000000	0.263844	0.148671	0.000000	0.000000	0.237029	0.398563	0.845980	7.635460	0.000000	501.897000	767.587000	468.528000	60.423400	12.980400	0.000000	0.000000	0.000000	4.034630	0.335425	0.446001	0.000000	0.166029	
   60	92.000000	85.230000	70.000000	64.000000	64.000000	70.000000	90.710000	105.010000	125.890000	103.900000	88.770000	81.500000	73.290000	69.000000	67.040000	67.880000	70.470000	90.220000	103.410000	158.400000	181.000000	126.390000	103.370000	95.560000	24.000000	28.600000	50.800000	49.680000	52.120000	51.400000	14.640000	9.000000	20.480000	66.000000	45.640000	54.960000	46.520000	45.600000	44.800000	40.120000	51.600000	56.800000	59.960000	65.000000	53.400000	20.400000	9.160000	9.000000	88.700000	84.100000	73.700000	69.870000	66.630000	71.460000	80.710000	95.290000	121.000000	103.450000	87.880000	78.450000	70.290000	66.000000	64.540000	65.120000	68.500000	87.720000	102.170000	168.400000	191.040000	126.640000	99.470000	93.560000	92.000000	69.340000	73.000000	67.000000	67.500000	72.100000	63.270000	84.280000	112.870000	99.000000	79.890000	71.030000	63.400000	62.000000	58.520000	58.190000	61.600000	72.180000	99.410000	163.400000	193.470000	127.390000	98.370000	95.560000	0.063000	0.000000	0.045000	0.000000	0.044000	0.000000	0.062000	0.000000	0.095000	0.000000	0.133000	0.000000	0.163000	0.004000	0.167000	0.166000	0.163000	0.386000	0.179000	0.525000	72.540000	32.164600	33.265700	33.821200	31.287300	24.480000	35.036500	73.402000	109.951000	84.628200	71.103300	63.650300	0.000000	0.634800	0.000000	0.913100	0.000000	1.258100	0.000000	1.124900	0.000000	1.572600	0.000000	0.317500	0.329163	0.197800	0.537324	0.000000	0.772654	0.000000	0.859406	0.000000	0.758155	0.000000	0.624744	0.000000	0.311854	0.000000	0.257629	0.000000	0.299565	0.000000	0.003248	1.231100	0.000000	0.184772	0.000000	0.211868	0.641946	7.173890	0.000000	509.888000	779.446000	282.929000	37.737800	0.878020	0.000000	0.000000	0.000000	3.305330	0.390374	0.274654	0.000000	0.000000	
   61	92.000000	85.230000	70.000000	64.000000	64.000000	70.000000	90.710000	105.010000	125.890000	103.900000	88.770000	81.500000	73.290000	69.000000	67.040000	67.880000	70.470000	90.220000	103.410000	158.400000	181.000000	126.390000	103.370000	95.560000	24.000000	28.600000	50.800000	49.680000	52.120000	51.400000	14.640000	9.000000	20.480000	66.000000	45.640000	54.960000	46.520000	45.600000	44.800000	40.120000	51.600000	56.800000	59.960000	65.000000	53.400000	20.400000	9.160000	9.000000	88.700000	84.100000	73.700000	69.870000	66.630000	71.460000	80.710000	95.290000	121.000000	103.450000	87.880000	78.450000	70.290000	66.000000	64.540000	65.120000	68.500000	87.720000	102.170000	168.400000	191.040000	126.640000	99.470000	93.560000	92.000000	69.340000	73.000000	67.000000	67.500000	72.100000	63.270000	84.280000	112.870000	99.000000	79.890000	71.030000	63.400000	62.000000	58.520000	58.190000	61.600000	72.180000	99.410000	163.400000	193.470000	127.390000	98.370000	95.560000	0.063000	0.000000	0.045000	0.000000	0.044000	0.000000	0.062000	0.000000	0.095000	0.000000	0.133000	0.000000	0.163000	0.004000	0.167000	0.166000	0.163000	0.386000	0.179000	0.525000	72.540000	13.078900	15.324100	19.700300	16.777900	7.872550	35.507400	72.859300	99.306300	84.195500	65.427400	52.949500	0.020750	1.175300	0.000000	0.641500	0.000000	0.685800	0.064871	0.557400	0.000000	0.661200	0.068259	0.422900	0.328136	0.323600	0.512957	0.000000	0.714257	0.000000	0.785627	0.000000	0.708791	0.000000	0.605213	0.000000	0.476783	0.000000	0.378587	0.000000	0.299565	0.000000	0.318790	0.123669	0.000000	0.000000	0.000000	0.000000	0.975206	6.110010	0.000000	502.416000	770.794000	416.564000	64.958900	2.555150	0.000000	0.512500	0.000000	4.060860	0.345495	0.377440	0.000000	0.006989	
   62	92.000000	85.230000	70.000000	64.000000	64.000000	70.000000	90.710000	105.010000	125.890000	103.900000	88.770000	81.500000	73.290000	69.000000	67.040000	67.880000	70.470000	90.220000	103.410000	158.400000	181.000000	126.390000	103.370000	95.560000	24.000000	28.600000	50.800000	49.680000	52.120000	51.400000	14.640000	9.000000	20.480000	66.000000	45.640000	54.960000	46.520000	45.600000	44.800000	40.120000	51.600000	56.800000	59.960000	65.000000	53.400000	20.400000	9.160000	9.000000	88.700000	84.100000	73.700000	69.870000	66.630000	71.460000	80.710000	95.290000	121.000000	103.450000	87.880000	78.450000	70.290000	66.000000	64.540000	65.120000	68.500000	87.720000	102.170000	168.400000	191.040000	126.640000	99.470000	93.560000	92.000000	69.340000	73.000000	67.000000	67.500000	72.100000	63.270000	84.280000	112.870000	99.000000	79.890000	71.030000	63.400000	62.000000	58.520000	58.190000	61.600000	72.180000	99.410000	163.400000	193.470000	127.390000	98.370000	95.560000	0.063000	0.000000	0.045000	0.000000	0.044000	0.000000	0.062000	0.000000	0.095000	0.000000	0.133000	0.000000	0.163000	0.004000	0.167000	0.166000	0.163000	0.386000	0.179000	0.525000	72.540000	13.078900	15.324100	19.700300	16.777900	7.872550	35.507400	72.859300	99.306300	84.195500	65.427400	52.949500	0.020750	1.175300	0.000000	0.641500	0.000000	0.685800	0.064871	0.557400	0.000000	0.661200	0.068259	0.422900	0.328136	0.323600	0.512957	0.000000	0.714257	0.000000	0.785627	0.000000	0.708791	0.000000	0.605213	0.000000	0.476783	0.000000	0.378587	0.000000	0.299565	0.000000	0.318790	0.123669	0.000000	0.000000	0.000000	0.000000	0.975206	6.110010	0.000000	502.416000	770.794000	416.564000	64.958900	2.555150	0.000000	0.512500	0.000000	4.060860	0.345495	0.377440	0.000000	0.006989	
   63	92.000000	85.230000	70.000000	64.000000	64.000000	70.000000	90.710000	105.010000	125.890000	103.900000	88.770000	81.500000	73.290000	69.000000	67.040000	67.880000	70.470000	90.220000	103.410000	158.400000	181.000000	126.390000	103.370000	95.560000	24.000000	28.600000	50.800000	49.680000	52.120000	51.400000	14.640000	9.000000	20.480000	66.000000	45.640000	54.960000	46.520000	45.600000	44.800000	40.120000	51.600000	56.800000	59.960000	65.000000	53.400000	20.400000	9.160000	9.000000	88.700000	84.100000	73.700000	69.870000	66.630000	71.460000	80.710000	95.290000	121.000000	103.450000	87.880000	78.450000	70.290000	66.000000	64.540000	65.120000	68.500000	87.720000	102.170000	168.400000	191.040000	126.640000	99.470000	93.560000	92.000000	69.340000	73.000000	67.000000	67.500000	72.100000	63.270000	84.280000	112.870000	99.000000	79.890000	71.030000	63.400000	62.000000	58.520000	58.190000	61.600000	72.180000	99.410000	163.400000	193.470000	127.390000	98.370000	95.560000	0.063000	0.000000	0.045000	0.000000	0.044000	0.000000	0.062000	0.000000	0.095000	0.000000	0.133000	0.000000	0.163000	0.004000	0.167000	0.166000	0.163000	0.386000	0.179000	0.525000	72.540000	20.542600	22.993700	29.888100	35.780600	26.087400	46.809500	81.130200	98.179500	81.349100	62.805800	65.336000	0.105606	0.577600	0.053014	0.520000	0.000000	0.706800	0.000000	0.610300	0.000000	0.397100	0.000000	0.206300	0.301522	0.142000	0.434085	0.000000	0.627992	0.000000	0.750697	0.000000	0.639014	0.000000	0.508665	0.000000	0.343821	0.000000	0.257629	0.000000	0.299565	0.000000	0.170066	0.762623	0.000000	0.341315	0.000000	0.204720	0.511378	5.991630	0.000000	511.956000	807.470000	448.344000	24.360700	8.306640	9.267450	3.737600	0.000000	4.819250	0.252429	0.369586	0.000000	0.000000	
   64	92.000000	85.230000	70.000000	64.000000	64.000000	70.000000	90.710000	105.010000	125.890000	103.900000	88.770000	81.500000	73.290000	69.000000	67.040000	67.880000	70.470000	90.220000	103.410000	158.400000	181.000000	126.390000	103.370000	95.560000	24.000000	28.600000	50.800000	49.680000	52.120000	51.400000	14.640000	9.000000	20.480000	66.000000	45.640000	54.960000	46.520000	45.600000	44.800000	40.120000	51.600000	56.800000	59.960000	65.000000	53.400000	20.400000	9.160000	9.000000	88.700000	84.100000	73.700000	69.870000	66.630000	71.460000	80.710000	95.290000	121.000000	103.450000	87.880000	78.450000	70.290000	66.000000	64.540000	65.120000	68.500000	87.720000	102.170000	168.400000	191.040000	126.640000	99.470000	93.560000	92.000000	69.340000	73.000000	67.000000	67.500000	72.100000	63.270000	84.280000	112.870000	99.000000	79.890000	71.030000	63.400000	62.000000	58.520000	58.190000	61.600000	72.180000	99.410000	163.400000	193.470000	127.390000	98.370000	95.560000	0.063000	0.000000	0.045000	0.000000	0.044000	0.000000	0.062000	0.000000	0.095000	0.000000	0.133000	0.000000	0.163000	0.004000	0.167000	0.166000	0.163000	0.386000	0.179000	0.525000	72.540000	22.269500	22.239200	20.510000	17.433700	6.752440	36.885100	63.813600	88.218300	88.816700	66.819400	57.839600	0.000000	0.424300	0.000000	0.591900	0.109005	0.465500	0.101036	0.658900	0.090540	0.341300	0.125685	0.521600	0.405574	0.109100	0.625298	0.000000	0.801355	0.000000	0.827951	0.000000	0.688266	0.000000	0.559824	0.000000	0.429526	0.000000	0.357226	0.000000	0.299565	0.000000	0.000000	1.443860	0.000000	0.466745	0.000000	0.258745	0.730496	5.841180	0.000000	511.257000	776.921000	317.647000	54.270700	0.000000	5.762320	1.226740	4.067450	4.282230	0.364487	0.774411	0.000000	0.252393	
   65	92.000000	85.230000	70.000000	64.000000	64.000000	70.000000	90.710000	105.010000	125.890000	103.900000	88.770000	81.500000	73.290000	69.000000	67.040000	67.880000	70.470000	90.220000	103.410000	158.400000	181.000000	126.390000	103.370000	95.560000	24.000000	28.600000	50.800000	49.680000	52.120000	51.400000	14.640000	9.000000	20.480000	66.000000	45.640000	54.960000	46.520000	45.600000	44.800000	40.120000	51.600000	56.800000	59.960000	65.000000	53.400000	20.400000	9.160000	9.000000	88.700000	84.100000	73.700000	69.870000	66.630000	71.460000	80.710000	95.290000	121.000000	103.450000	87.880000	78.450000	70.290000	66.000000	64.540000	65.120000	68.500000	87.720000	102.170000	168.400000	191.040000	126.640000	99.470000	93.560000	92.000000	69.340000	73.000000	67.000000	67.500000	72.100000	63.270000	84.280000	112.870000	99.000000	79.890000	71.030000	63.400000	62.000000	58.520000	58.190000	61.600000	72.180000	99.410000	163.400000	193.470000	127.390000	98.370000	95.560000	0.063000	0.000000	0.045000	0.000000	0.044000	0.000000	0.062000	0.000000	0.095000	0.000000	0.133000	0.000000	0.163000	0.004000	0.167000	0.166000	0.163000	0.386000	0.179000	0.525000	72.540000	13.078900	15.324100	19.700300	16.777900	7.872550	35.507400	72.859300	99.306300	84.195500	65.427400	52.949500	0.020750	1.175300	0.000000	0.641500	0.000000	0.685800	0.064871	0.557400	0.000000	0.661200	0.068259	0.422900	0.328136	0.323600	0.512957	0.000000	0.714257	0.000000	0.503262	0.000000	0.403071	0.000000	0.298477	0.000000	0.173108	0.000000	0.093929	0.000000	0.299565	0.127829	0.130075	0.000000	0.000000	0.000000	0.000000	0.249785	0.823503	5.130630	0.000000	492.777000	696.020000	268.257000	0.000000	33.938400	0.000000	4.908300	0.000000	4.923110	0.502987	0.526921	0.035549	0.273156	
   66	92.000000	85.230000	70.000000	64.000000	64.000000	70.000000	90.710000	105.010000	125.890000	103.900000	88.770000	81.500000	73.290000	69.000000	67.040000	67.880000	70.470000	90.220000	103.410000	158.400000	181.000000	126.390000	103.370000	95.560000	24.000000	28.600000	50.800000	49.680000	52.120000	51.400000	14.640000	9.000000	20.480000	66.000000	45.640000	54.960000	46.520000	45.600000	44.800000	40.120000	51.600000	56.800000	59.960000	65.000000	53.400000	20.400000	9.160000	9.000000	88.700000	84.100000	73.700000	69.870000	66.630000	71.460000	80.710000	95.290000	121.000000	103.450000	87.880000	78.450000	70.290000	66.000000	64.540000	65.120000	68.500000	87.720000	102.170000	168.400000	191.040000	126.640000	99.470000	93.560000	92.000000	69.340000	73.000000	67.000000	67.500000	72.100000	63.270000	84.280000	112.870000	99.000000	79.890000	71.030000	63.400000	62.000000	58.520000	58.190000	61.600000	72.180000	99.410000	163.400000	193.470000	127.390000	98.370000	95.560000	0.063000	0.000000	0.045000	0.000000	0.044000	0.000000	0.062000	0.000000	0.095000	0.000000	0.133000	0.000000	0.163000	0.004000	0.167000	0.166000	0.163000	0.386000	0.179000	0.525000	72.540000	16.334000	19.757700	23.820100	18.029200	6.375100	42.777600	77.259600	90.462000	84.266100	68.094000	67.344300	0.000000	0.154200	0.000000	0.484100	0.000000	0.568300	0.000000	0.747900	0.000000	0.152400	0.000000	0.349800	0.116603	0.219600	0.330947	0.000000	0.517289	0.000000	0.546051	0.000000	0.489744	0.000000	0.369896	0.000000	0.234621	0.000000	0.127415	0.000000	0.299565	0.000000	0.000000	0.893529	0.000000	1.073290	0.000000	0.157323	0.645205	6.025870	18.162200	507.592000	773.690000	325.982000	39.845500	6.189960	0.000000	0.000000	0.000000	3.993390	0.376040	0.339032	0.000000	0.368547	
   67	92.000000	85.230000	70.000000	64.000000	64.000000	70.000000	90.710000	105.010000	125.890000	103.900000	88.770000	81.500000	73.290000	69.000000	67.040000	67.880000	70.470000	90.220000	103.410000	158.400000	181.000000	126.390000	103.370000	95.560000	24.000000	28.600000	50.800000	49.680000	52.120000	51.400000	14.640000	9.000000	20.480000	66.000000	45.640000	54.960000	46.520000	45.600000	44.800000	40.120000	51.600000	56.800000	59.960000	65.000000	53.400000	20.400000	9.160000	9.000000	88.700000	84.100000	73.700000	69.870000	66.630000	71.460000	80.710000	95.290000	121.000000	103.450000	87.880000	78.450000	70.290000	66.000000	64.540000	65.120000	68.500000	87.720000	102.170000	168.400000	191.040000	126.640000	99.470000	93.560000	92.000000	69.340000	73.000000	67.000000	67.500000	72.100000	63.270000	84.280000	112.870000	99.000000	79.890000	71.030000	63.400000	62.000000	58.520000	58.190000	61.600000	72.180000	99.410000	163.400000	193.470000	127.390000	98.370000	95.560000	0.063000	0.000000	0.045000	0.000000	0.044000	0.000000	0.062000	0.000000	0.095000	0.000000	0.133000	0.000000	0.163000	0.004000	0.167000	0.166000	0.163000	0.386000	0.179000	0.525000	72.540000	29.678700	33.973400	28.635000	27.261400	28.794700	60.471000	89.463900	104.601000	94.913800	76.395700	77.761500	0.000000	0.925300	0.000000	1.301300	0.000000	1.145900	0.000000	3.064300	0.000000	5.087600	0.006114	0.279900	0.198416	0.169800	0.386376	0.000000	0.626752	0.000000	0.667222	0.000000	0.596394	0.000000	0.477332	0.000000	0.326696	0.000000	0.239612	0.000000	0.299565	0.000000	0.000000	1.044780	0.000000	0.000000	0.000000	0.080591	0.948551	6.066430	0.000000	510.003000	767.524000	170.499000	62.608600	3.319360	0.000000	1.823620	0.000000	4.083210	0.348562	0.377118	0.000000	0.021155	
   68	92.000000	85.230000	70.000000	64.000000	64.000000	70.000000	90.710000	105.010000	125.890000	103.900000	88.770000	81.500000	73.290000	69.000000	67.040000	67.880000	70.470000	90.220000	103.410000	158.400000	181.000000	126.390000	103.370000	95.560000	24.000000	28.600000	50.800000	49.680000	52.120000	51.400000	14.640000	9.000000	20.480000	66.000000	45.640000	54.960000	46.520000	45.600000	44.800000	40.120000	51.600000	56.800000	59.960000	65.000000	53.400000	20.400000	9.160000	9.000000	88.700000	84.100000	73.700000	69.870000	66.630000	71.460000	80.710000	95.290000	121.000000	103.450000	87.880000	78.450000	70.290000	66.000000	64.540000	65.120000	68.500000	87.720000	102.170000	168.400000	191.040000	126.640000	99.470000	93.560000	92.000000	69.340000	73.000000	67.000000	67.500000	72.100000	63.270000	84.280000	112.870000	99.000000	79.890000	71.030000	63.400000	62.000000	58.520000	58.190000	61.600000	72.180000	99.410000	163.400000	193.470000	127.390000	98.370000	95.560000	0.063000	0.000000	0.045000	0.000000	0.044000	0.000000	0.062000	0.000000	0.095000	0.000000	0.133000	0.000000	0.163000	0.004000	0.167000	0.166000	0.163000	0.386000	0.179000	0.525000	72.540000	22.269500	22.239200	20.510000	17.433700	6.752440	36.885100	63.813600	88.218300	88.816700	66.819400	57.839600	0.000000	0.424300	0.000000	0.591900	0.000000	0.494600	0.000000	0.183100	0.000000	0.178200	0.040396	1.197900	0.285435	0.124100	0.537001	0.000000	0.742766	0.000000	0.765706	0.000000	0.673808	0.000000	0.553709	0.000000	0.330028	0.000000	0.315610	0.000000	0.299565	0.424057	0.594513	0.868458	0.000000	0.000000	0.000000	0.299191	0.407798	8.136690	0.000000	491.852000	765.987000	281.044000	31.451700	1.540850	0.000000	0.896505	0.000000	4.615610	0.508119	0.619202	0.000000	0.200383	
   69	92.000000	85.230000	70.000000	64.000000	64.000000	70.000000	90.710000	105.010000	125.890000	103.900000	88.770000	81.500000	73.290000	69.000000	67.040000	67.880000	70.470000	90.220000	103.410000	158.400000	181.000000	126.390000	103.370000	95.560000	24.000000	28.600000	50.800000	49.680000	52.120000	51.400000	14.640000	9.000000	20.480000	66.000000	45.640000	54.960000	46.520000	45.600000	44.800000	40.120000	51.600000	56.800000	59.960000	65.000000	53.400000	20.400000	9.160000	9.000000	88.700000	84.100000	73.700000	69.870000	66.630000	71.460000	80.710000	95.290000	121.000000	103.450000	87.880000	78.450000	70.290000	66.000000	64.540000	65.120000	68.500000	87.720000	102.170000	168.400000	191.040000	126.640000	99.470000	93.560000	92.000000	69.340000	73.000000	67.000000	67.500000	72.100000	63.270000	84.280000	112.870000	99.000000	79.890000	71.030000	63.400000	62.000000	58.520000	58.190000	61.600000	72.180000	99.410000	163.400000	193.470000	127.390000	98.370000	95.560000	0.063000	0.000000	0.045000	0.000000	0.044000	0.000000	0.062000	0.000000	0.095000	0.000000	0.133000	0.000000	0.163000	0.004000	0.167000	0.166000	0.163000	0.386000	0.179000	0.525000	72.540000	13.078900	15.324100	19.700300	16.777900	7.872550	35.507400	72.859300	99.306300	84.195500	65.427400	52.949500	0.020750	1.175300	0.000000	0.641500	0.000000	0.685800	0.064871	0.557400	0.000000	0.661200	0.068259	0.422900	0.328136	0.323600	0.512957	0.000000	0.714257	0.000000	0.787741	0.000000	0.682468	0.000000	0.561980	0.000000	0.429710	0.000000	0.331464	0.000000	0.299565	0.000000	0.000000	0.836953	0.000000	0.051664	0.339140	0.868578	0.278879	3.689730	0.000000	517.954000	783.798000	294.559000	48.150500	15.009500	0.000000	0.344626	8.376150	17.470500	0.527607	0.408117	0.000000	0.000000	
   70	92.000000	85.230000	70.000000	64.000000	64.000000	70.000000	90.710000	105.010000	125.890000	103.900000	88.770000	81.500000	73.290000	69.000000	67.040000	67.880000	70.470000	90.220000	103.410000	158.400000	181.000000	126.390000	103.370000	95.560000	24.000000	28.600000	50.800000	49.680000	52.120000	51.400000	14.640000	9.000000	20.480000	66.000000	45.640000	54.960000	46.520000	45.600000	44.800000	40.120000	51.600000	56.800000	59.960000	65.000000	53.400000	20.400000	9.160000	9.000000	88.700000	84.100000	73.700000	69.870000	66.630000	71.460000	80.710000	95.290000	121.000000	103.450000	87.880000	78.450000	70.290000	66.000000	64.540000	65.120000	68.500000	87.720000	102.170000	168.400000	191.040000	126.640000	99.470000	93.560000	92.000000	69.340000	73.000000	67.000000	67.500000	72.100000	63.270000	84.280000	112.870000	99.000000	79.890000	71.030000	63.400000	62.000000	58.520000	58.190000	61.600000	72.180000	99.410000	163.400000	193.470000	127.390000	98.370000	95.560000	0.063000	0.000000	0.045000	0.000000	0.044000	0.000000	0.062000	0.000000	0.095000	0.000000	0.133000	0.000000	0.163000	0.004000	0.167000	0.166000	0.163000	0.386000	0.179000	0.525000	72.540000	20.542600	22.993700	29.888100	35.780600	26.087400	46.809500	81.130200	98.179500	81.349100	62.805800	65.336000	0.105606	0.577600	0.053014	0.520000	0.000000	0.706800	0.000000	0.610300	0.000000	0.397100	0.000000	0.206300	0.301522	0.142000	0.434085	0.000000	0.627992	0.000000	0.750697	0.000000	0.639014	0.000000	0.508665	0.000000	0.343821	0.000000	0.257629	0.000000	0.299565	0.000000	0.170066	0.762623	0.000000	0.341315	0.000000	0.204720	0.511378	5.991630	0.000000	511.956000	807.470000	448.344000	24.360700	8.306640	9.267450	3.737600	0.000000	4.819250	0.252429	0.369586	0.000000	0.000000	
   71	92.000000	85.230000	70.000000	64.000000	64.000000	70.000000	90.710000	105.010000	125.890000	103.900000	88.770000	81.500000	73.290000	69.000000	67.040000	67.880000	70.470000	90.220000	103.410000	158.400000	181.000000	126.390000	103.370000	95.560000	24.000000	28.600000	50.800000	49.680000	52.120000	51.400000	14.640000	9.000000	20.480000	66.000000	45.640000	54.960000	46.520000	45.600000	44.800000	40.120000	51.600000	56.800000	59.960000	65.000000	53.400000	20.400000	9.160000	9.000000	88.700000	84.100000	73.700000	69.870000	66.630000	71.460000	80.710000	95.290000	121.000000	103.450000	87.880000	78.450000	70.290000	66.000000	64.540000	65.120000	68.500000	87.720000	102.170000	168.400000	191.040000	126.640000	99.470000	93.560000	92.000000	69.340000	73.000000	67.000000	67.500000	72.100000	63.270000	84.280000	112.870000	99.000000	79.890000	71.030000	63.400000	62.000000	58.520000	58.190000	61.600000	72.180000	99.410000	163.400000	193.470000	127.390000	98.370000	95.560000	0.063000	0.000000	0.045000	0.000000	0.044000	0.000000	0.062000	0.000000	0.095000	0.000000	0.133000	0.000000	0.163000	0.004000	0.167000	0.166000	0.163000	0.386000	0.179000	0.525000	72.540000	38.227400	36.104400	30.472100	35.907100	18.785500	48.030400	88.497000	107.320000	84.195500	65.427400	52.949500	0.000000	0.345200	0.000000	0.765200	0.012946	0.358500	0.019278	0.700400	0.010605	0.368500	0.023388	0.229500	0.260235	0.217500	0.523854	0.000000	0.699147	0.000000	0.718908	0.000000	0.663137	0.000000	0.581440	0.000000	0.470104	0.000000	0.370736	0.000000	0.299565	0.000000	0.069538	0.624885	0.000000	0.000000	0.000000	0.266103	0.588067	7.031130	0.000000	506.054000	764.831000	180.929000	46.521300	0.000000	1.124610	0.000000	0.000000	4.730800	0.288500	0.261263	0.000000	0.000000	
   72	92.000000	85.230000	70.000000	64.000000	64.000000	70.000000	90.710000	105.010000	125.890000	103.900000	88.770000	81.500000	73.290000	69.000000	67.040000	67.880000	70.470000	90.220000	103.410000	158.400000	181.000000	126.390000	103.370000	95.560000	24.000000	28.600000	50.800000	49.680000	52.120000	51.400000	14.640000	9.000000	20.480000	66.000000	45.640000	54.960000	46.520000	45.600000	44.800000	40.120000	51.600000	56.800000	59.960000	65.000000	53.400000	20.400000	9.160000	9.000000	88.700000	84.100000	73.700000	69.870000	66.630000	71.460000	80.710000	95.290000	121.000000	103.450000	87.880000	78.450000	70.290000	66.000000	64.540000	65.120000	68.500000	87.720000	102.170000	168.400000	191.040000	126.640000	99.470000	93.560000	92.000000	69.340000	73.000000	67.000000	67.500000	72.100000	63.270000	84.280000	112.870000	99.000000	79.890000	71.030000	63.400000	62.000000	58.520000	58.190000	61.600000	72.180000	99.410000	163.400000	193.470000	127.390000	98.370000	95.560000	0.063000	0.000000	0.045000	0.000000	0.044000	0.000000	0.062000	0.000000	0.095000	0.000000	0.133000	0.000000	0.163000	0.004000	0.167000	0.166000	0.163000	0.386000	0.179000	0.525000	72.540000	23.390200	35.550200	33.738900	33.374800	24.385000	36.743600	60.029500	102.516000	88.816700	58.186900	56.673900	0.022785	1.080800	0.000000	3.854700	0.000000	1.468900	0.004276	1.955700	0.005714	1.256100	0.023553	0.094000	0.258262	0.069600	0.488500	0.000000	0.679021	0.000000	0.717325	0.000000	0.638507	0.000000	0.530204	0.000000	0.409529	0.000000	0.335159	0.000000	0.299565	0.000000	0.000000	1.443860	0.000000	0.466745	0.000000	0.258745	0.570752	9.247310	0.000000	505.020000	760.424000	523.377000	80.124500	0.000000	0.000000	0.493049	0.000000	3.259660	0.000000	0.446561	0.000000	0.000000	
   73	92.000000	85.230000	70.000000	64.000000	64.000000	70.000000	90.710000	105.010000	125.890000	103.900000	88.770000	81.500000	73.290000	69.000000	67.040000	67.880000	70.470000	90.220000	103.410000	158.400000	181.000000	126.390000	103.370000	95.560000	24.000000	28.600000	50.800000	49.680000	52.120000	51.400000	14.640000	9.000000	20.480000	66.000000	45.640000	54.960000	46.520000	45.600000	44.800000	40.120000	51.600000	56.800000	59.960000	65.000000	53.400000	20.400000	9.160000	9.000000	88.700000	84.100000	73.700000	69.870000	66.630000	71.460000	80.710000	95.290000	121.000000	103.450000	87.880000	78.450000	70.290000	66.000000	64.540000	65.120000	68.500000	87.720000	102.170000	168.400000	191.040000	126.640000	99.470000	93.560000	92.000000	69.340000	73.000000	67.000000	67.500000	72.100000	63.270000	84.280000	112.870000	99.000000	79.890000	71.030000	63.400000	62.000000	58.520000	58.190000	61.600000	72.180000	99.410000	163.400000	193.470000	127.390000	98.370000	95.560000	0.063000	0.000000	0.045000	0.000000	0.044000	0.000000	0.062000	0.000000	0.095000	0.000000	0.133000	0.000000	0.163000	0.004000	0.167000	0.166000	0.163000	0.386000	0.179000	0.525000	72.540000	38.227400	36.104400	30.472100	35.907100	18.785500	48.030400	88.497000	107.320000	84.195500	65.427400	52.949500	0.000000	0.345200	0.000000	0.765200	0.065320	0.441300	0.059689	0.175500	0.057121	1.844500	0.079937	0.707000	0.318359	2.631500	0.526445	0.000000	0.683392	0.000000	0.714494	0.000000	0.664651	0.000000	0.573087	0.000000	0.419256	0.000000	0.288771	0.000000	0.299565	0.000000	0.000000	0.348967	0.000000	0.000000	0.000000	0.219362	0.653053	6.227330	0.000000	515.421000	791.609000	326.298000	59.255200	0.000000	0.000000	0.000000	5.654670	4.273060	0.304911	0.332028	0.000000	0.000000	
   74	92.000000	85.230000	70.000000	64.000000	64.000000	70.000000	90.710000	105.010000	125.890000	103.900000	88.770000	81.500000	73.290000	69.000000	67.040000	67.880000	70.470000	90.220000	103.410000	158.400000	181.000000	126.390000	103.370000	95.560000	24.000000	28.600000	50.800000	49.680000	52.120000	51.400000	14.640000	9.000000	20.480000	66.000000	45.640000	54.960000	46.520000	45.600000	44.800000	40.120000	51.600000	56.800000	59.960000	65.000000	53.400000	20.400000	9.160000	9.000000	88.700000	84.100000	73.700000	69.870000	66.630000	71.460000	80.710000	95.290000	121.000000	103.450000	87.880000	78.450000	70.290000	66.000000	64.540000	65.120000	68.500000	87.720000	102.170000	168.400000	191.040000	126.640000	99.470000	93.560000	92.000000	69.340000	73.000000	67.000000	67.500000	72.100000	63.270000	84.280000	112.870000	99.000000	79.890000	71.030000	63.400000	62.000000	58.520000	58.190000	61.600000	72.180000	99.410000	163.400000	193.470000	127.390000	98.370000	95.560000	0.063000	0.000000	0.045000	0.000000	0.044000	0.000000	0.062000	0.000000	0.095000	0.000000	0.133000	0.000000	0.163000	0.004000	0.167000	0.166000	0.163000	0.386000	0.179000	0.525000	72.540000	38.227400	36.104400	30.472100	25.370200	17.372500	46.971700	81.685500	100.517000	89.628400	70.923100	61.830100	0.000000	0.707200	0.000000	0.476200	0.000000	0.038500	0.064871	0.028400	0.067802	0.084300	0.068263	0.378100	0.287840	0.132600	0.511092	0.000000	0.714257	0.000000	0.741368	0.000000	0.641296	0.000000	0.530574	0.000000	0.416381	0.000000	0.339385	0.000000	0.299565	0.000000	0.165541	0.716408	0.000000	0.329123	0.000000	0.413235	0.874358	6.865070	0.000000	503.901000	768.652000	272.908000	59.435500	0.000000	0.000000	0.316967	3.868630	3.809030	0.000000	0.295818	0.000000	0.117948	
   75	92.000000	85.230000	70.000000	64.000000	64.000000	70.000000	90.710000	105.010000	125.890000	103.900000	88.770000	81.500000	73.290000	69.000000	67.040000	67.880000	70.470000	90.220000	103.410000	158.400000	181.000000	126.390000	103.370000	95.560000	24.000000	28.600000	50.800000	49.680000	52.120000	51.400000	14.640000	9.000000	20.480000	66.000000	45.640000	54.960000	46.520000	45.600000	44.800000	40.120000	51.600000	56.800000	59.960000	65.000000	53.400000	20.400000	9.160000	9.000000	88.700000	84.100000	73.700000	69.870000	66.630000	71.460000	80.710000	95.290000	121.000000	103.450000	87.880000	78.450000	70.290000	66.000000	64.540000	65.120000	68.500000	87.720000	102.170000	168.400000	191.040000	126.640000	99.470000	93.560000	92.000000	69.340000	73.000000	67.000000	67.500000	72.100000	63.270000	84.280000	112.870000	99.000000	79.890000	71.030000	63.400000	62.000000	58.520000	58.190000	61.600000	72.180000	99.410000	163.400000	193.470000	127.390000	98.370000	95.560000	0.063000	0.000000	0.045000	0.000000	0.044000	0.000000	0.062000	0.000000	0.095000	0.000000	0.133000	0.000000	0.163000	0.004000	0.167000	0.166000	0.163000	0.386000	0.179000	0.525000	72.540000	13.078900	15.324100	19.700300	16.777900	7.872550	35.507400	72.859300	99.306300	84.195500	65.427400	52.949500	0.020750	1.175300	0.000000	0.641500	0.000000	0.685800	0.064871	0.557400	0.000000	0.661200	0.068259	0.422900	0.328136	0.323600	0.512957	0.000000	0.714257	0.000000	0.503262	0.000000	0.466630	0.000000	0.388968	0.000000	0.285444	0.000000	0.189094	0.000000	0.299565	0.000000	0.000000	0.526368	0.000000	0.140334	0.000000	0.292948	0.757603	5.842920	0.000000	507.555000	793.359000	321.214000	15.489500	2.951120	12.576300	2.167720	0.000000	4.142240	0.262009	0.268760	0.000000	0.000000	
   76	92.000000	85.230000	70.000000	64.000000	64.000000	70.000000	90.710000	105.010000	125.890000	103.900000	88.770000	81.500000	73.290000	69.000000	67.040000	67.880000	70.470000	90.220000	103.410000	158.400000	181.000000	126.390000	103.370000	95.560000	24.000000	28.600000	50.800000	49.680000	52.120000	51.400000	14.640000	9.000000	20.480000	66.000000	45.640000	54.960000	46.520000	45.600000	44.800000	40.120000	51.600000	56.800000	59.960000	65.000000	53.400000	20.400000	9.160000	9.000000	88.700000	84.100000	73.700000	69.870000	66.630000	71.460000	80.710000	95.290000	121.000000	103.450000	87.880000	78.450000	70.290000	66.000000	64.540000	65.120000	68.500000	87.720000	102.170000	168.400000	191.040000	126.640000	99.470000	93.560000	92.000000	69.340000	73.000000	67.000000	67.500000	72.100000	63.270000	84.280000	112.870000	99.000000	79.890000	71.030000	63.400000	62.000000	58.520000	58.190000	61.600000	72.180000	99.410000	163.400000	193.470000	127.390000	98.370000	95.560000	0.063000	0.000000	0.045000	0.000000	0.044000	0.000000	0.062000	0.000000	0.095000	0.000000	0.133000	0.000000	0.163000	0.004000	0.167000	0.166000	0.163000	0.386000	0.179000	0.525000	72.540000	32.697700	28.904100	32.628200	29.240700	10.245100	60.949500	80.633500	118.703000	103.165000	76.571800	71.056400	0.002865	0.245800	0.000000	0.277300	0.000000	0.716800	0.000000	1.161400	0.000000	0.224800	0.028506	0.231200	0.305812	0.023100	0.546233	0.000000	0.703987	0.000000	0.711261	0.000000	0.605506	0.000000	0.465268	0.000000	0.322877	0.000000	0.224410	0.000000	0.299565	0.000000	0.000000	0.973653	0.000000	0.000000	0.000000	0.100825	0.637984	7.625390	0.000000	514.572000	794.696000	228.640000	22.183300	0.000000	4.395110	1.066170	0.000000	4.501190	0.353313	0.449590	0.071448	0.000000	
   77	92.000000	85.230000	70.000000	64.000000	64.000000	70.000000	90.710000	105.010000	125.890000	103.900000	88.770000	81.500000	73.290000	69.000000	67.040000	67.880000	70.470000	90.220000	103.410000	158.400000	181.000000	126.390000	103.370000	95.560000	24.000000	28.600000	50.800000	49.680000	52.120000	51.400000	14.640000	9.000000	20.480000	66.000000	45.640000	54.960000	46.520000	45.600000	44.800000	40.120000	51.600000	56.800000	59.960000	65.000000	53.400000	20.400000	9.160000	9.000000	88.700000	84.100000	73.700000	69.870000	66.630000	71.460000	80.710000	95.290000	121.000000	103.450000	87.880000	78.450000	70.290000	66.000000	64.540000	65.120000	68.500000	87.720000	102.170000	168.400000	191.040000	126.640000	99.470000	93.560000	92.000000	69.340000	73.000000	67.000000	67.500000	72.100000	63.270000	84.280000	112.870000	99.000000	79.890000	71.030000	63.400000	62.000000	58.520000	58.190000	61.600000	72.180000	99.410000	163.400000	193.470000	127.390000	98.370000	95.560000	0.063000	0.000000	0.045000	0.000000	0.044000	0.000000	0.062000	0.000000	0.095000	0.000000	0.133000	0.000000	0.163000	0.004000	0.167000	0.166000	0.163000	0.386000	0.179000	0.525000	72.540000	12.501200	24.240600	23.826100	20.845300	13.409700	50.829300	67.343700	94.694600	78.589900	63.280700	50.246200	0.020750	0.488000	0.000000	0.732700	0.046881	0.322100	0.065331	0.325100	0.070887	1.376400	0.070874	0.414100	0.266031	0.641000	0.445765	0.000000	0.722132	0.000000	0.755411	0.000000	0.829183	0.000000	0.724452	0.000000	0.614632	0.000000	0.565621	0.000000	0.299565	0.000000	0.002286	0.798251	0.000000	0.206986	0.000000	0.233926	0.536826	6.863450	0.000000	491.919000	798.711000	267.605000	0.000000	0.000000	0.000000	0.000000	44.292800	3.824100	0.326132	0.307832	0.000000	0.000000	
   78	92.000000	85.230000	70.000000	64.000000	64.000000	70.000000	90.710000	105.010000	125.890000	103.900000	88.770000	81.500000	73.290000	69.000000	67.040000	67.880000	70.470000	90.220000	103.410000	158.400000	181.000000	126.390000	103.370000	95.560000	24.000000	28.600000	50.800000	49.680000	52.120000	51.400000	14.640000	9.000000	20.480000	66.000000	45.640000	54.960000	46.520000	45.600000	44.800000	40.120000	51.600000	56.800000	59.960000	65.000000	53.400000	20.400000	9.160000	9.000000	88.700000	84.100000	73.700000	69.870000	66.630000	71.460000	80.710000	95.290000	121.000000	103.450000	87.880000	78.450000	70.290000	66.000000	64.540000	65.120000	68.500000	87.720000	102.170000	168.400000	191.040000	126.640000	99.470000	93.560000	92.000000	69.340000	73.000000	67.000000	67.500000	72.100000	63.270000	84.280000	112.870000	99.000000	79.890000	71.030000	63.400000	62.000000	58.520000	58.190000	61.600000	72.180000	99.410000	163.400000	193.470000	127.390000	98.370000	95.560000	0.063000	0.000000	0.045000	0.000000	0.044000	0.000000	0.062000	0.000000	0.095000	0.000000	0.133000	0.000000	0.163000	0.004000	0.167000	0.166000	0.163000	0.386000	0.179000	0.525000	72.540000	14.460600	18.861300	20.778000	17.345400	16.954600	36.513100	58.274400	100.029000	96.378200	67.566000	70.224100	0.116573	0.510400	0.106080	1.028900	0.123736	0.538100	0.144012	0.939500	0.089286	2.250500	0.130263	0.654300	0.261835	0.186200	0.493483	0.000000	0.671960	0.000000	0.704336	0.000000	0.632075	0.000000	0.579157	0.000000	0.486051	0.000000	0.387808	0.000000	0.299565	0.000000	0.095345	0.779269	0.000000	0.298739	0.000000	0.356261	0.806600	6.403790	0.000000	505.318000	767.419000	447.139000	68.758700	0.000000	2.331960	1.284660	0.000000	3.620120	0.188047	0.375858	0.000000	0.000000	
   79	92.000000	85.230000	70.000000	64.000000	64.000000	70.000000	90.710000	105.010000	125.890000	103.900000	88.770000	81.500000	73.290000	69.000000	67.040000	67.880000	70.470000	90.220000	103.410000	158.400000	181.000000	126.390000	103.370000	95.560000	24.000000	28.600000	50.800000	49.680000	52.120000	51.400000	14.640000	9.000000	20.480000	66.000000	45.640000	54.960000	46.520000	45.600000	44.800000	40.120000	51.600000	56.800000	59.960000	65.000000	53.400000	20.400000	9.160000	9.000000	88.700000	84.100000	73.700000	69.870000	66.630000	71.460000	80.710000	95.290000	121.000000	103.450000	87.880000	78.450000	70.290000	66.000000	64.540000	65.120000	68.500000	87.720000	102.170000	168.400000	191.040000	126.640000	99.470000	93.560000	92.000000	69.340000	73.000000	67.000000	67.500000	72.100000	63.270000	84.280000	112.870000	99.000000	79.890000	71.030000	63.400000	62.000000	58.520000	58.190000	61.600000	72.180000	99.410000	163.400000	193.470000	127.390000	98.370000	95.560000	0.063000	0.000000	0.045000	0.000000	0.044000	0.000000	0.062000	0.000000	0.095000	0.000000	0.133000	0.000000	0.163000	0.004000	0.167000	0.166000	0.163000	0.386000	0.179000	0.525000	72.540000	24.072200	24.845600	21.251600	16.275900	2.428620	23.595000	74.161700	101.550000	82.765200	65.329800	64.109400	0.205076	0.426200	0.000000	0.122400	0.000000	0.565800	0.000000	0.694100	0.000000	0.432400	0.015011	0.316900	0.270048	0.233100	0.508423	0.000000	0.708268	0.000000	0.757764	0.000000	0.713740	0.000000	0.618195	0.000000	0.503486	0.000000	0.288771	0.000000	0.299565	0.000000	0.002286	0.798251	0.000000	0.206986	0.000000	0.233926	0.536826	6.863450	0.000000	504.149000	772.743000	355.820000	47.907200	0.445803	0.000000	0.282319	0.000000	4.076530	0.257985	0.299113	0.000000	0.000000	
   80	92.000000	85.230000	70.000000	64.000000	64.000000	70.000000	90.710000	105.010000	125.890000	103.900000	88.770000	81.500000	73.290000	69.000000	67.040000	67.880000	70.470000	90.220000	103.410000	158.400000	181.000000	126.390000	103.370000	95.560000	24.000000	28.600000	50.800000	49.680000	52.120000	51.400000	14.640000	9.000000	20.480000	66.000000	45.640000	54.960000	46.520000	45.600000	44.800000	40.120000	51.600000	56.800000	59.960000	65.000000	53.400000	20.400000	9.160000	9.000000	88.700000	84.100000	73.700000	69.870000	66.630000	71.460000	80.710000	95.290000	121.000000	103.450000	87.880000	78.450000	70.290000	66.000000	64.540000	65.120000	68.500000	87.720000	102.170000	168.400000	191.040000	126.640000	99.470000	93.560000	92.000000	69.340000	73.000000	67.000000	67.500000	72.100000	63.270000	84.280000	112.870000	99.000000	79.890000	71.030000	63.400000	62.000000	58.520000	58.190000	61.600000	72.180000	99.410000	163.400000	193.470000	127.390000	98.370000	95.560000	0.063000	0.000000	0.045000	0.000000	0.044000	0.000000	0.062000	0.000000	0.095000	0.000000	0.133000	0.000000	0.163000	0.004000	0.167000	0.166000	0.163000	0.386000	0.179000	0.525000	72.540000	13.342800	18.326700	23.519400	23.772300	17.372500	46.971700	81.685500	100.517000	89.628400	70.923100	61.830100	0.000000	0.501600	0.005482	0.845400	0.014497	0.917500	0.028929	0.505200	0.026364	0.141700	0.000000	0.391600	0.291428	0.147000	0.503658	0.000000	0.683840	0.000000	0.726637	0.000000	0.637260	0.000000	0.504852	0.000000	0.374593	0.000000	0.309052	0.000000	0.299565	0.000000	0.000000	0.665377	0.000000	1.414320	0.000000	0.473692	0.779095	8.717780	22.241300	514.783000	777.814000	298.869000	35.582500	0.000000	1.530330	0.000000	0.000000	4.456270	0.470410	0.465135	0.104977	0.231269	
   81	92.000000	85.230000	70.000000	64.000000	64.000000	70.000000	90.710000	105.010000	125.890000	103.900000	88.770000	81.500000	73.290000	69.000000	67.040000	67.880000	70.470000	90.220000	103.410000	158.400000	181.000000	126.390000	103.370000	95.560000	24.000000	28.600000	50.800000	49.680000	52.120000	51.400000	14.640000	9.000000	20.480000	66.000000	45.640000	54.960000	46.520000	45.600000	44.800000	40.120000	51.600000	56.800000	59.960000	65.000000	53.400000	20.400000	9.160000	9.000000	88.700000	84.100000	73.700000	69.870000	66.630000	71.460000	80.710000	95.290000	121.000000	103.450000	87.880000	78.450000	70.290000	66.000000	64.540000	65.120000	68.500000	87.720000	102.170000	168.400000	191.040000	126.640000	99.470000	93.560000	92.000000	69.340000	73.000000	67.000000	67.500000	72.100000	63.270000	84.280000	112.870000	99.000000	79.890000	71.030000	63.400000	62.000000	58.520000	58.190000	61.600000	72.180000	99.410000	163.400000	193.470000	127.390000	98.370000	95.560000	0.063000	0.000000	0.045000	0.000000	0.044000	0.000000	0.062000	0.000000	0.095000	0.000000	0.133000	0.000000	0.163000	0.004000	0.167000	0.166000	0.163000	0.386000	0.179000	0.525000	72.540000	23.390200	35.550200	33.738900	33.374800	24.385000	36.743600	60.029500	102.516000	88.816700	58.186900	56.673900	0.012433	0.298700	0.000000	1.676000	0.000000	0.314800	0.001594	0.535800	0.003004	0.320000	0.024509	0.220200	0.562820	0.048300	0.769775	0.000000	0.920592	0.000000	0.906809	0.000000	0.764754	0.000000	0.572524	0.000000	0.487229	0.000000	0.397899	0.000000	0.299565	0.000000	0.147282	0.744789	0.000000	0.228708	0.000000	0.332477	0.223551	9.148120	0.000000	504.874000	798.059000	524.148000	0.000000	0.000000	9.479410	0.000000	394.031000	6.992190	0.097313	0.375108	0.000000	0.000000	
   82	92.000000	85.230000	70.000000	64.000000	64.000000	70.000000	90.710000	105.010000	125.890000	103.900000	88.770000	81.500000	73.290000	69.000000	67.040000	67.880000	70.470000	90.220000	103.410000	158.400000	181.000000	126.390000	103.370000	95.560000	24.000000	28.600000	50.800000	49.680000	52.120000	51.400000	14.640000	9.000000	20.480000	66.000000	45.640000	54.960000	46.520000	45.600000	44.800000	40.120000	51.600000	56.800000	59.960000	65.000000	53.400000	20.400000	9.160000	9.000000	88.700000	84.100000	73.700000	69.870000	66.630000	71.460000	80.710000	95.290000	121.000000	103.450000	87.880000	78.450000	70.290000	66.000000	64.540000	65.120000	68.500000	87.720000	102.170000	168.400000	191.040000	126.640000	99.470000	93.560000	92.000000	69.340000	73.000000	67.000000	67.500000	72.100000	63.270000	84.280000	112.870000	99.000000	79.890000	71.030000	63.400000	62.000000	58.520000	58.190000	61.600000	72.180000	99.410000	163.400000	193.470000	127.390000	98.370000	95.560000	0.063000	0.000000	0.045000	0.000000	0.044000	0.000000	0.062000	0.000000	0.095000	0.000000	0.133000	0.000000	0.163000	0.004000	0.167000	0.166000	0.163000	0.386000	0.179000	0.525000	72.540000	24.072200	33.973400	28.635000	27.261400	28.794700	60.471000	89.463900	104.601000	94.913800	76.395700	73.191800	0.000000	0.757500	0.000000	1.469500	0.000000	0.358900	0.000000	0.280200	0.000000	0.832300	0.000000	0.455200	0.301767	0.076300	0.527657	0.000000	0.735713	0.000000	0.740875	0.000000	0.639014	0.000000	0.508665	0.000000	0.404292	0.000000	0.325472	0.000000	0.299565	0.000000	0.091103	0.728949	0.000000	0.382050	0.000000	0.393985	0.853910	6.415450	0.000000	504.446000	766.739000	495.360000	63.556500	0.322682	0.000000	0.226646	0.000000	4.284780	0.402203	0.426178	0.000000	0.229144	
   83	92.000000	85.230000	70.000000	64.000000	64.000000	70.000000	90.710000	105.010000	125.890000	103.900000	88.770000	81.500000	73.290000	69.000000	67.040000	67.880000	70.470000	90.220000	103.410000	158.400000	181.000000	126.390000	103.370000	95.560000	24.000000	28.600000	50.800000	49.680000	52.120000	51.400000	14.640000	9.000000	20.480000	66.000000	45.640000	54.960000	46.520000	45.600000	44.800000	40.120000	51.600000	56.800000	59.960000	65.000000	53.400000	20.400000	9.160000	9.000000	88.700000	84.100000	73.700000	69.870000	66.630000	71.460000	80.710000	95.290000	121.000000	103.450000	87.880000	78.450000	70.290000	66.000000	64.540000	65.120000	68.500000	87.720000	102.170000	168.400000	191.040000	126.640000	99.470000	93.560000	92.000000	69.340000	73.000000	67.000000	67.500000	72.100000	63.270000	84.280000	112.870000	99.000000	79.890000	71.030000	63.400000	62.000000	58.520000	58.190000	61.600000	72.180000	99.410000	163.400000	193.470000	127.390000	98.370000	95.560000	0.063000	0.000000	0.045000	0.000000	0.044000	0.000000	0.062000	0.000000	0.095000	0.000000	0.133000	0.000000	0.163000	0.004000	0.167000	0.166000	0.163000	0.386000	0.179000	0.525000	72.540000	17.792400	19.374000	23.016500	20.834600	3.331550	48.626200	78.668300	100.678000	82.715700	78.642000	83.324000	0.005300	0.662600	0.000000	0.815700	0.024617	1.221600	0.029176	0.949100	0.000000	1.783300	0.034611	0.447300	0.271968	0.138300	0.498837	0.000000	0.659017	0.000000	0.689624	0.000000	0.639797	0.000000	0.469639	0.000000	0.173108	0.000000	0.093929	0.000000	0.299565	0.000000	0.064983	0.748522	0.000000	0.285995	0.000000	0.412626	0.828579	8.049060	0.000000	504.558000	775.296000	297.833000	24.434300	1.137720	0.000000	0.002349	0.000000	4.923110	0.502987	0.526921	0.035549	0.273156	
   84	92.000000	85.230000	70.000000	64.000000	64.000000	70.000000	90.710000	105.010000	125.890000	103.900000	88.770000	81.500000	73.290000	69.000000	67.040000	67.880000	70.470000	90.220000	103.410000	158.400000	181.000000	126.390000	103.370000	95.560000	24.000000	28.600000	50.800000	49.680000	52.120000	51.400000	14.640000	9.000000	20.480000	66.000000	45.640000	54.960000	46.520000	45.600000	44.800000	40.120000	51.600000	56.800000	59.960000	65.000000	53.400000	20.400000	9.160000	9.000000	88.700000	84.100000	73.700000	69.870000	66.630000	71.460000	80.710000	95.290000	121.000000	103.450000	87.880000	78.450000	70.290000	66.000000	64.540000	65.120000	68.500000	87.720000	102.170000	168.400000	191.040000	126.640000	99.470000	93.560000	92.000000	69.340000	73.000000	67.000000	67.500000	72.100000	63.270000	84.280000	112.870000	99.000000	79.890000	71.030000	63.400000	62.000000	58.520000	58.190000	61.600000	72.180000	99.410000	163.400000	193.470000	127.390000	98.370000	95.560000	0.063000	0.000000	0.045000	0.000000	0.044000	0.000000	0.062000	0.000000	0.095000	0.000000	0.133000	0.000000	0.163000	0.004000	0.167000	0.166000	0.163000	0.386000	0.179000	0.525000	72.540000	12.501200	24.240600	23.826100	20.845300	13.409700	50.829300	67.343700	94.694600	78.589900	63.280700	50.246200	0.020750	0.488000	0.000000	0.732700	0.014497	0.556700	0.028929	0.878000	0.000000	0.107800	0.000000	0.463200	0.248401	0.127500	0.503658	0.000000	0.683840	0.000000	0.726637	0.000000	0.639797	0.000000	0.504852	0.000000	0.398483	0.000000	0.399235	0.000000	0.299565	0.000000	0.000000	1.221590	0.000000	0.000000	0.000000	0.326549	0.518311	6.711440	0.000000	504.957000	759.029000	153.157000	72.286900	0.000000	0.000000	0.000000	0.000000	4.099760	0.000000	0.303044	0.000000	0.121147	
   85	92.000000	85.230000	70.000000	64.000000	64.000000	70.000000	90.710000	105.010000	125.890000	103.900000	88.770000	81.500000	73.290000	69.000000	67.040000	67.880000	70.470000	90.220000	103.410000	158.400000	181.000000	126.390000	103.370000	95.560000	24.000000	28.600000	50.800000	49.680000	52.120000	51.400000	14.640000	9.000000	20.480000	66.000000	45.640000	54.960000	46.520000	45.600000	44.800000	40.120000	51.600000	56.800000	59.960000	65.000000	53.400000	20.400000	9.160000	9.000000	88.700000	84.100000	73.700000	69.870000	66.630000	71.460000	80.710000	95.290000	121.000000	103.450000	87.880000	78.450000	70.290000	66.000000	64.540000	65.120000	68.500000	87.720000	102.170000	168.400000	191.040000	126.640000	99.470000	93.560000	92.000000	69.340000	73.000000	67.000000	67.500000	72.100000	63.270000	84.280000	112.870000	99.000000	79.890000	71.030000	63.400000	62.000000	58.520000	58.190000	61.600000	72.180000	99.410000	163.400000	193.470000	127.390000	98.370000	95.560000	0.063000	0.000000	0.045000	0.000000	0.044000	0.000000	0.062000	0.000000	0.095000	0.000000	0.133000	0.000000	0.163000	0.004000	0.167000	0.166000	0.163000	0.386000	0.179000	0.525000	72.540000	22.271900	25.295800	26.088400	23.427900	6.692380	49.599600	78.882400	104.659000	80.148900	66.501200	58.384100	0.125511	1.031400	0.095816	0.515900	0.093575	1.311200	0.109416	0.577500	0.105441	0.495400	0.105571	0.126400	0.333819	0.145500	0.562547	0.000000	0.733190	0.000000	0.766115	0.000000	0.680900	0.000000	0.545775	0.000000	0.401919	0.000000	0.325472	0.000000	0.299565	0.000000	0.000000	0.992938	0.000000	0.000000	0.202215	0.647859	0.807769	5.512170	0.000000	489.545000	746.080000	471.159000	67.296300	10.369400	0.000000	0.000000	18.075800	3.604810	0.341990	0.475357	0.000000	0.229144	
   86	92.000000	85.230000	70.000000	64.000000	64.000000	70.000000	90.710000	105.010000	125.890000	103.900000	88.770000	81.500000	73.290000	69.000000	67.040000	67.880000	70.470000	90.220000	103.410000	158.400000	181.000000	126.390000	103.370000	95.560000	24.000000	28.600000	50.800000	49.680000	52.120000	51.400000	14.640000	9.000000	20.480000	66.000000	45.640000	54.960000	46.520000	45.600000	44.800000	40.120000	51.600000	56.800000	59.960000	65.000000	53.400000	20.400000	9.160000	9.000000	88.700000	84.100000	73.700000	69.870000	66.630000	71.460000	80.710000	95.290000	121.000000	103.450000	87.880000	78.450000	70.290000	66.000000	64.540000	65.120000	68.500000	87.720000	102.170000	168.400000	191.040000	126.640000	99.470000	93.560000	92.000000	69.340000	73.000000	67.000000	67.500000	72.100000	63.270000	84.280000	112.870000	99.000000	79.890000	71.030000	63.400000	62.000000	58.520000	58.190000	61.600000	72.180000	99.410000	163.400000	193.470000	127.390000	98.370000	95.560000	0.063000	0.000000	0.045000	0.000000	0.044000	0.000000	0.062000	0.000000	0.095000	0.000000	0.133000	0.000000	0.163000	0.004000	0.167000	0.166000	0.163000	0.386000	0.179000	0.525000	72.540000	24.072200	24.845600	21.251600	16.275900	2.428620	23.595000	74.161700	101.550000	82.765200	65.329800	64.109400	0.205076	0.426200	0.000000	0.122400	0.000000	0.565800	0.000000	0.694100	0.000000	0.432400	0.015011	0.316900	0.270048	0.233100	0.508423	0.000000	0.708268	0.000000	0.757764	0.000000	0.782399	0.000000	0.639930	0.000000	0.234621	0.000000	0.127148	0.000000	0.299565	0.000000	0.000000	0.992938	0.000000	0.000000	0.000000	0.085302	0.387508	7.973040	0.000000	492.862000	146.862000	203.291000	18.792800	0.000000	14.736000	2.565450	0.000000	5.023540	0.323540	0.357953	0.000000	0.000000	
   87	92.000000	85.230000	70.000000	64.000000	64.000000	70.000000	90.710000	105.010000	125.890000	103.900000	88.770000	81.500000	73.290000	69.000000	67.040000	67.880000	70.470000	90.220000	103.410000	158.400000	181.000000	126.390000	103.370000	95.560000	24.000000	28.600000	50.800000	49.680000	52.120000	51.400000	14.640000	9.000000	20.480000	66.000000	45.640000	54.960000	46.520000	45.600000	44.800000	40.120000	51.600000	56.800000	59.960000	65.000000	53.400000	20.400000	9.160000	9.000000	88.700000	84.100000	73.700000	69.870000	66.630000	71.460000	80.710000	95.290000	121.000000	103.450000	87.880000	78.450000	70.290000	66.000000	64.540000	65.120000	68.500000	87.720000	102.170000	168.400000	191.040000	126.640000	99.470000	93.560000	92.000000	69.340000	73.000000	67.000000	67.500000	72.100000	63.270000	84.280000	112.870000	99.000000	79.890000	71.030000	63.400000	62.000000	58.520000	58.190000	61.600000	72.180000	99.410000	163.400000	193.470000	127.390000	98.370000	95.560000	0.063000	0.000000	0.045000	0.000000	0.044000	0.000000	0.062000	0.000000	0.095000	0.000000	0.133000	0.000000	0.163000	0.004000	0.167000	0.166000	0.163000	0.386000	0.179000	0.525000	72.540000	12.501200	24.240600	23.826100	20.845300	13.409700	50.829300	67.343700	94.694600	78.589900	63.280700	50.246200	0.020750	0.488000	0.000000	0.732700	0.046881	0.322100	0.065331	0.325100	0.070887	1.376400	0.070874	0.414100	0.266031	0.641000	0.445765	0.000000	0.722132	0.000000	0.755411	0.000000	0.671019	0.000000	0.554511	0.000000	0.416827	0.000000	0.315084	0.000000	0.299565	0.000000	0.380460	0.863328	0.000000	0.277677	0.091424	0.650213	0.464043	7.896600	0.000000	512.830000	782.547000	308.339000	24.105200	0.000000	25.862500	0.000000	36.067300	3.492060	0.270842	0.458422	0.000000	0.008714	
   88	92.000000	85.230000	70.000000	64.000000	64.000000	70.000000	90.710000	105.010000	125.890000	103.900000	88.770000	81.500000	73.290000	69.000000	67.040000	67.880000	70.470000	90.220000	103.410000	158.400000	181.000000	126.390000	103.370000	95.560000	24.000000	28.600000	50.800000	49.680000	52.120000	51.400000	14.640000	9.000000	20.480000	66.000000	45.640000	54.960000	46.520000	45.600000	44.800000	40.120000	51.600000	56.800000	59.960000	65.000000	53.400000	20.400000	9.160000	9.000000	88.700000	84.100000	73.700000	69.870000	66.630000	71.460000	80.710000	95.290000	121.000000	103.450000	87.880000	78.450000	70.290000	66.000000	64.540000	65.120000	68.500000	87.720000	102.170000	168.400000	191.040000	126.640000	99.470000	93.560000	92.000000	69.340000	73.000000	67.000000	67.500000	72.100000	63.270000	84.280000	112.870000	99.000000	79.890000	71.030000	63.400000	62.000000	58.520000	58.190000	61.600000	72.180000	99.410000	163.400000	193.470000	127.390000	98.370000	95.560000	0.063000	0.000000	0.045000	0.000000	0.044000	0.000000	0.062000	0.000000	0.095000	0.000000	0.133000	0.000000	0.163000	0.004000	0.167000	0.166000	0.163000	0.386000	0.179000	0.525000	72.540000	32.164600	33.265700	33.821200	31.287300	24.480000	35.036500	73.402000	109.951000	84.628200	71.103300	63.650300	0.000000	0.634800	0.000000	0.913100	0.000000	1.258100	0.000000	1.124900	0.000000	1.572600	0.000000	0.317500	0.329163	0.197800	0.537324	0.000000	0.772654	0.000000	0.859406	0.000000	0.758155	0.000000	0.624744	0.000000	0.311854	0.000000	0.257629	0.000000	0.299565	0.000000	0.003248	1.231100	0.000000	0.184772	0.000000	0.211868	0.641946	7.173890	0.000000	509.888000	779.446000	282.929000	37.737800	0.878020	0.000000	0.000000	0.000000	3.305330	0.390374	0.274654	0.000000	0.000000	
   89	92.000000	85.230000	70.000000	64.000000	64.000000	70.000000	90.710000	105.010000	125.890000	103.900000	88.770000	81.500000	73.290000	69.000000	67.040000	67.880000	70.470000	90.220000	103.410000	158.400000	181.000000	126.390000	103.370000	95.560000	24.000000	28.600000	50.800000	49.680000	52.120000	51.400000	14.640000	9.000000	20.480000	66.000000	45.640000	54.960000	46.520000	45.600000	44.800000	40.120000	51.600000	56.800000	59.960000	65.000000	53.400000	20.400000	9.160000	9.000000	88.700000	84.100000	73.700000	69.870000	66.630000	71.460000	80.710000	95.290000	121.000000	103.450000	87.880000	78.450000	70.290000	66.000000	64.540000	65.120000	68.500000	87.720000	102.170000	168.400000	191.040000	126.640000	99.470000	93.560000	92.000000	69.340000	73.000000	67.000000	67.500000	72.100000	63.270000	84.280000	112.870000	99.000000	79.890000	71.030000	63.400000	62.000000	58.520000	58.190000	61.600000	72.180000	99.410000	163.400000	193.470000	127.390000	98.370000	95.560000	0.063000	0.000000	0.045000	0.000000	0.044000	0.000000	0.062000	0.000000	0.095000	0.000000	0.133000	0.000000	0.163000	0.004000	0.167000	0.166000	0.163000	0.386000	0.179000	0.525000	72.540000	29.678700	33.973400	28.635000	27.261400	28.794700	60.471000	89.463900	104.601000	94.913800	76.395700	77.761500	0.000000	0.925300	0.000000	1.301300	0.000000	0.484700	0.000000	1.615300	0.000000	1.452600	0.014461	0.735000	0.270666	0.680300	0.531247	0.000000	0.759361	0.000000	0.787741	0.000000	0.682468	0.000000	0.561980	0.000000	0.429710	0.000000	0.331464	0.000000	0.299565	0.000000	0.000000	0.374107	0.000000	0.562282	0.000000	0.218166	0.283852	7.447080	0.000000	506.000000	784.171000	514.845000	48.150500	15.009500	0.000000	0.344626	8.376150	17.470500	0.527607	0.408117	0.000000	0.000000	
   90	92.000000	85.230000	70.000000	64.000000	64.000000	70.000000	90.710000	105.010000	125.890000	103.900000	88.770000	81.500000	73.290000	69.000000	67.040000	67.880000	70.470000	90.220000	103.410000	158.400000	181.000000	126.390000	103.370000	95.560000	24.000000	28.600000	50.800000	49.680000	52.120000	51.400000	14.640000	9.000000	20.480000	66.000000	45.640000	54.960000	46.520000	45.600000	44.800000	40.120000	51.600000	56.800000	59.960000	65.000000	53.400000	20.400000	9.160000	9.000000	88.700000	84.100000	73.700000	69.870000	66.630000	71.460000	80.710000	95.290000	121.000000	103.450000	87.880000	78.450000	70.290000	66.000000	64.540000	65.120000	68.500000	87.720000	102.170000	168.400000	191.040000	126.640000	99.470000	93.560000	92.000000	69.340000	73.000000	67.000000	67.500000	72.100000	63.270000	84.280000	112.870000	99.000000	79.890000	71.030000	63.400000	62.000000	58.520000	58.190000	61.600000	72.180000	99.410000	163.400000	193.470000	127.390000	98.370000	95.560000	0.063000	0.000000	0.045000	0.000000	0.044000	0.000000	0.062000	0.000000	0.095000	0.000000	0.133000	0.000000	0.163000	0.004000	0.167000	0.166000	0.163000	0.386000	0.179000	0.525000	72.540000	29.678700	33.973400	28.635000	27.261400	28.794700	60.471000	89.463900	104.601000	94.913800	76.395700	77.761500	0.000000	0.925300	0.000000	1.301300	0.173588	0.252000	0.152079	0.336500	0.103448	0.699500	0.060047	0.199300	0.234970	0.434600	0.442117	0.000000	0.650376	0.000000	0.688276	0.000000	0.565035	0.000000	0.415419	0.000000	0.285837	0.000000	0.206581	0.000000	0.299565	0.232636	0.620181	1.067490	0.430777	0.000000	0.000000	0.326971	0.404707	5.952140	0.000000	500.495000	749.551000	419.943000	70.245800	0.000000	0.000000	1.784200	26.447100	3.368300	0.029846	0.359332	0.000000	0.000000	
   91	92.000000	85.230000	70.000000	64.000000	64.000000	70.000000	90.710000	105.010000	125.890000	103.900000	88.770000	81.500000	73.290000	69.000000	67.040000	67.880000	70.470000	90.220000	103.410000	158.400000	181.000000	126.390000	103.370000	95.560000	24.000000	28.600000	50.800000	49.680000	52.120000	51.400000	14.640000	9.000000	20.480000	66.000000	45.640000	54.960000	46.520000	45.600000	44.800000	40.120000	51.600000	56.800000	59.960000	65.000000	53.400000	20.400000	9.160000	9.000000	88.700000	84.100000	73.700000	69.870000	66.630000	71.460000	80.710000	95.290000	121.000000	103.450000	87.880000	78.450000	70.290000	66.000000	64.540000	65.120000	68.500000	87.720000	102.170000	168.400000	191.040000	126.640000	99.470000	93.560000	92.000000	69.340000	73.000000	67.000000	67.500000	72.100000	63.270000	84.280000	112.870000	99.000000	79.890000	71.030000	63.400000	62.000000	58.520000	58.190000	61.600000	72.180000	99.410000	163.400000	193.470000	127.390000	98.370000	95.560000	0.063000	0.000000	0.045000	0.000000	0.044000	0.000000	0.062000	0.000000	0.095000	0.000000	0.133000	0.000000	0.163000	0.004000	0.167000	0.166000	0.163000	0.386000	0.179000	0.525000	72.540000	38.227400	36.104400	30.472100	35.907100	18.785500	48.030400	88.497000	107.320000	84.195500	65.427400	52.949500	0.000000	0.345200	0.000000	0.765200	0.000000	0.957100	0.000000	1.100800	0.000000	1.681700	0.000000	0.892400	0.164711	0.174100	0.390543	0.000000	0.578937	0.000000	0.618214	0.000000	0.539938	0.000000	0.415409	0.000000	0.277865	0.000000	0.192465	0.000000	0.299565	0.000000	0.089289	0.977252	0.000000	0.548195	0.000000	0.401523	0.330801	4.372550	0.000000	497.666000	763.958000	391.865000	38.889000	5.113080	0.000000	0.000000	0.000000	4.533680	0.396539	0.504920	0.000487	0.159914	
   92	92.000000	85.230000	70.000000	64.000000	64.000000	70.000000	90.710000	105.010000	125.890000	103.900000	88.770000	81.500000	73.290000	69.000000	67.040000	67.880000	70.470000	90.220000	103.410000	158.400000	181.000000	126.390000	103.370000	95.560000	24.000000	28.600000	50.800000	49.680000	52.120000	51.400000	14.640000	9.000000	20.480000	66.000000	45.640000	54.960000	46.520000	45.600000	44.800000	40.120000	51.600000	56.800000	59.960000	65.000000	53.400000	20.400000	9.160000	9.000000	88.700000	84.100000	73.700000	69.870000	66.630000	71.460000	80.710000	95.290000	121.000000	103.450000	87.880000	78.450000	70.290000	66.000000	64.540000	65.120000	68.500000	87.720000	102.170000	168.400000	191.040000	126.640000	99.470000	93.560000	92.000000	69.340000	73.000000	67.000000	67.500000	72.100000	63.270000	84.280000	112.870000	99.000000	79.890000	71.030000	63.400000	62.000000	58.520000	58.190000	61.600000	72.180000	99.410000	163.400000	193.470000	127.390000	98.370000	95.560000	0.063000	0.000000	0.045000	0.000000	0.044000	0.000000	0.062000	0.000000	0.095000	0.000000	0.133000	0.000000	0.163000	0.004000	0.167000	0.166000	0.163000	0.386000	0.179000	0.525000	72.540000	22.703600	25.933900	29.052000	25.084100	17.666300	47.296600	71.485400	115.200000	84.240000	80.790100	73.429900	0.000000	1.642700	0.000000	0.424600	0.000000	0.716100	0.098174	0.904500	0.000000	0.200700	0.005697	0.330700	0.237875	0.064200	0.468098	0.000000	0.654054	0.000000	0.692295	0.000000	0.634866	0.000000	0.530191	0.000000	0.426892	0.000000	0.389989	0.000000	0.299565	0.000000	0.261996	1.083200	0.000000	0.051664	0.339140	0.868578	0.278879	3.689730	0.000000	517.954000	783.798000	294.559000	58.031400	0.000000	0.000000	0.000000	0.000000	3.538010	0.000000	0.426364	0.000000	0.000000	
   93	92.000000	85.230000	70.000000	64.000000	64.000000	70.000000	90.710000	105.010000	125.890000	103.900000	88.770000	81.500000	73.290000	69.000000	67.040000	67.880000	70.470000	90.220000	103.410000	158.400000	181.000000	126.390000	103.370000	95.560000	24.000000	28.600000	50.800000	49.680000	52.120000	51.400000	14.640000	9.000000	20.480000	66.000000	45.640000	54.960000	46.520000	45.600000	44.800000	40.120000	51.600000	56.800000	59.960000	65.000000	53.400000	20.400000	9.160000	9.000000	88.700000	84.100000	73.700000	69.870000	66.630000	71.460000	80.710000	95.290000	121.000000	103.450000	87.880000	78.450000	70.290000	66.000000	64.540000	65.120000	68.500000	87.720000	102.170000	168.400000	191.040000	126.640000	99.470000	93.560000	92.000000	69.340000	73.000000	67.000000	67.500000	72.100000	63.270000	84.280000	112.870000	99.000000	79.890000	71.030000	63.400000	62.000000	58.520000	58.190000	61.600000	72.180000	99.410000	163.400000	193.470000	127.390000	98.370000	95.560000	0.063000	0.000000	0.045000	0.000000	0.044000	0.000000	0.062000	0.000000	0.095000	0.000000	0.133000	0.000000	0.163000	0.004000	0.167000	0.166000	0.163000	0.386000	0.179000	0.525000	72.540000	38.227400	36.104400	30.472100	35.907100	18.785500	48.030400	88.497000	107.320000	84.195500	65.427400	52.949500	0.000000	0.345200	0.000000	0.765200	0.000000	0.257600	0.013170	0.865000	0.045103	0.373700	0.094280	0.387100	0.338617	0.309700	0.554770	0.000000	0.724390	0.000000	0.732829	0.000000	0.654047	0.000000	0.542615	0.000000	0.399341	0.000000	0.294293	0.000000	0.299565	0.232636	0.620181	1.067490	0.000000	0.226098	0.092515	0.357868	0.879894	10.280900	0.000000	509.856000	777.810000	332.791000	32.103500	0.000000	0.211211	0.000000	0.000000	4.086320	0.121109	0.366837	0.074011	0.000000	
   94	92.000000	85.230000	70.000000	64.000000	64.000000	70.000000	90.710000	105.010000	125.890000	103.900000	88.770000	81.500000	73.290000	69.000000	67.040000	67.880000	70.470000	90.220000	103.410000	158.400000	181.000000	126.390000	103.370000	95.560000	24.000000	28.600000	50.800000	49.680000	52.120000	51.400000	14.640000	9.000000	20.480000	66.000000	45.640000	54.960000	46.520000	45.600000	44.800000	40.120000	51.600000	56.800000	59.960000	65.000000	53.400000	20.400000	9.160000	9.000000	88.700000	84.100000	73.700000	69.870000	66.630000	71.460000	80.710000	95.290000	121.000000	103.450000	87.880000	78.450000	70.290000	66.000000	64.540000	65.120000	68.500000	87.720000	102.170000	168.400000	191.040000	126.640000	99.470000	93.560000	92.000000	69.340000	73.000000	67.000000	67.500000	72.100000	63.270000	84.280000	112.870000	99.000000	79.890000	71.030000	63.400000	62.000000	58.520000	58.190000	61.600000	72.180000	99.410000	163.400000	193.470000	127.390000	98.370000	95.560000	0.063000	0.000000	0.045000	0.000000	0.044000	0.000000	0.062000	0.000000	0.095000	0.000000	0.133000	0.000000	0.163000	0.004000	0.167000	0.166000	0.163000	0.386000	0.179000	0.525000	72.540000	29.043100	24.882700	27.473400	20.497900	19.486300	61.292800	73.612900	100.744000	81.418700	74.369800	69.499000	0.105606	0.808300	0.053014	0.509400	0.031168	2.488100	0.000000	0.954700	0.000000	0.747400	0.000000	0.337300	0.166010	0.325200	0.434085	0.000000	0.627992	0.000000	0.663208	0.000000	0.572140	0.000000	0.458022	0.000000	0.343821	0.000000	0.242535	0.000000	0.299565	0.000000	0.000000	0.000000	0.000000	0.736712	0.000000	0.492650	0.805040	5.364690	3.977900	514.776000	797.652000	322.737000	61.019500	1.633700	0.000000	0.282168	0.000000	3.972400	0.343291	0.303235	0.000000	0.000000	
   95	92.000000	85.230000	70.000000	64.000000	64.000000	70.000000	90.710000	105.010000	125.890000	103.900000	88.770000	81.500000	73.290000	69.000000	67.040000	67.880000	70.470000	90.220000	103.410000	158.400000	181.000000	126.390000	103.370000	95.560000	24.000000	28.600000	50.800000	49.680000	52.120000	51.400000	14.640000	9.000000	20.480000	66.000000	45.640000	54.960000	46.520000	45.600000	44.800000	40.120000	51.600000	56.800000	59.960000	65.000000	53.400000	20.400000	9.160000	9.000000	88.700000	84.100000	73.700000	69.870000	66.630000	71.460000	80.710000	95.290000	121.000000	103.450000	87.880000	78.450000	70.290000	66.000000	64.540000	65.120000	68.500000	87.720000	102.170000	168.400000	191.040000	126.640000	99.470000	93.560000	92.000000	69.340000	73.000000	67.000000	67.500000	72.100000	63.270000	84.280000	112.870000	99.000000	79.890000	71.030000	63.400000	62.000000	58.520000	58.190000	61.600000	72.180000	99.410000	163.400000	193.470000	127.390000	98.370000	95.560000	0.063000	0.000000	0.045000	0.000000	0.044000	0.000000	0.062000	0.000000	0.095000	0.000000	0.133000	0.000000	0.163000	0.004000	0.167000	0.166000	0.163000	0.386000	0.179000	0.525000	72.540000	22.713900	26.239100	29.829400	25.970200	16.769800	67.685600	71.879200	109.951000	85.442400	67.216500	61.184000	0.000000	0.470600	0.000000	1.333200	0.015701	1.063700	0.026400	1.229800	0.000000	0.224600	0.045688	0.059300	0.208765	0.197900	0.428033	0.000000	0.622038	0.000000	0.652200	0.000000	0.571533	0.000000	0.459095	0.000000	0.370458	0.000000	0.309052	0.000000	0.299565	0.000000	0.000000	0.089077	0.000000	0.000000	0.000000	0.047072	0.109257	7.367480	0.000000	502.159000	777.814000	298.869000	35.582500	0.000000	1.530330	0.000000	0.000000	4.456270	0.470410	0.465135	0.104977	0.231269	
   96	92.000000	85.230000	70.000000	64.000000	64.000000	70.000000	90.710000	105.010000	125.890000	103.900000	88.770000	81.500000	73.290000	69.000000	67.040000	67.880000	70.470000	90.220000	103.410000	158.400000	181.000000	126.390000	103.370000	95.560000	24.000000	28.600000	50.800000	49.680000	52.120000	51.400000	14.640000	9.000000	20.480000	66.000000	45.640000	54.960000	46.520000	45.600000	44.800000	40.120000	51.600000	56.800000	59.960000	65.000000	53.400000	20.400000	9.160000	9.000000	88.700000	84.100000	73.700000	69.870000	66.630000	71.460000	80.710000	95.290000	121.000000	103.450000	87.880000	78.450000	70.290000	66.000000	64.540000	65.120000	68.500000	87.720000	102.170000	168.400000	191.040000	126.640000	99.470000	93.560000	92.000000	69.340000	73.000000	67.000000	67.500000	72.100000	63.270000	84.280000	112.870000	99.000000	79.890000	71.030000	63.400000	62.000000	58.520000	58.190000	61.600000	72.180000	99.410000	163.400000	193.470000	127.390000	98.370000	95.560000	0.063000	0.000000	0.045000	0.000000	0.044000	0.000000	0.062000	0.000000	0.095000	0.000000	0.133000	0.000000	0.163000	0.004000	0.167000	0.166000	0.163000	0.386000	0.179000	0.525000	72.540000	22.703600	25.933900	29.052000	25.084100	17.666300	47.296600	71.485400	115.200000	84.240000	80.790100	73.429900	0.000000	1.642700	0.000000	0.424600	0.000000	0.716100	0.098174	0.904500	0.000000	0.200700	0.005697	0.330700	0.237875	0.064200	0.468098	0.000000	0.654054	0.000000	0.692295	0.000000	0.634866	0.000000	0.530191	0.000000	0.426892	0.000000	0.389989	0.000000	0.299565	0.000000	0.069538	0.624885	0.000000	0.000000	0.000000	0.266103	0.588067	7.227170	0.000000	511.289000	792.472000	5381.990000	14.336900	0.000000	13.981900	0.000000	0.000000	4.330670	0.416140	0.283181	0.000000	0.000000	
   97	92.000000	85.230000	70.000000	64.000000	64.000000	70.000000	90.710000	105.010000	125.890000	103.900000	88.770000	81.500000	73.290000	69.000000	67.040000	67.880000	70.470000	90.220000	103.410000	158.400000	181.000000	126.390000	103.370000	95.560000	24.000000	28.600000	50.800000	49.680000	52.120000	51.400000	14.640000	9.000000	20.480000	66.000000	45.640000	54.960000	46.520000	45.600000	44.800000	40.120000	51.600000	56.800000	59.960000	65.000000	53.400000	20.400000	9.160000	9.000000	88.700000	84.100000	73.700000	69.870000	66.630000	71.460000	80.710000	95.290000	121.000000	103.450000	87.880000	78.450000	70.290000	66.000000	64.540000	65.120000	68.500000	87.720000	102.170000	168.400000	191.040000	126.640000	99.470000	93.560000	92.000000	69.340000	73.000000	67.000000	67.500000	72.100000	63.270000	84.280000	112.870000	99.000000	79.890000	71.030000	63.400000	62.000000	58.520000	58.190000	61.600000	72.180000	99.410000	163.400000	193.470000	127.390000	98.370000	95.560000	0.063000	0.000000	0.045000	0.000000	0.044000	0.000000	0.062000	0.000000	0.095000	0.000000	0.133000	0.000000	0.163000	0.004000	0.167000	0.166000	0.163000	0.386000	0.179000	0.525000	72.540000	13.078900	15.324100	19.700300	16.777900	7.872550	35.507400	72.859300	99.306300	84.195500	65.427400	52.949500	0.020750	1.175300	0.000000	0.641500	0.000000	0.770300	0.023898	0.565900	0.000000	1.187900	0.000000	0.867000	0.178550	0.170300	0.417503	0.000000	0.602671	0.000000	0.616998	0.000000	0.644767	0.000000	0.519992	0.000000	0.394270	0.000000	0.330724	0.000000	0.299565	0.000000	0.000000	1.221590	0.000000	0.000000	0.000000	0.326549	0.518311	6.711440	0.000000	500.731000	751.544000	250.599000	35.582800	0.000000	2.065550	0.000000	0.000000	4.614780	0.421733	0.284448	0.000000	0.000000	
   98	92.000000	85.230000	70.000000	64.000000	64.000000	70.000000	90.710000	105.010000	125.890000	103.900000	88.770000	81.500000	73.290000	69.000000	67.040000	67.880000	70.470000	90.220000	103.410000	158.400000	181.000000	126.390000	103.370000	95.560000	24.000000	28.600000	50.800000	49.680000	52.120000	51.400000	14.640000	9.000000	20.480000	66.000000	45.640000	54.960000	46.520000	45.600000	44.800000	40.120000	51.600000	56.800000	59.960000	65.000000	53.400000	20.400000	9.160000	9.000000	88.700000	84.100000	73.700000	69.870000	66.630000	71.460000	80.710000	95.290000	121.000000	103.450000	87.880000	78.450000	70.290000	66.000000	64.540000	65.120000	68.500000	87.720000	102.170000	168.400000	191.040000	126.640000	99.470000	93.560000	92.000000	69.340000	73.000000	67.000000	67.500000	72.100000	63.270000	84.280000	112.870000	99.000000	79.890000	71.030000	63.400000	62.000000	58.520000	58.190000	61.600000	72.180000	99.410000	163.400000	193.470000	127.390000	98.370000	95.560000	0.063000	0.000000	0.045000	0.000000	0.044000	0.000000	0.062000	0.000000	0.095000	0.000000	0.133000	0.000000	0.163000	0.004000	0.167000	0.166000	0.163000	0.386000	0.179000	0.525000	72.540000	26.919200	28.164100	25.992000	23.201900	10.180900	38.960600	81.841000	99.725100	89.412200	70.598900	58.811100	0.000000	2.991000	0.000000	0.624100	0.010193	0.855900	0.041620	0.506900	0.058560	0.499100	0.077714	0.383500	0.316212	0.207600	0.544599	0.000000	0.753638	0.000000	0.800140	0.000000	0.723834	0.000000	0.610518	0.000000	0.502053	0.000000	0.458295	0.000000	0.299565	0.219093	0.024185	0.589722	0.000000	0.013522	0.000000	0.308368	0.522777	2.285640	0.000000	484.149000	758.596000	520.758000	78.011200	39.939200	0.000000	4.630300	24.344200	3.554320	0.356785	0.452085	0.000000	0.000000	
   99	92.000000	85.230000	70.000000	64.000000	64.000000	70.000000	90.710000	105.010000	125.890000	103.900000	88.770000	81.500000	73.290000	69.000000	67.040000	67.880000	70.470000	90.220000	103.410000	158.400000	181.000000	126.390000	103.370000	95.560000	24.000000	28.600000	50.800000	49.680000	52.120000	51.400000	14.640000	9.000000	20.480000	66.000000	45.640000	54.960000	46.520000	45.600000	44.800000	40.120000	51.600000	56.800000	59.960000	65.000000	53.400000	20.400000	9.160000	9.000000	88.700000	84.100000	73.700000	69.870000	66.630000	71.460000	80.710000	95.290000	121.000000	103.450000	87.880000	78.450000	70.290000	66.000000	64.540000	65.120000	68.500000	87.720000	102.170000	168.400000	191.040000	126.640000	99.470000	93.560000	92.000000	69.340000	73.000000	67.000000	67.500000	72.100000	63.270000	84.280000	112.870000	99.000000	79.890000	71.030000	63.400000	62.000000	58.520000	58.190000	61.600000	72.180000	99.410000	163.400000	193.470000	127.390000	98.370000	95.560000	0.063000	0.000000	0.045000	0.000000	0.044000	0.000000	0.062000	0.000000	0.095000	0.000000	0.133000	0.000000	0.163000	0.004000	0.167000	0.166000	0.163000	0.386000	0.179000	0.525000	72.540000	13.342800	18.326700	23.519400	23.772300	17.372500	46.971700	81.685500	100.517000	89.628400	70.923100	61.830100	0.000000	0.501600	0.005482	0.845400	0.014497	0.917500	0.028929	0.505200	0.026364	0.141700	0.000000	0.391600	0.291428	0.147000	0.503658	0.000000	0.683840	0.000000	0.726637	0.000000	0.637260	0.000000	0.504852	0.000000	0.374593	0.000000	0.309052	0.000000	0.299565	0.000000	0.000000	0.665377	0.000000	1.414320	0.000000	0.473692	0.779095	8.717780	22.241300	514.783000	777.814000	298.869000	35.582500	0.000000	1.530330	0.000000	0.000000	4.456270	0.470410	0.465135	0.104977	0.231269	
  100	92.000000	85.230000	70.000000	64.000000	64.000000	70.000000	90.710000	105.010000	125.890000	103.900000	88.770000	81.500000	73.290000	69.000000	67.040000	67.880000	70.470000	90.220000	103.410000	158.400000	181.000000	126.390000	103.370000	95.560000	24.000000	28.600000	50.800000	49.680000	52.120000	51.400000	14.640000	9.000000	20.480000	66.000000	45.640000	54.960000	46.520000	45.600000	44.800000	40.120000	51.600000	56.800000	59.960000	65.000000	53.400000	20.400000	9.160000	9.000000	88.700000	84.100000	73.700000	69.870000	66.630000	71.460000	80.710000	95.290000	121.000000	103.450000	87.880000	78.450000	70.290000	66.000000	64.540000	65.120000	68.500000	87.720000	102.170000	168.400000	191.040000	126.640000	99.470000	93.560000	92.000000	69.340000	73.000000	67.000000	67.500000	72.100000	63.270000	84.280000	112.870000	99.000000	79.890000	71.030000	63.400000	62.000000	58.520000	58.190000	61.600000	72.180000	99.410000	163.400000	193.470000	127.390000	98.370000	95.560000	0.063000	0.000000	0.045000	0.000000	0.044000	0.000000	0.062000	0.000000	0.095000	0.000000	0.133000	0.000000	0.163000	0.004000	0.167000	0.166000	0.163000	0.386000	0.179000	0.525000	72.540000	24.072200	33.973400	28.635000	27.261400	28.794700	60.471000	89.463900	104.601000	94.913800	76.395700	73.191800	0.000000	0.757500	0.000000	1.469500	0.000000	0.358900	0.000000	0.280200	0.000000	0.832300	0.000000	0.455200	0.301767	0.076300	0.527657	0.000000	0.735713	0.000000	0.740875	0.000000	0.649336	0.000000	0.529000	0.000000	0.400404	0.000000	0.350030	0.000000	0.299565	0.000000	0.211188	0.424779	0.000000	0.483984	0.000000	0.201880	0.273978	3.898960	15.119200	506.299000	760.399000	471.605000	92.166500	0.000000	1.266800	0.000000	0.000000	3.807040	0.246976	0.355287	0.000000	0.000000	
;
param Prob0 :=
    1	0.010
    2	0.030
    3	0.000
    4	0.010
    5	0.020
    6	0.010
    7	0.010
    8	0.000
    9	0.010
   10	0.010
   11	0.010
   12	0.000
   13	0.010
   14	0.010
   15	0.010
   16	0.010
   17	0.000
   18	0.010
   19	0.010
   20	0.010
   21	0.010
   22	0.010
   23	0.010
   24	0.010
   25	0.010
   26	0.010
   27	0.040
   28	0.010
   29	0.010
   30	0.010
   31	0.010
   32	0.010
   33	0.010
   34	0.010
   35	0.030
   36	0.010
   37	0.010
   38	0.010
   39	0.030
   40	0.010
   41	0.010
   42	0.010
   43	0.000
   44	0.010
   45	0.000
   46	0.010
   47	0.010
   48	0.010
   49	0.010
   50	0.010
   51	0.010
   52	0.000
   53	0.000
   54	0.010
   55	0.010
   56	0.020
   57	0.000
   58	0.010
   59	0.010
   60	0.000
   61	0.000
   62	0.030
   63	0.000
   64	0.010
   65	0.010
   66	0.000
   67	0.010
   68	0.010
   69	0.010
   70	0.040
   71	0.010
   72	0.010
   73	0.010
   74	0.010
   75	0.010
   76	0.010
   77	0.010
   78	0.000
   79	0.010
   80	0.000
   81	0.010
   82	0.010
   83	0.010
   84	0.010
   85	0.010
   86	0.010
   87	0.010
   88	0.000
   89	0.010
   90	0.010
   91	0.010
   92	0.010
   93	0.010
   94	0.010
   95	0.000
   96	0.010
   97	0.010
   98	0.000
   99	0.030
  100	0.010
;
set c[0,50] :=
50    8     16    24    32    40    48    57    65    73    81    89    97
1     9     17    25    33    41    49    58    66    74    82    90    98
2     10    18    26    34    42    51    59    67    75    83    91    99
3     11    19    27    35    43    52    60    68    76    84    92    100
4     12    20    28    36    44    53    61    69    77    85    93
5     13    21    29    37    45    54    62    70    78    86    94
6     14    22    30    38    46    55    63    71    79    87    95
7     15    23    31    39    47    56    64    72    80    88    96;
set c[1,50] :=
50    8     16    24    32    40    48    57    65    73    81    89    97
1     9     17    25    33    41    49    58    66    74    82    90    98
2     10    18    26    34    42    51    59    67    75    83    91    99
3     11    19    27    35    43    52    60    68    76    84    92    100
4     12    20    28    36    44    53    61    69    77    85    93
5     13    21    29    37    45    54    62    70    78    86    94
6     14    22    30    38    46    55    63    71    79    87    95
7     15    23    31    39    47    56    64    72    80    88    96;
set c[2,50] :=
50    8     16    24    32    40    48    57    65    73    81    89    97
1     9     17    25    33    41    49    58    66    74    82    90    98
2     10    18    26    34    42    51    59    67    75    83    91    99
3     11    19    27    35    43    52    60    68    76    84    92    100
4     12    20    28    36    44    53    61    69    77    85    93
5     13    21    29    37    45    54    62    70    78    86    94
6     14    22    30    38    46    55    63    71    79    87    95
7     15    23    31    39    47    56    64    72    80    88    96;
set c[3,50] :=
50    8     16    24    32    40    48    57    65    73    81    89    97
1     9     17    25    33    41    49    58    66    74    82    90    98
2     10    18    26    34    42    51    59    67    75    83    91    99
3     11    19    27    35    43    52    60    68    76    84    92    100
4     12    20    28    36    44    53    61    69    77    85    93
5     13    21    29    37    45    54    62    70    78    86    94
6     14    22    30    38    46    55    63    71    79    87    95
7     15    23    31    39    47    56    64    72    80    88    96;
set c[4,50] :=
50    8     16    24    32    40    48    57    65    73    81    89    97
1     9     17    25    33    41    49    58    66    74    82    90    98
2     10    18    26    34    42    51    59    67    75    83    91    99
3     11    19    27    35    43    52    60    68    76    84    92    100
4     12    20    28    36    44    53    61    69    77    85    93
5     13    21    29    37    45    54    62    70    78    86    94
6     14    22    30    38    46    55    63    71    79    87    95
7     15    23    31    39    47    56    64    72    80    88    96;
set c[5,50] :=
50    8     16    24    32    40    48    57    65    73    81    89    97
1     9     17    25    33    41    49    58    66    74    82    90    98
2     10    18    26    34    42    51    59    67    75    83    91    99
3     11    19    27    35    43    52    60    68    76    84    92    100
4     12    20    28    36    44    53    61    69    77    85    93
5     13    21    29    37    45    54    62    70    78    86    94
6     14    22    30    38    46    55    63    71    79    87    95
7     15    23    31    39    47    56    64    72    80    88    96;
set c[6,50] :=
50    8     16    24    32    40    48    57    65    73    81    89    97
1     9     17    25    33    41    49    58    66    74    82    90    98
2     10    18    26    34    42    51    59    67    75    83    91    99
3     11    19    27    35    43    52    60    68    76    84    92    100
4     12    20    28    36    44    53    61    69    77    85    93
5     13    21    29    37    45    54    62    70    78    86    94
6     14    22    30    38    46    55    63    71    79    87    95
7     15    23    31    39    47    56    64    72    80    88    96;
set c[7,50] :=
50    8     16    24    32    40    48    57    65    73    81    89    97
1     9     17    25    33    41    49    58    66    74    82    90    98
2     10    18    26    34    42    51    59    67    75    83    91    99
3     11    19    27    35    43    52    60    68    76    84    92    100
4     12    20    28    36    44    53    61    69    77    85    93
5     13    21    29    37    45    54    62    70    78    86    94
6     14    22    30    38    46    55    63    71    79    87    95
7     15    23    31    39    47    56    64    72    80    88    96;
set c[8,50] :=
50    8     16    24    32    40    48    57    65    73    81    89    97
1     9     17    25    33    41    49    58    66    74    82    90    98
2     10    18    26    34    42    51    59    67    75    83    91    99
3     11    19    27    35    43    52    60    68    76    84    92    100
4     12    20    28    36    44    53    61    69    77    85    93
5     13    21    29    37    45    54    62    70    78    86    94
6     14    22    30    38    46    55    63    71    79    87    95
7     15    23    31    39    47    56    64    72    80    88    96;
set c[9,50] :=
50    8     16    24    32    40    48    57    65    73    81    89    97
1     9     17    25    33    41    49    58    66    74    82    90    98
2     10    18    26    34    42    51    59    67    75    83    91    99
3     11    19    27    35    43    52    60    68    76    84    92    100
4     12    20    28    36    44    53    61    69    77    85    93
5     13    21    29    37    45    54    62    70    78    86    94
6     14    22    30    38    46    55    63    71    79    87    95
7     15    23    31    39    47    56    64    72    80    88    96;
set c[10,50] :=
50    8     16    24    32    40    48    57    65    73    81    89    97
1     9     17    25    33    41    49    58    66    74    82    90    98
2     10    18    26    34    42    51    59    67    75    83    91    99
3     11    19    27    35    43    52    60    68    76    84    92    100
4     12    20    28    36    44    53    61    69    77    85    93
5     13    21    29    37    45    54    62    70    78    86    94
6     14    22    30    38    46    55    63    71    79    87    95
7     15    23    31    39    47    56    64    72    80    88    96;
set c[11,50] :=
50    8     16    24    32    40    48    57    65    73    81    89    97
1     9     17    25    33    41    49    58    66    74    82    90    98
2     10    18    26    34    42    51    59    67    75    83    91    99
3     11    19    27    35    43    52    60    68    76    84    92    100
4     12    20    28    36    44    53    61    69    77    85    93
5     13    21    29    37    45    54    62    70    78    86    94
6     14    22    30    38    46    55    63    71    79    87    95
7     15    23    31    39    47    56    64    72    80    88    96;
set c[12,50] :=
50    8     16    24    32    40    48    57    65    73    81    89    97
1     9     17    25    33    41    49    58    66    74    82    90    98
2     10    18    26    34    42    51    59    67    75    83    91    99
3     11    19    27    35    43    52    60    68    76    84    92    100
4     12    20    28    36    44    53    61    69    77    85    93
5     13    21    29    37    45    54    62    70    78    86    94
6     14    22    30    38    46    55    63    71    79    87    95
7     15    23    31    39    47    56    64    72    80    88    96;
set c[13,50] :=
50    8     16    24    32    40    48    57    65    73    81    89    97
1     9     17    25    33    41    49    58    66    74    82    90    98
2     10    18    26    34    42    51    59    67    75    83    91    99
3     11    19    27    35    43    52    60    68    76    84    92    100
4     12    20    28    36    44    53    61    69    77    85    93
5     13    21    29    37    45    54    62    70    78    86    94
6     14    22    30    38    46    55    63    71    79    87    95
7     15    23    31    39    47    56    64    72    80    88    96;
set c[14,50] :=
50    8     16    24    32    40    48    57    65    73    81    89    97
1     9     17    25    33    41    49    58    66    74    82    90    98
2     10    18    26    34    42    51    59    67    75    83    91    99
3     11    19    27    35    43    52    60    68    76    84    92    100
4     12    20    28    36    44    53    61    69    77    85    93
5     13    21    29    37    45    54    62    70    78    86    94
6     14    22    30    38    46    55    63    71    79    87    95
7     15    23    31    39    47    56    64    72    80    88    96;
set c[15,1] := 1;
set c[15,54] := 54;
set c[15,3] := 3 80 99;
set c[15,5] := 5 98;
set c[15,57] := 57 39 52;
set c[15,96] := 96 14 92;
set c[15,85] := 85;
set c[15,94] := 94;
set c[15,63] := 63 12 43 70;
set c[15,66] := 66 2 53;
set c[15,17] := 17 27 60 88;
set c[15,74] := 74 38;
set c[15,48] := 48 4 9 16 37 41 83;
set c[15,95] := 95 35 45;
set c[15,58] := 58;
set c[15,56] := 56 55 78;
set c[15,22] := 22 79 86;
set c[15,6] := 6 13 18 82 100;
set c[15,20] := 20;
set c[15,33] := 33 8 15 19 24 26 32 34 42 44 61 62 65 69 75 97;
set c[15,51] := 51 11 21 28 29 31 49 67 89 90;
set c[15,64] := 64 50 36 46 59 68;
set c[15,71] := 71 25 73 91 93;
set c[15,40] := 40 23 76;
set c[15,84] := 84 77 87;
set c[15,30] := 30 7 10 47 72 81;
set c[16,1] := 1;
set c[16,54] := 54;
set c[16,3] := 3 80 99;
set c[16,5] := 5 98;
set c[16,39] := 39 57 52;
set c[16,92] := 92 96 14;
set c[16,85] := 85;
set c[16,94] := 94;
set c[16,12] := 12 63 43 70;
set c[16,53] := 53 66 2;
set c[16,88] := 88 17 27 60;
set c[16,74] := 74 38;
set c[16,48] := 48 4 9 16 37 41 83;
set c[16,45] := 45 95 35;
set c[16,58] := 58;
set c[16,56] := 56 55 78;
set c[16,79] := 79 22 86;
set c[16,13] := 13 6 18 82 100;
set c[16,20] := 20;
set c[16,97] := 97 33 8 15 19 24 26 32 34 42 44 61 62 65 69 75;
set c[16,28] := 28 51 11 21 29 31 49 67 89 90;
set c[16,50] := 50 64 36 46 59 68;
set c[16,25] := 25 71 73 91 93;
set c[16,76] := 76 40 23;
set c[16,84] := 84 77 87;
set c[16,30] := 30;
set c[16,72] := 72;
set c[16,47] := 47;
set c[16,81] := 81 10;
set c[16,7] := 7;
set c[17,1] := 1;
set c[17,54] := 54;
set c[17,99] := 99 3 80;
set c[17,5] := 5 98;
set c[17,39] := 39 57 52;
set c[17,92] := 92 96 14;
set c[17,85] := 85;
set c[17,94] := 94;
set c[17,12] := 12 63 43 70;
set c[17,53] := 53 66 2;
set c[17,60] := 60 88 17 27;
set c[17,74] := 74 38;
set c[17,4] := 4 48 9 16 37 41 83;
set c[17,95] := 95 45 35;
set c[17,58] := 58;
set c[17,56] := 56 55 78;
set c[17,86] := 86 79 22;
set c[17,13] := 13 6 18 82 100;
set c[17,20] := 20;
set c[17,97] := 97 33 8 15 19 24 26 32 34 42 44 61 62 65 69 75;
set c[17,89] := 89 28 51 11 21 29 31 49 67 90;
set c[17,59] := 59 50 64 36 46 68;
set c[17,93] := 93 25 71 73 91;
set c[17,76] := 76 40 23;
set c[17,84] := 84 77 87;
set c[17,30] := 30;
set c[17,72] := 72;
set c[17,47] := 47;
set c[17,81] := 81 10;
set c[17,7] := 7;
set c[18,1] := 1;
set c[18,54] := 54;
set c[18,3] := 3 99 80;
set c[18,5] := 5 98;
set c[18,57] := 57 39 52;
set c[18,96] := 96 92 14;
set c[18,85] := 85;
set c[18,94] := 94;
set c[18,43] := 43 12 63 70;
set c[18,53] := 53 66 2;
set c[18,17] := 17 60 88 27;
set c[18,74] := 74;
set c[18,38] := 38;
set c[18,16] := 16 4 48 9 37 41 83;
set c[18,35] := 35 95 45;
set c[18,58] := 58;
set c[18,78] := 78 56 55;
set c[18,86] := 86 79 22;
set c[18,18] := 18 13 6 82 100;
set c[18,20] := 20;
set c[18,97] := 97 15 19 42;
set c[18,62] := 62 33 8 24 26 32 34 44 61 65 69 75;
set c[18,31] := 31;
set c[18,49] := 49;
set c[18,89] := 89;
set c[18,67] := 67;
set c[18,21] := 21;
set c[18,29] := 29;
set c[18,11] := 11;
set c[18,90] := 90 51;
set c[18,28] := 28;
set c[18,36] := 36;
set c[18,50] := 50;
set c[18,68] := 68;
set c[18,64] := 64 46;
set c[18,59] := 59;
set c[18,73] := 73;
set c[18,71] := 71;
set c[18,25] := 25;
set c[18,93] := 93;
set c[18,91] := 91;
set c[18,76] := 76;
set c[18,40] := 40;
set c[18,23] := 23;
set c[18,87] := 87 77;
set c[18,84] := 84;
set c[18,30] := 30;
set c[18,72] := 72;
set c[18,47] := 47;
set c[18,81] := 81;
set c[18,10] := 10;
set c[18,7] := 7;
set c[19,1] := 1;
set c[19,54] := 54;
set c[19,3] := 3 99 80;
set c[19,5] := 5 98;
set c[19,52] := 52 57 39;
set c[19,14] := 14 96 92;
set c[19,85] := 85;
set c[19,94] := 94;
set c[19,70] := 70 43 12 63;
set c[19,66] := 66 53 2;
set c[19,88] := 88 17 60 27;
set c[19,74] := 74;
set c[19,38] := 38;
set c[19,37] := 37 16 4 48 9 41 83;
set c[19,35] := 35 95 45;
set c[19,58] := 58;
set c[19,78] := 78 56 55;
set c[19,86] := 86 79 22;
set c[19,18] := 18 13 6 82 100;
set c[19,20] := 20;
set c[19,97] := 97 15 19 42;
set c[19,24] := 24 62 33 8 26 32 34 44 61 65 69 75;
set c[19,31] := 31;
set c[19,49] := 49;
set c[19,89] := 89;
set c[19,67] := 67;
set c[19,21] := 21;
set c[19,29] := 29;
set c[19,11] := 11;
set c[19,90] := 90 51;
set c[19,28] := 28;
set c[19,36] := 36;
set c[19,50] := 50;
set c[19,68] := 68;
set c[19,64] := 64 46;
set c[19,59] := 59;
set c[19,73] := 73;
set c[19,71] := 71;
set c[19,25] := 25;
set c[19,93] := 93;
set c[19,91] := 91;
set c[19,76] := 76;
set c[19,40] := 40;
set c[19,23] := 23;
set c[19,87] := 87 77;
set c[19,84] := 84;
set c[19,30] := 30;
set c[19,72] := 72;
set c[19,47] := 47;
set c[19,81] := 81;
set c[19,10] := 10;
set c[19,7] := 7;
set c[20,1] := 1;
set c[20,54] := 54;
set c[20,99] := 99 3 80;
set c[20,5] := 5 98;
set c[20,39] := 39 52 57;
set c[20,96] := 96 14 92;
set c[20,85] := 85;
set c[20,94] := 94;
set c[20,12] := 12 70 43 63;
set c[20,66] := 66 53 2;
set c[20,88] := 88 17 60 27;
set c[20,74] := 74;
set c[20,38] := 38;
set c[20,4] := 4 37 16 48 9 41 83;
set c[20,95] := 95 35 45;
set c[20,58] := 58;
set c[20,55] := 55 78 56;
set c[20,22] := 22 86 79;
set c[20,100] := 100 18 13 6 82;
set c[20,20] := 20;
set c[20,42] := 42 97 15 19;
set c[20,65] := 65 24 62 33 8 26 32 34 44 61 69 75;
set c[20,31] := 31;
set c[20,49] := 49;
set c[20,89] := 89;
set c[20,67] := 67;
set c[20,21] := 21;
set c[20,29] := 29;
set c[20,11] := 11;
set c[20,90] := 90 51;
set c[20,28] := 28;
set c[20,36] := 36;
set c[20,50] := 50;
set c[20,68] := 68;
set c[20,64] := 64 46;
set c[20,59] := 59;
set c[20,73] := 73;
set c[20,71] := 71;
set c[20,25] := 25;
set c[20,93] := 93;
set c[20,91] := 91;
set c[20,76] := 76;
set c[20,40] := 40;
set c[20,23] := 23;
set c[20,87] := 87 77;
set c[20,84] := 84;
set c[20,30] := 30;
set c[20,72] := 72;
set c[20,47] := 47;
set c[20,81] := 81;
set c[20,10] := 10;
set c[20,7] := 7;
set c[21,1] := 1;
set c[21,54] := 54;
set c[21,80] := 80 99 3;
set c[21,5] := 5 98;
set c[21,57] := 57 39 52;
set c[21,96] := 96 14 92;
set c[21,85] := 85;
set c[21,94] := 94;
set c[21,12] := 12 70 43 63;
set c[21,2] := 2 66 53;
set c[21,88] := 88 17 60 27;
set c[21,74] := 74;
set c[21,38] := 38;
set c[21,16] := 16 4 37 48 9 41 83;
set c[21,35] := 35 95 45;
set c[21,58] := 58;
set c[21,55] := 55 78 56;
set c[21,86] := 86 22 79;
set c[21,13] := 13 100 18 6 82;
set c[21,20] := 20;
set c[21,42] := 42 97 15 19;
set c[21,8] := 8 65 24 62 33 26 32 34 44 61 69 75;
set c[21,31] := 31;
set c[21,49] := 49;
set c[21,89] := 89;
set c[21,67] := 67;
set c[21,21] := 21;
set c[21,29] := 29;
set c[21,11] := 11;
set c[21,90] := 90 51;
set c[21,28] := 28;
set c[21,36] := 36;
set c[21,50] := 50;
set c[21,68] := 68;
set c[21,64] := 64 46;
set c[21,59] := 59;
set c[21,73] := 73;
set c[21,71] := 71;
set c[21,25] := 25;
set c[21,93] := 93;
set c[21,91] := 91;
set c[21,76] := 76;
set c[21,40] := 40;
set c[21,23] := 23;
set c[21,87] := 87 77;
set c[21,84] := 84;
set c[21,30] := 30;
set c[21,72] := 72;
set c[21,47] := 47;
set c[21,81] := 81;
set c[21,10] := 10;
set c[21,7] := 7;
set c[22,1] := 1;
set c[22,54] := 54;
set c[22,99] := 99 80 3;
set c[22,5] := 5 98;
set c[22,57] := 57 39 52;
set c[22,96] := 96 14 92;
set c[22,85] := 85;
set c[22,94] := 94;
set c[22,63] := 63 12 70 43;
set c[22,66] := 66 2 53;
set c[22,60] := 60 88 17 27;
set c[22,74] := 74;
set c[22,38] := 38;
set c[22,37] := 37 16 4 48 9 41 83;
set c[22,45] := 45 35 95;
set c[22,58] := 58;
set c[22,56] := 56 55 78;
set c[22,79] := 79 86 22;
set c[22,100] := 100 13 18 6 82;
set c[22,20] := 20;
set c[22,42] := 42 97 15 19;
set c[22,61] := 61 8 65 24 62 33 26 32 34 44 69 75;
set c[22,31] := 31;
set c[22,49] := 49;
set c[22,89] := 89;
set c[22,67] := 67;
set c[22,21] := 21;
set c[22,29] := 29;
set c[22,11] := 11;
set c[22,90] := 90 51;
set c[22,28] := 28;
set c[22,36] := 36;
set c[22,50] := 50;
set c[22,68] := 68;
set c[22,64] := 64 46;
set c[22,59] := 59;
set c[22,73] := 73;
set c[22,71] := 71;
set c[22,25] := 25;
set c[22,93] := 93;
set c[22,91] := 91;
set c[22,76] := 76;
set c[22,40] := 40;
set c[22,23] := 23;
set c[22,87] := 87 77;
set c[22,84] := 84;
set c[22,30] := 30;
set c[22,72] := 72;
set c[22,47] := 47;
set c[22,81] := 81;
set c[22,10] := 10;
set c[22,7] := 7;
set c[23,1] := 1;
set c[23,54] := 54;
set c[23,3] := 3 99 80;
set c[23,5] := 5 98;
set c[23,57] := 57 39 52;
set c[23,96] := 96 14 92;
set c[23,85] := 85;
set c[23,94] := 94;
set c[23,43] := 43 63 12 70;
set c[23,2] := 2 66 53;
set c[23,88] := 88 60 17 27;
set c[23,74] := 74;
set c[23,38] := 38;
set c[23,41] := 41 37 16 4 48 9 83;
set c[23,45] := 45 35 95;
set c[23,58] := 58;
set c[23,56] := 56 55 78;
set c[23,79] := 79 86 22;
set c[23,82] := 82 100 13 18 6;
set c[23,20] := 20;
set c[23,19] := 19 42 97 15;
set c[23,34] := 34 61 8 65 24 62 33 26 32 44 69 75;
set c[23,31] := 31;
set c[23,49] := 49;
set c[23,89] := 89;
set c[23,67] := 67;
set c[23,21] := 21;
set c[23,29] := 29;
set c[23,11] := 11;
set c[23,90] := 90 51;
set c[23,28] := 28;
set c[23,36] := 36;
set c[23,50] := 50;
set c[23,68] := 68;
set c[23,64] := 64 46;
set c[23,59] := 59;
set c[23,73] := 73;
set c[23,71] := 71;
set c[23,25] := 25;
set c[23,93] := 93;
set c[23,91] := 91;
set c[23,76] := 76;
set c[23,40] := 40;
set c[23,23] := 23;
set c[23,87] := 87 77;
set c[23,84] := 84;
set c[23,30] := 30;
set c[23,72] := 72;
set c[23,47] := 47;
set c[23,81] := 81;
set c[23,10] := 10;
set c[23,7] := 7;
set c[24,1] := 1;
set c[24,54] := 54;
set c[24,3] := 3 99 80;
set c[24,5] := 5 98;
set c[24,57] := 57 39 52;
set c[24,96] := 96 14 92;
set c[24,85] := 85;
set c[24,94] := 94;
set c[24,43] := 43 63 12 70;
set c[24,2] := 2 66 53;
set c[24,60] := 60 88 17 27;
set c[24,74] := 74;
set c[24,38] := 38;
set c[24,9] := 9 41 37 16 4 48 83;
set c[24,45] := 45 35 95;
set c[24,58] := 58;
set c[24,56] := 56 55 78;
set c[24,79] := 79 86 22;
set c[24,82] := 82 100 13 18 6;
set c[24,20] := 20;
set c[24,19] := 19 42 97 15;
set c[24,24] := 24 34 61 8 65 62 33 26 32 44 69 75;
set c[24,31] := 31;
set c[24,49] := 49;
set c[24,89] := 89;
set c[24,67] := 67;
set c[24,21] := 21;
set c[24,29] := 29;
set c[24,11] := 11;
set c[24,90] := 90 51;
set c[24,28] := 28;
set c[24,36] := 36;
set c[24,50] := 50;
set c[24,68] := 68;
set c[24,64] := 64 46;
set c[24,59] := 59;
set c[24,73] := 73;
set c[24,71] := 71;
set c[24,25] := 25;
set c[24,93] := 93;
set c[24,91] := 91;
set c[24,76] := 76;
set c[24,40] := 40;
set c[24,23] := 23;
set c[24,87] := 87 77;
set c[24,84] := 84;
set c[24,30] := 30;
set c[24,72] := 72;
set c[24,47] := 47;
set c[24,81] := 81;
set c[24,10] := 10;
set c[24,7] := 7;
set c[25,1] := 1;
set c[25,54] := 54;
set c[25,3] := 3 99 80;
set c[25,5] := 5 98;
set c[25,57] := 57 39 52;
set c[25,96] := 96 14 92;
set c[25,85] := 85;
set c[25,94] := 94;
set c[25,70] := 70 43 63 12;
set c[25,53] := 53 2 66;
set c[25,88] := 88 60 17 27;
set c[25,74] := 74;
set c[25,38] := 38;
set c[25,37] := 37 9 41 16 4 48 83;
set c[25,45] := 45 35 95;
set c[25,58] := 58;
set c[25,56] := 56 55 78;
set c[25,79] := 79 86 22;
set c[25,18] := 18 82 100 13 6;
set c[25,20] := 20;
set c[25,19] := 19 42 97 15;
set c[25,32] := 32;
set c[25,24] := 24;
set c[25,44] := 44;
set c[25,26] := 26;
set c[25,61] := 61 8 62;
set c[25,34] := 34;
set c[25,69] := 69 33;
set c[25,75] := 75 65;
set c[25,31] := 31;
set c[25,49] := 49;
set c[25,89] := 89;
set c[25,67] := 67;
set c[25,21] := 21;
set c[25,29] := 29;
set c[25,11] := 11;
set c[25,90] := 90 51;
set c[25,28] := 28;
set c[25,36] := 36;
set c[25,50] := 50;
set c[25,68] := 68;
set c[25,64] := 64 46;
set c[25,59] := 59;
set c[25,73] := 73;
set c[25,71] := 71;
set c[25,25] := 25;
set c[25,93] := 93;
set c[25,91] := 91;
set c[25,76] := 76;
set c[25,40] := 40;
set c[25,23] := 23;
set c[25,87] := 87 77;
set c[25,84] := 84;
set c[25,30] := 30;
set c[25,72] := 72;
set c[25,47] := 47;
set c[25,81] := 81;
set c[25,10] := 10;
set c[25,7] := 7;
set c[26,1] := 1;
set c[26,54] := 54;
set c[26,99] := 99 3 80;
set c[26,5] := 5 98;
set c[26,57] := 57 39 52;
set c[26,96] := 96 14 92;
set c[26,85] := 85;
set c[26,94] := 94;
set c[26,63] := 63 70 43 12;
set c[26,53] := 53 2 66;
set c[26,88] := 88 60 17 27;
set c[26,74] := 74;
set c[26,38] := 38;
set c[26,4] := 4 37 9 41 16 48 83;
set c[26,45] := 45 35 95;
set c[26,58] := 58;
set c[26,56] := 56 78;
set c[26,55] := 55;
set c[26,79] := 79 22;
set c[26,86] := 86;
set c[26,18] := 18;
set c[26,100] := 100;
set c[26,82] := 82;
set c[26,13] := 13;
set c[26,6] := 6;
set c[26,20] := 20;
set c[26,19] := 19;
set c[26,42] := 42;
set c[26,97] := 97;
set c[26,15] := 15;
set c[26,32] := 32;
set c[26,24] := 24;
set c[26,44] := 44;
set c[26,26] := 26;
set c[26,61] := 61 8 62;
set c[26,34] := 34;
set c[26,69] := 69;
set c[26,33] := 33;
set c[26,75] := 75;
set c[26,65] := 65;
set c[26,31] := 31;
set c[26,49] := 49;
set c[26,89] := 89;
set c[26,67] := 67;
set c[26,21] := 21;
set c[26,29] := 29;
set c[26,11] := 11;
set c[26,90] := 90;
set c[26,51] := 51;
set c[26,28] := 28;
set c[26,36] := 36;
set c[26,50] := 50;
set c[26,68] := 68;
set c[26,64] := 64 46;
set c[26,59] := 59;
set c[26,73] := 73;
set c[26,71] := 71;
set c[26,25] := 25;
set c[26,93] := 93;
set c[26,91] := 91;
set c[26,76] := 76;
set c[26,40] := 40;
set c[26,23] := 23;
set c[26,87] := 87;
set c[26,77] := 77;
set c[26,84] := 84;
set c[26,30] := 30;
set c[26,72] := 72;
set c[26,47] := 47;
set c[26,81] := 81;
set c[26,10] := 10;
set c[26,7] := 7;
set c[27,1] := 1;
set c[27,54] := 54;
set c[27,3] := 3 99 80;
set c[27,5] := 5 98;
set c[27,57] := 57 39 52;
set c[27,96] := 96 14 92;
set c[27,85] := 85;
set c[27,94] := 94;
set c[27,63] := 63 70 43 12;
set c[27,2] := 2 53 66;
set c[27,88] := 88 60 17 27;
set c[27,74] := 74;
set c[27,38] := 38;
set c[27,41] := 41;
set c[27,4] := 4;
set c[27,9] := 9;
set c[27,16] := 16;
set c[27,37] := 37 83;
set c[27,48] := 48;
set c[27,45] := 45 35 95;
set c[27,58] := 58;
set c[27,56] := 56 78;
set c[27,55] := 55;
set c[27,79] := 79;
set c[27,22] := 22;
set c[27,86] := 86;
set c[27,18] := 18;
set c[27,100] := 100;
set c[27,82] := 82;
set c[27,13] := 13;
set c[27,6] := 6;
set c[27,20] := 20;
set c[27,19] := 19;
set c[27,42] := 42;
set c[27,97] := 97;
set c[27,15] := 15;
set c[27,32] := 32;
set c[27,24] := 24;
set c[27,44] := 44;
set c[27,26] := 26;
set c[27,61] := 61 8 62;
set c[27,34] := 34;
set c[27,69] := 69;
set c[27,33] := 33;
set c[27,75] := 75;
set c[27,65] := 65;
set c[27,31] := 31;
set c[27,49] := 49;
set c[27,89] := 89;
set c[27,67] := 67;
set c[27,21] := 21;
set c[27,29] := 29;
set c[27,11] := 11;
set c[27,90] := 90;
set c[27,51] := 51;
set c[27,28] := 28;
set c[27,36] := 36;
set c[27,50] := 50;
set c[27,68] := 68;
set c[27,64] := 64;
set c[27,46] := 46;
set c[27,59] := 59;
set c[27,73] := 73;
set c[27,71] := 71;
set c[27,25] := 25;
set c[27,93] := 93;
set c[27,91] := 91;
set c[27,76] := 76;
set c[27,40] := 40;
set c[27,23] := 23;
set c[27,87] := 87;
set c[27,77] := 77;
set c[27,84] := 84;
set c[27,30] := 30;
set c[27,72] := 72;
set c[27,47] := 47;
set c[27,81] := 81;
set c[27,10] := 10;
set c[27,7] := 7;
set c[28,1] := 1;
set c[28,54] := 54;
set c[28,99] := 99 3 80;
set c[28,5] := 5 98;
set c[28,57] := 57 39 52;
set c[28,92] := 92 96 14;
set c[28,85] := 85;
set c[28,94] := 94;
set c[28,43] := 43 63 70 12;
set c[28,53] := 53 2 66;
set c[28,27] := 27 88 60 17;
set c[28,74] := 74;
set c[28,38] := 38;
set c[28,41] := 41;
set c[28,4] := 4;
set c[28,9] := 9;
set c[28,16] := 16;
set c[28,37] := 37;
set c[28,83] := 83;
set c[28,48] := 48;
set c[28,95] := 95 45 35;
set c[28,58] := 58;
set c[28,56] := 56 78;
set c[28,55] := 55;
set c[28,79] := 79;
set c[28,22] := 22;
set c[28,86] := 86;
set c[28,18] := 18;
set c[28,100] := 100;
set c[28,82] := 82;
set c[28,13] := 13;
set c[28,6] := 6;
set c[28,20] := 20;
set c[28,19] := 19;
set c[28,42] := 42;
set c[28,97] := 97;
set c[28,15] := 15;
set c[28,32] := 32;
set c[28,24] := 24;
set c[28,44] := 44;
set c[28,26] := 26;
set c[28,61] := 61 8 62;
set c[28,34] := 34;
set c[28,69] := 69;
set c[28,33] := 33;
set c[28,75] := 75;
set c[28,65] := 65;
set c[28,31] := 31;
set c[28,49] := 49;
set c[28,89] := 89;
set c[28,67] := 67;
set c[28,21] := 21;
set c[28,29] := 29;
set c[28,11] := 11;
set c[28,90] := 90;
set c[28,51] := 51;
set c[28,28] := 28;
set c[28,36] := 36;
set c[28,50] := 50;
set c[28,68] := 68;
set c[28,64] := 64;
set c[28,46] := 46;
set c[28,59] := 59;
set c[28,73] := 73;
set c[28,71] := 71;
set c[28,25] := 25;
set c[28,93] := 93;
set c[28,91] := 91;
set c[28,76] := 76;
set c[28,40] := 40;
set c[28,23] := 23;
set c[28,87] := 87;
set c[28,77] := 77;
set c[28,84] := 84;
set c[28,30] := 30;
set c[28,72] := 72;
set c[28,47] := 47;
set c[28,81] := 81;
set c[28,10] := 10;
set c[28,7] := 7;
set c[29,1] := 1;
set c[29,54] := 54;
set c[29,80] := 80 99 3;
set c[29,5] := 5 98;
set c[29,57] := 57 39 52;
set c[29,92] := 92 96 14;
set c[29,85] := 85;
set c[29,94] := 94;
set c[29,63] := 63 43 70 12;
set c[29,2] := 2 53 66;
set c[29,27] := 27 88 60 17;
set c[29,74] := 74;
set c[29,38] := 38;
set c[29,41] := 41;
set c[29,4] := 4;
set c[29,9] := 9;
set c[29,16] := 16;
set c[29,37] := 37;
set c[29,83] := 83;
set c[29,48] := 48;
set c[29,95] := 95 45 35;
set c[29,58] := 58;
set c[29,56] := 56 78;
set c[29,55] := 55;
set c[29,79] := 79;
set c[29,22] := 22;
set c[29,86] := 86;
set c[29,18] := 18;
set c[29,100] := 100;
set c[29,82] := 82;
set c[29,13] := 13;
set c[29,6] := 6;
set c[29,20] := 20;
set c[29,19] := 19;
set c[29,42] := 42;
set c[29,97] := 97;
set c[29,15] := 15;
set c[29,32] := 32;
set c[29,24] := 24;
set c[29,44] := 44;
set c[29,26] := 26;
set c[29,61] := 61 8 62;
set c[29,34] := 34;
set c[29,69] := 69;
set c[29,33] := 33;
set c[29,75] := 75;
set c[29,65] := 65;
set c[29,31] := 31;
set c[29,49] := 49;
set c[29,89] := 89;
set c[29,67] := 67;
set c[29,21] := 21;
set c[29,29] := 29;
set c[29,11] := 11;
set c[29,90] := 90;
set c[29,51] := 51;
set c[29,28] := 28;
set c[29,36] := 36;
set c[29,50] := 50;
set c[29,68] := 68;
set c[29,64] := 64;
set c[29,46] := 46;
set c[29,59] := 59;
set c[29,73] := 73;
set c[29,71] := 71;
set c[29,25] := 25;
set c[29,93] := 93;
set c[29,91] := 91;
set c[29,76] := 76;
set c[29,40] := 40;
set c[29,23] := 23;
set c[29,87] := 87;
set c[29,77] := 77;
set c[29,84] := 84;
set c[29,30] := 30;
set c[29,72] := 72;
set c[29,47] := 47;
set c[29,81] := 81;
set c[29,10] := 10;
set c[29,7] := 7;
set c[30,1] := 1;
set c[30,54] := 54;
set c[30,99] := 99 80 3;
set c[30,5] := 5 98;
set c[30,39] := 39 57 52;
set c[30,14] := 14;
set c[30,92] := 92;
set c[30,96] := 96;
set c[30,85] := 85;
set c[30,94] := 94;
set c[30,70] := 70 63 43 12;
set c[30,2] := 2 53 66;
set c[30,27] := 27 88 60 17;
set c[30,74] := 74;
set c[30,38] := 38;
set c[30,41] := 41;
set c[30,4] := 4;
set c[30,9] := 9;
set c[30,16] := 16;
set c[30,37] := 37;
set c[30,83] := 83;
set c[30,48] := 48;
set c[30,35] := 35 95 45;
set c[30,58] := 58;
set c[30,56] := 56 78;
set c[30,55] := 55;
set c[30,79] := 79;
set c[30,22] := 22;
set c[30,86] := 86;
set c[30,18] := 18;
set c[30,100] := 100;
set c[30,82] := 82;
set c[30,13] := 13;
set c[30,6] := 6;
set c[30,20] := 20;
set c[30,19] := 19;
set c[30,42] := 42;
set c[30,97] := 97;
set c[30,15] := 15;
set c[30,32] := 32;
set c[30,24] := 24;
set c[30,44] := 44;
set c[30,26] := 26;
set c[30,62] := 62 61 8;
set c[30,34] := 34;
set c[30,69] := 69;
set c[30,33] := 33;
set c[30,75] := 75;
set c[30,65] := 65;
set c[30,31] := 31;
set c[30,49] := 49;
set c[30,89] := 89;
set c[30,67] := 67;
set c[30,21] := 21;
set c[30,29] := 29;
set c[30,11] := 11;
set c[30,90] := 90;
set c[30,51] := 51;
set c[30,28] := 28;
set c[30,36] := 36;
set c[30,50] := 50;
set c[30,68] := 68;
set c[30,64] := 64;
set c[30,46] := 46;
set c[30,59] := 59;
set c[30,73] := 73;
set c[30,71] := 71;
set c[30,25] := 25;
set c[30,93] := 93;
set c[30,91] := 91;
set c[30,76] := 76;
set c[30,40] := 40;
set c[30,23] := 23;
set c[30,87] := 87;
set c[30,77] := 77;
set c[30,84] := 84;
set c[30,30] := 30;
set c[30,72] := 72;
set c[30,47] := 47;
set c[30,81] := 81;
set c[30,10] := 10;
set c[30,7] := 7;

