#erel:= 0.800;
#emax:= 420.976;
#q:= 0.000;
#nesce:=    71;
#etime:= 1.445;
#snodes:=  1079;
param nS:=   100;
param nSG:=    30;
param nRVSG :=
 1 24    4 24    7  2   10  2   13  2   16  2   19  2   22  2   25  2   28  2
 2 24    5  2    8  2   11  2   14  2   17  2   20  2   23  2   26  2   29  2
 3 24    6  2    9  2   12  2   15 12   18  2   21  2   24  2   27  2   30 24
;

param ScenF :=
  1  67.8602       46   0            91 123.355       136   0.4579
  2  81.6754       47  18.6753       92 108.877       137   0
  3  71.0889       48  12.8705       93  90.8743      138   0.3209
  4  70.1095       49  85.2093       94  96.2572      139   0
  5  83.1436       50  86.6378       95  92.7313      140   0.1585
  6  83.4374       51  72.2553       96  75.2921      141   0
  7  96.1139       52  55.126        97   0.24002     142   0.0238
  8 119.975        53  60.9295       98   0           143   0
  9 123.733        54  62.8431       99   0.255456    144   0
 10  97.5532       55  78.0343      100   0           145   0
 11  67.2364       56  90.9799      101   0.283108    146   0
 12  56.8961       57  92.8243      102   0           147   0.0711227
 13  57.6607       58  91.7766      103   0.315415    148   0
 14  73.1872       59  67.6957      104   0           149   0.104831
 15  89.9774       60  62.4069      105   0.331086    150   0
 16  98.1996       61  67.978       106   0           151   0.0882699
 17 104.893        62  92.7748      107   0.346735    152   0
 18 118.667        63 109.006       108   0           153   0.0257135
 19 133.889        64 121.955       109   0.332558    154   0
 20 141.482        65 137.552       110   0           155   0
 21 145.119        66 141.313       111   0.274673    156   0
 22 141.988        67 137.435       112   0.0649      157   0.493916
 23 116.34         68 108.48        113   0.201802    158   0.847357
 24 109.654        69  94.0333      114   0.298       159   0.623675
 25   5.07605      70 111.815       115   0.11686     160   1.35522
 26   0            71 102.912       116   0.4902      161   2.77214
 27   0            72  83.2822      117  89.7904      162   0.564921
 28   1.29891      73  74.3595      118  92.8422      163   0.605835
 29  13.0867       74  93.063       119  92.1515      164   0
 30  14.9051       75  79.2949      120 112.141       165   0
 31  48.8304       76  61.3885      121 106.747       166   0
 32  66.4815       77  61.0597      122 127.588       167  15.4011
 33   3.69123      78  67.9569      123 136.327       168  33.3565
 34  10.7326       79  95.7693      124 161.69        169  45.521
 35  30.671        80 103.751       125 147.681       170   0
 36  23.8756       81 119.025       126 118.701       171   0
 37  17.604        82  84.4476      127 108.612       172   0
 38  16.3382       83  71.9354      128 101.111       173   7.21578
 39   9.11903      84  74.2936      129   0.0263429   174   2.91564
 40  36.1807       85  63.3376      130   0.6077      175   0
 41  57.4731       86  73.1418      131   0           176   1.5578
 42  85.5258       87  82.556       132   0.642       177   0.237453
 43   3.56403      88  92.3221      133   0           178   0.352316
 44  89.7955       89 111.153       134   0.5914      179   0.436171
 45   0            90 126.038       135   0           180   0.448125
;

param ScenO :=
  1 109           46  43.96        91 110.99       136   0.631
  2 101.71        47  55.76        92 116.86       137   0.071
  3  99.39        48  55.48        93 110.19       138   0.517
  4  85.38        49  95.18        94 102.31       139   0.077
  5  80.66        50  94.47        95  99.9        140   0.338
  6  80.2         51  94.58        96  96.14       141   0.119
  7  84.1         52  85.38        97   0.338      142   0.076
  8 105.72        53  76.99        98   0          143   0.208
  9 109           54  78.48        99   0.33       144   0
 10  79.9         55  95.77       100   0          145   0.309
 11  50.24        56 109.22       101   0.311      146   0
 12  45.2         57 109.33       102   0          147   0.416
 13  33.49        58  84.9        103   0.289      148   0
 14  15.2         59  55.14       104   0          149   0.507
 15   7           60  40.2        105   0.264      150   0
 16   5           61  34.49       106   0          151   0.544
 17  65.63        62  15.2        107   0.236      152   0
 18 106.7         63   2.02       108   0          153   0.522
 19 115.89        64   3          109   0.231      154   0
 20 116.86        65  77.44       110   0          155   0.475
 21 109.69        66 104.71       111   0.23       156   0
 22  96.73        67 116.49       112   0.073      157   0.057064
 23  88.92        68 118.28       113   0.199      158   0.297513
 24  78.2         69 111.69       114   0.291      159   0.404769
 25  20           70 106.73       115   0.144      160   0.240689
 26  20.28        71 103.2        116   0.454      161   0.146541
 27  16.72        72  93.14       117  52.67       162   0.081172
 28  26.52        73  82.84       118  42.48       163   0.534958
 29  27.36        74  82.84       119  33.05       164   0.543038
 30  28.2         75  85          120  30.75       165   0.373578
 31  79.8         76  82.38       121  85.73       166   0.202753
 32  64           77  76          122 113.9        167  -0.083201
 33  79.48        78  78.2        123 112.89       168  -0.335841
 34  74           79  96.2        124 114.99       169  -0.84682
 35  36.72        80 114.7        125 110.69       170  -3.33618
 36  28           81 111.34       126 104          171  -3.53143
 37  23.2         82  96.38       127  94          172  -3.77
 38  14           83  80          128  79          173   0.046625
 39  10           84  37.21       129   0.099      174   0.147516
 40  22.8         85  33          130   0.568      175   0.681508
 41  58.8         86  15.2        131   0.078      176   0.718894
 42  75.96        87   7          132   0.653      177   0.780472
 43  16.24        88  22          133   0.07       178   0.449705
 44  13.4         89  84.36       134   0.683      179   0.319501
 45  19.88        90  96.03       135   0.069      180   0.001151
;

param Scen0 (tr)
 :    1	    2	    3	    4	    5	    6	    7	    8	    9	   10	   11	   12	   13	   14	   15	   16	   17	   18	   19	   20	   21	   22	   23	   24	   25	   26	   27	   28	   29	   30	   31	   32	   33	   34	   35	   36	   37	   38	   39	   40	   41	   42	   43	   44	   45	   46	   47	   48	   49	   50	   51	   52	   53	   54	   55	   56	   57	   58	   59	   60	   61	   62	   63	   64	   65	   66	   67	   68	   69	   70	   71	   72	   73	   74	   75	   76	   77	   78	   79	   80	   81	   82	   83	   84	   85	   86	   87	   88	   89	   90	   91	   92	   93	   94	   95	   96	   97	   98	   99	  100	  101	  102	  103	  104	  105	  106	  107	  108	  109	  110	  111	  112	  113	  114	  115	  116	  117	  118	  119	  120	  121	  122	  123	  124	  125	  126	  127	  128	  129	  130	  131	  132	  133	  134	  135	  136	  137	  138	  139	  140	  141	  142	  143	  144	  145	  146	  147	  148	  149	  150	  151	  152	  153	  154	  155	  156	  157	  158	  159	  160	  161	  162	  163	  164	  165	  166	  167	  168	  169	  170	  171	  172	  173	  174	  175	  176	  177	  178	  179	  180	:=
    1	109.000000	101.710000	99.390000	85.380000	80.660000	80.200000	84.100000	105.720000	109.000000	79.900000	50.240000	45.200000	33.490000	15.200000	7.000000	5.000000	65.630000	106.700000	115.890000	116.860000	109.690000	96.730000	88.920000	78.200000	20.000000	20.280000	16.720000	26.520000	27.360000	28.200000	79.800000	64.000000	79.480000	74.000000	36.720000	28.000000	23.200000	14.000000	10.000000	22.800000	58.800000	75.960000	16.240000	13.400000	19.880000	43.960000	55.760000	55.480000	95.180000	94.470000	94.580000	85.380000	76.990000	78.480000	95.770000	109.220000	109.330000	84.900000	55.140000	40.200000	34.490000	15.200000	2.020000	3.000000	77.440000	104.710000	116.490000	118.280000	111.690000	106.730000	103.200000	93.140000	82.840000	82.840000	85.000000	82.380000	76.000000	78.200000	96.200000	114.700000	111.340000	96.380000	80.000000	37.210000	33.000000	15.200000	7.000000	22.000000	84.360000	96.030000	110.990000	116.860000	110.190000	102.310000	99.900000	96.140000	0.338000	0.000000	0.330000	0.000000	0.311000	0.000000	0.289000	0.000000	0.264000	0.000000	0.236000	0.000000	0.231000	0.000000	0.230000	0.073000	0.199000	0.291000	0.144000	0.454000	52.670000	82.659300	84.054400	100.950000	126.349000	139.895000	154.997000	165.223000	160.305000	127.457000	116.143000	116.079000	0.000000	0.658100	0.059526	0.527100	0.017339	0.454400	0.000000	0.301400	0.009254	0.195900	0.028877	0.108600	0.004370	0.023000	0.093259	0.000000	0.102336	0.000000	0.156294	0.000000	0.163133	0.000000	0.134001	0.000000	0.072194	0.000000	0.020127	0.000000	0.057064	0.263404	0.127096	1.224600	1.779960	0.909171	0.059333	0.537927	0.384593	0.000000	17.029200	42.945300	43.110500	283.394000	38.970900	0.000000	6.513160	6.099980	0.000000	1.511220	0.359510	0.519408	0.279731	0.000000	
    2	109.000000	101.710000	99.390000	85.380000	80.660000	80.200000	84.100000	105.720000	109.000000	79.900000	50.240000	45.200000	33.490000	15.200000	7.000000	5.000000	65.630000	106.700000	115.890000	116.860000	109.690000	96.730000	88.920000	78.200000	20.000000	20.280000	16.720000	26.520000	27.360000	28.200000	79.800000	64.000000	79.480000	74.000000	36.720000	28.000000	23.200000	14.000000	10.000000	22.800000	58.800000	75.960000	16.240000	13.400000	19.880000	43.960000	55.760000	55.480000	95.180000	94.470000	94.580000	85.380000	76.990000	78.480000	95.770000	109.220000	109.330000	84.900000	55.140000	40.200000	34.490000	15.200000	2.020000	3.000000	77.440000	104.710000	116.490000	118.280000	111.690000	106.730000	103.200000	93.140000	82.840000	82.840000	85.000000	82.380000	76.000000	78.200000	96.200000	114.700000	111.340000	96.380000	80.000000	37.210000	33.000000	15.200000	7.000000	22.000000	84.360000	96.030000	110.990000	116.860000	110.190000	102.310000	99.900000	96.140000	0.338000	0.000000	0.330000	0.000000	0.311000	0.000000	0.289000	0.000000	0.264000	0.000000	0.236000	0.000000	0.231000	0.000000	0.230000	0.073000	0.199000	0.291000	0.144000	0.454000	52.670000	104.832000	103.613000	112.538000	122.729000	136.381000	146.162000	150.831000	154.231000	107.029000	103.991000	101.517000	0.000000	0.543800	0.000000	0.514400	0.000000	0.367300	0.000000	0.328000	0.055564	0.180000	0.057327	0.113700	0.069830	0.015400	0.117174	0.000000	0.121942	0.000000	0.180764	0.000000	0.231138	0.000000	0.230739	0.000000	0.173115	0.000000	0.134100	0.000000	0.057064	0.000000	0.000000	1.123710	1.785940	1.772650	0.000000	0.000000	0.366796	0.000000	50.276100	35.760500	38.601500	321.575000	22.875200	0.367999	7.275130	2.490960	2.493590	1.868720	0.480348	0.403279	0.377485	0.185464	
    3	109.000000	101.710000	99.390000	85.380000	80.660000	80.200000	84.100000	105.720000	109.000000	79.900000	50.240000	45.200000	33.490000	15.200000	7.000000	5.000000	65.630000	106.700000	115.890000	116.860000	109.690000	96.730000	88.920000	78.200000	20.000000	20.280000	16.720000	26.520000	27.360000	28.200000	79.800000	64.000000	79.480000	74.000000	36.720000	28.000000	23.200000	14.000000	10.000000	22.800000	58.800000	75.960000	16.240000	13.400000	19.880000	43.960000	55.760000	55.480000	95.180000	94.470000	94.580000	85.380000	76.990000	78.480000	95.770000	109.220000	109.330000	84.900000	55.140000	40.200000	34.490000	15.200000	2.020000	3.000000	77.440000	104.710000	116.490000	118.280000	111.690000	106.730000	103.200000	93.140000	82.840000	82.840000	85.000000	82.380000	76.000000	78.200000	96.200000	114.700000	111.340000	96.380000	80.000000	37.210000	33.000000	15.200000	7.000000	22.000000	84.360000	96.030000	110.990000	116.860000	110.190000	102.310000	99.900000	96.140000	0.338000	0.000000	0.330000	0.000000	0.311000	0.000000	0.289000	0.000000	0.264000	0.000000	0.236000	0.000000	0.231000	0.000000	0.230000	0.073000	0.199000	0.291000	0.144000	0.454000	52.670000	94.451900	98.642400	108.285000	113.218000	129.837000	139.606000	159.950000	165.540000	144.171000	116.370000	119.201000	0.000000	0.339100	0.000000	0.439500	0.000000	0.300400	0.000000	0.209100	0.000000	0.151700	0.000000	0.052800	0.009993	0.014700	0.032732	0.000000	0.020306	0.000000	0.077146	0.000000	0.095665	0.000000	0.088544	0.000000	0.042586	0.000000	0.034459	0.000000	0.057064	0.000000	0.493690	1.297180	1.919600	1.365210	0.704704	0.268588	0.666712	0.000000	36.641400	12.290300	9.281440	523.348000	72.421500	24.749900	0.000000	6.266470	0.000000	1.880120	0.607980	0.757803	0.363257	0.229592	
    4	109.000000	101.710000	99.390000	85.380000	80.660000	80.200000	84.100000	105.720000	109.000000	79.900000	50.240000	45.200000	33.490000	15.200000	7.000000	5.000000	65.630000	106.700000	115.890000	116.860000	109.690000	96.730000	88.920000	78.200000	20.000000	20.280000	16.720000	26.520000	27.360000	28.200000	79.800000	64.000000	79.480000	74.000000	36.720000	28.000000	23.200000	14.000000	10.000000	22.800000	58.800000	75.960000	16.240000	13.400000	19.880000	43.960000	55.760000	55.480000	95.180000	94.470000	94.580000	85.380000	76.990000	78.480000	95.770000	109.220000	109.330000	84.900000	55.140000	40.200000	34.490000	15.200000	2.020000	3.000000	77.440000	104.710000	116.490000	118.280000	111.690000	106.730000	103.200000	93.140000	82.840000	82.840000	85.000000	82.380000	76.000000	78.200000	96.200000	114.700000	111.340000	96.380000	80.000000	37.210000	33.000000	15.200000	7.000000	22.000000	84.360000	96.030000	110.990000	116.860000	110.190000	102.310000	99.900000	96.140000	0.338000	0.000000	0.330000	0.000000	0.311000	0.000000	0.289000	0.000000	0.264000	0.000000	0.236000	0.000000	0.231000	0.000000	0.230000	0.073000	0.199000	0.291000	0.144000	0.454000	52.670000	88.317600	87.750300	95.691700	102.207000	112.326000	131.196000	162.134000	149.548000	107.338000	109.873000	104.887000	0.037417	0.846600	0.000000	0.941700	0.000000	0.775500	0.027364	0.627600	0.000000	0.428900	0.041826	0.171600	0.045938	0.025600	0.051899	0.000000	0.081811	0.000000	0.114333	0.000000	0.130147	0.000000	0.127953	0.000000	0.073652	0.000000	0.075788	0.000000	0.057064	0.574861	0.678951	1.034450	1.878340	1.334830	0.000000	0.222405	0.000000	0.000000	20.439400	33.338000	39.788800	323.173000	11.107300	0.000000	0.000000	1.666460	3.848120	0.734985	0.388593	0.502124	0.142058	0.145521	
    5	109.000000	101.710000	99.390000	85.380000	80.660000	80.200000	84.100000	105.720000	109.000000	79.900000	50.240000	45.200000	33.490000	15.200000	7.000000	5.000000	65.630000	106.700000	115.890000	116.860000	109.690000	96.730000	88.920000	78.200000	20.000000	20.280000	16.720000	26.520000	27.360000	28.200000	79.800000	64.000000	79.480000	74.000000	36.720000	28.000000	23.200000	14.000000	10.000000	22.800000	58.800000	75.960000	16.240000	13.400000	19.880000	43.960000	55.760000	55.480000	95.180000	94.470000	94.580000	85.380000	76.990000	78.480000	95.770000	109.220000	109.330000	84.900000	55.140000	40.200000	34.490000	15.200000	2.020000	3.000000	77.440000	104.710000	116.490000	118.280000	111.690000	106.730000	103.200000	93.140000	82.840000	82.840000	85.000000	82.380000	76.000000	78.200000	96.200000	114.700000	111.340000	96.380000	80.000000	37.210000	33.000000	15.200000	7.000000	22.000000	84.360000	96.030000	110.990000	116.860000	110.190000	102.310000	99.900000	96.140000	0.338000	0.000000	0.330000	0.000000	0.311000	0.000000	0.289000	0.000000	0.264000	0.000000	0.236000	0.000000	0.231000	0.000000	0.230000	0.073000	0.199000	0.291000	0.144000	0.454000	52.670000	85.801600	86.681500	99.849300	105.900000	126.810000	130.921000	163.879000	140.174000	103.139000	105.313000	97.674100	0.021569	0.890500	0.000000	1.233300	0.000000	0.886700	0.000000	0.852600	0.000000	0.780700	0.000000	0.335800	0.000000	0.044800	0.000000	0.000000	0.000000	0.000000	0.000000	0.000000	0.000000	0.000000	0.000000	0.000000	0.000000	0.000000	0.000000	0.000000	0.057064	0.527467	0.646291	1.544380	2.950630	1.697620	0.394709	0.186673	0.667470	0.000000	45.150400	31.213400	28.125300	350.394000	52.293600	1.896820	0.000000	4.351370	0.000000	1.534930	0.439913	0.504821	0.216022	0.264682	
    6	109.000000	101.710000	99.390000	85.380000	80.660000	80.200000	84.100000	105.720000	109.000000	79.900000	50.240000	45.200000	33.490000	15.200000	7.000000	5.000000	65.630000	106.700000	115.890000	116.860000	109.690000	96.730000	88.920000	78.200000	20.000000	20.280000	16.720000	26.520000	27.360000	28.200000	79.800000	64.000000	79.480000	74.000000	36.720000	28.000000	23.200000	14.000000	10.000000	22.800000	58.800000	75.960000	16.240000	13.400000	19.880000	43.960000	55.760000	55.480000	95.180000	94.470000	94.580000	85.380000	76.990000	78.480000	95.770000	109.220000	109.330000	84.900000	55.140000	40.200000	34.490000	15.200000	2.020000	3.000000	77.440000	104.710000	116.490000	118.280000	111.690000	106.730000	103.200000	93.140000	82.840000	82.840000	85.000000	82.380000	76.000000	78.200000	96.200000	114.700000	111.340000	96.380000	80.000000	37.210000	33.000000	15.200000	7.000000	22.000000	84.360000	96.030000	110.990000	116.860000	110.190000	102.310000	99.900000	96.140000	0.338000	0.000000	0.330000	0.000000	0.311000	0.000000	0.289000	0.000000	0.264000	0.000000	0.236000	0.000000	0.231000	0.000000	0.230000	0.073000	0.199000	0.291000	0.144000	0.454000	52.670000	88.317600	87.750300	95.691700	102.207000	112.326000	131.196000	162.134000	149.548000	107.338000	109.873000	104.887000	0.037417	0.846600	0.000000	0.941700	0.000000	0.775500	0.027364	0.627600	0.000000	0.428900	0.041826	0.171600	0.045938	0.025600	0.051899	0.000000	0.081811	0.000000	0.114333	0.000000	0.130147	0.000000	0.127953	0.000000	0.073652	0.000000	0.075788	0.000000	0.057064	0.574861	0.678951	1.034450	1.878340	1.334830	0.000000	0.222405	0.000000	0.000000	20.439400	33.338000	39.788800	323.173000	11.107300	0.000000	0.000000	1.666460	3.848120	0.734985	0.388593	0.502124	0.142058	0.145521	
    7	109.000000	101.710000	99.390000	85.380000	80.660000	80.200000	84.100000	105.720000	109.000000	79.900000	50.240000	45.200000	33.490000	15.200000	7.000000	5.000000	65.630000	106.700000	115.890000	116.860000	109.690000	96.730000	88.920000	78.200000	20.000000	20.280000	16.720000	26.520000	27.360000	28.200000	79.800000	64.000000	79.480000	74.000000	36.720000	28.000000	23.200000	14.000000	10.000000	22.800000	58.800000	75.960000	16.240000	13.400000	19.880000	43.960000	55.760000	55.480000	95.180000	94.470000	94.580000	85.380000	76.990000	78.480000	95.770000	109.220000	109.330000	84.900000	55.140000	40.200000	34.490000	15.200000	2.020000	3.000000	77.440000	104.710000	116.490000	118.280000	111.690000	106.730000	103.200000	93.140000	82.840000	82.840000	85.000000	82.380000	76.000000	78.200000	96.200000	114.700000	111.340000	96.380000	80.000000	37.210000	33.000000	15.200000	7.000000	22.000000	84.360000	96.030000	110.990000	116.860000	110.190000	102.310000	99.900000	96.140000	0.338000	0.000000	0.330000	0.000000	0.311000	0.000000	0.289000	0.000000	0.264000	0.000000	0.236000	0.000000	0.231000	0.000000	0.230000	0.073000	0.199000	0.291000	0.144000	0.454000	52.670000	73.984000	81.503000	96.774200	102.769000	116.203000	126.635000	156.624000	164.934000	131.055000	109.597000	106.076000	0.000000	0.596300	0.000000	0.735400	0.000000	0.574800	0.000000	0.458800	0.000000	0.256800	0.000000	0.092400	0.000000	0.017000	0.000000	0.000000	0.000000	0.000000	0.000000	0.000000	0.000000	0.000000	0.000000	0.000000	0.000000	0.000000	0.000000	0.000000	0.057064	0.365119	0.618544	1.398360	1.219000	0.482349	0.000000	0.099602	0.203719	0.877839	11.118300	32.972400	45.963100	365.921000	23.834500	1.431680	32.457000	4.525650	28.250100	1.001510	0.407287	0.432369	0.162171	0.041598	
    8	109.000000	101.710000	99.390000	85.380000	80.660000	80.200000	84.100000	105.720000	109.000000	79.900000	50.240000	45.200000	33.490000	15.200000	7.000000	5.000000	65.630000	106.700000	115.890000	116.860000	109.690000	96.730000	88.920000	78.200000	20.000000	20.280000	16.720000	26.520000	27.360000	28.200000	79.800000	64.000000	79.480000	74.000000	36.720000	28.000000	23.200000	14.000000	10.000000	22.800000	58.800000	75.960000	16.240000	13.400000	19.880000	43.960000	55.760000	55.480000	95.180000	94.470000	94.580000	85.380000	76.990000	78.480000	95.770000	109.220000	109.330000	84.900000	55.140000	40.200000	34.490000	15.200000	2.020000	3.000000	77.440000	104.710000	116.490000	118.280000	111.690000	106.730000	103.200000	93.140000	82.840000	82.840000	85.000000	82.380000	76.000000	78.200000	96.200000	114.700000	111.340000	96.380000	80.000000	37.210000	33.000000	15.200000	7.000000	22.000000	84.360000	96.030000	110.990000	116.860000	110.190000	102.310000	99.900000	96.140000	0.338000	0.000000	0.330000	0.000000	0.311000	0.000000	0.289000	0.000000	0.264000	0.000000	0.236000	0.000000	0.231000	0.000000	0.230000	0.073000	0.199000	0.291000	0.144000	0.454000	52.670000	94.451900	98.642400	108.285000	113.218000	129.837000	139.606000	159.950000	165.540000	144.171000	116.370000	119.201000	0.043754	0.381200	0.055012	0.687800	0.139646	0.434900	0.162873	0.485300	0.129316	0.374000	0.122722	0.158300	0.115045	0.015300	0.106821	0.000000	0.115144	0.000000	0.174545	0.000000	0.211808	0.000000	0.195594	0.000000	0.153113	0.000000	0.176192	0.000000	0.057064	1.060320	1.143850	1.804440	1.571050	0.141893	0.731425	0.000000	0.655507	0.000000	12.312400	28.777300	68.615900	235.891000	0.000000	0.000000	2.268140	4.343590	0.000000	1.377550	0.485220	0.374772	0.058329	0.000000	
    9	109.000000	101.710000	99.390000	85.380000	80.660000	80.200000	84.100000	105.720000	109.000000	79.900000	50.240000	45.200000	33.490000	15.200000	7.000000	5.000000	65.630000	106.700000	115.890000	116.860000	109.690000	96.730000	88.920000	78.200000	20.000000	20.280000	16.720000	26.520000	27.360000	28.200000	79.800000	64.000000	79.480000	74.000000	36.720000	28.000000	23.200000	14.000000	10.000000	22.800000	58.800000	75.960000	16.240000	13.400000	19.880000	43.960000	55.760000	55.480000	95.180000	94.470000	94.580000	85.380000	76.990000	78.480000	95.770000	109.220000	109.330000	84.900000	55.140000	40.200000	34.490000	15.200000	2.020000	3.000000	77.440000	104.710000	116.490000	118.280000	111.690000	106.730000	103.200000	93.140000	82.840000	82.840000	85.000000	82.380000	76.000000	78.200000	96.200000	114.700000	111.340000	96.380000	80.000000	37.210000	33.000000	15.200000	7.000000	22.000000	84.360000	96.030000	110.990000	116.860000	110.190000	102.310000	99.900000	96.140000	0.338000	0.000000	0.330000	0.000000	0.311000	0.000000	0.289000	0.000000	0.264000	0.000000	0.236000	0.000000	0.231000	0.000000	0.230000	0.073000	0.199000	0.291000	0.144000	0.454000	52.670000	94.451900	98.642400	108.285000	113.218000	129.837000	139.606000	159.950000	165.540000	144.171000	116.370000	119.201000	0.149822	0.575500	0.092790	0.472800	0.080395	0.485400	0.078035	0.262000	0.051960	0.275900	0.000000	0.134800	0.000000	0.020600	0.000000	0.000000	0.000000	0.000000	0.000000	0.000000	0.000000	0.000000	0.000000	0.000000	0.000000	0.000000	0.000000	0.000000	0.057064	0.000000	0.000000	1.123710	1.785940	1.772650	0.000000	0.361088	0.493564	0.000000	23.322900	43.892400	29.870600	135.736000	62.139500	0.000000	4.180100	5.041480	61.842900	1.016560	0.389538	0.406168	0.248003	0.165999	
   10	109.000000	101.710000	99.390000	85.380000	80.660000	80.200000	84.100000	105.720000	109.000000	79.900000	50.240000	45.200000	33.490000	15.200000	7.000000	5.000000	65.630000	106.700000	115.890000	116.860000	109.690000	96.730000	88.920000	78.200000	20.000000	20.280000	16.720000	26.520000	27.360000	28.200000	79.800000	64.000000	79.480000	74.000000	36.720000	28.000000	23.200000	14.000000	10.000000	22.800000	58.800000	75.960000	16.240000	13.400000	19.880000	43.960000	55.760000	55.480000	95.180000	94.470000	94.580000	85.380000	76.990000	78.480000	95.770000	109.220000	109.330000	84.900000	55.140000	40.200000	34.490000	15.200000	2.020000	3.000000	77.440000	104.710000	116.490000	118.280000	111.690000	106.730000	103.200000	93.140000	82.840000	82.840000	85.000000	82.380000	76.000000	78.200000	96.200000	114.700000	111.340000	96.380000	80.000000	37.210000	33.000000	15.200000	7.000000	22.000000	84.360000	96.030000	110.990000	116.860000	110.190000	102.310000	99.900000	96.140000	0.338000	0.000000	0.330000	0.000000	0.311000	0.000000	0.289000	0.000000	0.264000	0.000000	0.236000	0.000000	0.231000	0.000000	0.230000	0.073000	0.199000	0.291000	0.144000	0.454000	52.670000	81.241400	82.489200	105.523000	119.420000	133.787000	136.384000	164.344000	142.973000	111.018000	101.082000	102.876000	0.071146	0.479700	0.009576	0.514100	0.015263	0.450600	0.028658	0.317000	0.017963	0.159200	0.004466	0.121300	0.000000	0.027000	0.000000	0.000000	0.000000	0.000000	0.022932	0.000000	0.065586	0.000000	0.065962	0.000000	0.037371	0.000000	0.038875	0.000000	0.057064	0.669124	0.651791	1.437620	1.896740	1.287850	0.310473	0.251956	0.590317	0.599715	29.519500	34.714300	44.774900	360.376000	19.004700	0.173826	6.529950	3.444520	0.000000	1.512640	0.572637	0.577847	0.404809	0.209159	
   11	109.000000	101.710000	99.390000	85.380000	80.660000	80.200000	84.100000	105.720000	109.000000	79.900000	50.240000	45.200000	33.490000	15.200000	7.000000	5.000000	65.630000	106.700000	115.890000	116.860000	109.690000	96.730000	88.920000	78.200000	20.000000	20.280000	16.720000	26.520000	27.360000	28.200000	79.800000	64.000000	79.480000	74.000000	36.720000	28.000000	23.200000	14.000000	10.000000	22.800000	58.800000	75.960000	16.240000	13.400000	19.880000	43.960000	55.760000	55.480000	95.180000	94.470000	94.580000	85.380000	76.990000	78.480000	95.770000	109.220000	109.330000	84.900000	55.140000	40.200000	34.490000	15.200000	2.020000	3.000000	77.440000	104.710000	116.490000	118.280000	111.690000	106.730000	103.200000	93.140000	82.840000	82.840000	85.000000	82.380000	76.000000	78.200000	96.200000	114.700000	111.340000	96.380000	80.000000	37.210000	33.000000	15.200000	7.000000	22.000000	84.360000	96.030000	110.990000	116.860000	110.190000	102.310000	99.900000	96.140000	0.338000	0.000000	0.330000	0.000000	0.311000	0.000000	0.289000	0.000000	0.264000	0.000000	0.236000	0.000000	0.231000	0.000000	0.230000	0.073000	0.199000	0.291000	0.144000	0.454000	52.670000	82.659300	84.054400	100.950000	126.349000	139.895000	154.997000	165.223000	160.305000	127.457000	116.143000	116.079000	0.000000	0.658100	0.057343	0.308200	0.064782	0.385300	0.080471	0.282100	0.084564	0.203200	0.068677	0.120500	0.382981	0.019000	0.346515	0.000000	0.297816	0.000000	0.303806	0.000000	0.255936	0.000000	0.142556	0.000000	0.125511	0.000000	0.110633	0.000000	0.057064	0.000000	0.000000	0.575319	0.153460	0.000000	0.000000	0.000000	0.221375	0.000000	0.000000	33.145900	69.598000	373.654000	149.948000	33.103600	12.942100	2.335750	560.092000	2.914860	0.242215	0.643974	0.500369	0.270396	
   12	109.000000	101.710000	99.390000	85.380000	80.660000	80.200000	84.100000	105.720000	109.000000	79.900000	50.240000	45.200000	33.490000	15.200000	7.000000	5.000000	65.630000	106.700000	115.890000	116.860000	109.690000	96.730000	88.920000	78.200000	20.000000	20.280000	16.720000	26.520000	27.360000	28.200000	79.800000	64.000000	79.480000	74.000000	36.720000	28.000000	23.200000	14.000000	10.000000	22.800000	58.800000	75.960000	16.240000	13.400000	19.880000	43.960000	55.760000	55.480000	95.180000	94.470000	94.580000	85.380000	76.990000	78.480000	95.770000	109.220000	109.330000	84.900000	55.140000	40.200000	34.490000	15.200000	2.020000	3.000000	77.440000	104.710000	116.490000	118.280000	111.690000	106.730000	103.200000	93.140000	82.840000	82.840000	85.000000	82.380000	76.000000	78.200000	96.200000	114.700000	111.340000	96.380000	80.000000	37.210000	33.000000	15.200000	7.000000	22.000000	84.360000	96.030000	110.990000	116.860000	110.190000	102.310000	99.900000	96.140000	0.338000	0.000000	0.330000	0.000000	0.311000	0.000000	0.289000	0.000000	0.264000	0.000000	0.236000	0.000000	0.231000	0.000000	0.230000	0.073000	0.199000	0.291000	0.144000	0.454000	52.670000	88.317600	87.750300	95.691700	102.207000	112.326000	131.196000	162.134000	149.548000	107.338000	109.873000	104.887000	0.037417	0.846600	0.000000	0.941700	0.000000	0.775500	0.027364	0.627600	0.000000	0.428900	0.041826	0.171600	0.045938	0.025600	0.051899	0.000000	0.081811	0.000000	0.114333	0.000000	0.130147	0.000000	0.127953	0.000000	0.073652	0.000000	0.075788	0.000000	0.057064	0.574861	0.678951	1.034450	1.878340	1.334830	0.000000	0.222405	0.000000	0.000000	20.439400	33.338000	39.788800	323.173000	11.107300	0.000000	0.000000	1.666460	3.848120	0.734985	0.388593	0.502124	0.142058	0.145521	
   13	109.000000	101.710000	99.390000	85.380000	80.660000	80.200000	84.100000	105.720000	109.000000	79.900000	50.240000	45.200000	33.490000	15.200000	7.000000	5.000000	65.630000	106.700000	115.890000	116.860000	109.690000	96.730000	88.920000	78.200000	20.000000	20.280000	16.720000	26.520000	27.360000	28.200000	79.800000	64.000000	79.480000	74.000000	36.720000	28.000000	23.200000	14.000000	10.000000	22.800000	58.800000	75.960000	16.240000	13.400000	19.880000	43.960000	55.760000	55.480000	95.180000	94.470000	94.580000	85.380000	76.990000	78.480000	95.770000	109.220000	109.330000	84.900000	55.140000	40.200000	34.490000	15.200000	2.020000	3.000000	77.440000	104.710000	116.490000	118.280000	111.690000	106.730000	103.200000	93.140000	82.840000	82.840000	85.000000	82.380000	76.000000	78.200000	96.200000	114.700000	111.340000	96.380000	80.000000	37.210000	33.000000	15.200000	7.000000	22.000000	84.360000	96.030000	110.990000	116.860000	110.190000	102.310000	99.900000	96.140000	0.338000	0.000000	0.330000	0.000000	0.311000	0.000000	0.289000	0.000000	0.264000	0.000000	0.236000	0.000000	0.231000	0.000000	0.230000	0.073000	0.199000	0.291000	0.144000	0.454000	52.670000	73.984000	81.503000	96.774200	102.769000	116.203000	126.635000	156.624000	164.934000	131.055000	109.597000	106.076000	0.079729	0.410300	0.039501	0.443000	0.045510	0.418200	0.059020	0.395700	0.055564	0.236300	0.057327	0.166700	0.069830	0.033300	0.117174	0.000000	0.121942	0.000000	0.180764	0.000000	0.231138	0.000000	0.230739	0.000000	0.024951	0.000000	0.095637	0.000000	0.057064	0.730714	0.677096	1.343090	2.019820	1.026940	0.559663	0.217197	0.404635	0.000000	23.756500	33.711400	36.603500	172.624000	22.875200	0.367999	7.275130	2.490960	2.493590	1.868720	0.480348	0.403279	0.468992	0.479927	
   14	109.000000	101.710000	99.390000	85.380000	80.660000	80.200000	84.100000	105.720000	109.000000	79.900000	50.240000	45.200000	33.490000	15.200000	7.000000	5.000000	65.630000	106.700000	115.890000	116.860000	109.690000	96.730000	88.920000	78.200000	20.000000	20.280000	16.720000	26.520000	27.360000	28.200000	79.800000	64.000000	79.480000	74.000000	36.720000	28.000000	23.200000	14.000000	10.000000	22.800000	58.800000	75.960000	16.240000	13.400000	19.880000	43.960000	55.760000	55.480000	95.180000	94.470000	94.580000	85.380000	76.990000	78.480000	95.770000	109.220000	109.330000	84.900000	55.140000	40.200000	34.490000	15.200000	2.020000	3.000000	77.440000	104.710000	116.490000	118.280000	111.690000	106.730000	103.200000	93.140000	82.840000	82.840000	85.000000	82.380000	76.000000	78.200000	96.200000	114.700000	111.340000	96.380000	80.000000	37.210000	33.000000	15.200000	7.000000	22.000000	84.360000	96.030000	110.990000	116.860000	110.190000	102.310000	99.900000	96.140000	0.338000	0.000000	0.330000	0.000000	0.311000	0.000000	0.289000	0.000000	0.264000	0.000000	0.236000	0.000000	0.231000	0.000000	0.230000	0.073000	0.199000	0.291000	0.144000	0.454000	52.670000	87.979500	84.940700	95.212500	100.955000	119.500000	131.027000	173.670000	181.975000	120.954000	112.308000	106.177000	0.000000	1.035900	0.000000	0.997400	0.000000	0.857900	0.027044	0.874600	0.032386	0.392000	0.033042	0.137200	0.045938	0.020900	0.051899	0.000000	0.044258	0.000000	0.114333	0.000000	0.130147	0.000000	0.075234	0.000000	0.000000	0.000000	0.000000	0.000000	0.057064	0.767739	0.651685	1.296790	1.954420	1.073940	0.414200	0.325805	0.548258	0.000000	23.273700	32.085100	33.253000	532.651000	61.690500	14.659200	0.000000	1.666460	3.848120	0.734985	0.388593	0.502124	0.142058	0.145521	
   15	109.000000	101.710000	99.390000	85.380000	80.660000	80.200000	84.100000	105.720000	109.000000	79.900000	50.240000	45.200000	33.490000	15.200000	7.000000	5.000000	65.630000	106.700000	115.890000	116.860000	109.690000	96.730000	88.920000	78.200000	20.000000	20.280000	16.720000	26.520000	27.360000	28.200000	79.800000	64.000000	79.480000	74.000000	36.720000	28.000000	23.200000	14.000000	10.000000	22.800000	58.800000	75.960000	16.240000	13.400000	19.880000	43.960000	55.760000	55.480000	95.180000	94.470000	94.580000	85.380000	76.990000	78.480000	95.770000	109.220000	109.330000	84.900000	55.140000	40.200000	34.490000	15.200000	2.020000	3.000000	77.440000	104.710000	116.490000	118.280000	111.690000	106.730000	103.200000	93.140000	82.840000	82.840000	85.000000	82.380000	76.000000	78.200000	96.200000	114.700000	111.340000	96.380000	80.000000	37.210000	33.000000	15.200000	7.000000	22.000000	84.360000	96.030000	110.990000	116.860000	110.190000	102.310000	99.900000	96.140000	0.338000	0.000000	0.330000	0.000000	0.311000	0.000000	0.289000	0.000000	0.264000	0.000000	0.236000	0.000000	0.231000	0.000000	0.230000	0.073000	0.199000	0.291000	0.144000	0.454000	52.670000	106.581000	82.374100	99.447600	128.500000	142.416000	152.906000	167.564000	148.251000	118.125000	107.550000	104.068000	0.000000	0.772800	0.041676	0.633600	0.014945	0.614300	0.000000	0.584000	0.000000	0.360900	0.000000	0.169600	0.000000	0.027400	0.000000	0.000000	0.000000	0.000000	0.000000	0.000000	0.000000	0.000000	0.000000	0.000000	0.000000	0.000000	0.000000	0.000000	0.057064	0.492565	0.603704	1.411360	1.869410	1.050850	0.374524	0.346965	0.560261	1.431830	20.865300	30.967000	45.715900	291.385000	0.000000	2.626470	4.912460	2.853100	0.000000	1.658510	0.674380	0.607100	0.311153	0.000000	
   16	109.000000	101.710000	99.390000	85.380000	80.660000	80.200000	84.100000	105.720000	109.000000	79.900000	50.240000	45.200000	33.490000	15.200000	7.000000	5.000000	65.630000	106.700000	115.890000	116.860000	109.690000	96.730000	88.920000	78.200000	20.000000	20.280000	16.720000	26.520000	27.360000	28.200000	79.800000	64.000000	79.480000	74.000000	36.720000	28.000000	23.200000	14.000000	10.000000	22.800000	58.800000	75.960000	16.240000	13.400000	19.880000	43.960000	55.760000	55.480000	95.180000	94.470000	94.580000	85.380000	76.990000	78.480000	95.770000	109.220000	109.330000	84.900000	55.140000	40.200000	34.490000	15.200000	2.020000	3.000000	77.440000	104.710000	116.490000	118.280000	111.690000	106.730000	103.200000	93.140000	82.840000	82.840000	85.000000	82.380000	76.000000	78.200000	96.200000	114.700000	111.340000	96.380000	80.000000	37.210000	33.000000	15.200000	7.000000	22.000000	84.360000	96.030000	110.990000	116.860000	110.190000	102.310000	99.900000	96.140000	0.338000	0.000000	0.330000	0.000000	0.311000	0.000000	0.289000	0.000000	0.264000	0.000000	0.236000	0.000000	0.231000	0.000000	0.230000	0.073000	0.199000	0.291000	0.144000	0.454000	52.670000	94.451900	98.642400	108.285000	113.218000	129.837000	139.606000	159.950000	165.540000	144.171000	116.370000	119.201000	0.000000	0.504300	0.000000	0.479800	0.000000	0.500500	0.000000	0.309900	0.000000	0.227200	0.000000	0.129000	0.000000	0.026300	0.000000	0.000000	0.000000	0.000000	0.061636	0.000000	0.050736	0.000000	0.006066	0.000000	0.000000	0.000000	0.000000	0.000000	0.057064	1.157450	1.024960	1.085060	1.672240	0.759379	0.861849	0.302126	0.438660	0.000000	14.430100	28.183200	33.398200	316.541000	36.162300	10.663100	0.000000	3.629220	0.000000	1.628420	0.631038	0.689724	0.456116	0.152733	
   17	109.000000	101.710000	99.390000	85.380000	80.660000	80.200000	84.100000	105.720000	109.000000	79.900000	50.240000	45.200000	33.490000	15.200000	7.000000	5.000000	65.630000	106.700000	115.890000	116.860000	109.690000	96.730000	88.920000	78.200000	20.000000	20.280000	16.720000	26.520000	27.360000	28.200000	79.800000	64.000000	79.480000	74.000000	36.720000	28.000000	23.200000	14.000000	10.000000	22.800000	58.800000	75.960000	16.240000	13.400000	19.880000	43.960000	55.760000	55.480000	95.180000	94.470000	94.580000	85.380000	76.990000	78.480000	95.770000	109.220000	109.330000	84.900000	55.140000	40.200000	34.490000	15.200000	2.020000	3.000000	77.440000	104.710000	116.490000	118.280000	111.690000	106.730000	103.200000	93.140000	82.840000	82.840000	85.000000	82.380000	76.000000	78.200000	96.200000	114.700000	111.340000	96.380000	80.000000	37.210000	33.000000	15.200000	7.000000	22.000000	84.360000	96.030000	110.990000	116.860000	110.190000	102.310000	99.900000	96.140000	0.338000	0.000000	0.330000	0.000000	0.311000	0.000000	0.289000	0.000000	0.264000	0.000000	0.236000	0.000000	0.231000	0.000000	0.230000	0.073000	0.199000	0.291000	0.144000	0.454000	52.670000	95.851500	99.279200	111.493000	106.796000	138.720000	144.081000	165.693000	132.133000	100.993000	103.160000	96.270100	0.071146	0.405000	0.009576	0.304400	0.015263	0.321100	0.028658	0.320900	0.017963	0.228300	0.004466	0.159600	0.000000	0.027600	0.000000	0.000000	0.000000	0.000000	0.022932	0.000000	0.065586	0.000000	0.065962	0.000000	0.037371	0.000000	0.038875	0.000000	0.057064	0.000000	0.000000	0.722166	0.941583	0.922030	0.000000	0.251956	0.590317	0.599715	29.519500	34.714300	44.774900	360.376000	19.004700	0.173826	6.529950	3.444520	0.000000	1.512640	0.572637	0.577847	0.404809	0.209159	
   18	109.000000	101.710000	99.390000	85.380000	80.660000	80.200000	84.100000	105.720000	109.000000	79.900000	50.240000	45.200000	33.490000	15.200000	7.000000	5.000000	65.630000	106.700000	115.890000	116.860000	109.690000	96.730000	88.920000	78.200000	20.000000	20.280000	16.720000	26.520000	27.360000	28.200000	79.800000	64.000000	79.480000	74.000000	36.720000	28.000000	23.200000	14.000000	10.000000	22.800000	58.800000	75.960000	16.240000	13.400000	19.880000	43.960000	55.760000	55.480000	95.180000	94.470000	94.580000	85.380000	76.990000	78.480000	95.770000	109.220000	109.330000	84.900000	55.140000	40.200000	34.490000	15.200000	2.020000	3.000000	77.440000	104.710000	116.490000	118.280000	111.690000	106.730000	103.200000	93.140000	82.840000	82.840000	85.000000	82.380000	76.000000	78.200000	96.200000	114.700000	111.340000	96.380000	80.000000	37.210000	33.000000	15.200000	7.000000	22.000000	84.360000	96.030000	110.990000	116.860000	110.190000	102.310000	99.900000	96.140000	0.338000	0.000000	0.330000	0.000000	0.311000	0.000000	0.289000	0.000000	0.264000	0.000000	0.236000	0.000000	0.231000	0.000000	0.230000	0.073000	0.199000	0.291000	0.144000	0.454000	52.670000	94.451900	98.642400	108.285000	113.218000	129.837000	139.606000	159.950000	165.540000	144.171000	116.370000	119.201000	0.184453	0.599500	0.128582	0.710300	0.118176	0.609900	0.111806	0.446700	0.109235	0.307900	0.161081	0.145800	0.212153	0.027600	0.243727	0.000000	0.226365	0.000000	0.282355	0.000000	0.309619	0.000000	0.304509	0.000000	0.206952	0.000000	0.198621	0.000000	0.057064	1.164740	0.532550	1.238400	3.250170	0.000000	0.502210	0.089475	0.583549	0.000000	0.000000	34.423600	68.616800	127.776000	13.927500	18.519900	0.000000	0.630920	14.323000	0.698077	0.359044	0.490646	0.303093	1.575090	
   19	109.000000	101.710000	99.390000	85.380000	80.660000	80.200000	84.100000	105.720000	109.000000	79.900000	50.240000	45.200000	33.490000	15.200000	7.000000	5.000000	65.630000	106.700000	115.890000	116.860000	109.690000	96.730000	88.920000	78.200000	20.000000	20.280000	16.720000	26.520000	27.360000	28.200000	79.800000	64.000000	79.480000	74.000000	36.720000	28.000000	23.200000	14.000000	10.000000	22.800000	58.800000	75.960000	16.240000	13.400000	19.880000	43.960000	55.760000	55.480000	95.180000	94.470000	94.580000	85.380000	76.990000	78.480000	95.770000	109.220000	109.330000	84.900000	55.140000	40.200000	34.490000	15.200000	2.020000	3.000000	77.440000	104.710000	116.490000	118.280000	111.690000	106.730000	103.200000	93.140000	82.840000	82.840000	85.000000	82.380000	76.000000	78.200000	96.200000	114.700000	111.340000	96.380000	80.000000	37.210000	33.000000	15.200000	7.000000	22.000000	84.360000	96.030000	110.990000	116.860000	110.190000	102.310000	99.900000	96.140000	0.338000	0.000000	0.330000	0.000000	0.311000	0.000000	0.289000	0.000000	0.264000	0.000000	0.236000	0.000000	0.231000	0.000000	0.230000	0.073000	0.199000	0.291000	0.144000	0.454000	52.670000	85.801600	86.681500	99.849300	105.900000	126.810000	130.921000	163.879000	140.174000	103.139000	105.313000	97.674100	0.021569	0.890500	0.036027	0.983300	0.011316	0.874500	0.001744	0.392100	0.000000	0.297700	0.000000	0.147500	0.000000	0.023100	0.000000	0.000000	0.000000	0.000000	0.031382	0.000000	0.036914	0.000000	0.000000	0.000000	0.000000	0.000000	0.000000	0.000000	0.057064	0.837221	0.615924	1.325010	1.907860	0.981717	0.500225	0.277601	0.521554	0.000000	17.579700	32.870700	41.711800	219.274000	32.239700	2.686770	0.000000	3.817900	18.309900	1.408410	0.638516	0.608841	0.632304	0.458059	
   20	109.000000	101.710000	99.390000	85.380000	80.660000	80.200000	84.100000	105.720000	109.000000	79.900000	50.240000	45.200000	33.490000	15.200000	7.000000	5.000000	65.630000	106.700000	115.890000	116.860000	109.690000	96.730000	88.920000	78.200000	20.000000	20.280000	16.720000	26.520000	27.360000	28.200000	79.800000	64.000000	79.480000	74.000000	36.720000	28.000000	23.200000	14.000000	10.000000	22.800000	58.800000	75.960000	16.240000	13.400000	19.880000	43.960000	55.760000	55.480000	95.180000	94.470000	94.580000	85.380000	76.990000	78.480000	95.770000	109.220000	109.330000	84.900000	55.140000	40.200000	34.490000	15.200000	2.020000	3.000000	77.440000	104.710000	116.490000	118.280000	111.690000	106.730000	103.200000	93.140000	82.840000	82.840000	85.000000	82.380000	76.000000	78.200000	96.200000	114.700000	111.340000	96.380000	80.000000	37.210000	33.000000	15.200000	7.000000	22.000000	84.360000	96.030000	110.990000	116.860000	110.190000	102.310000	99.900000	96.140000	0.338000	0.000000	0.330000	0.000000	0.311000	0.000000	0.289000	0.000000	0.264000	0.000000	0.236000	0.000000	0.231000	0.000000	0.230000	0.073000	0.199000	0.291000	0.144000	0.454000	52.670000	73.984000	81.503000	96.774200	102.769000	116.203000	126.635000	156.624000	164.934000	131.055000	109.597000	106.076000	0.002973	0.591700	0.000000	0.434800	0.000000	0.257600	0.000000	0.223500	0.000000	0.352900	0.000000	0.272800	0.033521	0.063800	0.087701	0.000000	0.070554	0.000000	0.099302	0.000000	0.128708	0.000000	0.111661	0.000000	0.072990	0.000000	0.107716	0.000000	0.057064	0.989836	0.466644	1.266600	2.189360	0.735442	0.707294	0.374160	0.088839	0.000000	42.227400	18.597600	23.575300	511.659000	68.513200	18.303400	0.000000	0.214238	21.665200	0.630829	0.439870	0.533761	0.474667	0.151656	
   21	109.000000	101.710000	99.390000	85.380000	80.660000	80.200000	84.100000	105.720000	109.000000	79.900000	50.240000	45.200000	33.490000	15.200000	7.000000	5.000000	65.630000	106.700000	115.890000	116.860000	109.690000	96.730000	88.920000	78.200000	20.000000	20.280000	16.720000	26.520000	27.360000	28.200000	79.800000	64.000000	79.480000	74.000000	36.720000	28.000000	23.200000	14.000000	10.000000	22.800000	58.800000	75.960000	16.240000	13.400000	19.880000	43.960000	55.760000	55.480000	95.180000	94.470000	94.580000	85.380000	76.990000	78.480000	95.770000	109.220000	109.330000	84.900000	55.140000	40.200000	34.490000	15.200000	2.020000	3.000000	77.440000	104.710000	116.490000	118.280000	111.690000	106.730000	103.200000	93.140000	82.840000	82.840000	85.000000	82.380000	76.000000	78.200000	96.200000	114.700000	111.340000	96.380000	80.000000	37.210000	33.000000	15.200000	7.000000	22.000000	84.360000	96.030000	110.990000	116.860000	110.190000	102.310000	99.900000	96.140000	0.338000	0.000000	0.330000	0.000000	0.311000	0.000000	0.289000	0.000000	0.264000	0.000000	0.236000	0.000000	0.231000	0.000000	0.230000	0.073000	0.199000	0.291000	0.144000	0.454000	52.670000	94.451900	98.642400	108.285000	113.218000	129.837000	139.606000	159.950000	155.019000	118.508000	105.732000	98.753300	0.000000	0.622200	0.000000	1.049100	0.000000	0.989800	0.000000	0.559000	0.000000	0.226700	0.000000	0.114300	0.000000	0.014800	0.000000	0.000000	0.020689	0.000000	0.074079	0.000000	0.102355	0.000000	0.076270	0.000000	0.000000	0.000000	0.000000	0.000000	0.057064	0.631679	0.553215	1.375470	1.884600	1.247760	0.255594	0.368172	0.330856	0.000000	27.581800	42.176300	50.678000	269.667000	17.290100	0.000000	20.027000	3.998440	10.672000	1.057740	0.327114	0.529711	0.292405	0.086795	
   22	109.000000	101.710000	99.390000	85.380000	80.660000	80.200000	84.100000	105.720000	109.000000	79.900000	50.240000	45.200000	33.490000	15.200000	7.000000	5.000000	65.630000	106.700000	115.890000	116.860000	109.690000	96.730000	88.920000	78.200000	20.000000	20.280000	16.720000	26.520000	27.360000	28.200000	79.800000	64.000000	79.480000	74.000000	36.720000	28.000000	23.200000	14.000000	10.000000	22.800000	58.800000	75.960000	16.240000	13.400000	19.880000	43.960000	55.760000	55.480000	95.180000	94.470000	94.580000	85.380000	76.990000	78.480000	95.770000	109.220000	109.330000	84.900000	55.140000	40.200000	34.490000	15.200000	2.020000	3.000000	77.440000	104.710000	116.490000	118.280000	111.690000	106.730000	103.200000	93.140000	82.840000	82.840000	85.000000	82.380000	76.000000	78.200000	96.200000	114.700000	111.340000	96.380000	80.000000	37.210000	33.000000	15.200000	7.000000	22.000000	84.360000	96.030000	110.990000	116.860000	110.190000	102.310000	99.900000	96.140000	0.338000	0.000000	0.330000	0.000000	0.311000	0.000000	0.289000	0.000000	0.264000	0.000000	0.236000	0.000000	0.231000	0.000000	0.230000	0.073000	0.199000	0.291000	0.144000	0.454000	52.670000	94.436300	101.278000	109.260000	115.734000	132.180000	126.411000	143.358000	148.365000	124.488000	109.687000	109.130000	0.022544	0.562900	0.005897	0.520400	0.000000	0.631300	0.000000	0.571500	0.000000	0.573600	0.000000	0.176900	0.000000	0.032700	0.000000	0.000000	0.000000	0.000000	0.027721	0.000000	0.036803	0.000000	0.000000	0.000000	0.000000	0.000000	0.000000	0.000000	0.057064	0.831070	0.922640	0.461071	0.307532	0.718200	0.526895	0.449976	0.426587	0.614927	0.000000	39.179700	61.490900	188.496000	3.275000	2.745960	5.986120	2.947800	0.000000	1.267120	0.535212	0.623898	0.613253	0.327389	
   23	109.000000	101.710000	99.390000	85.380000	80.660000	80.200000	84.100000	105.720000	109.000000	79.900000	50.240000	45.200000	33.490000	15.200000	7.000000	5.000000	65.630000	106.700000	115.890000	116.860000	109.690000	96.730000	88.920000	78.200000	20.000000	20.280000	16.720000	26.520000	27.360000	28.200000	79.800000	64.000000	79.480000	74.000000	36.720000	28.000000	23.200000	14.000000	10.000000	22.800000	58.800000	75.960000	16.240000	13.400000	19.880000	43.960000	55.760000	55.480000	95.180000	94.470000	94.580000	85.380000	76.990000	78.480000	95.770000	109.220000	109.330000	84.900000	55.140000	40.200000	34.490000	15.200000	2.020000	3.000000	77.440000	104.710000	116.490000	118.280000	111.690000	106.730000	103.200000	93.140000	82.840000	82.840000	85.000000	82.380000	76.000000	78.200000	96.200000	114.700000	111.340000	96.380000	80.000000	37.210000	33.000000	15.200000	7.000000	22.000000	84.360000	96.030000	110.990000	116.860000	110.190000	102.310000	99.900000	96.140000	0.338000	0.000000	0.330000	0.000000	0.311000	0.000000	0.289000	0.000000	0.264000	0.000000	0.236000	0.000000	0.231000	0.000000	0.230000	0.073000	0.199000	0.291000	0.144000	0.454000	52.670000	92.008700	93.718300	110.087000	109.411000	127.290000	137.001000	161.846000	141.689000	118.798000	108.803000	96.469500	0.000000	0.476500	0.000000	0.565600	0.000000	0.504500	0.000000	0.307300	0.001218	0.212900	0.000000	0.108900	0.013568	0.017000	0.040056	0.000000	0.085615	0.000000	0.160238	0.000000	0.172294	0.000000	0.144594	0.000000	0.070870	0.000000	0.039089	0.000000	0.057064	0.629116	0.678183	1.710590	3.071890	0.817554	0.382509	0.289488	0.000000	0.235899	13.513500	40.905900	55.275600	393.838000	44.729100	11.456000	0.000000	3.924250	17.818700	14.738300	0.712550	0.618737	0.486517	0.188713	
   24	109.000000	101.710000	99.390000	85.380000	80.660000	80.200000	84.100000	105.720000	109.000000	79.900000	50.240000	45.200000	33.490000	15.200000	7.000000	5.000000	65.630000	106.700000	115.890000	116.860000	109.690000	96.730000	88.920000	78.200000	20.000000	20.280000	16.720000	26.520000	27.360000	28.200000	79.800000	64.000000	79.480000	74.000000	36.720000	28.000000	23.200000	14.000000	10.000000	22.800000	58.800000	75.960000	16.240000	13.400000	19.880000	43.960000	55.760000	55.480000	95.180000	94.470000	94.580000	85.380000	76.990000	78.480000	95.770000	109.220000	109.330000	84.900000	55.140000	40.200000	34.490000	15.200000	2.020000	3.000000	77.440000	104.710000	116.490000	118.280000	111.690000	106.730000	103.200000	93.140000	82.840000	82.840000	85.000000	82.380000	76.000000	78.200000	96.200000	114.700000	111.340000	96.380000	80.000000	37.210000	33.000000	15.200000	7.000000	22.000000	84.360000	96.030000	110.990000	116.860000	110.190000	102.310000	99.900000	96.140000	0.338000	0.000000	0.330000	0.000000	0.311000	0.000000	0.289000	0.000000	0.264000	0.000000	0.236000	0.000000	0.231000	0.000000	0.230000	0.073000	0.199000	0.291000	0.144000	0.454000	52.670000	87.979500	84.940700	95.212500	100.955000	119.500000	131.027000	173.670000	181.975000	120.954000	112.308000	106.177000	0.001648	0.498600	0.000000	1.097900	0.000000	0.766000	0.000000	0.454800	0.000000	0.281100	0.000000	0.174800	0.000000	0.023400	0.000000	0.000000	0.000000	0.000000	0.000000	0.000000	0.015996	0.000000	0.023933	0.000000	0.000000	0.000000	0.000000	0.000000	0.057064	1.297650	1.594910	2.075370	9.737780	0.141893	0.731425	0.684898	1.260620	2.290430	0.000000	45.213300	34.008400	218.493000	52.092200	0.000000	0.000000	1.947400	8.866320	1.149730	0.505312	0.504807	0.394010	0.315855	
   25	109.000000	101.710000	99.390000	85.380000	80.660000	80.200000	84.100000	105.720000	109.000000	79.900000	50.240000	45.200000	33.490000	15.200000	7.000000	5.000000	65.630000	106.700000	115.890000	116.860000	109.690000	96.730000	88.920000	78.200000	20.000000	20.280000	16.720000	26.520000	27.360000	28.200000	79.800000	64.000000	79.480000	74.000000	36.720000	28.000000	23.200000	14.000000	10.000000	22.800000	58.800000	75.960000	16.240000	13.400000	19.880000	43.960000	55.760000	55.480000	95.180000	94.470000	94.580000	85.380000	76.990000	78.480000	95.770000	109.220000	109.330000	84.900000	55.140000	40.200000	34.490000	15.200000	2.020000	3.000000	77.440000	104.710000	116.490000	118.280000	111.690000	106.730000	103.200000	93.140000	82.840000	82.840000	85.000000	82.380000	76.000000	78.200000	96.200000	114.700000	111.340000	96.380000	80.000000	37.210000	33.000000	15.200000	7.000000	22.000000	84.360000	96.030000	110.990000	116.860000	110.190000	102.310000	99.900000	96.140000	0.338000	0.000000	0.330000	0.000000	0.311000	0.000000	0.289000	0.000000	0.264000	0.000000	0.236000	0.000000	0.231000	0.000000	0.230000	0.073000	0.199000	0.291000	0.144000	0.454000	52.670000	106.581000	82.374100	99.447600	128.500000	142.416000	152.906000	167.564000	148.251000	118.125000	107.550000	104.068000	0.000000	0.772800	0.041676	0.633600	0.014945	0.614300	0.000000	0.584000	0.000000	0.360900	0.000000	0.169600	0.000000	0.027400	0.000000	0.000000	0.000000	0.000000	0.000000	0.000000	0.000000	0.000000	0.000000	0.000000	0.000000	0.000000	0.000000	0.000000	0.057064	0.492565	0.603704	1.411360	1.869410	1.050850	0.374524	0.346965	0.560261	1.431830	20.865300	30.967000	45.715900	291.385000	0.000000	2.626470	4.912460	2.853100	0.000000	1.658510	0.674380	0.607100	0.311153	0.000000	
   26	109.000000	101.710000	99.390000	85.380000	80.660000	80.200000	84.100000	105.720000	109.000000	79.900000	50.240000	45.200000	33.490000	15.200000	7.000000	5.000000	65.630000	106.700000	115.890000	116.860000	109.690000	96.730000	88.920000	78.200000	20.000000	20.280000	16.720000	26.520000	27.360000	28.200000	79.800000	64.000000	79.480000	74.000000	36.720000	28.000000	23.200000	14.000000	10.000000	22.800000	58.800000	75.960000	16.240000	13.400000	19.880000	43.960000	55.760000	55.480000	95.180000	94.470000	94.580000	85.380000	76.990000	78.480000	95.770000	109.220000	109.330000	84.900000	55.140000	40.200000	34.490000	15.200000	2.020000	3.000000	77.440000	104.710000	116.490000	118.280000	111.690000	106.730000	103.200000	93.140000	82.840000	82.840000	85.000000	82.380000	76.000000	78.200000	96.200000	114.700000	111.340000	96.380000	80.000000	37.210000	33.000000	15.200000	7.000000	22.000000	84.360000	96.030000	110.990000	116.860000	110.190000	102.310000	99.900000	96.140000	0.338000	0.000000	0.330000	0.000000	0.311000	0.000000	0.289000	0.000000	0.264000	0.000000	0.236000	0.000000	0.231000	0.000000	0.230000	0.073000	0.199000	0.291000	0.144000	0.454000	52.670000	73.984000	81.503000	96.774200	102.769000	116.203000	126.635000	156.624000	164.934000	131.055000	109.597000	106.076000	0.090503	0.531600	0.036027	0.671800	0.011316	1.095200	0.001744	0.625700	0.000000	0.287800	0.000000	0.148200	0.000000	0.022900	0.000000	0.000000	0.000000	0.000000	0.000000	0.000000	0.000000	0.000000	0.000000	0.000000	0.000000	0.000000	0.000000	0.000000	0.057064	0.837221	0.615924	1.325010	1.907860	0.981717	0.500225	0.277601	0.521554	0.000000	17.579700	32.870700	41.711800	219.274000	25.827400	2.643400	3.811500	2.636660	0.000000	1.613300	0.514011	0.517850	0.406603	0.098559	
   27	109.000000	101.710000	99.390000	85.380000	80.660000	80.200000	84.100000	105.720000	109.000000	79.900000	50.240000	45.200000	33.490000	15.200000	7.000000	5.000000	65.630000	106.700000	115.890000	116.860000	109.690000	96.730000	88.920000	78.200000	20.000000	20.280000	16.720000	26.520000	27.360000	28.200000	79.800000	64.000000	79.480000	74.000000	36.720000	28.000000	23.200000	14.000000	10.000000	22.800000	58.800000	75.960000	16.240000	13.400000	19.880000	43.960000	55.760000	55.480000	95.180000	94.470000	94.580000	85.380000	76.990000	78.480000	95.770000	109.220000	109.330000	84.900000	55.140000	40.200000	34.490000	15.200000	2.020000	3.000000	77.440000	104.710000	116.490000	118.280000	111.690000	106.730000	103.200000	93.140000	82.840000	82.840000	85.000000	82.380000	76.000000	78.200000	96.200000	114.700000	111.340000	96.380000	80.000000	37.210000	33.000000	15.200000	7.000000	22.000000	84.360000	96.030000	110.990000	116.860000	110.190000	102.310000	99.900000	96.140000	0.338000	0.000000	0.330000	0.000000	0.311000	0.000000	0.289000	0.000000	0.264000	0.000000	0.236000	0.000000	0.231000	0.000000	0.230000	0.073000	0.199000	0.291000	0.144000	0.454000	52.670000	92.763600	93.416300	110.423000	108.376000	127.166000	174.667000	168.995000	137.504000	110.412000	110.341000	98.473000	0.071146	1.454100	0.009576	0.892000	0.015263	0.615600	0.027044	0.447300	0.032386	0.433700	0.033042	0.208500	0.045938	0.031000	0.051899	0.000000	0.044258	0.000000	0.114333	0.000000	0.130147	0.000000	0.075234	0.000000	0.000000	0.000000	0.000000	0.000000	0.057064	0.669124	0.651791	1.437620	1.896740	1.287850	0.310473	0.251956	0.590317	0.599715	29.519500	34.714300	44.774900	532.651000	61.690500	14.659200	0.000000	1.666460	3.848120	0.734985	0.388593	0.502124	0.142058	0.145521	
   28	109.000000	101.710000	99.390000	85.380000	80.660000	80.200000	84.100000	105.720000	109.000000	79.900000	50.240000	45.200000	33.490000	15.200000	7.000000	5.000000	65.630000	106.700000	115.890000	116.860000	109.690000	96.730000	88.920000	78.200000	20.000000	20.280000	16.720000	26.520000	27.360000	28.200000	79.800000	64.000000	79.480000	74.000000	36.720000	28.000000	23.200000	14.000000	10.000000	22.800000	58.800000	75.960000	16.240000	13.400000	19.880000	43.960000	55.760000	55.480000	95.180000	94.470000	94.580000	85.380000	76.990000	78.480000	95.770000	109.220000	109.330000	84.900000	55.140000	40.200000	34.490000	15.200000	2.020000	3.000000	77.440000	104.710000	116.490000	118.280000	111.690000	106.730000	103.200000	93.140000	82.840000	82.840000	85.000000	82.380000	76.000000	78.200000	96.200000	114.700000	111.340000	96.380000	80.000000	37.210000	33.000000	15.200000	7.000000	22.000000	84.360000	96.030000	110.990000	116.860000	110.190000	102.310000	99.900000	96.140000	0.338000	0.000000	0.330000	0.000000	0.311000	0.000000	0.289000	0.000000	0.264000	0.000000	0.236000	0.000000	0.231000	0.000000	0.230000	0.073000	0.199000	0.291000	0.144000	0.454000	52.670000	104.832000	103.613000	112.538000	122.729000	136.381000	146.162000	150.831000	154.231000	107.029000	103.991000	101.517000	0.000000	0.543800	0.000000	0.616600	0.000000	0.606100	0.000000	0.475700	0.000000	0.269900	0.000000	0.113700	0.000000	0.014100	0.000000	0.000000	0.000000	0.000000	0.000000	0.000000	0.000000	0.000000	0.000000	0.000000	0.000000	0.000000	0.000000	0.000000	0.057064	0.226551	0.000000	1.142510	1.703400	1.037560	0.857141	1.060730	0.031599	0.000000	18.733900	37.211400	43.764700	318.354000	29.057200	12.376200	0.284070	3.199300	0.000000	1.399930	0.490976	0.557306	0.586509	0.175194	
   29	109.000000	101.710000	99.390000	85.380000	80.660000	80.200000	84.100000	105.720000	109.000000	79.900000	50.240000	45.200000	33.490000	15.200000	7.000000	5.000000	65.630000	106.700000	115.890000	116.860000	109.690000	96.730000	88.920000	78.200000	20.000000	20.280000	16.720000	26.520000	27.360000	28.200000	79.800000	64.000000	79.480000	74.000000	36.720000	28.000000	23.200000	14.000000	10.000000	22.800000	58.800000	75.960000	16.240000	13.400000	19.880000	43.960000	55.760000	55.480000	95.180000	94.470000	94.580000	85.380000	76.990000	78.480000	95.770000	109.220000	109.330000	84.900000	55.140000	40.200000	34.490000	15.200000	2.020000	3.000000	77.440000	104.710000	116.490000	118.280000	111.690000	106.730000	103.200000	93.140000	82.840000	82.840000	85.000000	82.380000	76.000000	78.200000	96.200000	114.700000	111.340000	96.380000	80.000000	37.210000	33.000000	15.200000	7.000000	22.000000	84.360000	96.030000	110.990000	116.860000	110.190000	102.310000	99.900000	96.140000	0.338000	0.000000	0.330000	0.000000	0.311000	0.000000	0.289000	0.000000	0.264000	0.000000	0.236000	0.000000	0.231000	0.000000	0.230000	0.073000	0.199000	0.291000	0.144000	0.454000	52.670000	85.801600	86.681500	99.849300	105.900000	126.810000	130.921000	163.879000	140.174000	103.139000	105.313000	97.674100	0.021569	0.890500	0.000000	1.233300	0.000000	0.886700	0.000000	0.852600	0.000000	0.780700	0.000000	0.335800	0.000000	0.044800	0.000000	0.000000	0.000000	0.000000	0.000000	0.000000	0.000000	0.000000	0.000000	0.000000	0.000000	0.000000	0.000000	0.000000	0.057064	0.527467	0.646291	1.544380	2.950630	1.697620	0.394709	0.186673	0.667470	0.000000	45.150400	31.213400	28.125300	350.394000	52.293600	1.896820	0.000000	4.351370	0.000000	1.534930	0.439913	0.504821	0.216022	0.264682	
   30	109.000000	101.710000	99.390000	85.380000	80.660000	80.200000	84.100000	105.720000	109.000000	79.900000	50.240000	45.200000	33.490000	15.200000	7.000000	5.000000	65.630000	106.700000	115.890000	116.860000	109.690000	96.730000	88.920000	78.200000	20.000000	20.280000	16.720000	26.520000	27.360000	28.200000	79.800000	64.000000	79.480000	74.000000	36.720000	28.000000	23.200000	14.000000	10.000000	22.800000	58.800000	75.960000	16.240000	13.400000	19.880000	43.960000	55.760000	55.480000	95.180000	94.470000	94.580000	85.380000	76.990000	78.480000	95.770000	109.220000	109.330000	84.900000	55.140000	40.200000	34.490000	15.200000	2.020000	3.000000	77.440000	104.710000	116.490000	118.280000	111.690000	106.730000	103.200000	93.140000	82.840000	82.840000	85.000000	82.380000	76.000000	78.200000	96.200000	114.700000	111.340000	96.380000	80.000000	37.210000	33.000000	15.200000	7.000000	22.000000	84.360000	96.030000	110.990000	116.860000	110.190000	102.310000	99.900000	96.140000	0.338000	0.000000	0.330000	0.000000	0.311000	0.000000	0.289000	0.000000	0.264000	0.000000	0.236000	0.000000	0.231000	0.000000	0.230000	0.073000	0.199000	0.291000	0.144000	0.454000	52.670000	88.317600	87.750300	95.691700	102.207000	112.326000	131.196000	162.134000	149.548000	107.338000	109.873000	104.887000	0.037417	0.846600	0.000000	0.941700	0.000000	0.775500	0.027364	0.627600	0.000000	0.428900	0.041826	0.171600	0.045938	0.025600	0.051899	0.000000	0.081811	0.000000	0.114333	0.000000	0.130147	0.000000	0.127953	0.000000	0.073652	0.000000	0.075788	0.000000	0.057064	0.574861	0.678951	1.034450	1.878340	1.334830	0.000000	0.222405	0.000000	0.000000	20.439400	33.338000	39.788800	323.173000	11.107300	0.000000	0.000000	1.666460	3.848120	0.734985	0.388593	0.502124	0.142058	0.145521	
   31	109.000000	101.710000	99.390000	85.380000	80.660000	80.200000	84.100000	105.720000	109.000000	79.900000	50.240000	45.200000	33.490000	15.200000	7.000000	5.000000	65.630000	106.700000	115.890000	116.860000	109.690000	96.730000	88.920000	78.200000	20.000000	20.280000	16.720000	26.520000	27.360000	28.200000	79.800000	64.000000	79.480000	74.000000	36.720000	28.000000	23.200000	14.000000	10.000000	22.800000	58.800000	75.960000	16.240000	13.400000	19.880000	43.960000	55.760000	55.480000	95.180000	94.470000	94.580000	85.380000	76.990000	78.480000	95.770000	109.220000	109.330000	84.900000	55.140000	40.200000	34.490000	15.200000	2.020000	3.000000	77.440000	104.710000	116.490000	118.280000	111.690000	106.730000	103.200000	93.140000	82.840000	82.840000	85.000000	82.380000	76.000000	78.200000	96.200000	114.700000	111.340000	96.380000	80.000000	37.210000	33.000000	15.200000	7.000000	22.000000	84.360000	96.030000	110.990000	116.860000	110.190000	102.310000	99.900000	96.140000	0.338000	0.000000	0.330000	0.000000	0.311000	0.000000	0.289000	0.000000	0.264000	0.000000	0.236000	0.000000	0.231000	0.000000	0.230000	0.073000	0.199000	0.291000	0.144000	0.454000	52.670000	82.659300	84.054400	100.950000	126.349000	139.895000	154.997000	165.223000	160.305000	127.457000	116.143000	116.079000	0.000000	0.658100	0.000000	1.271100	0.000000	0.933400	0.000000	0.719300	0.000000	0.417200	0.032965	0.172300	0.099603	0.022400	0.000000	0.000000	0.000000	0.000000	0.057927	0.000000	0.041928	0.000000	0.000000	0.000000	0.000000	0.000000	0.000000	0.000000	0.057064	0.334721	0.221008	1.410220	2.148460	0.128821	0.259905	0.095633	0.298933	0.011956	4.245920	33.829100	25.751100	228.592000	47.531100	0.000000	0.000000	4.124480	0.000000	1.213550	0.231016	0.550090	0.470613	0.000000	
   32	109.000000	101.710000	99.390000	85.380000	80.660000	80.200000	84.100000	105.720000	109.000000	79.900000	50.240000	45.200000	33.490000	15.200000	7.000000	5.000000	65.630000	106.700000	115.890000	116.860000	109.690000	96.730000	88.920000	78.200000	20.000000	20.280000	16.720000	26.520000	27.360000	28.200000	79.800000	64.000000	79.480000	74.000000	36.720000	28.000000	23.200000	14.000000	10.000000	22.800000	58.800000	75.960000	16.240000	13.400000	19.880000	43.960000	55.760000	55.480000	95.180000	94.470000	94.580000	85.380000	76.990000	78.480000	95.770000	109.220000	109.330000	84.900000	55.140000	40.200000	34.490000	15.200000	2.020000	3.000000	77.440000	104.710000	116.490000	118.280000	111.690000	106.730000	103.200000	93.140000	82.840000	82.840000	85.000000	82.380000	76.000000	78.200000	96.200000	114.700000	111.340000	96.380000	80.000000	37.210000	33.000000	15.200000	7.000000	22.000000	84.360000	96.030000	110.990000	116.860000	110.190000	102.310000	99.900000	96.140000	0.338000	0.000000	0.330000	0.000000	0.311000	0.000000	0.289000	0.000000	0.264000	0.000000	0.236000	0.000000	0.231000	0.000000	0.230000	0.073000	0.199000	0.291000	0.144000	0.454000	52.670000	104.832000	103.613000	112.538000	122.729000	136.381000	146.162000	150.831000	154.231000	107.029000	103.991000	101.517000	0.000000	0.543800	0.092790	0.527100	0.080395	0.354800	0.078035	0.339200	0.051960	0.204600	0.000000	0.102300	0.000000	0.015900	0.000000	0.000000	0.000000	0.000000	0.000000	0.000000	0.015996	0.000000	0.023933	0.000000	0.000000	0.000000	0.000000	0.000000	0.057064	1.130280	0.830275	1.017580	1.328470	1.036800	0.999022	0.361088	0.493564	0.000000	23.322900	43.892400	29.870600	135.736000	62.139500	0.000000	0.000000	1.947400	8.866320	1.149730	0.505312	0.504807	0.394010	0.315855	
   33	109.000000	101.710000	99.390000	85.380000	80.660000	80.200000	84.100000	105.720000	109.000000	79.900000	50.240000	45.200000	33.490000	15.200000	7.000000	5.000000	65.630000	106.700000	115.890000	116.860000	109.690000	96.730000	88.920000	78.200000	20.000000	20.280000	16.720000	26.520000	27.360000	28.200000	79.800000	64.000000	79.480000	74.000000	36.720000	28.000000	23.200000	14.000000	10.000000	22.800000	58.800000	75.960000	16.240000	13.400000	19.880000	43.960000	55.760000	55.480000	95.180000	94.470000	94.580000	85.380000	76.990000	78.480000	95.770000	109.220000	109.330000	84.900000	55.140000	40.200000	34.490000	15.200000	2.020000	3.000000	77.440000	104.710000	116.490000	118.280000	111.690000	106.730000	103.200000	93.140000	82.840000	82.840000	85.000000	82.380000	76.000000	78.200000	96.200000	114.700000	111.340000	96.380000	80.000000	37.210000	33.000000	15.200000	7.000000	22.000000	84.360000	96.030000	110.990000	116.860000	110.190000	102.310000	99.900000	96.140000	0.338000	0.000000	0.330000	0.000000	0.311000	0.000000	0.289000	0.000000	0.264000	0.000000	0.236000	0.000000	0.231000	0.000000	0.230000	0.073000	0.199000	0.291000	0.144000	0.454000	52.670000	95.851500	99.279200	111.493000	106.796000	138.720000	144.081000	165.693000	132.133000	100.993000	103.160000	96.270100	0.000000	0.449300	0.000000	0.393000	0.000000	0.302400	0.000000	0.304700	0.000000	0.235600	0.000000	0.080000	0.000000	0.016100	0.000000	0.000000	0.046830	0.000000	0.160997	0.000000	0.196164	0.000000	0.165185	0.000000	0.085999	0.000000	0.001012	0.000000	0.057064	1.316380	1.300570	0.961432	1.883730	0.841466	1.307370	0.313589	0.517094	0.000000	8.585080	36.967900	39.616900	185.646000	48.448600	12.422600	0.000000	4.062600	0.000000	1.655140	0.474047	0.658400	0.396838	0.308017	
   34	109.000000	101.710000	99.390000	85.380000	80.660000	80.200000	84.100000	105.720000	109.000000	79.900000	50.240000	45.200000	33.490000	15.200000	7.000000	5.000000	65.630000	106.700000	115.890000	116.860000	109.690000	96.730000	88.920000	78.200000	20.000000	20.280000	16.720000	26.520000	27.360000	28.200000	79.800000	64.000000	79.480000	74.000000	36.720000	28.000000	23.200000	14.000000	10.000000	22.800000	58.800000	75.960000	16.240000	13.400000	19.880000	43.960000	55.760000	55.480000	95.180000	94.470000	94.580000	85.380000	76.990000	78.480000	95.770000	109.220000	109.330000	84.900000	55.140000	40.200000	34.490000	15.200000	2.020000	3.000000	77.440000	104.710000	116.490000	118.280000	111.690000	106.730000	103.200000	93.140000	82.840000	82.840000	85.000000	82.380000	76.000000	78.200000	96.200000	114.700000	111.340000	96.380000	80.000000	37.210000	33.000000	15.200000	7.000000	22.000000	84.360000	96.030000	110.990000	116.860000	110.190000	102.310000	99.900000	96.140000	0.338000	0.000000	0.330000	0.000000	0.311000	0.000000	0.289000	0.000000	0.264000	0.000000	0.236000	0.000000	0.231000	0.000000	0.230000	0.073000	0.199000	0.291000	0.144000	0.454000	52.670000	91.236800	94.356400	109.250000	109.657000	127.244000	143.306000	161.163000	166.098000	118.145000	108.692000	104.681000	0.000000	0.449800	0.000000	0.486800	0.000000	0.549200	0.000000	0.449200	0.000000	0.426900	0.000000	0.184500	0.000000	0.025100	0.088356	0.000000	0.135977	0.000000	0.208236	0.000000	0.244567	0.000000	0.248153	0.000000	0.054479	0.000000	0.039089	0.000000	0.057064	0.492565	0.068753	1.892220	2.690830	0.000000	0.000000	0.000000	0.009162	0.000000	5.765940	44.824300	68.616800	127.776000	13.927500	18.519900	0.000000	0.630920	14.323000	0.698077	0.359044	0.490646	0.426809	0.528834	
   35	109.000000	101.710000	99.390000	85.380000	80.660000	80.200000	84.100000	105.720000	109.000000	79.900000	50.240000	45.200000	33.490000	15.200000	7.000000	5.000000	65.630000	106.700000	115.890000	116.860000	109.690000	96.730000	88.920000	78.200000	20.000000	20.280000	16.720000	26.520000	27.360000	28.200000	79.800000	64.000000	79.480000	74.000000	36.720000	28.000000	23.200000	14.000000	10.000000	22.800000	58.800000	75.960000	16.240000	13.400000	19.880000	43.960000	55.760000	55.480000	95.180000	94.470000	94.580000	85.380000	76.990000	78.480000	95.770000	109.220000	109.330000	84.900000	55.140000	40.200000	34.490000	15.200000	2.020000	3.000000	77.440000	104.710000	116.490000	118.280000	111.690000	106.730000	103.200000	93.140000	82.840000	82.840000	85.000000	82.380000	76.000000	78.200000	96.200000	114.700000	111.340000	96.380000	80.000000	37.210000	33.000000	15.200000	7.000000	22.000000	84.360000	96.030000	110.990000	116.860000	110.190000	102.310000	99.900000	96.140000	0.338000	0.000000	0.330000	0.000000	0.311000	0.000000	0.289000	0.000000	0.264000	0.000000	0.236000	0.000000	0.231000	0.000000	0.230000	0.073000	0.199000	0.291000	0.144000	0.454000	52.670000	88.317600	87.750300	95.691700	102.207000	112.326000	131.196000	162.134000	149.548000	107.338000	109.873000	104.887000	0.037417	0.846600	0.000000	0.941700	0.000000	0.775500	0.027364	0.627600	0.000000	0.428900	0.041826	0.171600	0.045938	0.025600	0.051899	0.000000	0.081811	0.000000	0.114333	0.000000	0.130147	0.000000	0.127953	0.000000	0.073652	0.000000	0.075788	0.000000	0.057064	0.574861	0.678951	1.034450	1.878340	1.334830	0.000000	0.222405	0.000000	0.000000	20.439400	33.338000	39.788800	323.173000	11.107300	0.000000	0.000000	1.666460	3.848120	0.734985	0.388593	0.502124	0.142058	0.145521	
   36	109.000000	101.710000	99.390000	85.380000	80.660000	80.200000	84.100000	105.720000	109.000000	79.900000	50.240000	45.200000	33.490000	15.200000	7.000000	5.000000	65.630000	106.700000	115.890000	116.860000	109.690000	96.730000	88.920000	78.200000	20.000000	20.280000	16.720000	26.520000	27.360000	28.200000	79.800000	64.000000	79.480000	74.000000	36.720000	28.000000	23.200000	14.000000	10.000000	22.800000	58.800000	75.960000	16.240000	13.400000	19.880000	43.960000	55.760000	55.480000	95.180000	94.470000	94.580000	85.380000	76.990000	78.480000	95.770000	109.220000	109.330000	84.900000	55.140000	40.200000	34.490000	15.200000	2.020000	3.000000	77.440000	104.710000	116.490000	118.280000	111.690000	106.730000	103.200000	93.140000	82.840000	82.840000	85.000000	82.380000	76.000000	78.200000	96.200000	114.700000	111.340000	96.380000	80.000000	37.210000	33.000000	15.200000	7.000000	22.000000	84.360000	96.030000	110.990000	116.860000	110.190000	102.310000	99.900000	96.140000	0.338000	0.000000	0.330000	0.000000	0.311000	0.000000	0.289000	0.000000	0.264000	0.000000	0.236000	0.000000	0.231000	0.000000	0.230000	0.073000	0.199000	0.291000	0.144000	0.454000	52.670000	96.634500	101.983000	116.826000	119.474000	127.484000	134.209000	171.424000	172.038000	118.611000	108.631000	103.434000	0.000000	0.870900	0.000000	1.102200	0.000000	1.049000	0.000000	0.787700	0.000000	0.426800	0.000000	0.217800	0.000000	0.027600	0.000000	0.000000	0.000000	0.000000	0.028932	0.000000	0.104712	0.000000	0.111528	0.000000	0.073286	0.000000	0.062623	0.000000	0.057064	0.997799	0.901225	1.581570	1.935440	0.986593	0.442090	0.203970	0.286780	0.096403	18.684000	32.267300	44.463800	302.137000	23.876500	0.534650	7.111210	2.960980	0.000000	1.334450	0.443273	0.463446	0.383585	0.318467	
   37	109.000000	101.710000	99.390000	85.380000	80.660000	80.200000	84.100000	105.720000	109.000000	79.900000	50.240000	45.200000	33.490000	15.200000	7.000000	5.000000	65.630000	106.700000	115.890000	116.860000	109.690000	96.730000	88.920000	78.200000	20.000000	20.280000	16.720000	26.520000	27.360000	28.200000	79.800000	64.000000	79.480000	74.000000	36.720000	28.000000	23.200000	14.000000	10.000000	22.800000	58.800000	75.960000	16.240000	13.400000	19.880000	43.960000	55.760000	55.480000	95.180000	94.470000	94.580000	85.380000	76.990000	78.480000	95.770000	109.220000	109.330000	84.900000	55.140000	40.200000	34.490000	15.200000	2.020000	3.000000	77.440000	104.710000	116.490000	118.280000	111.690000	106.730000	103.200000	93.140000	82.840000	82.840000	85.000000	82.380000	76.000000	78.200000	96.200000	114.700000	111.340000	96.380000	80.000000	37.210000	33.000000	15.200000	7.000000	22.000000	84.360000	96.030000	110.990000	116.860000	110.190000	102.310000	99.900000	96.140000	0.338000	0.000000	0.330000	0.000000	0.311000	0.000000	0.289000	0.000000	0.264000	0.000000	0.236000	0.000000	0.231000	0.000000	0.230000	0.073000	0.199000	0.291000	0.144000	0.454000	52.670000	87.979500	84.940700	95.212500	100.955000	119.500000	131.027000	173.670000	181.975000	120.954000	112.308000	106.177000	0.001648	0.498600	0.104288	0.438500	0.126429	0.494900	0.127262	0.450300	0.105367	0.345300	0.062735	0.130300	0.011920	0.025700	0.000000	0.000000	0.000000	0.000000	0.021952	0.000000	0.070498	0.000000	0.073023	0.000000	0.000000	0.000000	0.000000	0.000000	0.057064	0.678204	0.824712	1.369920	2.628270	0.791463	0.507981	0.245294	0.517135	0.000000	17.282000	32.944800	35.324400	268.823000	34.214300	0.041663	7.150540	2.803980	0.000000	1.364440	0.600543	0.590479	0.216022	0.264682	
   38	109.000000	101.710000	99.390000	85.380000	80.660000	80.200000	84.100000	105.720000	109.000000	79.900000	50.240000	45.200000	33.490000	15.200000	7.000000	5.000000	65.630000	106.700000	115.890000	116.860000	109.690000	96.730000	88.920000	78.200000	20.000000	20.280000	16.720000	26.520000	27.360000	28.200000	79.800000	64.000000	79.480000	74.000000	36.720000	28.000000	23.200000	14.000000	10.000000	22.800000	58.800000	75.960000	16.240000	13.400000	19.880000	43.960000	55.760000	55.480000	95.180000	94.470000	94.580000	85.380000	76.990000	78.480000	95.770000	109.220000	109.330000	84.900000	55.140000	40.200000	34.490000	15.200000	2.020000	3.000000	77.440000	104.710000	116.490000	118.280000	111.690000	106.730000	103.200000	93.140000	82.840000	82.840000	85.000000	82.380000	76.000000	78.200000	96.200000	114.700000	111.340000	96.380000	80.000000	37.210000	33.000000	15.200000	7.000000	22.000000	84.360000	96.030000	110.990000	116.860000	110.190000	102.310000	99.900000	96.140000	0.338000	0.000000	0.330000	0.000000	0.311000	0.000000	0.289000	0.000000	0.264000	0.000000	0.236000	0.000000	0.231000	0.000000	0.230000	0.073000	0.199000	0.291000	0.144000	0.454000	52.670000	88.317600	87.750300	95.691700	102.207000	112.326000	131.196000	162.134000	149.548000	107.338000	109.873000	104.887000	0.037417	0.846600	0.000000	0.941700	0.000000	0.775500	0.027364	0.627600	0.000000	0.428900	0.041826	0.171600	0.045938	0.025600	0.051899	0.000000	0.081811	0.000000	0.114333	0.000000	0.130147	0.000000	0.127953	0.000000	0.073652	0.000000	0.075788	0.000000	0.057064	0.574861	0.678951	1.034450	1.878340	1.334830	0.000000	0.222405	0.000000	0.000000	20.439400	33.338000	39.788800	323.173000	11.107300	0.000000	0.000000	1.666460	3.848120	0.734985	0.388593	0.502124	0.142058	0.145521	
   39	109.000000	101.710000	99.390000	85.380000	80.660000	80.200000	84.100000	105.720000	109.000000	79.900000	50.240000	45.200000	33.490000	15.200000	7.000000	5.000000	65.630000	106.700000	115.890000	116.860000	109.690000	96.730000	88.920000	78.200000	20.000000	20.280000	16.720000	26.520000	27.360000	28.200000	79.800000	64.000000	79.480000	74.000000	36.720000	28.000000	23.200000	14.000000	10.000000	22.800000	58.800000	75.960000	16.240000	13.400000	19.880000	43.960000	55.760000	55.480000	95.180000	94.470000	94.580000	85.380000	76.990000	78.480000	95.770000	109.220000	109.330000	84.900000	55.140000	40.200000	34.490000	15.200000	2.020000	3.000000	77.440000	104.710000	116.490000	118.280000	111.690000	106.730000	103.200000	93.140000	82.840000	82.840000	85.000000	82.380000	76.000000	78.200000	96.200000	114.700000	111.340000	96.380000	80.000000	37.210000	33.000000	15.200000	7.000000	22.000000	84.360000	96.030000	110.990000	116.860000	110.190000	102.310000	99.900000	96.140000	0.338000	0.000000	0.330000	0.000000	0.311000	0.000000	0.289000	0.000000	0.264000	0.000000	0.236000	0.000000	0.231000	0.000000	0.230000	0.073000	0.199000	0.291000	0.144000	0.454000	52.670000	96.634500	101.983000	116.826000	119.474000	127.484000	134.209000	171.424000	172.038000	118.611000	108.631000	103.434000	0.000000	0.870900	0.000000	1.102200	0.000000	1.049000	0.000000	0.787700	0.000000	0.426800	0.000000	0.217800	0.000000	0.027600	0.000000	0.000000	0.000000	0.000000	0.028932	0.000000	0.104712	0.000000	0.111528	0.000000	0.073286	0.000000	0.062623	0.000000	0.057064	0.997799	0.901225	1.581570	1.935440	0.986593	0.442090	0.203970	0.286780	0.096403	18.684000	32.267300	44.463800	302.137000	23.876500	0.534650	7.111210	2.960980	0.000000	1.334450	0.443273	0.463446	0.383585	0.318467	
   40	109.000000	101.710000	99.390000	85.380000	80.660000	80.200000	84.100000	105.720000	109.000000	79.900000	50.240000	45.200000	33.490000	15.200000	7.000000	5.000000	65.630000	106.700000	115.890000	116.860000	109.690000	96.730000	88.920000	78.200000	20.000000	20.280000	16.720000	26.520000	27.360000	28.200000	79.800000	64.000000	79.480000	74.000000	36.720000	28.000000	23.200000	14.000000	10.000000	22.800000	58.800000	75.960000	16.240000	13.400000	19.880000	43.960000	55.760000	55.480000	95.180000	94.470000	94.580000	85.380000	76.990000	78.480000	95.770000	109.220000	109.330000	84.900000	55.140000	40.200000	34.490000	15.200000	2.020000	3.000000	77.440000	104.710000	116.490000	118.280000	111.690000	106.730000	103.200000	93.140000	82.840000	82.840000	85.000000	82.380000	76.000000	78.200000	96.200000	114.700000	111.340000	96.380000	80.000000	37.210000	33.000000	15.200000	7.000000	22.000000	84.360000	96.030000	110.990000	116.860000	110.190000	102.310000	99.900000	96.140000	0.338000	0.000000	0.330000	0.000000	0.311000	0.000000	0.289000	0.000000	0.264000	0.000000	0.236000	0.000000	0.231000	0.000000	0.230000	0.073000	0.199000	0.291000	0.144000	0.454000	52.670000	85.801600	86.681500	99.849300	105.900000	126.810000	130.921000	163.879000	140.174000	103.139000	105.313000	97.674100	0.021569	0.890500	0.000000	0.704100	0.001229	0.495900	0.003995	0.374700	0.001760	0.267800	0.000714	0.160500	0.000000	0.027500	0.000000	0.000000	0.007522	0.000000	0.081088	0.000000	0.093143	0.000000	0.082759	0.000000	0.032844	0.000000	0.002951	0.000000	0.057064	0.818604	0.384342	0.898598	1.092320	0.628940	0.145967	0.000000	0.655507	0.000000	10.242600	33.247600	70.614600	454.137000	0.000000	0.000000	6.729120	3.234280	0.000000	1.323060	0.000000	0.558259	0.431438	0.429247	
   41	109.000000	101.710000	99.390000	85.380000	80.660000	80.200000	84.100000	105.720000	109.000000	79.900000	50.240000	45.200000	33.490000	15.200000	7.000000	5.000000	65.630000	106.700000	115.890000	116.860000	109.690000	96.730000	88.920000	78.200000	20.000000	20.280000	16.720000	26.520000	27.360000	28.200000	79.800000	64.000000	79.480000	74.000000	36.720000	28.000000	23.200000	14.000000	10.000000	22.800000	58.800000	75.960000	16.240000	13.400000	19.880000	43.960000	55.760000	55.480000	95.180000	94.470000	94.580000	85.380000	76.990000	78.480000	95.770000	109.220000	109.330000	84.900000	55.140000	40.200000	34.490000	15.200000	2.020000	3.000000	77.440000	104.710000	116.490000	118.280000	111.690000	106.730000	103.200000	93.140000	82.840000	82.840000	85.000000	82.380000	76.000000	78.200000	96.200000	114.700000	111.340000	96.380000	80.000000	37.210000	33.000000	15.200000	7.000000	22.000000	84.360000	96.030000	110.990000	116.860000	110.190000	102.310000	99.900000	96.140000	0.338000	0.000000	0.330000	0.000000	0.311000	0.000000	0.289000	0.000000	0.264000	0.000000	0.236000	0.000000	0.231000	0.000000	0.230000	0.073000	0.199000	0.291000	0.144000	0.454000	52.670000	104.832000	103.613000	112.538000	122.729000	136.381000	146.162000	150.831000	154.231000	107.029000	103.991000	101.517000	0.000000	0.543800	0.000000	0.347600	0.009511	0.334600	0.030596	0.320900	0.032586	0.237500	0.002960	0.153800	0.000000	0.020300	0.000000	0.000000	0.000000	0.000000	0.000000	0.000000	0.000000	0.000000	0.000000	0.000000	0.000000	0.000000	0.000000	0.000000	0.057064	0.730049	0.591369	1.106570	1.724040	0.427496	0.754875	0.487641	0.574777	0.000000	3.718430	42.032700	50.794300	304.913000	38.294100	0.000000	0.000000	2.557390	0.000000	1.372270	0.322515	0.523236	0.300746	0.037688	
   42	109.000000	101.710000	99.390000	85.380000	80.660000	80.200000	84.100000	105.720000	109.000000	79.900000	50.240000	45.200000	33.490000	15.200000	7.000000	5.000000	65.630000	106.700000	115.890000	116.860000	109.690000	96.730000	88.920000	78.200000	20.000000	20.280000	16.720000	26.520000	27.360000	28.200000	79.800000	64.000000	79.480000	74.000000	36.720000	28.000000	23.200000	14.000000	10.000000	22.800000	58.800000	75.960000	16.240000	13.400000	19.880000	43.960000	55.760000	55.480000	95.180000	94.470000	94.580000	85.380000	76.990000	78.480000	95.770000	109.220000	109.330000	84.900000	55.140000	40.200000	34.490000	15.200000	2.020000	3.000000	77.440000	104.710000	116.490000	118.280000	111.690000	106.730000	103.200000	93.140000	82.840000	82.840000	85.000000	82.380000	76.000000	78.200000	96.200000	114.700000	111.340000	96.380000	80.000000	37.210000	33.000000	15.200000	7.000000	22.000000	84.360000	96.030000	110.990000	116.860000	110.190000	102.310000	99.900000	96.140000	0.338000	0.000000	0.330000	0.000000	0.311000	0.000000	0.289000	0.000000	0.264000	0.000000	0.236000	0.000000	0.231000	0.000000	0.230000	0.073000	0.199000	0.291000	0.144000	0.454000	52.670000	95.851500	99.279200	111.493000	106.796000	138.720000	144.081000	165.693000	132.133000	100.993000	103.160000	96.270100	0.184607	1.197000	0.141157	0.983200	0.129030	1.090000	0.112480	0.725200	0.090304	0.503700	0.084279	0.154600	0.090544	0.021400	0.089864	0.000000	0.081859	0.000000	0.132329	0.000000	0.161841	0.000000	0.141854	0.000000	0.075727	0.000000	0.046224	0.000000	0.057064	0.669617	0.637571	1.347620	1.837440	1.057100	0.436094	0.315066	0.368424	0.000000	26.860100	21.679100	19.646000	420.975000	46.471700	3.265620	8.719650	3.297040	2.687750	1.182590	0.503948	0.524767	0.306146	0.221709	
   43	109.000000	101.710000	99.390000	85.380000	80.660000	80.200000	84.100000	105.720000	109.000000	79.900000	50.240000	45.200000	33.490000	15.200000	7.000000	5.000000	65.630000	106.700000	115.890000	116.860000	109.690000	96.730000	88.920000	78.200000	20.000000	20.280000	16.720000	26.520000	27.360000	28.200000	79.800000	64.000000	79.480000	74.000000	36.720000	28.000000	23.200000	14.000000	10.000000	22.800000	58.800000	75.960000	16.240000	13.400000	19.880000	43.960000	55.760000	55.480000	95.180000	94.470000	94.580000	85.380000	76.990000	78.480000	95.770000	109.220000	109.330000	84.900000	55.140000	40.200000	34.490000	15.200000	2.020000	3.000000	77.440000	104.710000	116.490000	118.280000	111.690000	106.730000	103.200000	93.140000	82.840000	82.840000	85.000000	82.380000	76.000000	78.200000	96.200000	114.700000	111.340000	96.380000	80.000000	37.210000	33.000000	15.200000	7.000000	22.000000	84.360000	96.030000	110.990000	116.860000	110.190000	102.310000	99.900000	96.140000	0.338000	0.000000	0.330000	0.000000	0.311000	0.000000	0.289000	0.000000	0.264000	0.000000	0.236000	0.000000	0.231000	0.000000	0.230000	0.073000	0.199000	0.291000	0.144000	0.454000	52.670000	82.659300	84.054400	100.950000	126.349000	139.895000	154.997000	165.223000	160.305000	127.457000	116.143000	116.079000	0.000000	0.658100	0.000000	0.495700	0.000000	0.568400	0.003014	0.739300	0.015972	0.441500	0.033042	0.165300	0.045938	0.018900	0.051899	0.000000	0.044258	0.000000	0.114333	0.000000	0.130147	0.000000	0.075234	0.000000	0.000000	0.000000	0.000000	0.000000	0.057064	0.581182	0.547631	1.214910	1.763320	1.033840	0.571538	0.183239	0.506266	0.000000	25.181300	44.078400	44.856900	235.747000	57.405700	14.659200	0.000000	1.666460	3.848120	0.734985	0.388593	0.502124	0.142058	0.145521	
   44	109.000000	101.710000	99.390000	85.380000	80.660000	80.200000	84.100000	105.720000	109.000000	79.900000	50.240000	45.200000	33.490000	15.200000	7.000000	5.000000	65.630000	106.700000	115.890000	116.860000	109.690000	96.730000	88.920000	78.200000	20.000000	20.280000	16.720000	26.520000	27.360000	28.200000	79.800000	64.000000	79.480000	74.000000	36.720000	28.000000	23.200000	14.000000	10.000000	22.800000	58.800000	75.960000	16.240000	13.400000	19.880000	43.960000	55.760000	55.480000	95.180000	94.470000	94.580000	85.380000	76.990000	78.480000	95.770000	109.220000	109.330000	84.900000	55.140000	40.200000	34.490000	15.200000	2.020000	3.000000	77.440000	104.710000	116.490000	118.280000	111.690000	106.730000	103.200000	93.140000	82.840000	82.840000	85.000000	82.380000	76.000000	78.200000	96.200000	114.700000	111.340000	96.380000	80.000000	37.210000	33.000000	15.200000	7.000000	22.000000	84.360000	96.030000	110.990000	116.860000	110.190000	102.310000	99.900000	96.140000	0.338000	0.000000	0.330000	0.000000	0.311000	0.000000	0.289000	0.000000	0.264000	0.000000	0.236000	0.000000	0.231000	0.000000	0.230000	0.073000	0.199000	0.291000	0.144000	0.454000	52.670000	104.832000	103.613000	112.538000	122.729000	136.381000	146.162000	150.831000	154.231000	107.029000	103.991000	101.517000	0.000000	0.543800	0.049760	0.420800	0.004116	0.398300	0.000000	0.365000	0.000000	0.261900	0.000000	0.147200	0.000000	0.016300	0.000000	0.000000	0.007522	0.000000	0.081088	0.000000	0.093143	0.000000	0.082759	0.000000	0.032844	0.000000	0.002951	0.000000	0.057064	0.322811	0.298669	0.604441	0.525648	0.711276	0.216006	0.467850	0.216965	0.000000	13.496700	26.699800	31.533700	390.999000	34.877900	4.686610	6.729120	3.234280	0.000000	1.323060	0.000000	0.558259	0.431438	0.429247	
   45	109.000000	101.710000	99.390000	85.380000	80.660000	80.200000	84.100000	105.720000	109.000000	79.900000	50.240000	45.200000	33.490000	15.200000	7.000000	5.000000	65.630000	106.700000	115.890000	116.860000	109.690000	96.730000	88.920000	78.200000	20.000000	20.280000	16.720000	26.520000	27.360000	28.200000	79.800000	64.000000	79.480000	74.000000	36.720000	28.000000	23.200000	14.000000	10.000000	22.800000	58.800000	75.960000	16.240000	13.400000	19.880000	43.960000	55.760000	55.480000	95.180000	94.470000	94.580000	85.380000	76.990000	78.480000	95.770000	109.220000	109.330000	84.900000	55.140000	40.200000	34.490000	15.200000	2.020000	3.000000	77.440000	104.710000	116.490000	118.280000	111.690000	106.730000	103.200000	93.140000	82.840000	82.840000	85.000000	82.380000	76.000000	78.200000	96.200000	114.700000	111.340000	96.380000	80.000000	37.210000	33.000000	15.200000	7.000000	22.000000	84.360000	96.030000	110.990000	116.860000	110.190000	102.310000	99.900000	96.140000	0.338000	0.000000	0.330000	0.000000	0.311000	0.000000	0.289000	0.000000	0.264000	0.000000	0.236000	0.000000	0.231000	0.000000	0.230000	0.073000	0.199000	0.291000	0.144000	0.454000	52.670000	106.581000	105.344000	114.448000	99.953100	111.838000	132.842000	157.988000	141.194000	117.965000	110.115000	108.352000	0.024552	0.490400	0.000000	0.691300	0.000000	0.756600	0.000000	0.878400	0.009813	0.544000	0.004924	0.231900	0.000000	0.040300	0.000000	0.000000	0.000000	0.000000	0.049478	0.000000	0.074042	0.000000	0.059405	0.000000	0.036036	0.000000	0.085584	0.000000	0.057064	1.086680	1.011920	1.941420	2.261510	1.134280	0.619234	0.348667	0.533449	0.000000	18.367300	0.802504	4.825750	643.285000	34.112200	4.931250	9.536800	0.000000	0.000000	0.438287	0.582405	0.503353	0.587592	0.000000	
   46	109.000000	101.710000	99.390000	85.380000	80.660000	80.200000	84.100000	105.720000	109.000000	79.900000	50.240000	45.200000	33.490000	15.200000	7.000000	5.000000	65.630000	106.700000	115.890000	116.860000	109.690000	96.730000	88.920000	78.200000	20.000000	20.280000	16.720000	26.520000	27.360000	28.200000	79.800000	64.000000	79.480000	74.000000	36.720000	28.000000	23.200000	14.000000	10.000000	22.800000	58.800000	75.960000	16.240000	13.400000	19.880000	43.960000	55.760000	55.480000	95.180000	94.470000	94.580000	85.380000	76.990000	78.480000	95.770000	109.220000	109.330000	84.900000	55.140000	40.200000	34.490000	15.200000	2.020000	3.000000	77.440000	104.710000	116.490000	118.280000	111.690000	106.730000	103.200000	93.140000	82.840000	82.840000	85.000000	82.380000	76.000000	78.200000	96.200000	114.700000	111.340000	96.380000	80.000000	37.210000	33.000000	15.200000	7.000000	22.000000	84.360000	96.030000	110.990000	116.860000	110.190000	102.310000	99.900000	96.140000	0.338000	0.000000	0.330000	0.000000	0.311000	0.000000	0.289000	0.000000	0.264000	0.000000	0.236000	0.000000	0.231000	0.000000	0.230000	0.073000	0.199000	0.291000	0.144000	0.454000	52.670000	106.581000	82.374100	99.447600	128.500000	142.416000	152.906000	167.564000	148.251000	118.125000	107.550000	104.068000	0.000000	0.772800	0.041676	0.633600	0.014945	0.614300	0.000000	0.584000	0.000000	0.360900	0.000000	0.169600	0.000000	0.027400	0.000000	0.000000	0.000000	0.000000	0.000000	0.000000	0.000000	0.000000	0.000000	0.000000	0.000000	0.000000	0.000000	0.000000	0.057064	0.492565	0.603704	1.411360	1.869410	1.050850	0.374524	0.346965	0.560261	1.431830	20.865300	30.967000	45.715900	291.385000	0.000000	2.626470	4.912460	2.853100	0.000000	1.658510	0.674380	0.607100	0.311153	0.000000	
   47	109.000000	101.710000	99.390000	85.380000	80.660000	80.200000	84.100000	105.720000	109.000000	79.900000	50.240000	45.200000	33.490000	15.200000	7.000000	5.000000	65.630000	106.700000	115.890000	116.860000	109.690000	96.730000	88.920000	78.200000	20.000000	20.280000	16.720000	26.520000	27.360000	28.200000	79.800000	64.000000	79.480000	74.000000	36.720000	28.000000	23.200000	14.000000	10.000000	22.800000	58.800000	75.960000	16.240000	13.400000	19.880000	43.960000	55.760000	55.480000	95.180000	94.470000	94.580000	85.380000	76.990000	78.480000	95.770000	109.220000	109.330000	84.900000	55.140000	40.200000	34.490000	15.200000	2.020000	3.000000	77.440000	104.710000	116.490000	118.280000	111.690000	106.730000	103.200000	93.140000	82.840000	82.840000	85.000000	82.380000	76.000000	78.200000	96.200000	114.700000	111.340000	96.380000	80.000000	37.210000	33.000000	15.200000	7.000000	22.000000	84.360000	96.030000	110.990000	116.860000	110.190000	102.310000	99.900000	96.140000	0.338000	0.000000	0.330000	0.000000	0.311000	0.000000	0.289000	0.000000	0.264000	0.000000	0.236000	0.000000	0.231000	0.000000	0.230000	0.073000	0.199000	0.291000	0.144000	0.454000	52.670000	85.801600	86.681500	99.849300	105.900000	126.810000	130.921000	163.879000	140.174000	103.139000	105.313000	97.674100	0.021569	0.890500	0.000000	0.669800	0.000000	0.558200	0.000000	0.248700	0.012122	0.227500	0.012057	0.162700	0.000000	0.027900	0.000000	0.000000	0.042672	0.000000	0.115353	0.000000	0.155047	0.000000	0.146208	0.000000	0.085999	0.000000	0.065867	0.000000	0.057064	1.355740	1.108710	0.584166	0.469023	0.804913	0.901407	0.444346	0.647211	0.000000	5.633360	36.967900	39.616900	185.646000	48.448600	12.422600	0.000000	4.062600	0.000000	1.655140	0.474047	0.658400	0.396838	0.355596	
   48	109.000000	101.710000	99.390000	85.380000	80.660000	80.200000	84.100000	105.720000	109.000000	79.900000	50.240000	45.200000	33.490000	15.200000	7.000000	5.000000	65.630000	106.700000	115.890000	116.860000	109.690000	96.730000	88.920000	78.200000	20.000000	20.280000	16.720000	26.520000	27.360000	28.200000	79.800000	64.000000	79.480000	74.000000	36.720000	28.000000	23.200000	14.000000	10.000000	22.800000	58.800000	75.960000	16.240000	13.400000	19.880000	43.960000	55.760000	55.480000	95.180000	94.470000	94.580000	85.380000	76.990000	78.480000	95.770000	109.220000	109.330000	84.900000	55.140000	40.200000	34.490000	15.200000	2.020000	3.000000	77.440000	104.710000	116.490000	118.280000	111.690000	106.730000	103.200000	93.140000	82.840000	82.840000	85.000000	82.380000	76.000000	78.200000	96.200000	114.700000	111.340000	96.380000	80.000000	37.210000	33.000000	15.200000	7.000000	22.000000	84.360000	96.030000	110.990000	116.860000	110.190000	102.310000	99.900000	96.140000	0.338000	0.000000	0.330000	0.000000	0.311000	0.000000	0.289000	0.000000	0.264000	0.000000	0.236000	0.000000	0.231000	0.000000	0.230000	0.073000	0.199000	0.291000	0.144000	0.454000	52.670000	88.317600	87.750300	95.691700	102.207000	112.326000	131.196000	162.134000	149.548000	107.338000	109.873000	104.887000	0.037417	0.846600	0.000000	0.941700	0.000000	0.775500	0.027364	0.627600	0.000000	0.428900	0.041826	0.171600	0.045938	0.025600	0.051899	0.000000	0.081811	0.000000	0.114333	0.000000	0.130147	0.000000	0.127953	0.000000	0.073652	0.000000	0.075788	0.000000	0.057064	0.574861	0.678951	1.034450	1.878340	1.334830	0.000000	0.222405	0.000000	0.000000	20.439400	33.338000	39.788800	323.173000	11.107300	0.000000	0.000000	1.666460	3.848120	0.734985	0.388593	0.502124	0.142058	0.145521	
   49	109.000000	101.710000	99.390000	85.380000	80.660000	80.200000	84.100000	105.720000	109.000000	79.900000	50.240000	45.200000	33.490000	15.200000	7.000000	5.000000	65.630000	106.700000	115.890000	116.860000	109.690000	96.730000	88.920000	78.200000	20.000000	20.280000	16.720000	26.520000	27.360000	28.200000	79.800000	64.000000	79.480000	74.000000	36.720000	28.000000	23.200000	14.000000	10.000000	22.800000	58.800000	75.960000	16.240000	13.400000	19.880000	43.960000	55.760000	55.480000	95.180000	94.470000	94.580000	85.380000	76.990000	78.480000	95.770000	109.220000	109.330000	84.900000	55.140000	40.200000	34.490000	15.200000	2.020000	3.000000	77.440000	104.710000	116.490000	118.280000	111.690000	106.730000	103.200000	93.140000	82.840000	82.840000	85.000000	82.380000	76.000000	78.200000	96.200000	114.700000	111.340000	96.380000	80.000000	37.210000	33.000000	15.200000	7.000000	22.000000	84.360000	96.030000	110.990000	116.860000	110.190000	102.310000	99.900000	96.140000	0.338000	0.000000	0.330000	0.000000	0.311000	0.000000	0.289000	0.000000	0.264000	0.000000	0.236000	0.000000	0.231000	0.000000	0.230000	0.073000	0.199000	0.291000	0.144000	0.454000	52.670000	91.236800	94.356400	109.250000	109.657000	127.244000	143.306000	161.163000	166.098000	118.145000	108.692000	104.681000	0.000000	0.449800	0.000000	0.486800	0.000000	0.549200	0.000000	0.449200	0.000000	0.426900	0.000000	0.184500	0.000000	0.025100	0.088356	0.000000	0.135977	0.000000	0.208236	0.000000	0.244567	0.000000	0.248153	0.000000	0.054479	0.000000	0.039089	0.000000	0.057064	0.492565	0.068753	1.892220	2.690830	0.000000	0.000000	0.000000	0.009162	0.000000	5.765940	44.824300	68.616800	127.776000	13.927500	18.519900	0.000000	0.630920	14.323000	0.698077	0.359044	0.490646	0.426809	0.528834	
   50	109.000000	101.710000	99.390000	85.380000	80.660000	80.200000	84.100000	105.720000	109.000000	79.900000	50.240000	45.200000	33.490000	15.200000	7.000000	5.000000	65.630000	106.700000	115.890000	116.860000	109.690000	96.730000	88.920000	78.200000	20.000000	20.280000	16.720000	26.520000	27.360000	28.200000	79.800000	64.000000	79.480000	74.000000	36.720000	28.000000	23.200000	14.000000	10.000000	22.800000	58.800000	75.960000	16.240000	13.400000	19.880000	43.960000	55.760000	55.480000	95.180000	94.470000	94.580000	85.380000	76.990000	78.480000	95.770000	109.220000	109.330000	84.900000	55.140000	40.200000	34.490000	15.200000	2.020000	3.000000	77.440000	104.710000	116.490000	118.280000	111.690000	106.730000	103.200000	93.140000	82.840000	82.840000	85.000000	82.380000	76.000000	78.200000	96.200000	114.700000	111.340000	96.380000	80.000000	37.210000	33.000000	15.200000	7.000000	22.000000	84.360000	96.030000	110.990000	116.860000	110.190000	102.310000	99.900000	96.140000	0.338000	0.000000	0.330000	0.000000	0.311000	0.000000	0.289000	0.000000	0.264000	0.000000	0.236000	0.000000	0.231000	0.000000	0.230000	0.073000	0.199000	0.291000	0.144000	0.454000	52.670000	102.454000	104.280000	118.972000	122.376000	129.393000	126.635000	156.624000	164.934000	131.055000	109.597000	106.076000	0.000000	0.611600	0.000000	0.287100	0.000000	0.337000	0.000000	0.246600	0.000000	0.128300	0.000000	0.046100	0.000000	0.005900	0.000000	0.000000	0.229819	0.000000	0.285248	0.000000	0.311438	0.000000	0.285298	0.000000	0.210019	0.000000	0.187735	0.000000	0.057064	0.226551	0.000000	1.142510	1.703400	1.037560	0.857141	1.060730	0.031599	0.000000	18.733900	37.211400	43.764700	318.354000	29.057200	0.000000	5.042910	0.000000	0.000000	0.657963	0.540287	0.371663	0.521344	0.368229	
   51	109.000000	101.710000	99.390000	85.380000	80.660000	80.200000	84.100000	105.720000	109.000000	79.900000	50.240000	45.200000	33.490000	15.200000	7.000000	5.000000	65.630000	106.700000	115.890000	116.860000	109.690000	96.730000	88.920000	78.200000	20.000000	20.280000	16.720000	26.520000	27.360000	28.200000	79.800000	64.000000	79.480000	74.000000	36.720000	28.000000	23.200000	14.000000	10.000000	22.800000	58.800000	75.960000	16.240000	13.400000	19.880000	43.960000	55.760000	55.480000	95.180000	94.470000	94.580000	85.380000	76.990000	78.480000	95.770000	109.220000	109.330000	84.900000	55.140000	40.200000	34.490000	15.200000	2.020000	3.000000	77.440000	104.710000	116.490000	118.280000	111.690000	106.730000	103.200000	93.140000	82.840000	82.840000	85.000000	82.380000	76.000000	78.200000	96.200000	114.700000	111.340000	96.380000	80.000000	37.210000	33.000000	15.200000	7.000000	22.000000	84.360000	96.030000	110.990000	116.860000	110.190000	102.310000	99.900000	96.140000	0.338000	0.000000	0.330000	0.000000	0.311000	0.000000	0.289000	0.000000	0.264000	0.000000	0.236000	0.000000	0.231000	0.000000	0.230000	0.073000	0.199000	0.291000	0.144000	0.454000	52.670000	88.317600	87.750300	95.691700	102.207000	112.326000	131.196000	162.134000	149.548000	107.338000	109.873000	104.887000	0.037417	0.846600	0.000000	0.941700	0.000000	0.775500	0.027364	0.627600	0.000000	0.428900	0.041826	0.171600	0.045938	0.025600	0.051899	0.000000	0.081811	0.000000	0.114333	0.000000	0.130147	0.000000	0.127953	0.000000	0.073652	0.000000	0.075788	0.000000	0.057064	0.574861	0.678951	1.034450	1.878340	1.334830	0.000000	0.222405	0.000000	0.000000	20.439400	33.338000	39.788800	323.173000	11.107300	0.000000	0.000000	1.666460	3.848120	0.734985	0.388593	0.502124	0.142058	0.145521	
   52	109.000000	101.710000	99.390000	85.380000	80.660000	80.200000	84.100000	105.720000	109.000000	79.900000	50.240000	45.200000	33.490000	15.200000	7.000000	5.000000	65.630000	106.700000	115.890000	116.860000	109.690000	96.730000	88.920000	78.200000	20.000000	20.280000	16.720000	26.520000	27.360000	28.200000	79.800000	64.000000	79.480000	74.000000	36.720000	28.000000	23.200000	14.000000	10.000000	22.800000	58.800000	75.960000	16.240000	13.400000	19.880000	43.960000	55.760000	55.480000	95.180000	94.470000	94.580000	85.380000	76.990000	78.480000	95.770000	109.220000	109.330000	84.900000	55.140000	40.200000	34.490000	15.200000	2.020000	3.000000	77.440000	104.710000	116.490000	118.280000	111.690000	106.730000	103.200000	93.140000	82.840000	82.840000	85.000000	82.380000	76.000000	78.200000	96.200000	114.700000	111.340000	96.380000	80.000000	37.210000	33.000000	15.200000	7.000000	22.000000	84.360000	96.030000	110.990000	116.860000	110.190000	102.310000	99.900000	96.140000	0.338000	0.000000	0.330000	0.000000	0.311000	0.000000	0.289000	0.000000	0.264000	0.000000	0.236000	0.000000	0.231000	0.000000	0.230000	0.073000	0.199000	0.291000	0.144000	0.454000	52.670000	94.451900	98.642400	108.285000	113.218000	129.837000	139.606000	159.950000	165.540000	144.171000	116.370000	119.201000	0.234817	0.355000	0.218184	0.384700	0.230471	0.432600	0.225070	0.515300	0.202284	0.318400	0.192983	0.231700	0.205840	0.035600	0.177267	0.000000	0.166399	0.000000	0.237011	0.000000	0.271605	0.000000	0.234906	0.000000	0.166934	0.000000	0.134734	0.000000	0.057064	0.568885	0.496215	1.820470	2.625040	0.866463	0.193497	0.180605	0.503750	0.707272	19.830500	31.457100	47.932200	369.020000	33.421200	17.043900	0.000000	2.356920	0.000000	1.579060	0.370617	0.454494	0.384753	0.034466	
   53	109.000000	101.710000	99.390000	85.380000	80.660000	80.200000	84.100000	105.720000	109.000000	79.900000	50.240000	45.200000	33.490000	15.200000	7.000000	5.000000	65.630000	106.700000	115.890000	116.860000	109.690000	96.730000	88.920000	78.200000	20.000000	20.280000	16.720000	26.520000	27.360000	28.200000	79.800000	64.000000	79.480000	74.000000	36.720000	28.000000	23.200000	14.000000	10.000000	22.800000	58.800000	75.960000	16.240000	13.400000	19.880000	43.960000	55.760000	55.480000	95.180000	94.470000	94.580000	85.380000	76.990000	78.480000	95.770000	109.220000	109.330000	84.900000	55.140000	40.200000	34.490000	15.200000	2.020000	3.000000	77.440000	104.710000	116.490000	118.280000	111.690000	106.730000	103.200000	93.140000	82.840000	82.840000	85.000000	82.380000	76.000000	78.200000	96.200000	114.700000	111.340000	96.380000	80.000000	37.210000	33.000000	15.200000	7.000000	22.000000	84.360000	96.030000	110.990000	116.860000	110.190000	102.310000	99.900000	96.140000	0.338000	0.000000	0.330000	0.000000	0.311000	0.000000	0.289000	0.000000	0.264000	0.000000	0.236000	0.000000	0.231000	0.000000	0.230000	0.073000	0.199000	0.291000	0.144000	0.454000	52.670000	88.317600	87.750300	95.691700	102.207000	112.326000	131.196000	162.134000	149.548000	107.338000	109.873000	104.887000	0.037417	0.846600	0.000000	0.941700	0.000000	0.775500	0.027364	0.627600	0.000000	0.428900	0.041826	0.171600	0.045938	0.025600	0.051899	0.000000	0.081811	0.000000	0.114333	0.000000	0.130147	0.000000	0.127953	0.000000	0.073652	0.000000	0.075788	0.000000	0.057064	0.574861	0.678951	1.034450	1.878340	1.334830	0.000000	0.222405	0.000000	0.000000	20.439400	33.338000	39.788800	323.173000	11.107300	0.000000	0.000000	1.666460	3.848120	0.734985	0.388593	0.502124	0.142058	0.145521	
   54	109.000000	101.710000	99.390000	85.380000	80.660000	80.200000	84.100000	105.720000	109.000000	79.900000	50.240000	45.200000	33.490000	15.200000	7.000000	5.000000	65.630000	106.700000	115.890000	116.860000	109.690000	96.730000	88.920000	78.200000	20.000000	20.280000	16.720000	26.520000	27.360000	28.200000	79.800000	64.000000	79.480000	74.000000	36.720000	28.000000	23.200000	14.000000	10.000000	22.800000	58.800000	75.960000	16.240000	13.400000	19.880000	43.960000	55.760000	55.480000	95.180000	94.470000	94.580000	85.380000	76.990000	78.480000	95.770000	109.220000	109.330000	84.900000	55.140000	40.200000	34.490000	15.200000	2.020000	3.000000	77.440000	104.710000	116.490000	118.280000	111.690000	106.730000	103.200000	93.140000	82.840000	82.840000	85.000000	82.380000	76.000000	78.200000	96.200000	114.700000	111.340000	96.380000	80.000000	37.210000	33.000000	15.200000	7.000000	22.000000	84.360000	96.030000	110.990000	116.860000	110.190000	102.310000	99.900000	96.140000	0.338000	0.000000	0.330000	0.000000	0.311000	0.000000	0.289000	0.000000	0.264000	0.000000	0.236000	0.000000	0.231000	0.000000	0.230000	0.073000	0.199000	0.291000	0.144000	0.454000	52.670000	99.402500	102.013000	99.917800	116.350000	129.769000	155.514000	153.730000	138.775000	109.389000	99.448600	101.854000	0.000000	0.648900	0.000000	0.983500	0.000000	0.724300	0.000000	0.719000	0.000000	0.352900	0.000000	0.188500	0.000000	0.017400	0.000000	0.000000	0.000000	0.000000	0.042103	0.000000	0.075021	0.000000	0.048244	0.000000	0.000000	0.000000	0.000000	0.000000	0.057064	0.708151	0.560241	1.404370	1.935440	0.759379	0.861849	0.302126	0.438660	0.000000	14.430100	28.183200	33.398200	316.541000	36.162300	10.663100	0.000000	3.629220	0.000000	1.322820	0.303279	0.576609	0.410334	0.265383	
   55	109.000000	101.710000	99.390000	85.380000	80.660000	80.200000	84.100000	105.720000	109.000000	79.900000	50.240000	45.200000	33.490000	15.200000	7.000000	5.000000	65.630000	106.700000	115.890000	116.860000	109.690000	96.730000	88.920000	78.200000	20.000000	20.280000	16.720000	26.520000	27.360000	28.200000	79.800000	64.000000	79.480000	74.000000	36.720000	28.000000	23.200000	14.000000	10.000000	22.800000	58.800000	75.960000	16.240000	13.400000	19.880000	43.960000	55.760000	55.480000	95.180000	94.470000	94.580000	85.380000	76.990000	78.480000	95.770000	109.220000	109.330000	84.900000	55.140000	40.200000	34.490000	15.200000	2.020000	3.000000	77.440000	104.710000	116.490000	118.280000	111.690000	106.730000	103.200000	93.140000	82.840000	82.840000	85.000000	82.380000	76.000000	78.200000	96.200000	114.700000	111.340000	96.380000	80.000000	37.210000	33.000000	15.200000	7.000000	22.000000	84.360000	96.030000	110.990000	116.860000	110.190000	102.310000	99.900000	96.140000	0.338000	0.000000	0.330000	0.000000	0.311000	0.000000	0.289000	0.000000	0.264000	0.000000	0.236000	0.000000	0.231000	0.000000	0.230000	0.073000	0.199000	0.291000	0.144000	0.454000	52.670000	88.317600	87.750300	95.691700	102.207000	112.326000	131.196000	162.134000	149.548000	107.338000	109.873000	104.887000	0.037417	0.846600	0.000000	0.941700	0.000000	0.775500	0.027364	0.627600	0.000000	0.428900	0.041826	0.171600	0.045938	0.025600	0.051899	0.000000	0.081811	0.000000	0.114333	0.000000	0.130147	0.000000	0.127953	0.000000	0.073652	0.000000	0.075788	0.000000	0.057064	0.574861	0.678951	1.034450	1.878340	1.334830	0.000000	0.222405	0.000000	0.000000	20.439400	33.338000	39.788800	323.173000	11.107300	0.000000	0.000000	1.666460	3.848120	0.734985	0.388593	0.502124	0.142058	0.145521	
   56	109.000000	101.710000	99.390000	85.380000	80.660000	80.200000	84.100000	105.720000	109.000000	79.900000	50.240000	45.200000	33.490000	15.200000	7.000000	5.000000	65.630000	106.700000	115.890000	116.860000	109.690000	96.730000	88.920000	78.200000	20.000000	20.280000	16.720000	26.520000	27.360000	28.200000	79.800000	64.000000	79.480000	74.000000	36.720000	28.000000	23.200000	14.000000	10.000000	22.800000	58.800000	75.960000	16.240000	13.400000	19.880000	43.960000	55.760000	55.480000	95.180000	94.470000	94.580000	85.380000	76.990000	78.480000	95.770000	109.220000	109.330000	84.900000	55.140000	40.200000	34.490000	15.200000	2.020000	3.000000	77.440000	104.710000	116.490000	118.280000	111.690000	106.730000	103.200000	93.140000	82.840000	82.840000	85.000000	82.380000	76.000000	78.200000	96.200000	114.700000	111.340000	96.380000	80.000000	37.210000	33.000000	15.200000	7.000000	22.000000	84.360000	96.030000	110.990000	116.860000	110.190000	102.310000	99.900000	96.140000	0.338000	0.000000	0.330000	0.000000	0.311000	0.000000	0.289000	0.000000	0.264000	0.000000	0.236000	0.000000	0.231000	0.000000	0.230000	0.073000	0.199000	0.291000	0.144000	0.454000	52.670000	85.022700	87.454200	102.439000	105.201000	118.049000	129.846000	156.690000	168.171000	130.757000	109.558000	104.262000	0.000000	0.601600	0.000000	0.732700	0.000000	0.690600	0.000000	0.707100	0.000000	0.467600	0.000000	0.302600	0.099603	0.031200	0.107643	0.000000	0.112575	0.000000	0.157322	0.000000	0.174368	0.000000	0.159499	0.000000	0.115045	0.000000	0.120081	0.000000	0.057064	0.504413	0.258437	1.566200	2.566570	0.732973	0.400165	0.237730	0.162386	1.667030	9.266620	14.180400	0.000000	216.238000	0.000000	0.000000	0.000000	3.491470	0.000000	1.838760	0.496792	0.552554	0.430863	0.311810	
   57	109.000000	101.710000	99.390000	85.380000	80.660000	80.200000	84.100000	105.720000	109.000000	79.900000	50.240000	45.200000	33.490000	15.200000	7.000000	5.000000	65.630000	106.700000	115.890000	116.860000	109.690000	96.730000	88.920000	78.200000	20.000000	20.280000	16.720000	26.520000	27.360000	28.200000	79.800000	64.000000	79.480000	74.000000	36.720000	28.000000	23.200000	14.000000	10.000000	22.800000	58.800000	75.960000	16.240000	13.400000	19.880000	43.960000	55.760000	55.480000	95.180000	94.470000	94.580000	85.380000	76.990000	78.480000	95.770000	109.220000	109.330000	84.900000	55.140000	40.200000	34.490000	15.200000	2.020000	3.000000	77.440000	104.710000	116.490000	118.280000	111.690000	106.730000	103.200000	93.140000	82.840000	82.840000	85.000000	82.380000	76.000000	78.200000	96.200000	114.700000	111.340000	96.380000	80.000000	37.210000	33.000000	15.200000	7.000000	22.000000	84.360000	96.030000	110.990000	116.860000	110.190000	102.310000	99.900000	96.140000	0.338000	0.000000	0.330000	0.000000	0.311000	0.000000	0.289000	0.000000	0.264000	0.000000	0.236000	0.000000	0.231000	0.000000	0.230000	0.073000	0.199000	0.291000	0.144000	0.454000	52.670000	91.840100	92.159900	106.912000	111.851000	127.246000	156.222000	158.359000	147.930000	122.273000	110.917000	106.121000	0.060017	0.782000	0.008712	0.828900	0.007736	0.913300	0.027044	0.553700	0.032386	0.338500	0.033042	0.135800	0.045938	0.022000	0.051899	0.000000	0.044258	0.000000	0.114333	0.000000	0.130147	0.000000	0.075234	0.000000	0.000000	0.000000	0.000000	0.000000	0.057064	1.045190	1.028780	1.762830	2.424360	1.220320	0.689515	0.382336	0.497610	0.000000	29.323800	17.914900	22.954000	532.651000	61.690500	14.659200	0.000000	1.666460	3.848120	0.734985	0.388593	0.502124	0.142058	0.145521	
   58	109.000000	101.710000	99.390000	85.380000	80.660000	80.200000	84.100000	105.720000	109.000000	79.900000	50.240000	45.200000	33.490000	15.200000	7.000000	5.000000	65.630000	106.700000	115.890000	116.860000	109.690000	96.730000	88.920000	78.200000	20.000000	20.280000	16.720000	26.520000	27.360000	28.200000	79.800000	64.000000	79.480000	74.000000	36.720000	28.000000	23.200000	14.000000	10.000000	22.800000	58.800000	75.960000	16.240000	13.400000	19.880000	43.960000	55.760000	55.480000	95.180000	94.470000	94.580000	85.380000	76.990000	78.480000	95.770000	109.220000	109.330000	84.900000	55.140000	40.200000	34.490000	15.200000	2.020000	3.000000	77.440000	104.710000	116.490000	118.280000	111.690000	106.730000	103.200000	93.140000	82.840000	82.840000	85.000000	82.380000	76.000000	78.200000	96.200000	114.700000	111.340000	96.380000	80.000000	37.210000	33.000000	15.200000	7.000000	22.000000	84.360000	96.030000	110.990000	116.860000	110.190000	102.310000	99.900000	96.140000	0.338000	0.000000	0.330000	0.000000	0.311000	0.000000	0.289000	0.000000	0.264000	0.000000	0.236000	0.000000	0.231000	0.000000	0.230000	0.073000	0.199000	0.291000	0.144000	0.454000	52.670000	92.008700	93.718300	110.087000	109.411000	127.290000	137.001000	161.846000	141.689000	118.798000	108.803000	104.887000	0.000000	0.883500	0.000000	0.770800	0.000000	0.690300	0.000000	0.418300	0.000000	0.369400	0.000000	0.276600	0.000000	0.030200	0.023643	0.000000	0.044818	0.000000	0.121976	0.000000	0.131218	0.000000	0.089989	0.000000	0.020371	0.000000	0.000000	0.000000	0.057064	0.574861	0.678951	1.034450	1.878340	1.334830	0.000000	0.099602	0.203719	0.877839	11.118300	32.972400	45.963100	365.921000	23.834500	1.431680	2.510480	2.292090	0.000000	1.272810	0.532004	0.446086	0.342906	0.109064	
   59	109.000000	101.710000	99.390000	85.380000	80.660000	80.200000	84.100000	105.720000	109.000000	79.900000	50.240000	45.200000	33.490000	15.200000	7.000000	5.000000	65.630000	106.700000	115.890000	116.860000	109.690000	96.730000	88.920000	78.200000	20.000000	20.280000	16.720000	26.520000	27.360000	28.200000	79.800000	64.000000	79.480000	74.000000	36.720000	28.000000	23.200000	14.000000	10.000000	22.800000	58.800000	75.960000	16.240000	13.400000	19.880000	43.960000	55.760000	55.480000	95.180000	94.470000	94.580000	85.380000	76.990000	78.480000	95.770000	109.220000	109.330000	84.900000	55.140000	40.200000	34.490000	15.200000	2.020000	3.000000	77.440000	104.710000	116.490000	118.280000	111.690000	106.730000	103.200000	93.140000	82.840000	82.840000	85.000000	82.380000	76.000000	78.200000	96.200000	114.700000	111.340000	96.380000	80.000000	37.210000	33.000000	15.200000	7.000000	22.000000	84.360000	96.030000	110.990000	116.860000	110.190000	102.310000	99.900000	96.140000	0.338000	0.000000	0.330000	0.000000	0.311000	0.000000	0.289000	0.000000	0.264000	0.000000	0.236000	0.000000	0.231000	0.000000	0.230000	0.073000	0.199000	0.291000	0.144000	0.454000	52.670000	82.659300	84.054400	100.950000	126.349000	139.895000	154.997000	165.223000	160.305000	127.457000	116.143000	116.079000	0.000000	0.658100	0.000000	0.589900	0.000000	0.490200	0.000000	0.356000	0.000000	0.250800	0.000000	0.088800	0.000000	0.017800	0.000000	0.000000	0.000000	0.000000	0.000000	0.000000	0.008416	0.000000	0.001313	0.000000	0.000000	0.000000	0.026302	0.000000	0.057064	1.509750	1.334170	1.086220	1.782520	0.956092	0.497048	0.266923	0.229822	0.000000	20.386800	25.057600	36.682500	380.565000	37.529700	22.566900	0.000000	2.824190	0.000000	1.042460	0.533973	0.578353	0.387068	0.215530	
   60	109.000000	101.710000	99.390000	85.380000	80.660000	80.200000	84.100000	105.720000	109.000000	79.900000	50.240000	45.200000	33.490000	15.200000	7.000000	5.000000	65.630000	106.700000	115.890000	116.860000	109.690000	96.730000	88.920000	78.200000	20.000000	20.280000	16.720000	26.520000	27.360000	28.200000	79.800000	64.000000	79.480000	74.000000	36.720000	28.000000	23.200000	14.000000	10.000000	22.800000	58.800000	75.960000	16.240000	13.400000	19.880000	43.960000	55.760000	55.480000	95.180000	94.470000	94.580000	85.380000	76.990000	78.480000	95.770000	109.220000	109.330000	84.900000	55.140000	40.200000	34.490000	15.200000	2.020000	3.000000	77.440000	104.710000	116.490000	118.280000	111.690000	106.730000	103.200000	93.140000	82.840000	82.840000	85.000000	82.380000	76.000000	78.200000	96.200000	114.700000	111.340000	96.380000	80.000000	37.210000	33.000000	15.200000	7.000000	22.000000	84.360000	96.030000	110.990000	116.860000	110.190000	102.310000	99.900000	96.140000	0.338000	0.000000	0.330000	0.000000	0.311000	0.000000	0.289000	0.000000	0.264000	0.000000	0.236000	0.000000	0.231000	0.000000	0.230000	0.073000	0.199000	0.291000	0.144000	0.454000	52.670000	102.454000	104.280000	118.972000	122.376000	129.393000	126.635000	156.624000	164.934000	131.055000	109.597000	106.076000	0.000000	0.611600	0.000000	0.472900	0.000000	0.512000	0.000000	0.417600	0.000000	0.232400	0.000000	0.119200	0.000000	0.016100	0.000000	0.000000	0.000000	0.000000	0.000000	0.000000	0.000000	0.000000	0.000000	0.000000	0.000000	0.000000	0.000000	0.000000	0.057064	0.134246	0.343698	0.000000	0.000000	0.947339	0.238311	0.463505	0.601302	0.000000	18.546700	38.664900	58.070500	308.210000	7.582300	0.000000	14.564300	4.903750	19.819200	1.232210	0.322515	0.523236	0.300746	0.037688	
   61	109.000000	101.710000	99.390000	85.380000	80.660000	80.200000	84.100000	105.720000	109.000000	79.900000	50.240000	45.200000	33.490000	15.200000	7.000000	5.000000	65.630000	106.700000	115.890000	116.860000	109.690000	96.730000	88.920000	78.200000	20.000000	20.280000	16.720000	26.520000	27.360000	28.200000	79.800000	64.000000	79.480000	74.000000	36.720000	28.000000	23.200000	14.000000	10.000000	22.800000	58.800000	75.960000	16.240000	13.400000	19.880000	43.960000	55.760000	55.480000	95.180000	94.470000	94.580000	85.380000	76.990000	78.480000	95.770000	109.220000	109.330000	84.900000	55.140000	40.200000	34.490000	15.200000	2.020000	3.000000	77.440000	104.710000	116.490000	118.280000	111.690000	106.730000	103.200000	93.140000	82.840000	82.840000	85.000000	82.380000	76.000000	78.200000	96.200000	114.700000	111.340000	96.380000	80.000000	37.210000	33.000000	15.200000	7.000000	22.000000	84.360000	96.030000	110.990000	116.860000	110.190000	102.310000	99.900000	96.140000	0.338000	0.000000	0.330000	0.000000	0.311000	0.000000	0.289000	0.000000	0.264000	0.000000	0.236000	0.000000	0.231000	0.000000	0.230000	0.073000	0.199000	0.291000	0.144000	0.454000	52.670000	96.634500	101.983000	116.826000	119.474000	127.484000	134.209000	171.424000	172.038000	118.611000	108.631000	103.434000	0.000000	0.870900	0.000000	1.102200	0.000000	1.049000	0.000000	0.787700	0.000000	0.426800	0.000000	0.217800	0.000000	0.027600	0.000000	0.000000	0.000000	0.000000	0.028932	0.000000	0.104712	0.000000	0.111528	0.000000	0.073286	0.000000	0.062623	0.000000	0.057064	0.997799	0.901225	1.581570	1.935440	0.986593	0.442090	0.203970	0.286780	0.096403	18.684000	32.267300	44.463800	302.137000	23.876500	0.534650	7.111210	2.960980	0.000000	1.334450	0.443273	0.463446	0.383585	0.318467	
   62	109.000000	101.710000	99.390000	85.380000	80.660000	80.200000	84.100000	105.720000	109.000000	79.900000	50.240000	45.200000	33.490000	15.200000	7.000000	5.000000	65.630000	106.700000	115.890000	116.860000	109.690000	96.730000	88.920000	78.200000	20.000000	20.280000	16.720000	26.520000	27.360000	28.200000	79.800000	64.000000	79.480000	74.000000	36.720000	28.000000	23.200000	14.000000	10.000000	22.800000	58.800000	75.960000	16.240000	13.400000	19.880000	43.960000	55.760000	55.480000	95.180000	94.470000	94.580000	85.380000	76.990000	78.480000	95.770000	109.220000	109.330000	84.900000	55.140000	40.200000	34.490000	15.200000	2.020000	3.000000	77.440000	104.710000	116.490000	118.280000	111.690000	106.730000	103.200000	93.140000	82.840000	82.840000	85.000000	82.380000	76.000000	78.200000	96.200000	114.700000	111.340000	96.380000	80.000000	37.210000	33.000000	15.200000	7.000000	22.000000	84.360000	96.030000	110.990000	116.860000	110.190000	102.310000	99.900000	96.140000	0.338000	0.000000	0.330000	0.000000	0.311000	0.000000	0.289000	0.000000	0.264000	0.000000	0.236000	0.000000	0.231000	0.000000	0.230000	0.073000	0.199000	0.291000	0.144000	0.454000	52.670000	104.832000	103.613000	112.538000	122.729000	136.381000	146.162000	150.831000	154.231000	107.029000	103.991000	101.517000	0.000000	0.543800	0.000000	0.424300	0.009039	0.386200	0.000000	0.268500	0.000000	0.207400	0.000000	0.123000	0.000000	0.016800	0.000000	0.000000	0.000000	0.000000	0.000000	0.000000	0.017108	0.000000	0.000000	0.000000	0.000000	0.000000	0.000000	0.000000	0.057064	0.635815	0.460299	1.353080	1.585470	0.755673	0.457453	0.260328	0.548734	0.282499	12.341000	36.050000	47.207200	244.239000	31.311100	2.922700	12.068800	3.685290	0.000000	2.147180	0.565507	0.490856	0.189078	0.000000	
   63	109.000000	101.710000	99.390000	85.380000	80.660000	80.200000	84.100000	105.720000	109.000000	79.900000	50.240000	45.200000	33.490000	15.200000	7.000000	5.000000	65.630000	106.700000	115.890000	116.860000	109.690000	96.730000	88.920000	78.200000	20.000000	20.280000	16.720000	26.520000	27.360000	28.200000	79.800000	64.000000	79.480000	74.000000	36.720000	28.000000	23.200000	14.000000	10.000000	22.800000	58.800000	75.960000	16.240000	13.400000	19.880000	43.960000	55.760000	55.480000	95.180000	94.470000	94.580000	85.380000	76.990000	78.480000	95.770000	109.220000	109.330000	84.900000	55.140000	40.200000	34.490000	15.200000	2.020000	3.000000	77.440000	104.710000	116.490000	118.280000	111.690000	106.730000	103.200000	93.140000	82.840000	82.840000	85.000000	82.380000	76.000000	78.200000	96.200000	114.700000	111.340000	96.380000	80.000000	37.210000	33.000000	15.200000	7.000000	22.000000	84.360000	96.030000	110.990000	116.860000	110.190000	102.310000	99.900000	96.140000	0.338000	0.000000	0.330000	0.000000	0.311000	0.000000	0.289000	0.000000	0.264000	0.000000	0.236000	0.000000	0.231000	0.000000	0.230000	0.073000	0.199000	0.291000	0.144000	0.454000	52.670000	73.984000	81.503000	96.774200	102.769000	116.203000	126.635000	156.624000	164.934000	131.055000	109.597000	106.076000	0.000000	0.513700	0.000000	0.427600	0.009039	0.315400	0.055246	0.403000	0.081358	0.252900	0.103592	0.125500	0.142356	0.020000	0.141807	0.000000	0.064736	0.000000	0.106076	0.000000	0.133231	0.000000	0.100557	0.000000	0.000000	0.000000	0.000000	0.000000	0.057064	0.635815	0.460299	1.353080	1.585470	0.755673	0.457453	0.260328	0.548734	0.282499	12.341000	36.050000	47.207200	268.317000	23.565200	3.622620	2.302210	2.465270	0.000000	1.813820	0.555291	0.471733	0.311153	0.000000	
   64	109.000000	101.710000	99.390000	85.380000	80.660000	80.200000	84.100000	105.720000	109.000000	79.900000	50.240000	45.200000	33.490000	15.200000	7.000000	5.000000	65.630000	106.700000	115.890000	116.860000	109.690000	96.730000	88.920000	78.200000	20.000000	20.280000	16.720000	26.520000	27.360000	28.200000	79.800000	64.000000	79.480000	74.000000	36.720000	28.000000	23.200000	14.000000	10.000000	22.800000	58.800000	75.960000	16.240000	13.400000	19.880000	43.960000	55.760000	55.480000	95.180000	94.470000	94.580000	85.380000	76.990000	78.480000	95.770000	109.220000	109.330000	84.900000	55.140000	40.200000	34.490000	15.200000	2.020000	3.000000	77.440000	104.710000	116.490000	118.280000	111.690000	106.730000	103.200000	93.140000	82.840000	82.840000	85.000000	82.380000	76.000000	78.200000	96.200000	114.700000	111.340000	96.380000	80.000000	37.210000	33.000000	15.200000	7.000000	22.000000	84.360000	96.030000	110.990000	116.860000	110.190000	102.310000	99.900000	96.140000	0.338000	0.000000	0.330000	0.000000	0.311000	0.000000	0.289000	0.000000	0.264000	0.000000	0.236000	0.000000	0.231000	0.000000	0.230000	0.073000	0.199000	0.291000	0.144000	0.454000	52.670000	96.634500	101.983000	116.826000	119.474000	127.484000	134.209000	171.424000	172.038000	118.611000	108.631000	103.434000	0.000000	0.870900	0.000000	1.102200	0.000000	1.049000	0.000000	0.787700	0.000000	0.426800	0.000000	0.217800	0.000000	0.027600	0.000000	0.000000	0.000000	0.000000	0.028932	0.000000	0.104712	0.000000	0.111528	0.000000	0.073286	0.000000	0.062623	0.000000	0.057064	0.997799	0.901225	1.581570	1.935440	0.986593	0.442090	0.203970	0.286780	0.096403	18.684000	32.267300	44.463800	302.137000	23.876500	0.534650	7.111210	2.960980	0.000000	1.334450	0.443273	0.463446	0.383585	0.318467	
   65	109.000000	101.710000	99.390000	85.380000	80.660000	80.200000	84.100000	105.720000	109.000000	79.900000	50.240000	45.200000	33.490000	15.200000	7.000000	5.000000	65.630000	106.700000	115.890000	116.860000	109.690000	96.730000	88.920000	78.200000	20.000000	20.280000	16.720000	26.520000	27.360000	28.200000	79.800000	64.000000	79.480000	74.000000	36.720000	28.000000	23.200000	14.000000	10.000000	22.800000	58.800000	75.960000	16.240000	13.400000	19.880000	43.960000	55.760000	55.480000	95.180000	94.470000	94.580000	85.380000	76.990000	78.480000	95.770000	109.220000	109.330000	84.900000	55.140000	40.200000	34.490000	15.200000	2.020000	3.000000	77.440000	104.710000	116.490000	118.280000	111.690000	106.730000	103.200000	93.140000	82.840000	82.840000	85.000000	82.380000	76.000000	78.200000	96.200000	114.700000	111.340000	96.380000	80.000000	37.210000	33.000000	15.200000	7.000000	22.000000	84.360000	96.030000	110.990000	116.860000	110.190000	102.310000	99.900000	96.140000	0.338000	0.000000	0.330000	0.000000	0.311000	0.000000	0.289000	0.000000	0.264000	0.000000	0.236000	0.000000	0.231000	0.000000	0.230000	0.073000	0.199000	0.291000	0.144000	0.454000	52.670000	88.317600	87.750300	95.691700	102.207000	112.326000	131.196000	162.134000	149.548000	107.338000	109.873000	104.887000	0.037417	0.846600	0.000000	0.941700	0.000000	0.775500	0.027364	0.627600	0.000000	0.428900	0.041826	0.171600	0.045938	0.025600	0.051899	0.000000	0.081811	0.000000	0.114333	0.000000	0.130147	0.000000	0.127953	0.000000	0.073652	0.000000	0.075788	0.000000	0.057064	0.574861	0.678951	1.034450	1.878340	1.334830	0.000000	0.222405	0.000000	0.000000	20.439400	33.338000	39.788800	323.173000	11.107300	0.000000	0.000000	1.666460	3.848120	0.734985	0.388593	0.502124	0.142058	0.145521	
   66	109.000000	101.710000	99.390000	85.380000	80.660000	80.200000	84.100000	105.720000	109.000000	79.900000	50.240000	45.200000	33.490000	15.200000	7.000000	5.000000	65.630000	106.700000	115.890000	116.860000	109.690000	96.730000	88.920000	78.200000	20.000000	20.280000	16.720000	26.520000	27.360000	28.200000	79.800000	64.000000	79.480000	74.000000	36.720000	28.000000	23.200000	14.000000	10.000000	22.800000	58.800000	75.960000	16.240000	13.400000	19.880000	43.960000	55.760000	55.480000	95.180000	94.470000	94.580000	85.380000	76.990000	78.480000	95.770000	109.220000	109.330000	84.900000	55.140000	40.200000	34.490000	15.200000	2.020000	3.000000	77.440000	104.710000	116.490000	118.280000	111.690000	106.730000	103.200000	93.140000	82.840000	82.840000	85.000000	82.380000	76.000000	78.200000	96.200000	114.700000	111.340000	96.380000	80.000000	37.210000	33.000000	15.200000	7.000000	22.000000	84.360000	96.030000	110.990000	116.860000	110.190000	102.310000	99.900000	96.140000	0.338000	0.000000	0.330000	0.000000	0.311000	0.000000	0.289000	0.000000	0.264000	0.000000	0.236000	0.000000	0.231000	0.000000	0.230000	0.073000	0.199000	0.291000	0.144000	0.454000	52.670000	91.236800	94.356400	109.250000	109.657000	127.244000	143.306000	161.163000	166.098000	118.145000	108.692000	104.681000	0.000000	0.449800	0.000000	0.486800	0.000000	0.549200	0.000000	0.449200	0.000000	0.426900	0.000000	0.184500	0.000000	0.025100	0.088356	0.000000	0.135977	0.000000	0.208236	0.000000	0.244567	0.000000	0.248153	0.000000	0.054479	0.000000	0.039089	0.000000	0.057064	0.492565	0.068753	1.892220	2.690830	0.000000	0.000000	0.000000	0.009162	0.000000	5.765940	44.824300	68.616800	127.776000	13.927500	18.519900	0.000000	0.630920	14.323000	0.698077	0.359044	0.490646	0.426809	0.528834	
   67	109.000000	101.710000	99.390000	85.380000	80.660000	80.200000	84.100000	105.720000	109.000000	79.900000	50.240000	45.200000	33.490000	15.200000	7.000000	5.000000	65.630000	106.700000	115.890000	116.860000	109.690000	96.730000	88.920000	78.200000	20.000000	20.280000	16.720000	26.520000	27.360000	28.200000	79.800000	64.000000	79.480000	74.000000	36.720000	28.000000	23.200000	14.000000	10.000000	22.800000	58.800000	75.960000	16.240000	13.400000	19.880000	43.960000	55.760000	55.480000	95.180000	94.470000	94.580000	85.380000	76.990000	78.480000	95.770000	109.220000	109.330000	84.900000	55.140000	40.200000	34.490000	15.200000	2.020000	3.000000	77.440000	104.710000	116.490000	118.280000	111.690000	106.730000	103.200000	93.140000	82.840000	82.840000	85.000000	82.380000	76.000000	78.200000	96.200000	114.700000	111.340000	96.380000	80.000000	37.210000	33.000000	15.200000	7.000000	22.000000	84.360000	96.030000	110.990000	116.860000	110.190000	102.310000	99.900000	96.140000	0.338000	0.000000	0.330000	0.000000	0.311000	0.000000	0.289000	0.000000	0.264000	0.000000	0.236000	0.000000	0.231000	0.000000	0.230000	0.073000	0.199000	0.291000	0.144000	0.454000	52.670000	104.832000	103.613000	112.538000	122.729000	136.381000	146.162000	150.831000	154.231000	107.029000	103.991000	101.517000	0.000000	0.543800	0.000000	0.726300	0.000000	0.661400	0.000000	0.425900	0.000000	0.274800	0.000000	0.150300	0.000000	0.020600	0.000000	0.000000	0.040886	0.000000	0.141091	0.000000	0.168502	0.000000	0.150663	0.000000	0.085365	0.000000	0.081484	0.000000	0.057064	0.527467	0.646291	1.544380	2.950630	1.697620	0.394709	0.186673	0.601541	0.589975	47.702900	41.510600	46.606600	356.964000	29.672300	0.000000	18.406300	1.160200	0.000000	2.109150	0.603288	0.549715	0.576648	0.000000	
   68	109.000000	101.710000	99.390000	85.380000	80.660000	80.200000	84.100000	105.720000	109.000000	79.900000	50.240000	45.200000	33.490000	15.200000	7.000000	5.000000	65.630000	106.700000	115.890000	116.860000	109.690000	96.730000	88.920000	78.200000	20.000000	20.280000	16.720000	26.520000	27.360000	28.200000	79.800000	64.000000	79.480000	74.000000	36.720000	28.000000	23.200000	14.000000	10.000000	22.800000	58.800000	75.960000	16.240000	13.400000	19.880000	43.960000	55.760000	55.480000	95.180000	94.470000	94.580000	85.380000	76.990000	78.480000	95.770000	109.220000	109.330000	84.900000	55.140000	40.200000	34.490000	15.200000	2.020000	3.000000	77.440000	104.710000	116.490000	118.280000	111.690000	106.730000	103.200000	93.140000	82.840000	82.840000	85.000000	82.380000	76.000000	78.200000	96.200000	114.700000	111.340000	96.380000	80.000000	37.210000	33.000000	15.200000	7.000000	22.000000	84.360000	96.030000	110.990000	116.860000	110.190000	102.310000	99.900000	96.140000	0.338000	0.000000	0.330000	0.000000	0.311000	0.000000	0.289000	0.000000	0.264000	0.000000	0.236000	0.000000	0.231000	0.000000	0.230000	0.073000	0.199000	0.291000	0.144000	0.454000	52.670000	91.840100	92.159900	106.912000	111.851000	127.246000	156.222000	158.359000	147.930000	122.273000	110.917000	106.121000	0.060017	0.782000	0.008712	0.828900	0.007736	0.913300	0.027044	0.553700	0.032386	0.338500	0.033042	0.135800	0.045938	0.022000	0.051899	0.000000	0.044258	0.000000	0.114333	0.000000	0.130147	0.000000	0.075234	0.000000	0.000000	0.000000	0.000000	0.000000	0.057064	1.045190	1.028780	1.762830	2.424360	1.220320	0.689515	0.382336	0.497610	0.000000	29.323800	17.914900	22.954000	532.651000	61.690500	14.659200	0.000000	1.666460	3.848120	0.734985	0.388593	0.502124	0.142058	0.145521	
   69	109.000000	101.710000	99.390000	85.380000	80.660000	80.200000	84.100000	105.720000	109.000000	79.900000	50.240000	45.200000	33.490000	15.200000	7.000000	5.000000	65.630000	106.700000	115.890000	116.860000	109.690000	96.730000	88.920000	78.200000	20.000000	20.280000	16.720000	26.520000	27.360000	28.200000	79.800000	64.000000	79.480000	74.000000	36.720000	28.000000	23.200000	14.000000	10.000000	22.800000	58.800000	75.960000	16.240000	13.400000	19.880000	43.960000	55.760000	55.480000	95.180000	94.470000	94.580000	85.380000	76.990000	78.480000	95.770000	109.220000	109.330000	84.900000	55.140000	40.200000	34.490000	15.200000	2.020000	3.000000	77.440000	104.710000	116.490000	118.280000	111.690000	106.730000	103.200000	93.140000	82.840000	82.840000	85.000000	82.380000	76.000000	78.200000	96.200000	114.700000	111.340000	96.380000	80.000000	37.210000	33.000000	15.200000	7.000000	22.000000	84.360000	96.030000	110.990000	116.860000	110.190000	102.310000	99.900000	96.140000	0.338000	0.000000	0.330000	0.000000	0.311000	0.000000	0.289000	0.000000	0.264000	0.000000	0.236000	0.000000	0.231000	0.000000	0.230000	0.073000	0.199000	0.291000	0.144000	0.454000	52.670000	73.984000	81.503000	96.774200	102.769000	116.203000	126.635000	156.624000	164.934000	131.055000	109.597000	106.076000	0.043754	0.434300	0.055012	0.536000	0.139646	0.498000	0.162873	0.347700	0.013771	0.261400	0.000000	0.134500	0.000000	0.028800	0.000000	0.000000	0.000000	0.000000	0.000000	0.000000	0.064319	0.000000	0.086419	0.000000	0.049845	0.000000	0.067447	0.000000	0.057064	0.818604	0.384342	0.898598	1.092320	0.628940	0.145967	0.000000	0.655507	0.000000	12.312400	28.777300	68.615900	235.891000	19.978100	0.000000	19.196700	3.527000	25.388200	0.870318	0.239410	0.620798	0.586010	0.237261	
   70	109.000000	101.710000	99.390000	85.380000	80.660000	80.200000	84.100000	105.720000	109.000000	79.900000	50.240000	45.200000	33.490000	15.200000	7.000000	5.000000	65.630000	106.700000	115.890000	116.860000	109.690000	96.730000	88.920000	78.200000	20.000000	20.280000	16.720000	26.520000	27.360000	28.200000	79.800000	64.000000	79.480000	74.000000	36.720000	28.000000	23.200000	14.000000	10.000000	22.800000	58.800000	75.960000	16.240000	13.400000	19.880000	43.960000	55.760000	55.480000	95.180000	94.470000	94.580000	85.380000	76.990000	78.480000	95.770000	109.220000	109.330000	84.900000	55.140000	40.200000	34.490000	15.200000	2.020000	3.000000	77.440000	104.710000	116.490000	118.280000	111.690000	106.730000	103.200000	93.140000	82.840000	82.840000	85.000000	82.380000	76.000000	78.200000	96.200000	114.700000	111.340000	96.380000	80.000000	37.210000	33.000000	15.200000	7.000000	22.000000	84.360000	96.030000	110.990000	116.860000	110.190000	102.310000	99.900000	96.140000	0.338000	0.000000	0.330000	0.000000	0.311000	0.000000	0.289000	0.000000	0.264000	0.000000	0.236000	0.000000	0.231000	0.000000	0.230000	0.073000	0.199000	0.291000	0.144000	0.454000	52.670000	104.832000	103.613000	112.538000	122.729000	136.381000	146.162000	150.831000	154.231000	107.029000	103.991000	101.517000	0.000000	0.543800	0.001796	0.558000	0.000000	0.332000	0.000000	0.215800	0.002441	0.124600	0.004859	0.070800	0.000869	0.015300	0.000000	0.000000	0.001922	0.000000	0.072143	0.000000	0.105568	0.000000	0.086640	0.000000	0.025221	0.000000	0.006414	0.000000	0.057064	0.226551	0.000000	1.142510	1.703400	1.037560	0.857141	1.060730	0.286771	0.000000	4.239070	40.686000	36.900900	189.702000	5.210640	0.000000	31.427300	4.353060	0.000000	1.162190	0.136975	0.615555	0.548686	0.141470	
   71	109.000000	101.710000	99.390000	85.380000	80.660000	80.200000	84.100000	105.720000	109.000000	79.900000	50.240000	45.200000	33.490000	15.200000	7.000000	5.000000	65.630000	106.700000	115.890000	116.860000	109.690000	96.730000	88.920000	78.200000	20.000000	20.280000	16.720000	26.520000	27.360000	28.200000	79.800000	64.000000	79.480000	74.000000	36.720000	28.000000	23.200000	14.000000	10.000000	22.800000	58.800000	75.960000	16.240000	13.400000	19.880000	43.960000	55.760000	55.480000	95.180000	94.470000	94.580000	85.380000	76.990000	78.480000	95.770000	109.220000	109.330000	84.900000	55.140000	40.200000	34.490000	15.200000	2.020000	3.000000	77.440000	104.710000	116.490000	118.280000	111.690000	106.730000	103.200000	93.140000	82.840000	82.840000	85.000000	82.380000	76.000000	78.200000	96.200000	114.700000	111.340000	96.380000	80.000000	37.210000	33.000000	15.200000	7.000000	22.000000	84.360000	96.030000	110.990000	116.860000	110.190000	102.310000	99.900000	96.140000	0.338000	0.000000	0.330000	0.000000	0.311000	0.000000	0.289000	0.000000	0.264000	0.000000	0.236000	0.000000	0.231000	0.000000	0.230000	0.073000	0.199000	0.291000	0.144000	0.454000	52.670000	82.659300	84.054400	100.950000	126.349000	139.895000	154.997000	165.223000	160.305000	127.457000	116.143000	116.079000	0.000000	0.658100	0.000000	0.829600	0.008779	0.873500	0.023843	0.904600	0.014134	0.570100	0.000000	0.219700	0.000000	0.041500	0.011259	0.000000	0.042672	0.000000	0.115353	0.000000	0.155047	0.000000	0.146208	0.000000	0.099126	0.000000	0.089483	0.000000	0.057064	0.660071	0.161775	1.582380	2.644460	0.466826	0.554853	0.153419	0.428972	0.000000	18.749800	33.572800	0.000000	191.659000	105.788000	0.000000	9.277300	3.205590	0.000000	1.347010	0.414798	0.420168	0.312328	0.403361	
   72	109.000000	101.710000	99.390000	85.380000	80.660000	80.200000	84.100000	105.720000	109.000000	79.900000	50.240000	45.200000	33.490000	15.200000	7.000000	5.000000	65.630000	106.700000	115.890000	116.860000	109.690000	96.730000	88.920000	78.200000	20.000000	20.280000	16.720000	26.520000	27.360000	28.200000	79.800000	64.000000	79.480000	74.000000	36.720000	28.000000	23.200000	14.000000	10.000000	22.800000	58.800000	75.960000	16.240000	13.400000	19.880000	43.960000	55.760000	55.480000	95.180000	94.470000	94.580000	85.380000	76.990000	78.480000	95.770000	109.220000	109.330000	84.900000	55.140000	40.200000	34.490000	15.200000	2.020000	3.000000	77.440000	104.710000	116.490000	118.280000	111.690000	106.730000	103.200000	93.140000	82.840000	82.840000	85.000000	82.380000	76.000000	78.200000	96.200000	114.700000	111.340000	96.380000	80.000000	37.210000	33.000000	15.200000	7.000000	22.000000	84.360000	96.030000	110.990000	116.860000	110.190000	102.310000	99.900000	96.140000	0.338000	0.000000	0.330000	0.000000	0.311000	0.000000	0.289000	0.000000	0.264000	0.000000	0.236000	0.000000	0.231000	0.000000	0.230000	0.073000	0.199000	0.291000	0.144000	0.454000	52.670000	102.454000	104.280000	118.972000	122.376000	129.393000	126.635000	156.624000	164.934000	131.055000	109.597000	106.076000	0.000000	0.611600	0.021170	1.090500	0.009712	0.852700	0.007686	1.138900	0.005182	0.579500	0.001137	0.255300	0.004861	0.049100	0.022108	0.000000	0.056801	0.000000	0.138122	0.000000	0.177571	0.000000	0.144439	0.000000	0.049804	0.000000	0.023272	0.000000	0.057064	0.623152	0.542331	0.951629	1.356340	1.107310	0.231016	0.118407	0.546635	0.000000	32.137800	40.406400	49.669600	275.034000	37.574600	2.933890	0.000000	3.746740	0.000000	1.232960	0.534786	0.554233	0.368458	0.297186	
   73	109.000000	101.710000	99.390000	85.380000	80.660000	80.200000	84.100000	105.720000	109.000000	79.900000	50.240000	45.200000	33.490000	15.200000	7.000000	5.000000	65.630000	106.700000	115.890000	116.860000	109.690000	96.730000	88.920000	78.200000	20.000000	20.280000	16.720000	26.520000	27.360000	28.200000	79.800000	64.000000	79.480000	74.000000	36.720000	28.000000	23.200000	14.000000	10.000000	22.800000	58.800000	75.960000	16.240000	13.400000	19.880000	43.960000	55.760000	55.480000	95.180000	94.470000	94.580000	85.380000	76.990000	78.480000	95.770000	109.220000	109.330000	84.900000	55.140000	40.200000	34.490000	15.200000	2.020000	3.000000	77.440000	104.710000	116.490000	118.280000	111.690000	106.730000	103.200000	93.140000	82.840000	82.840000	85.000000	82.380000	76.000000	78.200000	96.200000	114.700000	111.340000	96.380000	80.000000	37.210000	33.000000	15.200000	7.000000	22.000000	84.360000	96.030000	110.990000	116.860000	110.190000	102.310000	99.900000	96.140000	0.338000	0.000000	0.330000	0.000000	0.311000	0.000000	0.289000	0.000000	0.264000	0.000000	0.236000	0.000000	0.231000	0.000000	0.230000	0.073000	0.199000	0.291000	0.144000	0.454000	52.670000	73.984000	81.503000	96.774200	102.769000	116.203000	126.635000	156.624000	164.934000	131.055000	109.597000	106.076000	0.032985	1.162600	0.000000	1.273500	0.001187	1.031600	0.000387	0.678600	0.000000	0.515000	0.000000	0.271000	0.000000	0.037800	0.000000	0.000000	0.000000	0.000000	0.000000	0.000000	0.000000	0.000000	0.000000	0.000000	0.000000	0.000000	0.000000	0.000000	0.057064	0.669617	0.637571	1.347620	1.837440	1.057100	0.859070	0.534741	0.582957	0.000000	5.633480	27.469000	33.990900	302.034000	20.951000	0.000000	32.457000	4.525650	28.250100	1.001510	0.407287	0.432369	0.162171	0.041598	
   74	109.000000	101.710000	99.390000	85.380000	80.660000	80.200000	84.100000	105.720000	109.000000	79.900000	50.240000	45.200000	33.490000	15.200000	7.000000	5.000000	65.630000	106.700000	115.890000	116.860000	109.690000	96.730000	88.920000	78.200000	20.000000	20.280000	16.720000	26.520000	27.360000	28.200000	79.800000	64.000000	79.480000	74.000000	36.720000	28.000000	23.200000	14.000000	10.000000	22.800000	58.800000	75.960000	16.240000	13.400000	19.880000	43.960000	55.760000	55.480000	95.180000	94.470000	94.580000	85.380000	76.990000	78.480000	95.770000	109.220000	109.330000	84.900000	55.140000	40.200000	34.490000	15.200000	2.020000	3.000000	77.440000	104.710000	116.490000	118.280000	111.690000	106.730000	103.200000	93.140000	82.840000	82.840000	85.000000	82.380000	76.000000	78.200000	96.200000	114.700000	111.340000	96.380000	80.000000	37.210000	33.000000	15.200000	7.000000	22.000000	84.360000	96.030000	110.990000	116.860000	110.190000	102.310000	99.900000	96.140000	0.338000	0.000000	0.330000	0.000000	0.311000	0.000000	0.289000	0.000000	0.264000	0.000000	0.236000	0.000000	0.231000	0.000000	0.230000	0.073000	0.199000	0.291000	0.144000	0.454000	52.670000	102.454000	104.280000	118.972000	122.376000	129.393000	126.635000	156.624000	164.934000	131.055000	109.597000	106.076000	0.000000	0.611600	0.000000	0.721100	0.000000	0.707200	0.198127	0.569500	0.200918	0.357700	0.160245	0.173400	0.126519	0.034100	0.157603	0.000000	0.162649	0.000000	0.220821	0.000000	0.239088	0.000000	0.211257	0.000000	0.145782	0.000000	0.124773	0.000000	0.057064	0.731092	0.510144	1.257370	1.830900	0.880019	0.638864	0.149112	0.566554	1.147060	6.559920	37.279400	54.211800	290.783000	25.172700	0.000000	21.865900	3.087600	9.590880	1.365770	0.651790	0.554667	0.272151	0.094654	
   75	109.000000	101.710000	99.390000	85.380000	80.660000	80.200000	84.100000	105.720000	109.000000	79.900000	50.240000	45.200000	33.490000	15.200000	7.000000	5.000000	65.630000	106.700000	115.890000	116.860000	109.690000	96.730000	88.920000	78.200000	20.000000	20.280000	16.720000	26.520000	27.360000	28.200000	79.800000	64.000000	79.480000	74.000000	36.720000	28.000000	23.200000	14.000000	10.000000	22.800000	58.800000	75.960000	16.240000	13.400000	19.880000	43.960000	55.760000	55.480000	95.180000	94.470000	94.580000	85.380000	76.990000	78.480000	95.770000	109.220000	109.330000	84.900000	55.140000	40.200000	34.490000	15.200000	2.020000	3.000000	77.440000	104.710000	116.490000	118.280000	111.690000	106.730000	103.200000	93.140000	82.840000	82.840000	85.000000	82.380000	76.000000	78.200000	96.200000	114.700000	111.340000	96.380000	80.000000	37.210000	33.000000	15.200000	7.000000	22.000000	84.360000	96.030000	110.990000	116.860000	110.190000	102.310000	99.900000	96.140000	0.338000	0.000000	0.330000	0.000000	0.311000	0.000000	0.289000	0.000000	0.264000	0.000000	0.236000	0.000000	0.231000	0.000000	0.230000	0.073000	0.199000	0.291000	0.144000	0.454000	52.670000	103.829000	105.405000	112.276000	126.428000	107.729000	112.512000	156.610000	149.705000	115.946000	105.580000	103.715000	0.197846	0.420100	0.200264	0.596500	0.193282	0.975200	0.198127	0.536200	0.200918	0.315800	0.160245	0.113700	0.126519	0.020600	0.157603	0.000000	0.162649	0.000000	0.220821	0.000000	0.239088	0.000000	0.211257	0.000000	0.145782	0.000000	0.124773	0.000000	0.057064	0.610716	0.519125	1.899110	1.417830	0.061120	0.388882	0.106604	0.419793	0.006042	1.873640	49.962500	59.105600	290.783000	25.172700	0.000000	21.865900	3.087600	9.590880	1.365770	0.651790	0.554667	0.272151	0.094654	
   76	109.000000	101.710000	99.390000	85.380000	80.660000	80.200000	84.100000	105.720000	109.000000	79.900000	50.240000	45.200000	33.490000	15.200000	7.000000	5.000000	65.630000	106.700000	115.890000	116.860000	109.690000	96.730000	88.920000	78.200000	20.000000	20.280000	16.720000	26.520000	27.360000	28.200000	79.800000	64.000000	79.480000	74.000000	36.720000	28.000000	23.200000	14.000000	10.000000	22.800000	58.800000	75.960000	16.240000	13.400000	19.880000	43.960000	55.760000	55.480000	95.180000	94.470000	94.580000	85.380000	76.990000	78.480000	95.770000	109.220000	109.330000	84.900000	55.140000	40.200000	34.490000	15.200000	2.020000	3.000000	77.440000	104.710000	116.490000	118.280000	111.690000	106.730000	103.200000	93.140000	82.840000	82.840000	85.000000	82.380000	76.000000	78.200000	96.200000	114.700000	111.340000	96.380000	80.000000	37.210000	33.000000	15.200000	7.000000	22.000000	84.360000	96.030000	110.990000	116.860000	110.190000	102.310000	99.900000	96.140000	0.338000	0.000000	0.330000	0.000000	0.311000	0.000000	0.289000	0.000000	0.264000	0.000000	0.236000	0.000000	0.231000	0.000000	0.230000	0.073000	0.199000	0.291000	0.144000	0.454000	52.670000	94.451900	98.642400	108.285000	113.218000	129.837000	139.606000	159.950000	165.540000	144.171000	116.370000	119.201000	0.027503	0.557200	0.000000	0.682900	0.000000	0.635100	0.000000	0.366400	0.000000	0.220700	0.023490	0.167500	0.041023	0.024900	0.079282	0.000000	0.098303	0.000000	0.153864	0.000000	0.166899	0.000000	0.129800	0.000000	0.041778	0.000000	0.004050	0.000000	0.057064	0.827438	0.813189	1.899110	3.510820	1.454360	0.222848	0.124510	0.150379	0.000000	42.348800	74.973800	68.759500	0.000000	24.478700	0.000000	18.096200	3.271900	0.000000	1.923170	0.787446	0.586674	0.554779	0.328719	
   77	109.000000	101.710000	99.390000	85.380000	80.660000	80.200000	84.100000	105.720000	109.000000	79.900000	50.240000	45.200000	33.490000	15.200000	7.000000	5.000000	65.630000	106.700000	115.890000	116.860000	109.690000	96.730000	88.920000	78.200000	20.000000	20.280000	16.720000	26.520000	27.360000	28.200000	79.800000	64.000000	79.480000	74.000000	36.720000	28.000000	23.200000	14.000000	10.000000	22.800000	58.800000	75.960000	16.240000	13.400000	19.880000	43.960000	55.760000	55.480000	95.180000	94.470000	94.580000	85.380000	76.990000	78.480000	95.770000	109.220000	109.330000	84.900000	55.140000	40.200000	34.490000	15.200000	2.020000	3.000000	77.440000	104.710000	116.490000	118.280000	111.690000	106.730000	103.200000	93.140000	82.840000	82.840000	85.000000	82.380000	76.000000	78.200000	96.200000	114.700000	111.340000	96.380000	80.000000	37.210000	33.000000	15.200000	7.000000	22.000000	84.360000	96.030000	110.990000	116.860000	110.190000	102.310000	99.900000	96.140000	0.338000	0.000000	0.330000	0.000000	0.311000	0.000000	0.289000	0.000000	0.264000	0.000000	0.236000	0.000000	0.231000	0.000000	0.230000	0.073000	0.199000	0.291000	0.144000	0.454000	52.670000	106.581000	82.374100	99.447600	128.500000	142.416000	152.906000	167.564000	148.251000	118.125000	107.550000	104.068000	0.000000	0.772800	0.041676	0.633600	0.014945	0.614300	0.000000	0.584000	0.000000	0.360900	0.000000	0.169600	0.000000	0.027400	0.000000	0.000000	0.000000	0.000000	0.000000	0.000000	0.000000	0.000000	0.000000	0.000000	0.000000	0.000000	0.000000	0.000000	0.057064	0.492565	0.603704	1.411360	1.869410	1.050850	0.374524	0.346965	0.560261	1.431830	20.865300	30.967000	45.715900	291.385000	0.000000	2.626470	4.912460	2.853100	0.000000	1.658510	0.674380	0.607100	0.311153	0.000000	
   78	109.000000	101.710000	99.390000	85.380000	80.660000	80.200000	84.100000	105.720000	109.000000	79.900000	50.240000	45.200000	33.490000	15.200000	7.000000	5.000000	65.630000	106.700000	115.890000	116.860000	109.690000	96.730000	88.920000	78.200000	20.000000	20.280000	16.720000	26.520000	27.360000	28.200000	79.800000	64.000000	79.480000	74.000000	36.720000	28.000000	23.200000	14.000000	10.000000	22.800000	58.800000	75.960000	16.240000	13.400000	19.880000	43.960000	55.760000	55.480000	95.180000	94.470000	94.580000	85.380000	76.990000	78.480000	95.770000	109.220000	109.330000	84.900000	55.140000	40.200000	34.490000	15.200000	2.020000	3.000000	77.440000	104.710000	116.490000	118.280000	111.690000	106.730000	103.200000	93.140000	82.840000	82.840000	85.000000	82.380000	76.000000	78.200000	96.200000	114.700000	111.340000	96.380000	80.000000	37.210000	33.000000	15.200000	7.000000	22.000000	84.360000	96.030000	110.990000	116.860000	110.190000	102.310000	99.900000	96.140000	0.338000	0.000000	0.330000	0.000000	0.311000	0.000000	0.289000	0.000000	0.264000	0.000000	0.236000	0.000000	0.231000	0.000000	0.230000	0.073000	0.199000	0.291000	0.144000	0.454000	52.670000	96.634500	101.983000	116.826000	119.474000	127.484000	134.209000	171.424000	172.038000	118.611000	108.631000	103.434000	0.000000	0.870900	0.000000	1.102200	0.000000	1.049000	0.000000	0.787700	0.000000	0.426800	0.000000	0.217800	0.000000	0.027600	0.000000	0.000000	0.000000	0.000000	0.028932	0.000000	0.104712	0.000000	0.111528	0.000000	0.073286	0.000000	0.062623	0.000000	0.057064	0.997799	0.901225	1.581570	1.935440	0.986593	0.442090	0.203970	0.286780	0.096403	18.684000	32.267300	44.463800	302.137000	23.876500	0.534650	7.111210	2.960980	0.000000	1.334450	0.443273	0.463446	0.383585	0.318467	
   79	109.000000	101.710000	99.390000	85.380000	80.660000	80.200000	84.100000	105.720000	109.000000	79.900000	50.240000	45.200000	33.490000	15.200000	7.000000	5.000000	65.630000	106.700000	115.890000	116.860000	109.690000	96.730000	88.920000	78.200000	20.000000	20.280000	16.720000	26.520000	27.360000	28.200000	79.800000	64.000000	79.480000	74.000000	36.720000	28.000000	23.200000	14.000000	10.000000	22.800000	58.800000	75.960000	16.240000	13.400000	19.880000	43.960000	55.760000	55.480000	95.180000	94.470000	94.580000	85.380000	76.990000	78.480000	95.770000	109.220000	109.330000	84.900000	55.140000	40.200000	34.490000	15.200000	2.020000	3.000000	77.440000	104.710000	116.490000	118.280000	111.690000	106.730000	103.200000	93.140000	82.840000	82.840000	85.000000	82.380000	76.000000	78.200000	96.200000	114.700000	111.340000	96.380000	80.000000	37.210000	33.000000	15.200000	7.000000	22.000000	84.360000	96.030000	110.990000	116.860000	110.190000	102.310000	99.900000	96.140000	0.338000	0.000000	0.330000	0.000000	0.311000	0.000000	0.289000	0.000000	0.264000	0.000000	0.236000	0.000000	0.231000	0.000000	0.230000	0.073000	0.199000	0.291000	0.144000	0.454000	52.670000	104.832000	103.613000	112.538000	122.729000	136.381000	146.162000	150.831000	154.231000	107.029000	103.991000	101.517000	0.000000	0.543800	0.000000	0.713000	0.001229	0.562600	0.003995	0.316100	0.001760	0.343800	0.000714	0.141500	0.000000	0.019500	0.000000	0.000000	0.007522	0.000000	0.081088	0.000000	0.093143	0.000000	0.082759	0.000000	0.032844	0.000000	0.067447	0.000000	0.057064	0.647850	0.754410	1.378370	2.048040	0.931469	0.480817	0.322936	0.000000	2.003610	10.242600	33.247600	70.614600	454.137000	0.000000	0.000000	6.729120	3.234280	0.000000	1.323060	0.000000	0.558259	0.431438	0.237261	
   80	109.000000	101.710000	99.390000	85.380000	80.660000	80.200000	84.100000	105.720000	109.000000	79.900000	50.240000	45.200000	33.490000	15.200000	7.000000	5.000000	65.630000	106.700000	115.890000	116.860000	109.690000	96.730000	88.920000	78.200000	20.000000	20.280000	16.720000	26.520000	27.360000	28.200000	79.800000	64.000000	79.480000	74.000000	36.720000	28.000000	23.200000	14.000000	10.000000	22.800000	58.800000	75.960000	16.240000	13.400000	19.880000	43.960000	55.760000	55.480000	95.180000	94.470000	94.580000	85.380000	76.990000	78.480000	95.770000	109.220000	109.330000	84.900000	55.140000	40.200000	34.490000	15.200000	2.020000	3.000000	77.440000	104.710000	116.490000	118.280000	111.690000	106.730000	103.200000	93.140000	82.840000	82.840000	85.000000	82.380000	76.000000	78.200000	96.200000	114.700000	111.340000	96.380000	80.000000	37.210000	33.000000	15.200000	7.000000	22.000000	84.360000	96.030000	110.990000	116.860000	110.190000	102.310000	99.900000	96.140000	0.338000	0.000000	0.330000	0.000000	0.311000	0.000000	0.289000	0.000000	0.264000	0.000000	0.236000	0.000000	0.231000	0.000000	0.230000	0.073000	0.199000	0.291000	0.144000	0.454000	52.670000	104.832000	103.613000	112.538000	122.729000	136.381000	146.162000	150.831000	154.231000	107.029000	103.991000	101.517000	0.000000	0.543800	0.000000	1.351500	0.000000	1.012700	0.000000	0.719000	0.000000	0.538700	0.000000	0.280300	0.000000	0.032800	0.030546	0.000000	0.067384	0.000000	0.145344	0.000000	0.157641	0.000000	0.136001	0.000000	0.110058	0.000000	0.108238	0.000000	0.057064	1.084270	0.600292	1.312840	2.627070	0.460338	0.392362	0.269935	0.360965	0.000000	0.000000	31.519900	12.433900	211.363000	90.809100	1.101740	6.270160	2.182620	0.000000	1.945200	0.212600	0.543476	0.412390	0.000000	
   81	109.000000	101.710000	99.390000	85.380000	80.660000	80.200000	84.100000	105.720000	109.000000	79.900000	50.240000	45.200000	33.490000	15.200000	7.000000	5.000000	65.630000	106.700000	115.890000	116.860000	109.690000	96.730000	88.920000	78.200000	20.000000	20.280000	16.720000	26.520000	27.360000	28.200000	79.800000	64.000000	79.480000	74.000000	36.720000	28.000000	23.200000	14.000000	10.000000	22.800000	58.800000	75.960000	16.240000	13.400000	19.880000	43.960000	55.760000	55.480000	95.180000	94.470000	94.580000	85.380000	76.990000	78.480000	95.770000	109.220000	109.330000	84.900000	55.140000	40.200000	34.490000	15.200000	2.020000	3.000000	77.440000	104.710000	116.490000	118.280000	111.690000	106.730000	103.200000	93.140000	82.840000	82.840000	85.000000	82.380000	76.000000	78.200000	96.200000	114.700000	111.340000	96.380000	80.000000	37.210000	33.000000	15.200000	7.000000	22.000000	84.360000	96.030000	110.990000	116.860000	110.190000	102.310000	99.900000	96.140000	0.338000	0.000000	0.330000	0.000000	0.311000	0.000000	0.289000	0.000000	0.264000	0.000000	0.236000	0.000000	0.231000	0.000000	0.230000	0.073000	0.199000	0.291000	0.144000	0.454000	52.670000	82.659300	84.054400	100.950000	126.349000	139.895000	154.997000	165.223000	160.305000	127.457000	116.143000	116.079000	0.000000	0.658100	0.012701	0.779500	0.023869	0.839600	0.043825	0.744800	0.055293	0.463300	0.044950	0.162300	0.169599	0.018500	0.157361	0.000000	0.153437	0.000000	0.192358	0.000000	0.204191	0.000000	0.185853	0.000000	0.116851	0.000000	0.071963	0.000000	0.057064	1.045190	1.028780	1.762830	2.424360	1.220320	0.689515	0.555443	0.144260	1.686270	21.472200	39.076200	55.904900	303.552000	0.000000	0.000000	43.598600	24.379600	0.000000	1.570960	0.099246	0.605112	0.260522	0.227052	
   82	109.000000	101.710000	99.390000	85.380000	80.660000	80.200000	84.100000	105.720000	109.000000	79.900000	50.240000	45.200000	33.490000	15.200000	7.000000	5.000000	65.630000	106.700000	115.890000	116.860000	109.690000	96.730000	88.920000	78.200000	20.000000	20.280000	16.720000	26.520000	27.360000	28.200000	79.800000	64.000000	79.480000	74.000000	36.720000	28.000000	23.200000	14.000000	10.000000	22.800000	58.800000	75.960000	16.240000	13.400000	19.880000	43.960000	55.760000	55.480000	95.180000	94.470000	94.580000	85.380000	76.990000	78.480000	95.770000	109.220000	109.330000	84.900000	55.140000	40.200000	34.490000	15.200000	2.020000	3.000000	77.440000	104.710000	116.490000	118.280000	111.690000	106.730000	103.200000	93.140000	82.840000	82.840000	85.000000	82.380000	76.000000	78.200000	96.200000	114.700000	111.340000	96.380000	80.000000	37.210000	33.000000	15.200000	7.000000	22.000000	84.360000	96.030000	110.990000	116.860000	110.190000	102.310000	99.900000	96.140000	0.338000	0.000000	0.330000	0.000000	0.311000	0.000000	0.289000	0.000000	0.264000	0.000000	0.236000	0.000000	0.231000	0.000000	0.230000	0.073000	0.199000	0.291000	0.144000	0.454000	52.670000	105.639000	97.935500	107.894000	115.035000	127.546000	126.283000	174.918000	151.830000	124.486000	108.814000	115.874000	0.000000	1.318400	0.000000	1.285100	0.000000	1.466900	0.000000	0.800900	0.000000	0.519000	0.000000	0.284100	0.000000	0.039600	0.000000	0.000000	0.000000	0.000000	0.000000	0.000000	0.000000	0.000000	0.000000	0.000000	0.000000	0.000000	0.000000	0.000000	0.057064	0.134246	0.343698	0.000000	0.000000	0.947339	0.238311	0.463505	0.601302	0.000000	18.546700	38.664900	58.070500	308.210000	7.582300	0.000000	14.564300	4.903750	19.819200	1.232210	0.545875	0.558001	0.380153	0.100564	
   83	109.000000	101.710000	99.390000	85.380000	80.660000	80.200000	84.100000	105.720000	109.000000	79.900000	50.240000	45.200000	33.490000	15.200000	7.000000	5.000000	65.630000	106.700000	115.890000	116.860000	109.690000	96.730000	88.920000	78.200000	20.000000	20.280000	16.720000	26.520000	27.360000	28.200000	79.800000	64.000000	79.480000	74.000000	36.720000	28.000000	23.200000	14.000000	10.000000	22.800000	58.800000	75.960000	16.240000	13.400000	19.880000	43.960000	55.760000	55.480000	95.180000	94.470000	94.580000	85.380000	76.990000	78.480000	95.770000	109.220000	109.330000	84.900000	55.140000	40.200000	34.490000	15.200000	2.020000	3.000000	77.440000	104.710000	116.490000	118.280000	111.690000	106.730000	103.200000	93.140000	82.840000	82.840000	85.000000	82.380000	76.000000	78.200000	96.200000	114.700000	111.340000	96.380000	80.000000	37.210000	33.000000	15.200000	7.000000	22.000000	84.360000	96.030000	110.990000	116.860000	110.190000	102.310000	99.900000	96.140000	0.338000	0.000000	0.330000	0.000000	0.311000	0.000000	0.289000	0.000000	0.264000	0.000000	0.236000	0.000000	0.231000	0.000000	0.230000	0.073000	0.199000	0.291000	0.144000	0.454000	52.670000	88.317600	87.750300	95.691700	102.207000	112.326000	131.196000	162.134000	149.548000	107.338000	109.873000	104.887000	0.037417	0.846600	0.000000	0.941700	0.000000	0.775500	0.027364	0.627600	0.000000	0.428900	0.041826	0.171600	0.045938	0.025600	0.051899	0.000000	0.081811	0.000000	0.114333	0.000000	0.130147	0.000000	0.127953	0.000000	0.073652	0.000000	0.075788	0.000000	0.057064	0.574861	0.678951	1.034450	1.878340	1.334830	0.000000	0.222405	0.000000	0.000000	20.439400	33.338000	39.788800	323.173000	11.107300	0.000000	0.000000	1.666460	3.848120	0.734985	0.388593	0.502124	0.142058	0.145521	
   84	109.000000	101.710000	99.390000	85.380000	80.660000	80.200000	84.100000	105.720000	109.000000	79.900000	50.240000	45.200000	33.490000	15.200000	7.000000	5.000000	65.630000	106.700000	115.890000	116.860000	109.690000	96.730000	88.920000	78.200000	20.000000	20.280000	16.720000	26.520000	27.360000	28.200000	79.800000	64.000000	79.480000	74.000000	36.720000	28.000000	23.200000	14.000000	10.000000	22.800000	58.800000	75.960000	16.240000	13.400000	19.880000	43.960000	55.760000	55.480000	95.180000	94.470000	94.580000	85.380000	76.990000	78.480000	95.770000	109.220000	109.330000	84.900000	55.140000	40.200000	34.490000	15.200000	2.020000	3.000000	77.440000	104.710000	116.490000	118.280000	111.690000	106.730000	103.200000	93.140000	82.840000	82.840000	85.000000	82.380000	76.000000	78.200000	96.200000	114.700000	111.340000	96.380000	80.000000	37.210000	33.000000	15.200000	7.000000	22.000000	84.360000	96.030000	110.990000	116.860000	110.190000	102.310000	99.900000	96.140000	0.338000	0.000000	0.330000	0.000000	0.311000	0.000000	0.289000	0.000000	0.264000	0.000000	0.236000	0.000000	0.231000	0.000000	0.230000	0.073000	0.199000	0.291000	0.144000	0.454000	52.670000	94.451900	98.642400	108.285000	113.218000	129.837000	139.606000	159.950000	165.540000	144.171000	116.370000	119.201000	0.027503	0.557200	0.288906	0.761800	0.267704	0.550900	0.232276	0.375200	0.175256	0.242200	0.126247	0.120600	0.100439	0.017200	0.054388	0.000000	0.026245	0.000000	0.102737	0.000000	0.155072	0.000000	0.126260	0.000000	0.054479	0.000000	0.039089	0.000000	0.057064	0.489360	0.503474	1.554830	2.184060	0.751482	0.590495	0.465421	0.634957	0.000000	6.991070	40.378300	55.440200	321.632000	12.858800	0.000000	14.871000	3.458810	0.000000	1.422220	0.550110	0.901749	0.426809	0.528834	
   85	109.000000	101.710000	99.390000	85.380000	80.660000	80.200000	84.100000	105.720000	109.000000	79.900000	50.240000	45.200000	33.490000	15.200000	7.000000	5.000000	65.630000	106.700000	115.890000	116.860000	109.690000	96.730000	88.920000	78.200000	20.000000	20.280000	16.720000	26.520000	27.360000	28.200000	79.800000	64.000000	79.480000	74.000000	36.720000	28.000000	23.200000	14.000000	10.000000	22.800000	58.800000	75.960000	16.240000	13.400000	19.880000	43.960000	55.760000	55.480000	95.180000	94.470000	94.580000	85.380000	76.990000	78.480000	95.770000	109.220000	109.330000	84.900000	55.140000	40.200000	34.490000	15.200000	2.020000	3.000000	77.440000	104.710000	116.490000	118.280000	111.690000	106.730000	103.200000	93.140000	82.840000	82.840000	85.000000	82.380000	76.000000	78.200000	96.200000	114.700000	111.340000	96.380000	80.000000	37.210000	33.000000	15.200000	7.000000	22.000000	84.360000	96.030000	110.990000	116.860000	110.190000	102.310000	99.900000	96.140000	0.338000	0.000000	0.330000	0.000000	0.311000	0.000000	0.289000	0.000000	0.264000	0.000000	0.236000	0.000000	0.231000	0.000000	0.230000	0.073000	0.199000	0.291000	0.144000	0.454000	52.670000	73.984000	81.503000	96.774200	102.769000	116.203000	126.635000	156.624000	164.934000	131.055000	109.597000	106.076000	0.000000	0.440100	0.000000	0.581000	0.000000	0.589100	0.000000	0.391600	0.000000	0.320100	0.000000	0.112800	0.000000	0.037700	0.000000	0.000000	0.000000	0.000000	0.000000	0.000000	0.024133	0.000000	0.041016	0.000000	0.000000	0.000000	0.000000	0.000000	0.057064	0.242230	0.291311	2.043590	9.737780	11.471500	0.000000	0.166556	0.000000	1.172640	0.000000	23.946700	23.173600	397.447000	40.612600	0.000000	17.456500	0.000000	2.349190	0.816766	0.487348	0.721598	0.367667	0.405218	
   86	109.000000	101.710000	99.390000	85.380000	80.660000	80.200000	84.100000	105.720000	109.000000	79.900000	50.240000	45.200000	33.490000	15.200000	7.000000	5.000000	65.630000	106.700000	115.890000	116.860000	109.690000	96.730000	88.920000	78.200000	20.000000	20.280000	16.720000	26.520000	27.360000	28.200000	79.800000	64.000000	79.480000	74.000000	36.720000	28.000000	23.200000	14.000000	10.000000	22.800000	58.800000	75.960000	16.240000	13.400000	19.880000	43.960000	55.760000	55.480000	95.180000	94.470000	94.580000	85.380000	76.990000	78.480000	95.770000	109.220000	109.330000	84.900000	55.140000	40.200000	34.490000	15.200000	2.020000	3.000000	77.440000	104.710000	116.490000	118.280000	111.690000	106.730000	103.200000	93.140000	82.840000	82.840000	85.000000	82.380000	76.000000	78.200000	96.200000	114.700000	111.340000	96.380000	80.000000	37.210000	33.000000	15.200000	7.000000	22.000000	84.360000	96.030000	110.990000	116.860000	110.190000	102.310000	99.900000	96.140000	0.338000	0.000000	0.330000	0.000000	0.311000	0.000000	0.289000	0.000000	0.264000	0.000000	0.236000	0.000000	0.231000	0.000000	0.230000	0.073000	0.199000	0.291000	0.144000	0.454000	52.670000	104.832000	103.613000	112.538000	122.729000	136.381000	146.162000	150.831000	154.231000	107.029000	103.991000	101.517000	0.000000	0.543800	0.000000	0.347600	0.009511	0.334600	0.030596	0.320900	0.000000	0.068900	0.000000	0.048900	0.000000	0.017300	0.023643	0.000000	0.044818	0.000000	0.121976	0.000000	0.131218	0.000000	0.089989	0.000000	0.115045	0.000000	0.120081	0.000000	0.057064	0.365119	0.618544	1.398360	1.219000	0.482349	0.000000	0.099602	0.203719	0.877839	11.118300	32.972400	45.963100	365.921000	23.834500	1.431680	2.510480	2.292090	0.000000	1.272810	0.532004	0.446086	0.430863	0.311810	
   87	109.000000	101.710000	99.390000	85.380000	80.660000	80.200000	84.100000	105.720000	109.000000	79.900000	50.240000	45.200000	33.490000	15.200000	7.000000	5.000000	65.630000	106.700000	115.890000	116.860000	109.690000	96.730000	88.920000	78.200000	20.000000	20.280000	16.720000	26.520000	27.360000	28.200000	79.800000	64.000000	79.480000	74.000000	36.720000	28.000000	23.200000	14.000000	10.000000	22.800000	58.800000	75.960000	16.240000	13.400000	19.880000	43.960000	55.760000	55.480000	95.180000	94.470000	94.580000	85.380000	76.990000	78.480000	95.770000	109.220000	109.330000	84.900000	55.140000	40.200000	34.490000	15.200000	2.020000	3.000000	77.440000	104.710000	116.490000	118.280000	111.690000	106.730000	103.200000	93.140000	82.840000	82.840000	85.000000	82.380000	76.000000	78.200000	96.200000	114.700000	111.340000	96.380000	80.000000	37.210000	33.000000	15.200000	7.000000	22.000000	84.360000	96.030000	110.990000	116.860000	110.190000	102.310000	99.900000	96.140000	0.338000	0.000000	0.330000	0.000000	0.311000	0.000000	0.289000	0.000000	0.264000	0.000000	0.236000	0.000000	0.231000	0.000000	0.230000	0.073000	0.199000	0.291000	0.144000	0.454000	52.670000	58.994600	97.935500	107.894000	115.035000	127.546000	126.283000	174.918000	151.830000	124.486000	108.814000	115.874000	0.022958	0.609900	0.000000	0.528800	0.008193	0.699600	0.005458	0.481200	0.000000	0.398200	0.006331	0.221400	0.000000	0.017600	0.000000	0.000000	0.211599	0.000000	0.300244	0.000000	0.326909	0.000000	0.290725	0.000000	0.201096	0.000000	0.162800	0.000000	0.057064	0.609093	0.724436	1.379030	2.162360	0.976435	0.536832	0.181855	0.141220	1.349130	0.000000	33.351100	47.002500	357.534000	0.000000	0.000000	6.826650	3.082250	0.000000	1.104580	0.491032	0.552552	0.232494	0.196243	
   88	109.000000	101.710000	99.390000	85.380000	80.660000	80.200000	84.100000	105.720000	109.000000	79.900000	50.240000	45.200000	33.490000	15.200000	7.000000	5.000000	65.630000	106.700000	115.890000	116.860000	109.690000	96.730000	88.920000	78.200000	20.000000	20.280000	16.720000	26.520000	27.360000	28.200000	79.800000	64.000000	79.480000	74.000000	36.720000	28.000000	23.200000	14.000000	10.000000	22.800000	58.800000	75.960000	16.240000	13.400000	19.880000	43.960000	55.760000	55.480000	95.180000	94.470000	94.580000	85.380000	76.990000	78.480000	95.770000	109.220000	109.330000	84.900000	55.140000	40.200000	34.490000	15.200000	2.020000	3.000000	77.440000	104.710000	116.490000	118.280000	111.690000	106.730000	103.200000	93.140000	82.840000	82.840000	85.000000	82.380000	76.000000	78.200000	96.200000	114.700000	111.340000	96.380000	80.000000	37.210000	33.000000	15.200000	7.000000	22.000000	84.360000	96.030000	110.990000	116.860000	110.190000	102.310000	99.900000	96.140000	0.338000	0.000000	0.330000	0.000000	0.311000	0.000000	0.289000	0.000000	0.264000	0.000000	0.236000	0.000000	0.231000	0.000000	0.230000	0.073000	0.199000	0.291000	0.144000	0.454000	52.670000	96.634500	101.983000	116.826000	119.474000	127.484000	134.209000	171.424000	172.038000	118.611000	108.631000	103.434000	0.000000	0.870900	0.000000	1.102200	0.000000	1.049000	0.000000	0.787700	0.000000	0.426800	0.000000	0.217800	0.000000	0.027600	0.000000	0.000000	0.000000	0.000000	0.028932	0.000000	0.104712	0.000000	0.111528	0.000000	0.073286	0.000000	0.062623	0.000000	0.057064	0.997799	0.901225	1.581570	1.935440	0.986593	0.442090	0.203970	0.286780	0.096403	18.684000	32.267300	44.463800	302.137000	23.876500	0.534650	7.111210	2.960980	0.000000	1.334450	0.443273	0.463446	0.383585	0.318467	
   89	109.000000	101.710000	99.390000	85.380000	80.660000	80.200000	84.100000	105.720000	109.000000	79.900000	50.240000	45.200000	33.490000	15.200000	7.000000	5.000000	65.630000	106.700000	115.890000	116.860000	109.690000	96.730000	88.920000	78.200000	20.000000	20.280000	16.720000	26.520000	27.360000	28.200000	79.800000	64.000000	79.480000	74.000000	36.720000	28.000000	23.200000	14.000000	10.000000	22.800000	58.800000	75.960000	16.240000	13.400000	19.880000	43.960000	55.760000	55.480000	95.180000	94.470000	94.580000	85.380000	76.990000	78.480000	95.770000	109.220000	109.330000	84.900000	55.140000	40.200000	34.490000	15.200000	2.020000	3.000000	77.440000	104.710000	116.490000	118.280000	111.690000	106.730000	103.200000	93.140000	82.840000	82.840000	85.000000	82.380000	76.000000	78.200000	96.200000	114.700000	111.340000	96.380000	80.000000	37.210000	33.000000	15.200000	7.000000	22.000000	84.360000	96.030000	110.990000	116.860000	110.190000	102.310000	99.900000	96.140000	0.338000	0.000000	0.330000	0.000000	0.311000	0.000000	0.289000	0.000000	0.264000	0.000000	0.236000	0.000000	0.231000	0.000000	0.230000	0.073000	0.199000	0.291000	0.144000	0.454000	52.670000	95.851500	99.279200	111.493000	106.796000	138.720000	144.081000	165.693000	132.133000	100.993000	103.160000	96.270100	0.027503	0.668600	0.000000	0.487500	0.000000	0.408600	0.000000	0.347500	0.000000	0.220400	0.023490	0.107900	0.041023	0.022500	0.079282	0.000000	0.098303	0.000000	0.153864	0.000000	0.166899	0.000000	0.129800	0.000000	0.041778	0.000000	0.004050	0.000000	0.057064	0.627109	0.530303	1.042440	1.266750	1.005370	0.238564	0.314865	0.150379	0.000000	42.348800	74.973800	68.759500	0.000000	24.478700	0.000000	18.096200	3.271900	0.000000	1.923170	0.787446	0.586674	0.554779	0.328719	
   90	109.000000	101.710000	99.390000	85.380000	80.660000	80.200000	84.100000	105.720000	109.000000	79.900000	50.240000	45.200000	33.490000	15.200000	7.000000	5.000000	65.630000	106.700000	115.890000	116.860000	109.690000	96.730000	88.920000	78.200000	20.000000	20.280000	16.720000	26.520000	27.360000	28.200000	79.800000	64.000000	79.480000	74.000000	36.720000	28.000000	23.200000	14.000000	10.000000	22.800000	58.800000	75.960000	16.240000	13.400000	19.880000	43.960000	55.760000	55.480000	95.180000	94.470000	94.580000	85.380000	76.990000	78.480000	95.770000	109.220000	109.330000	84.900000	55.140000	40.200000	34.490000	15.200000	2.020000	3.000000	77.440000	104.710000	116.490000	118.280000	111.690000	106.730000	103.200000	93.140000	82.840000	82.840000	85.000000	82.380000	76.000000	78.200000	96.200000	114.700000	111.340000	96.380000	80.000000	37.210000	33.000000	15.200000	7.000000	22.000000	84.360000	96.030000	110.990000	116.860000	110.190000	102.310000	99.900000	96.140000	0.338000	0.000000	0.330000	0.000000	0.311000	0.000000	0.289000	0.000000	0.264000	0.000000	0.236000	0.000000	0.231000	0.000000	0.230000	0.073000	0.199000	0.291000	0.144000	0.454000	52.670000	83.936500	84.582700	96.117300	118.743000	150.136000	150.618000	177.533000	145.876000	121.530000	110.975000	107.606000	0.000000	0.700600	0.000000	0.566000	0.000000	0.372800	0.000000	0.356800	0.000000	0.395300	0.000000	0.232600	0.009805	0.029000	0.029074	0.000000	0.080773	0.000000	0.214748	0.000000	0.250430	0.000000	0.202355	0.000000	0.142148	0.000000	0.140836	0.000000	0.057064	0.827438	0.813189	2.307280	2.566570	0.732973	0.400165	0.237730	0.162386	1.667030	9.266620	14.180400	0.000000	216.238000	0.000000	0.000000	37.256700	3.446320	0.000000	1.581470	0.494656	0.537168	0.513363	0.202558	
   91	109.000000	101.710000	99.390000	85.380000	80.660000	80.200000	84.100000	105.720000	109.000000	79.900000	50.240000	45.200000	33.490000	15.200000	7.000000	5.000000	65.630000	106.700000	115.890000	116.860000	109.690000	96.730000	88.920000	78.200000	20.000000	20.280000	16.720000	26.520000	27.360000	28.200000	79.800000	64.000000	79.480000	74.000000	36.720000	28.000000	23.200000	14.000000	10.000000	22.800000	58.800000	75.960000	16.240000	13.400000	19.880000	43.960000	55.760000	55.480000	95.180000	94.470000	94.580000	85.380000	76.990000	78.480000	95.770000	109.220000	109.330000	84.900000	55.140000	40.200000	34.490000	15.200000	2.020000	3.000000	77.440000	104.710000	116.490000	118.280000	111.690000	106.730000	103.200000	93.140000	82.840000	82.840000	85.000000	82.380000	76.000000	78.200000	96.200000	114.700000	111.340000	96.380000	80.000000	37.210000	33.000000	15.200000	7.000000	22.000000	84.360000	96.030000	110.990000	116.860000	110.190000	102.310000	99.900000	96.140000	0.338000	0.000000	0.330000	0.000000	0.311000	0.000000	0.289000	0.000000	0.264000	0.000000	0.236000	0.000000	0.231000	0.000000	0.230000	0.073000	0.199000	0.291000	0.144000	0.454000	52.670000	88.317600	87.750300	95.691700	102.207000	112.326000	131.196000	162.134000	149.548000	107.338000	109.873000	104.887000	0.037417	0.846600	0.000000	0.941700	0.000000	0.775500	0.027364	0.627600	0.000000	0.428900	0.041826	0.171600	0.045938	0.025600	0.051899	0.000000	0.081811	0.000000	0.114333	0.000000	0.130147	0.000000	0.127953	0.000000	0.073652	0.000000	0.075788	0.000000	0.057064	0.574861	0.678951	1.034450	1.878340	1.334830	0.000000	0.222405	0.000000	0.000000	20.439400	33.338000	39.788800	323.173000	11.107300	0.000000	0.000000	1.666460	3.848120	0.734985	0.388593	0.502124	0.142058	0.145521	
   92	109.000000	101.710000	99.390000	85.380000	80.660000	80.200000	84.100000	105.720000	109.000000	79.900000	50.240000	45.200000	33.490000	15.200000	7.000000	5.000000	65.630000	106.700000	115.890000	116.860000	109.690000	96.730000	88.920000	78.200000	20.000000	20.280000	16.720000	26.520000	27.360000	28.200000	79.800000	64.000000	79.480000	74.000000	36.720000	28.000000	23.200000	14.000000	10.000000	22.800000	58.800000	75.960000	16.240000	13.400000	19.880000	43.960000	55.760000	55.480000	95.180000	94.470000	94.580000	85.380000	76.990000	78.480000	95.770000	109.220000	109.330000	84.900000	55.140000	40.200000	34.490000	15.200000	2.020000	3.000000	77.440000	104.710000	116.490000	118.280000	111.690000	106.730000	103.200000	93.140000	82.840000	82.840000	85.000000	82.380000	76.000000	78.200000	96.200000	114.700000	111.340000	96.380000	80.000000	37.210000	33.000000	15.200000	7.000000	22.000000	84.360000	96.030000	110.990000	116.860000	110.190000	102.310000	99.900000	96.140000	0.338000	0.000000	0.330000	0.000000	0.311000	0.000000	0.289000	0.000000	0.264000	0.000000	0.236000	0.000000	0.231000	0.000000	0.230000	0.073000	0.199000	0.291000	0.144000	0.454000	52.670000	92.008700	93.718300	110.087000	109.411000	127.290000	137.001000	161.846000	141.689000	118.798000	108.803000	104.887000	0.000000	0.883500	0.000000	0.770800	0.000000	0.690300	0.000000	0.418300	0.000000	0.369400	0.000000	0.276600	0.000000	0.030200	0.023643	0.000000	0.044818	0.000000	0.121976	0.000000	0.131218	0.000000	0.089989	0.000000	0.020371	0.000000	0.000000	0.000000	0.057064	0.574861	0.678951	1.034450	1.878340	1.334830	0.000000	0.099602	0.203719	0.877839	11.118300	32.972400	45.963100	365.921000	23.834500	1.431680	2.510480	2.292090	0.000000	1.272810	0.532004	0.446086	0.342906	0.109064	
   93	109.000000	101.710000	99.390000	85.380000	80.660000	80.200000	84.100000	105.720000	109.000000	79.900000	50.240000	45.200000	33.490000	15.200000	7.000000	5.000000	65.630000	106.700000	115.890000	116.860000	109.690000	96.730000	88.920000	78.200000	20.000000	20.280000	16.720000	26.520000	27.360000	28.200000	79.800000	64.000000	79.480000	74.000000	36.720000	28.000000	23.200000	14.000000	10.000000	22.800000	58.800000	75.960000	16.240000	13.400000	19.880000	43.960000	55.760000	55.480000	95.180000	94.470000	94.580000	85.380000	76.990000	78.480000	95.770000	109.220000	109.330000	84.900000	55.140000	40.200000	34.490000	15.200000	2.020000	3.000000	77.440000	104.710000	116.490000	118.280000	111.690000	106.730000	103.200000	93.140000	82.840000	82.840000	85.000000	82.380000	76.000000	78.200000	96.200000	114.700000	111.340000	96.380000	80.000000	37.210000	33.000000	15.200000	7.000000	22.000000	84.360000	96.030000	110.990000	116.860000	110.190000	102.310000	99.900000	96.140000	0.338000	0.000000	0.330000	0.000000	0.311000	0.000000	0.289000	0.000000	0.264000	0.000000	0.236000	0.000000	0.231000	0.000000	0.230000	0.073000	0.199000	0.291000	0.144000	0.454000	52.670000	88.317600	87.750300	95.691700	102.207000	112.326000	131.196000	162.134000	149.548000	107.338000	109.873000	104.887000	0.037417	0.846600	0.000000	0.941700	0.000000	0.775500	0.027364	0.627600	0.000000	0.428900	0.041826	0.171600	0.045938	0.025600	0.051899	0.000000	0.081811	0.000000	0.114333	0.000000	0.130147	0.000000	0.127953	0.000000	0.073652	0.000000	0.075788	0.000000	0.057064	0.574861	0.678951	1.034450	1.878340	1.334830	0.000000	0.222405	0.000000	0.000000	20.439400	33.338000	39.788800	323.173000	11.107300	0.000000	0.000000	1.666460	3.848120	0.734985	0.388593	0.502124	0.142058	0.145521	
   94	109.000000	101.710000	99.390000	85.380000	80.660000	80.200000	84.100000	105.720000	109.000000	79.900000	50.240000	45.200000	33.490000	15.200000	7.000000	5.000000	65.630000	106.700000	115.890000	116.860000	109.690000	96.730000	88.920000	78.200000	20.000000	20.280000	16.720000	26.520000	27.360000	28.200000	79.800000	64.000000	79.480000	74.000000	36.720000	28.000000	23.200000	14.000000	10.000000	22.800000	58.800000	75.960000	16.240000	13.400000	19.880000	43.960000	55.760000	55.480000	95.180000	94.470000	94.580000	85.380000	76.990000	78.480000	95.770000	109.220000	109.330000	84.900000	55.140000	40.200000	34.490000	15.200000	2.020000	3.000000	77.440000	104.710000	116.490000	118.280000	111.690000	106.730000	103.200000	93.140000	82.840000	82.840000	85.000000	82.380000	76.000000	78.200000	96.200000	114.700000	111.340000	96.380000	80.000000	37.210000	33.000000	15.200000	7.000000	22.000000	84.360000	96.030000	110.990000	116.860000	110.190000	102.310000	99.900000	96.140000	0.338000	0.000000	0.330000	0.000000	0.311000	0.000000	0.289000	0.000000	0.264000	0.000000	0.236000	0.000000	0.231000	0.000000	0.230000	0.073000	0.199000	0.291000	0.144000	0.454000	52.670000	85.776000	88.121600	101.612000	104.314000	130.086000	127.911000	167.564000	148.251000	118.125000	107.550000	104.068000	0.082185	0.700300	0.102214	0.966400	0.118176	1.287500	0.111806	0.799100	0.146680	0.358600	0.040491	0.161200	0.000000	0.017300	0.000000	0.000000	0.000000	0.000000	0.041367	0.000000	0.070943	0.000000	0.051841	0.000000	0.000000	0.000000	0.000000	0.000000	0.057064	0.492565	0.068753	1.892220	2.690830	0.000000	0.000000	0.000000	0.009162	0.000000	5.765940	44.824300	68.616800	127.776000	0.000000	2.061550	2.743860	2.273400	0.000000	1.704500	0.836596	0.408085	0.260385	0.195113	
   95	109.000000	101.710000	99.390000	85.380000	80.660000	80.200000	84.100000	105.720000	109.000000	79.900000	50.240000	45.200000	33.490000	15.200000	7.000000	5.000000	65.630000	106.700000	115.890000	116.860000	109.690000	96.730000	88.920000	78.200000	20.000000	20.280000	16.720000	26.520000	27.360000	28.200000	79.800000	64.000000	79.480000	74.000000	36.720000	28.000000	23.200000	14.000000	10.000000	22.800000	58.800000	75.960000	16.240000	13.400000	19.880000	43.960000	55.760000	55.480000	95.180000	94.470000	94.580000	85.380000	76.990000	78.480000	95.770000	109.220000	109.330000	84.900000	55.140000	40.200000	34.490000	15.200000	2.020000	3.000000	77.440000	104.710000	116.490000	118.280000	111.690000	106.730000	103.200000	93.140000	82.840000	82.840000	85.000000	82.380000	76.000000	78.200000	96.200000	114.700000	111.340000	96.380000	80.000000	37.210000	33.000000	15.200000	7.000000	22.000000	84.360000	96.030000	110.990000	116.860000	110.190000	102.310000	99.900000	96.140000	0.338000	0.000000	0.330000	0.000000	0.311000	0.000000	0.289000	0.000000	0.264000	0.000000	0.236000	0.000000	0.231000	0.000000	0.230000	0.073000	0.199000	0.291000	0.144000	0.454000	52.670000	97.244800	95.278100	102.382000	99.953100	111.838000	132.842000	157.988000	141.194000	123.741000	114.222000	105.664000	0.058714	0.741600	0.044640	0.545100	0.059124	0.453000	0.061052	0.246300	0.052321	0.249800	0.028924	0.156300	0.000000	0.033000	0.000000	0.000000	0.006258	0.000000	0.057338	0.000000	0.076063	0.000000	0.047786	0.000000	0.000000	0.000000	0.000000	0.000000	0.057064	1.003280	0.702850	1.202430	1.679120	1.312300	0.415308	0.315066	0.476328	0.000000	33.092800	32.958300	41.566400	345.388000	27.566200	4.406330	4.609080	2.702950	0.000000	1.397670	0.568621	0.787501	0.481292	0.587151	
   96	109.000000	101.710000	99.390000	85.380000	80.660000	80.200000	84.100000	105.720000	109.000000	79.900000	50.240000	45.200000	33.490000	15.200000	7.000000	5.000000	65.630000	106.700000	115.890000	116.860000	109.690000	96.730000	88.920000	78.200000	20.000000	20.280000	16.720000	26.520000	27.360000	28.200000	79.800000	64.000000	79.480000	74.000000	36.720000	28.000000	23.200000	14.000000	10.000000	22.800000	58.800000	75.960000	16.240000	13.400000	19.880000	43.960000	55.760000	55.480000	95.180000	94.470000	94.580000	85.380000	76.990000	78.480000	95.770000	109.220000	109.330000	84.900000	55.140000	40.200000	34.490000	15.200000	2.020000	3.000000	77.440000	104.710000	116.490000	118.280000	111.690000	106.730000	103.200000	93.140000	82.840000	82.840000	85.000000	82.380000	76.000000	78.200000	96.200000	114.700000	111.340000	96.380000	80.000000	37.210000	33.000000	15.200000	7.000000	22.000000	84.360000	96.030000	110.990000	116.860000	110.190000	102.310000	99.900000	96.140000	0.338000	0.000000	0.330000	0.000000	0.311000	0.000000	0.289000	0.000000	0.264000	0.000000	0.236000	0.000000	0.231000	0.000000	0.230000	0.073000	0.199000	0.291000	0.144000	0.454000	52.670000	99.402500	102.013000	99.917800	116.350000	129.769000	155.514000	153.730000	138.775000	109.389000	99.448600	101.854000	0.000000	0.648900	0.458715	0.680700	0.448591	0.551000	0.431603	0.265900	0.409141	0.139500	0.399593	0.129800	0.382981	0.030000	0.346515	0.000000	0.297816	0.000000	0.303806	0.000000	0.255936	0.000000	0.142556	0.000000	0.125511	0.000000	0.110633	0.000000	0.057064	1.003280	0.702850	1.202430	1.679120	1.312300	0.415308	0.315066	0.368424	0.000000	23.913100	22.629600	24.090300	448.519000	34.079500	0.000000	12.942100	2.335750	560.092000	2.914860	0.242215	0.643974	0.500369	0.270396	
   97	109.000000	101.710000	99.390000	85.380000	80.660000	80.200000	84.100000	105.720000	109.000000	79.900000	50.240000	45.200000	33.490000	15.200000	7.000000	5.000000	65.630000	106.700000	115.890000	116.860000	109.690000	96.730000	88.920000	78.200000	20.000000	20.280000	16.720000	26.520000	27.360000	28.200000	79.800000	64.000000	79.480000	74.000000	36.720000	28.000000	23.200000	14.000000	10.000000	22.800000	58.800000	75.960000	16.240000	13.400000	19.880000	43.960000	55.760000	55.480000	95.180000	94.470000	94.580000	85.380000	76.990000	78.480000	95.770000	109.220000	109.330000	84.900000	55.140000	40.200000	34.490000	15.200000	2.020000	3.000000	77.440000	104.710000	116.490000	118.280000	111.690000	106.730000	103.200000	93.140000	82.840000	82.840000	85.000000	82.380000	76.000000	78.200000	96.200000	114.700000	111.340000	96.380000	80.000000	37.210000	33.000000	15.200000	7.000000	22.000000	84.360000	96.030000	110.990000	116.860000	110.190000	102.310000	99.900000	96.140000	0.338000	0.000000	0.330000	0.000000	0.311000	0.000000	0.289000	0.000000	0.264000	0.000000	0.236000	0.000000	0.231000	0.000000	0.230000	0.073000	0.199000	0.291000	0.144000	0.454000	52.670000	85.801600	86.681500	99.849300	105.900000	126.810000	130.921000	163.879000	140.174000	103.139000	105.313000	97.674100	0.021569	0.890500	0.000000	0.669800	0.000000	0.558200	0.000000	0.248700	0.012122	0.227500	0.012057	0.162700	0.000000	0.027900	0.000000	0.000000	0.042672	0.000000	0.115353	0.000000	0.155047	0.000000	0.146208	0.000000	0.085999	0.000000	0.065867	0.000000	0.057064	1.355740	1.108710	0.584166	0.469023	0.804913	0.901407	0.444346	0.647211	0.000000	5.633360	36.967900	39.616900	185.646000	48.448600	12.422600	0.000000	4.062600	0.000000	1.655140	0.474047	0.658400	0.396838	0.355596	
   98	109.000000	101.710000	99.390000	85.380000	80.660000	80.200000	84.100000	105.720000	109.000000	79.900000	50.240000	45.200000	33.490000	15.200000	7.000000	5.000000	65.630000	106.700000	115.890000	116.860000	109.690000	96.730000	88.920000	78.200000	20.000000	20.280000	16.720000	26.520000	27.360000	28.200000	79.800000	64.000000	79.480000	74.000000	36.720000	28.000000	23.200000	14.000000	10.000000	22.800000	58.800000	75.960000	16.240000	13.400000	19.880000	43.960000	55.760000	55.480000	95.180000	94.470000	94.580000	85.380000	76.990000	78.480000	95.770000	109.220000	109.330000	84.900000	55.140000	40.200000	34.490000	15.200000	2.020000	3.000000	77.440000	104.710000	116.490000	118.280000	111.690000	106.730000	103.200000	93.140000	82.840000	82.840000	85.000000	82.380000	76.000000	78.200000	96.200000	114.700000	111.340000	96.380000	80.000000	37.210000	33.000000	15.200000	7.000000	22.000000	84.360000	96.030000	110.990000	116.860000	110.190000	102.310000	99.900000	96.140000	0.338000	0.000000	0.330000	0.000000	0.311000	0.000000	0.289000	0.000000	0.264000	0.000000	0.236000	0.000000	0.231000	0.000000	0.230000	0.073000	0.199000	0.291000	0.144000	0.454000	52.670000	94.451900	98.642400	108.285000	113.218000	129.837000	139.606000	159.950000	165.540000	144.171000	116.370000	119.201000	0.000000	0.383800	0.000000	0.708100	0.000000	0.718300	0.000000	0.618200	0.028702	0.429000	0.080398	0.220100	0.112130	0.028000	0.104619	0.000000	0.079060	0.000000	0.124561	0.000000	0.159207	0.000000	0.157435	0.000000	0.120984	0.000000	0.134536	0.000000	0.057064	0.708975	0.474018	1.147160	1.456830	0.458486	0.365817	0.349513	0.438046	0.000000	5.336280	34.147900	34.268900	279.586000	19.390600	0.000000	13.881400	3.118470	0.000000	1.137410	0.513885	0.564922	0.462941	0.240334	
   99	109.000000	101.710000	99.390000	85.380000	80.660000	80.200000	84.100000	105.720000	109.000000	79.900000	50.240000	45.200000	33.490000	15.200000	7.000000	5.000000	65.630000	106.700000	115.890000	116.860000	109.690000	96.730000	88.920000	78.200000	20.000000	20.280000	16.720000	26.520000	27.360000	28.200000	79.800000	64.000000	79.480000	74.000000	36.720000	28.000000	23.200000	14.000000	10.000000	22.800000	58.800000	75.960000	16.240000	13.400000	19.880000	43.960000	55.760000	55.480000	95.180000	94.470000	94.580000	85.380000	76.990000	78.480000	95.770000	109.220000	109.330000	84.900000	55.140000	40.200000	34.490000	15.200000	2.020000	3.000000	77.440000	104.710000	116.490000	118.280000	111.690000	106.730000	103.200000	93.140000	82.840000	82.840000	85.000000	82.380000	76.000000	78.200000	96.200000	114.700000	111.340000	96.380000	80.000000	37.210000	33.000000	15.200000	7.000000	22.000000	84.360000	96.030000	110.990000	116.860000	110.190000	102.310000	99.900000	96.140000	0.338000	0.000000	0.330000	0.000000	0.311000	0.000000	0.289000	0.000000	0.264000	0.000000	0.236000	0.000000	0.231000	0.000000	0.230000	0.073000	0.199000	0.291000	0.144000	0.454000	52.670000	85.801600	86.681500	99.849300	105.900000	126.810000	130.921000	163.879000	140.174000	103.139000	105.313000	97.674100	0.021569	0.890500	0.000000	0.669800	0.000000	0.558200	0.000000	0.248700	0.012122	0.227500	0.012057	0.162700	0.000000	0.027900	0.000000	0.000000	0.042672	0.000000	0.115353	0.000000	0.155047	0.000000	0.146208	0.000000	0.085999	0.000000	0.065867	0.000000	0.057064	1.355740	1.108710	0.584166	0.469023	0.804913	0.901407	0.444346	0.647211	0.000000	5.633360	36.967900	39.616900	185.646000	48.448600	12.422600	0.000000	4.062600	0.000000	1.655140	0.474047	0.658400	0.396838	0.355596	
  100	109.000000	101.710000	99.390000	85.380000	80.660000	80.200000	84.100000	105.720000	109.000000	79.900000	50.240000	45.200000	33.490000	15.200000	7.000000	5.000000	65.630000	106.700000	115.890000	116.860000	109.690000	96.730000	88.920000	78.200000	20.000000	20.280000	16.720000	26.520000	27.360000	28.200000	79.800000	64.000000	79.480000	74.000000	36.720000	28.000000	23.200000	14.000000	10.000000	22.800000	58.800000	75.960000	16.240000	13.400000	19.880000	43.960000	55.760000	55.480000	95.180000	94.470000	94.580000	85.380000	76.990000	78.480000	95.770000	109.220000	109.330000	84.900000	55.140000	40.200000	34.490000	15.200000	2.020000	3.000000	77.440000	104.710000	116.490000	118.280000	111.690000	106.730000	103.200000	93.140000	82.840000	82.840000	85.000000	82.380000	76.000000	78.200000	96.200000	114.700000	111.340000	96.380000	80.000000	37.210000	33.000000	15.200000	7.000000	22.000000	84.360000	96.030000	110.990000	116.860000	110.190000	102.310000	99.900000	96.140000	0.338000	0.000000	0.330000	0.000000	0.311000	0.000000	0.289000	0.000000	0.264000	0.000000	0.236000	0.000000	0.231000	0.000000	0.230000	0.073000	0.199000	0.291000	0.144000	0.454000	52.670000	88.317600	87.750300	95.691700	102.207000	112.326000	131.196000	162.134000	149.548000	107.338000	109.873000	104.887000	0.037417	0.846600	0.000000	0.941700	0.000000	0.775500	0.027364	0.627600	0.000000	0.428900	0.041826	0.171600	0.045938	0.025600	0.051899	0.000000	0.081811	0.000000	0.114333	0.000000	0.130147	0.000000	0.127953	0.000000	0.073652	0.000000	0.075788	0.000000	0.057064	0.574861	0.678951	1.034450	1.878340	1.334830	0.000000	0.222405	0.000000	0.000000	20.439400	33.338000	39.788800	323.173000	11.107300	0.000000	0.000000	1.666460	3.848120	0.734985	0.388593	0.502124	0.142058	0.145521	
;
param Prob0 :=
    1	0.010
    2	0.010
    3	0.010
    4	0.000
    5	0.000
    6	0.000
    7	0.010
    8	0.010
    9	0.010
   10	0.010
   11	0.010
   12	0.150
   13	0.010
   14	0.010
   15	0.040
   16	0.010
   17	0.010
   18	0.010
   19	0.010
   20	0.010
   21	0.010
   22	0.010
   23	0.010
   24	0.010
   25	0.000
   26	0.010
   27	0.010
   28	0.010
   29	0.020
   30	0.000
   31	0.010
   32	0.010
   33	0.010
   34	0.030
   35	0.000
   36	0.000
   37	0.010
   38	0.000
   39	0.060
   40	0.010
   41	0.010
   42	0.010
   43	0.010
   44	0.010
   45	0.010
   46	0.000
   47	0.000
   48	0.000
   49	0.000
   50	0.010
   51	0.000
   52	0.010
   53	0.000
   54	0.010
   55	0.000
   56	0.010
   57	0.020
   58	0.020
   59	0.010
   60	0.010
   61	0.000
   62	0.010
   63	0.010
   64	0.000
   65	0.000
   66	0.000
   67	0.010
   68	0.000
   69	0.010
   70	0.010
   71	0.010
   72	0.010
   73	0.010
   74	0.010
   75	0.010
   76	0.010
   77	0.000
   78	0.000
   79	0.010
   80	0.010
   81	0.010
   82	0.010
   83	0.000
   84	0.010
   85	0.010
   86	0.010
   87	0.010
   88	0.000
   89	0.010
   90	0.010
   91	0.000
   92	0.000
   93	0.000
   94	0.010
   95	0.010
   96	0.010
   97	0.030
   98	0.010
   99	0.000
  100	0.000
;
set c[0,50] :=
50    8     16    24    32    40    48    57    65    73    81    89    97
1     9     17    25    33    41    49    58    66    74    82    90    98
2     10    18    26    34    42    51    59    67    75    83    91    99
3     11    19    27    35    43    52    60    68    76    84    92    100
4     12    20    28    36    44    53    61    69    77    85    93
5     13    21    29    37    45    54    62    70    78    86    94
6     14    22    30    38    46    55    63    71    79    87    95
7     15    23    31    39    47    56    64    72    80    88    96;
set c[1,50] :=
50    8     16    24    32    40    48    57    65    73    81    89    97
1     9     17    25    33    41    49    58    66    74    82    90    98
2     10    18    26    34    42    51    59    67    75    83    91    99
3     11    19    27    35    43    52    60    68    76    84    92    100
4     12    20    28    36    44    53    61    69    77    85    93
5     13    21    29    37    45    54    62    70    78    86    94
6     14    22    30    38    46    55    63    71    79    87    95
7     15    23    31    39    47    56    64    72    80    88    96;
set c[2,50] :=
50    8     16    24    32    40    48    57    65    73    81    89    97
1     9     17    25    33    41    49    58    66    74    82    90    98
2     10    18    26    34    42    51    59    67    75    83    91    99
3     11    19    27    35    43    52    60    68    76    84    92    100
4     12    20    28    36    44    53    61    69    77    85    93
5     13    21    29    37    45    54    62    70    78    86    94
6     14    22    30    38    46    55    63    71    79    87    95
7     15    23    31    39    47    56    64    72    80    88    96;
set c[3,50] :=
50    8     16    24    32    40    48    57    65    73    81    89    97
1     9     17    25    33    41    49    58    66    74    82    90    98
2     10    18    26    34    42    51    59    67    75    83    91    99
3     11    19    27    35    43    52    60    68    76    84    92    100
4     12    20    28    36    44    53    61    69    77    85    93
5     13    21    29    37    45    54    62    70    78    86    94
6     14    22    30    38    46    55    63    71    79    87    95
7     15    23    31    39    47    56    64    72    80    88    96;
set c[4,50] :=
50    8     16    24    32    40    48    57    65    73    81    89    97
1     9     17    25    33    41    49    58    66    74    82    90    98
2     10    18    26    34    42    51    59    67    75    83    91    99
3     11    19    27    35    43    52    60    68    76    84    92    100
4     12    20    28    36    44    53    61    69    77    85    93
5     13    21    29    37    45    54    62    70    78    86    94
6     14    22    30    38    46    55    63    71    79    87    95
7     15    23    31    39    47    56    64    72    80    88    96;
set c[5,50] :=
50    8     16    24    32    40    48    57    65    73    81    89    97
1     9     17    25    33    41    49    58    66    74    82    90    98
2     10    18    26    34    42    51    59    67    75    83    91    99
3     11    19    27    35    43    52    60    68    76    84    92    100
4     12    20    28    36    44    53    61    69    77    85    93
5     13    21    29    37    45    54    62    70    78    86    94
6     14    22    30    38    46    55    63    71    79    87    95
7     15    23    31    39    47    56    64    72    80    88    96;
set c[6,50] :=
50    8     16    24    32    40    48    57    65    73    81    89    97
1     9     17    25    33    41    49    58    66    74    82    90    98
2     10    18    26    34    42    51    59    67    75    83    91    99
3     11    19    27    35    43    52    60    68    76    84    92    100
4     12    20    28    36    44    53    61    69    77    85    93
5     13    21    29    37    45    54    62    70    78    86    94
6     14    22    30    38    46    55    63    71    79    87    95
7     15    23    31    39    47    56    64    72    80    88    96;
set c[7,50] :=
50    8     16    24    32    40    48    57    65    73    81    89    97
1     9     17    25    33    41    49    58    66    74    82    90    98
2     10    18    26    34    42    51    59    67    75    83    91    99
3     11    19    27    35    43    52    60    68    76    84    92    100
4     12    20    28    36    44    53    61    69    77    85    93
5     13    21    29    37    45    54    62    70    78    86    94
6     14    22    30    38    46    55    63    71    79    87    95
7     15    23    31    39    47    56    64    72    80    88    96;
set c[8,50] :=
50    8     16    24    32    40    48    57    65    73    81    89    97
1     9     17    25    33    41    49    58    66    74    82    90    98
2     10    18    26    34    42    51    59    67    75    83    91    99
3     11    19    27    35    43    52    60    68    76    84    92    100
4     12    20    28    36    44    53    61    69    77    85    93
5     13    21    29    37    45    54    62    70    78    86    94
6     14    22    30    38    46    55    63    71    79    87    95
7     15    23    31    39    47    56    64    72    80    88    96;
set c[9,50] :=
50    8     16    24    32    40    48    57    65    73    81    89    97
1     9     17    25    33    41    49    58    66    74    82    90    98
2     10    18    26    34    42    51    59    67    75    83    91    99
3     11    19    27    35    43    52    60    68    76    84    92    100
4     12    20    28    36    44    53    61    69    77    85    93
5     13    21    29    37    45    54    62    70    78    86    94
6     14    22    30    38    46    55    63    71    79    87    95
7     15    23    31    39    47    56    64    72    80    88    96;
set c[10,50] :=
50    8     16    24    32    40    48    57    65    73    81    89    97
1     9     17    25    33    41    49    58    66    74    82    90    98
2     10    18    26    34    42    51    59    67    75    83    91    99
3     11    19    27    35    43    52    60    68    76    84    92    100
4     12    20    28    36    44    53    61    69    77    85    93
5     13    21    29    37    45    54    62    70    78    86    94
6     14    22    30    38    46    55    63    71    79    87    95
7     15    23    31    39    47    56    64    72    80    88    96;
set c[11,50] :=
50    8     16    24    32    40    48    57    65    73    81    89    97
1     9     17    25    33    41    49    58    66    74    82    90    98
2     10    18    26    34    42    51    59    67    75    83    91    99
3     11    19    27    35    43    52    60    68    76    84    92    100
4     12    20    28    36    44    53    61    69    77    85    93
5     13    21    29    37    45    54    62    70    78    86    94
6     14    22    30    38    46    55    63    71    79    87    95
7     15    23    31    39    47    56    64    72    80    88    96;
set c[12,50] :=
50    8     16    24    32    40    48    57    65    73    81    89    97
1     9     17    25    33    41    49    58    66    74    82    90    98
2     10    18    26    34    42    51    59    67    75    83    91    99
3     11    19    27    35    43    52    60    68    76    84    92    100
4     12    20    28    36    44    53    61    69    77    85    93
5     13    21    29    37    45    54    62    70    78    86    94
6     14    22    30    38    46    55    63    71    79    87    95
7     15    23    31    39    47    56    64    72    80    88    96;
set c[13,50] :=
50    8     16    24    32    40    48    57    65    73    81    89    97
1     9     17    25    33    41    49    58    66    74    82    90    98
2     10    18    26    34    42    51    59    67    75    83    91    99
3     11    19    27    35    43    52    60    68    76    84    92    100
4     12    20    28    36    44    53    61    69    77    85    93
5     13    21    29    37    45    54    62    70    78    86    94
6     14    22    30    38    46    55    63    71    79    87    95
7     15    23    31    39    47    56    64    72    80    88    96;
set c[14,50] :=
50    8     16    24    32    40    48    57    65    73    81    89    97
1     9     17    25    33    41    49    58    66    74    82    90    98
2     10    18    26    34    42    51    59    67    75    83    91    99
3     11    19    27    35    43    52    60    68    76    84    92    100
4     12    20    28    36    44    53    61    69    77    85    93
5     13    21    29    37    45    54    62    70    78    86    94
6     14    22    30    38    46    55    63    71    79    87    95
7     15    23    31    39    47    56    64    72    80    88    96;
set c[15,58] := 58 92;
set c[15,94] := 94;
set c[15,21] := 21;
set c[15,34] := 34 49 66;
set c[15,57] := 57 68;
set c[15,23] := 23;
set c[15,22] := 22;
set c[15,10] := 10;
set c[15,95] := 95;
set c[15,82] := 82;
set c[15,30] := 30 4 6 12 35 38 48 51 53 55 65 83 91 93 100;
set c[15,56] := 56;
set c[15,45] := 45;
set c[15,46] := 46 15 25 77;
set c[15,78] := 78 36 39 61 64 88;
set c[15,54] := 54 96;
set c[15,99] := 99 5 19 29 40 47 97;
set c[15,90] := 90;
set c[15,32] := 32 2 28 41 44 62 67 70 79 80 86;
set c[15,87] := 87;
set c[15,50] := 50 60 72 74;
set c[15,81] := 81 1 11 31 43 59 71;
set c[15,26] := 26 7 13 20 63 69 73 85;
set c[15,89] := 89 17 33 42;
set c[15,14] := 14 24 37;
set c[15,75] := 75;
set c[15,27] := 27;
set c[15,52] := 52 3 8 9 16 18 76 84 98;
set c[16,58] := 58 92;
set c[16,94] := 94;
set c[16,21] := 21;
set c[16,66] := 66 34 49;
set c[16,57] := 57 68;
set c[16,23] := 23;
set c[16,22] := 22;
set c[16,10] := 10;
set c[16,95] := 95;
set c[16,82] := 82;
set c[16,65] := 65 30 4 6 12 35 38 48 51 53 55 83 91 93 100;
set c[16,56] := 56;
set c[16,45] := 45;
set c[16,77] := 77 46 15 25;
set c[16,61] := 61 78 36 39 64 88;
set c[16,54] := 54 96;
set c[16,40] := 40 99 5 19 29 47 97;
set c[16,90] := 90;
set c[16,67] := 67 32 2 28 41 44 62 70 79 80 86;
set c[16,87] := 87;
set c[16,74] := 74 50 60 72;
set c[16,71] := 71 81 1 11 31 43 59;
set c[16,20] := 20;
set c[16,7] := 7;
set c[16,63] := 63;
set c[16,26] := 26;
set c[16,69] := 69;
set c[16,85] := 85;
set c[16,13] := 13;
set c[16,73] := 73;
set c[16,89] := 89;
set c[16,17] := 17;
set c[16,33] := 33;
set c[16,42] := 42;
set c[16,24] := 24 37;
set c[16,14] := 14;
set c[16,75] := 75;
set c[16,27] := 27;
set c[16,16] := 16;
set c[16,76] := 76 84;
set c[16,8] := 8;
set c[16,9] := 9;
set c[16,98] := 98;
set c[16,18] := 18;
set c[16,3] := 3;
set c[16,52] := 52;
set c[17,58] := 58 92;
set c[17,94] := 94;
set c[17,21] := 21;
set c[17,66] := 66 34 49;
set c[17,57] := 57 68;
set c[17,23] := 23;
set c[17,22] := 22;
set c[17,10] := 10;
set c[17,95] := 95;
set c[17,82] := 82;
set c[17,48] := 48 65 30 4 6 12 35 38 51 53 55 83 91 93 100;
set c[17,56] := 56;
set c[17,45] := 45;
set c[17,15] := 15 77 46 25;
set c[17,61] := 61 78 36 39 64 88;
set c[17,54] := 54;
set c[17,96] := 96;
set c[17,19] := 19;
set c[17,40] := 40;
set c[17,97] := 97 99 47;
set c[17,29] := 29 5;
set c[17,90] := 90;
set c[17,70] := 70;
set c[17,28] := 28;
set c[17,2] := 2;
set c[17,79] := 79;
set c[17,62] := 62;
set c[17,67] := 67;
set c[17,44] := 44;
set c[17,32] := 32;
set c[17,41] := 41 86;
set c[17,80] := 80;
set c[17,87] := 87;
set c[17,74] := 74;
set c[17,60] := 60;
set c[17,50] := 50;
set c[17,72] := 72;
set c[17,59] := 59;
set c[17,81] := 81;
set c[17,71] := 71;
set c[17,43] := 43;
set c[17,1] := 1;
set c[17,11] := 11;
set c[17,31] := 31;
set c[17,20] := 20;
set c[17,7] := 7;
set c[17,63] := 63;
set c[17,26] := 26;
set c[17,69] := 69;
set c[17,85] := 85;
set c[17,13] := 13;
set c[17,73] := 73;
set c[17,89] := 89;
set c[17,17] := 17;
set c[17,33] := 33;
set c[17,42] := 42;
set c[17,24] := 24;
set c[17,37] := 37;
set c[17,14] := 14;
set c[17,75] := 75;
set c[17,27] := 27;
set c[17,16] := 16;
set c[17,76] := 76;
set c[17,84] := 84;
set c[17,8] := 8;
set c[17,9] := 9;
set c[17,98] := 98;
set c[17,18] := 18;
set c[17,3] := 3;
set c[17,52] := 52;
set c[18,58] := 58 92;
set c[18,94] := 94;
set c[18,21] := 21;
set c[18,66] := 66 34 49;
set c[18,57] := 57 68;
set c[18,23] := 23;
set c[18,22] := 22;
set c[18,10] := 10;
set c[18,95] := 95;
set c[18,82] := 82;
set c[18,93] := 93 48 65 30 4 6 12 35 38 51 53 55 83 91 100;
set c[18,56] := 56;
set c[18,45] := 45;
set c[18,15] := 15 77 46 25;
set c[18,61] := 61 78 36 39 64 88;
set c[18,54] := 54;
set c[18,96] := 96;
set c[18,19] := 19;
set c[18,40] := 40;
set c[18,99] := 99 97 47;
set c[18,29] := 29 5;
set c[18,90] := 90;
set c[18,70] := 70;
set c[18,28] := 28;
set c[18,2] := 2;
set c[18,79] := 79;
set c[18,62] := 62;
set c[18,67] := 67;
set c[18,44] := 44;
set c[18,32] := 32;
set c[18,41] := 41 86;
set c[18,80] := 80;
set c[18,87] := 87;
set c[18,74] := 74;
set c[18,60] := 60;
set c[18,50] := 50;
set c[18,72] := 72;
set c[18,59] := 59;
set c[18,81] := 81;
set c[18,71] := 71;
set c[18,43] := 43;
set c[18,1] := 1;
set c[18,11] := 11;
set c[18,31] := 31;
set c[18,20] := 20;
set c[18,7] := 7;
set c[18,63] := 63;
set c[18,26] := 26;
set c[18,69] := 69;
set c[18,85] := 85;
set c[18,13] := 13;
set c[18,73] := 73;
set c[18,89] := 89;
set c[18,17] := 17;
set c[18,33] := 33;
set c[18,42] := 42;
set c[18,24] := 24;
set c[18,37] := 37;
set c[18,14] := 14;
set c[18,75] := 75;
set c[18,27] := 27;
set c[18,16] := 16;
set c[18,76] := 76;
set c[18,84] := 84;
set c[18,8] := 8;
set c[18,9] := 9;
set c[18,98] := 98;
set c[18,18] := 18;
set c[18,3] := 3;
set c[18,52] := 52;
set c[19,58] := 58 92;
set c[19,94] := 94;
set c[19,21] := 21;
set c[19,66] := 66 34 49;
set c[19,57] := 57 68;
set c[19,23] := 23;
set c[19,22] := 22;
set c[19,10] := 10;
set c[19,95] := 95;
set c[19,82] := 82;
set c[19,51] := 51 93 48 65 30 4 6 12 35 38 53 55 83 91 100;
set c[19,56] := 56;
set c[19,45] := 45;
set c[19,77] := 77 15 46 25;
set c[19,39] := 39 61 78 36 64 88;
set c[19,54] := 54;
set c[19,96] := 96;
set c[19,19] := 19;
set c[19,40] := 40;
set c[19,99] := 99 97 47;
set c[19,29] := 29 5;
set c[19,90] := 90;
set c[19,70] := 70;
set c[19,28] := 28;
set c[19,2] := 2;
set c[19,79] := 79;
set c[19,62] := 62;
set c[19,67] := 67;
set c[19,44] := 44;
set c[19,32] := 32;
set c[19,41] := 41 86;
set c[19,80] := 80;
set c[19,87] := 87;
set c[19,74] := 74;
set c[19,60] := 60;
set c[19,50] := 50;
set c[19,72] := 72;
set c[19,59] := 59;
set c[19,81] := 81;
set c[19,71] := 71;
set c[19,43] := 43;
set c[19,1] := 1;
set c[19,11] := 11;
set c[19,31] := 31;
set c[19,20] := 20;
set c[19,7] := 7;
set c[19,63] := 63;
set c[19,26] := 26;
set c[19,69] := 69;
set c[19,85] := 85;
set c[19,13] := 13;
set c[19,73] := 73;
set c[19,89] := 89;
set c[19,17] := 17;
set c[19,33] := 33;
set c[19,42] := 42;
set c[19,24] := 24;
set c[19,37] := 37;
set c[19,14] := 14;
set c[19,75] := 75;
set c[19,27] := 27;
set c[19,16] := 16;
set c[19,76] := 76;
set c[19,84] := 84;
set c[19,8] := 8;
set c[19,9] := 9;
set c[19,98] := 98;
set c[19,18] := 18;
set c[19,3] := 3;
set c[19,52] := 52;
set c[20,58] := 58 92;
set c[20,94] := 94;
set c[20,21] := 21;
set c[20,66] := 66 34 49;
set c[20,57] := 57 68;
set c[20,23] := 23;
set c[20,22] := 22;
set c[20,10] := 10;
set c[20,95] := 95;
set c[20,82] := 82;
set c[20,93] := 93 51 48 65 30 4 6 12 35 38 53 55 83 91 100;
set c[20,56] := 56;
set c[20,45] := 45;
set c[20,25] := 25 77 15 46;
set c[20,36] := 36 39 61 78 64 88;
set c[20,54] := 54;
set c[20,96] := 96;
set c[20,19] := 19;
set c[20,40] := 40;
set c[20,99] := 99 97 47;
set c[20,29] := 29 5;
set c[20,90] := 90;
set c[20,70] := 70;
set c[20,28] := 28;
set c[20,2] := 2;
set c[20,79] := 79;
set c[20,62] := 62;
set c[20,67] := 67;
set c[20,44] := 44;
set c[20,32] := 32;
set c[20,41] := 41;
set c[20,86] := 86;
set c[20,80] := 80;
set c[20,87] := 87;
set c[20,74] := 74;
set c[20,60] := 60;
set c[20,50] := 50;
set c[20,72] := 72;
set c[20,59] := 59;
set c[20,81] := 81;
set c[20,71] := 71;
set c[20,43] := 43;
set c[20,1] := 1;
set c[20,11] := 11;
set c[20,31] := 31;
set c[20,20] := 20;
set c[20,7] := 7;
set c[20,63] := 63;
set c[20,26] := 26;
set c[20,69] := 69;
set c[20,85] := 85;
set c[20,13] := 13;
set c[20,73] := 73;
set c[20,89] := 89;
set c[20,17] := 17;
set c[20,33] := 33;
set c[20,42] := 42;
set c[20,24] := 24;
set c[20,37] := 37;
set c[20,14] := 14;
set c[20,75] := 75;
set c[20,27] := 27;
set c[20,16] := 16;
set c[20,76] := 76;
set c[20,84] := 84;
set c[20,8] := 8;
set c[20,9] := 9;
set c[20,98] := 98;
set c[20,18] := 18;
set c[20,3] := 3;
set c[20,52] := 52;
set c[21,58] := 58 92;
set c[21,94] := 94;
set c[21,21] := 21;
set c[21,49] := 49 66 34;
set c[21,57] := 57 68;
set c[21,23] := 23;
set c[21,22] := 22;
set c[21,10] := 10;
set c[21,95] := 95;
set c[21,82] := 82;
set c[21,91] := 91 93 51 48 65 30 4 6 12 35 38 53 55 83 100;
set c[21,56] := 56;
set c[21,45] := 45;
set c[21,77] := 77 25 15 46;
set c[21,36] := 36 39 61 78 64 88;
set c[21,54] := 54;
set c[21,96] := 96;
set c[21,19] := 19;
set c[21,40] := 40;
set c[21,99] := 99 97 47;
set c[21,29] := 29 5;
set c[21,90] := 90;
set c[21,70] := 70;
set c[21,28] := 28;
set c[21,2] := 2;
set c[21,79] := 79;
set c[21,62] := 62;
set c[21,67] := 67;
set c[21,44] := 44;
set c[21,32] := 32;
set c[21,41] := 41;
set c[21,86] := 86;
set c[21,80] := 80;
set c[21,87] := 87;
set c[21,74] := 74;
set c[21,60] := 60;
set c[21,50] := 50;
set c[21,72] := 72;
set c[21,59] := 59;
set c[21,81] := 81;
set c[21,71] := 71;
set c[21,43] := 43;
set c[21,1] := 1;
set c[21,11] := 11;
set c[21,31] := 31;
set c[21,20] := 20;
set c[21,7] := 7;
set c[21,63] := 63;
set c[21,26] := 26;
set c[21,69] := 69;
set c[21,85] := 85;
set c[21,13] := 13;
set c[21,73] := 73;
set c[21,89] := 89;
set c[21,17] := 17;
set c[21,33] := 33;
set c[21,42] := 42;
set c[21,24] := 24;
set c[21,37] := 37;
set c[21,14] := 14;
set c[21,75] := 75;
set c[21,27] := 27;
set c[21,16] := 16;
set c[21,76] := 76;
set c[21,84] := 84;
set c[21,8] := 8;
set c[21,9] := 9;
set c[21,98] := 98;
set c[21,18] := 18;
set c[21,3] := 3;
set c[21,52] := 52;
set c[22,58] := 58 92;
set c[22,94] := 94;
set c[22,21] := 21;
set c[22,49] := 49 66 34;
set c[22,57] := 57 68;
set c[22,23] := 23;
set c[22,22] := 22;
set c[22,10] := 10;
set c[22,95] := 95;
set c[22,82] := 82;
set c[22,12] := 12 91 93 51 48 65 30 4 6 35 38 53 55 83 100;
set c[22,56] := 56;
set c[22,45] := 45;
set c[22,77] := 77 25 15 46;
set c[22,36] := 36 39 61 78 64 88;
set c[22,54] := 54;
set c[22,96] := 96;
set c[22,19] := 19;
set c[22,40] := 40;
set c[22,99] := 99 97 47;
set c[22,29] := 29 5;
set c[22,90] := 90;
set c[22,70] := 70;
set c[22,28] := 28;
set c[22,2] := 2;
set c[22,79] := 79;
set c[22,62] := 62;
set c[22,67] := 67;
set c[22,44] := 44;
set c[22,32] := 32;
set c[22,41] := 41;
set c[22,86] := 86;
set c[22,80] := 80;
set c[22,87] := 87;
set c[22,74] := 74;
set c[22,60] := 60;
set c[22,50] := 50;
set c[22,72] := 72;
set c[22,59] := 59;
set c[22,81] := 81;
set c[22,71] := 71;
set c[22,43] := 43;
set c[22,1] := 1;
set c[22,11] := 11;
set c[22,31] := 31;
set c[22,20] := 20;
set c[22,7] := 7;
set c[22,63] := 63;
set c[22,26] := 26;
set c[22,69] := 69;
set c[22,85] := 85;
set c[22,13] := 13;
set c[22,73] := 73;
set c[22,89] := 89;
set c[22,17] := 17;
set c[22,33] := 33;
set c[22,42] := 42;
set c[22,24] := 24;
set c[22,37] := 37;
set c[22,14] := 14;
set c[22,75] := 75;
set c[22,27] := 27;
set c[22,16] := 16;
set c[22,76] := 76;
set c[22,84] := 84;
set c[22,8] := 8;
set c[22,9] := 9;
set c[22,98] := 98;
set c[22,18] := 18;
set c[22,3] := 3;
set c[22,52] := 52;
set c[23,58] := 58 92;
set c[23,94] := 94;
set c[23,21] := 21;
set c[23,49] := 49 66 34;
set c[23,57] := 57 68;
set c[23,23] := 23;
set c[23,22] := 22;
set c[23,10] := 10;
set c[23,95] := 95;
set c[23,82] := 82;
set c[23,12] := 12 91 93 51 48 65 30 4 6 35 38 53 55 83 100;
set c[23,56] := 56;
set c[23,45] := 45;
set c[23,77] := 77 25 15 46;
set c[23,36] := 36 39 61 78 64 88;
set c[23,54] := 54;
set c[23,96] := 96;
set c[23,19] := 19;
set c[23,40] := 40;
set c[23,99] := 99 97 47;
set c[23,29] := 29 5;
set c[23,90] := 90;
set c[23,70] := 70;
set c[23,28] := 28;
set c[23,2] := 2;
set c[23,79] := 79;
set c[23,62] := 62;
set c[23,67] := 67;
set c[23,44] := 44;
set c[23,32] := 32;
set c[23,41] := 41;
set c[23,86] := 86;
set c[23,80] := 80;
set c[23,87] := 87;
set c[23,74] := 74;
set c[23,60] := 60;
set c[23,50] := 50;
set c[23,72] := 72;
set c[23,59] := 59;
set c[23,81] := 81;
set c[23,71] := 71;
set c[23,43] := 43;
set c[23,1] := 1;
set c[23,11] := 11;
set c[23,31] := 31;
set c[23,20] := 20;
set c[23,7] := 7;
set c[23,63] := 63;
set c[23,26] := 26;
set c[23,69] := 69;
set c[23,85] := 85;
set c[23,13] := 13;
set c[23,73] := 73;
set c[23,89] := 89;
set c[23,17] := 17;
set c[23,33] := 33;
set c[23,42] := 42;
set c[23,24] := 24;
set c[23,37] := 37;
set c[23,14] := 14;
set c[23,75] := 75;
set c[23,27] := 27;
set c[23,16] := 16;
set c[23,76] := 76;
set c[23,84] := 84;
set c[23,8] := 8;
set c[23,9] := 9;
set c[23,98] := 98;
set c[23,18] := 18;
set c[23,3] := 3;
set c[23,52] := 52;
set c[24,58] := 58 92;
set c[24,94] := 94;
set c[24,21] := 21;
set c[24,49] := 49 66 34;
set c[24,57] := 57 68;
set c[24,23] := 23;
set c[24,22] := 22;
set c[24,10] := 10;
set c[24,95] := 95;
set c[24,82] := 82;
set c[24,6] := 6 12 91 93 51 48 65 30 4 35 38 53 55 83 100;
set c[24,56] := 56;
set c[24,45] := 45;
set c[24,77] := 77 25 15 46;
set c[24,36] := 36 39 61 78 64 88;
set c[24,54] := 54;
set c[24,96] := 96;
set c[24,19] := 19;
set c[24,40] := 40;
set c[24,47] := 47 99 97;
set c[24,29] := 29 5;
set c[24,90] := 90;
set c[24,70] := 70;
set c[24,28] := 28;
set c[24,2] := 2;
set c[24,79] := 79;
set c[24,62] := 62;
set c[24,67] := 67;
set c[24,44] := 44;
set c[24,32] := 32;
set c[24,41] := 41;
set c[24,86] := 86;
set c[24,80] := 80;
set c[24,87] := 87;
set c[24,74] := 74;
set c[24,60] := 60;
set c[24,50] := 50;
set c[24,72] := 72;
set c[24,59] := 59;
set c[24,81] := 81;
set c[24,71] := 71;
set c[24,43] := 43;
set c[24,1] := 1;
set c[24,11] := 11;
set c[24,31] := 31;
set c[24,20] := 20;
set c[24,7] := 7;
set c[24,63] := 63;
set c[24,26] := 26;
set c[24,69] := 69;
set c[24,85] := 85;
set c[24,13] := 13;
set c[24,73] := 73;
set c[24,89] := 89;
set c[24,17] := 17;
set c[24,33] := 33;
set c[24,42] := 42;
set c[24,24] := 24;
set c[24,37] := 37;
set c[24,14] := 14;
set c[24,75] := 75;
set c[24,27] := 27;
set c[24,16] := 16;
set c[24,76] := 76;
set c[24,84] := 84;
set c[24,8] := 8;
set c[24,9] := 9;
set c[24,98] := 98;
set c[24,18] := 18;
set c[24,3] := 3;
set c[24,52] := 52;
set c[25,58] := 58 92;
set c[25,94] := 94;
set c[25,21] := 21;
set c[25,49] := 49 66 34;
set c[25,57] := 57 68;
set c[25,23] := 23;
set c[25,22] := 22;
set c[25,10] := 10;
set c[25,95] := 95;
set c[25,82] := 82;
set c[25,12] := 12 6 91 93 51 48 65 30 4 35 38 53 55 83 100;
set c[25,56] := 56;
set c[25,45] := 45;
set c[25,77] := 77 25 15 46;
set c[25,39] := 39 36 61 78 64 88;
set c[25,54] := 54;
set c[25,96] := 96;
set c[25,19] := 19;
set c[25,40] := 40;
set c[25,47] := 47 99 97;
set c[25,29] := 29 5;
set c[25,90] := 90;
set c[25,70] := 70;
set c[25,28] := 28;
set c[25,2] := 2;
set c[25,79] := 79;
set c[25,62] := 62;
set c[25,67] := 67;
set c[25,44] := 44;
set c[25,32] := 32;
set c[25,41] := 41;
set c[25,86] := 86;
set c[25,80] := 80;
set c[25,87] := 87;
set c[25,74] := 74;
set c[25,60] := 60;
set c[25,50] := 50;
set c[25,72] := 72;
set c[25,59] := 59;
set c[25,81] := 81;
set c[25,71] := 71;
set c[25,43] := 43;
set c[25,1] := 1;
set c[25,11] := 11;
set c[25,31] := 31;
set c[25,20] := 20;
set c[25,7] := 7;
set c[25,63] := 63;
set c[25,26] := 26;
set c[25,69] := 69;
set c[25,85] := 85;
set c[25,13] := 13;
set c[25,73] := 73;
set c[25,89] := 89;
set c[25,17] := 17;
set c[25,33] := 33;
set c[25,42] := 42;
set c[25,24] := 24;
set c[25,37] := 37;
set c[25,14] := 14;
set c[25,75] := 75;
set c[25,27] := 27;
set c[25,16] := 16;
set c[25,76] := 76;
set c[25,84] := 84;
set c[25,8] := 8;
set c[25,9] := 9;
set c[25,98] := 98;
set c[25,18] := 18;
set c[25,3] := 3;
set c[25,52] := 52;
set c[26,58] := 58 92;
set c[26,94] := 94;
set c[26,21] := 21;
set c[26,49] := 49 66 34;
set c[26,57] := 57 68;
set c[26,23] := 23;
set c[26,22] := 22;
set c[26,10] := 10;
set c[26,95] := 95;
set c[26,82] := 82;
set c[26,12] := 12 6 91 93 51 48 65 30 4 35 38 53 55 83 100;
set c[26,56] := 56;
set c[26,45] := 45;
set c[26,77] := 77 25 15 46;
set c[26,39] := 39 36 61 78 64 88;
set c[26,54] := 54;
set c[26,96] := 96;
set c[26,19] := 19;
set c[26,40] := 40;
set c[26,47] := 47 99 97;
set c[26,29] := 29 5;
set c[26,90] := 90;
set c[26,70] := 70;
set c[26,28] := 28;
set c[26,2] := 2;
set c[26,79] := 79;
set c[26,62] := 62;
set c[26,67] := 67;
set c[26,44] := 44;
set c[26,32] := 32;
set c[26,41] := 41;
set c[26,86] := 86;
set c[26,80] := 80;
set c[26,87] := 87;
set c[26,74] := 74;
set c[26,60] := 60;
set c[26,50] := 50;
set c[26,72] := 72;
set c[26,59] := 59;
set c[26,81] := 81;
set c[26,71] := 71;
set c[26,43] := 43;
set c[26,1] := 1;
set c[26,11] := 11;
set c[26,31] := 31;
set c[26,20] := 20;
set c[26,7] := 7;
set c[26,63] := 63;
set c[26,26] := 26;
set c[26,69] := 69;
set c[26,85] := 85;
set c[26,13] := 13;
set c[26,73] := 73;
set c[26,89] := 89;
set c[26,17] := 17;
set c[26,33] := 33;
set c[26,42] := 42;
set c[26,24] := 24;
set c[26,37] := 37;
set c[26,14] := 14;
set c[26,75] := 75;
set c[26,27] := 27;
set c[26,16] := 16;
set c[26,76] := 76;
set c[26,84] := 84;
set c[26,8] := 8;
set c[26,9] := 9;
set c[26,98] := 98;
set c[26,18] := 18;
set c[26,3] := 3;
set c[26,52] := 52;
set c[27,58] := 58 92;
set c[27,94] := 94;
set c[27,21] := 21;
set c[27,49] := 49 66 34;
set c[27,57] := 57 68;
set c[27,23] := 23;
set c[27,22] := 22;
set c[27,10] := 10;
set c[27,95] := 95;
set c[27,82] := 82;
set c[27,35] := 35 12 6 91 93 51 48 65 30 4 38 53 55 83 100;
set c[27,56] := 56;
set c[27,45] := 45;
set c[27,77] := 77 25 15 46;
set c[27,39] := 39 36 61 78 64 88;
set c[27,54] := 54;
set c[27,96] := 96;
set c[27,19] := 19;
set c[27,40] := 40;
set c[27,47] := 47 99 97;
set c[27,29] := 29 5;
set c[27,90] := 90;
set c[27,70] := 70;
set c[27,28] := 28;
set c[27,2] := 2;
set c[27,79] := 79;
set c[27,62] := 62;
set c[27,67] := 67;
set c[27,44] := 44;
set c[27,32] := 32;
set c[27,41] := 41;
set c[27,86] := 86;
set c[27,80] := 80;
set c[27,87] := 87;
set c[27,74] := 74;
set c[27,60] := 60;
set c[27,50] := 50;
set c[27,72] := 72;
set c[27,59] := 59;
set c[27,81] := 81;
set c[27,71] := 71;
set c[27,43] := 43;
set c[27,1] := 1;
set c[27,11] := 11;
set c[27,31] := 31;
set c[27,20] := 20;
set c[27,7] := 7;
set c[27,63] := 63;
set c[27,26] := 26;
set c[27,69] := 69;
set c[27,85] := 85;
set c[27,13] := 13;
set c[27,73] := 73;
set c[27,89] := 89;
set c[27,17] := 17;
set c[27,33] := 33;
set c[27,42] := 42;
set c[27,24] := 24;
set c[27,37] := 37;
set c[27,14] := 14;
set c[27,75] := 75;
set c[27,27] := 27;
set c[27,16] := 16;
set c[27,76] := 76;
set c[27,84] := 84;
set c[27,8] := 8;
set c[27,9] := 9;
set c[27,98] := 98;
set c[27,18] := 18;
set c[27,3] := 3;
set c[27,52] := 52;
set c[28,58] := 58 92;
set c[28,94] := 94;
set c[28,21] := 21;
set c[28,34] := 34 49 66;
set c[28,57] := 57 68;
set c[28,23] := 23;
set c[28,22] := 22;
set c[28,10] := 10;
set c[28,95] := 95;
set c[28,82] := 82;
set c[28,35] := 35 12 6 91 93 51 48 65 30 4 38 53 55 83 100;
set c[28,56] := 56;
set c[28,45] := 45;
set c[28,77] := 77 25 15 46;
set c[28,39] := 39 36 61 78 64 88;
set c[28,54] := 54;
set c[28,96] := 96;
set c[28,19] := 19;
set c[28,40] := 40;
set c[28,97] := 97 47 99;
set c[28,29] := 29 5;
set c[28,90] := 90;
set c[28,70] := 70;
set c[28,28] := 28;
set c[28,2] := 2;
set c[28,79] := 79;
set c[28,62] := 62;
set c[28,67] := 67;
set c[28,44] := 44;
set c[28,32] := 32;
set c[28,41] := 41;
set c[28,86] := 86;
set c[28,80] := 80;
set c[28,87] := 87;
set c[28,74] := 74;
set c[28,60] := 60;
set c[28,50] := 50;
set c[28,72] := 72;
set c[28,59] := 59;
set c[28,81] := 81;
set c[28,71] := 71;
set c[28,43] := 43;
set c[28,1] := 1;
set c[28,11] := 11;
set c[28,31] := 31;
set c[28,20] := 20;
set c[28,7] := 7;
set c[28,63] := 63;
set c[28,26] := 26;
set c[28,69] := 69;
set c[28,85] := 85;
set c[28,13] := 13;
set c[28,73] := 73;
set c[28,89] := 89;
set c[28,17] := 17;
set c[28,33] := 33;
set c[28,42] := 42;
set c[28,24] := 24;
set c[28,37] := 37;
set c[28,14] := 14;
set c[28,75] := 75;
set c[28,27] := 27;
set c[28,16] := 16;
set c[28,76] := 76;
set c[28,84] := 84;
set c[28,8] := 8;
set c[28,9] := 9;
set c[28,98] := 98;
set c[28,18] := 18;
set c[28,3] := 3;
set c[28,52] := 52;
set c[29,58] := 58 92;
set c[29,94] := 94;
set c[29,21] := 21;
set c[29,34] := 34 49 66;
set c[29,57] := 57 68;
set c[29,23] := 23;
set c[29,22] := 22;
set c[29,10] := 10;
set c[29,95] := 95;
set c[29,82] := 82;
set c[29,35] := 35 12 6 91 93 51 48 65 30 4 38 53 55 83 100;
set c[29,56] := 56;
set c[29,45] := 45;
set c[29,77] := 77 25 15 46;
set c[29,61] := 61 39 36 78 64 88;
set c[29,54] := 54;
set c[29,96] := 96;
set c[29,19] := 19;
set c[29,40] := 40;
set c[29,97] := 97 47 99;
set c[29,29] := 29 5;
set c[29,90] := 90;
set c[29,70] := 70;
set c[29,28] := 28;
set c[29,2] := 2;
set c[29,79] := 79;
set c[29,62] := 62;
set c[29,67] := 67;
set c[29,44] := 44;
set c[29,32] := 32;
set c[29,41] := 41;
set c[29,86] := 86;
set c[29,80] := 80;
set c[29,87] := 87;
set c[29,74] := 74;
set c[29,60] := 60;
set c[29,50] := 50;
set c[29,72] := 72;
set c[29,59] := 59;
set c[29,81] := 81;
set c[29,71] := 71;
set c[29,43] := 43;
set c[29,1] := 1;
set c[29,11] := 11;
set c[29,31] := 31;
set c[29,20] := 20;
set c[29,7] := 7;
set c[29,63] := 63;
set c[29,26] := 26;
set c[29,69] := 69;
set c[29,85] := 85;
set c[29,13] := 13;
set c[29,73] := 73;
set c[29,89] := 89;
set c[29,17] := 17;
set c[29,33] := 33;
set c[29,42] := 42;
set c[29,24] := 24;
set c[29,37] := 37;
set c[29,14] := 14;
set c[29,75] := 75;
set c[29,27] := 27;
set c[29,16] := 16;
set c[29,76] := 76;
set c[29,84] := 84;
set c[29,8] := 8;
set c[29,9] := 9;
set c[29,98] := 98;
set c[29,18] := 18;
set c[29,3] := 3;
set c[29,52] := 52;
set c[30,58] := 58 92;
set c[30,94] := 94;
set c[30,21] := 21;
set c[30,34] := 34 49 66;
set c[30,57] := 57 68;
set c[30,23] := 23;
set c[30,22] := 22;
set c[30,10] := 10;
set c[30,95] := 95;
set c[30,82] := 82;
set c[30,12] := 12 35 6 91 93 51 48 65 30 4 38 53 55 83 100;
set c[30,56] := 56;
set c[30,45] := 45;
set c[30,15] := 15 77 25 46;
set c[30,39] := 39 61 36 78 64 88;
set c[30,54] := 54;
set c[30,96] := 96;
set c[30,19] := 19;
set c[30,40] := 40;
set c[30,97] := 97 47 99;
set c[30,29] := 29 5;
set c[30,90] := 90;
set c[30,70] := 70;
set c[30,28] := 28;
set c[30,2] := 2;
set c[30,79] := 79;
set c[30,62] := 62;
set c[30,67] := 67;
set c[30,44] := 44;
set c[30,32] := 32;
set c[30,41] := 41;
set c[30,86] := 86;
set c[30,80] := 80;
set c[30,87] := 87;
set c[30,74] := 74;
set c[30,60] := 60;
set c[30,50] := 50;
set c[30,72] := 72;
set c[30,59] := 59;
set c[30,81] := 81;
set c[30,71] := 71;
set c[30,43] := 43;
set c[30,1] := 1;
set c[30,11] := 11;
set c[30,31] := 31;
set c[30,20] := 20;
set c[30,7] := 7;
set c[30,63] := 63;
set c[30,26] := 26;
set c[30,69] := 69;
set c[30,85] := 85;
set c[30,13] := 13;
set c[30,73] := 73;
set c[30,89] := 89;
set c[30,17] := 17;
set c[30,33] := 33;
set c[30,42] := 42;
set c[30,24] := 24;
set c[30,37] := 37;
set c[30,14] := 14;
set c[30,75] := 75;
set c[30,27] := 27;
set c[30,16] := 16;
set c[30,76] := 76;
set c[30,84] := 84;
set c[30,8] := 8;
set c[30,9] := 9;
set c[30,98] := 98;
set c[30,18] := 18;
set c[30,3] := 3;
set c[30,52] := 52;

