#erel:= 0.800;
#emax:= 820.896;
#q:= 0.000;
#nesce:=    67;
#etime:= 1.649;
#snodes:=  1716;
param nS:=   100;
param nSG:=    30;
param nRVSG :=
 1 24    4 24    7  2   10  2   13  2   16  2   19  2   22  2   25  2   28  2
 2 24    5  2    8  2   11  2   14  2   17  2   20  2   23  2   26  2   29  2
 3 24    6  2    9  2   12  2   15 12   18  2   21  2   24  2   27  2   30 24
;

param ScenF :=
  1  175.727        46    0            91  289.159       136    0.5736
  2  175.882        47    0.60656      92  265.521       137    0.0653218
  3  165.308        48    0            93  276.586       138    0.528
  4  169.885        49   75.562        94  285.333       139    0.0626441
  5  194.311        50   76.4628       95  216.969       140    0.3565
  6  205.553        51   52.0852       96  174.18        141    0.0737267
  7  225.013        52   52.095        97    0.254717    142    0.196
  8  269.297        53   82.9309       98    0           143    0.110125
  9  307.166        54   88.535        99    0.247622    144    0.0194
 10  331.162        55   97.4495      100    0           145    0.128765
 11  207.818        56  116.723       101    0.183042    146    0
 12  176.145        57  110.49        102    0           147    0.149745
 13  166.872        58  115.936       103    0.0713289   148    0
 14  180.142        59  109.567       104    0           149    0.230445
 15  155.415        60  113.417       105    0           150    0
 16  111.16         61   94.5561      106    0           151    0.331048
 17  136.162        62   84.8846      107    0           152    0
 18  195.39         63   67.9685      108    0           153    0.371633
 19  261.647        64   42.1769      109    0           154    0
 20  206.332        65   56.3206      110    0.0402      155    0.376566
 21  190.181        66   73.1383      111    0           156    0
 22  185.604        67  107.097       112    0.2093      157    8.35068
 23  127.506        68  103.388       113    0           158    5.57539
 24  107.428        69  107.578       114    0.3179      159    5.36654
 25    6.62459      70  120.184       115    0.0153646   160    0
 26    0            71  113.081       116    0.3722      161   16.0057
 27    0            72   75.999       117   90.0718      162   21.3595
 28    0            73  118.541       118   99.4744      163   21.8386
 29    0            74  161.777       119   94.7595      164   20.5468
 30    0            75  193.568       120   74.0003      165    0
 31   17.677        76  191.557       121   56.8715      166    0
 32   62.2797       77  183.638       122   52.0609      167    0
 33  122.693        78  176.365       123   57.2718      168    0
 34   20.1028       79  160.511       124   66.6662      169    0
 35    0            80  216.403       125   88.5881      170  821.573
 36    0            81  260.111       126   85.1062      171 9584.09
 37    0            82  241.345       127   53.3671      172    0
 38    0            83  110.967       128   43.3349      173   84.4829
 39    0            84  196.405       129    0.0360586   174    0
 40   20.6332       85  203.196       130    0.4022      175 4115.4
 41   19.5651       86  277.15        131    0.0476234   176    0
 42    4.44194      87  282.639       132    0.4185      177    0
 43    0            88  281.402       133    0.0580057   178    0
 44  112.969        89  308.977       134    0.4869      179    0
 45    0            90  295.305       135    0.060688    180    0
;

param ScenO :=
  1  98.02        46  55.52        91  82.94       136   0.223
  2  99           47  35.12        92 102.59       137   0.338
  3  98.02        48  57.12        93 105.52       138   0.333
  4  88.66        49  96.01        94  90          139   0.245
  5  86.43        50  93.99        95  83.55       140   0.191
  6  81.59        51  93.02        96  72.25       141   0.118
  7 101.6         52  89.68        97   0.337      142   0.068
  8 119.48        53  97.77        98   0          143   0.085
  9 124.24        54  92.09        99   0.37       144   0
 10 109.25        55  95.66       100   0          145   0.139
 11  90.22        56 114.48       101   0.398      146   0
 12  88.66        57 121.24       102   0          147   0.208
 13  87.26        58 104.85       103   0.441      148   0
 14  78.38        59  90.22       104   0          149   0.243
 15  65           60  85.66       105   0.494      150   0
 16  65           61  82.26       106   0          151   0.224
 17  71.5         62  78.38       107   0.503      152   0
 18  79.44        63  66.07       108   0          153   0.182
 19 101.84        64  66.07       109   0.463      154   0
 20 116.86        65  75.5        110   0.021      155   0.121
 21 117.25        66  79.5        111   0.349      156   0
 22 100           67  96.84       112   0.151      157   0.875332
 23  93.55        68 114.85       113   0.336      158   0.726162
 24  85           69 115          114   0.249      159   0.560294
 25  23.64        70  96.1        115   0.308      160   1.28581
 26  39.36        71  90.8        116   0.266      161   0.871804
 27  41.12        72  84          117  61.24       162   0.75095
 28  54.96        73  90.51       118  54.2        163   0.529429
 29  58.88        74  94          119  54.1        164   0.587713
 30  60.76        75  79.03       120  52.1        165   0.624517
 31  24.2         76  73.67       121  53.2        166   0.316339
 32  46.84        77  86.43       122  65.77       167   0.133452
 33 167.72        78  73.43       123  69.77       168   0.129822
 34 101.88        79  88.8        124  71.77       169   0.028421
 35  62           80 107.53       125  90.55       170   0.379306
 36  58.4         81 118.24       126  79.5        171   0.467385
 37  39.68        82 103          127  71.77       172   0.499538
 38  39.2         83  90          128  64.26       173   0.997203
 39  34.36        84  79.99       129   0.302      174   0.932528
 40  37.76        85  78.53       130   0.28       175   0.17498
 41  37.56        86  76.52       131   0.356      176   0.658651
 42  62.48        87  65          132   0.331      177   0.644094
 43  60           88  58.5        133   0.376      178   0.613
 44  31.92        89  61.61       134   0.184      179   0.308498
 45  42.48        90  77.5        135   0.361      180   0.095529
;

param Scen0 (tr)
 :    1	    2	    3	    4	    5	    6	    7	    8	    9	   10	   11	   12	   13	   14	   15	   16	   17	   18	   19	   20	   21	   22	   23	   24	   25	   26	   27	   28	   29	   30	   31	   32	   33	   34	   35	   36	   37	   38	   39	   40	   41	   42	   43	   44	   45	   46	   47	   48	   49	   50	   51	   52	   53	   54	   55	   56	   57	   58	   59	   60	   61	   62	   63	   64	   65	   66	   67	   68	   69	   70	   71	   72	   73	   74	   75	   76	   77	   78	   79	   80	   81	   82	   83	   84	   85	   86	   87	   88	   89	   90	   91	   92	   93	   94	   95	   96	   97	   98	   99	  100	  101	  102	  103	  104	  105	  106	  107	  108	  109	  110	  111	  112	  113	  114	  115	  116	  117	  118	  119	  120	  121	  122	  123	  124	  125	  126	  127	  128	  129	  130	  131	  132	  133	  134	  135	  136	  137	  138	  139	  140	  141	  142	  143	  144	  145	  146	  147	  148	  149	  150	  151	  152	  153	  154	  155	  156	  157	  158	  159	  160	  161	  162	  163	  164	  165	  166	  167	  168	  169	  170	  171	  172	  173	  174	  175	  176	  177	  178	  179	  180	:=
    1	98.020000	162.725000	161.961000	178.524000	188.753000	197.869000	217.186000	266.919000	300.791000	325.646000	225.025000	173.038000	171.735000	181.361000	158.871000	113.007000	132.057000	194.003000	247.355000	196.251000	186.611000	192.410000	125.197000	114.211000	23.640000	5.490110	2.413060	0.000000	7.115210	11.086500	23.413000	39.473900	134.444000	38.281400	3.943060	2.621760	7.030960	9.852020	10.847400	33.143300	34.711600	2.241680	40.146700	229.282000	53.857700	35.794800	0.000000	17.962800	96.010000	69.937200	48.291000	56.404300	74.972500	86.850900	87.749300	115.324000	115.860000	112.201000	114.868000	103.118000	96.500100	83.606200	69.176900	47.259000	40.632100	54.877800	102.358000	117.813000	107.397000	137.177000	112.178000	80.033000	90.510000	157.660000	191.885000	200.017000	187.930000	169.459000	160.951000	230.109000	259.578000	240.192000	109.987000	184.744000	217.627000	277.030000	279.401000	280.852000	305.841000	300.457000	265.074000	266.460000	263.736000	296.315000	210.575000	177.943000	0.337000	0.000000	0.299999	0.000000	0.299880	0.000000	0.191733	0.000000	0.128961	0.000000	0.125536	0.000000	0.128615	0.048100	0.156655	0.268700	0.117414	0.370300	0.088480	0.500800	61.240000	100.873000	103.041000	72.894200	65.536900	59.206000	39.759100	82.249300	111.424000	110.302000	66.437200	54.633100	0.098117	0.453600	0.101836	0.490500	0.096735	0.544200	0.092708	0.874100	0.118604	0.805300	0.136911	0.547000	0.128466	0.252600	0.088549	0.022000	0.111544	0.000000	0.147418	0.000000	0.246411	0.000000	0.341905	0.000000	0.387033	0.000000	0.432432	0.000000	0.875332	5.891280	5.525840	0.250699	15.732200	21.706300	21.482800	21.058300	0.492475	3.473060	0.000000	6.221490	57.907400	827.658000	9621.750000	0.000000	81.627100	0.046953	4102.590000	0.000000	0.085122	0.102988	0.000000	0.074134	
    2	98.020000	174.477000	165.091000	174.869000	193.016000	202.798000	222.082000	270.501000	305.316000	326.132000	222.487000	171.458000	167.739000	180.312000	158.038000	111.942000	131.855000	191.497000	253.195000	193.001000	189.934000	197.766000	126.979000	111.593000	23.640000	0.000000	0.000000	0.000000	0.000000	3.854690	14.853400	55.063700	107.627000	36.167700	0.000000	0.000000	0.000000	1.276670	0.000000	21.889100	20.239200	0.000000	3.598190	112.064000	32.692200	4.128620	0.000000	0.000000	96.010000	64.618600	49.183500	64.147600	79.384400	94.219900	98.362500	122.245000	115.702000	121.553000	108.064000	109.630000	97.153200	81.348400	69.170900	44.645500	43.736800	52.977900	99.167000	98.568700	106.525000	138.841000	112.724000	92.868000	90.510000	161.427000	192.094000	189.569000	188.255000	175.567000	159.056000	235.156000	255.401000	251.523000	110.715000	189.096000	215.641000	278.735000	280.438000	280.920000	303.856000	292.118000	278.381000	265.967000	272.064000	295.490000	218.250000	187.351000	0.337000	0.000000	0.258088	0.000000	0.164165	0.000000	0.051917	0.000000	0.014511	0.000000	0.023463	0.000000	0.000000	0.037400	0.000000	0.214300	0.006820	0.318700	0.000612	0.389500	61.240000	98.590800	95.225800	76.195100	57.212700	48.738800	55.708800	69.218000	91.171800	71.513100	50.808100	39.215800	0.000000	0.439300	0.015084	0.490100	0.025849	0.596600	0.039679	0.575800	0.066110	0.564300	0.068178	0.391700	0.043244	0.224700	0.101577	0.020500	0.132979	0.000000	0.159574	0.000000	0.227077	0.000000	0.321866	0.000000	0.370024	0.000000	0.403032	0.000000	0.875332	5.939100	5.456790	0.267381	16.524900	22.501500	21.246300	20.617900	0.428816	0.000000	0.000000	0.000000	0.000000	821.375000	9586.190000	5.228820	90.068400	0.015876	4097.700000	0.000000	0.000000	0.122143	0.000000	0.219716	
    3	98.020000	168.108000	163.011000	180.835000	193.650000	198.973000	224.260000	271.765000	308.933000	325.646000	225.025000	173.038000	171.735000	181.361000	158.871000	113.007000	132.057000	194.003000	247.355000	196.251000	186.611000	192.410000	125.197000	114.211000	23.640000	4.698960	1.277320	4.033090	7.151760	6.193740	22.511300	48.039000	140.764000	37.434500	0.000000	0.000000	0.000000	0.000000	0.000000	14.508700	16.711600	0.000000	2.192300	126.384000	34.404600	9.163660	6.415080	0.000000	96.010000	73.902000	53.258400	60.660500	81.456000	93.171300	99.563300	121.019000	123.181000	128.203000	115.036000	104.072000	102.910000	83.410600	64.962900	40.383600	48.066100	67.773300	102.405000	104.717000	107.932000	136.563000	113.497000	97.284100	90.510000	161.116000	190.079000	196.859000	184.050000	170.229000	160.683000	232.042000	254.320000	255.192000	113.845000	189.181000	218.587000	279.959000	281.637000	276.482000	307.716000	293.839000	275.446000	255.510000	280.664000	303.139000	218.891000	190.069000	0.337000	0.000000	0.252847	0.000000	0.165529	0.000000	0.038491	0.000000	0.003611	0.000000	0.009236	0.000000	0.015112	0.042100	0.000000	0.216800	0.000000	0.317200	0.003163	0.365400	61.240000	104.514000	103.543000	74.802700	59.071300	50.946900	54.076200	84.023300	96.819500	69.155900	58.542400	36.734700	0.008183	0.415700	0.000000	0.446600	0.056087	0.510800	0.000000	0.589700	0.056650	0.521500	0.059601	0.336300	0.039582	0.196300	0.074449	0.019900	0.102775	0.000000	0.119859	0.000000	0.212269	0.000000	0.295493	0.000000	0.335293	0.000000	0.373872	0.000000	0.875332	5.523780	5.203030	0.000000	15.219000	20.976700	21.538100	20.919200	0.571095	0.581768	0.000000	0.955204	0.000000	821.147000	9583.550000	4.905040	87.939500	0.083204	4089.750000	0.000000	0.169244	0.135440	0.000000	0.000000	
    4	98.020000	167.582000	165.592000	179.183000	191.316000	204.265000	226.631000	270.316000	312.126000	321.780000	226.701000	166.657000	164.474000	177.398000	158.119000	110.351000	125.413000	190.241000	248.345000	186.617000	188.709000	191.811000	125.272000	113.982000	23.640000	2.046270	4.416700	7.020360	3.901300	9.509490	24.613000	116.225000	147.637000	50.412200	0.000000	0.000000	0.000000	0.000000	0.000000	13.822700	12.688500	3.521130	0.000000	48.188400	50.100400	6.900340	4.841500	0.000000	96.010000	67.698300	50.102700	57.497900	78.258800	92.186600	92.758100	119.385000	121.453000	113.712000	121.104000	103.352000	91.571400	78.023500	58.945800	36.709500	34.728100	54.908500	91.775200	89.910800	104.950000	133.306000	111.359000	92.598800	90.510000	150.101000	187.155000	191.515000	179.342000	160.810000	152.589000	219.837000	244.992000	234.428000	107.281000	180.300000	209.461000	274.705000	278.519000	279.888000	305.180000	294.820000	276.363000	265.194000	269.310000	290.626000	213.984000	183.523000	0.337000	0.000000	0.305403	0.000000	0.252361	0.000000	0.166741	0.000000	0.117236	0.000000	0.110860	0.000000	0.106410	0.033900	0.114183	0.195500	0.130809	0.267700	0.149886	0.311000	61.240000	96.980900	96.109200	70.214900	57.582700	49.449400	77.993600	46.636200	88.803000	76.301300	53.729800	43.640700	0.163502	0.454600	0.180442	0.500400	0.209768	0.647600	0.229633	0.672800	0.235328	0.689800	0.215812	0.375100	0.206555	0.150700	0.220179	0.014400	0.247805	0.000000	0.257646	0.000000	0.311209	0.000000	0.401737	0.000000	0.453885	0.000000	0.470855	0.000000	0.875332	5.628020	5.417060	0.163450	15.631900	21.956100	21.557700	20.754100	0.000000	0.384155	0.000000	0.997055	12.179700	819.863000	9580.400000	0.845444	85.252300	0.098467	4110.240000	0.000000	0.000000	0.149552	0.000000	0.166294	
    5	98.020000	162.725000	161.961000	178.524000	188.753000	197.869000	217.186000	266.919000	300.791000	325.646000	225.025000	173.038000	171.735000	181.361000	158.871000	113.007000	132.057000	194.003000	247.355000	196.251000	186.611000	192.410000	125.197000	114.211000	23.640000	0.000000	0.000000	0.000000	0.000000	0.000000	8.863280	45.626700	120.818000	22.871200	4.015760	0.000000	5.272250	5.440690	4.375320	22.675900	22.986600	5.242810	7.941900	316.046000	13.269000	14.684000	0.000000	5.523790	96.010000	68.903600	52.337800	59.653200	80.745200	93.419700	104.613000	124.591000	119.728000	124.830000	112.862000	104.925000	97.207600	84.093700	67.984900	46.195400	51.032200	64.281200	90.309300	111.921000	103.910000	133.821000	112.285000	98.832900	90.510000	157.639000	186.958000	189.084000	186.231000	164.360000	160.354000	239.782000	245.347000	257.994000	108.290000	201.302000	217.755000	285.888000	287.890000	286.469000	317.292000	303.651000	282.581000	261.939000	284.887000	306.358000	221.841000	192.557000	0.337000	0.000000	0.215055	0.000000	0.116017	0.000000	0.020557	0.000000	0.000000	0.000000	0.005085	0.000000	0.000000	0.052000	0.000000	0.275200	0.000000	0.392100	0.000000	0.385800	61.240000	101.977000	101.982000	71.036000	56.334800	48.295200	54.250900	88.664400	102.576000	79.311900	60.783300	49.942600	0.000000	0.427000	0.127126	0.451500	0.126728	0.524500	0.128315	0.814400	0.122923	0.608000	0.099865	0.487600	0.060453	0.252400	0.038670	0.029200	0.064197	0.000000	0.074034	0.000000	0.134767	0.000000	0.239119	0.000000	0.319838	0.000000	0.349121	0.000000	0.875332	5.573820	5.533730	0.018249	14.638000	20.491300	21.122500	20.412200	0.239257	2.227400	0.000000	0.710250	4.835630	823.069000	9589.630000	4.149790	89.496900	0.000000	4108.050000	0.000000	0.120478	0.149980	0.000000	0.000000	
    6	98.020000	166.860000	162.987000	175.576000	191.384000	201.428000	227.790000	269.680000	302.195000	326.097000	225.025000	173.038000	171.735000	181.361000	158.871000	113.007000	132.057000	194.003000	247.355000	196.251000	186.611000	192.410000	125.197000	114.211000	23.640000	0.000000	0.000000	0.000000	0.000000	0.000000	15.316900	55.136900	111.482000	16.306400	0.000000	6.580470	0.000000	0.110767	0.000000	23.455900	23.138400	0.000000	15.800400	135.302000	21.928700	9.746860	0.000000	1.582660	96.010000	65.876700	50.442000	58.883200	79.518700	89.049400	105.114000	119.393000	121.558000	110.068000	119.629000	109.648000	103.514000	87.213000	69.534500	47.778100	51.802700	65.090600	104.227000	117.635000	108.143000	126.858000	112.570000	97.174700	90.510000	159.609000	188.755000	192.298000	187.401000	172.130000	167.544000	224.210000	261.073000	255.261000	115.233000	184.854000	217.844000	281.198000	281.783000	282.309000	310.486000	291.291000	278.312000	269.813000	273.848000	298.172000	219.386000	187.380000	0.337000	0.000000	0.278792	0.000000	0.192148	0.000000	0.080047	0.000000	0.021082	0.000000	0.015253	0.000000	0.008082	0.054400	0.000000	0.229600	0.000000	0.364700	0.000000	0.402500	61.240000	96.230500	96.542100	69.772300	57.156900	52.319400	56.222000	87.309100	97.547100	65.675800	54.611400	46.327500	0.038503	0.375700	0.062263	0.466400	0.055879	0.476700	0.077027	0.451800	0.024836	0.467300	0.059764	0.332100	0.037728	0.197600	0.088831	0.020200	0.119702	0.000000	0.142195	0.000000	0.204348	0.000000	0.326631	0.000000	0.334520	0.000000	0.360986	0.000000	0.875332	5.560020	5.266220	0.001197	15.354500	21.372000	21.179400	20.828800	0.528881	1.066460	0.000000	1.658080	0.000000	821.192000	9585.310000	4.103660	87.416500	0.000000	4100.890000	0.000000	0.000005	0.300422	0.000000	0.000000	
    7	98.020000	168.108000	163.011000	180.835000	193.650000	198.973000	224.260000	271.765000	308.933000	325.646000	225.025000	173.038000	171.735000	181.361000	158.871000	113.007000	132.057000	194.003000	247.355000	196.251000	186.611000	192.410000	125.197000	114.211000	23.640000	4.698960	1.277320	4.033090	7.151760	6.193740	22.511300	48.039000	140.764000	37.434500	0.000000	0.000000	0.000000	0.000000	0.000000	14.508700	16.711600	0.000000	2.192300	126.384000	34.404600	9.163660	6.415080	0.000000	96.010000	73.902000	53.258400	60.660500	81.456000	93.171300	99.563300	121.019000	123.181000	128.203000	115.036000	104.072000	102.910000	83.410600	64.962900	40.383600	48.066100	67.773300	102.405000	104.717000	107.932000	136.563000	113.497000	97.284100	90.510000	161.116000	190.079000	196.859000	184.050000	170.229000	160.683000	232.042000	254.320000	255.192000	113.845000	189.181000	218.587000	279.959000	281.637000	276.482000	307.716000	293.839000	275.446000	255.510000	280.664000	303.139000	218.891000	190.069000	0.337000	0.000000	0.252847	0.000000	0.165529	0.000000	0.038491	0.000000	0.003611	0.000000	0.009236	0.000000	0.015112	0.042100	0.000000	0.216800	0.000000	0.317200	0.003163	0.365400	61.240000	104.514000	103.543000	74.802700	59.071300	50.946900	54.076200	84.023300	96.819500	69.155900	58.542400	36.734700	0.008183	0.415700	0.000000	0.446600	0.056087	0.510800	0.000000	0.589700	0.056650	0.521500	0.059601	0.336300	0.039582	0.196300	0.074449	0.019900	0.102775	0.000000	0.119859	0.000000	0.212269	0.000000	0.295493	0.000000	0.335293	0.000000	0.373872	0.000000	0.875332	5.523780	5.203030	0.000000	15.219000	20.976700	21.538100	20.919200	0.571095	0.581768	0.000000	0.955204	0.000000	821.147000	9583.550000	4.905040	87.939500	0.083204	4089.750000	0.000000	0.169244	0.135440	0.000000	0.000000	
    8	98.020000	174.484000	164.757000	179.154000	189.107000	199.813000	229.192000	270.925000	300.490000	324.976000	228.445000	170.192000	168.325000	179.769000	158.711000	112.307000	129.436000	192.862000	239.621000	192.776000	189.834000	200.885000	125.952000	115.984000	23.640000	0.000000	0.000000	0.000000	0.000000	6.643490	17.318100	72.056100	122.362000	20.323200	0.000000	0.430578	0.250248	1.107140	0.000000	20.769300	18.181500	5.238750	10.975900	161.462000	76.647500	0.000000	0.110260	0.000000	96.010000	70.751700	48.103400	55.882100	75.711700	85.962700	101.081000	118.972000	100.592000	101.096000	120.423000	107.786000	99.012400	83.597100	64.834800	43.744700	51.874200	71.698500	103.179000	95.310700	106.432000	138.618000	112.666000	93.801800	90.510000	156.678000	190.534000	199.972000	187.741000	168.051000	159.989000	238.081000	249.452000	257.025000	112.171000	187.149000	214.138000	277.953000	282.402000	282.233000	303.283000	297.084000	269.176000	258.102000	268.451000	302.284000	216.837000	185.644000	0.337000	0.000000	0.307997	0.000000	0.192119	0.000000	0.065862	0.000000	0.010883	0.000000	0.015253	0.000000	0.008082	0.054400	0.011268	0.305400	0.008306	0.577100	0.009554	0.360500	61.240000	79.828200	74.447100	53.738200	46.123600	33.728500	49.749900	95.573700	107.468000	76.874100	69.140500	73.164200	0.032151	0.392300	0.050045	0.521700	0.049348	0.499300	0.062434	0.484700	0.077395	0.450800	0.068753	0.311100	0.065531	0.179400	0.095488	0.017400	0.138677	0.000000	0.158842	0.000000	0.225858	0.000000	0.321416	0.000000	0.370508	0.000000	0.399949	0.000000	0.875332	5.390150	5.350760	0.000000	14.437700	20.255900	21.530100	21.025500	0.000000	1.282120	0.000000	0.000000	0.000000	819.816000	9562.490000	6.081920	77.899900	0.000000	4051.920000	0.000000	0.000000	0.156442	0.000000	0.345574	
    9	98.020000	162.725000	161.961000	178.524000	188.753000	197.869000	217.186000	266.919000	300.791000	325.646000	225.025000	173.038000	171.735000	181.361000	158.871000	113.007000	132.057000	194.003000	247.355000	196.251000	186.611000	192.410000	125.197000	114.211000	23.640000	0.877467	0.000000	0.000000	0.000000	11.561200	14.867500	45.626700	120.818000	22.871200	4.015760	8.336540	6.749390	7.213110	5.392700	26.434000	23.181400	9.026200	13.512400	66.512000	66.359400	4.749620	0.000000	0.000000	96.010000	68.918500	47.011800	53.217700	77.303800	90.601100	103.910000	124.591000	119.728000	124.830000	112.862000	110.659000	99.681300	79.034500	61.649600	42.015900	36.337900	56.880600	112.111000	107.673000	108.753000	130.762000	111.829000	101.441000	90.510000	159.452000	194.530000	200.628000	186.006000	172.449000	165.081000	239.782000	245.347000	257.994000	108.290000	180.096000	218.115000	280.109000	283.438000	283.112000	311.547000	295.108000	274.441000	268.800000	281.458000	291.729000	220.187000	190.919000	0.337000	0.000000	0.242983	0.000000	0.174083	0.000000	0.068730	0.000000	0.002514	0.000000	0.006279	0.000000	0.008406	0.037300	0.000000	0.206700	0.000000	0.328800	0.000000	0.366300	61.240000	106.500000	104.566000	66.968900	75.304700	72.974700	61.052300	63.612400	84.004500	69.702300	56.312800	53.252900	0.000000	0.392100	0.000000	0.537100	0.000000	0.636500	0.000000	0.630400	0.000000	0.440900	0.000000	0.297800	0.000000	0.211600	0.041619	0.025300	0.092432	0.000000	0.131889	0.000000	0.197058	0.000000	0.288361	0.000000	0.333227	0.000000	0.336186	0.000000	0.875332	5.799800	5.349160	0.153919	15.614000	21.832500	21.367300	20.412200	0.239257	2.227400	0.000000	2.767730	28.924000	817.316000	9572.070000	1.823840	85.433200	2.796480	4019.710000	0.000000	0.157156	0.060549	0.000000	0.000000	
   10	98.020000	174.477000	165.091000	174.869000	193.016000	202.798000	222.082000	270.501000	305.316000	326.132000	222.487000	171.458000	167.739000	180.312000	158.038000	111.942000	131.855000	191.497000	253.195000	193.001000	189.934000	197.766000	126.979000	111.593000	23.640000	0.000000	0.000000	0.000000	0.000000	3.854690	14.853400	55.063700	107.627000	36.167700	0.000000	0.000000	0.000000	1.276670	0.000000	21.889100	20.239200	0.000000	3.598190	112.064000	32.692200	4.128620	0.000000	0.000000	96.010000	64.618600	49.183500	64.147600	79.384400	94.219900	98.362500	122.245000	115.702000	121.553000	108.064000	109.630000	97.153200	81.348400	69.170900	44.645500	43.736800	52.977900	99.167000	98.568700	106.525000	138.841000	112.724000	92.868000	90.510000	161.427000	192.094000	189.569000	188.255000	175.567000	159.056000	235.156000	255.401000	251.523000	110.715000	189.096000	215.641000	278.735000	280.438000	280.920000	303.856000	292.118000	278.381000	265.967000	272.064000	295.490000	218.250000	187.351000	0.337000	0.000000	0.258088	0.000000	0.164165	0.000000	0.051917	0.000000	0.014511	0.000000	0.023463	0.000000	0.000000	0.037400	0.000000	0.214300	0.006820	0.318700	0.000612	0.389500	61.240000	98.590800	95.225800	76.195100	57.212700	48.738800	55.708800	69.218000	91.171800	71.513100	50.808100	39.215800	0.000000	0.439300	0.015084	0.490100	0.025849	0.596600	0.039679	0.575800	0.066110	0.564300	0.068178	0.391700	0.043244	0.224700	0.099608	0.017000	0.132800	0.000000	0.160368	0.000000	0.219209	0.000000	0.328082	0.000000	0.378670	0.000000	0.377224	0.000000	0.875332	5.636020	5.180010	0.171058	15.585900	22.027100	21.649600	20.698000	0.000000	2.795020	0.000000	0.619621	0.018447	821.336000	9586.320000	2.164260	91.339300	0.043083	4102.170000	0.000000	0.000000	0.381195	0.001979	0.195988	
   11	98.020000	174.477000	165.091000	174.869000	193.016000	202.798000	222.082000	270.501000	305.316000	326.132000	222.487000	171.458000	167.739000	180.312000	158.038000	111.942000	131.855000	191.497000	246.112000	185.445000	187.419000	184.734000	126.548000	120.578000	23.640000	2.716970	0.849757	4.301790	2.481930	6.212380	21.601500	54.077600	117.035000	35.928800	0.000000	0.000000	0.000000	1.594100	0.179140	21.741200	1.492000	0.000000	11.520400	162.588000	44.488200	2.150530	0.000000	0.000000	96.010000	71.020300	51.063900	53.472500	80.926900	88.187200	95.753800	117.020000	108.569000	114.114000	116.114000	108.766000	99.083100	85.783700	72.096300	45.736100	30.690200	62.884700	104.326000	117.216000	107.622000	127.132000	111.971000	105.269000	90.510000	160.395000	189.192000	189.467000	186.374000	167.204000	159.766000	223.209000	254.414000	251.170000	117.033000	192.149000	213.435000	281.193000	283.529000	283.495000	311.104000	299.454000	274.869000	272.193000	268.343000	295.480000	216.070000	190.981000	0.337000	0.000000	0.284387	0.000000	0.208149	0.000000	0.106378	0.000000	0.042356	0.000000	0.067343	0.000000	0.066414	0.037200	0.029526	0.166700	0.013647	0.387800	0.029432	0.386900	61.240000	63.108100	66.286800	40.368600	29.205000	21.106800	52.518500	57.279300	70.356000	56.762200	43.812800	32.852200	0.049008	0.383100	0.050494	0.490100	0.051837	0.626900	0.061433	0.486000	0.067723	0.502100	0.055044	0.304000	0.141967	0.193400	0.151027	0.019500	0.159083	0.000000	0.194425	0.000000	0.288079	0.000000	0.381008	0.000000	0.423854	0.000000	0.464770	0.000000	0.875332	5.483130	5.383040	0.083292	16.008100	21.750800	21.470600	20.648100	0.164179	1.519650	0.000000	0.000000	0.000000	835.961000	9630.920000	4.330480	88.879900	2.389660	4072.960000	0.000000	0.137735	0.472451	0.000000	0.095370	
   12	98.020000	174.477000	165.091000	174.869000	193.016000	202.798000	222.082000	270.501000	305.316000	326.132000	222.487000	171.458000	167.739000	180.312000	158.038000	111.942000	131.855000	191.497000	253.195000	193.001000	189.934000	197.766000	126.979000	111.593000	23.640000	0.000000	0.000000	0.000000	0.000000	3.854690	14.853400	55.063700	107.627000	36.167700	0.000000	0.000000	0.000000	1.276670	0.000000	21.889100	20.239200	0.000000	3.598190	112.064000	32.692200	4.128620	0.000000	0.000000	96.010000	64.618600	49.183500	64.147600	79.384400	94.219900	98.362500	122.245000	115.702000	121.553000	108.064000	109.630000	97.153200	81.348400	69.170900	44.645500	43.736800	52.977900	99.167000	98.568700	106.525000	138.841000	112.724000	92.868000	90.510000	161.427000	192.094000	189.569000	188.255000	175.567000	159.056000	235.156000	255.401000	251.523000	110.715000	189.096000	215.641000	278.735000	280.438000	280.920000	303.856000	292.118000	278.381000	265.967000	272.064000	295.490000	218.250000	187.351000	0.337000	0.000000	0.258088	0.000000	0.164165	0.000000	0.051917	0.000000	0.014511	0.000000	0.023463	0.000000	0.000000	0.037400	0.000000	0.214300	0.006820	0.318700	0.000612	0.389500	61.240000	98.590800	95.225800	76.195100	57.212700	48.738800	55.708800	69.218000	91.171800	71.513100	50.808100	39.215800	0.000000	0.439300	0.015084	0.490100	0.025849	0.596600	0.039679	0.575800	0.066110	0.564300	0.068178	0.391700	0.043244	0.224700	0.077755	0.027400	0.114953	0.000000	0.122174	0.000000	0.181491	0.000000	0.259490	0.000000	0.285720	0.000000	0.309732	0.000000	0.875332	5.699070	5.710700	0.083266	15.699900	21.697500	21.184300	20.889800	0.171639	0.000000	0.000000	0.545359	0.000000	820.705000	9576.280000	4.229600	84.123400	0.000000	4109.080000	0.000000	0.237341	0.188127	0.000000	0.107493	
   13	98.020000	167.582000	165.592000	179.183000	191.316000	204.265000	226.631000	270.316000	312.126000	321.780000	226.701000	166.657000	164.474000	177.398000	158.119000	110.351000	125.413000	190.241000	248.345000	186.617000	188.709000	191.811000	125.272000	113.982000	23.640000	2.900690	5.172000	0.879617	5.179290	8.070680	19.499600	41.195900	119.262000	28.255400	9.193820	1.021320	7.680610	7.102430	6.947570	23.685400	24.627400	3.924550	16.443500	118.778000	11.754700	0.000000	4.944850	3.419060	96.010000	67.020600	48.255600	53.760800	74.548200	86.948100	92.814600	109.855000	107.022000	106.917000	112.021000	93.722900	91.987200	76.731400	58.559300	33.484100	28.126200	52.940100	90.604000	96.784200	98.039700	124.322000	110.527000	98.826700	90.510000	157.292000	192.759000	197.992000	185.539000	168.904000	166.705000	236.665000	261.494000	227.186000	130.428000	184.713000	220.652000	289.828000	291.437000	288.870000	317.144000	299.633000	294.303000	273.726000	273.162000	289.384000	207.478000	178.059000	0.337000	0.000000	0.266498	0.000000	0.184970	0.000000	0.066221	0.000000	0.000000	0.000000	0.000000	0.000000	0.000000	0.049700	0.009939	0.272000	0.028008	0.311500	0.045688	0.371500	61.240000	78.860500	74.629100	77.021900	63.202100	58.061400	59.892300	75.129500	95.328900	70.469800	60.683100	53.398700	0.061676	0.313900	0.078091	0.342500	0.096912	0.264400	0.110476	0.277100	0.119329	0.242300	0.113812	0.183500	0.116349	0.097000	0.143152	0.012300	0.160657	0.000000	0.166951	0.000000	0.237728	0.000000	0.338104	0.000000	0.410970	0.000000	0.447260	0.000000	0.875332	5.753850	5.447420	0.121095	15.804500	21.711700	21.412600	20.850900	0.571364	0.782919	0.000000	0.096852	0.000000	821.491000	9588.910000	4.873710	87.235500	0.000000	4102.540000	0.000000	0.210605	0.197142	0.000000	0.127322	
   14	98.020000	168.108000	163.011000	180.835000	193.650000	198.973000	224.260000	271.765000	308.933000	325.646000	225.025000	173.038000	171.735000	181.361000	158.871000	113.007000	132.057000	194.003000	247.355000	196.251000	186.611000	192.410000	125.197000	114.211000	23.640000	4.698960	1.277320	4.033090	7.151760	6.193740	22.511300	48.039000	140.764000	37.434500	0.000000	0.000000	0.000000	0.000000	0.000000	14.508700	16.711600	0.000000	2.192300	126.384000	34.404600	9.163660	6.415080	0.000000	96.010000	73.902000	53.258400	60.660500	81.456000	93.171300	99.563300	121.019000	123.181000	128.203000	115.036000	104.072000	102.910000	83.410600	64.962900	40.383600	48.066100	67.773300	102.405000	104.717000	107.932000	136.563000	113.497000	97.284100	90.510000	161.116000	190.079000	196.859000	184.050000	170.229000	160.683000	232.042000	254.320000	255.192000	113.845000	189.181000	218.587000	279.959000	281.637000	276.482000	307.716000	293.839000	275.446000	255.510000	280.664000	303.139000	218.891000	190.069000	0.337000	0.000000	0.252847	0.000000	0.165529	0.000000	0.038491	0.000000	0.003611	0.000000	0.009236	0.000000	0.015112	0.042100	0.000000	0.216800	0.000000	0.317200	0.003163	0.365400	61.240000	104.514000	103.543000	74.802700	59.071300	50.946900	54.076200	84.023300	96.819500	69.155900	58.542400	36.734700	0.008183	0.415700	0.000000	0.446600	0.056087	0.510800	0.000000	0.589700	0.056650	0.521500	0.059601	0.336300	0.039582	0.196300	0.074449	0.019900	0.102775	0.000000	0.119859	0.000000	0.212269	0.000000	0.295493	0.000000	0.335293	0.000000	0.373872	0.000000	0.875332	5.523780	5.203030	0.000000	15.219000	20.976700	21.538100	20.919200	0.571095	0.581768	0.000000	0.955204	0.000000	821.147000	9583.550000	4.905040	87.939500	0.083204	4089.750000	0.000000	0.169244	0.135440	0.000000	0.000000	
   15	98.020000	174.477000	165.091000	174.869000	193.016000	202.798000	222.082000	270.501000	305.316000	326.132000	222.487000	171.458000	167.739000	180.312000	158.038000	111.942000	131.855000	191.497000	253.195000	193.001000	189.934000	197.766000	126.979000	111.593000	23.640000	0.000000	0.000000	0.000000	0.000000	3.854690	14.853400	55.063700	107.627000	36.167700	0.000000	0.000000	0.000000	1.276670	0.000000	21.889100	20.239200	0.000000	3.598190	112.064000	32.692200	4.128620	0.000000	0.000000	96.010000	64.618600	49.183500	64.147600	79.384400	94.219900	98.362500	122.245000	115.702000	121.553000	108.064000	109.630000	97.153200	81.348400	69.170900	44.645500	43.736800	52.977900	99.167000	98.568700	106.525000	138.841000	112.724000	92.868000	90.510000	161.427000	192.094000	189.569000	188.255000	175.567000	159.056000	235.156000	255.401000	251.523000	110.715000	189.096000	215.641000	278.735000	280.438000	280.920000	303.856000	292.118000	278.381000	265.967000	272.064000	295.490000	218.250000	187.351000	0.337000	0.000000	0.258088	0.000000	0.164165	0.000000	0.051917	0.000000	0.014511	0.000000	0.023463	0.000000	0.000000	0.037400	0.000000	0.214300	0.006820	0.318700	0.000612	0.389500	61.240000	98.590800	95.225800	76.195100	57.212700	48.738800	55.708800	69.218000	91.171800	71.513100	50.808100	39.215800	0.000000	0.439300	0.015084	0.490100	0.025849	0.596600	0.039679	0.575800	0.066110	0.564300	0.068178	0.391700	0.043244	0.224700	0.077755	0.012200	0.114953	0.000000	0.122174	0.000000	0.181491	0.000000	0.259490	0.000000	0.285720	0.000000	0.309732	0.000000	0.875332	5.633080	5.550320	0.257631	16.170500	22.319200	21.472500	20.825200	0.572268	3.614940	0.000000	7.282790	56.868300	829.594000	9615.450000	4.242930	84.123400	0.000000	4109.080000	0.000000	0.237341	0.188127	0.000000	0.107493	
   16	98.020000	162.725000	161.961000	178.524000	188.753000	197.869000	217.186000	266.919000	300.791000	325.646000	225.025000	173.038000	171.735000	181.361000	158.871000	113.007000	132.057000	194.003000	247.355000	196.251000	186.611000	192.410000	125.197000	114.211000	23.640000	2.561160	0.000000	0.000000	1.062790	2.372190	18.355500	43.792200	112.200000	14.256900	0.224076	0.000000	0.000000	0.000000	0.000000	21.746100	10.897900	0.000000	11.736900	130.953000	46.458500	2.495790	0.962375	4.684120	96.010000	62.024100	44.888600	57.212600	72.529600	87.007900	94.562000	113.388000	111.414000	108.619000	108.081000	103.681000	96.144600	83.350000	71.105400	48.348400	45.040300	58.049200	94.653500	111.032000	104.221000	121.238000	112.519000	97.187600	90.510000	153.226000	188.607000	197.026000	181.841000	162.483000	161.634000	227.489000	255.783000	254.130000	111.618000	188.981000	217.218000	279.143000	283.288000	286.773000	311.729000	298.728000	274.204000	273.703000	280.757000	293.353000	223.526000	193.870000	0.337000	0.000000	0.246234	0.000000	0.164443	0.000000	0.041692	0.000000	0.000000	0.000000	0.000000	0.000000	0.000000	0.043500	0.000000	0.237900	0.000000	0.341100	0.000000	0.381700	61.240000	96.357600	84.311400	52.490200	56.240300	54.834000	64.597500	75.311200	89.357500	47.318200	63.002000	49.018700	0.000000	0.358900	0.000000	0.349200	0.000000	0.374000	0.000000	0.452700	0.000000	0.390600	0.000000	0.266600	0.000000	0.219400	0.020393	0.018000	0.058453	0.000000	0.070756	0.000000	0.158646	0.000000	0.245135	0.000000	0.334520	0.000000	0.445530	0.000000	0.875332	5.623250	5.385770	0.000000	14.961300	20.974200	21.614000	20.843700	0.469608	0.000000	0.000000	0.000000	0.000000	815.074000	9578.030000	0.000000	88.060800	0.606509	4089.700000	0.000000	0.069502	0.071254	0.000000	0.000000	
   17	98.020000	166.860000	162.987000	175.576000	191.384000	201.428000	227.790000	269.680000	302.195000	326.097000	225.025000	173.038000	171.735000	181.361000	158.871000	113.007000	132.057000	194.003000	247.355000	196.251000	186.611000	192.410000	125.197000	114.211000	23.640000	0.000000	0.000000	0.000000	0.000000	0.000000	15.316900	55.136900	111.482000	16.306400	0.000000	6.580470	0.000000	0.110767	0.000000	23.455900	23.138400	0.000000	15.800400	135.302000	21.928700	9.746860	0.000000	1.582660	96.010000	65.876700	50.442000	58.883200	79.518700	89.049400	105.114000	119.393000	121.558000	110.068000	119.629000	109.648000	103.514000	87.213000	69.534500	47.778100	51.802700	65.090600	104.227000	117.635000	108.143000	126.858000	112.570000	97.174700	90.510000	159.609000	188.755000	192.298000	187.401000	172.130000	167.544000	224.210000	261.073000	255.261000	115.233000	184.854000	217.844000	281.198000	281.783000	282.309000	310.486000	291.291000	278.312000	269.813000	273.848000	298.172000	219.386000	187.380000	0.337000	0.000000	0.278792	0.000000	0.192148	0.000000	0.080047	0.000000	0.021082	0.000000	0.015253	0.000000	0.008082	0.054400	0.000000	0.229600	0.000000	0.364700	0.000000	0.402500	61.240000	96.230500	96.542100	69.772300	57.156900	52.319400	56.222000	87.309100	97.547100	65.675800	54.611400	46.327500	0.038503	0.375700	0.062263	0.466400	0.055879	0.476700	0.077027	0.451800	0.024836	0.467300	0.059764	0.332100	0.037728	0.197600	0.088831	0.020200	0.119702	0.000000	0.142195	0.000000	0.204348	0.000000	0.326631	0.000000	0.334520	0.000000	0.360986	0.000000	0.875332	5.560020	5.266220	0.001197	15.354500	21.372000	21.179400	20.828800	0.528881	1.066460	0.000000	1.658080	0.000000	821.192000	9585.310000	4.103660	87.416500	0.000000	4100.890000	0.000000	0.000005	0.300422	0.000000	0.000000	
   18	98.020000	174.477000	165.091000	174.869000	193.016000	202.798000	222.082000	270.501000	305.316000	326.132000	222.487000	171.458000	167.739000	180.312000	158.038000	111.942000	131.855000	191.497000	253.195000	193.001000	189.934000	197.766000	126.979000	111.593000	23.640000	0.000000	0.000000	0.000000	0.000000	3.854690	14.853400	55.063700	107.627000	36.167700	0.000000	0.000000	0.000000	1.276670	0.000000	21.889100	20.239200	0.000000	3.598190	112.064000	32.692200	4.128620	0.000000	0.000000	96.010000	64.618600	49.183500	64.147600	79.384400	94.219900	98.362500	122.245000	115.702000	121.553000	108.064000	109.630000	97.153200	81.348400	69.170900	44.645500	43.736800	52.977900	99.167000	98.568700	106.525000	138.841000	112.724000	92.868000	90.510000	161.427000	192.094000	189.569000	188.255000	175.567000	159.056000	235.156000	255.401000	251.523000	110.715000	189.096000	215.641000	278.735000	280.438000	280.920000	303.856000	292.118000	278.381000	265.967000	272.064000	295.490000	218.250000	187.351000	0.337000	0.000000	0.258088	0.000000	0.164165	0.000000	0.051917	0.000000	0.014511	0.000000	0.023463	0.000000	0.000000	0.037400	0.000000	0.214300	0.006820	0.318700	0.000612	0.389500	61.240000	98.590800	95.225800	76.195100	57.212700	48.738800	55.708800	69.218000	91.171800	71.513100	50.808100	39.215800	0.000000	0.439300	0.015084	0.490100	0.025849	0.596600	0.039679	0.575800	0.066110	0.564300	0.068178	0.391700	0.043244	0.224700	0.144921	0.020900	0.179741	0.000000	0.210509	0.000000	0.276508	0.000000	0.355046	0.000000	0.411887	0.000000	0.478385	0.000000	0.875332	5.817350	5.197260	0.136289	15.718400	21.666400	21.598500	20.770400	0.380416	5.700560	3.166290	6.537450	0.000000	819.561000	9582.240000	0.000000	79.365900	0.763921	4094.320000	0.000000	0.168219	0.230816	0.000000	0.000000	
   19	98.020000	168.108000	163.011000	180.835000	193.650000	198.973000	224.260000	271.765000	308.933000	325.646000	225.025000	173.038000	171.735000	181.361000	158.871000	113.007000	132.057000	194.003000	247.355000	196.251000	186.611000	192.410000	125.197000	114.211000	23.640000	4.698960	1.277320	4.033090	7.151760	6.193740	22.511300	48.039000	140.764000	37.434500	0.000000	0.000000	0.000000	0.000000	0.000000	14.508700	16.711600	0.000000	2.192300	126.384000	34.404600	9.163660	6.415080	0.000000	96.010000	73.902000	53.258400	60.660500	81.456000	93.171300	99.563300	121.019000	123.181000	128.203000	115.036000	104.072000	102.910000	83.410600	64.962900	40.383600	48.066100	67.773300	102.405000	104.717000	107.932000	136.563000	113.497000	97.284100	90.510000	161.116000	190.079000	196.859000	184.050000	170.229000	160.683000	232.042000	254.320000	255.192000	113.845000	189.181000	218.587000	279.959000	281.637000	276.482000	307.716000	293.839000	275.446000	255.510000	280.664000	303.139000	218.891000	190.069000	0.337000	0.000000	0.252847	0.000000	0.165529	0.000000	0.038491	0.000000	0.003611	0.000000	0.009236	0.000000	0.015112	0.042100	0.000000	0.216800	0.000000	0.317200	0.003163	0.365400	61.240000	104.514000	103.543000	74.802700	59.071300	50.946900	54.076200	84.023300	96.819500	69.155900	58.542400	36.734700	0.008183	0.415700	0.000000	0.446600	0.056087	0.510800	0.000000	0.589700	0.056650	0.521500	0.059601	0.336300	0.039582	0.196300	0.074449	0.019900	0.102775	0.000000	0.119859	0.000000	0.212269	0.000000	0.295493	0.000000	0.335293	0.000000	0.373872	0.000000	0.875332	5.523780	5.203030	0.000000	15.219000	20.976700	21.538100	20.919200	0.571095	0.581768	0.000000	0.955204	0.000000	821.147000	9583.550000	4.905040	87.939500	0.083204	4089.750000	0.000000	0.169244	0.135440	0.000000	0.000000	
   20	98.020000	166.860000	162.987000	175.576000	191.384000	201.428000	227.790000	269.680000	302.195000	326.097000	225.025000	173.038000	171.735000	181.361000	158.871000	113.007000	132.057000	194.003000	247.355000	196.251000	186.611000	192.410000	125.197000	114.211000	23.640000	0.000000	0.000000	0.000000	0.000000	0.000000	15.316900	55.136900	111.482000	16.306400	0.000000	6.580470	0.000000	0.110767	0.000000	23.455900	23.138400	0.000000	15.800400	135.302000	21.928700	9.746860	0.000000	1.582660	96.010000	65.876700	50.442000	58.883200	79.518700	89.049400	105.114000	119.393000	121.558000	110.068000	119.629000	109.648000	103.514000	87.213000	69.534500	47.778100	51.802700	65.090600	104.227000	117.635000	108.143000	126.858000	112.570000	97.174700	90.510000	159.609000	188.755000	192.298000	187.401000	172.130000	167.544000	224.210000	261.073000	255.261000	115.233000	184.854000	217.844000	281.198000	281.783000	282.309000	310.486000	291.291000	278.312000	269.813000	273.848000	298.172000	219.386000	187.380000	0.337000	0.000000	0.278792	0.000000	0.192148	0.000000	0.080047	0.000000	0.021082	0.000000	0.015253	0.000000	0.008082	0.054400	0.000000	0.229600	0.000000	0.364700	0.000000	0.402500	61.240000	96.230500	96.542100	69.772300	57.156900	52.319400	56.222000	87.309100	97.547100	65.675800	54.611400	46.327500	0.038503	0.375700	0.062263	0.466400	0.055879	0.476700	0.077027	0.451800	0.024836	0.467300	0.059764	0.332100	0.037728	0.197600	0.088831	0.020200	0.119702	0.000000	0.142195	0.000000	0.204348	0.000000	0.326631	0.000000	0.334520	0.000000	0.360986	0.000000	0.875332	5.560020	5.266220	0.001197	15.354500	21.372000	21.179400	20.828800	0.528881	1.066460	0.000000	1.658080	0.000000	821.192000	9585.310000	4.103660	87.416500	0.000000	4100.890000	0.000000	0.000005	0.300422	0.000000	0.000000	
   21	98.020000	162.725000	161.961000	178.524000	188.753000	197.869000	217.186000	266.919000	300.791000	325.646000	225.025000	173.038000	171.735000	181.361000	158.871000	113.007000	132.057000	194.003000	247.355000	196.251000	186.611000	192.410000	125.197000	114.211000	23.640000	0.000000	0.000000	0.000000	1.355230	12.580200	16.762300	34.222000	136.686000	26.799800	0.000000	0.000000	0.000000	0.000000	3.620800	20.692200	23.086200	0.000000	13.961100	171.825000	0.000000	9.464780	1.915950	9.965320	96.010000	68.554900	49.147800	54.027500	76.210500	83.903500	97.860400	109.791000	112.392000	121.608000	112.470000	111.122000	93.728200	86.053100	75.409600	48.169400	43.755700	70.424400	90.337300	110.405000	106.740000	133.045000	114.811000	89.149900	90.510000	161.238000	191.878000	193.581000	184.261000	171.738000	160.784000	227.084000	263.257000	255.357000	126.834000	202.399000	220.979000	290.877000	295.417000	291.281000	320.407000	313.822000	275.763000	273.398000	286.213000	307.692000	222.655000	192.790000	0.337000	0.000000	0.182146	0.000000	0.101951	0.000000	0.000000	0.000000	0.000000	0.000000	0.000000	0.000000	0.000000	0.034400	0.000000	0.224500	0.000000	0.335400	0.000000	0.329100	61.240000	77.914700	81.056400	48.125200	42.419500	30.400200	24.646200	75.151200	95.837100	81.247800	59.230300	50.133900	0.021751	0.397600	0.030983	0.384800	0.043284	0.373900	0.060832	0.554300	0.077102	0.522300	0.057141	0.415300	0.031987	0.177300	0.067384	0.016600	0.136194	0.000000	0.191711	0.000000	0.282376	0.000000	0.382276	0.000000	0.407159	0.000000	0.401106	0.000000	0.875332	5.660800	5.592160	0.113595	15.767300	21.743500	21.421200	20.802400	0.488407	0.110937	0.000000	0.783219	0.000000	821.362000	9587.250000	5.353820	89.102500	0.000000	4102.450000	0.000000	0.027041	0.084940	0.000000	0.048283	
   22	98.020000	162.725000	161.961000	178.524000	188.753000	197.869000	217.186000	266.919000	300.791000	325.646000	225.025000	173.038000	171.735000	181.361000	158.871000	113.007000	132.057000	194.003000	247.355000	196.251000	186.611000	192.410000	125.197000	114.211000	23.640000	0.000000	0.000000	0.000000	0.000000	0.000000	15.747300	35.700000	129.607000	33.396800	0.000000	0.000000	1.759140	0.000000	0.000000	17.877500	19.775400	7.352320	7.771900	135.972000	35.505400	0.119290	0.000000	1.582660	96.010000	70.502100	49.477800	62.614300	77.310700	90.537800	102.037000	113.196000	115.087000	116.175000	125.338000	108.626000	102.228000	85.810600	70.901000	44.117500	35.501500	62.619400	103.702000	103.502000	102.658000	128.842000	106.870000	95.077300	90.510000	159.541000	190.380000	195.763000	184.388000	165.919000	162.717000	226.489000	252.554000	259.662000	118.540000	183.313000	212.920000	277.465000	278.457000	279.009000	299.633000	295.166000	271.057000	258.225000	260.352000	286.395000	208.368000	179.696000	0.337000	0.000000	0.286705	0.000000	0.227335	0.000000	0.133741	0.000000	0.073016	0.000000	0.091592	0.000000	0.099888	0.029100	0.110299	0.167100	0.000000	0.302100	0.000000	0.414100	61.240000	115.221000	113.992000	92.178300	77.105700	70.001800	68.363900	98.046200	101.110000	92.633500	68.073000	64.406900	0.000000	0.488800	0.000000	0.544800	0.000000	0.654400	0.000000	0.601100	0.000000	0.568600	0.000000	0.425100	0.000000	0.168400	0.000000	0.020000	0.068374	0.000000	0.073640	0.000000	0.134713	0.000000	0.230035	0.000000	0.286586	0.000000	0.313694	0.000000	0.875332	5.718480	5.354450	0.158603	15.683200	21.956900	21.436900	20.801300	0.471721	0.837658	0.000000	0.939093	0.000000	821.219000	9585.010000	5.725150	89.008700	0.000000	4088.430000	0.000000	0.079809	0.198798	0.000000	0.053435	
   23	98.020000	166.860000	162.987000	175.576000	191.384000	201.428000	227.790000	269.680000	302.195000	326.097000	224.751000	173.804000	169.825000	177.636000	156.218000	110.143000	127.993000	196.739000	247.516000	184.181000	185.837000	190.535000	125.687000	115.218000	23.640000	0.000000	0.000000	0.000000	1.355230	12.580200	16.762300	34.222000	136.686000	26.799800	0.000000	0.000000	0.000000	0.000000	3.620800	26.434000	23.181400	9.026200	13.512400	66.512000	66.359400	4.749620	0.000000	0.000000	96.010000	68.554900	49.147800	54.027500	76.210500	83.903500	97.860400	109.791000	112.392000	121.608000	112.470000	111.122000	93.728200	86.053100	75.409600	42.015900	36.337900	56.880600	112.111000	107.673000	108.753000	130.762000	111.829000	101.441000	90.510000	161.238000	191.878000	193.581000	184.261000	171.738000	160.784000	227.084000	263.257000	255.357000	126.834000	202.399000	220.979000	290.877000	295.417000	283.112000	311.547000	295.108000	274.441000	268.800000	281.458000	291.729000	220.187000	190.919000	0.337000	0.000000	0.182146	0.000000	0.101951	0.000000	0.000000	0.000000	0.000000	0.000000	0.000000	0.000000	0.000000	0.047400	0.000000	0.249300	0.000000	0.318700	0.000000	0.342000	61.240000	87.123900	85.723000	68.366800	60.406600	58.501400	53.481800	93.362100	86.969700	77.546300	52.146500	55.514600	0.021751	0.337500	0.030983	0.315200	0.043284	0.563400	0.060832	0.548300	0.077102	0.491500	0.000000	0.262700	0.000000	0.146000	0.041619	0.014400	0.092432	0.000000	0.131889	0.000000	0.197058	0.000000	0.288361	0.000000	0.333227	0.000000	0.336186	0.000000	0.875332	5.660800	5.592160	0.113595	15.767300	21.743500	21.421200	20.802400	0.488407	0.110937	0.000000	0.783219	0.000000	821.362000	9587.250000	1.823840	85.433200	2.796480	4019.710000	0.000000	0.157156	0.060549	0.000000	0.000000	
   24	98.020000	174.484000	164.757000	179.154000	189.107000	199.813000	229.192000	270.925000	300.490000	324.976000	228.445000	170.192000	168.325000	179.769000	158.711000	112.307000	129.436000	192.862000	239.621000	192.776000	189.834000	200.885000	125.952000	115.984000	23.640000	3.504720	0.000000	0.000000	0.000000	8.746040	19.318400	87.936900	122.656000	14.553700	0.057675	2.864500	0.529125	0.840671	0.000000	20.783100	18.300000	6.071650	0.000000	154.070000	30.422700	2.844840	0.000000	0.000000	96.010000	67.854000	47.942400	60.207100	74.682500	91.013700	94.963300	117.844000	112.034000	108.855000	126.027000	108.246000	96.054500	84.246500	69.170900	44.645500	43.736800	52.977900	99.167000	98.568700	106.525000	138.841000	112.724000	92.868000	90.510000	157.533000	182.292000	198.898000	176.058000	164.161000	168.326000	238.168000	250.865000	238.663000	112.356000	188.698000	211.016000	277.977000	283.424000	280.229000	308.965000	294.195000	278.053000	251.195000	272.975000	301.592000	216.985000	177.030000	0.337000	0.000000	0.280449	0.000000	0.220965	0.000000	0.110400	0.000000	0.031205	0.000000	0.009319	0.000000	0.000000	0.028600	0.000000	0.135600	0.004266	0.221700	0.024016	0.244300	61.240000	98.235600	99.326900	74.315100	64.177700	54.227200	49.025500	95.284700	98.067700	71.254000	62.613200	65.318200	0.029503	0.260300	0.038697	0.308100	0.059493	0.360900	0.068208	0.393100	0.061532	0.277900	0.072501	0.179000	0.066250	0.088900	0.101577	0.010200	0.132979	0.000000	0.159574	0.000000	0.227077	0.000000	0.321866	0.000000	0.370024	0.000000	0.403032	0.000000	0.875332	5.836030	6.033980	0.536330	17.405000	21.572600	21.598400	20.789100	0.216528	1.106510	0.000000	0.715319	0.000000	821.427000	9586.190000	5.228820	90.068400	0.015876	4097.700000	0.000000	0.000000	0.122143	0.000000	0.219716	
   25	98.020000	162.725000	161.961000	178.524000	188.753000	197.869000	217.186000	266.919000	300.791000	325.646000	225.025000	173.038000	171.735000	181.361000	158.871000	113.007000	132.057000	194.003000	247.355000	196.251000	186.611000	192.410000	125.197000	114.211000	23.640000	4.840340	5.541980	7.089020	5.041150	4.738970	22.141300	49.626100	119.290000	18.413300	3.864640	0.000000	0.000000	0.000000	0.000000	14.905600	12.490600	1.044700	12.963600	97.243200	3.735740	0.000000	0.000000	10.002200	96.010000	68.607700	49.437300	56.863200	76.866100	87.704100	92.264900	112.844000	116.953000	103.395000	117.522000	106.062000	98.126100	85.965800	71.237400	46.513000	41.994400	59.680400	106.271000	123.927000	107.532000	129.300000	113.195000	85.675800	90.510000	156.552000	202.301000	194.771000	185.031000	169.945000	163.698000	223.474000	261.777000	246.909000	114.925000	185.902000	211.250000	280.777000	280.038000	285.144000	308.145000	292.939000	280.182000	274.414000	273.308000	290.023000	216.680000	176.147000	0.337000	0.000000	0.281764	0.000000	0.295592	0.000000	0.265957	0.000000	0.186318	0.000000	0.195517	0.000000	0.240697	0.054500	0.248578	0.257700	0.220898	0.461300	0.200867	0.306900	61.240000	122.749000	118.665000	92.519800	90.990500	82.975500	50.478600	80.987000	108.599000	85.229000	67.032600	62.473900	0.204913	0.357600	0.103614	0.426800	0.111427	0.557400	0.118381	0.601600	0.119297	0.482900	0.109194	0.438200	0.118936	0.245600	0.147362	0.019500	0.186052	0.000000	0.210509	0.000000	0.276508	0.000000	0.355046	0.000000	0.411887	0.000000	0.478385	0.000000	0.875332	6.156130	5.771040	0.558756	17.191100	23.042700	22.088900	21.292500	0.076817	0.831372	0.000000	0.000000	0.000000	819.561000	9582.240000	0.000000	79.365900	0.763921	4094.320000	0.000000	0.168219	0.230816	0.000000	0.000000	
   26	98.020000	174.477000	165.091000	174.869000	193.016000	202.798000	222.082000	270.501000	305.316000	326.132000	222.487000	171.458000	167.739000	180.312000	158.038000	111.942000	131.855000	191.497000	246.112000	185.445000	187.419000	184.734000	126.548000	120.578000	23.640000	2.716970	0.849757	4.301790	2.481930	6.212380	21.601500	54.077600	117.035000	35.928800	0.000000	0.000000	0.000000	1.594100	0.179140	21.741200	19.357300	4.676990	0.000000	123.561000	0.000000	2.623550	3.794990	5.257280	96.010000	71.020300	51.063900	53.472500	80.926900	88.187200	95.753800	117.020000	108.569000	114.114000	116.114000	108.766000	99.083100	85.783700	72.096300	45.736100	52.152700	73.218600	101.113000	117.107000	107.559000	127.440000	113.262000	85.683000	90.510000	160.395000	189.192000	189.467000	186.374000	167.204000	159.766000	223.209000	254.414000	251.170000	117.033000	192.149000	213.435000	281.193000	283.529000	283.495000	310.761000	302.063000	265.785000	266.195000	273.537000	288.199000	213.415000	171.596000	0.337000	0.000000	0.284387	0.000000	0.208149	0.000000	0.106378	0.000000	0.042356	0.000000	0.067343	0.000000	0.066414	0.025900	0.029526	0.137500	0.013647	0.286400	0.029432	0.320300	61.240000	77.822000	73.700300	45.411900	31.181500	24.976800	68.356900	95.215000	94.484300	59.341900	59.279800	60.501400	0.049008	0.353400	0.050494	0.440100	0.051837	0.582400	0.061433	0.607600	0.067723	0.545900	0.055044	0.373800	0.050621	0.190200	0.095984	0.019000	0.160933	0.000000	0.185721	0.000000	0.234188	0.000000	0.350575	0.000000	0.417747	0.000000	0.468927	0.000000	0.875332	5.483130	5.383040	0.083292	16.008100	21.750800	21.470600	20.648100	0.164179	1.519650	0.000000	0.000000	0.000000	835.961000	9630.920000	4.330480	80.913200	0.000000	4085.600000	0.000000	0.147325	0.146355	0.000000	0.332216	
   27	98.020000	174.477000	165.091000	174.869000	193.016000	202.798000	222.082000	270.501000	305.316000	326.132000	222.487000	171.458000	167.739000	180.312000	158.038000	111.942000	131.855000	191.497000	253.195000	193.001000	189.934000	197.766000	126.979000	111.593000	23.640000	0.000000	0.000000	0.000000	0.000000	3.854690	14.853400	55.063700	107.627000	36.167700	0.000000	0.000000	0.000000	1.276670	0.000000	21.889100	20.239200	0.000000	3.598190	112.064000	32.692200	4.128620	0.000000	0.000000	96.010000	64.618600	49.183500	64.147600	79.384400	94.219900	98.362500	122.245000	115.702000	121.553000	108.064000	109.630000	97.153200	81.348400	69.170900	44.645500	43.736800	52.977900	99.167000	98.568700	106.525000	138.841000	112.724000	92.868000	90.510000	161.427000	192.094000	189.569000	188.255000	175.567000	159.056000	235.156000	255.401000	251.523000	110.715000	189.096000	215.641000	278.735000	280.438000	280.920000	303.856000	292.118000	278.381000	265.967000	272.064000	295.490000	218.250000	187.351000	0.337000	0.000000	0.258088	0.000000	0.164165	0.000000	0.051917	0.000000	0.014511	0.000000	0.023463	0.000000	0.000000	0.037400	0.000000	0.214300	0.006820	0.318700	0.000612	0.389500	61.240000	98.590800	95.225800	76.195100	57.212700	48.738800	55.708800	69.218000	91.171800	71.513100	50.808100	39.215800	0.000000	0.439300	0.015084	0.490100	0.025849	0.596600	0.039679	0.575800	0.066110	0.564300	0.068178	0.391700	0.043244	0.224700	0.077755	0.018400	0.114953	0.000000	0.122174	0.000000	0.181491	0.000000	0.259490	0.000000	0.285720	0.000000	0.309732	0.000000	0.875332	5.848520	5.346320	0.148770	15.465000	21.579800	21.314200	20.759000	0.219982	0.000000	0.000000	0.000000	0.000000	819.307000	9615.450000	4.242930	84.123400	0.000000	4109.080000	0.000000	0.237341	0.188127	0.000000	0.107493	
   28	98.020000	162.725000	161.961000	178.524000	188.753000	197.869000	217.186000	266.919000	300.791000	325.646000	225.025000	173.038000	171.735000	181.361000	158.871000	113.007000	132.057000	194.003000	247.355000	196.251000	186.611000	192.410000	125.197000	114.211000	23.640000	0.000000	0.000000	0.000000	0.000000	0.000000	15.747300	35.700000	134.992000	23.962300	4.050410	6.700920	10.087700	8.617440	6.459660	14.943400	13.216800	0.000000	2.711430	154.959000	19.919100	0.222284	0.000000	0.000000	96.010000	70.502100	49.477800	62.614300	77.310700	90.537800	102.037000	113.196000	114.099000	121.532000	112.170000	105.858000	98.837400	81.062200	62.432100	53.191800	46.972900	72.658700	106.209000	105.105000	108.714000	129.053000	116.511000	99.397400	90.510000	159.541000	190.380000	195.763000	184.388000	165.919000	162.717000	226.489000	255.466000	257.145000	112.804000	184.563000	219.014000	278.169000	280.001000	285.832000	310.030000	290.180000	281.395000	270.778000	272.461000	288.599000	219.444000	189.664000	0.337000	0.000000	0.286705	0.000000	0.227335	0.000000	0.133741	0.000000	0.073016	0.000000	0.091592	0.000000	0.099888	0.047600	0.110299	0.265700	0.114938	0.355700	0.113881	0.428000	61.240000	101.119000	104.124000	75.426100	68.848900	53.240000	55.603000	52.031200	89.510200	64.221700	51.032000	45.826900	0.098876	0.376100	0.095980	0.447400	0.124296	0.503900	0.142388	0.824200	0.140477	0.640200	0.000000	0.395200	0.000000	0.236800	0.000000	0.020800	0.051334	0.000000	0.119859	0.000000	0.299333	0.000000	0.458044	0.000000	0.499658	0.000000	0.456189	0.000000	0.875332	5.718480	5.354450	0.158603	15.683200	21.956900	21.436900	20.801300	0.574068	0.691151	0.000000	0.619684	0.000000	820.878000	9589.090000	3.038040	85.764500	0.324899	4160.730000	0.000000	0.023163	0.200961	0.033997	0.210962	
   29	98.020000	167.582000	165.592000	179.183000	191.316000	204.265000	226.631000	270.316000	312.126000	321.780000	226.701000	166.657000	164.474000	177.398000	158.119000	110.351000	125.413000	190.241000	248.345000	186.617000	188.709000	191.811000	125.272000	113.982000	23.640000	0.000000	4.602310	5.761310	2.204030	6.301220	21.095800	51.451700	148.968000	25.224200	0.000000	0.000000	0.000000	0.000000	0.000000	15.068600	13.126600	2.524480	7.310260	209.850000	68.321800	19.403300	0.000000	8.169560	96.010000	73.594400	50.717300	56.782600	81.115200	91.528700	100.359000	119.080000	115.238000	97.232300	109.256000	107.481000	99.482200	84.192600	66.935600	43.471800	41.413100	66.952600	97.119500	108.252000	103.622000	131.039000	113.399000	87.683000	90.510000	165.798000	189.491000	194.138000	188.278000	167.403000	156.210000	232.997000	242.264000	247.758000	99.086300	180.235000	211.809000	273.714000	277.154000	279.928000	309.611000	288.939000	270.059000	267.244000	274.968000	301.691000	222.233000	186.174000	0.337000	0.000000	0.248844	0.000000	0.154729	0.000000	0.052432	0.000000	0.002410	0.000000	0.007193	0.000000	0.000000	0.051300	0.001132	0.221500	0.139958	0.377500	0.132156	0.373800	61.240000	74.138200	71.704400	43.172800	57.582700	49.449400	77.993600	46.636200	88.803000	76.301300	53.729800	43.640700	0.119118	0.322800	0.108045	0.251300	0.115027	0.280500	0.127595	0.386900	0.146154	0.409500	0.150313	0.224100	0.166351	0.110600	0.197479	0.012700	0.202167	0.000000	0.205233	0.000000	0.278184	0.000000	0.388768	0.000000	0.477511	0.000000	0.528233	0.000000	0.875332	5.850890	5.555990	0.401359	16.358600	22.759300	21.756800	20.961800	0.058696	2.571470	0.000000	5.738030	26.060700	826.895000	9611.720000	1.621300	86.051500	0.000000	4112.460000	0.000000	0.000000	0.304084	0.000000	0.000000	
   30	98.020000	166.860000	162.987000	175.576000	191.384000	201.428000	227.790000	269.680000	302.195000	326.097000	224.751000	173.804000	169.825000	177.636000	156.218000	110.143000	127.993000	196.739000	247.516000	184.181000	185.837000	190.535000	125.687000	115.218000	23.640000	0.000000	0.000000	0.000000	0.000000	0.000000	15.316900	55.136900	111.482000	16.306400	0.000000	8.510060	6.857080	13.025600	9.899340	30.494800	33.711100	10.004500	15.623000	120.921000	22.812300	0.000000	0.000000	0.000000	96.010000	65.876700	50.442000	58.883200	79.518700	89.049400	105.114000	119.393000	121.558000	110.068000	116.841000	107.249000	98.565600	80.397600	67.093300	41.206800	37.946900	60.264600	102.824000	105.740000	108.571000	124.766000	114.221000	99.162300	90.510000	161.262000	192.326000	198.739000	187.401000	172.130000	167.544000	224.210000	261.073000	255.261000	115.233000	182.304000	210.087000	278.457000	279.925000	280.455000	311.371000	298.024000	276.553000	267.200000	284.849000	308.461000	223.491000	185.780000	0.337000	0.000000	0.254844	0.000000	0.173875	0.000000	0.054704	0.000000	0.000000	0.000000	0.000000	0.000000	0.000000	0.058200	0.000000	0.300200	0.000000	0.561200	0.031741	0.561000	61.240000	95.465500	96.237600	75.066700	62.098400	45.083500	48.248700	66.186000	84.478100	62.813300	43.812800	32.852200	0.092788	0.679300	0.163944	0.897200	0.181838	0.975000	0.175270	0.982600	0.167408	0.802000	0.153061	0.506000	0.133948	0.347800	0.152346	0.032100	0.184893	0.000000	0.180126	0.000000	0.247836	0.000000	0.347958	0.000000	0.392216	0.000000	0.397636	0.000000	0.875332	5.796980	5.366370	0.165092	15.633800	21.952800	21.348300	20.808400	0.346291	0.258670	0.000000	4.050120	0.000000	820.122000	9543.270000	6.304650	87.422000	0.000000	4060.900000	0.000000	0.156648	0.304646	0.000000	0.171351	
   31	98.020000	167.582000	165.592000	179.183000	191.316000	204.265000	226.631000	270.316000	312.126000	321.780000	226.701000	166.657000	164.474000	177.398000	158.119000	110.351000	125.413000	190.241000	248.345000	186.617000	188.709000	191.811000	125.272000	113.982000	23.640000	2.224960	0.000000	0.905051	2.712160	6.797340	24.139100	35.321300	148.968000	25.224200	0.000000	0.000000	0.000000	0.000000	0.000000	15.068600	13.126600	3.521130	0.000000	48.188400	50.100400	6.900340	4.841500	0.000000	96.010000	62.951600	50.865600	57.050400	77.192100	87.239600	90.688300	106.776000	115.238000	97.232300	109.256000	107.481000	99.482200	84.192600	66.935600	43.471800	41.413100	54.908500	91.775200	89.910800	104.950000	133.306000	111.359000	92.598800	90.510000	151.007000	183.274000	192.709000	176.389000	160.137000	155.236000	223.445000	242.264000	247.758000	99.086300	180.235000	211.809000	273.714000	277.154000	279.928000	309.611000	294.820000	276.363000	265.194000	269.310000	290.626000	213.984000	183.523000	0.337000	0.000000	0.295945	0.000000	0.275111	0.000000	0.200243	0.000000	0.139336	0.000000	0.124023	0.000000	0.142054	0.066900	0.154912	0.314500	0.139958	0.455700	0.132156	0.519600	61.240000	107.987000	102.241000	38.055000	48.459000	36.403300	19.336900	61.734800	67.100600	60.004100	36.967100	43.830900	0.119118	0.421700	0.108045	0.338800	0.115027	0.341300	0.127595	0.500200	0.146154	0.339800	0.150313	0.349300	0.166351	0.239000	0.220179	0.023500	0.247805	0.000000	0.257646	0.000000	0.311209	0.000000	0.401737	0.000000	0.453885	0.000000	0.470855	0.000000	0.875332	5.620110	5.123130	0.000000	15.400200	21.489200	21.794900	21.158200	0.058696	2.571470	0.000000	5.738030	26.060700	826.895000	9611.720000	1.621300	86.051500	0.098467	4110.240000	0.000000	0.000000	0.149552	0.000000	0.166294	
   32	98.020000	162.725000	161.961000	178.524000	188.753000	197.869000	217.186000	266.919000	300.791000	325.646000	225.025000	173.038000	171.735000	181.361000	158.871000	113.007000	132.057000	194.003000	247.355000	196.251000	186.611000	192.410000	125.197000	114.211000	23.640000	0.000000	5.349240	10.440000	0.000000	8.630610	22.912900	63.538400	122.493000	7.489710	0.247029	3.122770	0.724698	1.914130	0.000000	13.667500	17.199300	0.000000	7.123750	87.996600	47.530600	6.407370	0.000000	0.000000	96.010000	76.801000	48.170700	63.085900	77.197800	91.295700	91.312200	119.401000	105.762000	98.429100	119.826000	108.882000	96.844500	85.070500	63.654400	27.869300	15.324400	45.785300	105.472000	105.063000	107.920000	123.558000	110.673000	94.476800	90.510000	150.897000	193.450000	199.552000	182.540000	162.000000	162.500000	243.338000	252.603000	236.938000	113.207000	182.858000	203.958000	280.442000	282.040000	282.756000	302.730000	298.644000	274.528000	263.949000	278.458000	296.855000	220.709000	191.450000	0.337000	0.000000	0.261832	0.000000	0.165529	0.000000	0.051173	0.000000	0.003611	0.000000	0.004665	0.000000	0.000000	0.064100	0.016756	0.276400	0.021124	0.452000	0.016351	0.567000	61.240000	122.853000	128.634000	98.011700	89.542900	99.383400	90.693700	105.291000	88.211000	87.727500	64.601100	52.954900	0.013308	0.575700	0.024600	0.533200	0.067780	0.633200	0.094003	0.793500	0.075877	0.751700	0.000000	0.517400	0.015317	0.326300	0.126305	0.039400	0.221010	0.000000	0.294680	0.000000	0.396924	0.000000	0.515051	0.000000	0.577699	0.000000	0.629740	0.000000	0.875332	5.665340	5.615110	0.095471	15.780000	21.616400	21.471000	20.766500	0.142218	0.000000	16.903100	0.267262	0.000000	821.473000	9585.440000	0.000000	85.337100	0.000000	4069.840000	0.000000	0.067685	0.092051	0.080205	0.000000	
   33	98.020000	174.484000	164.757000	179.154000	189.107000	199.813000	229.192000	270.925000	300.490000	324.976000	228.445000	170.192000	168.325000	179.769000	158.711000	112.307000	129.436000	192.862000	239.621000	192.776000	189.834000	200.885000	125.952000	115.984000	23.640000	0.000000	0.000000	2.878280	1.268010	2.787290	12.717600	41.444500	142.332000	40.279500	3.424580	0.000000	0.000000	0.392393	0.000000	11.336300	5.858980	0.000000	5.675160	217.514000	15.185800	3.827650	0.000000	0.766009	96.010000	73.937700	52.811900	63.158100	82.962900	94.116400	106.281000	118.888000	118.146000	129.745000	121.155000	103.832000	98.745100	80.458800	53.667300	34.163500	24.475100	66.488600	92.185000	121.611000	105.830000	130.597000	111.181000	99.177800	90.510000	164.566000	197.237000	202.614000	185.938000	173.181000	159.857000	232.188000	261.519000	264.411000	120.812000	187.459000	225.277000	281.553000	282.972000	283.609000	302.000000	308.835000	247.648000	265.588000	271.983000	297.117000	216.576000	188.985000	0.337000	0.000000	0.308597	0.000000	0.210179	0.000000	0.117685	0.000000	0.086143	0.000000	0.112413	0.000000	0.107467	0.041000	0.100422	0.195800	0.074405	0.277800	0.075357	0.321100	61.240000	99.209900	105.631000	70.184500	58.668600	58.445800	76.103900	77.674300	104.721000	70.871800	64.853200	55.930600	0.075494	0.332800	0.072593	0.480000	0.075999	0.445400	0.080604	0.473700	0.098353	0.376100	0.113883	0.332600	0.153758	0.155800	0.174573	0.014200	0.225343	0.000000	0.247706	0.000000	0.313011	0.000000	0.412432	0.000000	0.479136	0.000000	0.340386	0.000000	0.875332	5.664280	5.474990	0.066482	15.595900	21.500300	21.493500	20.797800	0.280290	0.187732	0.000000	0.229751	0.000000	819.313000	9583.540000	3.296300	88.053000	0.125151	4100.900000	0.000000	0.117070	0.148170	0.000000	0.000000	
   34	98.020000	174.477000	165.091000	174.869000	193.016000	202.798000	222.082000	270.501000	305.316000	326.132000	222.487000	171.458000	167.739000	180.312000	158.038000	111.942000	131.855000	191.497000	253.195000	193.001000	189.934000	197.766000	126.979000	111.593000	23.640000	0.000000	0.000000	0.000000	0.000000	3.854690	14.853400	55.063700	107.627000	36.167700	0.000000	0.000000	0.000000	1.276670	0.000000	21.889100	20.239200	0.000000	3.598190	112.064000	32.692200	4.128620	0.000000	0.000000	96.010000	64.618600	49.183500	64.147600	79.384400	94.219900	98.362500	122.245000	115.702000	121.553000	108.064000	109.630000	97.153200	81.348400	69.170900	44.645500	43.736800	52.977900	99.167000	98.568700	106.525000	138.841000	112.724000	92.868000	90.510000	161.427000	192.094000	189.569000	188.255000	175.567000	159.056000	235.156000	255.401000	251.523000	110.715000	189.096000	215.641000	278.735000	280.438000	280.920000	303.856000	292.118000	278.381000	265.967000	272.064000	295.490000	218.250000	187.351000	0.337000	0.000000	0.258088	0.000000	0.164165	0.000000	0.051917	0.000000	0.014511	0.000000	0.023463	0.000000	0.000000	0.037400	0.000000	0.214300	0.006820	0.318700	0.000612	0.389500	61.240000	98.590800	95.225800	76.195100	57.212700	48.738800	55.708800	69.218000	91.171800	71.513100	50.808100	39.215800	0.000000	0.439300	0.015084	0.490100	0.025849	0.596600	0.039679	0.575800	0.066110	0.564300	0.068178	0.391700	0.043244	0.224700	0.086432	0.011100	0.156347	0.000000	0.203723	0.000000	0.282489	0.000000	0.375993	0.000000	0.385290	0.000000	0.391507	0.000000	0.875332	5.714630	5.539940	0.097075	16.247000	21.690100	21.472900	20.720900	0.543965	0.000000	0.000000	0.000000	0.000000	827.658000	9628.980000	7.158140	86.319400	0.297870	4092.750000	0.000000	0.103352	0.176996	0.000000	0.161761	
   35	98.020000	162.725000	161.961000	178.524000	188.753000	197.869000	217.186000	266.919000	300.791000	325.646000	225.025000	173.038000	171.735000	181.361000	158.871000	113.007000	132.057000	194.003000	247.355000	196.251000	186.611000	192.410000	125.197000	114.211000	23.640000	0.000000	0.000000	0.000000	0.000000	6.085250	15.049600	22.591000	116.815000	19.576700	0.000000	2.174460	12.567500	18.867900	15.317600	35.602200	37.923500	15.350300	16.709500	129.253000	23.301600	6.218860	0.000000	0.000000	96.010000	71.572800	51.751000	53.336600	79.259900	88.440900	81.788600	114.280000	115.277000	93.929900	109.423000	107.196000	107.461000	86.340300	67.115000	49.303800	48.593100	69.041600	111.662000	99.076700	109.695000	133.537000	113.040000	89.485800	90.510000	158.711000	187.477000	188.012000	182.806000	163.520000	151.411000	227.443000	252.234000	230.098000	108.390000	197.416000	210.153000	270.371000	274.563000	272.760000	298.737000	285.798000	255.833000	245.561000	253.617000	276.587000	200.746000	171.744000	0.337000	0.000000	0.255581	0.000000	0.135796	0.000000	0.053488	0.000000	0.006605	0.000000	0.020215	0.000000	0.014888	0.041700	0.021208	0.294200	0.086900	0.405800	0.094451	0.410200	61.240000	70.512800	101.982000	71.036000	56.334800	48.295200	54.250900	88.664400	102.576000	79.311900	60.783300	59.307400	0.114430	0.426000	0.125092	0.375500	0.131866	0.459300	0.119372	0.565100	0.115498	0.419300	0.126929	0.287400	0.148949	0.130400	0.172040	0.011400	0.168884	0.000000	0.194771	0.000000	0.304834	0.000000	0.426108	0.000000	0.465090	0.000000	0.464087	0.000000	0.875332	5.606920	5.560230	0.084451	15.849400	21.634200	21.606900	20.692100	0.489305	0.163814	0.000000	2.337190	53.621200	820.768000	9595.850000	8.929730	90.010700	1.794230	4129.520000	0.000000	0.153264	0.161779	0.000000	0.000000	
   36	98.020000	174.477000	165.091000	174.869000	193.016000	202.798000	222.082000	270.501000	305.316000	326.132000	222.487000	171.458000	167.739000	180.312000	158.038000	111.942000	131.855000	191.497000	253.195000	193.001000	189.934000	197.766000	126.979000	111.593000	23.640000	0.000000	0.000000	0.000000	0.000000	3.854690	14.853400	55.063700	107.627000	36.167700	0.000000	0.000000	0.000000	1.276670	0.000000	21.889100	20.239200	0.000000	3.598190	112.064000	32.692200	4.128620	0.000000	0.000000	96.010000	64.618600	49.183500	64.147600	79.384400	94.219900	98.362500	122.245000	115.702000	121.553000	108.064000	109.630000	97.153200	81.348400	69.170900	44.645500	43.736800	52.977900	99.167000	98.568700	106.525000	138.841000	112.724000	92.868000	90.510000	161.427000	192.094000	189.569000	188.255000	175.567000	159.056000	235.156000	255.401000	251.523000	110.715000	189.096000	215.641000	278.735000	280.438000	280.920000	303.856000	292.118000	278.381000	265.967000	272.064000	295.490000	218.250000	187.351000	0.337000	0.000000	0.258088	0.000000	0.164165	0.000000	0.051917	0.000000	0.014511	0.000000	0.023463	0.000000	0.000000	0.037400	0.000000	0.214300	0.006820	0.318700	0.000612	0.389500	61.240000	98.590800	95.225800	76.195100	57.212700	48.738800	55.708800	69.218000	91.171800	71.513100	50.808100	39.215800	0.000000	0.439300	0.015084	0.490100	0.025849	0.596600	0.039679	0.575800	0.066110	0.564300	0.068178	0.391700	0.043244	0.224700	0.144921	0.020900	0.179741	0.000000	0.165360	0.000000	0.247408	0.000000	0.367463	0.000000	0.408570	0.000000	0.433868	0.000000	0.875332	5.633080	5.450960	0.089310	16.049100	21.480700	21.665700	20.779100	0.006870	0.748587	0.000000	1.726370	8.176890	821.678000	9582.250000	5.471770	91.143900	0.000000	4103.620000	0.000000	0.035106	0.095959	0.000000	0.000000	
   37	98.020000	166.860000	162.987000	175.576000	191.384000	201.428000	227.790000	269.680000	302.195000	326.097000	225.025000	173.038000	171.735000	181.361000	158.871000	113.007000	132.057000	194.003000	247.355000	196.251000	186.611000	192.410000	125.197000	114.211000	23.640000	0.000000	0.000000	0.000000	0.000000	0.000000	15.316900	55.136900	111.482000	16.306400	0.000000	6.580470	0.000000	0.110767	0.000000	23.455900	23.138400	0.000000	15.800400	135.302000	21.928700	9.746860	0.000000	1.582660	96.010000	65.876700	50.442000	58.883200	79.518700	89.049400	105.114000	119.393000	121.558000	110.068000	119.629000	109.648000	103.514000	87.213000	69.534500	47.778100	51.802700	65.090600	104.227000	117.635000	108.143000	126.858000	112.570000	97.174700	90.510000	159.609000	188.755000	192.298000	187.401000	172.130000	167.544000	224.210000	261.073000	255.261000	115.233000	184.854000	217.844000	281.198000	281.783000	282.309000	310.486000	291.291000	278.312000	269.813000	273.848000	298.172000	219.386000	187.380000	0.337000	0.000000	0.278792	0.000000	0.192148	0.000000	0.080047	0.000000	0.021082	0.000000	0.015253	0.000000	0.008082	0.054400	0.000000	0.229600	0.000000	0.364700	0.000000	0.402500	61.240000	96.230500	96.542100	69.772300	57.156900	52.319400	56.222000	87.309100	97.547100	65.675800	54.611400	46.327500	0.038503	0.375700	0.062263	0.466400	0.055879	0.476700	0.077027	0.451800	0.024836	0.467300	0.059764	0.332100	0.037728	0.197600	0.088831	0.020200	0.119702	0.000000	0.142195	0.000000	0.204348	0.000000	0.326631	0.000000	0.334520	0.000000	0.360986	0.000000	0.875332	5.560020	5.266220	0.001197	15.354500	21.372000	21.179400	20.828800	0.528881	1.066460	0.000000	1.658080	0.000000	821.192000	9585.310000	4.103660	87.416500	0.000000	4100.890000	0.000000	0.000005	0.300422	0.000000	0.000000	
   38	98.020000	162.725000	161.961000	178.524000	188.753000	197.869000	217.186000	266.919000	300.791000	325.646000	225.025000	173.038000	171.735000	181.361000	158.871000	113.007000	132.057000	194.003000	247.355000	196.251000	186.611000	192.410000	125.197000	114.211000	23.640000	4.840340	5.541980	7.089020	5.041150	4.738970	22.141300	49.626100	119.290000	18.413300	3.864640	3.476250	3.866680	1.633960	0.105099	20.504400	18.426200	0.000000	3.542710	88.945100	0.000000	4.824380	0.000000	9.907110	96.010000	68.607700	49.437300	56.863200	76.866100	87.704100	92.264900	112.844000	116.953000	103.395000	117.522000	109.878000	100.995000	88.082600	70.208300	50.730300	54.109000	60.108100	100.576000	118.919000	102.336000	129.604000	109.757000	68.973700	90.510000	156.552000	202.301000	194.771000	185.031000	169.945000	163.698000	223.474000	261.777000	246.909000	114.925000	187.147000	214.776000	279.106000	279.575000	279.531000	301.547000	291.069000	271.064000	257.191000	263.716000	290.518000	210.669000	162.612000	0.337000	0.000000	0.281764	0.000000	0.295592	0.000000	0.265957	0.000000	0.186318	0.000000	0.195517	0.000000	0.240697	0.038800	0.248578	0.184300	0.220898	0.197800	0.200867	0.275200	61.240000	88.746800	87.880600	60.897400	50.758800	48.738800	71.542700	71.508200	88.704100	63.222900	53.464200	52.171600	0.204913	0.245900	0.203394	0.284700	0.195204	0.327600	0.175912	0.525100	0.157566	0.454800	0.142213	0.295800	0.145878	0.176700	0.144921	0.019100	0.149787	0.000000	0.165360	0.000000	0.247408	0.000000	0.367463	0.000000	0.382037	0.000000	0.425806	0.000000	0.875332	6.156130	5.771040	0.558756	17.191100	23.042700	22.088900	21.292500	0.076817	0.831372	0.000000	9.199740	110.529000	820.146000	9576.160000	2.285900	83.893200	0.000000	4103.620000	0.000000	0.035106	0.095959	0.000000	1.022650	
   39	98.020000	162.725000	161.961000	178.524000	188.753000	197.869000	217.186000	266.919000	300.791000	325.646000	225.025000	173.038000	171.735000	181.361000	158.871000	113.007000	132.057000	194.003000	247.355000	196.251000	186.611000	192.410000	125.197000	114.211000	23.640000	0.000000	0.000000	0.000000	0.000000	0.000000	14.235500	48.746400	119.510000	26.659900	1.591980	4.573580	3.173090	5.447700	4.551500	22.385800	25.925000	6.112980	18.236100	185.936000	19.663800	5.364280	0.000000	0.000000	96.010000	64.311500	49.264900	60.882000	81.249100	92.075100	102.532000	118.732000	117.263000	122.985000	119.629000	109.648000	103.514000	87.213000	69.534500	47.778100	51.802700	65.090600	104.227000	117.635000	108.143000	126.858000	112.570000	97.174700	90.510000	152.827000	188.656000	191.217000	192.977000	178.025000	159.964000	230.955000	257.278000	257.107000	110.188000	177.543000	217.837000	274.431000	276.726000	276.869000	306.633000	290.012000	274.848000	272.686000	270.480000	294.705000	215.882000	187.783000	0.337000	0.000000	0.238528	0.000000	0.137494	0.000000	0.000000	0.000000	0.082963	0.000000	0.105074	0.000000	0.105833	0.024700	0.100723	0.171500	0.096241	0.192500	0.109440	0.318100	61.240000	107.987000	102.241000	70.438800	62.252900	56.998800	72.677500	82.691000	99.496800	52.481400	45.944500	46.607500	0.131296	0.320600	0.151516	0.544900	0.165638	0.633700	0.161676	1.008100	0.155554	0.802900	0.160304	0.442900	0.195431	0.266800	0.241538	0.027400	0.253284	0.000000	0.237014	0.000000	0.287377	0.000000	0.371375	0.000000	0.409886	0.000000	0.419712	0.000000	0.875332	6.013220	5.741400	0.378076	15.637500	21.662600	21.388100	20.852400	0.380802	0.581768	0.000000	0.955204	0.000000	821.147000	9583.550000	4.905040	87.939500	0.083204	4089.750000	0.000000	0.169244	0.135440	0.000000	0.000000	
   40	98.020000	166.860000	162.987000	175.576000	191.384000	201.428000	227.790000	269.680000	302.195000	326.097000	225.025000	173.038000	171.735000	181.361000	158.871000	113.007000	132.057000	194.003000	247.355000	196.251000	186.611000	192.410000	125.197000	114.211000	23.640000	0.000000	0.000000	0.000000	0.000000	0.000000	15.316900	55.136900	111.482000	16.306400	0.000000	6.580470	0.000000	0.110767	0.000000	23.455900	23.138400	0.000000	15.800400	135.302000	21.928700	9.746860	0.000000	1.582660	96.010000	65.876700	50.442000	58.883200	79.518700	89.049400	105.114000	119.393000	121.558000	110.068000	119.629000	109.648000	103.514000	87.213000	69.534500	47.778100	51.802700	65.090600	104.227000	117.635000	108.143000	126.858000	112.570000	97.174700	90.510000	159.609000	188.755000	192.298000	187.401000	172.130000	167.544000	224.210000	261.073000	255.261000	115.233000	184.854000	217.844000	281.198000	281.783000	282.309000	310.486000	291.291000	278.312000	269.813000	273.848000	298.172000	219.386000	187.380000	0.337000	0.000000	0.278792	0.000000	0.192148	0.000000	0.080047	0.000000	0.021082	0.000000	0.015253	0.000000	0.008082	0.054400	0.000000	0.229600	0.000000	0.364700	0.000000	0.402500	61.240000	96.230500	96.542100	69.772300	57.156900	52.319400	56.222000	87.309100	97.547100	65.675800	54.611400	46.327500	0.038503	0.375700	0.062263	0.466400	0.055879	0.476700	0.077027	0.451800	0.024836	0.467300	0.059764	0.332100	0.037728	0.197600	0.088831	0.020200	0.119702	0.000000	0.142195	0.000000	0.204348	0.000000	0.326631	0.000000	0.334520	0.000000	0.360986	0.000000	0.875332	5.560020	5.266220	0.001197	15.354500	21.372000	21.179400	20.828800	0.528881	1.066460	0.000000	1.658080	0.000000	821.192000	9585.310000	4.103660	87.416500	0.000000	4100.890000	0.000000	0.000005	0.300422	0.000000	0.000000	
   41	98.020000	174.477000	165.091000	174.869000	193.016000	202.798000	222.082000	270.501000	305.316000	326.132000	222.487000	171.458000	167.739000	180.312000	158.038000	111.942000	131.855000	191.497000	253.195000	193.001000	189.934000	197.766000	126.979000	111.593000	23.640000	0.000000	0.000000	0.000000	0.000000	3.854690	14.853400	55.063700	107.627000	36.167700	0.000000	0.000000	0.000000	1.276670	0.000000	21.889100	20.239200	0.000000	3.598190	112.064000	32.692200	4.128620	0.000000	0.000000	96.010000	64.618600	49.183500	64.147600	79.384400	94.219900	98.362500	122.245000	115.702000	121.553000	108.064000	109.630000	97.153200	81.348400	69.170900	44.645500	43.736800	52.977900	99.167000	98.568700	106.525000	138.841000	112.724000	92.868000	90.510000	161.427000	192.094000	189.569000	188.255000	175.567000	159.056000	235.156000	255.401000	251.523000	110.715000	189.096000	215.641000	278.735000	280.438000	280.920000	303.856000	292.118000	278.381000	265.967000	272.064000	295.490000	218.250000	187.351000	0.337000	0.000000	0.258088	0.000000	0.164165	0.000000	0.051917	0.000000	0.014511	0.000000	0.023463	0.000000	0.000000	0.037400	0.000000	0.214300	0.006820	0.318700	0.000612	0.389500	61.240000	98.590800	95.225800	76.195100	57.212700	48.738800	55.708800	69.218000	91.171800	71.513100	50.808100	39.215800	0.000000	0.439300	0.015084	0.490100	0.025849	0.596600	0.039679	0.575800	0.066110	0.564300	0.068178	0.391700	0.043244	0.224700	0.144921	0.020900	0.179741	0.000000	0.175015	0.000000	0.227088	0.000000	0.295493	0.000000	0.367546	0.000000	0.429132	0.000000	0.875332	5.684960	5.088700	0.085898	15.857400	21.685100	21.674900	20.670700	0.619261	1.130850	0.000000	2.667610	0.000000	821.293000	9588.240000	6.819090	97.171100	0.000000	4104.520000	0.000000	0.113172	0.060451	0.000000	0.000694	
   42	98.020000	174.477000	165.091000	174.869000	193.016000	202.798000	222.082000	270.501000	305.316000	326.132000	222.487000	171.458000	167.739000	180.312000	158.038000	111.942000	131.855000	191.497000	246.112000	185.445000	187.419000	184.734000	126.548000	120.578000	23.640000	3.481130	1.720240	0.045009	5.444900	10.535700	14.966100	61.292500	137.451000	20.959000	0.000000	0.000000	0.000000	0.000000	0.000000	8.911060	1.492000	0.000000	11.520400	162.588000	44.488200	2.150530	0.000000	0.000000	96.010000	72.203200	50.300500	52.065000	81.652800	88.685400	98.158700	119.868000	120.789000	126.740000	114.413000	108.020000	98.803700	80.414400	62.931500	38.144600	30.690200	62.884700	104.326000	117.216000	107.622000	127.132000	111.971000	105.269000	90.510000	160.245000	190.029000	189.967000	180.794000	181.870000	154.159000	228.872000	256.515000	260.770000	118.854000	194.279000	226.494000	283.683000	284.131000	286.441000	311.104000	299.454000	274.869000	272.193000	268.343000	295.480000	216.070000	190.981000	0.337000	0.000000	0.260989	0.000000	0.173679	0.000000	0.070128	0.000000	0.015286	0.000000	0.035591	0.000000	0.044251	0.043000	0.000000	0.221900	0.017468	0.291000	0.070420	0.348700	61.240000	107.987000	102.241000	46.295400	40.404800	29.915900	24.125800	45.164000	68.664400	53.680000	39.563900	38.823400	0.101559	0.444500	0.120904	0.566000	0.142298	0.737500	0.149223	0.723600	0.141152	0.691000	0.124436	0.357800	0.141967	0.192600	0.151027	0.020400	0.159083	0.000000	0.194425	0.000000	0.288079	0.000000	0.381008	0.000000	0.423854	0.000000	0.464770	0.000000	0.875332	5.620950	5.197100	0.056281	15.787500	21.753500	21.616800	20.603200	0.372589	1.221320	0.000000	0.000000	0.000000	834.232000	9646.370000	9.737920	88.879900	2.389660	4072.960000	0.000000	0.137735	0.472451	0.000000	0.095370	
   43	98.020000	168.108000	163.011000	180.835000	193.650000	198.973000	224.260000	271.765000	308.933000	325.646000	225.025000	173.038000	171.735000	181.361000	158.871000	113.007000	132.057000	194.003000	247.355000	196.251000	186.611000	192.410000	125.197000	114.211000	23.640000	4.698960	1.277320	4.033090	7.151760	6.193740	22.511300	48.039000	140.764000	37.434500	0.000000	0.000000	0.000000	0.000000	0.000000	14.508700	16.711600	0.000000	2.192300	126.384000	34.404600	9.163660	6.415080	0.000000	96.010000	73.902000	53.258400	60.660500	81.456000	93.171300	99.563300	121.019000	123.181000	128.203000	115.036000	104.072000	102.910000	83.410600	64.962900	40.383600	48.066100	67.773300	102.405000	104.717000	107.932000	136.563000	113.497000	97.284100	90.510000	161.116000	190.079000	196.859000	184.050000	170.229000	160.683000	232.042000	254.320000	255.192000	113.845000	189.181000	218.587000	279.959000	281.637000	276.482000	307.716000	293.839000	275.446000	255.510000	280.664000	303.139000	218.891000	190.069000	0.337000	0.000000	0.252847	0.000000	0.165529	0.000000	0.038491	0.000000	0.003611	0.000000	0.009236	0.000000	0.015112	0.042100	0.000000	0.216800	0.000000	0.317200	0.003163	0.365400	61.240000	104.514000	103.543000	74.802700	59.071300	50.946900	54.076200	84.023300	96.819500	69.155900	58.542400	36.734700	0.008183	0.415700	0.000000	0.446600	0.056087	0.510800	0.000000	0.589700	0.056650	0.521500	0.059601	0.336300	0.039582	0.196300	0.074449	0.019900	0.102775	0.000000	0.119859	0.000000	0.212269	0.000000	0.295493	0.000000	0.335293	0.000000	0.373872	0.000000	0.875332	5.523780	5.203030	0.000000	15.219000	20.976700	21.538100	20.919200	0.571095	0.581768	0.000000	0.955204	0.000000	821.147000	9583.550000	4.905040	87.939500	0.083204	4089.750000	0.000000	0.169244	0.135440	0.000000	0.000000	
   44	98.020000	168.108000	163.011000	180.835000	193.650000	198.973000	224.260000	271.765000	308.933000	325.646000	225.025000	173.038000	171.735000	181.361000	158.871000	113.007000	132.057000	194.003000	247.355000	196.251000	186.611000	192.410000	125.197000	114.211000	23.640000	4.698960	1.277320	4.033090	7.151760	6.193740	22.511300	48.039000	140.764000	37.434500	0.000000	0.000000	0.000000	0.000000	0.000000	14.508700	16.711600	0.000000	2.192300	126.384000	34.404600	9.163660	6.415080	0.000000	96.010000	73.902000	53.258400	60.660500	81.456000	93.171300	99.563300	121.019000	123.181000	128.203000	115.036000	104.072000	102.910000	83.410600	64.962900	40.383600	48.066100	67.773300	102.405000	104.717000	107.932000	136.563000	113.497000	97.284100	90.510000	161.116000	190.079000	196.859000	184.050000	170.229000	160.683000	232.042000	254.320000	255.192000	113.845000	189.181000	218.587000	279.959000	281.637000	276.482000	307.716000	293.839000	275.446000	255.510000	280.664000	303.139000	218.891000	190.069000	0.337000	0.000000	0.252847	0.000000	0.165529	0.000000	0.038491	0.000000	0.003611	0.000000	0.009236	0.000000	0.015112	0.042100	0.000000	0.216800	0.000000	0.317200	0.003163	0.365400	61.240000	104.514000	103.543000	74.802700	59.071300	50.946900	54.076200	84.023300	96.819500	69.155900	58.542400	36.734700	0.008183	0.415700	0.000000	0.446600	0.056087	0.510800	0.000000	0.589700	0.056650	0.521500	0.059601	0.336300	0.039582	0.196300	0.074449	0.019900	0.102775	0.000000	0.119859	0.000000	0.212269	0.000000	0.295493	0.000000	0.335293	0.000000	0.373872	0.000000	0.875332	5.523780	5.203030	0.000000	15.219000	20.976700	21.538100	20.919200	0.571095	0.581768	0.000000	0.955204	0.000000	821.147000	9583.550000	4.905040	87.939500	0.083204	4089.750000	0.000000	0.169244	0.135440	0.000000	0.000000	
   45	98.020000	168.108000	163.011000	180.835000	193.650000	198.973000	224.260000	271.765000	308.933000	325.646000	225.025000	173.038000	171.735000	181.361000	158.871000	113.007000	132.057000	194.003000	247.355000	196.251000	186.611000	192.410000	125.197000	114.211000	23.640000	4.698960	1.277320	4.033090	7.151760	6.193740	22.511300	48.039000	140.764000	37.434500	0.000000	0.000000	0.000000	0.000000	0.000000	14.508700	16.711600	0.000000	2.192300	126.384000	34.404600	9.163660	6.415080	0.000000	96.010000	73.902000	53.258400	60.660500	81.456000	93.171300	99.563300	121.019000	123.181000	128.203000	115.036000	104.072000	102.910000	83.410600	64.962900	40.383600	48.066100	67.773300	102.405000	104.717000	107.932000	136.563000	113.497000	97.284100	90.510000	161.116000	190.079000	196.859000	184.050000	170.229000	160.683000	232.042000	254.320000	255.192000	113.845000	189.181000	218.587000	279.959000	281.637000	276.482000	307.716000	293.839000	275.446000	255.510000	280.664000	303.139000	218.891000	190.069000	0.337000	0.000000	0.252847	0.000000	0.165529	0.000000	0.038491	0.000000	0.003611	0.000000	0.009236	0.000000	0.015112	0.042100	0.000000	0.216800	0.000000	0.317200	0.003163	0.365400	61.240000	104.514000	103.543000	74.802700	59.071300	50.946900	54.076200	84.023300	96.819500	69.155900	58.542400	36.734700	0.008183	0.415700	0.000000	0.446600	0.056087	0.510800	0.000000	0.589700	0.056650	0.521500	0.059601	0.336300	0.039582	0.196300	0.074449	0.019900	0.102775	0.000000	0.119859	0.000000	0.212269	0.000000	0.295493	0.000000	0.335293	0.000000	0.373872	0.000000	0.875332	5.523780	5.203030	0.000000	15.219000	20.976700	21.538100	20.919200	0.571095	0.581768	0.000000	0.955204	0.000000	821.147000	9583.550000	4.905040	87.939500	0.083204	4089.750000	0.000000	0.169244	0.135440	0.000000	0.000000	
   46	98.020000	168.108000	163.011000	180.835000	193.650000	198.973000	224.260000	271.765000	308.933000	325.646000	225.025000	173.038000	171.735000	181.361000	158.871000	113.007000	132.057000	194.003000	247.355000	196.251000	186.611000	192.410000	125.197000	114.211000	23.640000	4.698960	1.277320	4.033090	7.151760	6.193740	22.511300	48.039000	140.764000	37.434500	0.000000	0.000000	0.000000	0.000000	0.000000	14.508700	16.711600	0.000000	2.192300	126.384000	34.404600	9.163660	6.415080	0.000000	96.010000	73.902000	53.258400	60.660500	81.456000	93.171300	99.563300	121.019000	123.181000	128.203000	115.036000	104.072000	102.910000	83.410600	64.962900	40.383600	48.066100	67.773300	102.405000	104.717000	107.932000	136.563000	113.497000	97.284100	90.510000	161.116000	190.079000	196.859000	184.050000	170.229000	160.683000	232.042000	254.320000	255.192000	113.845000	189.181000	218.587000	279.959000	281.637000	276.482000	307.716000	293.839000	275.446000	255.510000	280.664000	303.139000	218.891000	190.069000	0.337000	0.000000	0.252847	0.000000	0.165529	0.000000	0.038491	0.000000	0.003611	0.000000	0.009236	0.000000	0.015112	0.042100	0.000000	0.216800	0.000000	0.317200	0.003163	0.365400	61.240000	104.514000	103.543000	74.802700	59.071300	50.946900	54.076200	84.023300	96.819500	69.155900	58.542400	36.734700	0.008183	0.415700	0.000000	0.446600	0.056087	0.510800	0.000000	0.589700	0.056650	0.521500	0.059601	0.336300	0.039582	0.196300	0.074449	0.019900	0.102775	0.000000	0.119859	0.000000	0.212269	0.000000	0.295493	0.000000	0.335293	0.000000	0.373872	0.000000	0.875332	5.523780	5.203030	0.000000	15.219000	20.976700	21.538100	20.919200	0.571095	0.581768	0.000000	0.955204	0.000000	821.147000	9583.550000	4.905040	87.939500	0.083204	4089.750000	0.000000	0.169244	0.135440	0.000000	0.000000	
   47	98.020000	162.725000	161.961000	178.524000	188.753000	197.869000	217.186000	266.919000	300.791000	325.646000	225.025000	173.038000	171.735000	181.361000	158.871000	113.007000	132.057000	194.003000	247.355000	196.251000	186.611000	192.410000	125.197000	114.211000	23.640000	1.718980	0.000000	0.403474	3.803320	6.711640	18.179400	92.364800	133.356000	38.723300	0.000000	0.000000	0.000000	0.000000	0.000000	19.120400	17.162000	2.584500	0.000000	124.494000	24.336300	3.773320	2.967200	11.069500	96.010000	69.006800	48.116000	56.119800	79.316300	92.744000	97.653200	120.691000	111.995000	123.034000	115.271000	98.595200	90.908500	78.442800	61.901700	36.095200	39.076200	59.659200	100.504000	69.329000	104.029000	141.234000	111.231000	95.946000	90.510000	158.293000	202.009000	198.080000	182.642000	169.683000	164.482000	237.850000	249.071000	241.300000	111.220000	173.442000	209.467000	273.996000	275.474000	275.026000	300.407000	290.930000	250.050000	257.607000	264.079000	297.172000	212.084000	180.465000	0.337000	0.000000	0.218054	0.000000	0.126252	0.000000	0.000000	0.000000	0.000000	0.000000	0.000000	0.000000	0.000000	0.034100	0.000000	0.142400	0.000000	0.290000	0.000000	0.374600	61.240000	98.047300	95.332300	74.931600	56.954900	33.728500	49.749900	72.028900	77.804100	54.560900	59.708800	61.376600	0.000000	0.380500	0.000000	0.472700	0.000000	0.381200	0.000000	0.528500	0.019264	0.562000	0.026372	0.314800	0.039582	0.196300	0.109355	0.019800	0.196902	0.000000	0.210507	0.000000	0.249041	0.000000	0.330240	0.000000	0.364860	0.000000	0.381790	0.000000	0.875332	5.764420	5.166080	0.047163	15.745600	21.632900	21.433300	20.646900	0.005129	1.387630	0.000000	0.000000	0.000000	821.343000	9592.070000	5.136200	85.114500	0.326826	4111.040000	11.005400	0.177913	0.149463	0.000000	0.000000	
   48	98.020000	167.582000	165.592000	179.183000	191.316000	204.265000	226.631000	270.316000	312.126000	321.780000	226.701000	166.657000	164.474000	177.398000	158.119000	110.351000	125.413000	190.241000	248.345000	186.617000	188.709000	191.811000	125.272000	113.982000	23.640000	0.000000	0.000000	0.000000	0.000000	0.000000	12.605300	43.554100	108.310000	25.071700	6.863860	3.615690	6.009080	0.000000	0.000000	22.803300	21.820500	2.532060	0.000000	119.666000	18.197600	4.316360	3.452720	0.000000	96.010000	68.287000	52.015300	58.921800	81.665400	92.149900	101.149000	118.694000	126.095000	116.150000	117.928000	110.271000	97.893100	83.084800	61.829000	42.392300	47.080400	64.321500	97.429300	95.437400	102.421000	126.680000	110.761000	91.885100	90.510000	152.890000	188.755000	193.272000	182.169000	161.642000	162.086000	227.677000	242.465000	245.780000	107.749000	173.455000	216.553000	279.986000	285.131000	280.164000	309.924000	296.589000	267.262000	252.925000	278.892000	296.367000	218.472000	185.929000	0.337000	0.000000	0.280832	0.000000	0.210499	0.000000	0.094453	0.000000	0.029479	0.000000	0.054002	0.000000	0.059408	0.027400	0.054324	0.183000	0.064501	0.315900	0.069207	0.354000	61.240000	95.465500	96.237600	75.066700	62.098400	45.083500	48.248700	66.186000	84.478100	62.813300	45.501600	30.213100	0.101608	0.423400	0.126239	0.394200	0.016346	0.639400	0.032414	0.645400	0.058229	0.517400	0.086250	0.336500	0.125231	0.185100	0.174438	0.017200	0.202715	0.000000	0.214664	0.000000	0.278774	0.000000	0.379947	0.000000	0.423439	0.000000	0.412808	0.000000	0.875332	5.829270	5.320390	0.210188	15.398900	21.547000	21.465500	20.888600	0.753216	0.000000	0.000000	2.005610	23.131300	826.484000	9605.990000	5.162600	88.582000	0.000000	4107.040000	0.000000	0.017587	0.175614	0.000000	0.000000	
   49	98.020000	166.860000	162.987000	175.576000	191.384000	201.428000	227.790000	269.680000	302.195000	326.097000	224.751000	173.804000	169.825000	177.636000	156.218000	110.143000	127.993000	196.739000	247.516000	184.181000	185.837000	190.535000	125.687000	115.218000	23.640000	0.000000	2.612160	0.000000	0.000000	3.289510	14.614600	37.116400	115.909000	22.905900	0.000000	3.251380	0.831642	1.027700	0.000000	20.907600	19.526700	6.437520	0.000000	157.223000	77.813200	4.666890	0.000000	0.000000	96.010000	72.339000	49.637100	63.185700	76.702900	89.758900	99.911500	116.309000	122.285000	84.898100	111.936000	105.444000	98.286300	83.698000	71.276900	44.244800	35.601700	66.519900	96.602700	85.237000	106.776000	140.406000	112.369000	103.851000	90.510000	159.186000	186.978000	197.992000	181.834000	167.250000	159.402000	225.160000	254.712000	269.333000	117.829000	187.329000	213.865000	278.123000	283.714000	280.256000	306.573000	298.038000	268.816000	251.866000	271.874000	303.064000	216.632000	188.275000	0.337000	0.000000	0.201687	0.000000	0.130181	0.000000	0.004003	0.000000	0.000000	0.000000	0.000000	0.000000	0.000000	0.039400	0.000000	0.206500	0.000000	0.329900	0.000000	0.385300	61.240000	96.230500	109.631000	79.732400	65.831300	49.476700	53.043700	75.025400	92.303600	68.708500	56.949000	53.013500	0.000000	0.373200	0.037263	0.366000	0.055504	0.438000	0.068958	0.595500	0.071480	0.584300	0.060863	0.401100	0.065814	0.204000	0.105200	0.024500	0.136842	0.000000	0.154731	0.000000	0.226476	0.000000	0.324526	0.000000	0.369429	0.000000	0.406049	0.000000	0.875332	5.642940	5.506470	0.090845	15.367000	21.511700	21.550000	20.998700	0.761847	0.604992	0.000000	0.721947	0.000000	821.329000	9586.500000	2.344380	102.506000	0.000000	4098.330000	0.000000	0.000000	0.339966	0.052925	0.010065	
   50	98.020000	162.725000	161.961000	178.524000	188.753000	197.869000	217.186000	266.919000	300.791000	325.646000	225.025000	173.038000	171.735000	181.361000	158.871000	113.007000	132.057000	194.003000	247.355000	196.251000	186.611000	192.410000	125.197000	114.211000	23.640000	0.877467	0.000000	0.000000	0.000000	11.561200	14.867500	28.373700	131.726000	38.098000	0.144207	0.000000	5.287810	2.394250	0.000000	20.708400	16.906700	4.052250	0.000000	48.188400	50.100400	6.900340	4.841500	0.000000	96.010000	68.918500	47.011800	53.217700	77.303800	90.601100	103.910000	119.893000	124.974000	114.779000	111.538000	105.929000	100.714000	80.688900	67.222000	45.713400	40.977600	63.929400	91.775200	89.910800	104.950000	133.306000	111.359000	92.598800	90.510000	159.452000	194.530000	200.628000	186.006000	172.449000	165.081000	229.943000	262.389000	230.829000	112.374000	183.308000	214.206000	279.094000	283.080000	281.225000	304.657000	294.502000	276.363000	265.194000	269.310000	290.626000	213.984000	183.523000	0.337000	0.000000	0.242983	0.000000	0.174083	0.000000	0.068730	0.000000	0.002514	0.000000	0.006279	0.000000	0.008406	0.036500	0.006163	0.253200	0.008396	0.364200	0.016423	0.447900	61.240000	98.074100	98.389300	69.953500	60.853500	47.231500	44.143900	78.397300	75.232900	63.852400	48.455900	40.187700	0.029155	0.506900	0.035018	0.666200	0.044463	0.656300	0.054627	0.726200	0.095238	0.659900	0.088832	0.458200	0.086904	0.290000	0.122289	0.025600	0.247805	0.000000	0.257646	0.000000	0.311209	0.000000	0.401737	0.000000	0.453885	0.000000	0.470855	0.000000	0.875332	5.799800	5.349160	0.153919	15.614000	21.832500	21.367300	20.879200	0.532388	0.720157	0.000000	1.369410	0.000000	820.869000	9586.120000	5.547280	89.872600	0.000000	4110.240000	0.000000	0.000000	0.149552	0.000000	0.166294	
   51	98.020000	166.860000	162.987000	175.576000	191.384000	201.428000	227.790000	269.680000	302.195000	326.097000	225.025000	173.038000	171.735000	181.361000	158.871000	113.007000	132.057000	194.003000	247.355000	196.251000	186.611000	192.410000	125.197000	114.211000	23.640000	0.000000	0.000000	0.000000	0.000000	0.000000	15.316900	55.136900	111.482000	16.306400	0.000000	6.580470	0.000000	0.110767	0.000000	23.455900	23.138400	0.000000	15.800400	135.302000	21.928700	9.746860	0.000000	1.582660	96.010000	65.876700	50.442000	58.883200	79.518700	89.049400	105.114000	119.393000	121.558000	110.068000	119.629000	109.648000	103.514000	87.213000	69.534500	47.778100	51.802700	65.090600	104.227000	117.635000	108.143000	126.858000	112.570000	97.174700	90.510000	159.609000	188.755000	192.298000	187.401000	172.130000	167.544000	224.210000	261.073000	255.261000	115.233000	184.854000	217.844000	281.198000	281.783000	282.309000	310.486000	291.291000	278.312000	269.813000	273.848000	298.172000	219.386000	187.380000	0.337000	0.000000	0.278792	0.000000	0.192148	0.000000	0.080047	0.000000	0.021082	0.000000	0.015253	0.000000	0.008082	0.054400	0.000000	0.229600	0.000000	0.364700	0.000000	0.402500	61.240000	96.230500	96.542100	69.772300	57.156900	52.319400	56.222000	87.309100	97.547100	65.675800	54.611400	46.327500	0.038503	0.375700	0.062263	0.466400	0.055879	0.476700	0.077027	0.451800	0.024836	0.467300	0.059764	0.332100	0.037728	0.197600	0.088831	0.020200	0.119702	0.000000	0.142195	0.000000	0.204348	0.000000	0.326631	0.000000	0.334520	0.000000	0.360986	0.000000	0.875332	5.560020	5.266220	0.001197	15.354500	21.372000	21.179400	20.828800	0.528881	1.066460	0.000000	1.658080	0.000000	821.192000	9585.310000	4.103660	87.416500	0.000000	4100.890000	0.000000	0.000005	0.300422	0.000000	0.000000	
   52	98.020000	168.108000	163.011000	180.835000	193.650000	198.973000	224.260000	271.765000	308.933000	325.646000	225.025000	173.038000	171.735000	181.361000	158.871000	113.007000	132.057000	194.003000	247.355000	196.251000	186.611000	192.410000	125.197000	114.211000	23.640000	4.698960	1.277320	4.033090	7.151760	6.193740	22.511300	48.039000	140.764000	37.434500	0.000000	0.000000	0.000000	0.000000	0.000000	14.508700	16.711600	0.000000	2.192300	126.384000	34.404600	9.163660	6.415080	0.000000	96.010000	73.902000	53.258400	60.660500	81.456000	93.171300	99.563300	121.019000	123.181000	128.203000	115.036000	104.072000	102.910000	83.410600	64.962900	40.383600	48.066100	67.773300	102.405000	104.717000	107.932000	136.563000	113.497000	97.284100	90.510000	161.116000	190.079000	196.859000	184.050000	170.229000	160.683000	232.042000	254.320000	255.192000	113.845000	189.181000	218.587000	279.959000	281.637000	276.482000	307.716000	293.839000	275.446000	255.510000	280.664000	303.139000	218.891000	190.069000	0.337000	0.000000	0.252847	0.000000	0.165529	0.000000	0.038491	0.000000	0.003611	0.000000	0.009236	0.000000	0.015112	0.042100	0.000000	0.216800	0.000000	0.317200	0.003163	0.365400	61.240000	104.514000	103.543000	74.802700	59.071300	50.946900	54.076200	84.023300	96.819500	69.155900	58.542400	36.734700	0.008183	0.415700	0.000000	0.446600	0.056087	0.510800	0.000000	0.589700	0.056650	0.521500	0.059601	0.336300	0.039582	0.196300	0.074449	0.019900	0.102775	0.000000	0.119859	0.000000	0.212269	0.000000	0.295493	0.000000	0.335293	0.000000	0.373872	0.000000	0.875332	5.523780	5.203030	0.000000	15.219000	20.976700	21.538100	20.919200	0.571095	0.581768	0.000000	0.955204	0.000000	821.147000	9583.550000	4.905040	87.939500	0.083204	4089.750000	0.000000	0.169244	0.135440	0.000000	0.000000	
   53	98.020000	174.477000	165.091000	174.869000	193.016000	202.798000	222.082000	270.501000	305.316000	326.132000	222.487000	171.458000	167.739000	180.312000	158.038000	111.942000	131.855000	191.497000	253.195000	193.001000	189.934000	197.766000	126.979000	111.593000	23.640000	0.000000	0.000000	0.000000	0.000000	3.854690	14.853400	55.063700	107.627000	36.167700	0.000000	0.000000	0.000000	1.276670	0.000000	21.889100	20.239200	0.000000	3.598190	112.064000	32.692200	4.128620	0.000000	0.000000	96.010000	64.618600	49.183500	64.147600	79.384400	94.219900	98.362500	122.245000	115.702000	121.553000	108.064000	109.630000	97.153200	81.348400	69.170900	44.645500	43.736800	52.977900	99.167000	98.568700	106.525000	138.841000	112.724000	92.868000	90.510000	161.427000	192.094000	189.569000	188.255000	175.567000	159.056000	235.156000	255.401000	251.523000	110.715000	189.096000	215.641000	278.735000	280.438000	280.920000	303.856000	292.118000	278.381000	265.967000	272.064000	295.490000	218.250000	187.351000	0.337000	0.000000	0.258088	0.000000	0.164165	0.000000	0.051917	0.000000	0.014511	0.000000	0.023463	0.000000	0.000000	0.037400	0.000000	0.214300	0.006820	0.318700	0.000612	0.389500	61.240000	98.590800	95.225800	76.195100	57.212700	48.738800	55.708800	69.218000	91.171800	71.513100	50.808100	39.215800	0.000000	0.439300	0.015084	0.490100	0.025849	0.596600	0.039679	0.575800	0.066110	0.564300	0.068178	0.391700	0.043244	0.224700	0.077755	0.027400	0.114953	0.000000	0.122174	0.000000	0.181491	0.000000	0.259490	0.000000	0.285720	0.000000	0.309732	0.000000	0.875332	5.699070	5.710700	0.083266	15.699900	21.697500	21.184300	20.889800	0.171639	0.000000	0.000000	0.545359	0.000000	820.705000	9576.280000	4.229600	84.123400	0.000000	4109.080000	0.000000	0.237341	0.188127	0.000000	0.107493	
   54	98.020000	174.477000	165.091000	174.869000	193.016000	202.798000	222.082000	270.501000	305.316000	326.132000	222.487000	171.458000	167.739000	180.312000	158.038000	111.942000	131.855000	191.497000	246.112000	185.445000	187.419000	184.734000	126.548000	120.578000	23.640000	0.000000	0.000000	0.000000	0.000000	0.000000	15.747300	35.700000	134.992000	23.962300	4.050410	6.700920	10.087700	8.617440	6.459660	26.857700	29.994300	11.673000	8.813440	111.686000	19.809300	6.518460	2.095480	0.000000	96.010000	71.998500	51.905000	59.758700	80.579300	90.537800	102.037000	113.196000	114.099000	121.532000	112.170000	105.858000	98.837400	81.062200	62.432100	39.368500	34.183300	55.313200	103.877000	104.711000	103.799000	122.194000	111.014000	101.526000	90.510000	159.227000	190.713000	197.246000	182.973000	165.919000	162.717000	226.489000	255.466000	257.145000	112.804000	184.563000	219.014000	278.169000	280.001000	283.632000	307.300000	292.523000	282.505000	267.050000	266.741000	288.548000	214.128000	193.568000	0.337000	0.000000	0.260440	0.000000	0.180997	0.000000	0.057926	0.000000	0.000000	0.000000	0.091592	0.000000	0.099888	0.045100	0.110299	0.224600	0.114938	0.318200	0.113881	0.385900	61.240000	93.949800	97.123100	75.428100	54.091800	43.202000	55.708800	69.218000	91.171800	53.680000	39.563900	38.823400	0.098876	0.413500	0.095980	0.318100	0.124296	0.365600	0.142388	0.523100	0.140477	0.441000	0.135191	0.319600	0.145313	0.135700	0.169468	0.018200	0.174558	0.000000	0.159808	0.000000	0.211046	0.000000	0.308634	0.000000	0.385253	0.000000	0.425005	0.000000	0.875332	5.473790	5.449260	0.000000	15.290500	21.956900	21.436900	20.801300	0.574068	0.691151	0.000000	0.619684	0.000000	820.878000	9589.090000	4.829920	88.178600	0.180600	4099.440000	0.000000	0.145485	0.187411	0.000000	0.000000	
   55	98.020000	174.484000	164.757000	179.154000	189.107000	199.813000	229.192000	270.925000	300.490000	324.976000	228.445000	170.192000	168.325000	179.769000	158.711000	112.307000	129.436000	192.862000	239.621000	192.776000	189.834000	200.885000	125.952000	115.984000	23.640000	3.504720	0.000000	0.000000	0.000000	8.746040	19.318400	87.936900	122.656000	14.553700	0.057675	2.864500	0.529125	0.840671	0.000000	20.783100	18.300000	6.071650	0.000000	154.070000	30.422700	2.844840	0.000000	0.000000	96.010000	67.854000	47.942400	60.207100	74.682500	91.013700	94.963300	117.844000	112.034000	108.855000	126.027000	108.246000	96.054500	84.246500	69.170900	44.645500	43.736800	52.977900	99.167000	98.568700	106.525000	138.841000	112.724000	92.868000	90.510000	157.533000	182.292000	198.898000	176.058000	164.161000	168.326000	238.168000	250.865000	238.663000	112.356000	188.698000	211.016000	277.977000	283.424000	280.229000	308.965000	294.195000	278.053000	251.195000	272.975000	301.592000	216.985000	177.030000	0.337000	0.000000	0.280449	0.000000	0.220965	0.000000	0.110400	0.000000	0.031205	0.000000	0.009319	0.000000	0.000000	0.028600	0.000000	0.135600	0.004266	0.221700	0.024016	0.244300	61.240000	98.235600	99.326900	74.315100	64.177700	54.227200	49.025500	95.284700	98.067700	71.254000	62.613200	65.318200	0.029503	0.260300	0.038697	0.308100	0.059493	0.360900	0.068208	0.393100	0.061532	0.277900	0.072501	0.179000	0.066250	0.088900	0.181496	0.021100	0.211877	0.000000	0.201744	0.000000	0.234544	0.000000	0.274995	0.000000	0.353603	0.000000	0.389199	0.000000	0.875332	5.778590	5.247300	0.000000	15.631200	21.433100	21.189100	20.628200	0.000000	0.000000	0.000000	0.000000	0.000000	813.419000	9578.440000	2.285900	83.893200	0.000000	4300.800000	3.512250	0.000000	0.207735	0.000000	0.000000	
   56	98.020000	167.582000	165.592000	179.183000	191.316000	204.265000	226.631000	270.316000	312.126000	321.780000	226.701000	166.657000	164.474000	177.398000	158.119000	110.351000	125.413000	190.241000	248.345000	186.617000	188.709000	191.811000	125.272000	113.982000	23.640000	2.224960	0.000000	0.905051	2.712160	6.797340	24.139100	35.321300	148.968000	25.224200	0.000000	0.000000	0.000000	0.000000	0.000000	15.068600	15.311000	1.146480	9.766760	88.562600	0.000000	1.118450	0.400771	0.000000	96.010000	62.951600	50.865600	57.050400	77.192100	87.239600	90.688300	106.776000	115.238000	97.232300	109.256000	107.481000	99.482200	84.192600	66.935600	43.471800	37.537000	45.138800	110.634000	122.174000	108.560000	130.139000	113.359000	99.357500	90.510000	151.007000	183.274000	192.709000	176.389000	160.137000	155.236000	223.445000	242.264000	247.758000	99.086300	180.235000	211.809000	273.714000	277.154000	279.928000	303.856000	292.118000	278.381000	265.967000	272.064000	295.490000	218.250000	187.351000	0.337000	0.000000	0.295945	0.000000	0.275111	0.000000	0.200243	0.000000	0.139336	0.000000	0.124023	0.000000	0.142054	0.025100	0.154912	0.155500	0.139958	0.242100	0.132156	0.236200	61.240000	95.277200	95.108300	64.193900	51.745900	39.923200	57.373100	84.976700	64.598800	45.575600	37.566400	44.150500	0.119118	0.241500	0.108045	0.229300	0.115027	0.344700	0.127595	0.516900	0.146154	0.437500	0.150313	0.249900	0.099561	0.161300	0.114555	0.021900	0.139220	0.000000	0.160080	0.000000	0.208933	0.000000	0.276025	0.000000	0.330219	0.000000	0.396682	0.000000	0.875332	5.620110	5.123130	0.000000	15.400200	21.489200	21.794900	21.158200	0.058696	2.571470	0.000000	5.738030	26.060700	826.895000	9611.720000	1.621300	87.966500	0.928308	4097.150000	0.000000	0.155619	0.264120	0.000000	0.000000	
   57	98.020000	166.860000	162.987000	175.576000	191.384000	201.428000	227.790000	269.680000	302.195000	326.097000	225.025000	173.038000	171.735000	181.361000	158.871000	113.007000	132.057000	194.003000	247.355000	196.251000	186.611000	192.410000	125.197000	114.211000	23.640000	0.000000	0.000000	0.000000	0.000000	0.000000	15.316900	55.136900	111.482000	16.306400	0.000000	6.580470	0.000000	0.110767	0.000000	23.455900	23.138400	0.000000	15.800400	135.302000	21.928700	9.746860	0.000000	1.582660	96.010000	65.876700	50.442000	58.883200	79.518700	89.049400	105.114000	119.393000	121.558000	110.068000	119.629000	109.648000	103.514000	87.213000	69.534500	47.778100	51.802700	65.090600	104.227000	117.635000	108.143000	126.858000	112.570000	97.174700	90.510000	159.609000	188.755000	192.298000	187.401000	172.130000	167.544000	224.210000	261.073000	255.261000	115.233000	184.854000	217.844000	281.198000	281.783000	282.309000	310.486000	291.291000	278.312000	269.813000	273.848000	298.172000	219.386000	187.380000	0.337000	0.000000	0.278792	0.000000	0.192148	0.000000	0.080047	0.000000	0.021082	0.000000	0.015253	0.000000	0.008082	0.054400	0.000000	0.229600	0.000000	0.364700	0.000000	0.402500	61.240000	96.230500	96.542100	69.772300	57.156900	52.319400	56.222000	87.309100	97.547100	65.675800	54.611400	46.327500	0.038503	0.375700	0.062263	0.466400	0.055879	0.476700	0.077027	0.451800	0.024836	0.467300	0.059764	0.332100	0.037728	0.197600	0.088831	0.020200	0.119702	0.000000	0.142195	0.000000	0.204348	0.000000	0.326631	0.000000	0.334520	0.000000	0.360986	0.000000	0.875332	5.560020	5.266220	0.001197	15.354500	21.372000	21.179400	20.828800	0.528881	1.066460	0.000000	1.658080	0.000000	821.192000	9585.310000	4.103660	87.416500	0.000000	4100.890000	0.000000	0.000005	0.300422	0.000000	0.000000	
   58	98.020000	162.725000	161.961000	178.524000	188.753000	197.869000	217.186000	266.919000	300.791000	325.646000	225.025000	173.038000	171.735000	181.361000	158.871000	113.007000	132.057000	194.003000	247.355000	196.251000	186.611000	192.410000	125.197000	114.211000	23.640000	3.495030	0.000000	0.000000	0.000000	0.000000	14.644200	63.538400	122.493000	7.489710	0.247029	3.122770	0.724698	1.914130	0.000000	21.382400	15.366100	8.827580	0.000000	187.023000	71.048900	37.913200	0.000000	0.000000	96.010000	70.989800	51.564800	59.604800	80.727000	93.712300	94.316600	119.401000	105.762000	98.429100	119.826000	108.882000	96.844500	85.070500	63.654400	45.172300	41.718700	62.214100	105.273000	103.485000	106.569000	121.606000	112.723000	102.032000	90.510000	149.165000	195.316000	196.539000	184.871000	161.276000	165.103000	243.338000	252.603000	236.938000	113.207000	182.858000	203.958000	280.442000	282.040000	282.747000	302.602000	292.851000	274.393000	263.765000	271.267000	282.252000	217.193000	184.938000	0.337000	0.000000	0.221611	0.000000	0.157460	0.000000	0.039665	0.000000	0.000000	0.000000	0.000000	0.000000	0.000000	0.033700	0.016756	0.226400	0.021124	0.427700	0.016351	0.496200	61.240000	104.514000	103.543000	74.802700	59.071300	50.946900	54.076200	84.023300	96.819500	69.155900	58.542400	29.520300	0.013308	0.423100	0.024600	0.388100	0.067780	0.391800	0.094003	0.534000	0.075877	0.452700	0.040029	0.298100	0.057033	0.149600	0.115668	0.020300	0.132271	0.000000	0.164579	0.000000	0.234462	0.000000	0.304173	0.000000	0.359779	0.000000	0.458018	0.000000	0.875332	5.798810	5.471300	0.272757	16.187000	22.353900	21.327400	20.766500	0.142218	0.000000	16.903100	0.267262	0.000000	821.473000	9585.440000	2.474550	86.931400	0.000000	4101.760000	0.000000	0.000000	0.099999	0.098366	0.057297	
   59	98.020000	174.477000	165.091000	174.869000	193.016000	202.798000	222.082000	270.501000	305.316000	326.132000	222.487000	171.458000	167.739000	180.312000	158.038000	111.942000	131.855000	191.497000	253.195000	193.001000	189.934000	197.766000	126.979000	111.593000	23.640000	0.000000	0.000000	0.000000	0.000000	3.854690	14.853400	55.063700	107.627000	36.167700	0.000000	0.000000	0.000000	1.276670	0.000000	21.889100	20.239200	0.000000	3.598190	112.064000	32.692200	4.128620	0.000000	0.000000	96.010000	64.618600	49.183500	64.147600	79.384400	94.219900	98.362500	122.245000	115.702000	121.553000	108.064000	109.630000	97.153200	81.348400	69.170900	44.645500	43.736800	52.977900	99.167000	98.568700	106.525000	138.841000	112.724000	92.868000	90.510000	161.427000	192.094000	189.569000	188.255000	175.567000	159.056000	235.156000	255.401000	251.523000	110.715000	189.096000	215.641000	278.735000	280.438000	280.920000	303.856000	292.118000	278.381000	265.967000	272.064000	295.490000	218.250000	187.351000	0.337000	0.000000	0.258088	0.000000	0.164165	0.000000	0.051917	0.000000	0.014511	0.000000	0.023463	0.000000	0.000000	0.037400	0.000000	0.214300	0.006820	0.318700	0.000612	0.389500	61.240000	98.590800	95.225800	76.195100	57.212700	48.738800	55.708800	69.218000	91.171800	71.513100	50.808100	39.215800	0.000000	0.439300	0.015084	0.490100	0.025849	0.596600	0.039679	0.575800	0.066110	0.564300	0.068178	0.391700	0.043244	0.224700	0.114555	0.021700	0.139220	0.000000	0.160080	0.000000	0.208933	0.000000	0.276025	0.000000	0.330219	0.000000	0.396682	0.000000	0.875332	5.722200	5.404110	0.199296	15.807300	22.072500	21.215000	20.847500	0.359899	0.000000	0.000000	0.059805	0.000000	821.015000	9593.830000	2.657210	87.966500	0.928308	4097.150000	0.000000	0.155619	0.264120	0.000000	0.000000	
   60	98.020000	168.108000	163.011000	180.835000	193.650000	198.973000	224.260000	271.765000	308.933000	325.646000	225.025000	173.038000	171.735000	181.361000	158.871000	113.007000	132.057000	194.003000	247.355000	196.251000	186.611000	192.410000	125.197000	114.211000	23.640000	4.698960	1.277320	4.033090	7.151760	6.193740	22.511300	48.039000	140.764000	37.434500	0.000000	0.000000	0.000000	0.000000	0.000000	14.508700	16.711600	0.000000	2.192300	126.384000	34.404600	9.163660	6.415080	0.000000	96.010000	73.902000	53.258400	60.660500	81.456000	93.171300	99.563300	121.019000	123.181000	128.203000	115.036000	104.072000	102.910000	83.410600	64.962900	40.383600	48.066100	67.773300	102.405000	104.717000	107.932000	136.563000	113.497000	97.284100	90.510000	161.116000	190.079000	196.859000	184.050000	170.229000	160.683000	232.042000	254.320000	255.192000	113.845000	189.181000	218.587000	279.959000	281.637000	276.482000	307.716000	293.839000	275.446000	255.510000	280.664000	303.139000	218.891000	190.069000	0.337000	0.000000	0.252847	0.000000	0.165529	0.000000	0.038491	0.000000	0.003611	0.000000	0.009236	0.000000	0.015112	0.042100	0.000000	0.216800	0.000000	0.317200	0.003163	0.365400	61.240000	104.514000	103.543000	74.802700	59.071300	50.946900	54.076200	84.023300	96.819500	69.155900	58.542400	36.734700	0.008183	0.415700	0.000000	0.446600	0.056087	0.510800	0.000000	0.589700	0.056650	0.521500	0.059601	0.336300	0.039582	0.196300	0.074449	0.019900	0.102775	0.000000	0.119859	0.000000	0.212269	0.000000	0.295493	0.000000	0.335293	0.000000	0.373872	0.000000	0.875332	5.523780	5.203030	0.000000	15.219000	20.976700	21.538100	20.919200	0.571095	0.581768	0.000000	0.955204	0.000000	821.147000	9583.550000	4.905040	87.939500	0.083204	4089.750000	0.000000	0.169244	0.135440	0.000000	0.000000	
   61	98.020000	168.108000	163.011000	180.835000	193.650000	198.973000	224.260000	271.765000	308.933000	325.646000	225.025000	173.038000	171.735000	181.361000	158.871000	113.007000	132.057000	194.003000	247.355000	196.251000	186.611000	192.410000	125.197000	114.211000	23.640000	4.698960	1.277320	4.033090	7.151760	6.193740	22.511300	48.039000	140.764000	37.434500	0.000000	0.000000	0.000000	0.000000	0.000000	14.508700	16.711600	0.000000	2.192300	126.384000	34.404600	9.163660	6.415080	0.000000	96.010000	73.902000	53.258400	60.660500	81.456000	93.171300	99.563300	121.019000	123.181000	128.203000	115.036000	104.072000	102.910000	83.410600	64.962900	40.383600	48.066100	67.773300	102.405000	104.717000	107.932000	136.563000	113.497000	97.284100	90.510000	161.116000	190.079000	196.859000	184.050000	170.229000	160.683000	232.042000	254.320000	255.192000	113.845000	189.181000	218.587000	279.959000	281.637000	276.482000	307.716000	293.839000	275.446000	255.510000	280.664000	303.139000	218.891000	190.069000	0.337000	0.000000	0.252847	0.000000	0.165529	0.000000	0.038491	0.000000	0.003611	0.000000	0.009236	0.000000	0.015112	0.042100	0.000000	0.216800	0.000000	0.317200	0.003163	0.365400	61.240000	104.514000	103.543000	74.802700	59.071300	50.946900	54.076200	84.023300	96.819500	69.155900	58.542400	36.734700	0.008183	0.415700	0.000000	0.446600	0.056087	0.510800	0.000000	0.589700	0.056650	0.521500	0.059601	0.336300	0.039582	0.196300	0.074449	0.019900	0.102775	0.000000	0.119859	0.000000	0.212269	0.000000	0.295493	0.000000	0.335293	0.000000	0.373872	0.000000	0.875332	5.523780	5.203030	0.000000	15.219000	20.976700	21.538100	20.919200	0.571095	0.581768	0.000000	0.955204	0.000000	821.147000	9583.550000	4.905040	87.939500	0.083204	4089.750000	0.000000	0.169244	0.135440	0.000000	0.000000	
   62	98.020000	166.860000	162.987000	175.576000	191.384000	201.428000	227.790000	269.680000	302.195000	326.097000	225.025000	173.038000	171.735000	181.361000	158.871000	113.007000	132.057000	194.003000	247.355000	196.251000	186.611000	192.410000	125.197000	114.211000	23.640000	0.000000	0.000000	0.000000	0.000000	0.000000	15.316900	55.136900	111.482000	16.306400	0.000000	6.580470	0.000000	0.110767	0.000000	23.455900	23.138400	0.000000	15.800400	135.302000	21.928700	9.746860	0.000000	1.582660	96.010000	65.876700	50.442000	58.883200	79.518700	89.049400	105.114000	119.393000	121.558000	110.068000	119.629000	109.648000	103.514000	87.213000	69.534500	47.778100	51.802700	65.090600	104.227000	117.635000	108.143000	126.858000	112.570000	97.174700	90.510000	159.609000	188.755000	192.298000	187.401000	172.130000	167.544000	224.210000	261.073000	255.261000	115.233000	184.854000	217.844000	281.198000	281.783000	282.309000	310.486000	291.291000	278.312000	269.813000	273.848000	298.172000	219.386000	187.380000	0.337000	0.000000	0.278792	0.000000	0.192148	0.000000	0.080047	0.000000	0.021082	0.000000	0.015253	0.000000	0.008082	0.054400	0.000000	0.229600	0.000000	0.364700	0.000000	0.402500	61.240000	96.230500	96.542100	69.772300	57.156900	52.319400	56.222000	87.309100	97.547100	65.675800	54.611400	46.327500	0.038503	0.375700	0.062263	0.466400	0.055879	0.476700	0.077027	0.451800	0.024836	0.467300	0.059764	0.332100	0.037728	0.197600	0.088831	0.020200	0.119702	0.000000	0.142195	0.000000	0.204348	0.000000	0.326631	0.000000	0.334520	0.000000	0.360986	0.000000	0.875332	5.560020	5.266220	0.001197	15.354500	21.372000	21.179400	20.828800	0.528881	1.066460	0.000000	1.658080	0.000000	821.192000	9585.310000	4.103660	87.416500	0.000000	4100.890000	0.000000	0.000005	0.300422	0.000000	0.000000	
   63	98.020000	174.484000	164.757000	179.154000	189.107000	199.813000	229.192000	270.925000	300.490000	324.976000	228.445000	170.192000	168.325000	179.769000	158.711000	112.307000	129.436000	192.862000	239.621000	192.776000	189.834000	200.885000	125.952000	115.984000	23.640000	2.367960	0.000000	0.000000	1.118850	9.700390	19.302100	58.645700	116.119000	17.116100	0.000000	10.783300	0.000000	5.103600	1.056480	21.575700	14.192300	2.241680	40.146700	229.282000	53.857700	35.794800	0.000000	0.000000	96.010000	70.648900	53.131600	58.842600	82.604900	92.143000	98.901900	118.005000	121.171000	119.186000	121.019000	110.972000	97.617700	82.679600	68.523300	41.889500	26.776700	54.877800	102.358000	117.813000	107.397000	137.177000	111.114000	96.860000	90.510000	164.987000	190.538000	194.633000	186.524000	164.796000	161.798000	222.864000	255.596000	246.734000	116.357000	188.004000	212.460000	278.179000	278.414000	282.411000	303.886000	300.457000	265.074000	266.460000	263.736000	296.315000	217.074000	190.965000	0.337000	0.000000	0.294146	0.000000	0.232802	0.000000	0.135285	0.000000	0.079708	0.000000	0.103818	0.000000	0.108705	0.037800	0.094017	0.214400	0.116381	0.310500	0.135611	0.385300	61.240000	77.920200	80.538600	50.020600	38.452200	27.316100	27.855100	80.100000	71.822400	52.481400	45.944500	46.607500	0.158306	0.408800	0.155514	0.498300	0.134977	0.564000	0.106725	0.739400	0.091509	0.578900	0.077056	0.320200	0.063765	0.155300	0.088549	0.016000	0.111544	0.000000	0.147418	0.000000	0.246411	0.000000	0.341905	0.000000	0.272525	0.000000	0.306498	0.000000	0.875332	5.662150	5.281560	0.101507	15.759900	21.736200	21.614200	20.709400	0.283045	0.453987	0.000000	0.175601	0.000000	821.601000	9586.290000	2.244440	85.267600	0.046953	4102.590000	0.000000	0.085122	0.102988	0.014759	0.000000	
   64	98.020000	168.108000	163.011000	180.835000	193.650000	198.973000	224.260000	271.765000	308.933000	325.646000	225.025000	173.038000	171.735000	181.361000	158.871000	113.007000	132.057000	194.003000	247.355000	196.251000	186.611000	192.410000	125.197000	114.211000	23.640000	4.698960	1.277320	4.033090	7.151760	6.193740	22.511300	48.039000	140.764000	37.434500	0.000000	0.000000	0.000000	0.000000	0.000000	14.508700	16.711600	0.000000	2.192300	126.384000	34.404600	9.163660	6.415080	0.000000	96.010000	73.902000	53.258400	60.660500	81.456000	93.171300	99.563300	121.019000	123.181000	128.203000	115.036000	104.072000	102.910000	83.410600	64.962900	40.383600	48.066100	67.773300	102.405000	104.717000	107.932000	136.563000	113.497000	97.284100	90.510000	161.116000	190.079000	196.859000	184.050000	170.229000	160.683000	232.042000	254.320000	255.192000	113.845000	189.181000	218.587000	279.959000	281.637000	276.482000	307.716000	293.839000	275.446000	255.510000	280.664000	303.139000	218.891000	190.069000	0.337000	0.000000	0.252847	0.000000	0.165529	0.000000	0.038491	0.000000	0.003611	0.000000	0.009236	0.000000	0.015112	0.042100	0.000000	0.216800	0.000000	0.317200	0.003163	0.365400	61.240000	104.514000	103.543000	74.802700	59.071300	50.946900	54.076200	84.023300	96.819500	69.155900	58.542400	36.734700	0.008183	0.415700	0.000000	0.446600	0.056087	0.510800	0.000000	0.589700	0.056650	0.521500	0.059601	0.336300	0.039582	0.196300	0.074449	0.019900	0.102775	0.000000	0.119859	0.000000	0.212269	0.000000	0.295493	0.000000	0.335293	0.000000	0.373872	0.000000	0.875332	5.523780	5.203030	0.000000	15.219000	20.976700	21.538100	20.919200	0.571095	0.581768	0.000000	0.955204	0.000000	821.147000	9583.550000	4.905040	87.939500	0.083204	4089.750000	0.000000	0.169244	0.135440	0.000000	0.000000	
   65	98.020000	167.582000	165.592000	179.183000	191.316000	204.265000	226.631000	270.316000	312.126000	321.780000	226.701000	166.657000	164.474000	177.398000	158.119000	110.351000	125.413000	190.241000	248.345000	186.617000	188.709000	191.811000	125.272000	113.982000	23.640000	2.367960	0.000000	0.905051	2.712160	6.797340	24.139100	35.321300	148.968000	25.224200	0.000000	0.000000	0.000000	0.000000	0.000000	15.068600	13.126600	2.524480	7.310260	209.850000	68.321800	19.403300	0.000000	8.169560	96.010000	70.648900	50.865600	57.050400	77.192100	87.239600	90.688300	106.776000	115.238000	97.232300	109.256000	107.481000	99.482200	84.192600	66.935600	43.471800	41.413100	66.952600	97.119500	108.252000	103.622000	131.039000	113.399000	87.683000	90.510000	164.987000	183.274000	192.709000	176.389000	160.137000	155.236000	223.445000	242.264000	247.758000	99.086300	180.235000	211.809000	273.714000	277.154000	279.928000	309.611000	288.939000	270.059000	267.244000	274.968000	301.691000	222.233000	186.174000	0.337000	0.000000	0.294146	0.000000	0.275111	0.000000	0.200243	0.000000	0.139336	0.000000	0.124023	0.000000	0.142054	0.052400	0.154912	0.266600	0.139958	0.362400	0.132156	0.437200	61.240000	122.749000	118.665000	92.519800	90.990500	82.975500	81.562100	98.508600	108.759000	74.702100	56.926600	54.369800	0.119118	0.364000	0.108045	0.434200	0.115027	0.479200	0.127595	0.656900	0.146154	0.544000	0.150313	0.406100	0.166351	0.263000	0.197479	0.020100	0.202167	0.000000	0.205233	0.000000	0.278184	0.000000	0.388768	0.000000	0.477511	0.000000	0.528233	0.000000	0.875332	5.662150	5.123130	0.000000	15.400200	21.489200	21.794900	21.158200	0.058696	2.571470	0.000000	5.738030	26.060700	826.895000	9611.720000	1.621300	86.051500	0.000000	4112.460000	0.000000	0.000000	0.304084	0.000000	0.000000	
   66	98.020000	174.477000	165.091000	174.869000	193.016000	202.798000	222.082000	270.501000	305.316000	326.132000	222.487000	171.458000	167.739000	180.312000	158.038000	111.942000	131.855000	191.497000	246.112000	185.445000	187.419000	184.734000	126.548000	120.578000	23.640000	2.180270	0.000000	9.161580	2.153940	0.000000	8.863280	45.626700	120.818000	22.871200	4.015760	8.336540	6.749390	7.213110	5.392700	26.434000	23.181400	9.026200	13.512400	66.512000	66.359400	4.749620	0.000000	0.000000	96.010000	68.397100	51.376200	51.684900	80.559500	93.419700	104.613000	124.591000	119.728000	124.830000	112.862000	110.659000	99.681300	79.034500	61.649600	42.015900	36.337900	56.880600	112.111000	107.673000	108.753000	130.762000	111.829000	101.441000	90.510000	167.205000	190.005000	189.127000	188.629000	164.360000	160.354000	239.782000	245.347000	257.994000	108.290000	180.096000	218.115000	280.109000	283.438000	283.112000	311.547000	295.108000	274.441000	268.800000	281.458000	291.729000	220.187000	190.919000	0.337000	0.000000	0.286208	0.000000	0.198603	0.000000	0.090926	0.000000	0.031186	0.000000	0.005085	0.000000	0.000000	0.041700	0.000000	0.191400	0.000000	0.294100	0.000000	0.309100	61.240000	131.452000	122.689000	68.764300	58.130500	51.362400	65.243800	86.639900	108.020000	91.448800	66.392200	62.491400	0.000000	0.453000	0.000000	0.454800	0.000000	0.470400	0.000000	0.446000	0.000000	0.325200	0.000000	0.206200	0.000000	0.114900	0.041619	0.014000	0.092432	0.000000	0.131889	0.000000	0.197058	0.000000	0.288361	0.000000	0.333227	0.000000	0.336186	0.000000	0.875332	5.684960	5.088700	0.111076	15.765800	20.491300	21.122500	20.412200	0.239257	2.227400	0.000000	2.767730	28.924000	817.316000	9572.070000	1.823840	85.433200	2.796480	4019.710000	0.000000	0.157156	0.060549	0.000000	0.000000	
   67	98.020000	174.477000	165.091000	174.869000	193.016000	202.798000	222.082000	270.501000	305.316000	326.132000	222.487000	171.458000	167.739000	180.312000	158.038000	111.942000	131.855000	191.497000	246.112000	185.445000	187.419000	184.734000	126.548000	120.578000	23.640000	0.000000	0.000000	3.656030	0.000000	4.618230	19.281200	44.934000	122.328000	27.981700	0.000000	3.582520	0.000000	0.672973	0.000000	20.670500	19.533500	5.359010	8.813440	111.686000	19.809300	6.518460	2.095480	0.000000	96.010000	71.631400	50.019600	59.098700	78.809000	90.207400	100.181000	118.229000	105.058000	91.706900	115.544000	109.992000	98.634000	83.634600	63.670200	43.820400	53.285600	73.407000	103.877000	104.711000	103.799000	122.194000	111.014000	101.526000	90.510000	155.063000	190.905000	201.480000	180.020000	160.856000	167.897000	236.219000	250.830000	251.328000	112.219000	186.511000	214.130000	277.998000	282.506000	282.283000	303.802000	293.992000	282.505000	267.050000	266.741000	288.548000	214.128000	193.568000	0.337000	0.000000	0.255712	0.000000	0.164165	0.000000	0.062536	0.000000	0.014511	0.000000	0.004739	0.000000	0.000000	0.031500	0.000000	0.208800	0.006820	0.327800	0.015782	0.470800	61.240000	93.949800	97.123100	75.428100	54.091800	43.202000	55.708800	69.218000	91.171800	71.513100	50.808100	48.231900	0.032630	0.450200	0.047433	0.509000	0.057258	0.566800	0.059207	0.555400	0.066110	0.440300	0.068178	0.295800	0.073417	0.206200	0.099608	0.019400	0.174558	0.000000	0.159808	0.000000	0.211046	0.000000	0.308634	0.000000	0.385253	0.000000	0.425005	0.000000	0.875332	5.636020	5.180010	0.171058	15.585900	22.027100	21.649600	20.698000	0.000000	2.795020	0.000000	0.619621	0.018447	821.336000	9586.320000	2.164260	91.339300	0.043083	4099.440000	0.000000	0.145485	0.187411	0.000000	0.000000	
   68	98.020000	162.725000	161.961000	178.524000	188.753000	197.869000	217.186000	266.919000	300.791000	325.646000	225.025000	173.038000	171.735000	181.361000	158.871000	113.007000	132.057000	194.003000	247.355000	196.251000	186.611000	192.410000	125.197000	114.211000	23.640000	0.877467	0.000000	0.000000	0.000000	11.561200	14.867500	28.373700	131.726000	38.098000	0.144207	0.000000	5.287810	2.394250	0.000000	20.708400	16.906700	4.052250	4.116970	151.616000	27.475000	0.000000	0.000000	9.907110	96.010000	68.918500	47.011800	53.217700	77.303800	90.601100	103.910000	119.893000	124.974000	114.779000	111.538000	105.929000	100.714000	80.688900	67.222000	45.713400	40.977600	63.929400	101.275000	100.733000	101.465000	128.116000	109.757000	68.973700	90.510000	159.452000	194.530000	200.628000	186.006000	172.449000	165.081000	229.943000	262.389000	230.829000	112.374000	183.308000	214.206000	279.094000	283.080000	281.225000	304.657000	294.502000	279.584000	270.481000	274.106000	302.948000	210.669000	162.612000	0.337000	0.000000	0.242983	0.000000	0.174083	0.000000	0.068730	0.000000	0.002514	0.000000	0.006279	0.000000	0.008406	0.038400	0.006163	0.212300	0.008396	0.349700	0.016423	0.335100	61.240000	98.590800	95.225800	76.195100	89.542900	99.383400	90.693700	113.794000	112.285000	79.586700	66.920500	62.474300	0.029155	0.437100	0.035018	0.472000	0.044463	0.433800	0.054627	0.536100	0.095238	0.438200	0.088832	0.232700	0.086904	0.122400	0.122289	0.013500	0.186677	0.000000	0.216323	0.000000	0.261522	0.000000	0.339526	0.000000	0.382037	0.000000	0.425806	0.000000	0.875332	5.799800	5.349160	0.153919	15.614000	21.832500	21.367300	20.879200	0.532388	0.720157	0.000000	1.369410	0.000000	820.869000	9586.120000	5.547280	89.872600	0.000000	4098.030000	0.000000	0.161404	0.187877	0.000000	1.022650	
   69	98.020000	174.477000	165.091000	174.869000	193.016000	202.798000	222.082000	270.501000	305.316000	326.132000	222.487000	171.458000	167.739000	180.312000	158.038000	111.942000	131.855000	191.497000	253.195000	193.001000	189.934000	197.766000	126.979000	111.593000	23.640000	0.000000	0.000000	0.000000	0.000000	3.854690	14.853400	55.063700	107.627000	36.167700	0.000000	0.000000	0.000000	1.276670	0.000000	21.889100	20.239200	0.000000	3.598190	112.064000	32.692200	4.128620	0.000000	0.000000	96.010000	64.618600	49.183500	64.147600	79.384400	94.219900	98.362500	122.245000	115.702000	121.553000	108.064000	109.630000	97.153200	81.348400	69.170900	44.645500	43.736800	52.977900	99.167000	98.568700	106.525000	138.841000	112.724000	92.868000	90.510000	161.427000	192.094000	189.569000	188.255000	175.567000	159.056000	235.156000	255.401000	251.523000	110.715000	189.096000	215.641000	278.735000	280.438000	280.920000	303.856000	292.118000	278.381000	265.967000	272.064000	295.490000	218.250000	187.351000	0.337000	0.000000	0.258088	0.000000	0.164165	0.000000	0.051917	0.000000	0.014511	0.000000	0.023463	0.000000	0.000000	0.037400	0.000000	0.214300	0.006820	0.318700	0.000612	0.389500	61.240000	98.590800	95.225800	76.195100	57.212700	48.738800	55.708800	69.218000	91.171800	71.513100	50.808100	39.215800	0.000000	0.439300	0.015084	0.490100	0.025849	0.596600	0.039679	0.575800	0.066110	0.564300	0.068178	0.391700	0.043244	0.224700	0.077755	0.018400	0.114953	0.000000	0.122174	0.000000	0.181491	0.000000	0.259490	0.000000	0.285720	0.000000	0.309732	0.000000	0.875332	5.848520	5.346320	0.148770	15.465000	21.579800	21.314200	20.759000	0.219982	0.000000	0.000000	0.000000	0.000000	819.307000	9615.450000	4.242930	84.123400	0.000000	4109.080000	0.000000	0.237341	0.188127	0.000000	0.107493	
   70	98.020000	162.725000	161.961000	178.524000	188.753000	197.869000	217.186000	266.919000	300.791000	325.646000	225.025000	173.038000	171.735000	181.361000	158.871000	113.007000	132.057000	194.003000	247.355000	196.251000	186.611000	192.410000	125.197000	114.211000	23.640000	0.000000	0.000000	0.000000	0.000000	0.000000	12.737000	35.379300	108.130000	24.341200	0.000000	0.000000	0.000000	0.000000	0.000000	18.401100	8.385120	6.021520	0.000000	176.790000	12.297100	0.496584	0.000000	3.647210	96.010000	72.255400	52.692400	60.233100	82.679200	94.209900	100.577000	123.035000	115.063000	118.068000	113.564000	110.327000	99.423900	81.023400	69.313400	41.089200	43.361000	64.513400	108.015000	111.693000	106.402000	127.654000	110.775000	88.559300	90.510000	164.502000	197.660000	201.984000	191.310000	174.246000	167.981000	235.049000	255.806000	235.424000	106.393000	185.282000	205.795000	274.476000	282.059000	281.308000	303.347000	292.736000	276.260000	265.810000	268.950000	279.499000	214.289000	170.951000	0.337000	0.000000	0.267327	0.000000	0.154623	0.000000	0.051917	0.000000	0.000000	0.000000	0.000000	0.000000	0.000000	0.046300	0.000000	0.212800	0.000000	0.355300	0.000000	0.307400	61.240000	77.822000	70.696700	33.501200	21.729900	9.617090	38.488200	62.876500	69.969000	55.520700	54.473300	49.426300	0.000000	0.285200	0.000000	0.455300	0.000000	0.555800	0.006297	0.792400	0.016947	0.703800	0.032971	0.395500	0.082698	0.255000	0.149091	0.026400	0.144079	0.000000	0.124604	0.000000	0.178156	0.000000	0.253978	0.000000	0.300086	0.000000	0.374354	0.000000	0.875332	5.405360	5.001810	0.000000	15.074000	21.107500	21.185300	20.375200	0.049335	0.400922	0.000000	1.717720	1.687420	822.866000	9593.620000	5.172610	87.089900	0.000000	4097.000000	0.000000	0.122551	0.129312	0.035308	0.000000	
   71	98.020000	174.477000	165.091000	174.869000	193.016000	202.798000	222.082000	270.501000	305.316000	326.132000	222.487000	171.458000	167.739000	180.312000	158.038000	111.942000	131.855000	191.497000	253.195000	193.001000	189.934000	197.766000	126.979000	111.593000	23.640000	0.000000	0.000000	0.000000	0.000000	3.854690	14.853400	55.063700	107.627000	36.167700	0.000000	0.000000	0.000000	1.276670	0.000000	21.889100	20.239200	0.000000	3.598190	112.064000	32.692200	4.128620	0.000000	0.000000	96.010000	64.618600	49.183500	64.147600	79.384400	94.219900	98.362500	122.245000	115.702000	121.553000	108.064000	109.630000	97.153200	81.348400	69.170900	44.645500	43.736800	52.977900	99.167000	98.568700	106.525000	138.841000	112.724000	92.868000	90.510000	161.427000	192.094000	189.569000	188.255000	175.567000	159.056000	235.156000	255.401000	251.523000	110.715000	189.096000	215.641000	278.735000	280.438000	280.920000	303.856000	292.118000	278.381000	265.967000	272.064000	295.490000	218.250000	187.351000	0.337000	0.000000	0.258088	0.000000	0.164165	0.000000	0.051917	0.000000	0.014511	0.000000	0.023463	0.000000	0.000000	0.037400	0.000000	0.214300	0.006820	0.318700	0.000612	0.389500	61.240000	98.590800	95.225800	76.195100	57.212700	48.738800	55.708800	69.218000	91.171800	71.513100	50.808100	39.215800	0.000000	0.439300	0.015084	0.490100	0.025849	0.596600	0.039679	0.575800	0.066110	0.564300	0.068178	0.391700	0.043244	0.224700	0.099608	0.023700	0.132800	0.000000	0.160368	0.000000	0.219209	0.000000	0.328082	0.000000	0.378670	0.000000	0.377224	0.000000	0.875332	5.405360	5.001810	0.000000	15.074000	21.107500	21.185300	20.375200	0.276574	1.073370	0.000000	0.619621	0.018447	821.336000	9586.320000	2.164260	91.339300	0.043083	4102.170000	0.000000	0.000000	0.381195	0.001979	0.195988	
   72	98.020000	167.582000	165.592000	179.183000	191.316000	204.265000	226.631000	270.316000	312.126000	321.780000	226.701000	166.657000	164.474000	177.398000	158.119000	110.351000	125.413000	190.241000	248.345000	186.617000	188.709000	191.811000	125.272000	113.982000	23.640000	0.000000	0.000000	0.000000	0.000000	5.620200	17.474900	51.876600	110.036000	19.660900	13.051600	0.000000	0.000000	5.518710	2.375920	20.378700	12.057100	5.232710	9.199800	111.781000	38.763800	2.865670	0.000000	0.000000	96.010000	70.976200	52.781200	59.319500	82.267100	92.222800	99.270700	115.846000	112.896000	122.888000	127.253000	106.339000	100.941000	84.273500	68.598100	44.686500	39.153300	58.929100	94.534900	104.739000	104.920000	146.950000	110.980000	90.967700	90.510000	157.933000	190.651000	196.338000	184.106000	163.985000	162.385000	222.289000	248.767000	248.381000	113.227000	176.910000	206.477000	281.625000	278.333000	283.493000	307.681000	293.508000	258.232000	266.251000	270.874000	309.022000	217.019000	182.654000	0.337000	0.000000	0.225045	0.000000	0.126481	0.000000	0.018412	0.000000	0.000000	0.000000	0.000000	0.000000	0.009417	0.030600	0.029976	0.158100	0.000000	0.224900	0.000000	0.295100	61.240000	80.915700	70.733300	46.175500	34.902500	34.905100	60.281100	87.470700	98.268000	69.771300	67.331100	61.338300	0.000000	0.450700	0.000000	0.506400	0.000000	0.578500	0.000000	0.560800	0.000000	0.503800	0.000000	0.391600	0.000000	0.219500	0.064907	0.018000	0.129241	0.000000	0.154775	0.000000	0.246052	0.000000	0.351492	0.000000	0.387703	0.000000	0.400111	0.000000	0.875332	5.871000	5.472350	0.251249	15.970600	22.108700	21.538500	21.035100	0.259497	0.000000	0.000000	2.112410	63.545800	824.832000	9649.860000	4.761090	87.177800	0.282807	4178.450000	0.000000	0.000000	0.201445	0.000000	0.000000	
   73	98.020000	162.725000	161.961000	178.524000	188.753000	197.869000	217.186000	266.919000	300.791000	325.646000	225.025000	173.038000	171.735000	181.361000	158.871000	113.007000	132.057000	194.003000	247.355000	196.251000	186.611000	192.410000	125.197000	114.211000	23.640000	3.495030	0.000000	0.000000	0.000000	0.000000	20.290100	20.056300	129.683000	33.972300	4.306770	4.940060	1.797910	0.000000	0.314333	19.955400	18.745800	8.591690	0.000000	88.286300	29.336900	10.155700	0.000000	0.000000	96.010000	70.989800	51.564800	59.604800	80.727000	93.712300	98.535000	118.440000	116.089000	120.059000	117.924000	113.088000	106.685000	86.256800	75.132000	50.041500	49.052200	67.051100	106.901000	111.168000	106.797000	142.793000	110.724000	94.839300	90.510000	149.165000	195.316000	196.539000	184.871000	161.276000	163.060000	232.165000	251.732000	249.195000	112.276000	188.998000	213.626000	283.311000	284.990000	286.239000	315.599000	292.795000	274.111000	270.177000	273.405000	308.302000	220.182000	182.285000	0.337000	0.000000	0.221611	0.000000	0.157460	0.000000	0.039665	0.000000	0.000000	0.000000	0.000000	0.000000	0.056285	0.028700	0.001396	0.158900	0.000000	0.216500	0.000000	0.300400	61.240000	63.108100	66.286800	40.368600	29.205000	21.106800	23.714500	63.612400	95.304800	82.518100	62.423200	64.406900	0.038503	0.258300	0.062263	0.315000	0.055879	0.358500	0.041016	0.400900	0.031040	0.449600	0.013950	0.327700	0.036711	0.242400	0.070573	0.026300	0.085956	0.000000	0.108179	0.000000	0.168231	0.000000	0.234496	0.000000	0.274981	0.000000	0.285819	0.000000	0.875332	5.798810	5.471300	0.272757	16.187000	22.353900	21.427100	20.689500	0.380386	0.214264	0.000000	0.000000	0.000000	819.223000	9580.030000	2.997170	86.374300	0.700959	4078.980000	0.000000	0.127817	0.188961	0.000000	0.000000	
   74	98.020000	168.108000	163.011000	180.835000	193.650000	198.973000	224.260000	271.765000	308.933000	325.646000	225.025000	173.038000	171.735000	181.361000	158.871000	113.007000	132.057000	194.003000	247.355000	196.251000	186.611000	192.410000	125.197000	114.211000	23.640000	4.698960	1.277320	4.033090	7.151760	6.193740	22.511300	48.039000	140.764000	37.434500	0.000000	0.000000	0.000000	0.000000	0.000000	14.508700	16.711600	0.000000	2.192300	126.384000	34.404600	9.163660	6.415080	0.000000	96.010000	73.902000	53.258400	60.660500	81.456000	93.171300	99.563300	121.019000	123.181000	128.203000	115.036000	104.072000	102.910000	83.410600	64.962900	40.383600	48.066100	67.773300	102.405000	104.717000	107.932000	136.563000	113.497000	97.284100	90.510000	161.116000	190.079000	196.859000	184.050000	170.229000	160.683000	232.042000	254.320000	255.192000	113.845000	189.181000	218.587000	279.959000	281.637000	276.482000	307.716000	293.839000	275.446000	255.510000	280.664000	303.139000	218.891000	190.069000	0.337000	0.000000	0.252847	0.000000	0.165529	0.000000	0.038491	0.000000	0.003611	0.000000	0.009236	0.000000	0.015112	0.042100	0.000000	0.216800	0.000000	0.317200	0.003163	0.365400	61.240000	104.514000	103.543000	74.802700	59.071300	50.946900	54.076200	84.023300	96.819500	69.155900	58.542400	36.734700	0.008183	0.415700	0.000000	0.446600	0.056087	0.510800	0.000000	0.589700	0.056650	0.521500	0.059601	0.336300	0.039582	0.196300	0.074449	0.019900	0.102775	0.000000	0.119859	0.000000	0.212269	0.000000	0.295493	0.000000	0.335293	0.000000	0.373872	0.000000	0.875332	5.523780	5.203030	0.000000	15.219000	20.976700	21.538100	20.919200	0.571095	0.581768	0.000000	0.955204	0.000000	821.147000	9583.550000	4.905040	87.939500	0.083204	4089.750000	0.000000	0.169244	0.135440	0.000000	0.000000	
   75	98.020000	168.108000	163.011000	180.835000	193.650000	198.973000	224.260000	271.765000	308.933000	325.646000	225.025000	173.038000	171.735000	181.361000	158.871000	113.007000	132.057000	194.003000	247.355000	196.251000	186.611000	192.410000	125.197000	114.211000	23.640000	4.698960	1.277320	4.033090	7.151760	6.193740	22.511300	48.039000	140.764000	37.434500	0.000000	0.000000	0.000000	0.000000	0.000000	14.508700	16.711600	0.000000	2.192300	126.384000	34.404600	9.163660	6.415080	0.000000	96.010000	73.902000	53.258400	60.660500	81.456000	93.171300	99.563300	121.019000	123.181000	128.203000	115.036000	104.072000	102.910000	83.410600	64.962900	40.383600	48.066100	67.773300	102.405000	104.717000	107.932000	136.563000	113.497000	97.284100	90.510000	161.116000	190.079000	196.859000	184.050000	170.229000	160.683000	232.042000	254.320000	255.192000	113.845000	189.181000	218.587000	279.959000	281.637000	276.482000	307.716000	293.839000	275.446000	255.510000	280.664000	303.139000	218.891000	190.069000	0.337000	0.000000	0.252847	0.000000	0.165529	0.000000	0.038491	0.000000	0.003611	0.000000	0.009236	0.000000	0.015112	0.042100	0.000000	0.216800	0.000000	0.317200	0.003163	0.365400	61.240000	104.514000	103.543000	74.802700	59.071300	50.946900	54.076200	84.023300	96.819500	69.155900	58.542400	36.734700	0.008183	0.415700	0.000000	0.446600	0.056087	0.510800	0.000000	0.589700	0.056650	0.521500	0.059601	0.336300	0.039582	0.196300	0.074449	0.019900	0.102775	0.000000	0.119859	0.000000	0.212269	0.000000	0.295493	0.000000	0.335293	0.000000	0.373872	0.000000	0.875332	5.523780	5.203030	0.000000	15.219000	20.976700	21.538100	20.919200	0.571095	0.581768	0.000000	0.955204	0.000000	821.147000	9583.550000	4.905040	87.939500	0.083204	4089.750000	0.000000	0.169244	0.135440	0.000000	0.000000	
   76	98.020000	174.484000	164.757000	179.154000	189.107000	199.813000	229.192000	270.925000	300.490000	324.976000	228.445000	170.192000	168.325000	179.769000	158.711000	112.307000	129.436000	192.862000	239.621000	192.776000	189.834000	200.885000	125.952000	115.984000	23.640000	0.000000	0.000000	2.878280	1.268010	2.787290	12.717600	41.444500	142.332000	40.279500	3.424580	0.000000	0.000000	0.392393	0.000000	11.336300	5.858980	0.000000	5.675160	217.514000	15.185800	3.827650	0.000000	0.766009	96.010000	73.937700	52.811900	63.158100	82.962900	94.116400	106.281000	118.888000	118.146000	129.745000	121.155000	103.832000	98.745100	80.458800	53.667300	34.163500	24.475100	66.488600	92.185000	121.611000	105.830000	130.597000	111.181000	99.177800	90.510000	164.566000	197.237000	202.614000	185.938000	173.181000	159.857000	232.188000	261.519000	264.411000	120.812000	187.459000	225.277000	281.553000	282.972000	283.609000	302.000000	308.835000	247.648000	265.588000	271.983000	297.117000	216.576000	188.985000	0.337000	0.000000	0.308597	0.000000	0.210179	0.000000	0.117685	0.000000	0.086143	0.000000	0.112413	0.000000	0.107467	0.041000	0.100422	0.195800	0.074405	0.277800	0.075357	0.321100	61.240000	99.209900	105.631000	70.184500	58.668600	58.445800	76.103900	77.674300	104.721000	70.871800	64.853200	55.930600	0.075494	0.332800	0.072593	0.480000	0.075999	0.445400	0.080604	0.473700	0.098353	0.376100	0.113883	0.332600	0.153758	0.155800	0.174573	0.014200	0.225343	0.000000	0.247706	0.000000	0.313011	0.000000	0.412432	0.000000	0.479136	0.000000	0.340386	0.000000	0.875332	5.664280	5.474990	0.066482	15.595900	21.500300	21.493500	20.797800	0.280290	0.187732	0.000000	0.229751	0.000000	819.313000	9583.540000	3.296300	88.053000	0.125151	4100.900000	0.000000	0.117070	0.148170	0.000000	0.000000	
   77	98.020000	162.725000	161.961000	178.524000	188.753000	197.869000	217.186000	266.919000	300.791000	325.646000	225.025000	173.038000	171.735000	181.361000	158.871000	113.007000	132.057000	194.003000	247.355000	196.251000	186.611000	192.410000	125.197000	114.211000	23.640000	0.000000	0.000000	0.000000	0.000000	0.000000	8.863280	45.626700	120.818000	22.871200	4.015760	0.000000	0.000000	0.000000	0.000000	14.545100	21.377000	0.000000	11.505900	175.857000	32.838200	6.375870	6.647460	9.674090	96.010000	68.903600	52.337800	59.653200	80.745200	93.419700	104.613000	124.591000	119.728000	124.830000	112.862000	107.379000	98.893200	81.079500	61.648800	39.718500	45.091500	61.397100	105.786000	117.597000	113.044000	130.352000	114.914000	97.677700	90.510000	157.639000	186.958000	189.084000	186.231000	164.360000	160.354000	239.782000	245.347000	257.994000	108.290000	183.968000	212.446000	276.562000	279.257000	276.996000	310.017000	284.948000	278.485000	269.112000	270.118000	292.097000	218.227000	194.579000	0.337000	0.000000	0.215055	0.000000	0.116017	0.000000	0.020557	0.000000	0.000000	0.000000	0.005085	0.000000	0.000000	0.038500	0.000000	0.203900	0.000000	0.317000	0.000000	0.367800	61.240000	101.144000	101.760000	82.726200	67.227800	66.576200	58.639000	82.493400	64.764200	24.582500	26.222100	31.583500	0.000000	0.427700	0.000000	0.580000	0.002795	0.442200	0.007554	0.415400	0.000000	0.459900	0.000000	0.351600	0.000000	0.138100	0.049323	0.015400	0.114162	0.000000	0.116515	0.000000	0.160284	0.000000	0.251949	0.000000	0.324803	0.000000	0.373872	0.000000	0.875332	5.573820	5.533730	0.018249	14.638000	20.491300	21.122500	20.412200	0.239257	2.227400	0.000000	0.611893	0.000000	820.083000	9582.240000	4.394710	89.504900	0.102499	4091.380000	0.000000	0.093097	0.256359	0.000000	0.000000	
   78	98.020000	162.725000	161.961000	178.524000	188.753000	197.869000	217.186000	266.919000	300.791000	325.646000	225.025000	173.038000	171.735000	181.361000	158.871000	113.007000	132.057000	194.003000	247.355000	196.251000	186.611000	192.410000	125.197000	114.211000	23.640000	0.000000	0.000000	0.000000	0.000000	1.184220	15.480800	53.909900	142.673000	5.134980	4.843440	2.896430	6.728070	1.888320	8.411340	27.123900	15.336900	0.851388	0.000000	152.745000	39.434900	8.763220	2.575900	0.000000	96.010000	64.311500	49.264900	60.882000	75.766800	90.481700	96.239100	117.060000	113.214000	114.587000	115.642000	102.591000	95.615500	78.319500	63.409400	40.098200	49.892700	70.825600	103.536000	103.139000	109.094000	148.591000	113.046000	93.810500	90.510000	152.827000	188.656000	191.217000	180.542000	164.263000	159.317000	228.503000	249.211000	249.435000	110.154000	183.444000	215.947000	279.982000	282.116000	283.320000	308.046000	304.427000	275.193000	264.457000	273.141000	306.283000	221.079000	183.735000	0.337000	0.000000	0.238528	0.000000	0.137494	0.000000	0.000000	0.000000	0.000000	0.000000	0.000000	0.000000	0.000000	0.051100	0.000000	0.234400	0.000000	0.293200	0.000000	0.316400	61.240000	108.863000	109.255000	80.557700	69.694700	64.730800	70.141300	81.736900	76.752800	91.448800	66.392200	62.491400	0.000000	0.443200	0.000000	0.417000	0.037500	0.597800	0.067324	0.748800	0.089216	0.674700	0.109715	0.365600	0.021314	0.214800	0.050220	0.020400	0.082733	0.000000	0.139631	0.000000	0.221546	0.000000	0.318105	0.000000	0.364936	0.000000	0.408023	0.000000	0.875332	6.013220	5.741400	0.378076	16.772300	22.651900	21.556000	21.013200	0.511464	3.514050	0.000000	7.357270	50.371100	817.019000	9548.110000	0.000000	82.245400	0.000000	4114.190000	0.000000	0.000000	0.290303	0.000000	0.000000	
   79	98.020000	166.860000	162.987000	175.576000	191.384000	201.428000	227.790000	269.680000	302.195000	326.097000	225.025000	173.038000	171.735000	181.361000	158.871000	113.007000	132.057000	194.003000	247.355000	196.251000	186.611000	192.410000	125.197000	114.211000	23.640000	0.000000	0.000000	0.000000	0.000000	0.000000	15.316900	55.136900	111.482000	16.306400	0.000000	6.580470	0.000000	0.110767	0.000000	23.455900	23.138400	0.000000	15.800400	135.302000	21.928700	9.746860	0.000000	1.582660	96.010000	65.876700	50.442000	58.883200	79.518700	89.049400	105.114000	119.393000	121.558000	110.068000	119.629000	109.648000	103.514000	87.213000	69.534500	47.778100	51.802700	65.090600	104.227000	117.635000	108.143000	126.858000	112.570000	97.174700	90.510000	159.609000	188.755000	192.298000	187.401000	172.130000	167.544000	224.210000	261.073000	255.261000	115.233000	184.854000	217.844000	281.198000	281.783000	282.309000	310.486000	291.291000	278.312000	269.813000	273.848000	298.172000	219.386000	187.380000	0.337000	0.000000	0.278792	0.000000	0.192148	0.000000	0.080047	0.000000	0.021082	0.000000	0.015253	0.000000	0.008082	0.054400	0.000000	0.229600	0.000000	0.364700	0.000000	0.402500	61.240000	96.230500	96.542100	69.772300	57.156900	52.319400	56.222000	87.309100	97.547100	65.675800	54.611400	46.327500	0.038503	0.375700	0.062263	0.466400	0.055879	0.476700	0.077027	0.451800	0.024836	0.467300	0.059764	0.332100	0.037728	0.197600	0.088831	0.020200	0.119702	0.000000	0.142195	0.000000	0.204348	0.000000	0.326631	0.000000	0.334520	0.000000	0.360986	0.000000	0.875332	5.560020	5.266220	0.001197	15.354500	21.372000	21.179400	20.828800	0.528881	1.066460	0.000000	1.658080	0.000000	821.192000	9585.310000	4.103660	87.416500	0.000000	4100.890000	0.000000	0.000005	0.300422	0.000000	0.000000	
   80	98.020000	166.860000	162.987000	175.576000	191.384000	201.428000	227.790000	269.680000	302.195000	326.097000	224.751000	173.804000	169.825000	177.636000	156.218000	110.143000	127.993000	196.739000	247.516000	184.181000	185.837000	190.535000	125.687000	115.218000	23.640000	5.673030	2.183530	6.505020	8.843720	7.194630	18.540800	48.582300	125.386000	29.517700	0.000000	0.000000	0.000000	0.000000	0.000000	16.893300	14.168400	0.274322	12.551300	99.214800	6.245350	3.114840	0.983959	0.000000	96.010000	66.310900	49.576100	62.731500	80.654300	92.158900	99.578700	117.822000	113.658000	126.332000	110.633000	104.247000	99.360400	84.304500	73.290500	44.464300	36.011900	64.998900	113.507000	97.108600	110.353000	129.934000	116.838000	100.071000	90.510000	156.391000	190.828000	197.263000	187.130000	168.861000	163.832000	236.193000	253.680000	260.868000	107.639000	183.973000	217.253000	279.712000	281.484000	282.435000	304.279000	292.248000	280.887000	262.633000	280.926000	298.292000	224.377000	188.790000	0.337000	0.000000	0.214359	0.000000	0.118221	0.000000	0.026364	0.000000	0.000000	0.000000	0.000000	0.000000	0.000000	0.041000	0.000000	0.242400	0.000000	0.345000	0.000000	0.332800	61.240000	130.011000	121.987000	103.200000	91.048700	78.677300	100.666000	109.559000	113.109000	118.601000	67.082200	48.549800	0.000000	0.364900	0.000000	0.359200	0.002583	0.360000	0.015683	0.507000	0.043068	0.599500	0.030762	0.392200	0.007938	0.176400	0.039695	0.018100	0.117179	0.000000	0.152042	0.000000	0.185712	0.000000	0.262832	0.000000	0.321746	0.000000	0.359404	0.000000	0.875332	5.624890	5.222530	0.000000	15.220600	21.184000	21.493300	20.811800	0.078217	3.195060	0.000000	36.284600	110.251000	840.363000	9610.630000	0.000000	82.463600	0.000000	4102.700000	0.000000	0.098433	0.199118	0.000000	0.076606	
   81	98.020000	162.725000	161.961000	178.524000	188.753000	197.869000	217.186000	266.919000	300.791000	325.646000	225.025000	173.038000	171.735000	181.361000	158.871000	113.007000	132.057000	194.003000	247.355000	196.251000	186.611000	192.410000	125.197000	114.211000	23.640000	3.495030	0.000000	0.000000	0.000000	0.000000	14.644200	37.603400	116.655000	41.336500	7.038220	11.683900	9.156270	6.335680	3.644720	25.927000	34.711600	13.843300	4.447070	128.843000	34.795500	7.217170	0.000000	4.852280	96.010000	70.989800	51.564800	59.604800	80.727000	93.712300	94.316600	121.115000	117.548000	118.286000	114.135000	104.003000	99.619100	77.731400	62.566200	37.670400	40.632100	58.183200	98.603200	102.001000	107.604000	131.235000	115.386000	93.607000	90.510000	149.165000	195.316000	196.539000	184.871000	161.276000	165.103000	245.246000	248.210000	241.202000	107.760000	180.436000	214.757000	272.220000	281.574000	272.601000	305.841000	294.038000	282.778000	263.319000	277.445000	293.012000	221.206000	181.176000	0.337000	0.000000	0.221611	0.000000	0.157460	0.000000	0.039665	0.000000	0.000000	0.000000	0.000000	0.000000	0.000000	0.047000	0.000000	0.173100	0.000000	0.248300	0.000000	0.272800	61.240000	98.372100	93.481100	64.545600	56.954900	51.066700	63.723000	61.824200	88.732400	76.537100	53.636700	43.034300	0.000000	0.273400	0.000000	0.376400	0.000000	0.368800	0.000000	0.406200	0.000000	0.395500	0.000000	0.291800	0.128466	0.183600	0.126041	0.016500	0.123260	0.000000	0.133716	0.000000	0.212002	0.000000	0.315572	0.000000	0.363219	0.000000	0.375120	0.000000	0.875332	5.798810	5.471300	0.272757	16.187000	22.353900	21.327400	20.748200	0.199632	1.371540	0.000000	3.874060	12.451200	830.613000	9621.670000	8.562830	81.627100	0.000000	4128.200000	0.000000	0.000000	0.200680	0.000000	0.000000	
   82	98.020000	168.108000	163.011000	180.835000	193.650000	198.973000	224.260000	271.765000	308.933000	325.646000	225.025000	173.038000	171.735000	181.361000	158.871000	113.007000	132.057000	194.003000	247.355000	196.251000	186.611000	192.410000	125.197000	114.211000	23.640000	4.698960	1.277320	4.033090	7.151760	6.193740	22.511300	48.039000	140.764000	37.434500	0.000000	0.000000	0.000000	0.000000	0.000000	14.508700	16.711600	0.000000	2.192300	126.384000	34.404600	9.163660	6.415080	0.000000	96.010000	73.902000	53.258400	60.660500	81.456000	93.171300	99.563300	121.019000	123.181000	128.203000	115.036000	104.072000	102.910000	83.410600	64.962900	40.383600	48.066100	67.773300	102.405000	104.717000	107.932000	136.563000	113.497000	97.284100	90.510000	161.116000	190.079000	196.859000	184.050000	170.229000	160.683000	232.042000	254.320000	255.192000	113.845000	189.181000	218.587000	279.959000	281.637000	276.482000	307.716000	293.839000	275.446000	255.510000	280.664000	303.139000	218.891000	190.069000	0.337000	0.000000	0.252847	0.000000	0.165529	0.000000	0.038491	0.000000	0.003611	0.000000	0.009236	0.000000	0.015112	0.042100	0.000000	0.216800	0.000000	0.317200	0.003163	0.365400	61.240000	104.514000	103.543000	74.802700	59.071300	50.946900	54.076200	84.023300	96.819500	69.155900	58.542400	36.734700	0.008183	0.415700	0.000000	0.446600	0.056087	0.510800	0.000000	0.589700	0.056650	0.521500	0.059601	0.336300	0.039582	0.196300	0.074449	0.019900	0.102775	0.000000	0.119859	0.000000	0.212269	0.000000	0.295493	0.000000	0.335293	0.000000	0.373872	0.000000	0.875332	5.523780	5.203030	0.000000	15.219000	20.976700	21.538100	20.919200	0.571095	0.581768	0.000000	0.955204	0.000000	821.147000	9583.550000	4.905040	87.939500	0.083204	4089.750000	0.000000	0.169244	0.135440	0.000000	0.000000	
   83	98.020000	167.582000	165.592000	179.183000	191.316000	204.265000	226.631000	270.316000	312.126000	321.780000	226.701000	166.657000	164.474000	177.398000	158.119000	110.351000	125.413000	190.241000	248.345000	186.617000	188.709000	191.811000	125.272000	113.982000	23.640000	1.744940	0.000000	0.000000	0.000000	1.937200	14.180600	32.305500	99.297700	29.252700	16.965800	0.000000	4.529120	1.737660	9.626970	23.844800	14.569100	6.659730	0.000000	88.562600	0.000000	1.118450	0.400771	0.000000	96.010000	65.915500	45.480800	54.382000	74.039200	86.191800	94.290300	108.749000	114.906000	112.641000	110.310000	111.498000	95.552800	89.351800	71.412400	50.880000	56.181900	57.625400	95.442100	122.174000	108.560000	130.139000	113.359000	99.357500	90.510000	156.735000	185.203000	189.752000	183.231000	161.304000	159.925000	226.852000	252.930000	235.412000	110.882000	186.979000	210.904000	281.013000	282.953000	282.844000	305.462000	294.695000	262.874000	265.967000	272.064000	295.490000	218.250000	187.351000	0.337000	0.000000	0.258370	0.000000	0.206504	0.000000	0.113045	0.000000	0.052827	0.000000	0.063967	0.000000	0.050431	0.048700	0.032981	0.201300	0.010595	0.297500	0.007062	0.301300	61.240000	96.230500	96.542100	69.772300	57.156900	52.319400	56.222000	87.470700	98.268000	69.771300	67.331100	61.338300	0.014207	0.283600	0.026534	0.317700	0.053738	0.404700	0.073399	0.527200	0.083718	0.501700	0.102322	0.255200	0.164091	0.125300	0.221508	0.014100	0.194072	0.000000	0.160080	0.000000	0.208933	0.000000	0.276025	0.000000	0.330219	0.000000	0.396682	0.000000	0.875332	5.746300	5.320590	0.134896	15.627800	21.779700	21.472300	20.817500	0.553169	0.646690	0.000000	0.772469	1.933560	821.731000	9588.640000	4.851350	86.623200	0.000000	4104.270000	0.000000	0.155619	0.264120	0.000000	0.000000	
   84	98.020000	167.582000	165.592000	179.183000	191.316000	204.265000	226.631000	270.316000	312.126000	321.780000	226.701000	166.657000	164.474000	177.398000	158.119000	110.351000	125.413000	190.241000	248.345000	186.617000	188.709000	191.811000	125.272000	113.982000	23.640000	1.744940	0.000000	0.000000	0.000000	1.937200	14.180600	32.305500	99.297700	29.252700	16.965800	2.621760	7.030960	9.852020	10.847400	33.143300	34.711600	13.843300	4.447070	128.843000	34.795500	7.217170	0.000000	4.852280	96.010000	65.915500	45.480800	54.382000	74.039200	86.191800	94.290300	108.749000	114.906000	112.641000	110.310000	103.118000	96.500100	83.606200	69.176900	47.259000	40.632100	58.183200	98.603200	102.001000	107.604000	131.235000	115.386000	93.607000	90.510000	156.735000	185.203000	189.752000	183.231000	161.304000	159.925000	226.852000	252.930000	235.412000	110.882000	184.744000	217.627000	277.030000	279.401000	280.852000	305.841000	294.038000	282.778000	263.319000	277.445000	293.012000	221.206000	181.176000	0.337000	0.000000	0.258370	0.000000	0.206504	0.000000	0.113045	0.000000	0.052827	0.000000	0.063967	0.000000	0.050431	0.052500	0.032981	0.275600	0.010595	0.300200	0.007062	0.315800	61.240000	102.554000	101.454000	72.760100	69.012100	55.584600	76.651300	97.791800	92.950300	51.556400	37.612200	36.734700	0.014207	0.414500	0.101836	0.344500	0.096735	0.470300	0.092708	0.714300	0.118604	0.461400	0.136911	0.303000	0.128466	0.151300	0.126041	0.016600	0.123260	0.000000	0.133716	0.000000	0.212002	0.000000	0.315572	0.000000	0.363219	0.000000	0.375120	0.000000	0.875332	5.746300	5.320590	0.134896	15.627800	21.779700	21.472300	20.817500	0.553169	0.646690	0.000000	6.221490	57.907400	827.658000	9621.750000	0.000000	81.627100	0.000000	4128.200000	0.000000	0.000000	0.200680	0.000000	0.000000	
   85	98.020000	166.860000	162.987000	175.576000	191.384000	201.428000	227.790000	269.680000	302.195000	326.097000	225.025000	173.038000	171.735000	181.361000	158.871000	113.007000	132.057000	194.003000	247.355000	196.251000	186.611000	192.410000	125.197000	114.211000	23.640000	0.000000	0.000000	0.000000	0.000000	0.000000	15.316900	55.136900	111.482000	16.306400	0.000000	6.580470	0.000000	0.110767	0.000000	23.455900	23.138400	0.000000	15.800400	135.302000	21.928700	9.746860	0.000000	1.582660	96.010000	65.876700	50.442000	58.883200	79.518700	89.049400	105.114000	119.393000	121.558000	110.068000	119.629000	109.648000	103.514000	87.213000	69.534500	47.778100	51.802700	65.090600	104.227000	117.635000	108.143000	126.858000	112.570000	97.174700	90.510000	159.609000	188.755000	192.298000	187.401000	172.130000	167.544000	224.210000	261.073000	255.261000	115.233000	184.854000	217.844000	281.198000	281.783000	282.309000	310.486000	291.291000	278.312000	269.813000	273.848000	298.172000	219.386000	187.380000	0.337000	0.000000	0.278792	0.000000	0.192148	0.000000	0.080047	0.000000	0.021082	0.000000	0.015253	0.000000	0.008082	0.054400	0.000000	0.229600	0.000000	0.364700	0.000000	0.402500	61.240000	96.230500	96.542100	69.772300	57.156900	52.319400	56.222000	87.309100	97.547100	65.675800	54.611400	46.327500	0.038503	0.375700	0.062263	0.466400	0.055879	0.476700	0.077027	0.451800	0.024836	0.467300	0.059764	0.332100	0.037728	0.197600	0.088831	0.020200	0.119702	0.000000	0.142195	0.000000	0.204348	0.000000	0.326631	0.000000	0.334520	0.000000	0.360986	0.000000	0.875332	5.560020	5.266220	0.001197	15.354500	21.372000	21.179400	20.828800	0.528881	1.066460	0.000000	1.658080	0.000000	821.192000	9585.310000	4.103660	87.416500	0.000000	4100.890000	0.000000	0.000005	0.300422	0.000000	0.000000	
   86	98.020000	167.582000	165.592000	179.183000	191.316000	204.265000	226.631000	270.316000	312.126000	321.780000	226.701000	166.657000	164.474000	177.398000	158.119000	110.351000	125.413000	190.241000	248.345000	186.617000	188.709000	191.811000	125.272000	113.982000	23.640000	1.744940	0.000000	0.000000	0.000000	1.937200	14.180600	32.305500	99.297700	29.252700	16.965800	0.000000	4.529120	1.737660	9.626970	23.844800	14.569100	6.659730	0.000000	104.588000	19.104200	8.224340	0.000000	0.000000	96.010000	65.915500	45.480800	54.382000	74.039200	86.191800	94.290300	108.749000	114.906000	112.641000	110.310000	111.498000	95.552800	89.351800	71.412400	50.880000	56.181900	57.625400	95.442100	100.711000	100.919000	128.844000	113.018000	89.859400	90.510000	156.735000	185.203000	189.752000	183.231000	161.304000	159.925000	226.852000	252.930000	235.412000	110.882000	186.979000	210.904000	281.013000	282.953000	282.844000	305.462000	294.695000	262.874000	268.714000	267.500000	294.907000	215.965000	182.042000	0.337000	0.000000	0.258370	0.000000	0.206504	0.000000	0.113045	0.000000	0.052827	0.000000	0.063967	0.000000	0.050431	0.039200	0.032981	0.194700	0.010595	0.272700	0.007062	0.343800	61.240000	130.011000	121.987000	103.200000	91.048700	78.677300	100.666000	109.559000	113.109000	118.601000	67.082200	69.494900	0.014207	0.507800	0.026534	0.556400	0.053738	0.714100	0.073399	0.583200	0.083718	0.629700	0.102322	0.357000	0.164091	0.208200	0.221508	0.022300	0.194072	0.000000	0.181549	0.000000	0.230068	0.000000	0.292317	0.000000	0.346516	0.000000	0.381052	0.000000	0.875332	5.746300	5.320590	0.134896	15.627800	21.779700	21.472300	20.817500	0.553169	0.646690	0.000000	0.772469	1.933560	821.731000	9588.640000	4.851350	86.623200	0.000000	4104.270000	0.000000	0.202769	0.084962	0.000000	0.024518	
   87	98.020000	168.108000	163.011000	180.835000	193.650000	198.973000	224.260000	271.765000	308.933000	325.646000	225.025000	173.038000	171.735000	181.361000	158.871000	113.007000	132.057000	194.003000	247.355000	196.251000	186.611000	192.410000	125.197000	114.211000	23.640000	4.698960	1.277320	4.033090	7.151760	6.193740	22.511300	48.039000	140.764000	37.434500	0.000000	0.000000	0.000000	0.000000	0.000000	14.508700	16.711600	0.000000	2.192300	126.384000	34.404600	9.163660	6.415080	0.000000	96.010000	73.902000	53.258400	60.660500	81.456000	93.171300	99.563300	121.019000	123.181000	128.203000	115.036000	104.072000	102.910000	83.410600	64.962900	40.383600	48.066100	67.773300	102.405000	104.717000	107.932000	136.563000	113.497000	97.284100	90.510000	161.116000	190.079000	196.859000	184.050000	170.229000	160.683000	232.042000	254.320000	255.192000	113.845000	189.181000	218.587000	279.959000	281.637000	276.482000	307.716000	293.839000	275.446000	255.510000	280.664000	303.139000	218.891000	190.069000	0.337000	0.000000	0.252847	0.000000	0.165529	0.000000	0.038491	0.000000	0.003611	0.000000	0.009236	0.000000	0.015112	0.042100	0.000000	0.216800	0.000000	0.317200	0.003163	0.365400	61.240000	104.514000	103.543000	74.802700	59.071300	50.946900	54.076200	84.023300	96.819500	69.155900	58.542400	36.734700	0.008183	0.415700	0.000000	0.446600	0.056087	0.510800	0.000000	0.589700	0.056650	0.521500	0.059601	0.336300	0.039582	0.196300	0.074449	0.019900	0.102775	0.000000	0.119859	0.000000	0.212269	0.000000	0.295493	0.000000	0.335293	0.000000	0.373872	0.000000	0.875332	5.523780	5.203030	0.000000	15.219000	20.976700	21.538100	20.919200	0.571095	0.581768	0.000000	0.955204	0.000000	821.147000	9583.550000	4.905040	87.939500	0.083204	4089.750000	0.000000	0.169244	0.135440	0.000000	0.000000	
   88	98.020000	174.484000	164.757000	179.154000	189.107000	199.813000	229.192000	270.925000	300.490000	324.976000	228.445000	170.192000	168.325000	179.769000	158.711000	112.307000	129.436000	192.862000	239.621000	192.776000	189.834000	200.885000	125.952000	115.984000	23.640000	0.000000	5.349240	10.440000	0.000000	8.630610	22.912900	63.538400	122.493000	7.489710	0.247029	3.122770	0.724698	1.914130	0.000000	21.382400	15.366100	8.827580	0.000000	187.023000	71.048900	37.913200	0.000000	0.000000	96.010000	76.801000	48.170700	63.085900	77.197800	91.295700	91.312200	119.401000	105.762000	98.429100	119.826000	108.882000	96.844500	85.070500	63.654400	45.172300	41.718700	62.214100	105.273000	103.485000	106.569000	121.606000	113.577000	97.266000	90.510000	150.897000	193.450000	199.552000	182.540000	162.000000	162.500000	243.338000	252.603000	236.938000	113.207000	182.858000	203.958000	280.442000	282.040000	282.747000	302.602000	292.851000	274.393000	263.765000	271.267000	282.252000	209.261000	182.171000	0.337000	0.000000	0.261832	0.000000	0.165529	0.000000	0.051173	0.000000	0.003611	0.000000	0.004665	0.000000	0.000000	0.034300	0.016756	0.211300	0.021124	0.311700	0.016351	0.373000	61.240000	96.935500	96.120600	70.394000	57.408100	50.485300	60.219600	67.745900	88.815900	68.995900	58.912000	53.901200	0.013308	0.371800	0.024600	0.435600	0.067780	0.473800	0.094003	0.517000	0.075877	0.475700	0.040029	0.399000	0.057033	0.180300	0.115668	0.018200	0.132271	0.000000	0.164579	0.000000	0.234462	0.000000	0.304173	0.000000	0.368824	0.000000	0.387392	0.000000	0.875332	5.665340	5.615110	0.095471	15.780000	21.616400	21.471000	20.766500	0.142218	0.000000	16.903100	0.267262	0.000000	821.473000	9585.440000	2.474550	86.931400	0.000000	4101.760000	0.000000	0.000000	0.099999	0.000000	0.087235	
   89	98.020000	168.108000	163.011000	180.835000	193.650000	198.973000	224.260000	271.765000	308.933000	325.646000	225.025000	173.038000	171.735000	181.361000	158.871000	113.007000	132.057000	194.003000	247.355000	196.251000	186.611000	192.410000	125.197000	114.211000	23.640000	4.698960	1.277320	4.033090	7.151760	6.193740	22.511300	48.039000	140.764000	37.434500	0.000000	0.000000	0.000000	0.000000	0.000000	14.508700	16.711600	0.000000	2.192300	126.384000	34.404600	9.163660	6.415080	0.000000	96.010000	73.902000	53.258400	60.660500	81.456000	93.171300	99.563300	121.019000	123.181000	128.203000	115.036000	104.072000	102.910000	83.410600	64.962900	40.383600	48.066100	67.773300	102.405000	104.717000	107.932000	136.563000	113.497000	97.284100	90.510000	161.116000	190.079000	196.859000	184.050000	170.229000	160.683000	232.042000	254.320000	255.192000	113.845000	189.181000	218.587000	279.959000	281.637000	276.482000	307.716000	293.839000	275.446000	255.510000	280.664000	303.139000	218.891000	190.069000	0.337000	0.000000	0.252847	0.000000	0.165529	0.000000	0.038491	0.000000	0.003611	0.000000	0.009236	0.000000	0.015112	0.042100	0.000000	0.216800	0.000000	0.317200	0.003163	0.365400	61.240000	104.514000	103.543000	74.802700	59.071300	50.946900	54.076200	84.023300	96.819500	69.155900	58.542400	36.734700	0.008183	0.415700	0.000000	0.446600	0.056087	0.510800	0.000000	0.589700	0.056650	0.521500	0.059601	0.336300	0.039582	0.196300	0.074449	0.019900	0.102775	0.000000	0.119859	0.000000	0.212269	0.000000	0.295493	0.000000	0.335293	0.000000	0.373872	0.000000	0.875332	5.523780	5.203030	0.000000	15.219000	20.976700	21.538100	20.919200	0.571095	0.581768	0.000000	0.955204	0.000000	821.147000	9583.550000	4.905040	87.939500	0.083204	4089.750000	0.000000	0.169244	0.135440	0.000000	0.000000	
   90	98.020000	168.108000	163.011000	180.835000	193.650000	198.973000	224.260000	271.765000	308.933000	325.646000	225.025000	173.038000	171.735000	181.361000	158.871000	113.007000	132.057000	194.003000	247.355000	196.251000	186.611000	192.410000	125.197000	114.211000	23.640000	4.698960	1.277320	4.033090	7.151760	6.193740	22.511300	48.039000	140.764000	37.434500	0.000000	0.000000	0.000000	0.000000	0.000000	14.508700	16.711600	0.000000	2.192300	126.384000	34.404600	9.163660	6.415080	0.000000	96.010000	73.902000	53.258400	60.660500	81.456000	93.171300	99.563300	121.019000	123.181000	128.203000	115.036000	104.072000	102.910000	83.410600	64.962900	40.383600	48.066100	67.773300	102.405000	104.717000	107.932000	136.563000	113.497000	97.284100	90.510000	161.116000	190.079000	196.859000	184.050000	170.229000	160.683000	232.042000	254.320000	255.192000	113.845000	189.181000	218.587000	279.959000	281.637000	276.482000	307.716000	293.839000	275.446000	255.510000	280.664000	303.139000	218.891000	190.069000	0.337000	0.000000	0.252847	0.000000	0.165529	0.000000	0.038491	0.000000	0.003611	0.000000	0.009236	0.000000	0.015112	0.042100	0.000000	0.216800	0.000000	0.317200	0.003163	0.365400	61.240000	104.514000	103.543000	74.802700	59.071300	50.946900	54.076200	84.023300	96.819500	69.155900	58.542400	36.734700	0.008183	0.415700	0.000000	0.446600	0.056087	0.510800	0.000000	0.589700	0.056650	0.521500	0.059601	0.336300	0.039582	0.196300	0.074449	0.019900	0.102775	0.000000	0.119859	0.000000	0.212269	0.000000	0.295493	0.000000	0.335293	0.000000	0.373872	0.000000	0.875332	5.523780	5.203030	0.000000	15.219000	20.976700	21.538100	20.919200	0.571095	0.581768	0.000000	0.955204	0.000000	821.147000	9583.550000	4.905040	87.939500	0.083204	4089.750000	0.000000	0.169244	0.135440	0.000000	0.000000	
   91	98.020000	162.725000	161.961000	178.524000	188.753000	197.869000	217.186000	266.919000	300.791000	325.646000	225.025000	173.038000	171.735000	181.361000	158.871000	113.007000	132.057000	194.003000	247.355000	196.251000	186.611000	192.410000	125.197000	114.211000	23.640000	0.000000	0.000000	0.000000	0.000000	0.000000	14.235500	48.746400	119.510000	26.659900	1.591980	4.573580	3.173090	5.447700	4.551500	34.548400	44.447000	18.185500	18.654100	183.952000	24.221300	0.000000	0.499025	0.766009	96.010000	68.430100	50.637800	60.049500	81.249100	92.075100	102.532000	118.732000	117.263000	122.985000	119.629000	109.648000	103.514000	87.213000	69.534500	52.015400	51.394200	74.131100	104.719000	106.107000	108.600000	127.172000	112.434000	99.177800	90.510000	162.747000	193.537000	198.726000	192.977000	178.025000	159.964000	230.955000	257.278000	257.107000	110.188000	177.543000	217.837000	274.431000	276.726000	287.665000	313.017000	297.961000	266.269000	265.585000	279.148000	302.009000	220.319000	188.985000	0.337000	0.000000	0.283457	0.000000	0.220787	0.000000	0.131187	0.000000	0.082963	0.000000	0.105074	0.000000	0.105833	0.041100	0.100723	0.188100	0.096241	0.247800	0.109440	0.253900	61.240000	85.444200	80.207100	53.832200	38.853800	45.091500	55.678200	94.047300	95.304800	118.601000	67.082200	69.494900	0.131296	0.311400	0.151516	0.324700	0.165638	0.437500	0.161676	0.489000	0.155554	0.536300	0.056704	0.321600	0.069799	0.203100	0.094818	0.018400	0.123448	0.000000	0.152639	0.000000	0.221794	0.000000	0.306658	0.000000	0.335293	0.000000	0.340386	0.000000	0.875332	5.830330	5.308370	0.122605	15.637500	21.662600	21.388100	20.852400	0.380802	0.581768	0.000000	0.955204	0.000000	821.147000	9583.550000	3.403940	90.036800	0.022625	4213.440000	0.000000	0.001236	0.226717	0.000000	0.000000	
   92	98.020000	166.860000	162.987000	175.576000	191.384000	201.428000	227.790000	269.680000	302.195000	326.097000	225.025000	173.038000	171.735000	181.361000	158.871000	113.007000	132.057000	194.003000	247.355000	196.251000	186.611000	192.410000	125.197000	114.211000	23.640000	0.000000	0.000000	0.000000	0.000000	0.000000	15.316900	55.136900	111.482000	16.306400	0.000000	6.580470	0.000000	0.110767	0.000000	23.455900	23.138400	0.000000	15.800400	135.302000	21.928700	9.746860	0.000000	1.582660	96.010000	65.876700	50.442000	58.883200	79.518700	89.049400	105.114000	119.393000	121.558000	110.068000	119.629000	109.648000	103.514000	87.213000	69.534500	47.778100	51.802700	65.090600	104.227000	117.635000	108.143000	126.858000	112.570000	97.174700	90.510000	159.609000	188.755000	192.298000	187.401000	172.130000	167.544000	224.210000	261.073000	255.261000	115.233000	184.854000	217.844000	281.198000	281.783000	282.309000	310.486000	291.291000	278.312000	269.813000	273.848000	298.172000	219.386000	187.380000	0.337000	0.000000	0.278792	0.000000	0.192148	0.000000	0.080047	0.000000	0.021082	0.000000	0.015253	0.000000	0.008082	0.054400	0.000000	0.229600	0.000000	0.364700	0.000000	0.402500	61.240000	96.230500	96.542100	69.772300	57.156900	52.319400	56.222000	87.309100	97.547100	65.675800	54.611400	46.327500	0.038503	0.375700	0.062263	0.466400	0.055879	0.476700	0.077027	0.451800	0.024836	0.467300	0.059764	0.332100	0.037728	0.197600	0.088831	0.020200	0.119702	0.000000	0.142195	0.000000	0.204348	0.000000	0.326631	0.000000	0.334520	0.000000	0.360986	0.000000	0.875332	5.560020	5.266220	0.001197	15.354500	21.372000	21.179400	20.828800	0.528881	1.066460	0.000000	1.658080	0.000000	821.192000	9585.310000	4.103660	87.416500	0.000000	4100.890000	0.000000	0.000005	0.300422	0.000000	0.000000	
   93	98.020000	167.582000	165.592000	179.183000	191.316000	204.265000	226.631000	270.316000	312.126000	321.780000	226.701000	166.657000	164.474000	177.398000	158.119000	110.351000	125.413000	190.241000	248.345000	186.617000	188.709000	191.811000	125.272000	113.982000	23.640000	2.224960	0.000000	0.905051	2.712160	6.797340	24.139100	35.321300	148.968000	25.224200	0.000000	0.000000	0.000000	0.000000	0.000000	15.068600	13.126600	2.524480	7.310260	209.850000	68.321800	19.403300	0.000000	0.000000	96.010000	62.951600	50.865600	57.050400	77.192100	87.239600	90.688300	106.776000	115.238000	97.232300	109.256000	107.481000	99.482200	84.192600	66.935600	43.471800	41.413100	66.952600	97.119500	108.252000	103.622000	131.039000	113.399000	105.269000	90.510000	151.007000	183.274000	192.709000	176.389000	160.137000	155.236000	223.445000	242.264000	247.758000	99.086300	180.235000	211.809000	273.714000	277.154000	279.928000	309.611000	288.939000	270.059000	267.244000	274.968000	301.691000	222.233000	190.981000	0.337000	0.000000	0.295945	0.000000	0.275111	0.000000	0.200243	0.000000	0.139336	0.000000	0.124023	0.000000	0.142054	0.037100	0.154912	0.210400	0.139958	0.296100	0.132156	0.403800	61.240000	108.863000	109.255000	80.557700	69.694700	64.730800	70.141300	81.736900	76.752800	61.595600	51.639900	53.398700	0.119118	0.467400	0.108045	0.417000	0.115027	0.539400	0.127595	0.752700	0.146154	0.792600	0.150313	0.523000	0.166351	0.269200	0.197479	0.017100	0.202167	0.000000	0.205233	0.000000	0.278184	0.000000	0.388768	0.000000	0.477511	0.000000	0.464770	0.000000	0.875332	5.620110	5.123130	0.000000	15.400200	21.489200	21.794900	21.158200	0.058696	2.571470	0.000000	5.738030	26.060700	826.895000	9611.720000	1.621300	86.051500	0.000000	4112.460000	0.000000	0.000000	0.304084	0.000000	0.095370	
   94	98.020000	166.860000	162.987000	175.576000	191.384000	201.428000	227.790000	269.680000	302.195000	326.097000	224.751000	173.804000	169.825000	177.636000	156.218000	110.143000	127.993000	196.739000	247.516000	184.181000	185.837000	190.535000	125.687000	115.218000	23.640000	4.392520	1.814500	3.337520	5.715540	3.948660	27.492800	90.534000	143.731000	22.115600	0.000000	0.000000	0.000000	0.000000	0.000000	22.424900	13.945600	4.579950	7.651250	148.658000	54.518900	21.423800	5.276530	9.300390	96.010000	67.985200	50.922900	57.125100	81.061700	92.493000	100.651000	120.638000	126.046000	114.769000	112.192000	108.480000	91.052700	79.481000	67.591600	38.725500	38.366100	59.719800	102.349000	91.300700	108.470000	133.028000	113.902000	96.986500	90.510000	161.427000	192.094000	186.900000	182.208000	176.145000	151.417000	221.455000	253.855000	239.847000	103.284000	190.847000	207.575000	277.339000	280.108000	280.119000	311.406000	294.397000	275.655000	258.032000	285.095000	306.630000	222.451000	193.443000	0.337000	0.000000	0.278792	0.000000	0.190445	0.000000	0.081152	0.000000	0.026449	0.000000	0.052979	0.000000	0.059607	0.044200	0.058077	0.204600	0.081628	0.367400	0.102042	0.383100	61.240000	98.542600	98.750400	68.315300	65.187800	60.900800	57.309400	98.046200	101.110000	92.633500	68.073000	49.942600	0.123669	0.335600	0.141154	0.367600	0.149724	0.497200	0.138655	0.569700	0.120517	0.445300	0.114908	0.289300	0.139659	0.185300	0.138162	0.023700	0.152761	0.000000	0.174623	0.000000	0.254969	0.000000	0.348520	0.000000	0.404099	0.000000	0.436045	0.000000	0.875332	5.722200	5.404110	0.113400	15.759400	21.648100	21.482100	20.740700	0.519026	0.309561	0.000000	0.000000	0.000000	821.810000	9597.540000	5.339620	87.717400	0.657310	4103.160000	0.000000	0.053204	0.140657	0.000000	0.000000	
   95	98.020000	166.860000	162.987000	175.576000	191.384000	201.428000	227.790000	269.680000	302.195000	326.097000	225.025000	173.038000	171.735000	181.361000	158.871000	113.007000	132.057000	194.003000	247.355000	196.251000	186.611000	192.410000	125.197000	114.211000	23.640000	0.000000	0.000000	0.000000	0.000000	0.000000	15.316900	55.136900	111.482000	16.306400	0.000000	6.580470	0.000000	0.110767	0.000000	23.455900	23.138400	0.000000	15.800400	135.302000	21.928700	9.746860	0.000000	1.582660	96.010000	65.876700	50.442000	58.883200	79.518700	89.049400	105.114000	119.393000	121.558000	110.068000	119.629000	109.648000	103.514000	87.213000	69.534500	47.778100	51.802700	65.090600	104.227000	117.635000	108.143000	126.858000	112.570000	97.174700	90.510000	159.609000	188.755000	192.298000	187.401000	172.130000	167.544000	224.210000	261.073000	255.261000	115.233000	184.854000	217.844000	281.198000	281.783000	282.309000	310.486000	291.291000	278.312000	269.813000	273.848000	298.172000	219.386000	187.380000	0.337000	0.000000	0.278792	0.000000	0.192148	0.000000	0.080047	0.000000	0.021082	0.000000	0.015253	0.000000	0.008082	0.054400	0.000000	0.229600	0.000000	0.364700	0.000000	0.402500	61.240000	96.230500	96.542100	69.772300	57.156900	52.319400	56.222000	87.309100	97.547100	65.675800	54.611400	46.327500	0.038503	0.375700	0.062263	0.466400	0.055879	0.476700	0.077027	0.451800	0.024836	0.467300	0.059764	0.332100	0.037728	0.197600	0.088831	0.020200	0.119702	0.000000	0.142195	0.000000	0.204348	0.000000	0.326631	0.000000	0.334520	0.000000	0.360986	0.000000	0.875332	5.560020	5.266220	0.001197	15.354500	21.372000	21.179400	20.828800	0.528881	1.066460	0.000000	1.658080	0.000000	821.192000	9585.310000	4.103660	87.416500	0.000000	4100.890000	0.000000	0.000005	0.300422	0.000000	0.000000	
   96	98.020000	168.108000	163.011000	180.835000	193.650000	198.973000	224.260000	271.765000	308.933000	325.646000	225.025000	173.038000	171.735000	181.361000	158.871000	113.007000	132.057000	194.003000	247.355000	196.251000	186.611000	192.410000	125.197000	114.211000	23.640000	4.698960	1.277320	4.033090	7.151760	6.193740	22.511300	48.039000	140.764000	37.434500	0.000000	0.000000	0.000000	0.000000	0.000000	14.508700	16.711600	0.000000	2.192300	126.384000	34.404600	9.163660	6.415080	0.000000	96.010000	73.902000	53.258400	60.660500	81.456000	93.171300	99.563300	121.019000	123.181000	128.203000	115.036000	104.072000	102.910000	83.410600	64.962900	40.383600	48.066100	67.773300	102.405000	104.717000	107.932000	136.563000	113.497000	97.284100	90.510000	161.116000	190.079000	196.859000	184.050000	170.229000	160.683000	232.042000	254.320000	255.192000	113.845000	189.181000	218.587000	279.959000	281.637000	276.482000	307.716000	293.839000	275.446000	255.510000	280.664000	303.139000	218.891000	190.069000	0.337000	0.000000	0.252847	0.000000	0.165529	0.000000	0.038491	0.000000	0.003611	0.000000	0.009236	0.000000	0.015112	0.042100	0.000000	0.216800	0.000000	0.317200	0.003163	0.365400	61.240000	104.514000	103.543000	74.802700	59.071300	50.946900	54.076200	84.023300	96.819500	69.155900	58.542400	36.734700	0.008183	0.415700	0.000000	0.446600	0.056087	0.510800	0.000000	0.589700	0.056650	0.521500	0.059601	0.336300	0.039582	0.196300	0.074449	0.019900	0.102775	0.000000	0.119859	0.000000	0.212269	0.000000	0.295493	0.000000	0.335293	0.000000	0.373872	0.000000	0.875332	5.523780	5.203030	0.000000	15.219000	20.976700	21.538100	20.919200	0.571095	0.581768	0.000000	0.955204	0.000000	821.147000	9583.550000	4.905040	87.939500	0.083204	4089.750000	0.000000	0.169244	0.135440	0.000000	0.000000	
   97	98.020000	167.582000	165.592000	179.183000	191.316000	204.265000	226.631000	270.316000	312.126000	321.780000	226.701000	166.657000	164.474000	177.398000	158.119000	110.351000	125.413000	190.241000	248.345000	186.617000	188.709000	191.811000	125.272000	113.982000	23.640000	0.000000	0.000000	0.000000	0.000000	0.000000	17.522500	52.410800	118.386000	31.857800	11.407500	1.021320	7.680610	7.102430	6.947570	23.685400	24.627400	3.924550	16.443500	118.778000	11.754700	0.000000	0.000000	0.000000	96.010000	66.321800	41.731500	46.691500	67.937300	77.207100	89.814100	103.835000	113.397000	114.092000	109.454000	93.722900	91.987200	76.731400	58.559300	33.484100	28.126200	52.940100	90.604000	96.784200	98.039700	124.322000	109.683000	95.299700	90.510000	149.217000	189.746000	192.278000	177.468000	166.101000	155.535000	221.909000	249.896000	240.283000	104.663000	184.713000	220.652000	289.828000	291.437000	288.870000	317.144000	299.633000	294.303000	273.726000	273.162000	289.384000	214.263000	188.364000	0.337000	0.000000	0.306904	0.000000	0.219159	0.000000	0.143180	0.000000	0.076567	0.000000	0.081540	0.000000	0.070226	0.041100	0.029244	0.201700	0.000000	0.340900	0.000000	0.490700	61.240000	112.514000	115.418000	85.863900	54.091800	43.202000	55.708800	69.218000	91.171800	71.513100	50.808100	39.215800	0.000000	0.615000	0.078091	0.550800	0.096912	0.672800	0.110476	0.647500	0.119329	0.405100	0.113812	0.282800	0.116349	0.151300	0.143152	0.014700	0.160657	0.000000	0.166951	0.000000	0.237728	0.000000	0.338104	0.000000	0.397588	0.000000	0.427707	0.000000	0.875332	5.436100	5.117930	0.000000	15.601200	21.456900	21.143700	20.480700	0.506852	3.583670	0.000000	0.096852	0.000000	821.491000	9588.910000	4.873710	87.235500	0.000000	4102.540000	0.000000	0.210605	0.197142	0.000000	0.000000	
   98	98.020000	167.582000	165.592000	179.183000	191.316000	204.265000	226.631000	270.316000	312.126000	321.780000	226.701000	166.657000	164.474000	177.398000	158.119000	110.351000	125.413000	190.241000	248.345000	186.617000	188.709000	191.811000	125.272000	113.982000	23.640000	4.698960	1.277320	4.033090	7.151760	6.193740	22.511300	48.039000	140.764000	37.434500	0.000000	0.000000	0.000000	0.000000	0.000000	17.025900	11.393300	2.629580	2.305330	101.174000	37.039200	25.476800	0.000000	0.000000	96.010000	66.258900	48.172600	56.653200	79.499500	90.363700	95.437100	114.748000	113.998000	115.164000	122.360000	115.292000	106.938000	91.175900	80.506000	56.954600	54.844200	72.244700	106.915000	102.759000	107.541000	139.499000	113.018000	89.859400	90.510000	160.718000	188.554000	194.819000	178.746000	173.710000	162.268000	230.813000	258.121000	254.847000	125.093000	187.117000	214.586000	275.406000	279.233000	278.447000	310.531000	298.207000	267.509000	248.566000	276.593000	307.164000	215.965000	182.042000	0.337000	0.000000	0.256514	0.000000	0.176575	0.000000	0.054160	0.000000	0.000000	0.000000	0.000000	0.000000	0.011354	0.040700	0.010327	0.225900	0.001990	0.476100	0.000000	0.426700	61.240000	115.221000	113.992000	92.178300	46.088100	40.572100	42.971500	78.023300	88.195700	80.841100	55.453900	44.258200	0.008183	0.466300	0.000000	0.450300	0.000204	0.449700	0.002132	0.480500	0.000000	0.450600	0.000000	0.300600	0.000714	0.197900	0.012614	0.017900	0.071554	0.000000	0.107910	0.000000	0.182816	0.000000	0.278602	0.000000	0.346516	0.000000	0.381052	0.000000	0.875332	5.700850	5.440010	0.135283	15.689400	21.797400	21.401700	20.827100	0.497201	0.394906	0.000000	0.048844	0.000000	820.109000	9581.160000	4.868960	86.598900	0.000000	4096.710000	0.000000	0.104714	0.144970	0.000000	0.024518	
   99	98.020000	166.860000	162.987000	175.576000	191.384000	201.428000	227.790000	269.680000	302.195000	326.097000	224.751000	173.804000	169.825000	177.636000	156.218000	110.143000	127.993000	196.739000	247.516000	184.181000	185.837000	190.535000	125.687000	115.218000	23.640000	0.000000	0.000000	0.000000	7.115210	11.086500	23.413000	39.473900	134.444000	38.281400	3.943060	2.621760	7.030960	9.852020	10.847400	33.143300	34.711600	13.843300	4.447070	128.843000	34.795500	7.217170	0.000000	4.852280	96.010000	72.255400	52.692400	60.233100	74.972500	86.850900	87.749300	115.324000	115.860000	112.201000	114.868000	103.118000	96.500100	83.606200	69.176900	47.259000	40.632100	58.183200	98.603200	102.001000	107.604000	131.235000	115.386000	93.607000	90.510000	164.502000	197.660000	201.984000	187.930000	169.459000	160.951000	230.109000	259.578000	240.192000	109.987000	184.744000	217.627000	277.030000	279.401000	280.852000	305.841000	294.038000	282.778000	263.319000	277.445000	293.012000	221.206000	181.176000	0.337000	0.000000	0.267327	0.000000	0.154623	0.000000	0.051917	0.000000	0.128961	0.000000	0.125536	0.000000	0.128615	0.042500	0.156655	0.186800	0.117414	0.313000	0.088480	0.345500	61.240000	101.144000	101.760000	82.726200	64.249800	59.485300	75.668900	91.339500	109.223000	80.933200	62.084000	52.526300	0.098117	0.364700	0.101836	0.452100	0.096735	0.475200	0.092708	0.519600	0.118604	0.392800	0.136911	0.330600	0.128466	0.227300	0.126041	0.015600	0.123260	0.000000	0.133716	0.000000	0.212002	0.000000	0.315572	0.000000	0.363219	0.000000	0.375120	0.000000	0.875332	5.405360	5.001810	0.000000	15.732200	21.706300	21.482800	21.058300	0.492475	3.473060	0.000000	6.221490	57.907400	827.658000	9621.750000	0.000000	81.627100	0.000000	4128.200000	0.000000	0.000000	0.200680	0.000000	0.000000	
  100	98.020000	174.484000	164.757000	179.154000	189.107000	199.813000	229.192000	270.925000	300.490000	324.976000	228.445000	170.192000	168.325000	179.769000	158.711000	112.307000	129.436000	192.862000	239.621000	192.776000	189.834000	200.885000	125.952000	115.984000	23.640000	2.367960	0.000000	0.000000	1.118850	9.700390	19.302100	58.645700	116.119000	17.116100	0.000000	10.783300	0.000000	5.103600	1.056480	21.575700	14.192300	2.241680	40.146700	229.282000	53.857700	35.794800	0.000000	0.000000	96.010000	70.648900	53.131600	58.842600	82.604900	92.143000	98.901900	118.005000	121.171000	119.186000	121.019000	110.972000	97.617700	82.679600	68.523300	41.889500	26.776700	54.877800	102.358000	117.813000	107.397000	137.177000	111.114000	96.860000	90.510000	164.987000	190.538000	194.633000	186.524000	164.796000	161.798000	222.864000	255.596000	246.734000	116.357000	188.004000	212.460000	278.179000	278.414000	282.411000	303.886000	300.457000	265.074000	266.460000	263.736000	296.315000	217.074000	190.965000	0.337000	0.000000	0.294146	0.000000	0.232802	0.000000	0.135285	0.000000	0.079708	0.000000	0.103818	0.000000	0.108705	0.037800	0.094017	0.214400	0.116381	0.310500	0.135611	0.385300	61.240000	77.920200	80.538600	50.020600	38.452200	27.316100	27.855100	80.100000	71.822400	52.481400	45.944500	46.607500	0.158306	0.408800	0.155514	0.498300	0.134977	0.564000	0.106725	0.739400	0.091509	0.578900	0.077056	0.320200	0.063765	0.155300	0.088549	0.016000	0.111544	0.000000	0.147418	0.000000	0.246411	0.000000	0.341905	0.000000	0.272525	0.000000	0.306498	0.000000	0.875332	5.662150	5.281560	0.101507	15.759900	21.736200	21.614200	20.709400	0.283045	0.453987	0.000000	0.175601	0.000000	821.601000	9586.290000	2.244440	85.267600	0.046953	4102.590000	0.000000	0.085122	0.102988	0.014759	0.000000	
;
param Prob0 :=
    1	0.010
    2	0.010
    3	0.000
    4	0.010
    5	0.010
    6	0.000
    7	0.000
    8	0.010
    9	0.010
   10	0.010
   11	0.010
   12	0.020
   13	0.010
   14	0.000
   15	0.010
   16	0.010
   17	0.120
   18	0.010
   19	0.000
   20	0.000
   21	0.010
   22	0.010
   23	0.010
   24	0.010
   25	0.010
   26	0.010
   27	0.000
   28	0.010
   29	0.010
   30	0.010
   31	0.010
   32	0.010
   33	0.020
   34	0.010
   35	0.010
   36	0.010
   37	0.000
   38	0.010
   39	0.010
   40	0.000
   41	0.010
   42	0.010
   43	0.000
   44	0.000
   45	0.000
   46	0.000
   47	0.010
   48	0.010
   49	0.010
   50	0.010
   51	0.000
   52	0.000
   53	0.000
   54	0.010
   55	0.010
   56	0.010
   57	0.000
   58	0.010
   59	0.010
   60	0.000
   61	0.000
   62	0.000
   63	0.020
   64	0.000
   65	0.010
   66	0.010
   67	0.010
   68	0.010
   69	0.020
   70	0.010
   71	0.010
   72	0.010
   73	0.010
   74	0.000
   75	0.000
   76	0.000
   77	0.010
   78	0.010
   79	0.000
   80	0.010
   81	0.010
   82	0.000
   83	0.010
   84	0.010
   85	0.000
   86	0.010
   87	0.000
   88	0.010
   89	0.000
   90	0.000
   91	0.010
   92	0.000
   93	0.010
   94	0.010
   95	0.000
   96	0.190
   97	0.010
   98	0.010
   99	0.010
  100	0.000
;
set c[0,50] :=
50    8     16    24    32    40    48    57    65    73    81    89    97
1     9     17    25    33    41    49    58    66    74    82    90    98
2     10    18    26    34    42    51    59    67    75    83    91    99
3     11    19    27    35    43    52    60    68    76    84    92    100
4     12    20    28    36    44    53    61    69    77    85    93
5     13    21    29    37    45    54    62    70    78    86    94
6     14    22    30    38    46    55    63    71    79    87    95
7     15    23    31    39    47    56    64    72    80    88    96;
set c[1,96] := 96 3 7 14 19 43 44 45 46 52 60 61 64 74 75 82 87 89 90;
set c[1,40] := 40 6 17 20 37 51 57 62 79 85 92 95;
set c[1,10] := 10 2 12 15 18 27 34 36 41 53 59 69 71;
set c[1,30] := 30 23 49 80 94 99;
set c[1,39] :=
39   1    9    21   25   32   38   58   70   77   81
50   5    16   22   28   35   47   68   73   78   91;
set c[1,67] := 67 11 26 42 54 66;
set c[1,8] := 8 24 33 55 63 76 88 100;
set c[1,86] := 86 4 13 29 31 48 56 65 72 83 84 93 97 98;
set c[2,64] := 64 96 3 7 14 19 43 44 45 46 52 60 61 74 75 82 87 89 90;
set c[2,37] := 37 40 6 17 20 51 57 62 79 85 92 95;
set c[2,12] := 12 10 2 15 18 27 34 36 41 53 59 69 71;
set c[2,49] := 49;
set c[2,99] := 99;
set c[2,80] := 80;
set c[2,23] := 23;
set c[2,30] := 30;
set c[2,94] := 94;
set c[2,22] := 22;
set c[2,68] := 68;
set c[2,39] := 39;
set c[2,16] := 16;
set c[2,77] := 77;
set c[2,28] := 28;
set c[2,81] := 81;
set c[2,78] := 78;
set c[2,21] := 21;
set c[2,73] := 73;
set c[2,70] := 70;
set c[2,38] := 38;
set c[2,91] := 91;
set c[2,9] := 9;
set c[2,47] := 47;
set c[2,32] := 32;
set c[2,35] := 35;
set c[2,58] := 58;
set c[2,25] := 25;
set c[2,1] := 1;
set c[2,50] := 50;
set c[2,5] := 5;
set c[2,67] := 67;
set c[2,11] := 11;
set c[2,54] := 54;
set c[2,26] := 26;
set c[2,42] := 42;
set c[2,66] := 66;
set c[2,8] := 8;
set c[2,24] := 24 55;
set c[2,63] := 63 100;
set c[2,33] := 33 76;
set c[2,88] := 88;
set c[2,72] := 72;
set c[2,56] := 56;
set c[2,98] := 98;
set c[2,48] := 48;
set c[2,31] := 31;
set c[2,13] := 13;
set c[2,86] := 86;
set c[2,93] := 93;
set c[2,97] := 97;
set c[2,65] := 65;
set c[2,83] := 83;
set c[2,29] := 29;
set c[2,4] := 4;
set c[2,84] := 84;
set c[3,14] := 14 64 96 3 7 19 43 44 45 46 52 60 61 74 75 82 87 89 90;
set c[3,40] := 40 37 6 17 20 51 57 62 79 85 92 95;
set c[3,2] := 2 12 10 15 18 27 34 36 41 53 59 69 71;
set c[3,49] := 49;
set c[3,99] := 99;
set c[3,80] := 80;
set c[3,23] := 23;
set c[3,30] := 30;
set c[3,94] := 94;
set c[3,22] := 22;
set c[3,68] := 68;
set c[3,39] := 39;
set c[3,16] := 16;
set c[3,77] := 77;
set c[3,28] := 28;
set c[3,81] := 81;
set c[3,78] := 78;
set c[3,21] := 21;
set c[3,73] := 73;
set c[3,70] := 70;
set c[3,38] := 38;
set c[3,91] := 91;
set c[3,9] := 9;
set c[3,47] := 47;
set c[3,32] := 32;
set c[3,35] := 35;
set c[3,58] := 58;
set c[3,25] := 25;
set c[3,1] := 1;
set c[3,50] := 50;
set c[3,5] := 5;
set c[3,67] := 67;
set c[3,11] := 11;
set c[3,54] := 54;
set c[3,26] := 26;
set c[3,42] := 42;
set c[3,66] := 66;
set c[3,8] := 8;
set c[3,24] := 24 55;
set c[3,63] := 63 100;
set c[3,33] := 33 76;
set c[3,88] := 88;
set c[3,72] := 72;
set c[3,56] := 56;
set c[3,98] := 98;
set c[3,48] := 48;
set c[3,31] := 31;
set c[3,13] := 13;
set c[3,86] := 86;
set c[3,93] := 93;
set c[3,97] := 97;
set c[3,65] := 65;
set c[3,83] := 83;
set c[3,29] := 29;
set c[3,4] := 4;
set c[3,84] := 84;
set c[4,61] := 61 14 64 96 3 7 19 43 44 45 46 52 60 74 75 82 87 89 90;
set c[4,85] := 85 40 37 6 17 20 51 57 62 79 92 95;
set c[4,59] := 59 2 12 10 15 18 27 34 36 41 53 69 71;
set c[4,49] := 49;
set c[4,99] := 99;
set c[4,80] := 80;
set c[4,23] := 23;
set c[4,30] := 30;
set c[4,94] := 94;
set c[4,22] := 22;
set c[4,68] := 68;
set c[4,39] := 39;
set c[4,16] := 16;
set c[4,77] := 77;
set c[4,28] := 28;
set c[4,81] := 81;
set c[4,78] := 78;
set c[4,21] := 21;
set c[4,73] := 73;
set c[4,70] := 70;
set c[4,38] := 38;
set c[4,91] := 91;
set c[4,9] := 9;
set c[4,47] := 47;
set c[4,32] := 32;
set c[4,35] := 35;
set c[4,58] := 58;
set c[4,25] := 25;
set c[4,1] := 1;
set c[4,50] := 50;
set c[4,5] := 5;
set c[4,67] := 67;
set c[4,11] := 11;
set c[4,54] := 54;
set c[4,26] := 26;
set c[4,42] := 42;
set c[4,66] := 66;
set c[4,8] := 8;
set c[4,24] := 24 55;
set c[4,63] := 63 100;
set c[4,33] := 33 76;
set c[4,88] := 88;
set c[4,72] := 72;
set c[4,56] := 56;
set c[4,98] := 98;
set c[4,48] := 48;
set c[4,31] := 31;
set c[4,13] := 13;
set c[4,86] := 86;
set c[4,93] := 93;
set c[4,97] := 97;
set c[4,65] := 65;
set c[4,83] := 83;
set c[4,29] := 29;
set c[4,4] := 4;
set c[4,84] := 84;
set c[5,61] := 61 14 64 96 3 7 19 43 44 45 46 52 60 74 75 82 87 89 90;
set c[5,85] := 85 40 37 6 17 20 51 57 62 79 92 95;
set c[5,59] := 59 2 12 10 15 18 27 34 36 41 53 69 71;
set c[5,49] := 49;
set c[5,99] := 99;
set c[5,80] := 80;
set c[5,23] := 23;
set c[5,30] := 30;
set c[5,94] := 94;
set c[5,22] := 22;
set c[5,68] := 68;
set c[5,39] := 39;
set c[5,16] := 16;
set c[5,77] := 77;
set c[5,28] := 28;
set c[5,81] := 81;
set c[5,78] := 78;
set c[5,21] := 21;
set c[5,73] := 73;
set c[5,70] := 70;
set c[5,38] := 38;
set c[5,91] := 91;
set c[5,9] := 9;
set c[5,47] := 47;
set c[5,32] := 32;
set c[5,35] := 35;
set c[5,58] := 58;
set c[5,25] := 25;
set c[5,1] := 1;
set c[5,50] := 50;
set c[5,5] := 5;
set c[5,67] := 67;
set c[5,11] := 11;
set c[5,54] := 54;
set c[5,26] := 26;
set c[5,42] := 42;
set c[5,66] := 66;
set c[5,8] := 8;
set c[5,24] := 24 55;
set c[5,63] := 63 100;
set c[5,33] := 33 76;
set c[5,88] := 88;
set c[5,72] := 72;
set c[5,56] := 56;
set c[5,98] := 98;
set c[5,48] := 48;
set c[5,31] := 31;
set c[5,13] := 13;
set c[5,86] := 86;
set c[5,93] := 93;
set c[5,97] := 97;
set c[5,65] := 65;
set c[5,83] := 83;
set c[5,29] := 29;
set c[5,4] := 4;
set c[5,84] := 84;
set c[6,82] := 82 61 14 64 96 3 7 19 43 44 45 46 52 60 74 75 87 89 90;
set c[6,51] := 51 85 40 37 6 17 20 57 62 79 92 95;
set c[6,2] := 2 59 12 10 15 18 27 34 36 41 53 69 71;
set c[6,49] := 49;
set c[6,99] := 99;
set c[6,80] := 80;
set c[6,23] := 23;
set c[6,30] := 30;
set c[6,94] := 94;
set c[6,22] := 22;
set c[6,68] := 68;
set c[6,39] := 39;
set c[6,16] := 16;
set c[6,77] := 77;
set c[6,28] := 28;
set c[6,81] := 81;
set c[6,78] := 78;
set c[6,21] := 21;
set c[6,73] := 73;
set c[6,70] := 70;
set c[6,38] := 38;
set c[6,91] := 91;
set c[6,9] := 9;
set c[6,47] := 47;
set c[6,32] := 32;
set c[6,35] := 35;
set c[6,58] := 58;
set c[6,25] := 25;
set c[6,1] := 1;
set c[6,50] := 50;
set c[6,5] := 5;
set c[6,67] := 67;
set c[6,11] := 11;
set c[6,54] := 54;
set c[6,26] := 26;
set c[6,42] := 42;
set c[6,66] := 66;
set c[6,8] := 8;
set c[6,24] := 24 55;
set c[6,63] := 63 100;
set c[6,33] := 33 76;
set c[6,88] := 88;
set c[6,72] := 72;
set c[6,56] := 56;
set c[6,98] := 98;
set c[6,48] := 48;
set c[6,31] := 31;
set c[6,13] := 13;
set c[6,86] := 86;
set c[6,93] := 93;
set c[6,97] := 97;
set c[6,65] := 65;
set c[6,83] := 83;
set c[6,29] := 29;
set c[6,4] := 4;
set c[6,84] := 84;
set c[7,89] := 89 82 61 14 64 96 3 7 19 43 44 45 46 52 60 74 75 87 90;
set c[7,17] := 17 51 85 40 37 6 20 57 62 79 92 95;
set c[7,10] := 10 2 59 12 15 18 27 34 36 41 53 69 71;
set c[7,49] := 49;
set c[7,99] := 99;
set c[7,80] := 80;
set c[7,23] := 23;
set c[7,30] := 30;
set c[7,94] := 94;
set c[7,22] := 22;
set c[7,68] := 68;
set c[7,39] := 39;
set c[7,16] := 16;
set c[7,77] := 77;
set c[7,28] := 28;
set c[7,81] := 81;
set c[7,78] := 78;
set c[7,21] := 21;
set c[7,73] := 73;
set c[7,70] := 70;
set c[7,38] := 38;
set c[7,91] := 91;
set c[7,9] := 9;
set c[7,47] := 47;
set c[7,32] := 32;
set c[7,35] := 35;
set c[7,58] := 58;
set c[7,25] := 25;
set c[7,1] := 1;
set c[7,50] := 50;
set c[7,5] := 5;
set c[7,67] := 67;
set c[7,11] := 11;
set c[7,54] := 54;
set c[7,26] := 26;
set c[7,42] := 42;
set c[7,66] := 66;
set c[7,8] := 8;
set c[7,24] := 24 55;
set c[7,63] := 63 100;
set c[7,33] := 33 76;
set c[7,88] := 88;
set c[7,72] := 72;
set c[7,56] := 56;
set c[7,98] := 98;
set c[7,48] := 48;
set c[7,31] := 31;
set c[7,13] := 13;
set c[7,86] := 86;
set c[7,93] := 93;
set c[7,97] := 97;
set c[7,65] := 65;
set c[7,83] := 83;
set c[7,29] := 29;
set c[7,4] := 4;
set c[7,84] := 84;
set c[8,7] := 7 89 82 61 14 64 96 3 19 43 44 45 46 52 60 74 75 87 90;
set c[8,57] := 57 17 51 85 40 37 6 20 62 79 92 95;
set c[8,71] := 71 10 2 59 12 15 18 27 34 36 41 53 69;
set c[8,49] := 49;
set c[8,99] := 99;
set c[8,80] := 80;
set c[8,23] := 23;
set c[8,30] := 30;
set c[8,94] := 94;
set c[8,22] := 22;
set c[8,68] := 68;
set c[8,39] := 39;
set c[8,16] := 16;
set c[8,77] := 77;
set c[8,28] := 28;
set c[8,81] := 81;
set c[8,78] := 78;
set c[8,21] := 21;
set c[8,73] := 73;
set c[8,70] := 70;
set c[8,38] := 38;
set c[8,91] := 91;
set c[8,9] := 9;
set c[8,47] := 47;
set c[8,32] := 32;
set c[8,35] := 35;
set c[8,58] := 58;
set c[8,25] := 25;
set c[8,1] := 1;
set c[8,50] := 50;
set c[8,5] := 5;
set c[8,67] := 67;
set c[8,11] := 11;
set c[8,54] := 54;
set c[8,26] := 26;
set c[8,42] := 42;
set c[8,66] := 66;
set c[8,8] := 8;
set c[8,24] := 24 55;
set c[8,63] := 63 100;
set c[8,33] := 33 76;
set c[8,88] := 88;
set c[8,72] := 72;
set c[8,56] := 56;
set c[8,98] := 98;
set c[8,48] := 48;
set c[8,31] := 31;
set c[8,13] := 13;
set c[8,86] := 86;
set c[8,93] := 93;
set c[8,97] := 97;
set c[8,65] := 65;
set c[8,83] := 83;
set c[8,29] := 29;
set c[8,4] := 4;
set c[8,84] := 84;
set c[9,89] := 89 7 82 61 14 64 96 3 19 43 44 45 46 52 60 74 75 87 90;
set c[9,6] := 6 57 17 51 85 40 37 20 62 79 92 95;
set c[9,10] := 10 71 2 59 12 15 18 27 34 36 41 53 69;
set c[9,49] := 49;
set c[9,99] := 99;
set c[9,80] := 80;
set c[9,23] := 23;
set c[9,30] := 30;
set c[9,94] := 94;
set c[9,22] := 22;
set c[9,68] := 68;
set c[9,39] := 39;
set c[9,16] := 16;
set c[9,77] := 77;
set c[9,28] := 28;
set c[9,81] := 81;
set c[9,78] := 78;
set c[9,21] := 21;
set c[9,73] := 73;
set c[9,70] := 70;
set c[9,38] := 38;
set c[9,91] := 91;
set c[9,9] := 9;
set c[9,47] := 47;
set c[9,32] := 32;
set c[9,35] := 35;
set c[9,58] := 58;
set c[9,25] := 25;
set c[9,1] := 1;
set c[9,50] := 50;
set c[9,5] := 5;
set c[9,67] := 67;
set c[9,11] := 11;
set c[9,54] := 54;
set c[9,26] := 26;
set c[9,42] := 42;
set c[9,66] := 66;
set c[9,8] := 8;
set c[9,24] := 24 55;
set c[9,63] := 63 100;
set c[9,33] := 33 76;
set c[9,88] := 88;
set c[9,72] := 72;
set c[9,56] := 56;
set c[9,98] := 98;
set c[9,48] := 48;
set c[9,31] := 31;
set c[9,13] := 13;
set c[9,86] := 86;
set c[9,93] := 93;
set c[9,97] := 97;
set c[9,65] := 65;
set c[9,83] := 83;
set c[9,29] := 29;
set c[9,4] := 4;
set c[9,84] := 84;
set c[10,96] := 96 89 7 82 61 14 64 3 19 43 44 45 46 52 60 74 75 87 90;
set c[10,79] := 79 6 57 17 51 85 40 37 20 62 92 95;
set c[10,59] := 59 10 71 2 12 15 18 27 34 36 41 53 69;
set c[10,49] := 49;
set c[10,99] := 99;
set c[10,80] := 80;
set c[10,23] := 23;
set c[10,30] := 30;
set c[10,94] := 94;
set c[10,22] := 22;
set c[10,68] := 68;
set c[10,39] := 39;
set c[10,16] := 16;
set c[10,77] := 77;
set c[10,28] := 28;
set c[10,81] := 81;
set c[10,78] := 78;
set c[10,21] := 21;
set c[10,73] := 73;
set c[10,70] := 70;
set c[10,38] := 38;
set c[10,91] := 91;
set c[10,9] := 9;
set c[10,47] := 47;
set c[10,32] := 32;
set c[10,35] := 35;
set c[10,58] := 58;
set c[10,25] := 25;
set c[10,1] := 1;
set c[10,50] := 50;
set c[10,5] := 5;
set c[10,67] := 67;
set c[10,11] := 11;
set c[10,54] := 54;
set c[10,26] := 26;
set c[10,42] := 42;
set c[10,66] := 66;
set c[10,8] := 8;
set c[10,24] := 24 55;
set c[10,63] := 63 100;
set c[10,33] := 33 76;
set c[10,88] := 88;
set c[10,72] := 72;
set c[10,56] := 56;
set c[10,98] := 98;
set c[10,48] := 48;
set c[10,31] := 31;
set c[10,13] := 13;
set c[10,86] := 86;
set c[10,93] := 93;
set c[10,97] := 97;
set c[10,65] := 65;
set c[10,83] := 83;
set c[10,29] := 29;
set c[10,4] := 4;
set c[10,84] := 84;
set c[11,3] := 3 96 89 7 82 61 14 64 19 43 44 45 46 52 60 74 75 87 90;
set c[11,95] := 95 79 6 57 17 51 85 40 37 20 62 92;
set c[11,36] := 36 59 10 71 2 12 15 18 27 34 41 53 69;
set c[11,49] := 49;
set c[11,99] := 99;
set c[11,80] := 80;
set c[11,23] := 23;
set c[11,30] := 30;
set c[11,94] := 94;
set c[11,22] := 22;
set c[11,68] := 68;
set c[11,39] := 39;
set c[11,16] := 16;
set c[11,77] := 77;
set c[11,28] := 28;
set c[11,81] := 81;
set c[11,78] := 78;
set c[11,21] := 21;
set c[11,73] := 73;
set c[11,70] := 70;
set c[11,38] := 38;
set c[11,91] := 91;
set c[11,9] := 9;
set c[11,47] := 47;
set c[11,32] := 32;
set c[11,35] := 35;
set c[11,58] := 58;
set c[11,25] := 25;
set c[11,1] := 1;
set c[11,50] := 50;
set c[11,5] := 5;
set c[11,67] := 67;
set c[11,11] := 11;
set c[11,54] := 54;
set c[11,26] := 26;
set c[11,42] := 42;
set c[11,66] := 66;
set c[11,8] := 8;
set c[11,24] := 24 55;
set c[11,63] := 63 100;
set c[11,33] := 33 76;
set c[11,88] := 88;
set c[11,72] := 72;
set c[11,56] := 56;
set c[11,98] := 98;
set c[11,48] := 48;
set c[11,31] := 31;
set c[11,13] := 13;
set c[11,86] := 86;
set c[11,93] := 93;
set c[11,97] := 97;
set c[11,65] := 65;
set c[11,83] := 83;
set c[11,29] := 29;
set c[11,4] := 4;
set c[11,84] := 84;
set c[12,60] := 60 3 96 89 7 82 61 14 64 19 43 44 45 46 52 74 75 87 90;
set c[12,95] := 95 79 6 57 17 51 85 40 37 20 62 92;
set c[12,12] := 12 36 59 10 71 2 15 18 27 34 41 53 69;
set c[12,49] := 49;
set c[12,99] := 99;
set c[12,80] := 80;
set c[12,23] := 23;
set c[12,30] := 30;
set c[12,94] := 94;
set c[12,22] := 22;
set c[12,68] := 68;
set c[12,39] := 39;
set c[12,16] := 16;
set c[12,77] := 77;
set c[12,28] := 28;
set c[12,81] := 81;
set c[12,78] := 78;
set c[12,21] := 21;
set c[12,73] := 73;
set c[12,70] := 70;
set c[12,38] := 38;
set c[12,91] := 91;
set c[12,9] := 9;
set c[12,47] := 47;
set c[12,32] := 32;
set c[12,35] := 35;
set c[12,58] := 58;
set c[12,25] := 25;
set c[12,1] := 1;
set c[12,50] := 50;
set c[12,5] := 5;
set c[12,67] := 67;
set c[12,11] := 11;
set c[12,54] := 54;
set c[12,26] := 26;
set c[12,42] := 42;
set c[12,66] := 66;
set c[12,8] := 8;
set c[12,24] := 24 55;
set c[12,63] := 63 100;
set c[12,33] := 33 76;
set c[12,88] := 88;
set c[12,72] := 72;
set c[12,56] := 56;
set c[12,98] := 98;
set c[12,48] := 48;
set c[12,31] := 31;
set c[12,13] := 13;
set c[12,86] := 86;
set c[12,93] := 93;
set c[12,97] := 97;
set c[12,65] := 65;
set c[12,83] := 83;
set c[12,29] := 29;
set c[12,4] := 4;
set c[12,84] := 84;
set c[13,19] := 19 60 3 96 89 7 82 61 14 64 43 44 45 46 52 74 75 87 90;
set c[13,95] := 95 79 6 57 17 51 85 40 37 20 62 92;
set c[13,10] := 10 12 36 59 71 2 15 18 27 34 41 53 69;
set c[13,49] := 49;
set c[13,99] := 99;
set c[13,80] := 80;
set c[13,23] := 23;
set c[13,30] := 30;
set c[13,94] := 94;
set c[13,22] := 22;
set c[13,68] := 68;
set c[13,39] := 39;
set c[13,16] := 16;
set c[13,77] := 77;
set c[13,28] := 28;
set c[13,81] := 81;
set c[13,78] := 78;
set c[13,21] := 21;
set c[13,73] := 73;
set c[13,70] := 70;
set c[13,38] := 38;
set c[13,91] := 91;
set c[13,9] := 9;
set c[13,47] := 47;
set c[13,32] := 32;
set c[13,35] := 35;
set c[13,58] := 58;
set c[13,25] := 25;
set c[13,1] := 1;
set c[13,50] := 50;
set c[13,5] := 5;
set c[13,67] := 67;
set c[13,11] := 11;
set c[13,54] := 54;
set c[13,26] := 26;
set c[13,42] := 42;
set c[13,66] := 66;
set c[13,8] := 8;
set c[13,24] := 24 55;
set c[13,63] := 63 100;
set c[13,33] := 33 76;
set c[13,88] := 88;
set c[13,72] := 72;
set c[13,56] := 56;
set c[13,98] := 98;
set c[13,48] := 48;
set c[13,31] := 31;
set c[13,13] := 13;
set c[13,86] := 86;
set c[13,93] := 93;
set c[13,97] := 97;
set c[13,65] := 65;
set c[13,83] := 83;
set c[13,29] := 29;
set c[13,4] := 4;
set c[13,84] := 84;
set c[14,82] := 82 19 60 3 96 89 7 61 14 64 43 44 45 46 52 74 75 87 90;
set c[14,20] := 20 95 79 6 57 17 51 85 40 37 62 92;
set c[14,15] := 15 10 12 36 59 71 2 18 27 34 41 53 69;
set c[14,49] := 49;
set c[14,99] := 99;
set c[14,80] := 80;
set c[14,23] := 23;
set c[14,30] := 30;
set c[14,94] := 94;
set c[14,22] := 22;
set c[14,68] := 68;
set c[14,39] := 39;
set c[14,16] := 16;
set c[14,77] := 77;
set c[14,28] := 28;
set c[14,81] := 81;
set c[14,78] := 78;
set c[14,21] := 21;
set c[14,73] := 73;
set c[14,70] := 70;
set c[14,38] := 38;
set c[14,91] := 91;
set c[14,9] := 9;
set c[14,47] := 47;
set c[14,32] := 32;
set c[14,35] := 35;
set c[14,58] := 58;
set c[14,25] := 25;
set c[14,1] := 1;
set c[14,50] := 50;
set c[14,5] := 5;
set c[14,67] := 67;
set c[14,11] := 11;
set c[14,54] := 54;
set c[14,26] := 26;
set c[14,42] := 42;
set c[14,66] := 66;
set c[14,8] := 8;
set c[14,24] := 24 55;
set c[14,63] := 63 100;
set c[14,33] := 33 76;
set c[14,88] := 88;
set c[14,72] := 72;
set c[14,56] := 56;
set c[14,98] := 98;
set c[14,48] := 48;
set c[14,31] := 31;
set c[14,13] := 13;
set c[14,86] := 86;
set c[14,93] := 93;
set c[14,97] := 97;
set c[14,65] := 65;
set c[14,83] := 83;
set c[14,29] := 29;
set c[14,4] := 4;
set c[14,84] := 84;
set c[15,19] := 19 82 60 3 96 89 7 61 14 64 43 44 45 46 52 74 75 87 90;
set c[15,62] := 62 20 95 79 6 57 17 51 85 40 37 92;
set c[15,69] := 69 15 10 12 36 59 71 2 18 27 34 41 53;
set c[15,49] := 49;
set c[15,99] := 99;
set c[15,80] := 80;
set c[15,23] := 23;
set c[15,30] := 30;
set c[15,94] := 94;
set c[15,22] := 22;
set c[15,68] := 68;
set c[15,39] := 39;
set c[15,16] := 16;
set c[15,77] := 77;
set c[15,28] := 28;
set c[15,81] := 81;
set c[15,78] := 78;
set c[15,21] := 21;
set c[15,73] := 73;
set c[15,70] := 70;
set c[15,38] := 38;
set c[15,91] := 91;
set c[15,9] := 9;
set c[15,47] := 47;
set c[15,32] := 32;
set c[15,35] := 35;
set c[15,58] := 58;
set c[15,25] := 25;
set c[15,1] := 1;
set c[15,50] := 50;
set c[15,5] := 5;
set c[15,67] := 67;
set c[15,11] := 11;
set c[15,54] := 54;
set c[15,26] := 26;
set c[15,42] := 42;
set c[15,66] := 66;
set c[15,8] := 8;
set c[15,24] := 24 55;
set c[15,63] := 63 100;
set c[15,33] := 33 76;
set c[15,88] := 88;
set c[15,72] := 72;
set c[15,56] := 56;
set c[15,98] := 98;
set c[15,48] := 48;
set c[15,31] := 31;
set c[15,13] := 13;
set c[15,86] := 86;
set c[15,93] := 93;
set c[15,97] := 97;
set c[15,65] := 65;
set c[15,83] := 83;
set c[15,29] := 29;
set c[15,4] := 4;
set c[15,84] := 84;
set c[16,43] := 43 19 82 60 3 96 89 7 61 14 64 44 45 46 52 74 75 87 90;
set c[16,20] := 20 62 95 79 6 57 17 51 85 40 37 92;
set c[16,36] := 36 69 15 10 12 59 71 2 18 27 34 41 53;
set c[16,49] := 49;
set c[16,99] := 99;
set c[16,80] := 80;
set c[16,23] := 23;
set c[16,30] := 30;
set c[16,94] := 94;
set c[16,22] := 22;
set c[16,68] := 68;
set c[16,39] := 39;
set c[16,16] := 16;
set c[16,77] := 77;
set c[16,28] := 28;
set c[16,81] := 81;
set c[16,78] := 78;
set c[16,21] := 21;
set c[16,73] := 73;
set c[16,70] := 70;
set c[16,38] := 38;
set c[16,91] := 91;
set c[16,9] := 9;
set c[16,47] := 47;
set c[16,32] := 32;
set c[16,35] := 35;
set c[16,58] := 58;
set c[16,25] := 25;
set c[16,1] := 1;
set c[16,50] := 50;
set c[16,5] := 5;
set c[16,67] := 67;
set c[16,11] := 11;
set c[16,54] := 54;
set c[16,26] := 26;
set c[16,42] := 42;
set c[16,66] := 66;
set c[16,8] := 8;
set c[16,24] := 24 55;
set c[16,63] := 63 100;
set c[16,33] := 33 76;
set c[16,88] := 88;
set c[16,72] := 72;
set c[16,56] := 56;
set c[16,98] := 98;
set c[16,48] := 48;
set c[16,31] := 31;
set c[16,13] := 13;
set c[16,86] := 86;
set c[16,93] := 93;
set c[16,97] := 97;
set c[16,65] := 65;
set c[16,83] := 83;
set c[16,29] := 29;
set c[16,4] := 4;
set c[16,84] := 84;
set c[17,87] := 87 43 19 82 60 3 96 89 7 61 14 64 44 45 46 52 74 75 90;
set c[17,20] := 20 62 95 79 6 57 17 51 85 40 37 92;
set c[17,36] := 36 69 15 10 12 59 71 2 18 27 34 41 53;
set c[17,49] := 49;
set c[17,99] := 99;
set c[17,80] := 80;
set c[17,23] := 23;
set c[17,30] := 30;
set c[17,94] := 94;
set c[17,22] := 22;
set c[17,68] := 68;
set c[17,39] := 39;
set c[17,16] := 16;
set c[17,77] := 77;
set c[17,28] := 28;
set c[17,81] := 81;
set c[17,78] := 78;
set c[17,21] := 21;
set c[17,73] := 73;
set c[17,70] := 70;
set c[17,38] := 38;
set c[17,91] := 91;
set c[17,9] := 9;
set c[17,47] := 47;
set c[17,32] := 32;
set c[17,35] := 35;
set c[17,58] := 58;
set c[17,25] := 25;
set c[17,1] := 1;
set c[17,50] := 50;
set c[17,5] := 5;
set c[17,67] := 67;
set c[17,11] := 11;
set c[17,54] := 54;
set c[17,26] := 26;
set c[17,42] := 42;
set c[17,66] := 66;
set c[17,8] := 8;
set c[17,24] := 24 55;
set c[17,63] := 63 100;
set c[17,33] := 33 76;
set c[17,88] := 88;
set c[17,72] := 72;
set c[17,56] := 56;
set c[17,98] := 98;
set c[17,48] := 48;
set c[17,31] := 31;
set c[17,13] := 13;
set c[17,86] := 86;
set c[17,93] := 93;
set c[17,97] := 97;
set c[17,65] := 65;
set c[17,83] := 83;
set c[17,29] := 29;
set c[17,4] := 4;
set c[17,84] := 84;
set c[18,90] := 90 87 43 19 82 60 3 96 89 7 61 14 64 44 45 46 52 74 75;
set c[18,20] := 20 62 95 79 6 57 17 51 85 40 37 92;
set c[18,36] := 36 69 15 10 12 59 71 2 18 27 34 41 53;
set c[18,49] := 49;
set c[18,99] := 99;
set c[18,80] := 80;
set c[18,23] := 23;
set c[18,30] := 30;
set c[18,94] := 94;
set c[18,22] := 22;
set c[18,68] := 68;
set c[18,39] := 39;
set c[18,16] := 16;
set c[18,77] := 77;
set c[18,28] := 28;
set c[18,81] := 81;
set c[18,78] := 78;
set c[18,21] := 21;
set c[18,73] := 73;
set c[18,70] := 70;
set c[18,38] := 38;
set c[18,91] := 91;
set c[18,9] := 9;
set c[18,47] := 47;
set c[18,32] := 32;
set c[18,35] := 35;
set c[18,58] := 58;
set c[18,25] := 25;
set c[18,1] := 1;
set c[18,50] := 50;
set c[18,5] := 5;
set c[18,67] := 67;
set c[18,11] := 11;
set c[18,54] := 54;
set c[18,26] := 26;
set c[18,42] := 42;
set c[18,66] := 66;
set c[18,8] := 8;
set c[18,24] := 24 55;
set c[18,63] := 63 100;
set c[18,33] := 33 76;
set c[18,88] := 88;
set c[18,72] := 72;
set c[18,56] := 56;
set c[18,98] := 98;
set c[18,48] := 48;
set c[18,31] := 31;
set c[18,13] := 13;
set c[18,86] := 86;
set c[18,93] := 93;
set c[18,97] := 97;
set c[18,65] := 65;
set c[18,83] := 83;
set c[18,29] := 29;
set c[18,4] := 4;
set c[18,84] := 84;
set c[19,74] := 74 90 87 43 19 82 60 3 96 89 7 61 14 64 44 45 46 52 75;
set c[19,79] := 79 20 62 95 6 57 17 51 85 40 37 92;
set c[19,27] := 27 36 69 15 10 12 59 71 2 18 34 41 53;
set c[19,49] := 49;
set c[19,99] := 99;
set c[19,80] := 80;
set c[19,23] := 23;
set c[19,30] := 30;
set c[19,94] := 94;
set c[19,22] := 22;
set c[19,68] := 68;
set c[19,39] := 39;
set c[19,16] := 16;
set c[19,77] := 77;
set c[19,28] := 28;
set c[19,81] := 81;
set c[19,78] := 78;
set c[19,21] := 21;
set c[19,73] := 73;
set c[19,70] := 70;
set c[19,38] := 38;
set c[19,91] := 91;
set c[19,9] := 9;
set c[19,47] := 47;
set c[19,32] := 32;
set c[19,35] := 35;
set c[19,58] := 58;
set c[19,25] := 25;
set c[19,1] := 1;
set c[19,50] := 50;
set c[19,5] := 5;
set c[19,67] := 67;
set c[19,11] := 11;
set c[19,54] := 54;
set c[19,26] := 26;
set c[19,42] := 42;
set c[19,66] := 66;
set c[19,8] := 8;
set c[19,24] := 24 55;
set c[19,63] := 63 100;
set c[19,33] := 33 76;
set c[19,88] := 88;
set c[19,72] := 72;
set c[19,56] := 56;
set c[19,98] := 98;
set c[19,48] := 48;
set c[19,31] := 31;
set c[19,13] := 13;
set c[19,86] := 86;
set c[19,93] := 93;
set c[19,97] := 97;
set c[19,65] := 65;
set c[19,83] := 83;
set c[19,29] := 29;
set c[19,4] := 4;
set c[19,84] := 84;
set c[20,43] := 43 74 90 87 19 82 60 3 96 89 7 61 14 64 44 45 46 52 75;
set c[20,79] := 79 20 62 95 6 57 17 51 85 40 37 92;
set c[20,71] := 71 27 36 69 15 10 12 59 2 18 34 41 53;
set c[20,49] := 49;
set c[20,99] := 99;
set c[20,80] := 80;
set c[20,23] := 23;
set c[20,30] := 30;
set c[20,94] := 94;
set c[20,22] := 22;
set c[20,68] := 68;
set c[20,39] := 39;
set c[20,16] := 16;
set c[20,77] := 77;
set c[20,28] := 28;
set c[20,81] := 81;
set c[20,78] := 78;
set c[20,21] := 21;
set c[20,73] := 73;
set c[20,70] := 70;
set c[20,38] := 38;
set c[20,91] := 91;
set c[20,9] := 9;
set c[20,47] := 47;
set c[20,32] := 32;
set c[20,35] := 35;
set c[20,58] := 58;
set c[20,25] := 25;
set c[20,1] := 1;
set c[20,50] := 50;
set c[20,5] := 5;
set c[20,67] := 67;
set c[20,11] := 11;
set c[20,54] := 54;
set c[20,26] := 26;
set c[20,42] := 42;
set c[20,66] := 66;
set c[20,8] := 8;
set c[20,24] := 24 55;
set c[20,63] := 63 100;
set c[20,33] := 33 76;
set c[20,88] := 88;
set c[20,72] := 72;
set c[20,56] := 56;
set c[20,98] := 98;
set c[20,48] := 48;
set c[20,31] := 31;
set c[20,13] := 13;
set c[20,86] := 86;
set c[20,93] := 93;
set c[20,97] := 97;
set c[20,65] := 65;
set c[20,83] := 83;
set c[20,29] := 29;
set c[20,4] := 4;
set c[20,84] := 84;
set c[21,87] := 87 43 74 90 19 82 60 3 96 89 7 61 14 64 44 45 46 52 75;
set c[21,51] := 51 79 20 62 95 6 57 17 85 40 37 92;
set c[21,10] := 10 71 27 36 69 15 12 59 2 18 34 41 53;
set c[21,49] := 49;
set c[21,99] := 99;
set c[21,80] := 80;
set c[21,23] := 23;
set c[21,30] := 30;
set c[21,94] := 94;
set c[21,22] := 22;
set c[21,68] := 68;
set c[21,39] := 39;
set c[21,16] := 16;
set c[21,77] := 77;
set c[21,28] := 28;
set c[21,81] := 81;
set c[21,78] := 78;
set c[21,21] := 21;
set c[21,73] := 73;
set c[21,70] := 70;
set c[21,38] := 38;
set c[21,91] := 91;
set c[21,9] := 9;
set c[21,47] := 47;
set c[21,32] := 32;
set c[21,35] := 35;
set c[21,58] := 58;
set c[21,25] := 25;
set c[21,1] := 1;
set c[21,50] := 50;
set c[21,5] := 5;
set c[21,67] := 67;
set c[21,11] := 11;
set c[21,54] := 54;
set c[21,26] := 26;
set c[21,42] := 42;
set c[21,66] := 66;
set c[21,8] := 8;
set c[21,24] := 24 55;
set c[21,63] := 63 100;
set c[21,33] := 33 76;
set c[21,88] := 88;
set c[21,72] := 72;
set c[21,56] := 56;
set c[21,98] := 98;
set c[21,48] := 48;
set c[21,31] := 31;
set c[21,13] := 13;
set c[21,86] := 86;
set c[21,93] := 93;
set c[21,97] := 97;
set c[21,65] := 65;
set c[21,83] := 83;
set c[21,29] := 29;
set c[21,4] := 4;
set c[21,84] := 84;
set c[22,74] := 74 87 43 90 19 82 60 3 96 89 7 61 14 64 44 45 46 52 75;
set c[22,51] := 51 79 20 62 95 6 57 17 85 40 37 92;
set c[22,12] := 12 10 71 27 36 69 15 59 2 18 34 41 53;
set c[22,49] := 49;
set c[22,99] := 99;
set c[22,80] := 80;
set c[22,23] := 23;
set c[22,30] := 30;
set c[22,94] := 94;
set c[22,22] := 22;
set c[22,68] := 68;
set c[22,39] := 39;
set c[22,16] := 16;
set c[22,77] := 77;
set c[22,28] := 28;
set c[22,81] := 81;
set c[22,78] := 78;
set c[22,21] := 21;
set c[22,73] := 73;
set c[22,70] := 70;
set c[22,38] := 38;
set c[22,91] := 91;
set c[22,9] := 9;
set c[22,47] := 47;
set c[22,32] := 32;
set c[22,35] := 35;
set c[22,58] := 58;
set c[22,25] := 25;
set c[22,1] := 1;
set c[22,50] := 50;
set c[22,5] := 5;
set c[22,67] := 67;
set c[22,11] := 11;
set c[22,54] := 54;
set c[22,26] := 26;
set c[22,42] := 42;
set c[22,66] := 66;
set c[22,8] := 8;
set c[22,24] := 24 55;
set c[22,63] := 63 100;
set c[22,33] := 33 76;
set c[22,88] := 88;
set c[22,72] := 72;
set c[22,56] := 56;
set c[22,98] := 98;
set c[22,48] := 48;
set c[22,31] := 31;
set c[22,13] := 13;
set c[22,86] := 86;
set c[22,93] := 93;
set c[22,97] := 97;
set c[22,65] := 65;
set c[22,83] := 83;
set c[22,29] := 29;
set c[22,4] := 4;
set c[22,84] := 84;
set c[23,64] := 64 74 87 43 90 19 82 60 3 96 89 7 61 14 44 45 46 52 75;
set c[23,17] := 17 51 79 20 62 95 6 57 85 40 37 92;
set c[23,2] := 2;
set c[23,10] := 10;
set c[23,71] := 71;
set c[23,69] := 69 27;
set c[23,59] := 59;
set c[23,12] := 12 53;
set c[23,34] := 34;
set c[23,15] := 15;
set c[23,36] := 36 18 41;
set c[23,49] := 49;
set c[23,99] := 99;
set c[23,80] := 80;
set c[23,23] := 23;
set c[23,30] := 30;
set c[23,94] := 94;
set c[23,22] := 22;
set c[23,68] := 68;
set c[23,39] := 39;
set c[23,16] := 16;
set c[23,77] := 77;
set c[23,28] := 28;
set c[23,81] := 81;
set c[23,78] := 78;
set c[23,21] := 21;
set c[23,73] := 73;
set c[23,70] := 70;
set c[23,38] := 38;
set c[23,91] := 91;
set c[23,9] := 9;
set c[23,47] := 47;
set c[23,32] := 32;
set c[23,35] := 35;
set c[23,58] := 58;
set c[23,25] := 25;
set c[23,1] := 1;
set c[23,50] := 50;
set c[23,5] := 5;
set c[23,67] := 67;
set c[23,11] := 11;
set c[23,54] := 54;
set c[23,26] := 26;
set c[23,42] := 42;
set c[23,66] := 66;
set c[23,8] := 8;
set c[23,24] := 24;
set c[23,55] := 55;
set c[23,63] := 63 100;
set c[23,33] := 33 76;
set c[23,88] := 88;
set c[23,72] := 72;
set c[23,56] := 56;
set c[23,98] := 98;
set c[23,48] := 48;
set c[23,31] := 31;
set c[23,13] := 13;
set c[23,86] := 86;
set c[23,93] := 93;
set c[23,97] := 97;
set c[23,65] := 65;
set c[23,83] := 83;
set c[23,29] := 29;
set c[23,4] := 4;
set c[23,84] := 84;
set c[24,87] := 87 64 74 43 90 19 82 60 3 96 89 7 61 14 44 45 46 52 75;
set c[24,17] := 17 51 79 20 62 95 6 57 85 40 37 92;
set c[24,2] := 2;
set c[24,10] := 10;
set c[24,71] := 71;
set c[24,69] := 69 27;
set c[24,59] := 59;
set c[24,12] := 12 53;
set c[24,34] := 34;
set c[24,15] := 15;
set c[24,41] := 41 36 18;
set c[24,49] := 49;
set c[24,99] := 99;
set c[24,80] := 80;
set c[24,23] := 23;
set c[24,30] := 30;
set c[24,94] := 94;
set c[24,22] := 22;
set c[24,68] := 68;
set c[24,39] := 39;
set c[24,16] := 16;
set c[24,77] := 77;
set c[24,28] := 28;
set c[24,81] := 81;
set c[24,78] := 78;
set c[24,21] := 21;
set c[24,73] := 73;
set c[24,70] := 70;
set c[24,38] := 38;
set c[24,91] := 91;
set c[24,9] := 9;
set c[24,47] := 47;
set c[24,32] := 32;
set c[24,35] := 35;
set c[24,58] := 58;
set c[24,25] := 25;
set c[24,1] := 1;
set c[24,50] := 50;
set c[24,5] := 5;
set c[24,67] := 67;
set c[24,11] := 11;
set c[24,54] := 54;
set c[24,26] := 26;
set c[24,42] := 42;
set c[24,66] := 66;
set c[24,8] := 8;
set c[24,24] := 24;
set c[24,55] := 55;
set c[24,63] := 63 100;
set c[24,33] := 33 76;
set c[24,88] := 88;
set c[24,72] := 72;
set c[24,56] := 56;
set c[24,98] := 98;
set c[24,48] := 48;
set c[24,31] := 31;
set c[24,13] := 13;
set c[24,86] := 86;
set c[24,93] := 93;
set c[24,97] := 97;
set c[24,65] := 65;
set c[24,83] := 83;
set c[24,29] := 29;
set c[24,4] := 4;
set c[24,84] := 84;
set c[25,60] := 60 87 64 74 43 90 19 82 3 96 89 7 61 14 44 45 46 52 75;
set c[25,17] := 17 51 79 20 62 95 6 57 85 40 37 92;
set c[25,2] := 2;
set c[25,10] := 10;
set c[25,71] := 71;
set c[25,69] := 69 27;
set c[25,59] := 59;
set c[25,12] := 12 53;
set c[25,34] := 34;
set c[25,15] := 15;
set c[25,41] := 41;
set c[25,36] := 36;
set c[25,18] := 18;
set c[25,49] := 49;
set c[25,99] := 99;
set c[25,80] := 80;
set c[25,23] := 23;
set c[25,30] := 30;
set c[25,94] := 94;
set c[25,22] := 22;
set c[25,68] := 68;
set c[25,39] := 39;
set c[25,16] := 16;
set c[25,77] := 77;
set c[25,28] := 28;
set c[25,81] := 81;
set c[25,78] := 78;
set c[25,21] := 21;
set c[25,73] := 73;
set c[25,70] := 70;
set c[25,38] := 38;
set c[25,91] := 91;
set c[25,9] := 9;
set c[25,47] := 47;
set c[25,32] := 32;
set c[25,35] := 35;
set c[25,58] := 58;
set c[25,25] := 25;
set c[25,1] := 1;
set c[25,50] := 50;
set c[25,5] := 5;
set c[25,67] := 67;
set c[25,11] := 11;
set c[25,54] := 54;
set c[25,26] := 26;
set c[25,42] := 42;
set c[25,66] := 66;
set c[25,8] := 8;
set c[25,24] := 24;
set c[25,55] := 55;
set c[25,63] := 63 100;
set c[25,33] := 33 76;
set c[25,88] := 88;
set c[25,72] := 72;
set c[25,56] := 56;
set c[25,98] := 98;
set c[25,48] := 48;
set c[25,31] := 31;
set c[25,13] := 13;
set c[25,86] := 86;
set c[25,93] := 93;
set c[25,97] := 97;
set c[25,65] := 65;
set c[25,83] := 83;
set c[25,29] := 29;
set c[25,4] := 4;
set c[25,84] := 84;
set c[26,75] := 75 60 87 64 74 43 90 19 82 3 96 89 7 61 14 44 45 46 52;
set c[26,85] := 85 17 51 79 20 62 95 6 57 40 37 92;
set c[26,2] := 2;
set c[26,10] := 10;
set c[26,71] := 71;
set c[26,69] := 69 27;
set c[26,59] := 59;
set c[26,12] := 12 53;
set c[26,34] := 34;
set c[26,15] := 15;
set c[26,41] := 41;
set c[26,36] := 36;
set c[26,18] := 18;
set c[26,49] := 49;
set c[26,99] := 99;
set c[26,80] := 80;
set c[26,23] := 23;
set c[26,30] := 30;
set c[26,94] := 94;
set c[26,22] := 22;
set c[26,68] := 68;
set c[26,39] := 39;
set c[26,16] := 16;
set c[26,77] := 77;
set c[26,28] := 28;
set c[26,81] := 81;
set c[26,78] := 78;
set c[26,21] := 21;
set c[26,73] := 73;
set c[26,70] := 70;
set c[26,38] := 38;
set c[26,91] := 91;
set c[26,9] := 9;
set c[26,47] := 47;
set c[26,32] := 32;
set c[26,35] := 35;
set c[26,58] := 58;
set c[26,25] := 25;
set c[26,1] := 1;
set c[26,50] := 50;
set c[26,5] := 5;
set c[26,67] := 67;
set c[26,11] := 11;
set c[26,54] := 54;
set c[26,26] := 26;
set c[26,42] := 42;
set c[26,66] := 66;
set c[26,8] := 8;
set c[26,24] := 24;
set c[26,55] := 55;
set c[26,63] := 63 100;
set c[26,33] := 33 76;
set c[26,88] := 88;
set c[26,72] := 72;
set c[26,56] := 56;
set c[26,98] := 98;
set c[26,48] := 48;
set c[26,31] := 31;
set c[26,13] := 13;
set c[26,86] := 86;
set c[26,93] := 93;
set c[26,97] := 97;
set c[26,65] := 65;
set c[26,83] := 83;
set c[26,29] := 29;
set c[26,4] := 4;
set c[26,84] := 84;
set c[27,7] := 7 75 60 87 64 74 43 90 19 82 3 96 89 61 14 44 45 46 52;
set c[27,17] := 17 85 51 79 20 62 95 6 57 40 37 92;
set c[27,2] := 2;
set c[27,10] := 10;
set c[27,71] := 71;
set c[27,69] := 69 27;
set c[27,59] := 59;
set c[27,12] := 12 53;
set c[27,34] := 34;
set c[27,15] := 15;
set c[27,41] := 41;
set c[27,36] := 36;
set c[27,18] := 18;
set c[27,49] := 49;
set c[27,99] := 99;
set c[27,80] := 80;
set c[27,23] := 23;
set c[27,30] := 30;
set c[27,94] := 94;
set c[27,22] := 22;
set c[27,68] := 68;
set c[27,39] := 39;
set c[27,16] := 16;
set c[27,77] := 77;
set c[27,28] := 28;
set c[27,81] := 81;
set c[27,78] := 78;
set c[27,21] := 21;
set c[27,73] := 73;
set c[27,70] := 70;
set c[27,38] := 38;
set c[27,91] := 91;
set c[27,9] := 9;
set c[27,47] := 47;
set c[27,32] := 32;
set c[27,35] := 35;
set c[27,58] := 58;
set c[27,25] := 25;
set c[27,1] := 1;
set c[27,50] := 50;
set c[27,5] := 5;
set c[27,67] := 67;
set c[27,11] := 11;
set c[27,54] := 54;
set c[27,26] := 26;
set c[27,42] := 42;
set c[27,66] := 66;
set c[27,8] := 8;
set c[27,24] := 24;
set c[27,55] := 55;
set c[27,63] := 63 100;
set c[27,33] := 33 76;
set c[27,88] := 88;
set c[27,72] := 72;
set c[27,56] := 56;
set c[27,98] := 98;
set c[27,48] := 48;
set c[27,31] := 31;
set c[27,13] := 13;
set c[27,86] := 86;
set c[27,93] := 93;
set c[27,97] := 97;
set c[27,65] := 65;
set c[27,83] := 83;
set c[27,29] := 29;
set c[27,4] := 4;
set c[27,84] := 84;
set c[28,60] := 60 7 75 87 64 74 43 90 19 82 3 96 89 61 14 44 45 46 52;
set c[28,79] := 79 17 85 51 20 62 95 6 57 40 37 92;
set c[28,2] := 2;
set c[28,10] := 10;
set c[28,71] := 71;
set c[28,69] := 69 27;
set c[28,59] := 59;
set c[28,12] := 12 53;
set c[28,34] := 34;
set c[28,15] := 15;
set c[28,41] := 41;
set c[28,36] := 36;
set c[28,18] := 18;
set c[28,49] := 49;
set c[28,99] := 99;
set c[28,80] := 80;
set c[28,23] := 23;
set c[28,30] := 30;
set c[28,94] := 94;
set c[28,22] := 22;
set c[28,68] := 68;
set c[28,39] := 39;
set c[28,16] := 16;
set c[28,77] := 77;
set c[28,28] := 28;
set c[28,81] := 81;
set c[28,78] := 78;
set c[28,21] := 21;
set c[28,73] := 73;
set c[28,70] := 70;
set c[28,38] := 38;
set c[28,91] := 91;
set c[28,9] := 9;
set c[28,47] := 47;
set c[28,32] := 32;
set c[28,35] := 35;
set c[28,58] := 58;
set c[28,25] := 25;
set c[28,1] := 1;
set c[28,50] := 50;
set c[28,5] := 5;
set c[28,67] := 67;
set c[28,11] := 11;
set c[28,54] := 54;
set c[28,26] := 26;
set c[28,42] := 42;
set c[28,66] := 66;
set c[28,8] := 8;
set c[28,24] := 24;
set c[28,55] := 55;
set c[28,63] := 63 100;
set c[28,33] := 33 76;
set c[28,88] := 88;
set c[28,72] := 72;
set c[28,56] := 56;
set c[28,98] := 98;
set c[28,48] := 48;
set c[28,31] := 31;
set c[28,13] := 13;
set c[28,86] := 86;
set c[28,93] := 93;
set c[28,97] := 97;
set c[28,65] := 65;
set c[28,83] := 83;
set c[28,29] := 29;
set c[28,4] := 4;
set c[28,84] := 84;
set c[29,44] := 44 60 7 75 87 64 74 43 90 19 82 3 96 89 61 14 45 46 52;
set c[29,17] := 17 79 85 51 20 62 95 6 57 40 37 92;
set c[29,2] := 2;
set c[29,10] := 10;
set c[29,71] := 71;
set c[29,69] := 69 27;
set c[29,59] := 59;
set c[29,12] := 12 53;
set c[29,34] := 34;
set c[29,15] := 15;
set c[29,41] := 41;
set c[29,36] := 36;
set c[29,18] := 18;
set c[29,49] := 49;
set c[29,99] := 99;
set c[29,80] := 80;
set c[29,23] := 23;
set c[29,30] := 30;
set c[29,94] := 94;
set c[29,22] := 22;
set c[29,68] := 68;
set c[29,39] := 39;
set c[29,16] := 16;
set c[29,77] := 77;
set c[29,28] := 28;
set c[29,81] := 81;
set c[29,78] := 78;
set c[29,21] := 21;
set c[29,73] := 73;
set c[29,70] := 70;
set c[29,38] := 38;
set c[29,91] := 91;
set c[29,9] := 9;
set c[29,47] := 47;
set c[29,32] := 32;
set c[29,35] := 35;
set c[29,58] := 58;
set c[29,25] := 25;
set c[29,1] := 1;
set c[29,50] := 50;
set c[29,5] := 5;
set c[29,67] := 67;
set c[29,11] := 11;
set c[29,54] := 54;
set c[29,26] := 26;
set c[29,42] := 42;
set c[29,66] := 66;
set c[29,8] := 8;
set c[29,24] := 24;
set c[29,55] := 55;
set c[29,63] := 63 100;
set c[29,33] := 33 76;
set c[29,88] := 88;
set c[29,72] := 72;
set c[29,56] := 56;
set c[29,98] := 98;
set c[29,48] := 48;
set c[29,31] := 31;
set c[29,13] := 13;
set c[29,86] := 86;
set c[29,93] := 93;
set c[29,97] := 97;
set c[29,65] := 65;
set c[29,83] := 83;
set c[29,29] := 29;
set c[29,4] := 4;
set c[29,84] := 84;
set c[30,96] := 96 44 60 7 75 87 64 74 43 90 19 82 3 89 61 14 45 46 52;
set c[30,17] := 17 79 85 51 20 62 95 6 57 40 37 92;
set c[30,2] := 2;
set c[30,10] := 10;
set c[30,71] := 71;
set c[30,69] := 69 27;
set c[30,59] := 59;
set c[30,12] := 12 53;
set c[30,34] := 34;
set c[30,15] := 15;
set c[30,41] := 41;
set c[30,36] := 36;
set c[30,18] := 18;
set c[30,49] := 49;
set c[30,99] := 99;
set c[30,80] := 80;
set c[30,23] := 23;
set c[30,30] := 30;
set c[30,94] := 94;
set c[30,22] := 22;
set c[30,68] := 68;
set c[30,39] := 39;
set c[30,16] := 16;
set c[30,77] := 77;
set c[30,28] := 28;
set c[30,81] := 81;
set c[30,78] := 78;
set c[30,21] := 21;
set c[30,73] := 73;
set c[30,70] := 70;
set c[30,38] := 38;
set c[30,91] := 91;
set c[30,9] := 9;
set c[30,47] := 47;
set c[30,32] := 32;
set c[30,35] := 35;
set c[30,58] := 58;
set c[30,25] := 25;
set c[30,1] := 1;
set c[30,50] := 50;
set c[30,5] := 5;
set c[30,67] := 67;
set c[30,11] := 11;
set c[30,54] := 54;
set c[30,26] := 26;
set c[30,42] := 42;
set c[30,66] := 66;
set c[30,8] := 8;
set c[30,24] := 24;
set c[30,55] := 55;
set c[30,63] := 63 100;
set c[30,33] := 33 76;
set c[30,88] := 88;
set c[30,72] := 72;
set c[30,56] := 56;
set c[30,98] := 98;
set c[30,48] := 48;
set c[30,31] := 31;
set c[30,13] := 13;
set c[30,86] := 86;
set c[30,93] := 93;
set c[30,97] := 97;
set c[30,65] := 65;
set c[30,83] := 83;
set c[30,29] := 29;
set c[30,4] := 4;
set c[30,84] := 84;

