#erel:= 0.800;
#emax:= 888.277;
#q:= 0.000;
#nesce:=    69;
#etime:= 1.394;
#snodes:=  1386;
param nS:=   100;
param nSG:=    30;
param nRVSG :=
 1 24    4 24    7  2   10  2   13  2   16  2   19  2   22  2   25  2   28  2
 2 24    5  2    8  2   11  2   14  2   17  2   20  2   23  2   26  2   29  2
 3 24    6  2    9  2   12  2   15 12   18  2   21  2   24  2   27  2   30 24
;

param ScenF :=
  1 128.564       46  17.4127      91 116.595      136   0.7273
  2 128.095       47  28.0775      92 115.705      137   0.106431
  3 115.275       48  36.2723      93 142.622      138   0.6173
  4 105.184       49  95.8506      94 142.498      139   0.212162
  5  80.2437      50 112.577       95 104.535      140   0.4523
  6  59.8158      51 141.406       96  89.4399     141   0.308796
  7  48.9368      52 131.18        97   0          142   0.2376
  8  66.5959      53  82.5641      98   0          143   0.348902
  9  88.5271      54  92.0415      99   0          144   0.0189
 10  77.2405      55  67.9842     100   0          145   0.309093
 11  56.4496      56  77.0583     101   0          146   0
 12   6.91575     57 124.917      102   0          147   0.276099
 13   0           58 109.923      103   0          148   0
 14   0           59 154.084      104   0          149   0.258965
 15   0           60  38.8543     105   0          150   0
 16   0           61   0          106   0          151   0.258814
 17   0           62   0          107   0          152   0
 18   0           63   0          108   0          153   0.272075
 19  60.2867      64   0          109   0          154   0
 20  49.9504      65   0          110   0.0376     155   0.260619
 21  85.4027      66  44.1207     111   0          156   0
 22  61.3844      67 163.443      112   0.2602     157   0
 23  40.221       68 124.089      113   0          158   5.6754
 24  19.1167      69 171.526      114   0.4909     159   3.39267
 25   1.01108     70 161.152      115   0          160   5.32826
 26  13.4527      71 128.85       116   0.6498     161  29.5824
 27  35.9436      72 109.381      117   0          162  29.1614
 28  33.2404      73 116.272      118   2.96304    163   1.4749
 29  47.8814      74 137.74       119   0          164   1.51531
 30  28.6525      75 143.445      120   0          165   0
 31  23.0791      76 138.279      121   0          166   0
 32  28.9019      77 141.574      122  35.062      167 645.309
 33 238.076       78 146.674      123  66.9789     168   0
 34 100.965       79 134.254      124  74.3766     169   0
 35  38.6301      80 157.886      125  89.3201     170   0
 36  23.8219      81 187.615      126 125.312      171 130.154
 37  28.8151      82 156.489      127 111.503      172   0
 38   0.163826    83  98.5269     128  94.2185     173 114.209
 39   0           84  82.8642     129   0          174  99.2783
 40   0           85  59.4744     130   0.7488     175 331.151
 41   0           86  67.1437     131   0          176   2.44482
 42   0           87  80.0877     132   0.7925     177   0.428135
 43  33.853       88  76.088      133   0          178   1.73003
 44   0           89  72.6929     134   0.7842     179   0.524125
 45  65.9507      90  77.6745     135   0          180   2.70444
;

param ScenO :=
  1   93.1         46   42.4         91   50.43       136    0.685
  2   85.98        47   58.4         92   80.86       137    0.1
  3   85.5         48   65.24        93   94          138    0.586
  4   85.5         49   92.1         94   78.39       139    0.093
  5   82.47        50   84.98        95   76.8        140    0.419
  6   79.82        51   82.5         96   65.67       141    0.094
  7   86.2         52   82.5         97    0.156      142    0.184
  8  100.4         53   79.47        98    0          143    0.123
  9  109.38        54   80.04        99    0.177      144    0.012
 10   89.02        55   86.19       100    0          145    0.186
 11   57           56   95.4        101    0.188      146    0
 12   39.99        57  106.56       102    0          147    0.236
 13    2           58   87.02       103    0.215      148    0
 14    0.01        59   55.01       104    0          149    0.249
 15    0           60   41.09       105    0.185      150    0
 16    0           61    0          106    0          151    0.206
 17    0           62    0          107    0.148      152    0
 18    0.44        63   -0.2        108    0          153    0.142
 19   45           64   -1          109    0.188      154    0
 20   85.23        65   -1          110    0.025      155    0.085
 21   95.18        66    0          111    0.178      156    0
 22   82.47        67   45          112    0.162      157    0.259398
 23   77.8         68   83.23       113    0.131      158    0.391719
 24   67           69   94.18       114    0.249      159    0.543392
 25   13           70   82          115    0.08       160    0.550409
 26   13.52        71   80.8        116    0.569      161    0.503213
 27   19.4         72   67.99       117    7          162    0.608118
 28   20.08        73   95          118    3.32       163    0.42239
 29   23.52        74   92.73       119    0          164    0.389542
 30   23.4         75   92.6        120    0          165    0.478058
 31   18.2         76   84.5        121    0.44       166   -0.039205
 32   13.76        77   79.61       122    3.32       167    0.240526
 33   13.76        78   79.82       123   53.13       168    0.165041
 34   52.96        79   84          124   85.73       169   22.355
 35   45.2         80   97.5        125   92.18       170 5337
 36   28.8         81  107.38       126   75.47       171    1
 37    7.2         82   86.92       127   74          172    1
 38    5.6         83   65          128   63.77       173    1
 39    5.56        84   63.57       129    0.058      174   -2.18182
 40    5.2         85   22.55       130    0.679      175    0.125778
 41    5.6         86    3.32       131    0.074      176    0.13575
 42   17           87    3.32       132    0.691      177    0.490334
 43   49.16        88    0          133    0.091      178    0.222384
 44   52.76        89    0          134    0.682      179    0.075835
 45   34.8         90    3.32       135    0.097      180    0.044776
;

param Scen0 (tr)
 :    1	    2	    3	    4	    5	    6	    7	    8	    9	   10	   11	   12	   13	   14	   15	   16	   17	   18	   19	   20	   21	   22	   23	   24	   25	   26	   27	   28	   29	   30	   31	   32	   33	   34	   35	   36	   37	   38	   39	   40	   41	   42	   43	   44	   45	   46	   47	   48	   49	   50	   51	   52	   53	   54	   55	   56	   57	   58	   59	   60	   61	   62	   63	   64	   65	   66	   67	   68	   69	   70	   71	   72	   73	   74	   75	   76	   77	   78	   79	   80	   81	   82	   83	   84	   85	   86	   87	   88	   89	   90	   91	   92	   93	   94	   95	   96	   97	   98	   99	  100	  101	  102	  103	  104	  105	  106	  107	  108	  109	  110	  111	  112	  113	  114	  115	  116	  117	  118	  119	  120	  121	  122	  123	  124	  125	  126	  127	  128	  129	  130	  131	  132	  133	  134	  135	  136	  137	  138	  139	  140	  141	  142	  143	  144	  145	  146	  147	  148	  149	  150	  151	  152	  153	  154	  155	  156	  157	  158	  159	  160	  161	  162	  163	  164	  165	  166	  167	  168	  169	  170	  171	  172	  173	  174	  175	  176	  177	  178	  179	  180	:=
    1	93.100000	124.378000	115.564000	108.672000	73.360500	62.851000	53.677100	70.122800	83.980500	73.916800	71.453500	1.306080	7.611590	0.000000	1.656390	0.000000	0.000000	0.000000	57.298800	47.756400	85.848200	64.898600	42.389900	36.022700	13.000000	9.748890	32.470000	25.481500	41.455900	26.180600	26.361800	35.236400	231.778000	93.211500	49.221700	29.900700	28.425900	6.434940	8.493580	2.197700	4.826860	1.681980	52.018600	11.426800	108.986000	20.115700	28.784000	40.150100	92.100000	101.152000	138.848000	137.057000	80.459600	92.561500	70.647100	80.662300	129.401000	112.040000	149.376000	30.949700	1.256390	0.000000	0.000000	0.000000	0.000000	22.502400	163.300000	122.618000	167.054000	160.380000	122.412000	132.483000	95.000000	134.219000	134.207000	142.546000	141.598000	140.013000	135.197000	178.087000	190.464000	167.201000	100.227000	74.215100	71.648500	73.202700	82.357300	79.489300	78.163100	78.738800	107.263000	130.839000	156.510000	149.943000	117.475000	112.189000	0.156000	0.000000	0.016251	0.000000	0.023076	0.000000	0.033946	0.000000	0.067183	0.000000	0.074671	0.000000	0.103720	0.035800	0.000000	0.435800	0.000000	1.502800	0.000000	1.053500	7.000000	13.597000	11.148700	0.000000	6.737910	40.206200	38.272900	79.416600	74.183100	92.634400	105.510000	97.476000	0.000000	1.244800	0.000000	1.015600	0.000000	1.146500	0.000000	1.048600	0.126895	0.564700	0.174126	0.355100	0.303050	0.352100	0.306268	0.022100	0.278936	0.000000	0.259970	0.000000	0.236488	0.000000	0.245739	0.000000	0.292133	0.000000	0.318676	0.000000	0.259398	5.660160	3.118130	5.362520	29.391800	28.932000	0.952214	1.311920	0.087320	2.617470	614.923000	0.317591	0.000000	0.000000	111.479000	2.825710	114.145000	100.120000	242.796000	0.427581	0.475685	1.731650	0.430860	2.340670	
    2	93.100000	128.633000	121.978000	106.498000	75.526100	59.835300	49.924200	66.555400	91.050600	73.086900	72.993400	1.682690	8.279370	1.591720	2.334390	1.371430	0.000000	0.000000	55.127200	41.898800	84.577600	65.387700	37.326900	29.221800	13.000000	15.654700	32.849000	40.949300	48.674100	34.488800	26.544300	16.121700	245.756000	117.837000	31.173700	25.769200	20.647500	0.000000	0.000000	0.000000	0.824967	2.366420	42.230400	31.942100	99.521200	17.505500	24.692000	39.784600	92.100000	105.540000	141.154000	130.524000	81.612600	90.597400	63.670000	74.191900	138.480000	102.070000	154.942000	32.552300	5.309730	3.001250	1.893900	5.049600	0.000000	35.621700	162.864000	124.629000	166.624000	164.536000	122.242000	128.818000	95.000000	146.591000	140.054000	138.989000	156.551000	146.904000	129.158000	174.534000	182.062000	149.970000	103.397000	76.011800	73.315400	74.482300	78.482600	78.161100	55.656600	66.709300	89.771300	100.856000	120.791000	124.150000	87.905200	86.167400	0.156000	0.000000	0.041158	0.000000	0.064311	0.000000	0.076982	0.000000	0.068451	0.000000	0.050493	0.000000	0.000000	0.032600	0.000000	0.167100	0.000000	0.433400	0.000000	0.774900	7.000000	0.000000	0.000000	0.000000	0.000000	16.141000	58.431800	72.349000	78.436200	92.510100	116.880000	103.043000	0.000000	0.361300	0.000000	1.068300	0.000000	2.541100	0.000000	0.562100	0.257485	0.766000	0.366197	1.825700	0.510136	0.265000	0.620959	0.043300	0.622465	0.000000	0.606144	0.000000	0.577583	0.000000	0.572325	0.000000	0.620704	0.000000	0.652980	0.000000	0.259398	5.807030	3.377390	5.366540	28.994700	29.006000	1.122500	1.859510	0.456819	1.252670	623.547000	0.000000	0.000000	0.000000	150.495000	0.000000	115.022000	98.982300	258.069000	0.577168	0.498855	1.834570	0.744624	2.464450	
    3	93.100000	128.155000	110.268000	109.129000	73.743400	59.968500	55.904400	68.197000	82.676300	74.075100	71.031100	0.582790	5.303220	0.000000	0.482741	0.000000	0.000000	0.000000	57.701600	47.697800	84.779600	59.115800	38.399200	29.631300	13.000000	9.888980	28.434200	32.344500	46.755900	28.228900	19.943700	0.604648	243.237000	103.420000	39.691600	27.971400	36.013500	6.288550	3.814790	3.244100	7.611040	5.013460	40.908900	0.000000	86.962900	24.731300	30.584200	36.033100	92.100000	107.785000	140.836000	140.749000	76.605300	91.902000	71.053400	72.170400	127.261000	113.421000	153.241000	29.698800	3.217910	0.000000	0.000000	0.000000	0.000000	26.251800	161.404000	123.983000	166.615000	159.009000	125.708000	136.284000	95.000000	133.659000	136.274000	140.123000	143.324000	135.178000	133.443000	166.310000	180.657000	169.237000	100.366000	61.283300	63.148200	63.458900	75.267400	74.029700	67.380100	79.063700	94.123100	116.464000	146.802000	138.870000	106.366000	103.137000	0.156000	0.000000	0.036795	0.000000	0.034519	0.000000	0.057374	0.000000	0.070627	0.000000	0.058378	0.000000	0.062730	0.020900	0.055046	0.335200	0.040930	0.786600	0.062478	1.013800	7.000000	1.568310	0.000000	0.000000	3.657660	37.148100	69.202700	88.892100	82.600300	94.330500	107.082000	101.715000	0.057949	1.075800	0.000000	0.741800	0.004220	0.662600	0.096411	0.700600	0.160154	0.601400	0.252227	0.492400	0.367621	0.378000	0.229186	0.019500	0.212745	0.000000	0.198225	0.000000	0.180756	0.000000	0.186387	0.000000	0.203453	0.000000	0.236936	0.000000	0.259398	5.793090	3.212400	5.245050	28.653500	27.601800	0.936401	1.619180	0.558792	7.038140	588.374000	4.760110	0.000000	4.512570	135.939000	0.000000	112.599000	99.456100	264.420000	0.371148	0.559709	1.828610	0.592742	2.505690	
    4	93.100000	121.853000	112.704000	105.298000	69.611000	59.164600	47.155300	68.220500	89.127600	76.403900	70.554500	2.366760	8.901690	0.376293	8.631990	7.094810	0.000000	0.000000	60.989200	49.147800	82.669300	61.397300	39.817100	26.312900	13.000000	19.253300	37.736400	39.350900	53.041200	40.142400	22.327000	19.694300	234.066000	121.619000	38.161100	19.184800	25.217500	0.000000	0.000000	0.000000	0.000000	0.000000	49.074800	0.000000	70.362100	18.138800	23.826000	48.037300	92.100000	106.799000	142.603000	139.222000	82.261200	98.217200	70.013300	80.409400	135.143000	117.435000	173.160000	34.701300	13.334100	9.938320	7.226560	8.134840	0.000000	46.177000	170.058000	133.220000	175.971000	175.233000	132.456000	136.711000	95.000000	132.471000	132.409000	137.120000	135.614000	141.050000	132.966000	171.681000	183.322000	166.400000	110.815000	80.872600	81.944900	79.819100	87.941800	85.580800	81.863800	79.489100	98.821100	106.538000	133.843000	137.928000	94.803400	91.330100	0.156000	0.000000	0.016417	0.000000	0.032674	0.000000	0.039675	0.000000	0.032472	0.000000	0.022076	0.000000	0.026500	0.027300	0.028296	0.236300	0.026959	0.306500	0.016314	0.444200	7.000000	6.226480	10.767800	1.377520	8.966720	42.742800	49.823500	80.603100	115.689000	151.474000	126.538000	105.860000	0.008786	0.584600	0.015158	1.025000	0.028305	0.477300	0.041485	1.007900	0.161555	1.915000	0.273835	0.588900	0.369061	0.143900	0.419206	0.027600	0.400097	0.000000	0.339273	0.000000	0.287816	0.000000	0.305398	0.000000	0.362467	0.000000	0.390644	0.000000	0.259398	5.857850	3.342780	5.465440	29.201900	29.176700	1.136790	1.857690	0.419131	2.060580	623.130000	0.000000	0.000000	0.000000	133.373000	1.414640	117.389000	99.442500	320.194000	0.503299	0.476550	1.815410	0.537674	2.661160	
    5	93.100000	124.232000	115.247000	107.050000	73.306600	59.568600	51.464800	67.391500	87.740500	72.837300	65.466400	1.736690	5.902280	0.000000	3.432080	4.270400	0.000000	0.000000	46.041700	53.389300	84.845700	70.206300	39.811000	34.849800	13.000000	10.828000	33.975700	31.025800	48.171600	39.515300	27.569100	13.273600	228.200000	115.369000	36.957400	19.439100	30.626600	5.303730	0.677058	4.199150	0.664349	0.000000	39.644000	46.184400	87.165000	36.208500	30.736900	33.611000	92.100000	105.334000	138.238000	134.059000	78.396200	94.927900	74.382400	80.453600	140.502000	109.997000	155.868000	31.786500	7.029940	0.000000	0.136942	4.589950	0.000000	31.491800	144.734000	129.148000	163.793000	167.045000	125.406000	131.091000	95.000000	140.818000	134.769000	137.447000	152.451000	134.600000	135.156000	166.533000	182.538000	151.580000	102.855000	71.612400	68.555200	69.365400	75.932000	77.633600	72.056300	78.769700	95.577700	122.940000	141.562000	142.230000	98.485200	89.959500	0.156000	0.000000	0.000000	0.000000	0.000000	0.000000	0.000000	0.000000	0.000000	0.000000	0.000000	0.000000	0.007693	0.041400	0.000000	0.277800	0.000000	0.526600	0.000000	0.889600	7.000000	4.081500	6.381770	0.000000	0.000000	32.128000	63.403100	88.777300	99.085000	113.533000	115.195000	105.672000	0.000000	0.657900	0.037313	0.594200	0.000000	0.807500	0.000000	0.949600	0.112253	1.047900	0.207648	0.701500	0.371525	0.540500	0.372055	0.015900	0.318340	0.000000	0.306136	0.000000	0.283053	0.000000	0.281440	0.000000	0.278197	0.000000	0.286747	0.000000	0.259398	5.950290	3.270530	5.486570	29.175300	29.201900	1.090200	1.925760	0.461711	2.149120	621.498000	0.000000	0.000000	0.000000	135.210000	1.192020	118.534000	99.312200	308.870000	0.455592	0.506855	1.822880	0.531799	2.557240	
    6	93.100000	124.232000	115.247000	107.050000	73.306600	59.568600	51.464800	67.391500	87.740500	72.837300	65.466400	1.736690	5.902280	0.000000	3.432080	4.270400	0.000000	0.000000	46.041700	53.389300	84.845700	70.206300	39.811000	34.849800	13.000000	10.828000	33.975700	31.025800	48.171600	39.515300	27.569100	13.273600	228.200000	115.369000	36.957400	19.439100	30.626600	5.303730	0.677058	4.199150	0.664349	0.000000	39.644000	46.184400	87.165000	36.208500	30.736900	33.611000	92.100000	105.334000	138.238000	134.059000	78.396200	94.927900	74.382400	80.453600	140.502000	109.997000	155.868000	31.786500	7.029940	0.000000	0.136942	4.589950	0.000000	31.491800	144.734000	129.148000	163.793000	167.045000	125.406000	131.091000	95.000000	140.818000	134.769000	137.447000	152.451000	134.600000	135.156000	166.533000	182.538000	151.580000	102.855000	71.612400	68.555200	69.365400	75.932000	77.633600	72.056300	78.769700	95.577700	122.940000	141.562000	142.230000	98.485200	89.959500	0.156000	0.000000	0.000000	0.000000	0.000000	0.000000	0.000000	0.000000	0.000000	0.000000	0.000000	0.000000	0.007693	0.041400	0.000000	0.277800	0.000000	0.526600	0.000000	0.889600	7.000000	4.081500	6.381770	0.000000	0.000000	32.128000	63.403100	88.777300	99.085000	113.533000	115.195000	105.672000	0.000000	0.657900	0.037313	0.594200	0.000000	0.807500	0.000000	0.949600	0.112253	1.047900	0.207648	0.701500	0.371525	0.540500	0.372055	0.015900	0.318340	0.000000	0.306136	0.000000	0.283053	0.000000	0.281440	0.000000	0.278197	0.000000	0.286747	0.000000	0.259398	5.950290	3.270530	5.486570	29.175300	29.201900	1.090200	1.925760	0.461711	2.149120	621.498000	0.000000	0.000000	0.000000	135.210000	1.192020	118.534000	99.312200	308.870000	0.455592	0.506855	1.822880	0.531799	2.557240	
    7	93.100000	123.813000	115.949000	106.740000	73.066900	60.803100	52.236500	70.366700	85.938000	80.223900	71.302600	0.130575	4.256330	0.000000	0.000000	0.000000	0.000000	0.000000	54.725800	48.293000	84.514700	72.777000	40.802100	29.292500	13.000000	11.086500	32.821600	30.491100	43.103700	26.488300	18.661700	17.701700	222.329000	106.789000	41.395600	29.245200	33.839900	7.385450	6.176740	2.246340	6.687410	3.576190	55.984200	78.579900	87.429300	24.100200	27.022500	31.318900	92.100000	100.401000	135.684000	135.857000	79.421400	91.316800	68.626400	74.883000	127.283000	111.879000	158.157000	31.653400	6.752940	0.000000	0.000000	4.509180	0.000000	32.782100	157.680000	134.303000	167.367000	158.996000	124.078000	128.432000	95.000000	140.051000	142.638000	145.541000	154.010000	153.093000	138.231000	178.032000	188.867000	173.308000	98.863500	67.352900	77.184600	68.449600	78.846800	76.298800	74.367300	74.264500	106.392000	128.933000	145.383000	148.583000	106.431000	104.108000	0.156000	0.000000	0.024384	0.000000	0.037814	0.000000	0.039675	0.000000	0.038820	0.000000	0.035134	0.000000	0.026500	0.029600	0.061695	0.366900	0.026959	0.770600	0.000000	0.887900	7.000000	4.680040	1.072800	0.000000	0.000000	42.001400	63.422600	94.130200	88.055600	115.556000	109.463000	104.372000	0.043528	0.860400	0.000000	0.978200	0.000000	1.171000	0.036956	0.792900	0.164557	1.089100	0.151688	0.561300	0.360647	0.162600	0.372055	0.013900	0.318340	0.000000	0.265169	0.000000	0.257458	0.000000	0.271063	0.000000	0.304794	0.000000	0.289385	0.000000	0.259398	5.935330	3.312350	5.497880	29.256500	29.332400	1.090950	1.873200	0.285057	1.754400	619.033000	0.000000	0.000000	0.877716	161.737000	0.986701	115.898000	99.286800	321.811000	0.285422	0.374263	1.972650	0.569347	2.532800	
    8	93.100000	126.431000	112.269000	106.179000	75.007500	59.657900	48.238600	67.909400	83.557600	76.493400	73.003700	2.769560	1.635370	0.000000	3.535860	1.048700	0.000000	0.000000	50.851000	38.653400	84.867500	76.968000	40.044000	24.087300	13.000000	17.815200	28.954900	30.840500	48.367900	32.257500	23.795800	57.662800	237.899000	93.705000	39.143800	26.877300	28.585000	1.388960	0.000000	0.064412	0.000000	1.183280	32.691700	31.886900	102.163000	22.650900	26.664400	30.474400	92.100000	105.075000	140.008000	135.694000	82.947300	95.148800	70.428600	81.671100	140.727000	108.286000	152.934000	33.554700	0.000000	0.000000	0.000000	0.000000	0.000000	30.190700	159.638000	111.683000	168.720000	160.833000	128.141000	130.809000	95.000000	141.025000	140.280000	137.427000	153.982000	139.305000	125.374000	178.600000	178.854000	155.482000	100.018000	74.312300	66.534600	68.245100	81.143100	74.471200	73.458600	75.917600	107.162000	100.021000	137.969000	155.638000	105.126000	90.515800	0.156000	0.000000	0.001700	0.000000	0.014342	0.000000	0.001465	0.000000	0.024573	0.000000	0.020145	0.000000	0.000000	0.050900	0.000000	0.221100	0.027824	0.495200	0.000000	0.915400	7.000000	0.000000	0.000000	0.000000	0.000000	23.249700	65.713500	71.210700	74.053700	100.043000	104.914000	88.504300	0.005275	0.771400	0.000000	0.816100	0.000000	0.863000	0.004381	2.023300	0.105916	0.720500	0.222627	0.569600	0.307736	0.355800	0.348200	0.007100	0.314240	0.000000	0.284187	0.000000	0.256519	0.000000	0.256475	0.000000	0.287930	0.000000	0.319549	0.000000	0.259398	5.807030	3.377390	5.366540	28.994700	29.006000	1.122500	1.804500	0.161294	2.399750	598.785000	0.007207	0.000000	0.000000	132.189000	1.072330	116.172000	99.319100	318.675000	0.000000	0.335509	1.791590	0.510712	2.813460	
    9	93.100000	126.431000	112.269000	106.179000	75.007500	59.657900	48.238600	67.909400	85.185200	74.634100	69.778100	0.046494	3.462790	0.000000	0.000000	0.000000	0.000000	0.000000	44.256600	50.034400	89.335100	67.809300	43.886600	32.272800	13.000000	12.301000	35.464400	36.710700	47.483600	34.741800	23.419700	18.151100	243.927000	97.727100	40.144900	30.561300	30.810200	0.000000	0.000000	1.024220	6.124950	3.662390	37.598200	0.000000	114.057000	18.352300	23.095000	34.817100	92.100000	109.867000	136.695000	137.480000	77.255300	90.760000	66.504000	76.664400	112.187000	93.841000	162.410000	32.971400	5.114540	0.987128	0.000000	5.242300	0.562348	44.670900	160.675000	116.658000	169.181000	174.120000	125.476000	127.814000	95.000000	136.202000	143.328000	144.694000	145.529000	140.947000	138.445000	187.016000	181.652000	161.332000	101.509000	73.266000	72.472300	74.271400	83.686500	79.199700	72.628400	82.064500	92.734100	106.435000	143.360000	147.518000	117.475000	112.189000	0.156000	0.000000	0.000000	0.000000	0.000000	0.000000	0.000000	0.000000	0.002811	0.000000	0.000000	0.000000	0.002556	0.059300	0.009054	0.217000	0.000639	0.696000	0.000000	1.522700	7.000000	6.411610	6.889460	0.000000	18.811500	59.019200	72.892500	69.465600	70.642500	91.322900	100.043000	82.905700	0.000000	0.758200	0.009958	0.977800	0.003137	0.789000	0.000000	0.755200	0.100146	0.490900	0.213892	0.253900	0.314381	0.140800	0.343757	0.016000	0.314094	0.000000	0.274302	0.000000	0.250979	0.000000	0.255228	0.000000	0.297358	0.000000	0.318015	0.000000	0.259398	5.896170	3.584160	5.523840	29.412300	29.375700	1.290580	1.879060	0.203602	0.000000	603.177000	0.000000	0.000000	0.000000	129.756000	2.253530	119.999000	102.166000	285.121000	0.848889	0.199432	1.974470	0.642876	2.590860	
   10	93.100000	127.696000	113.632000	106.723000	77.013100	59.148300	52.356400	70.836600	86.287000	78.078300	70.541100	1.876840	5.132250	0.000000	2.643150	1.197160	0.000000	0.000000	45.168900	39.748000	84.698300	78.254900	39.855400	29.106000	13.000000	17.892300	42.523600	41.476100	56.474800	41.287100	27.187400	10.126800	237.115000	108.624000	37.831500	26.877300	28.585000	1.388960	0.000000	0.064412	0.000000	1.183280	32.691700	31.886900	102.163000	22.650900	26.664400	30.474400	92.100000	105.917000	142.277000	139.038000	80.597900	96.693100	64.473000	81.160400	137.476000	108.598000	164.416000	28.674600	0.000000	0.000000	0.000000	0.000000	0.000000	27.470800	151.207000	111.122000	169.847000	171.898000	128.280000	127.439000	95.000000	122.026000	129.980000	132.058000	134.828000	127.821000	124.933000	160.187000	168.549000	140.648000	87.739600	57.993000	56.704300	54.694300	66.122900	65.743800	60.332200	65.570300	97.712300	112.126000	136.358000	136.333000	98.315800	94.709800	0.156000	0.000000	0.034017	0.000000	0.028229	0.000000	0.018198	0.000000	0.006285	0.000000	0.000000	0.000000	0.000000	0.022100	0.000000	0.119100	0.030271	0.658000	0.043445	1.331000	7.000000	2.192190	0.000000	0.000000	2.662890	41.945200	73.832600	79.689800	77.598200	75.173500	96.649900	89.443900	0.040668	2.143200	0.039170	1.117700	0.044696	1.092800	0.052036	0.662700	0.149856	0.699300	0.230236	0.804300	0.296564	0.358200	0.314423	0.012400	0.302832	0.000000	0.268460	0.000000	0.218741	0.000000	0.195579	0.000000	0.197156	0.000000	0.196959	0.000000	0.259398	5.848880	3.313390	5.506310	29.280000	29.294100	1.212860	1.791790	0.000000	1.851340	626.163000	4.910480	36.982500	0.000000	100.463000	0.000000	113.670000	99.133100	345.564000	0.572482	0.250101	1.814560	0.637911	2.890310	
   11	93.100000	124.232000	115.247000	107.050000	73.306600	59.568600	51.464800	67.391500	87.740500	72.837300	65.466400	1.736690	5.902280	0.000000	3.432080	4.270400	0.000000	0.000000	46.041700	53.389300	84.845700	70.206300	39.811000	34.849800	13.000000	10.828000	33.975700	31.025800	48.171600	39.515300	27.569100	13.273600	228.200000	115.369000	36.957400	19.439100	30.626600	5.303730	0.677058	4.199150	0.664349	0.000000	39.644000	46.184400	87.165000	36.208500	30.736900	33.611000	92.100000	105.334000	138.238000	134.059000	78.396200	94.927900	74.382400	80.453600	140.502000	109.997000	155.868000	31.786500	7.029940	0.000000	0.136942	4.589950	0.000000	31.491800	144.734000	129.148000	163.793000	167.045000	125.406000	131.091000	95.000000	140.818000	134.769000	137.447000	152.451000	134.600000	135.156000	166.533000	182.538000	151.580000	102.855000	71.612400	68.555200	69.365400	75.932000	77.633600	72.056300	78.769700	95.577700	122.940000	141.562000	142.230000	98.485200	89.959500	0.156000	0.000000	0.000000	0.000000	0.000000	0.000000	0.000000	0.000000	0.000000	0.000000	0.000000	0.000000	0.007693	0.041400	0.000000	0.277800	0.000000	0.526600	0.000000	0.889600	7.000000	4.081500	6.381770	0.000000	0.000000	32.128000	63.403100	88.777300	99.085000	113.533000	115.195000	105.672000	0.000000	0.657900	0.037313	0.594200	0.000000	0.807500	0.000000	0.949600	0.112253	1.047900	0.207648	0.701500	0.371525	0.540500	0.372055	0.015900	0.318340	0.000000	0.306136	0.000000	0.283053	0.000000	0.281440	0.000000	0.278197	0.000000	0.286747	0.000000	0.259398	5.950290	3.270530	5.486570	29.175300	29.201900	1.090200	1.925760	0.461711	2.149120	621.498000	0.000000	0.000000	0.000000	135.210000	1.192020	118.534000	99.312200	308.870000	0.455592	0.506855	1.822880	0.531799	2.557240	
   12	93.100000	126.431000	112.269000	106.179000	75.007500	59.657900	48.238600	67.909400	85.185200	74.634100	69.778100	0.046494	3.462790	0.000000	0.000000	0.000000	0.000000	0.000000	44.256600	50.034400	89.335100	67.809300	43.886600	32.272800	13.000000	12.301000	35.464400	36.710700	47.483600	34.741800	23.419700	18.151100	243.927000	97.727100	40.144900	30.561300	30.810200	0.000000	0.000000	1.024220	6.124950	3.662390	37.598200	0.000000	114.057000	18.352300	23.095000	34.817100	92.100000	99.586800	136.602000	138.259000	75.836900	92.695700	65.025700	76.765700	126.870000	108.652000	158.073000	38.773900	5.807710	0.000000	2.339700	0.000000	0.000000	51.685000	157.477000	131.549000	177.121000	162.633000	130.334000	131.646000	95.000000	128.412000	133.009000	133.423000	138.304000	132.620000	131.039000	169.234000	172.479000	158.399000	93.004000	69.042800	51.039800	58.426000	72.779500	69.370000	60.050300	81.900300	90.813900	109.104000	129.857000	126.403000	94.463300	92.462200	0.156000	0.000000	0.000000	0.000000	0.000000	0.000000	0.000000	0.000000	0.000000	0.000000	0.000000	0.000000	0.000000	0.091100	0.000000	0.112000	0.000000	0.429400	0.000000	1.311100	7.000000	7.685950	5.232650	0.000000	1.942660	35.419800	74.853000	85.409000	107.316000	127.788000	122.376000	110.612000	0.000000	1.423500	0.000000	0.804000	0.000000	0.539200	0.000000	0.412700	0.091917	0.712300	0.241551	1.799300	0.373826	0.391000	0.373217	0.050700	0.349983	0.000000	0.306333	0.000000	0.280220	0.000000	0.327876	0.000000	0.416383	0.000000	0.479008	0.000000	0.259398	5.680600	3.694060	5.308480	29.353700	29.090700	1.216190	1.688730	0.000000	0.738537	640.938000	0.199932	0.000000	0.150430	145.223000	0.241723	120.555000	99.166000	327.211000	0.000000	0.536856	1.523000	1.053890	2.723290	
   13	93.100000	125.167000	115.296000	104.919000	69.989900	56.506700	55.129100	67.908500	83.038500	79.882300	70.843100	0.000000	7.853300	0.000000	1.735500	0.649468	0.000000	0.000000	59.497900	58.903500	83.959800	63.209100	38.142200	28.191800	13.000000	13.875800	33.650200	30.942700	48.663900	31.097900	18.696200	27.185300	239.670000	97.309400	37.723700	21.814700	24.692100	0.000000	0.000000	0.000000	0.000000	0.000000	47.936000	39.732900	111.795000	20.632400	25.596000	31.722000	92.100000	104.622000	138.545000	130.299000	78.861700	89.802400	63.420800	74.508000	120.690000	106.595000	158.176000	33.236300	4.507000	1.885880	3.445830	3.825330	0.000000	47.021600	160.507000	138.632000	171.199000	162.622000	129.497000	128.005000	95.000000	133.413000	134.651000	134.224000	145.515000	134.444000	129.193000	161.475000	176.022000	157.914000	98.254300	74.220600	66.547400	68.153500	77.952400	76.230400	73.127000	76.444600	89.646400	117.054000	143.778000	139.237000	100.735000	94.912500	0.156000	0.000000	0.062308	0.000000	0.063606	0.000000	0.078126	0.000000	0.075218	0.000000	0.074671	0.000000	0.060647	0.033100	0.024370	0.204700	0.022126	0.355300	0.046979	0.456700	7.000000	0.000000	0.000000	6.537780	10.784800	42.271300	56.329400	72.124100	92.044600	105.153000	115.351000	102.177000	0.053023	0.176100	0.045937	0.303000	0.035180	0.740000	0.031102	1.396200	0.128991	0.595600	0.223225	0.187600	0.313992	0.393700	0.371504	0.033700	0.363761	0.000000	0.310080	0.000000	0.268288	0.000000	0.318492	0.000000	0.252990	0.000000	0.313171	0.000000	0.259398	5.660160	3.118130	5.362520	29.391800	28.932000	0.952214	1.311920	0.022001	0.000000	627.892000	0.000000	11.722700	13.794500	122.304000	13.163900	109.930000	100.094000	260.981000	0.616389	0.510412	1.902350	0.558385	2.602050	
   14	93.100000	127.696000	113.632000	106.723000	77.013100	59.148300	52.356400	70.836600	86.287000	78.078300	70.541100	1.876840	5.132250	0.000000	2.643150	1.197160	0.000000	0.000000	45.168900	39.748000	84.698300	78.254900	39.855400	29.106000	13.000000	17.892300	42.523600	41.476100	56.474800	41.287100	27.187400	10.126800	237.115000	108.624000	37.831500	26.877300	28.585000	1.388960	0.000000	0.064412	0.000000	1.183280	32.691700	31.886900	102.163000	22.650900	26.664400	30.474400	92.100000	108.806000	137.299000	134.257000	77.831800	89.502800	65.336400	72.757000	129.552000	122.459000	158.462000	31.240300	5.954750	0.000000	0.000000	1.354090	0.000000	44.039300	162.005000	117.037000	170.471000	175.228000	128.550000	125.939000	95.000000	134.670000	145.161000	137.666000	149.973000	142.516000	133.660000	164.134000	177.099000	171.170000	98.362800	71.742300	66.549600	68.685100	79.478200	76.609500	69.214700	80.962600	99.487600	108.143000	132.669000	152.822000	104.828000	98.262700	0.156000	0.000000	0.000000	0.000000	0.000000	0.000000	0.000000	0.000000	0.000000	0.000000	0.000000	0.000000	0.000000	0.068400	0.000000	0.215300	0.000000	0.360800	0.000000	1.575100	7.000000	0.000000	0.000000	0.000000	0.000000	14.213100	41.155900	63.661300	76.577800	102.145000	107.034000	86.859100	0.000000	1.453300	0.000000	0.500000	0.000000	1.502100	0.002010	1.558500	0.121130	0.485300	0.220178	0.162100	0.298353	0.055600	0.328934	0.006100	0.315464	0.000000	0.288415	0.000000	0.261438	0.000000	0.253096	0.000000	0.263929	0.000000	0.267800	0.000000	0.259398	5.970500	3.907190	5.425980	29.494500	29.761700	0.901951	2.024470	0.116016	2.497420	629.636000	3.729960	0.000000	0.000000	123.795000	0.000000	106.715000	99.053500	289.035000	0.212444	0.123131	1.881540	0.641109	2.977560	
   15	93.100000	124.378000	115.564000	108.672000	73.360500	62.851000	53.677100	70.122800	83.980500	73.916800	71.453500	1.306080	7.611590	0.000000	1.656390	0.000000	0.000000	0.000000	57.298800	47.756400	85.848200	64.898600	42.389900	36.022700	13.000000	9.748890	32.470000	25.481500	41.455900	26.180600	26.361800	35.236400	231.778000	93.211500	49.221700	29.900700	28.425900	6.434940	8.493580	2.197700	4.826860	1.681980	52.018600	11.426800	108.986000	20.115700	28.784000	40.150100	92.100000	101.152000	138.848000	137.057000	80.459600	92.561500	70.647100	80.662300	129.401000	112.040000	149.376000	30.949700	1.256390	0.000000	0.000000	0.000000	0.000000	22.502400	163.300000	122.618000	167.054000	160.380000	122.412000	132.483000	95.000000	134.219000	134.207000	142.546000	141.598000	140.013000	135.197000	178.087000	190.464000	167.201000	100.227000	74.215100	71.648500	73.202700	82.357300	79.489300	78.163100	78.738800	107.263000	130.839000	156.510000	149.943000	117.475000	112.189000	0.156000	0.000000	0.016251	0.000000	0.023076	0.000000	0.033946	0.000000	0.067183	0.000000	0.074671	0.000000	0.103720	0.035800	0.000000	0.435800	0.000000	1.502800	0.000000	1.053500	7.000000	13.597000	11.148700	0.000000	6.737910	40.206200	38.272900	79.416600	74.183100	92.634400	105.510000	97.476000	0.000000	1.244800	0.000000	1.015600	0.000000	1.146500	0.000000	1.048600	0.126895	0.564700	0.174126	0.355100	0.303050	0.352100	0.306268	0.022100	0.278936	0.000000	0.259970	0.000000	0.236488	0.000000	0.245739	0.000000	0.292133	0.000000	0.318676	0.000000	0.259398	5.660160	3.118130	5.362520	29.391800	28.932000	0.952214	1.311920	0.087320	2.617470	614.923000	0.317591	0.000000	0.000000	111.479000	2.825710	114.145000	100.120000	242.796000	0.427581	0.475685	1.731650	0.430860	2.340670	
   16	93.100000	126.431000	112.269000	106.179000	75.007500	59.657900	48.238600	67.909400	83.557600	76.493400	73.003700	2.769560	1.635370	0.000000	3.535860	1.048700	0.000000	0.000000	50.851000	38.653400	84.867500	76.968000	40.044000	24.087300	13.000000	17.815200	28.954900	30.840500	48.367900	32.257500	23.795800	57.662800	237.899000	93.705000	39.143800	26.877300	28.585000	1.388960	0.000000	0.064412	0.000000	1.183280	32.691700	31.886900	102.163000	22.650900	26.664400	30.474400	92.100000	105.075000	140.008000	135.694000	82.947300	95.148800	70.428600	81.671100	140.727000	108.286000	152.934000	33.554700	0.000000	0.000000	0.000000	0.000000	0.000000	30.190700	159.638000	111.683000	168.720000	160.833000	128.141000	130.809000	95.000000	141.025000	140.280000	137.427000	153.982000	139.305000	125.374000	178.600000	178.854000	155.482000	100.018000	74.312300	66.534600	68.245100	81.143100	74.471200	73.458600	75.917600	107.162000	100.021000	137.969000	155.638000	105.126000	90.515800	0.156000	0.000000	0.001700	0.000000	0.014342	0.000000	0.001465	0.000000	0.024573	0.000000	0.020145	0.000000	0.000000	0.050900	0.000000	0.221100	0.027824	0.495200	0.000000	0.915400	7.000000	0.000000	0.000000	0.000000	0.000000	23.249700	65.713500	71.210700	74.053700	100.043000	104.914000	88.504300	0.005275	0.771400	0.000000	0.816100	0.000000	0.863000	0.000000	1.154800	0.180719	0.469400	0.141254	0.425200	0.316344	0.286700	0.352931	0.020900	0.318518	0.000000	0.268281	0.000000	0.229212	0.000000	0.261175	0.000000	0.294327	0.000000	0.292509	0.000000	0.259398	5.830940	3.132600	5.241000	28.179400	28.497200	0.875696	1.928380	0.361279	0.000000	602.342000	0.000000	0.000000	1.712040	154.521000	2.314730	117.733000	102.000000	366.462000	0.538550	0.000000	2.032230	0.667242	2.937780	
   17	93.100000	125.167000	115.296000	104.919000	69.989900	56.506700	55.129100	67.908500	83.038500	79.882300	70.843100	0.000000	7.853300	0.000000	1.735500	0.649468	0.000000	0.000000	59.497900	58.903500	83.959800	63.209100	38.142200	28.191800	13.000000	13.875800	33.650200	30.942700	48.663900	31.097900	18.696200	27.185300	239.670000	97.309400	37.723700	21.814700	24.692100	0.000000	0.000000	0.000000	0.000000	0.000000	47.936000	39.732900	111.795000	20.632400	25.596000	31.722000	92.100000	104.470000	140.529000	132.199000	81.708500	90.795400	75.119100	77.938900	133.539000	119.331000	156.086000	32.524700	3.778560	0.000000	0.000000	0.000000	0.000000	34.198400	162.454000	137.646000	170.539000	160.774000	125.839000	137.551000	95.000000	134.307000	141.784000	136.412000	147.614000	132.377000	130.101000	173.625000	186.262000	173.822000	110.271000	83.529800	87.049800	79.048300	86.301800	86.075000	80.639700	87.601500	107.040000	127.689000	138.736000	144.596000	104.346000	104.994000	0.156000	0.000000	0.018435	0.000000	0.004541	0.000000	0.000000	0.000000	0.000000	0.000000	0.000000	0.000000	0.009994	0.026200	0.000000	0.107200	0.035451	0.168800	0.075997	1.679700	7.000000	20.459700	20.581300	11.674100	18.257900	45.660600	74.030000	85.861000	89.799100	102.812000	113.512000	99.098400	0.084233	0.642800	0.087746	0.475000	0.088145	0.448900	0.077036	0.344100	0.158904	0.147500	0.241669	1.249700	0.340449	0.399500	0.356975	0.012100	0.311416	0.000000	0.294977	0.000000	0.303275	0.000000	0.313564	0.000000	0.348550	0.000000	0.380271	0.000000	0.259398	5.716270	3.339130	5.473290	29.515800	29.370900	1.438140	1.725480	0.502095	2.696480	573.395000	5.480880	34.971800	3.506300	129.805000	8.401590	117.325000	99.665700	263.533000	0.842851	0.539312	2.106360	0.604985	2.779620	
   18	93.100000	121.853000	112.704000	105.298000	69.611000	59.164600	47.155300	68.220500	89.127600	76.403900	70.554500	2.366760	8.901690	0.376293	8.631990	7.094810	0.000000	0.000000	60.989200	49.147800	82.669300	61.397300	39.817100	26.312900	13.000000	15.771000	31.982800	32.686700	49.950900	31.761400	23.003200	11.949800	215.251000	95.929200	38.585000	8.512320	21.981900	0.000000	0.000000	0.000000	0.000000	0.000000	35.926400	0.000000	99.847000	22.764200	29.294500	33.504700	92.100000	95.982200	131.960000	134.444000	72.127800	89.727800	64.174400	73.845600	126.499000	104.098000	152.635000	30.835200	6.683710	1.827210	2.751830	7.889300	0.000000	36.585000	160.062000	122.632000	175.091000	171.563000	131.305000	127.582000	95.000000	130.180000	137.627000	143.968000	142.937000	134.889000	135.279000	172.053000	188.098000	172.235000	100.247000	77.229100	77.287600	73.406500	81.009800	81.694200	75.226700	78.802200	107.956000	119.844000	145.772000	155.173000	112.583000	97.902200	0.156000	0.000000	0.000000	0.000000	0.004074	0.000000	0.009817	0.000000	0.001810	0.000000	0.000000	0.000000	0.000000	0.017100	0.000000	0.044000	0.000000	0.091900	0.000000	0.489700	7.000000	18.104700	20.235600	16.131300	17.900000	34.637800	63.361900	101.674000	105.381000	129.448000	127.095000	121.356000	0.000000	0.688000	0.000000	0.744600	0.019149	2.138700	0.021002	2.020700	0.125041	0.489200	0.228790	0.180500	0.324187	0.076300	0.362856	0.007400	0.338431	0.000000	0.290615	0.000000	0.250739	0.000000	0.224554	0.000000	0.223350	0.000000	0.226728	0.000000	0.259398	5.801660	3.220280	5.318980	28.547500	28.520100	1.076720	1.726500	0.434229	2.015290	605.817000	2.590620	0.000000	0.000000	111.869000	0.469146	112.925000	95.942000	308.997000	0.697079	0.604769	1.859630	0.626797	2.771570	
   19	93.100000	121.853000	112.704000	105.298000	69.611000	59.164600	47.155300	68.220500	89.127600	76.403900	70.554500	2.366760	8.901690	0.376293	8.631990	7.094810	0.000000	0.000000	60.989200	49.147800	82.669300	61.397300	39.817100	26.312900	13.000000	15.771000	31.982800	32.686700	49.950900	31.761400	23.003200	11.949800	215.251000	95.929200	38.585000	8.512320	21.981900	0.000000	0.000000	0.000000	0.000000	0.000000	35.926400	0.000000	99.847000	22.764200	29.294500	33.504700	92.100000	104.426000	139.892000	134.241000	81.486300	92.975100	74.072100	77.938900	133.539000	119.331000	156.086000	32.524700	3.778560	0.000000	7.226560	8.134840	0.000000	46.177000	170.058000	133.220000	175.971000	175.233000	132.456000	136.711000	95.000000	139.722000	133.224000	138.372000	150.419000	140.435000	134.880000	173.625000	186.262000	173.822000	110.271000	83.529800	87.049800	79.048300	87.941800	85.580800	81.863800	79.489100	98.821100	106.538000	133.843000	137.928000	94.803400	91.330100	0.156000	0.000000	0.082354	0.000000	0.039392	0.000000	0.016537	0.000000	0.032922	0.000000	0.024787	0.000000	0.000000	0.091900	0.000000	0.231100	0.035451	1.085300	0.075997	0.256800	7.000000	4.081500	6.381770	0.000000	0.000000	32.128000	63.403100	88.777300	99.085000	113.533000	115.195000	95.808900	0.084233	0.195000	0.087746	0.525400	0.088145	0.114800	0.077036	0.171100	0.161555	0.384500	0.273835	0.401800	0.369061	0.401600	0.419206	0.015600	0.400097	0.000000	0.339273	0.000000	0.287816	0.000000	0.305398	0.000000	0.362467	0.000000	0.390644	0.000000	0.259398	5.348350	2.935450	5.102030	27.293100	27.090400	1.033820	1.725480	0.502095	2.696480	573.395000	5.480880	34.971800	3.506300	133.373000	1.414640	117.389000	99.442500	320.194000	0.503299	0.476550	1.815410	0.537674	2.661160	
   20	93.100000	125.167000	112.484000	105.639000	69.770900	57.650500	49.729200	66.182600	86.568900	76.804300	70.901400	0.000000	8.620280	0.000000	2.688700	2.685440	0.000000	0.000000	53.515200	47.469600	86.091400	73.433500	40.703200	21.369700	13.000000	14.436800	32.140300	31.018900	46.601200	35.051900	23.128700	18.432300	263.129000	106.309000	44.717300	26.980400	30.559700	4.305800	4.666460	3.643990	0.000000	0.000000	35.926400	0.000000	99.847000	22.764200	29.294500	33.504700	92.100000	105.728000	140.540000	138.028000	83.808200	96.534900	73.298200	85.338600	139.911000	109.112000	157.134000	32.336300	2.067140	0.000000	0.000000	0.000000	0.000000	28.902300	164.054000	123.410000	171.089000	171.038000	125.599000	126.193000	95.000000	134.133000	138.226000	142.833000	145.929000	139.910000	135.385000	173.016000	187.747000	153.707000	99.612900	71.065700	71.144000	74.631400	79.284300	80.349400	74.885200	68.072600	97.840000	116.329000	145.080000	151.918000	104.368000	95.429000	0.156000	0.000000	0.000000	0.000000	0.027930	0.000000	0.012077	0.000000	0.013217	0.000000	0.021618	0.000000	0.033167	0.021900	0.000000	0.279200	0.000000	0.458600	0.000000	0.705400	7.000000	12.308600	4.140280	2.513420	6.972240	42.595700	69.229400	74.536700	89.799100	102.812000	113.512000	99.098400	0.000000	0.679700	0.000000	0.515700	0.000000	0.828600	0.000000	0.683100	0.000000	0.673800	0.252868	0.454300	0.303593	0.213800	0.287868	0.021100	0.278936	0.000000	0.259970	0.000000	0.250739	0.000000	0.245739	0.000000	0.285227	0.000000	0.280860	0.000000	0.259398	5.993370	3.509890	5.647830	29.525500	29.566600	1.318580	2.152890	0.127426	2.665710	620.180000	0.989572	0.000000	0.229845	152.197000	0.000000	112.925000	95.942000	308.997000	0.697079	0.604769	1.859630	0.626797	2.771570	
   21	93.100000	121.853000	112.704000	105.298000	69.611000	59.164600	47.155300	68.220500	89.127600	76.403900	70.554500	2.366760	8.901690	0.376293	8.631990	7.094810	0.000000	0.000000	60.989200	49.147800	82.669300	61.397300	39.817100	26.312900	13.000000	15.771000	31.982800	32.686700	49.950900	31.761400	23.003200	11.949800	215.251000	95.929200	38.585000	8.512320	21.981900	0.000000	0.000000	0.000000	0.000000	0.000000	35.926400	0.000000	99.847000	22.764200	29.294500	33.504700	92.100000	105.572000	145.887000	143.886000	84.129100	93.766900	66.513200	77.372400	132.766000	108.114000	167.055000	35.341900	6.683710	1.827210	2.751830	7.889300	0.000000	36.585000	160.062000	122.632000	175.091000	171.563000	131.305000	127.582000	95.000000	126.689000	133.459000	133.158000	133.525000	136.885000	134.622000	170.921000	184.529000	167.726000	103.242000	78.847100	77.287600	73.406500	81.009800	81.694200	75.226700	78.802200	107.956000	119.844000	145.772000	155.173000	112.583000	97.902200	0.156000	0.000000	0.000000	0.000000	0.000000	0.000000	0.000000	0.000000	0.006246	0.000000	0.013268	0.000000	0.000000	0.032700	0.000000	0.138600	0.010984	0.354800	0.018661	0.506200	7.000000	18.104700	20.235600	16.131300	17.900000	48.234800	86.067000	102.933000	91.765100	88.489500	124.035000	101.216000	0.023559	0.481800	0.021889	1.929300	0.019149	1.186000	0.021002	1.190100	0.125041	0.309400	0.228790	0.188600	0.324187	0.202900	0.362856	0.015900	0.338431	0.000000	0.290615	0.000000	0.250739	0.000000	0.224554	0.000000	0.223350	0.000000	0.226728	0.000000	0.259398	5.915200	3.304900	5.466510	30.010400	30.149900	0.969865	1.786680	0.469754	4.215940	648.245000	3.554890	0.000000	0.000000	111.869000	0.469146	112.925000	95.942000	308.997000	0.697079	0.604769	1.859630	0.626797	2.771570	
   22	93.100000	124.378000	115.564000	108.672000	73.360500	62.851000	53.677100	70.122800	83.980500	73.916800	71.453500	1.306080	7.611590	0.000000	1.656390	0.000000	0.000000	0.000000	57.298800	47.756400	85.848200	64.898600	42.389900	36.022700	13.000000	9.748890	32.470000	25.481500	41.455900	26.180600	26.361800	35.236400	231.778000	93.211500	49.221700	29.900700	28.425900	6.434940	8.493580	2.197700	4.826860	1.681980	52.018600	11.426800	108.986000	20.115700	28.784000	40.150100	92.100000	101.152000	138.848000	137.057000	80.459600	92.561500	70.647100	80.662300	129.401000	112.040000	149.376000	30.949700	1.256390	0.000000	0.000000	0.000000	0.000000	22.502400	163.300000	122.618000	167.054000	160.380000	122.412000	132.483000	95.000000	134.219000	134.207000	142.546000	141.598000	140.013000	135.197000	178.087000	190.464000	167.201000	100.227000	74.215100	71.648500	73.202700	82.357300	79.489300	78.163100	78.738800	107.263000	130.839000	156.510000	149.943000	117.475000	112.189000	0.156000	0.000000	0.016251	0.000000	0.023076	0.000000	0.033946	0.000000	0.067183	0.000000	0.074671	0.000000	0.103720	0.035800	0.000000	0.435800	0.000000	1.502800	0.000000	1.053500	7.000000	13.597000	11.148700	0.000000	6.737910	40.206200	38.272900	79.416600	74.183100	92.634400	105.510000	97.476000	0.000000	1.244800	0.000000	1.015600	0.000000	1.146500	0.000000	1.048600	0.126895	0.564700	0.174126	0.355100	0.303050	0.352100	0.306268	0.022100	0.278936	0.000000	0.259970	0.000000	0.236488	0.000000	0.245739	0.000000	0.292133	0.000000	0.318676	0.000000	0.259398	5.660160	3.118130	5.362520	29.391800	28.932000	0.952214	1.311920	0.087320	2.617470	614.923000	0.317591	0.000000	0.000000	111.479000	2.825710	114.145000	100.120000	242.796000	0.427581	0.475685	1.731650	0.430860	2.340670	
   23	93.100000	123.813000	115.949000	106.740000	73.066900	60.803100	52.236500	70.366700	85.938000	80.223900	71.302600	0.130575	4.256330	0.000000	0.000000	0.000000	0.000000	0.000000	54.725800	48.293000	84.514700	72.777000	40.802100	29.292500	13.000000	11.086500	32.821600	30.491100	43.103700	26.488300	18.661700	17.701700	222.329000	106.789000	41.395600	29.245200	33.839900	7.385450	6.176740	2.246340	6.687410	3.576190	55.984200	78.579900	87.429300	24.100200	27.022500	31.318900	92.100000	100.401000	135.684000	135.857000	79.421400	91.316800	68.626400	74.883000	127.283000	111.879000	158.157000	31.653400	6.752940	0.000000	0.000000	4.509180	0.000000	32.782100	157.680000	134.303000	167.367000	158.996000	124.078000	128.432000	95.000000	140.051000	142.638000	145.541000	154.010000	153.093000	138.231000	178.032000	188.867000	173.308000	98.863500	67.352900	77.184600	68.449600	78.846800	76.298800	74.367300	74.264500	106.392000	128.933000	145.383000	148.583000	106.431000	104.108000	0.156000	0.000000	0.024384	0.000000	0.037814	0.000000	0.039675	0.000000	0.038820	0.000000	0.035134	0.000000	0.026500	0.029600	0.061695	0.366900	0.026959	0.770600	0.000000	0.887900	7.000000	4.680040	1.072800	0.000000	0.000000	42.001400	63.422600	94.130200	88.055600	115.556000	109.463000	104.372000	0.043528	0.860400	0.000000	0.978200	0.000000	1.171000	0.036956	0.792900	0.164557	1.089100	0.151688	0.561300	0.360647	0.162600	0.372055	0.013900	0.318340	0.000000	0.265169	0.000000	0.257458	0.000000	0.271063	0.000000	0.304794	0.000000	0.289385	0.000000	0.259398	5.935330	3.312350	5.497880	29.256500	29.332400	1.090950	1.873200	0.285057	1.754400	619.033000	0.000000	0.000000	0.877716	161.737000	0.986701	115.898000	99.286800	321.811000	0.285422	0.374263	1.972650	0.569347	2.532800	
   24	93.100000	121.853000	112.704000	105.298000	69.611000	59.164600	47.155300	68.220500	89.127600	76.403900	70.554500	2.366760	8.901690	0.376293	8.631990	7.094810	0.000000	0.000000	60.989200	49.147800	82.669300	61.397300	39.817100	26.312900	13.000000	19.253300	37.736400	39.350900	53.041200	40.142400	22.327000	19.694300	234.066000	121.619000	38.161100	19.184800	25.217500	0.000000	0.000000	0.000000	0.000000	0.000000	49.074800	0.000000	70.362100	18.138800	23.826000	48.037300	92.100000	106.622000	135.182000	136.450000	77.128700	93.685400	69.966800	80.160200	138.217000	128.824000	151.623000	33.716400	5.441460	3.413950	3.137060	4.850300	0.000000	34.537600	167.608000	147.313000	173.838000	166.848000	130.588000	120.845000	95.000000	141.289000	148.402000	143.725000	150.020000	153.162000	130.461000	165.517000	181.422000	169.686000	103.034000	75.134500	69.913500	72.851600	79.113200	81.953800	75.761900	77.028900	110.966000	128.776000	146.340000	141.290000	104.825000	90.124400	0.156000	0.000000	0.061351	0.000000	0.057941	0.000000	0.067350	0.000000	0.067214	0.000000	0.000000	0.000000	0.000000	0.003100	0.000000	0.148400	0.000000	0.219500	0.000000	1.280200	7.000000	6.186070	2.694950	0.000000	0.000000	34.637800	63.361900	99.126200	94.744500	91.017200	95.829400	86.374700	0.000000	0.413400	0.000000	0.715300	0.000000	1.097300	0.000000	0.397500	0.096967	0.728700	0.201983	0.129000	0.309642	0.499200	0.349567	0.023000	0.320048	0.000000	0.271194	0.000000	0.244338	0.000000	0.248412	0.000000	0.316600	0.000000	0.395628	0.000000	0.259398	5.820050	3.303220	5.307160	28.045300	28.876500	1.407430	1.891520	0.309355	0.201004	599.006000	0.000000	0.000000	0.000000	131.721000	0.000000	109.065000	99.749800	350.341000	0.000000	0.568118	1.892780	0.615624	2.556490	
   25	93.100000	128.155000	110.268000	109.129000	73.743400	59.968500	55.904400	68.197000	82.676300	74.075100	71.031100	0.582790	5.303220	0.000000	0.482741	0.000000	0.000000	0.000000	57.701600	47.697800	84.779600	59.115800	38.399200	29.631300	13.000000	9.888980	28.434200	32.344500	46.755900	28.228900	19.943700	0.604648	243.237000	103.420000	39.691600	27.971400	36.013500	6.288550	3.814790	3.244100	7.611040	5.013460	40.908900	0.000000	86.962900	24.731300	30.584200	36.033100	92.100000	107.785000	140.836000	140.749000	76.605300	91.902000	71.053400	72.170400	127.261000	113.421000	153.241000	29.698800	3.217910	0.000000	0.000000	0.000000	0.000000	26.251800	161.404000	123.983000	166.615000	159.009000	125.708000	136.284000	95.000000	133.659000	136.274000	140.123000	143.324000	135.178000	133.443000	166.310000	180.657000	169.237000	100.366000	61.283300	63.148200	63.458900	75.267400	74.029700	67.380100	79.063700	94.123100	116.464000	146.802000	138.870000	106.366000	103.137000	0.156000	0.000000	0.036795	0.000000	0.034519	0.000000	0.057374	0.000000	0.070627	0.000000	0.058378	0.000000	0.062730	0.020900	0.055046	0.335200	0.040930	0.786600	0.062478	1.013800	7.000000	1.568310	0.000000	0.000000	3.657660	37.148100	69.202700	88.892100	82.600300	94.330500	107.082000	101.715000	0.057949	1.075800	0.000000	0.741800	0.004220	0.662600	0.096411	0.700600	0.160154	0.601400	0.252227	0.492400	0.367621	0.378000	0.229186	0.019500	0.212745	0.000000	0.198225	0.000000	0.180756	0.000000	0.186387	0.000000	0.203453	0.000000	0.236936	0.000000	0.259398	5.793090	3.212400	5.245050	28.653500	27.601800	0.936401	1.619180	0.558792	7.038140	588.374000	4.760110	0.000000	4.512570	135.939000	0.000000	112.599000	99.456100	264.420000	0.371148	0.559709	1.828610	0.592742	2.505690	
   26	93.100000	124.232000	115.247000	107.050000	73.306600	59.568600	51.464800	67.391500	87.740500	72.837300	65.466400	1.736690	5.902280	0.000000	3.432080	4.270400	0.000000	0.000000	46.041700	53.389300	84.845700	70.206300	39.811000	34.849800	13.000000	10.828000	33.975700	31.025800	48.171600	39.515300	27.569100	13.273600	228.200000	115.369000	36.957400	19.439100	30.626600	5.303730	0.677058	4.199150	0.664349	0.000000	39.644000	46.184400	87.165000	36.208500	30.736900	33.611000	92.100000	105.334000	138.238000	134.059000	78.396200	94.927900	74.382400	80.453600	140.502000	109.997000	155.868000	31.786500	7.029940	0.000000	0.136942	4.589950	0.000000	31.491800	144.734000	129.148000	163.793000	167.045000	125.406000	131.091000	95.000000	140.818000	134.769000	137.447000	152.451000	134.600000	135.156000	166.533000	182.538000	151.580000	102.855000	71.612400	68.555200	69.365400	75.932000	77.633600	72.056300	78.769700	95.577700	122.940000	141.562000	142.230000	98.485200	89.959500	0.156000	0.000000	0.000000	0.000000	0.000000	0.000000	0.000000	0.000000	0.000000	0.000000	0.000000	0.000000	0.007693	0.041400	0.000000	0.277800	0.000000	0.526600	0.000000	0.889600	7.000000	4.081500	6.381770	0.000000	0.000000	32.128000	63.403100	88.777300	99.085000	113.533000	115.195000	105.672000	0.000000	0.657900	0.037313	0.594200	0.000000	0.807500	0.000000	0.949600	0.112253	1.047900	0.207648	0.701500	0.371525	0.540500	0.372055	0.015900	0.318340	0.000000	0.306136	0.000000	0.283053	0.000000	0.281440	0.000000	0.278197	0.000000	0.286747	0.000000	0.259398	5.950290	3.270530	5.486570	29.175300	29.201900	1.090200	1.925760	0.461711	2.149120	621.498000	0.000000	0.000000	0.000000	135.210000	1.192020	118.534000	99.312200	308.870000	0.455592	0.506855	1.822880	0.531799	2.557240	
   27	93.100000	121.853000	112.704000	105.298000	69.611000	59.164600	47.155300	68.220500	89.127600	76.403900	70.554500	2.366760	8.901690	0.376293	8.631990	7.094810	0.000000	0.000000	60.989200	49.147800	82.669300	61.397300	39.817100	26.312900	13.000000	9.888980	28.434200	26.010000	38.914100	24.757300	17.549100	8.807260	207.826000	121.359000	23.149400	7.780820	26.108700	0.000000	0.000000	0.000000	7.418710	0.000000	49.257900	45.790000	92.864800	22.488300	31.516900	42.993800	92.100000	108.471000	140.205000	141.173000	78.633600	90.259000	66.697400	74.551400	128.086000	102.725000	148.533000	32.031800	6.247580	0.087878	4.694510	4.558830	0.000000	40.703600	147.177000	128.860000	166.709000	163.680000	126.774000	121.619000	95.000000	136.971000	129.188000	143.510000	141.887000	131.304000	136.102000	170.244000	178.386000	153.659000	101.817000	71.055200	73.275100	74.498200	86.644600	80.030200	79.816000	85.315800	98.361800	121.552000	154.813000	152.591000	106.694000	102.538000	0.156000	0.000000	0.000382	0.000000	0.004714	0.000000	0.024250	0.000000	0.036681	0.000000	0.020800	0.000000	0.000000	0.034800	0.000000	0.243100	0.000000	1.063400	0.000000	0.430100	7.000000	24.644700	22.576200	18.433800	34.139500	67.019500	66.551700	95.281800	95.966600	120.641000	121.101000	114.099000	0.000000	0.955100	0.000000	1.582700	0.000000	0.592800	0.000000	0.376800	0.112253	0.530600	0.207648	0.336400	0.277379	0.294300	0.318775	0.013900	0.316285	0.000000	0.293199	0.000000	0.262036	0.000000	0.249090	0.000000	0.255341	0.000000	0.246480	0.000000	0.259398	6.490690	4.385620	6.296360	33.478300	33.691600	1.337930	2.017870	0.124028	4.737680	404.558000	6.833680	7.805730	0.000000	135.757000	0.842467	117.313000	99.216600	323.809000	0.707625	0.414343	1.764970	0.625905	2.643980	
   28	93.100000	128.633000	121.978000	106.498000	75.526100	59.835300	49.924200	66.555400	91.050600	73.086900	72.993400	1.682690	8.279370	1.591720	2.334390	1.371430	0.000000	0.000000	55.127200	41.898800	84.577600	65.387700	37.326900	29.221800	13.000000	15.654700	32.849000	40.949300	48.674100	34.488800	26.544300	16.121700	245.756000	117.837000	31.173700	25.769200	20.647500	0.000000	0.000000	0.000000	0.824967	2.366420	42.230400	31.942100	99.521200	17.505500	24.692000	39.784600	92.100000	105.540000	141.154000	130.524000	81.612600	90.597400	63.670000	74.191900	138.480000	102.070000	154.942000	32.552300	5.309730	3.001250	1.893900	5.049600	0.000000	35.621700	162.864000	124.629000	166.624000	164.536000	122.242000	128.818000	95.000000	146.591000	140.054000	138.989000	156.551000	146.904000	129.158000	174.534000	182.062000	149.970000	103.397000	76.011800	73.315400	74.482300	78.482600	78.161100	55.656600	66.709300	89.771300	100.856000	120.791000	124.150000	87.905200	86.167400	0.156000	0.000000	0.041158	0.000000	0.064311	0.000000	0.076982	0.000000	0.068451	0.000000	0.050493	0.000000	0.366538	0.131600	0.345037	0.395200	0.290477	1.109600	0.255215	2.173400	7.000000	0.000000	0.000000	0.000000	3.878140	42.001400	63.422600	94.130200	88.055600	115.556000	109.463000	104.372000	0.251257	0.623900	0.249294	0.972700	0.240995	0.571600	0.221828	0.592800	0.303088	0.373500	0.119226	0.533400	0.242153	0.270000	0.322079	0.042500	0.309007	0.000000	0.233642	0.000000	0.181176	0.000000	0.168935	0.000000	0.198483	0.000000	0.205100	0.000000	0.259398	6.351070	3.688220	5.762310	31.062700	31.343100	1.734130	2.346260	0.000000	1.820500	667.512000	5.108710	7.243370	0.222705	173.288000	3.409270	117.258000	98.180200	295.737000	0.241086	0.443827	1.868170	0.559424	2.569290	
   29	93.100000	124.378000	115.564000	108.672000	73.360500	62.851000	53.677100	70.122800	83.980500	73.916800	71.453500	1.306080	7.611590	0.000000	1.656390	0.000000	0.000000	0.000000	57.298800	47.756400	85.848200	64.898600	42.389900	36.022700	13.000000	9.748890	32.470000	25.481500	41.455900	26.180600	26.361800	35.236400	231.778000	93.211500	49.221700	29.900700	28.425900	6.434940	8.493580	2.197700	4.826860	1.681980	52.018600	11.426800	108.986000	20.115700	28.784000	40.150100	92.100000	101.152000	138.848000	137.057000	80.459600	92.561500	70.647100	80.662300	129.401000	112.040000	149.376000	30.949700	1.256390	0.000000	0.000000	0.000000	0.000000	22.502400	163.300000	122.618000	167.054000	160.380000	122.412000	132.483000	95.000000	134.219000	134.207000	142.546000	141.598000	140.013000	135.197000	178.087000	190.464000	167.201000	100.227000	74.215100	71.648500	73.202700	82.357300	79.489300	78.163100	78.738800	107.263000	130.839000	156.510000	149.943000	117.475000	112.189000	0.156000	0.000000	0.016251	0.000000	0.023076	0.000000	0.033946	0.000000	0.067183	0.000000	0.074671	0.000000	0.103720	0.035800	0.000000	0.435800	0.000000	1.502800	0.000000	1.053500	7.000000	13.597000	11.148700	0.000000	6.737910	40.206200	38.272900	79.416600	74.183100	92.634400	105.510000	97.476000	0.000000	1.244800	0.000000	1.015600	0.000000	1.146500	0.000000	1.048600	0.126895	0.564700	0.174126	0.355100	0.303050	0.352100	0.306268	0.022100	0.278936	0.000000	0.259970	0.000000	0.236488	0.000000	0.245739	0.000000	0.292133	0.000000	0.318676	0.000000	0.259398	5.660160	3.118130	5.362520	29.391800	28.932000	0.952214	1.311920	0.087320	2.617470	614.923000	0.317591	0.000000	0.000000	111.479000	2.825710	114.145000	100.120000	242.796000	0.427581	0.475685	1.731650	0.430860	2.340670	
   30	93.100000	127.696000	113.632000	106.723000	77.013100	59.148300	52.356400	70.836600	86.287000	78.078300	70.541100	1.876840	5.132250	0.000000	2.643150	1.197160	0.000000	0.000000	45.168900	39.748000	84.698300	78.254900	39.855400	29.106000	13.000000	17.892300	42.523600	41.476100	56.474800	41.287100	27.187400	10.126800	237.115000	108.624000	37.831500	26.877300	28.585000	1.388960	0.000000	0.064412	0.000000	1.183280	32.691700	31.886900	102.163000	22.650900	26.664400	30.474400	92.100000	110.828000	144.909000	142.872000	83.354500	97.701800	71.758900	81.794600	125.657000	121.031000	153.141000	33.748900	0.969405	0.406517	0.151825	2.238000	0.000000	25.380100	158.391000	120.556000	170.516000	174.787000	128.673000	123.207000	95.000000	128.539000	131.788000	134.233000	138.769000	132.231000	133.026000	165.076000	174.224000	158.304000	104.470000	74.312300	66.534600	68.245100	81.143100	74.471200	73.458600	75.917600	107.162000	100.021000	137.969000	155.638000	105.126000	90.515800	0.156000	0.000000	0.089480	0.000000	0.104826	0.000000	0.116516	0.000000	0.133307	0.000000	0.119093	0.000000	0.111300	0.028900	0.153973	0.140100	0.177196	0.492200	0.186654	0.912300	7.000000	0.000000	0.000000	0.000000	0.000000	20.404000	60.462200	78.593600	80.926000	90.262100	122.581000	109.899000	0.199327	0.487500	0.000000	0.886200	0.000000	1.384200	0.004381	1.485700	0.100766	0.542900	0.222627	0.607300	0.303055	0.418400	0.340990	0.023700	0.312300	0.000000	0.284187	0.000000	0.256519	0.000000	0.254016	0.000000	0.280174	0.000000	0.298315	0.000000	0.259398	5.731950	3.075850	5.369840	29.064500	29.120900	1.184880	1.845060	0.000000	0.000000	602.396000	0.007207	0.000000	0.000000	132.189000	1.072330	116.172000	99.319100	318.675000	0.000000	0.335509	1.791590	0.510712	2.813460	
   31	93.100000	128.155000	110.268000	109.129000	73.743400	59.968500	55.904400	68.197000	82.676300	74.075100	71.031100	0.582790	5.303220	0.000000	0.482741	0.000000	0.000000	0.000000	57.701600	47.697800	84.779600	59.115800	38.399200	29.631300	13.000000	9.888980	28.434200	32.344500	46.755900	28.228900	19.943700	0.604648	243.237000	103.420000	39.691600	27.971400	36.013500	6.288550	3.814790	3.244100	7.611040	5.013460	40.908900	0.000000	86.962900	24.731300	30.584200	36.033100	92.100000	107.785000	140.836000	140.749000	76.605300	91.902000	71.053400	72.170400	127.261000	113.421000	153.241000	29.698800	3.217910	0.000000	0.000000	0.000000	0.000000	26.251800	161.404000	123.983000	166.615000	159.009000	125.708000	136.284000	95.000000	133.659000	136.274000	140.123000	143.324000	135.178000	133.443000	166.310000	180.657000	169.237000	100.366000	61.283300	63.148200	63.458900	75.267400	74.029700	67.380100	79.063700	94.123100	116.464000	146.802000	138.870000	106.366000	103.137000	0.156000	0.000000	0.036795	0.000000	0.034519	0.000000	0.057374	0.000000	0.070627	0.000000	0.058378	0.000000	0.062730	0.020900	0.055046	0.335200	0.040930	0.786600	0.062478	1.013800	7.000000	1.568310	0.000000	0.000000	3.657660	37.148100	69.202700	88.892100	82.600300	94.330500	107.082000	101.715000	0.057949	1.075800	0.000000	0.741800	0.004220	0.662600	0.096411	0.700600	0.160154	0.601400	0.252227	0.492400	0.367621	0.378000	0.229186	0.019500	0.212745	0.000000	0.198225	0.000000	0.180756	0.000000	0.186387	0.000000	0.203453	0.000000	0.236936	0.000000	0.259398	5.891580	3.306930	5.484200	29.266800	29.212100	1.141490	1.855980	0.531713	2.330270	618.335000	0.000000	0.000000	0.000000	129.555000	1.771570	116.206000	99.749800	350.341000	0.000000	0.568118	1.892780	0.615624	2.556490	
   32	93.100000	125.167000	115.296000	104.919000	69.989900	56.506700	55.129100	67.908500	83.038500	79.882300	70.843100	0.000000	7.853300	0.000000	1.735500	0.649468	0.000000	0.000000	59.497900	58.903500	83.959800	63.209100	38.142200	28.191800	13.000000	13.875800	33.650200	30.942700	48.663900	31.097900	18.696200	27.185300	239.670000	97.309400	37.723700	21.814700	24.692100	0.000000	0.000000	0.000000	0.000000	0.000000	47.936000	39.732900	111.795000	20.632400	25.596000	31.722000	92.100000	109.328000	140.178000	135.201000	81.745700	94.984100	70.833600	79.880500	136.714000	120.659000	171.364000	31.371300	10.501700	2.623070	0.000000	3.825330	0.000000	47.021600	160.507000	138.632000	171.199000	162.622000	127.226000	119.305000	95.000000	141.066000	136.734000	139.079000	149.355000	140.223000	132.210000	176.974000	180.892000	165.835000	105.181000	74.015800	75.831600	71.071600	78.840000	76.230400	73.127000	76.444600	89.646400	117.054000	143.778000	139.237000	99.379600	84.262100	0.156000	0.000000	0.000000	0.000000	0.000000	0.000000	0.000000	0.000000	0.008837	0.000000	0.000000	0.000000	0.000000	0.061400	0.000000	0.222300	0.040887	0.400600	0.071703	0.763600	7.000000	0.000000	0.000000	0.000000	4.359190	29.925300	59.704900	46.619300	67.869400	90.951600	96.663500	87.622600	0.079568	0.714100	0.078075	1.357600	0.079946	0.211100	0.079756	1.158400	0.173351	2.660000	0.223225	1.670400	0.313992	0.594900	0.371504	0.040400	0.363761	0.000000	0.310080	0.000000	0.268288	0.000000	0.318492	0.000000	0.415689	0.000000	0.485770	0.000000	0.259398	5.812900	3.385830	5.622400	29.042000	28.888200	1.529870	1.884900	0.492954	6.330410	608.967000	0.000000	0.000000	0.000000	153.925000	13.163900	109.930000	100.094000	260.981000	0.616389	0.510412	1.902350	0.371312	2.793320	
   33	93.100000	123.692000	115.766000	106.549000	69.536300	61.536800	50.089600	69.656300	85.440300	72.983200	71.455500	0.215714	11.835200	0.000000	0.080933	0.000000	0.000000	0.000000	58.619000	54.407900	86.383700	65.181100	42.500200	31.810200	13.000000	8.890550	40.228700	43.209000	46.893400	38.044300	24.902900	32.175100	237.578000	86.980900	39.284600	27.433600	28.804300	2.629950	4.126690	5.797660	6.708990	0.000000	56.098900	16.403500	84.428100	28.276800	36.035400	38.707700	92.100000	100.878000	137.171000	136.503000	76.316100	94.324500	61.305900	79.276700	120.059000	92.833100	163.591000	34.541500	2.238680	0.546321	0.000000	2.815110	0.000000	34.118000	163.739000	124.692000	170.509000	159.617000	128.551000	134.757000	95.000000	133.215000	135.348000	136.454000	144.219000	143.109000	132.811000	179.772000	184.931000	160.944000	98.311400	75.488600	70.465100	65.057100	72.894100	72.135700	64.601400	64.515500	105.516000	120.022000	146.943000	143.009000	107.365000	101.474000	0.156000	0.000000	0.000000	0.000000	0.000000	0.000000	0.000000	0.000000	0.000000	0.000000	0.000000	0.000000	0.000000	0.031600	0.013042	0.157100	0.000000	0.409800	0.000000	0.996300	7.000000	0.000000	0.000000	0.000000	4.359190	29.925300	62.267100	73.484600	97.894400	111.548000	120.126000	103.656000	0.000000	0.554000	0.000000	1.131700	0.007359	2.285500	0.029099	0.925400	0.000000	0.705100	0.197448	0.521000	0.303455	0.629600	0.331453	0.023700	0.256770	0.000000	0.157348	0.000000	0.065292	0.000000	0.019410	0.000000	0.037777	0.000000	0.366495	0.000000	0.259398	5.935330	3.312350	5.497880	29.256500	29.332400	1.090950	1.873200	0.285057	1.754400	619.033000	0.000000	0.000000	0.877716	161.737000	0.621249	117.239000	99.753600	305.664000	0.273801	0.444218	1.755850	0.690934	2.461750	
   34	93.100000	126.431000	112.269000	106.179000	75.007500	59.657900	48.238600	67.909400	85.185200	74.634100	69.778100	0.046494	3.462790	0.000000	0.000000	0.000000	0.000000	0.000000	44.256600	50.034400	89.335100	67.809300	43.886600	32.272800	13.000000	12.301000	35.464400	36.710700	47.483600	34.741800	23.419700	18.151100	243.927000	97.727100	40.144900	30.561300	30.810200	0.000000	0.000000	1.024220	6.124950	3.662390	37.598200	0.000000	114.057000	18.352300	23.095000	34.817100	92.100000	95.851300	129.623000	128.701000	71.168700	83.908600	54.928400	72.560500	131.736000	112.695000	158.531000	33.274900	6.077580	0.000000	0.000000	2.266890	0.000000	37.020100	151.940000	131.156000	168.833000	166.356000	129.631000	130.335000	95.000000	135.262000	151.762000	142.536000	148.032000	136.280000	131.549000	172.530000	171.657000	150.464000	101.336000	65.721300	71.141700	69.430200	74.263900	75.325100	74.891700	75.813600	80.179600	119.602000	136.618000	148.220000	101.181000	96.812800	0.156000	0.000000	0.016251	0.000000	0.023076	0.000000	0.033946	0.000000	0.038820	0.000000	0.035134	0.000000	0.060907	0.030000	0.087654	0.182100	0.087815	0.313600	0.070794	0.564100	7.000000	24.053200	32.091700	24.087300	32.277000	83.021800	101.172000	114.145000	113.146000	118.364000	125.653000	93.384800	0.042154	1.512900	0.020599	1.007600	0.019432	0.923900	0.036956	0.513400	0.164557	0.348700	0.278732	0.694400	0.377074	0.811700	0.405764	0.008400	0.346025	0.000000	0.292423	0.000000	0.264922	0.000000	0.270940	0.000000	0.356310	0.000000	0.313470	0.000000	0.259398	5.770680	2.983490	5.273710	29.405400	29.459400	1.712270	2.293700	0.000000	0.000000	632.420000	0.000000	1.043620	14.699400	334.213000	0.000000	119.939000	93.497800	331.744000	0.136840	0.284132	2.053670	0.600905	2.699090	
   35	93.100000	126.431000	112.269000	106.179000	75.007500	59.657900	48.238600	67.909400	83.557600	76.493400	73.003700	2.769560	1.635370	0.000000	3.535860	1.048700	0.000000	0.000000	50.851000	38.653400	84.867500	76.968000	40.044000	24.087300	13.000000	17.815200	28.954900	30.840500	48.367900	32.257500	23.795800	57.662800	237.899000	93.705000	39.143800	26.877300	28.585000	1.388960	0.000000	0.064412	0.000000	1.183280	32.691700	31.886900	102.163000	22.650900	26.664400	30.474400	92.100000	105.075000	140.008000	135.694000	82.947300	95.148800	70.428600	81.671100	140.727000	108.286000	152.934000	33.554700	0.000000	0.000000	0.000000	0.000000	0.000000	30.190700	159.638000	111.683000	168.720000	160.833000	128.141000	130.809000	95.000000	141.025000	140.280000	137.427000	153.982000	139.305000	125.374000	178.600000	178.854000	155.482000	100.018000	74.312300	66.534600	68.245100	81.143100	74.471200	73.458600	75.917600	107.162000	100.021000	137.969000	155.638000	105.126000	90.515800	0.156000	0.000000	0.001700	0.000000	0.014342	0.000000	0.001465	0.000000	0.024573	0.000000	0.020145	0.000000	0.000000	0.050900	0.000000	0.221100	0.027824	0.495200	0.000000	0.915400	7.000000	0.000000	0.000000	0.000000	0.000000	23.249700	65.713500	71.210700	74.053700	100.043000	104.914000	88.504300	0.005275	0.771400	0.000000	0.816100	0.000000	0.863000	0.004381	2.023300	0.105916	0.720500	0.222627	0.569600	0.307736	0.355800	0.348200	0.007100	0.314240	0.000000	0.284187	0.000000	0.256519	0.000000	0.256475	0.000000	0.287930	0.000000	0.319549	0.000000	0.259398	5.815920	3.446830	5.426130	29.316400	29.198200	1.202430	1.744440	0.082949	0.000000	652.741000	0.007216	1.043620	14.699400	334.213000	0.000000	119.939000	93.497800	331.744000	0.136840	0.284132	2.053670	0.537549	2.606270	
   36	93.100000	128.633000	121.978000	106.498000	75.526100	59.835300	49.924200	66.555400	91.050600	73.086900	72.993400	1.682690	8.279370	1.591720	2.334390	1.371430	0.000000	0.000000	55.127200	41.898800	84.577600	65.387700	37.326900	29.221800	13.000000	15.654700	32.849000	40.949300	48.674100	34.488800	26.544300	16.121700	245.756000	117.837000	31.173700	25.769200	20.647500	0.000000	0.000000	0.000000	0.824967	2.366420	42.230400	31.942100	99.521200	17.505500	24.692000	39.784600	92.100000	105.540000	141.154000	130.524000	81.612600	90.597400	63.670000	74.191900	138.480000	102.070000	154.942000	32.552300	5.309730	3.001250	1.893900	5.049600	0.000000	35.621700	162.864000	124.629000	166.624000	164.536000	122.242000	128.818000	95.000000	146.591000	140.054000	138.989000	156.551000	146.904000	129.158000	174.534000	182.062000	149.970000	103.397000	76.011800	73.315400	74.482300	78.482600	78.161100	55.656600	66.709300	89.771300	100.856000	120.791000	124.150000	87.905200	86.167400	0.156000	0.000000	0.041158	0.000000	0.064311	0.000000	0.076982	0.000000	0.068451	0.000000	0.050493	0.000000	0.000000	0.032600	0.000000	0.167100	0.000000	0.433400	0.000000	0.774900	7.000000	0.000000	0.000000	0.000000	0.000000	16.141000	58.431800	72.349000	78.436200	92.510100	116.880000	103.043000	0.000000	0.361300	0.000000	1.068300	0.000000	2.541100	0.000000	0.562100	0.257485	0.766000	0.366197	1.825700	0.510136	0.265000	0.620959	0.043300	0.622465	0.000000	0.606144	0.000000	0.577583	0.000000	0.572325	0.000000	0.620704	0.000000	0.652980	0.000000	0.259398	5.807030	3.377390	5.366540	28.994700	29.006000	1.122500	1.859510	0.456819	1.252670	623.547000	0.000000	0.000000	0.000000	138.273000	0.000000	116.373000	99.514700	328.834000	0.822526	0.530007	1.801030	0.497573	2.646710	
   37	93.100000	123.813000	115.949000	106.740000	73.066900	60.803100	52.236500	70.366700	85.938000	80.223900	71.302600	0.130575	4.256330	0.000000	0.000000	0.000000	0.000000	0.000000	54.725800	48.293000	84.514700	72.777000	40.802100	29.292500	13.000000	11.086500	32.821600	30.491100	43.103700	26.488300	18.661700	17.701700	222.329000	106.789000	41.395600	29.245200	33.839900	7.385450	6.176740	2.246340	6.687410	3.576190	55.984200	78.579900	87.429300	24.100200	27.022500	31.318900	92.100000	100.401000	135.684000	135.857000	79.421400	91.316800	68.626400	74.883000	127.283000	111.879000	158.157000	31.653400	6.752940	0.000000	0.000000	4.509180	0.000000	32.782100	157.680000	134.303000	167.367000	158.996000	124.078000	128.432000	95.000000	140.051000	142.638000	145.541000	154.010000	153.093000	138.231000	178.032000	188.867000	173.308000	98.863500	67.352900	77.184600	68.449600	78.846800	76.298800	74.367300	74.264500	106.392000	128.933000	145.383000	148.583000	106.431000	104.108000	0.156000	0.000000	0.024384	0.000000	0.037814	0.000000	0.039675	0.000000	0.038820	0.000000	0.035134	0.000000	0.026500	0.029600	0.061695	0.366900	0.026959	0.770600	0.000000	0.887900	7.000000	4.680040	1.072800	0.000000	0.000000	42.001400	63.422600	94.130200	88.055600	115.556000	109.463000	104.372000	0.043528	0.860400	0.000000	0.978200	0.000000	1.171000	0.036956	0.792900	0.164557	1.089100	0.151688	0.561300	0.360647	0.162600	0.372055	0.013900	0.318340	0.000000	0.265169	0.000000	0.257458	0.000000	0.271063	0.000000	0.304794	0.000000	0.289385	0.000000	0.259398	5.935330	3.312350	5.497880	29.256500	29.332400	1.090950	1.873200	0.285057	1.754400	619.033000	0.000000	0.000000	0.877716	161.737000	0.986701	115.898000	99.286800	321.811000	0.285422	0.374263	1.972650	0.569347	2.532800	
   38	93.100000	121.853000	112.704000	105.298000	69.611000	59.164600	47.155300	68.220500	89.127600	76.403900	70.554500	2.366760	8.901690	0.376293	8.631990	7.094810	0.000000	0.000000	60.989200	49.147800	82.669300	61.397300	39.817100	26.312900	13.000000	15.771000	31.982800	32.686700	49.950900	31.761400	23.003200	11.949800	215.251000	95.929200	38.585000	8.512320	21.981900	0.000000	0.000000	0.000000	0.000000	0.000000	35.926400	0.000000	99.847000	22.764200	29.294500	33.504700	92.100000	96.685500	135.323000	129.489000	74.816400	85.876300	58.051200	70.190800	121.805000	92.665500	151.146000	28.904900	0.000000	0.000000	0.000000	0.907683	0.000000	19.786500	167.247000	128.091000	172.692000	161.308000	127.785000	129.841000	95.000000	134.686000	139.069000	144.236000	147.322000	131.270000	140.213000	174.669000	179.614000	147.836000	101.853000	69.970400	58.365200	81.103300	84.525400	84.183900	78.680900	74.574400	100.090000	112.904000	145.263000	142.922000	107.303000	103.238000	0.156000	0.000000	0.000000	0.000000	0.000000	0.000000	0.000000	0.000000	0.000000	0.000000	0.000000	0.000000	0.000000	0.032800	0.000000	0.172200	0.008025	0.328700	0.019912	0.806100	7.000000	0.000000	0.000000	0.000000	0.000000	41.710600	85.802200	76.759600	105.413000	108.482000	122.242000	104.381000	0.026174	1.178800	0.026488	1.551200	0.031863	2.014000	0.045967	1.446000	0.170981	0.455000	0.289924	0.403900	0.399141	0.294900	0.620959	0.062500	0.622465	0.000000	0.606144	0.000000	0.577583	0.000000	0.572325	0.000000	0.620704	0.000000	0.652980	0.000000	0.259398	5.865160	3.526000	5.546150	30.015100	29.601700	1.188890	1.678850	0.451162	2.026360	632.440000	0.000000	0.000000	6.611640	152.894000	5.840780	114.193000	98.982300	258.069000	0.577168	0.498855	1.834570	0.744624	2.464450	
   39	93.100000	128.155000	110.268000	109.129000	73.743400	59.968500	55.904400	68.197000	82.676300	74.075100	71.031100	0.582790	5.303220	0.000000	0.482741	0.000000	0.000000	0.000000	57.701600	47.697800	84.779600	59.115800	38.399200	29.631300	13.000000	9.888980	28.434200	32.344500	46.755900	28.228900	19.943700	0.604648	243.237000	103.420000	39.691600	27.971400	36.013500	6.288550	3.814790	3.244100	7.611040	5.013460	40.908900	0.000000	86.962900	24.731300	30.584200	36.033100	92.100000	107.785000	140.836000	140.749000	76.605300	91.902000	71.053400	72.170400	127.261000	113.421000	153.241000	29.698800	3.217910	0.000000	0.000000	0.000000	0.000000	26.251800	161.404000	123.983000	166.615000	159.009000	125.708000	136.284000	95.000000	133.659000	136.274000	140.123000	143.324000	135.178000	133.443000	166.310000	180.657000	169.237000	100.366000	61.283300	63.148200	63.458900	75.267400	74.029700	67.380100	79.063700	94.123100	116.464000	146.802000	138.870000	106.366000	103.137000	0.156000	0.000000	0.036795	0.000000	0.034519	0.000000	0.057374	0.000000	0.070627	0.000000	0.058378	0.000000	0.062730	0.020900	0.055046	0.335200	0.040930	0.786600	0.062478	1.013800	7.000000	1.568310	0.000000	0.000000	3.657660	37.148100	69.202700	88.892100	82.600300	94.330500	107.082000	101.715000	0.057949	1.075800	0.000000	0.741800	0.004220	0.662600	0.096411	0.700600	0.160154	0.601400	0.252227	0.492400	0.367621	0.378000	0.229186	0.019500	0.212745	0.000000	0.198225	0.000000	0.180756	0.000000	0.186387	0.000000	0.203453	0.000000	0.236936	0.000000	0.259398	5.734210	3.192180	5.436750	29.259400	29.179100	1.068270	1.888630	0.506747	2.192200	619.543000	0.050879	0.000000	0.000000	123.943000	1.687520	116.001000	99.461700	315.287000	0.840158	0.678557	1.898270	0.425809	2.376100	
   40	93.100000	121.853000	112.704000	105.298000	69.611000	59.164600	47.155300	68.220500	89.127600	76.403900	70.554500	2.366760	8.901690	0.376293	8.631990	7.094810	0.000000	0.000000	60.989200	49.147800	82.669300	61.397300	39.817100	26.312900	13.000000	11.906000	33.632200	33.434000	49.826800	33.191700	20.574900	17.907500	252.276000	84.680000	44.861600	29.696800	38.773600	6.541130	12.757200	11.765000	15.490500	9.553640	55.290600	35.414300	95.474200	25.664400	30.025800	35.806000	92.100000	104.470000	140.529000	132.199000	81.708500	90.795400	75.119100	76.177200	118.072000	110.778000	152.397000	28.515600	3.898670	0.000000	1.602920	6.725590	0.000000	38.676000	155.303000	120.162000	164.687000	155.450000	121.376000	127.832000	95.000000	134.307000	141.784000	136.412000	147.614000	132.377000	130.101000	167.727000	170.011000	128.827000	103.527000	72.828700	80.316000	78.798200	87.729100	84.446500	78.413900	78.374800	95.323700	118.351000	148.492000	152.524000	108.094000	102.287000	0.156000	0.000000	0.018435	0.000000	0.004541	0.000000	0.000000	0.000000	0.000000	0.000000	0.000000	0.000000	0.009994	0.022800	0.000000	0.651000	0.000000	0.271300	0.000000	1.424800	7.000000	0.000000	0.000000	0.000000	0.000000	23.249700	65.713500	88.777300	99.085000	113.533000	115.195000	105.970000	0.038868	1.145300	0.034301	1.905700	0.021865	0.641200	0.010240	0.343200	0.107931	0.825500	0.213073	0.963700	0.307547	0.189100	0.335128	0.070100	0.304635	0.000000	0.282446	0.000000	0.268581	0.000000	0.270844	0.000000	0.294567	0.000000	0.290333	0.000000	0.259398	5.716270	3.339130	5.473290	29.515800	29.370900	1.438140	1.773080	0.000000	1.368350	621.422000	0.565517	0.000000	0.011168	141.215000	0.000000	114.898000	97.185600	407.489000	0.000000	0.406366	1.848670	0.601659	2.603300	
   41	93.100000	125.167000	115.296000	104.919000	69.989900	56.506700	55.129100	67.908500	83.038500	79.882300	70.843100	0.000000	7.853300	0.000000	1.735500	0.649468	0.000000	0.000000	59.497900	58.903500	83.959800	63.209100	38.142200	28.191800	13.000000	13.875800	33.650200	30.942700	48.663900	31.097900	18.696200	27.185300	239.670000	97.309400	37.723700	21.814700	24.692100	0.000000	0.000000	0.000000	0.000000	0.000000	47.936000	39.732900	111.795000	20.632400	25.596000	31.722000	92.100000	101.797000	139.059000	135.609000	82.690200	97.933700	73.354600	82.298700	141.616000	116.346000	162.868000	39.992300	13.192400	7.346400	5.887450	4.695300	0.000000	50.257800	175.283000	152.173000	180.509000	174.900000	134.176000	141.463000	95.000000	133.155000	130.845000	131.762000	136.990000	142.518000	132.470000	164.191000	184.244000	167.323000	94.150500	73.169700	63.624700	63.243000	73.472000	71.211400	69.436900	70.880500	91.874200	115.880000	146.314000	152.995000	105.761000	103.648000	0.156000	0.000000	0.000000	0.000000	0.000000	0.000000	0.012077	0.000000	0.000000	0.000000	0.000000	0.000000	0.033378	0.106200	0.061095	0.453000	0.035905	0.522400	0.003035	0.781800	7.000000	13.597000	11.148700	0.000000	6.737910	40.206200	82.141500	79.416600	74.183100	92.634400	105.510000	97.476000	0.000866	1.087300	0.011221	0.419700	0.020729	0.522800	0.043794	0.905600	0.174756	0.405600	0.290563	0.326600	0.378594	0.189800	0.426179	0.028300	0.430636	0.000000	0.414801	0.000000	0.365482	0.000000	0.328400	0.000000	0.312811	0.000000	0.310544	0.000000	0.259398	5.935330	3.312350	5.484810	29.288400	29.146200	1.044160	1.976560	0.688636	1.364490	572.641000	0.392977	0.000000	0.000000	122.949000	1.302410	118.167000	99.365000	311.487000	1.354220	0.587845	1.846210	0.214476	2.488150	
   42	93.100000	126.431000	112.269000	106.179000	75.007500	59.657900	48.238600	67.909400	85.185200	74.634100	69.778100	0.046494	3.462790	0.000000	0.000000	0.000000	0.000000	0.000000	44.256600	50.034400	89.335100	67.809300	43.886600	32.272800	13.000000	12.301000	35.464400	36.710700	47.483600	34.741800	23.419700	18.151100	243.927000	97.727100	40.144900	30.561300	30.810200	0.000000	0.000000	1.024220	6.124950	3.662390	37.598200	0.000000	114.057000	18.352300	23.095000	34.817100	92.100000	95.851300	129.623000	128.701000	71.168700	83.908600	54.928400	72.560500	131.736000	112.695000	158.531000	33.274900	6.077580	0.000000	0.000000	2.266890	0.000000	37.020100	151.940000	131.156000	168.833000	166.356000	129.631000	130.335000	95.000000	135.262000	151.762000	142.536000	148.032000	136.280000	131.549000	172.530000	171.657000	150.464000	101.336000	65.721300	71.141700	69.430200	74.263900	75.325100	74.891700	75.813600	80.179600	119.602000	136.618000	148.220000	101.181000	96.812800	0.156000	0.000000	0.082466	0.000000	0.191696	0.000000	0.316683	0.000000	0.333440	0.000000	0.342241	0.000000	0.366538	0.054900	0.008779	0.226500	0.000000	0.330800	0.019313	0.366900	7.000000	24.644700	22.576200	0.000000	3.878140	42.001400	63.422600	94.130200	88.055600	115.556000	109.463000	104.372000	0.015030	0.763600	0.017977	0.941500	0.019597	1.444000	0.020522	0.437000	0.132741	0.401500	0.237465	0.192500	0.326409	0.455800	0.348141	0.048400	0.296524	0.000000	0.240472	0.000000	0.198375	0.000000	0.240681	0.000000	0.326894	0.000000	0.350641	0.000000	0.259398	6.351070	3.688220	5.762310	31.062700	31.343100	1.734130	1.826070	0.087580	1.863820	543.469000	0.000000	0.000000	0.000000	116.518000	0.000000	110.648000	100.467000	334.062000	0.000000	0.350554	1.833050	0.556240	2.858120	
   43	93.100000	121.853000	112.704000	105.298000	69.611000	59.164600	47.155300	68.220500	89.127600	76.403900	70.554500	2.366760	8.901690	0.376293	8.631990	7.094810	0.000000	0.000000	60.989200	49.147800	82.669300	61.397300	39.817100	26.312900	13.000000	11.906000	33.632200	33.434000	49.826800	33.191700	20.574900	17.907500	252.276000	84.680000	44.861600	29.696800	38.773600	6.541130	12.757200	11.765000	15.490500	9.553640	55.290600	35.414300	95.474200	25.664400	30.025800	35.806000	92.100000	99.586800	136.602000	138.259000	75.836900	92.695700	65.025700	76.765700	126.870000	108.652000	158.073000	28.482300	1.716150	0.000000	0.000000	8.183480	0.000000	42.197100	170.110000	118.859000	171.431000	167.391000	123.838000	120.850000	95.000000	128.412000	133.009000	133.423000	138.304000	132.620000	131.039000	169.234000	172.479000	158.399000	93.004000	65.455200	68.538900	65.635000	75.369800	66.021500	62.973700	63.411500	84.555400	98.662000	128.285000	131.443000	93.458000	89.703200	0.156000	0.000000	0.000000	0.000000	0.000000	0.000000	0.000000	0.000000	0.000000	0.000000	0.000000	0.000000	0.000000	0.155900	0.000000	0.596600	0.000000	0.655800	0.000000	2.871900	7.000000	10.590500	8.355300	5.542670	0.266849	32.095600	81.788800	76.328600	89.520100	102.654000	111.688000	102.131000	0.000000	0.913900	0.000000	1.010600	0.000000	0.512300	0.000000	0.514900	0.119831	0.713000	0.254495	0.240900	0.370705	0.252400	0.400350	0.033300	0.334243	0.000000	0.303881	0.000000	0.321423	0.000000	0.350308	0.000000	0.368614	0.000000	0.355017	0.000000	0.259398	5.950090	3.514690	5.619840	29.272800	28.910300	1.353110	1.964140	0.505160	1.789850	613.703000	2.463680	0.408884	0.000000	104.227000	5.105200	118.719000	102.961000	311.233000	0.515949	0.551519	1.855460	0.437245	2.479310	
   44	93.100000	124.378000	115.564000	108.672000	73.360500	62.851000	53.677100	70.122800	83.980500	73.916800	71.453500	1.306080	7.611590	0.000000	1.656390	0.000000	0.000000	0.000000	57.298800	47.756400	85.848200	64.898600	42.389900	36.022700	13.000000	9.748890	32.470000	25.481500	41.455900	26.180600	26.361800	35.236400	231.778000	93.211500	49.221700	29.900700	28.425900	6.434940	8.493580	2.197700	4.826860	1.681980	52.018600	11.426800	108.986000	20.115700	28.784000	40.150100	92.100000	101.152000	138.848000	137.057000	80.459600	92.561500	70.647100	80.662300	129.401000	112.040000	149.376000	30.949700	1.256390	0.000000	0.000000	0.000000	0.000000	22.502400	163.300000	122.618000	167.054000	160.380000	122.412000	132.483000	95.000000	134.219000	134.207000	142.546000	141.598000	140.013000	135.197000	178.087000	190.464000	167.201000	100.227000	74.215100	71.648500	73.202700	82.357300	79.489300	78.163100	78.738800	107.263000	130.839000	156.510000	149.943000	117.475000	112.189000	0.156000	0.000000	0.016251	0.000000	0.023076	0.000000	0.033946	0.000000	0.067183	0.000000	0.074671	0.000000	0.103720	0.035800	0.000000	0.435800	0.000000	1.502800	0.000000	1.053500	7.000000	13.597000	11.148700	0.000000	6.737910	40.206200	38.272900	79.416600	74.183100	92.634400	105.510000	97.476000	0.000000	1.244800	0.000000	1.015600	0.000000	1.146500	0.000000	1.048600	0.126895	0.564700	0.174126	0.355100	0.303050	0.352100	0.306268	0.022100	0.278936	0.000000	0.259970	0.000000	0.236488	0.000000	0.245739	0.000000	0.292133	0.000000	0.318676	0.000000	0.259398	5.660160	3.118130	5.362520	29.391800	28.932000	0.952214	1.311920	0.087320	2.617470	614.923000	0.317591	0.000000	0.000000	111.479000	2.825710	114.145000	100.120000	242.796000	0.427581	0.475685	1.731650	0.430860	2.340670	
   45	93.100000	128.633000	121.978000	106.498000	75.526100	59.835300	49.924200	66.555400	91.050600	73.086900	72.993400	1.682690	8.279370	1.591720	2.334390	1.371430	0.000000	0.000000	55.127200	41.898800	84.577600	65.387700	37.326900	29.221800	13.000000	15.654700	32.849000	40.949300	48.674100	34.488800	26.544300	16.121700	245.756000	117.837000	31.173700	25.769200	20.647500	0.000000	0.000000	0.000000	0.824967	2.366420	42.230400	31.942100	99.521200	17.505500	24.692000	39.784600	92.100000	105.540000	141.154000	130.524000	81.612600	90.597400	63.670000	74.191900	138.480000	102.070000	154.942000	32.552300	5.309730	3.001250	1.893900	5.049600	0.000000	35.621700	162.864000	124.629000	166.624000	164.536000	122.242000	128.818000	95.000000	146.591000	140.054000	138.989000	156.551000	146.904000	129.158000	174.534000	182.062000	149.970000	103.397000	76.011800	73.315400	74.482300	78.482600	78.161100	55.656600	66.709300	89.771300	100.856000	120.791000	124.150000	87.905200	86.167400	0.156000	0.000000	0.041158	0.000000	0.064311	0.000000	0.076982	0.000000	0.068451	0.000000	0.050493	0.000000	0.062287	0.050600	0.053405	0.248300	0.085084	0.307800	0.086345	0.135000	7.000000	4.680040	1.072800	0.000000	0.000000	37.960200	65.126700	69.451000	88.246600	104.134000	113.751000	98.589000	0.063105	0.207900	0.059068	0.350700	0.065096	0.677300	0.060745	0.743700	0.153636	2.772400	0.239198	0.383800	0.242153	0.160800	0.322079	0.031800	0.309007	0.000000	0.233642	0.000000	0.181176	0.000000	0.168935	0.000000	0.198483	0.000000	0.205100	0.000000	0.259398	5.792790	3.076230	5.436550	29.315600	29.192000	1.374640	1.694980	0.268811	9.024760	621.840000	0.000000	0.000000	0.000000	137.009000	3.856850	117.258000	98.180200	295.737000	0.241086	0.443827	1.868170	0.559424	2.569290	
   46	93.100000	125.167000	112.484000	105.639000	69.770900	57.650500	49.729200	66.182600	86.568900	76.804300	70.901400	0.000000	8.620280	0.000000	2.688700	2.685440	0.000000	0.000000	53.515200	47.469600	86.091400	73.433500	40.703200	21.369700	13.000000	14.436800	32.140300	31.018900	46.601200	35.051900	23.128700	18.432300	263.129000	106.309000	44.717300	26.980400	30.559700	4.305800	4.666460	3.643990	0.000000	0.000000	35.926400	0.000000	99.847000	22.764200	29.294500	33.504700	92.100000	105.728000	140.540000	138.028000	83.808200	96.534900	73.298200	85.338600	139.911000	109.112000	157.134000	32.336300	2.067140	0.000000	0.000000	0.000000	0.000000	28.902300	164.054000	123.410000	171.089000	171.038000	125.599000	126.193000	95.000000	134.133000	138.226000	142.833000	145.929000	139.910000	135.385000	173.016000	187.747000	153.707000	99.612900	71.065700	71.144000	74.631400	79.284300	80.349400	74.885200	68.072600	97.840000	116.329000	145.080000	151.918000	104.368000	95.429000	0.156000	0.000000	0.000000	0.000000	0.027930	0.000000	0.012077	0.000000	0.013217	0.000000	0.021618	0.000000	0.033167	0.021900	0.000000	0.279200	0.000000	0.458600	0.000000	0.705400	7.000000	12.308600	4.140280	2.513420	6.972240	42.595700	69.229400	74.536700	89.799100	102.812000	113.512000	99.098400	0.000000	0.679700	0.000000	0.515700	0.000000	0.828600	0.000000	0.683100	0.000000	0.673800	0.252868	0.454300	0.303593	0.213800	0.287868	0.021100	0.278936	0.000000	0.259970	0.000000	0.250739	0.000000	0.245739	0.000000	0.285227	0.000000	0.280860	0.000000	0.259398	5.993370	3.509890	5.647830	29.525500	29.566600	1.318580	2.152890	0.127426	2.665710	620.180000	0.989572	0.000000	0.229845	152.197000	0.000000	112.925000	95.942000	308.997000	0.697079	0.604769	1.859630	0.626797	2.771570	
   47	93.100000	123.813000	115.949000	106.740000	73.066900	60.803100	52.236500	70.366700	85.938000	80.223900	71.302600	0.130575	4.256330	0.000000	0.000000	0.000000	0.000000	0.000000	54.725800	48.293000	84.514700	72.777000	40.802100	29.292500	13.000000	11.086500	32.821600	30.491100	43.103700	26.488300	18.661700	17.701700	222.329000	106.789000	41.395600	29.245200	33.839900	7.385450	6.176740	2.246340	6.687410	3.576190	55.984200	78.579900	87.429300	24.100200	27.022500	31.318900	92.100000	100.401000	135.684000	135.857000	79.421400	91.316800	68.626400	74.883000	127.283000	111.879000	158.157000	31.653400	6.752940	0.000000	0.000000	4.509180	0.000000	32.782100	157.680000	134.303000	167.367000	158.996000	124.078000	128.432000	95.000000	140.051000	142.638000	145.541000	154.010000	153.093000	138.231000	178.032000	188.867000	173.308000	98.863500	67.352900	77.184600	68.449600	78.846800	76.298800	74.367300	74.264500	106.392000	128.933000	145.383000	148.583000	106.431000	104.108000	0.156000	0.000000	0.024384	0.000000	0.037814	0.000000	0.039675	0.000000	0.038820	0.000000	0.035134	0.000000	0.026500	0.029600	0.061695	0.366900	0.026959	0.770600	0.000000	0.887900	7.000000	4.680040	1.072800	0.000000	0.000000	42.001400	63.422600	94.130200	88.055600	115.556000	109.463000	104.372000	0.043528	0.860400	0.000000	0.978200	0.000000	1.171000	0.036956	0.792900	0.164557	1.089100	0.151688	0.561300	0.360647	0.162600	0.372055	0.013900	0.318340	0.000000	0.265169	0.000000	0.257458	0.000000	0.271063	0.000000	0.304794	0.000000	0.289385	0.000000	0.259398	5.935330	3.312350	5.497880	29.256500	29.332400	1.090950	1.873200	0.285057	1.754400	619.033000	0.000000	0.000000	0.877716	161.737000	0.986701	115.898000	99.286800	321.811000	0.285422	0.374263	1.972650	0.569347	2.532800	
   48	93.100000	123.813000	115.949000	106.740000	73.066900	60.803100	52.236500	70.366700	85.938000	80.223900	71.302600	0.130575	4.256330	0.000000	0.000000	0.000000	0.000000	0.000000	54.725800	48.293000	84.514700	72.777000	40.802100	29.292500	13.000000	11.086500	32.821600	30.491100	43.103700	26.488300	18.661700	17.701700	222.329000	106.789000	41.395600	29.245200	33.839900	7.385450	6.176740	2.246340	6.687410	3.576190	55.984200	78.579900	87.429300	24.100200	27.022500	31.318900	92.100000	100.401000	135.684000	135.857000	79.421400	91.316800	68.626400	74.883000	127.283000	111.879000	158.157000	31.653400	6.752940	0.000000	0.000000	4.509180	0.000000	32.782100	157.680000	134.303000	167.367000	158.996000	124.078000	128.432000	95.000000	140.051000	142.638000	145.541000	154.010000	153.093000	138.231000	178.032000	188.867000	173.308000	98.863500	67.352900	77.184600	68.449600	78.846800	76.298800	74.367300	74.264500	106.392000	128.933000	145.383000	148.583000	106.431000	104.108000	0.156000	0.000000	0.024384	0.000000	0.037814	0.000000	0.039675	0.000000	0.038820	0.000000	0.035134	0.000000	0.026500	0.029600	0.061695	0.366900	0.026959	0.770600	0.000000	0.887900	7.000000	4.680040	1.072800	0.000000	0.000000	42.001400	63.422600	94.130200	88.055600	115.556000	109.463000	104.372000	0.043528	0.860400	0.000000	0.978200	0.000000	1.171000	0.036956	0.792900	0.164557	1.089100	0.151688	0.561300	0.360647	0.162600	0.372055	0.013900	0.318340	0.000000	0.265169	0.000000	0.257458	0.000000	0.271063	0.000000	0.304794	0.000000	0.289385	0.000000	0.259398	5.935330	3.312350	5.497880	29.256500	29.332400	1.090950	1.873200	0.285057	1.754400	619.033000	0.000000	0.000000	0.877716	161.737000	0.986701	115.898000	99.286800	321.811000	0.285422	0.374263	1.972650	0.569347	2.532800	
   49	93.100000	128.155000	110.268000	109.129000	73.743400	59.968500	55.904400	68.197000	82.676300	74.075100	71.031100	0.582790	5.303220	0.000000	0.482741	0.000000	0.000000	0.000000	57.701600	47.697800	84.779600	59.115800	38.399200	29.631300	13.000000	9.888980	28.434200	32.344500	46.755900	28.228900	19.943700	0.604648	243.237000	103.420000	39.691600	27.971400	36.013500	6.288550	3.814790	3.244100	7.611040	5.013460	40.908900	0.000000	86.962900	24.731300	30.584200	36.033100	92.100000	107.785000	140.836000	140.749000	76.605300	91.902000	71.053400	72.170400	127.261000	113.421000	153.241000	29.698800	3.217910	0.000000	0.000000	0.000000	0.000000	26.251800	161.404000	123.983000	166.615000	159.009000	125.708000	136.284000	95.000000	133.659000	136.274000	140.123000	143.324000	135.178000	133.443000	166.310000	180.657000	169.237000	100.366000	61.283300	63.148200	63.458900	75.267400	74.029700	67.380100	79.063700	94.123100	116.464000	146.802000	138.870000	106.366000	103.137000	0.156000	0.000000	0.036795	0.000000	0.034519	0.000000	0.057374	0.000000	0.070627	0.000000	0.058378	0.000000	0.062730	0.020900	0.055046	0.335200	0.040930	0.786600	0.062478	1.013800	7.000000	1.568310	0.000000	0.000000	3.657660	37.148100	69.202700	88.892100	82.600300	94.330500	107.082000	101.715000	0.057949	1.075800	0.000000	0.741800	0.004220	0.662600	0.096411	0.700600	0.160154	0.601400	0.252227	0.492400	0.367621	0.378000	0.229186	0.019500	0.212745	0.000000	0.198225	0.000000	0.180756	0.000000	0.186387	0.000000	0.203453	0.000000	0.236936	0.000000	0.259398	5.844150	3.335210	5.294690	28.573200	28.693000	1.376390	2.007400	0.522467	0.000000	602.363000	0.000000	0.000000	0.000000	131.858000	1.197740	121.770000	99.301900	320.763000	0.000000	0.513481	1.740570	0.558385	2.602050	
   50	93.100000	123.692000	115.766000	106.549000	69.536300	61.536800	50.089600	69.656300	85.440300	72.983200	71.455500	0.215714	11.835200	0.000000	0.080933	0.000000	0.000000	0.000000	58.619000	54.407900	86.383700	65.181100	42.500200	31.810200	13.000000	8.890550	40.228700	43.209000	46.893400	38.044300	24.902900	32.175100	237.578000	86.980900	39.284600	27.433600	28.804300	2.629950	4.126690	5.797660	6.708990	0.000000	56.098900	16.403500	84.428100	28.276800	36.035400	38.707700	92.100000	100.878000	137.171000	136.503000	76.316100	94.324500	61.305900	79.276700	120.059000	92.833100	163.591000	34.541500	2.238680	0.546321	0.000000	2.815110	0.000000	34.118000	163.739000	124.692000	170.509000	159.617000	128.551000	134.757000	95.000000	133.215000	135.348000	136.454000	144.219000	143.109000	132.811000	179.772000	184.931000	160.944000	98.311400	75.488600	70.465100	65.057100	72.894100	72.135700	64.601400	64.515500	105.516000	120.022000	146.943000	143.009000	107.365000	101.474000	0.156000	0.000000	0.000000	0.000000	0.000000	0.000000	0.000000	0.000000	0.000000	0.000000	0.000000	0.000000	0.000000	0.031600	0.013042	0.157100	0.000000	0.409800	0.000000	0.996300	7.000000	0.000000	0.000000	0.000000	4.359190	29.925300	62.267100	73.484600	97.894400	111.548000	120.126000	103.656000	0.000000	0.554000	0.000000	1.131700	0.007359	2.285500	0.029099	0.925400	0.000000	0.705100	0.197448	0.521000	0.129292	0.089000	0.183298	0.012700	0.311416	0.000000	0.294977	0.000000	0.303275	0.000000	0.313564	0.000000	0.348550	0.000000	0.380271	0.000000	0.259398	6.067970	3.444240	5.675410	30.123700	30.003800	1.048440	1.668720	0.016882	0.783567	652.640000	1.898080	0.000000	0.000000	12.635000	0.000000	116.626000	102.153000	263.533000	0.842851	0.539312	2.106360	0.604985	2.779620	
   51	93.100000	125.167000	115.296000	104.919000	69.989900	56.506700	55.129100	67.908500	83.038500	79.882300	70.843100	0.000000	7.853300	0.000000	1.735500	0.649468	0.000000	0.000000	59.497900	58.903500	83.959800	63.209100	38.142200	28.191800	13.000000	13.875800	33.650200	30.942700	48.663900	31.097900	18.696200	27.185300	239.670000	97.309400	37.723700	21.814700	24.692100	0.000000	0.000000	0.000000	0.000000	0.000000	47.936000	39.732900	111.795000	20.632400	25.596000	31.722000	92.100000	107.015000	143.239000	138.039000	79.857100	93.632400	74.319400	76.036800	129.979000	117.893000	163.353000	28.153200	0.000000	0.484219	2.564980	3.073750	0.000000	44.629900	156.405000	137.635000	166.268000	161.877000	124.470000	125.922000	95.000000	136.378000	143.710000	144.089000	147.173000	140.513000	133.907000	172.151000	177.293000	163.154000	100.221000	70.738300	57.608900	75.399600	84.617000	79.966300	82.047300	85.581800	115.991000	119.225000	163.478000	162.452000	113.989000	109.938000	0.156000	0.000000	0.000000	0.000000	0.000000	0.000000	0.017676	0.000000	0.021851	0.000000	0.012996	0.000000	0.023485	0.150300	0.000000	0.341900	0.000000	0.734800	0.000000	0.679800	7.000000	0.000000	0.000000	0.000000	0.000000	37.960200	65.126700	69.451000	88.246600	104.134000	113.751000	102.185000	0.000000	0.448200	0.000000	0.933500	0.000000	0.398000	0.000000	0.689600	0.009110	1.217300	0.117483	0.700800	0.212723	0.221200	0.230746	0.004800	0.197238	0.000000	0.156960	0.000000	0.124809	0.000000	0.113205	0.000000	0.139346	0.000000	0.158101	0.000000	0.259398	6.027110	3.405870	5.603030	29.623700	29.502000	1.311540	1.983920	0.212050	1.599080	629.032000	0.000000	0.000000	0.000000	0.000000	7.162400	113.475000	102.897000	289.218000	0.712669	0.580885	1.823820	0.534297	2.582250	
   52	93.100000	121.853000	112.704000	105.298000	69.611000	59.164600	47.155300	68.220500	89.127600	76.403900	70.554500	2.366760	8.901690	0.376293	8.631990	7.094810	0.000000	0.000000	60.989200	49.147800	82.669300	61.397300	39.817100	26.312900	13.000000	9.888980	28.434200	26.010000	38.914100	24.757300	17.549100	8.807260	207.826000	121.359000	23.149400	7.780820	26.108700	0.000000	0.000000	0.000000	7.418710	0.000000	49.257900	45.790000	92.864800	22.488300	31.516900	42.993800	92.100000	107.785000	140.836000	137.944000	82.779400	96.291400	70.058000	83.111500	146.345000	140.266000	163.524000	33.971700	5.167920	0.000000	0.000000	0.000000	0.000000	33.348200	164.988000	138.778000	177.449000	168.370000	131.325000	132.378000	95.000000	142.563000	146.332000	146.935000	150.993000	143.898000	142.423000	179.283000	194.534000	170.939000	97.423300	72.133800	71.306100	69.913400	79.949000	74.105500	76.174100	66.038500	107.955000	122.180000	138.988000	140.706000	105.119000	106.228000	0.156000	0.000000	0.000000	0.000000	0.000000	0.000000	0.019732	0.000000	0.025906	0.000000	0.000000	0.000000	0.000000	0.017700	0.000000	0.351300	0.000000	0.377300	0.000000	0.923500	7.000000	0.000000	1.741540	0.000000	0.180671	35.471900	65.963000	59.552900	113.986000	101.150000	111.889000	118.692000	0.000000	0.320400	0.000000	0.707100	0.000000	1.356500	0.000000	0.248100	0.000000	0.337900	0.058492	0.235800	0.152307	0.170900	0.207969	0.030800	0.215229	0.000000	0.179126	0.000000	0.152409	0.000000	0.165383	0.000000	0.203453	0.000000	0.236936	0.000000	0.259398	5.759980	3.131330	5.286100	28.839100	28.527900	1.060680	1.470720	0.166092	3.779180	618.358000	0.000000	0.000000	0.000000	129.994000	1.434270	118.246000	99.555900	308.536000	0.847221	0.473180	1.941910	0.518473	2.483840	
   53	93.100000	123.813000	115.949000	106.740000	73.066900	60.803100	52.236500	70.366700	85.938000	80.223900	71.302600	0.130575	4.256330	0.000000	0.000000	0.000000	0.000000	0.000000	54.725800	48.293000	84.514700	72.777000	40.802100	29.292500	13.000000	11.086500	32.821600	30.491100	43.103700	26.488300	18.661700	17.701700	222.329000	106.789000	41.395600	29.245200	33.839900	7.385450	6.176740	2.246340	6.687410	3.576190	55.984200	78.579900	87.429300	24.100200	27.022500	31.318900	92.100000	100.401000	135.684000	135.857000	79.421400	91.316800	68.626400	74.883000	127.283000	111.879000	158.157000	31.653400	6.752940	0.000000	0.000000	4.509180	0.000000	32.782100	157.680000	134.303000	167.367000	158.996000	124.078000	128.432000	95.000000	140.051000	142.638000	145.541000	154.010000	153.093000	138.231000	178.032000	188.867000	173.308000	98.863500	67.352900	77.184600	68.449600	78.846800	76.298800	74.367300	74.264500	106.392000	128.933000	145.383000	148.583000	106.431000	104.108000	0.156000	0.000000	0.024384	0.000000	0.037814	0.000000	0.039675	0.000000	0.038820	0.000000	0.035134	0.000000	0.026500	0.029600	0.061695	0.366900	0.026959	0.770600	0.000000	0.887900	7.000000	4.680040	1.072800	0.000000	0.000000	42.001400	63.422600	94.130200	88.055600	115.556000	109.463000	104.372000	0.043528	0.860400	0.000000	0.978200	0.000000	1.171000	0.036956	0.792900	0.164557	1.089100	0.151688	0.561300	0.360647	0.162600	0.372055	0.013900	0.318340	0.000000	0.265169	0.000000	0.257458	0.000000	0.271063	0.000000	0.304794	0.000000	0.289385	0.000000	0.259398	5.935330	3.312350	5.497880	29.256500	29.332400	1.090950	1.873200	0.285057	1.754400	619.033000	0.000000	0.000000	0.877716	161.737000	0.986701	115.898000	99.286800	321.811000	0.285422	0.374263	1.972650	0.569347	2.532800	
   54	93.100000	124.378000	115.564000	108.672000	73.360500	62.851000	53.677100	70.122800	83.980500	73.916800	71.453500	1.306080	7.611590	0.000000	1.656390	0.000000	0.000000	0.000000	57.298800	47.756400	85.848200	64.898600	42.389900	36.022700	13.000000	9.748890	32.470000	25.481500	41.455900	26.180600	26.361800	35.236400	231.778000	93.211500	49.221700	29.900700	28.425900	6.434940	8.493580	2.197700	4.826860	1.681980	52.018600	11.426800	108.986000	20.115700	28.784000	40.150100	92.100000	101.152000	138.848000	137.057000	80.459600	92.561500	70.647100	80.662300	129.401000	112.040000	149.376000	30.949700	1.256390	0.000000	0.000000	0.000000	0.000000	22.502400	163.300000	122.618000	167.054000	160.380000	122.412000	132.483000	95.000000	134.219000	134.207000	142.546000	141.598000	140.013000	135.197000	178.087000	190.464000	167.201000	100.227000	74.215100	71.648500	73.202700	82.357300	79.489300	78.163100	78.738800	107.263000	130.839000	156.510000	149.943000	117.475000	112.189000	0.156000	0.000000	0.016251	0.000000	0.023076	0.000000	0.033946	0.000000	0.067183	0.000000	0.074671	0.000000	0.103720	0.035800	0.000000	0.435800	0.000000	1.502800	0.000000	1.053500	7.000000	13.597000	11.148700	0.000000	6.737910	40.206200	38.272900	79.416600	74.183100	92.634400	105.510000	97.476000	0.000000	1.244800	0.000000	1.015600	0.000000	1.146500	0.000000	1.048600	0.126895	0.564700	0.174126	0.355100	0.303050	0.352100	0.306268	0.022100	0.278936	0.000000	0.259970	0.000000	0.236488	0.000000	0.245739	0.000000	0.292133	0.000000	0.318676	0.000000	0.259398	5.660160	3.118130	5.362520	29.391800	28.932000	0.952214	1.311920	0.087320	2.617470	614.923000	0.317591	0.000000	0.000000	111.479000	2.825710	114.145000	100.120000	242.796000	0.427581	0.475685	1.731650	0.430860	2.340670	
   55	93.100000	124.232000	115.247000	107.050000	73.306600	59.568600	51.464800	67.391500	87.740500	72.837300	65.466400	1.736690	5.902280	0.000000	3.432080	4.270400	0.000000	0.000000	46.041700	53.389300	84.845700	70.206300	39.811000	34.849800	13.000000	10.828000	33.975700	31.025800	48.171600	39.515300	27.569100	13.273600	228.200000	115.369000	36.957400	19.439100	30.626600	5.303730	0.677058	4.199150	0.664349	0.000000	39.644000	46.184400	87.165000	36.208500	30.736900	33.611000	92.100000	105.334000	138.238000	134.059000	78.396200	94.927900	74.382400	80.453600	140.502000	109.997000	155.868000	31.786500	7.029940	0.000000	0.136942	4.589950	0.000000	31.491800	144.734000	129.148000	163.793000	167.045000	125.406000	131.091000	95.000000	140.818000	134.769000	137.447000	152.451000	134.600000	135.156000	166.533000	182.538000	151.580000	102.855000	71.612400	68.555200	69.365400	75.932000	77.633600	72.056300	78.769700	95.577700	122.940000	141.562000	142.230000	98.485200	89.959500	0.156000	0.000000	0.000000	0.000000	0.000000	0.000000	0.000000	0.000000	0.000000	0.000000	0.000000	0.000000	0.007693	0.041400	0.000000	0.277800	0.000000	0.526600	0.000000	0.889600	7.000000	4.081500	6.381770	0.000000	0.000000	32.128000	63.403100	88.777300	99.085000	113.533000	115.195000	105.672000	0.000000	0.657900	0.037313	0.594200	0.000000	0.807500	0.000000	0.949600	0.112253	1.047900	0.207648	0.701500	0.371525	0.540500	0.372055	0.015900	0.318340	0.000000	0.306136	0.000000	0.283053	0.000000	0.281440	0.000000	0.278197	0.000000	0.286747	0.000000	0.259398	5.950290	3.270530	5.486570	29.175300	29.201900	1.090200	1.925760	0.461711	2.149120	621.498000	0.000000	0.000000	0.000000	135.210000	1.192020	118.534000	99.312200	308.870000	0.455592	0.506855	1.822880	0.531799	2.557240	
   56	93.100000	126.431000	112.269000	106.179000	75.007500	59.657900	48.238600	67.909400	83.557600	76.493400	73.003700	2.769560	1.635370	0.000000	3.535860	1.048700	0.000000	0.000000	50.851000	38.653400	84.867500	76.968000	40.044000	24.087300	13.000000	17.815200	28.954900	30.840500	48.367900	32.257500	23.795800	57.662800	237.899000	93.705000	39.143800	26.877300	28.585000	1.388960	0.000000	0.064412	0.000000	1.183280	32.691700	31.886900	102.163000	22.650900	26.664400	30.474400	92.100000	105.075000	140.008000	135.694000	82.947300	95.148800	70.428600	81.671100	140.727000	108.286000	152.934000	33.554700	0.000000	0.000000	0.000000	0.000000	0.000000	30.190700	159.638000	111.683000	168.720000	160.833000	128.141000	130.809000	95.000000	141.025000	140.280000	137.427000	153.982000	139.305000	125.374000	178.600000	178.854000	155.482000	100.018000	74.312300	66.534600	68.245100	81.143100	74.471200	73.458600	75.917600	107.162000	100.021000	137.969000	155.638000	105.126000	90.515800	0.156000	0.000000	0.001700	0.000000	0.014342	0.000000	0.001465	0.000000	0.024573	0.000000	0.020145	0.000000	0.000000	0.050900	0.000000	0.221100	0.027824	0.495200	0.000000	0.915400	7.000000	0.000000	0.000000	0.000000	0.000000	23.249700	65.713500	71.210700	74.053700	100.043000	104.914000	88.504300	0.005275	0.771400	0.000000	0.816100	0.000000	0.863000	0.000000	1.154800	0.180719	0.469400	0.141254	0.425200	0.316344	0.286700	0.352931	0.020900	0.318518	0.000000	0.268281	0.000000	0.229212	0.000000	0.261175	0.000000	0.294327	0.000000	0.292509	0.000000	0.259398	5.874110	3.349560	5.478300	29.467900	29.242400	1.162150	1.713130	0.454317	2.206970	629.133000	0.000000	0.000000	0.000000	117.148000	3.113070	115.220000	98.537900	255.486000	1.104410	0.474935	1.891280	0.679276	2.548030	
   57	93.100000	126.431000	112.269000	106.179000	75.007500	59.657900	48.238600	67.909400	83.557600	76.493400	73.003700	2.769560	1.635370	0.000000	3.535860	1.048700	0.000000	0.000000	50.851000	38.653400	84.867500	76.968000	40.044000	24.087300	13.000000	17.815200	28.954900	30.840500	48.367900	32.257500	23.795800	57.662800	237.899000	93.705000	39.143800	26.877300	28.585000	1.388960	0.000000	0.064412	0.000000	1.183280	32.691700	31.886900	102.163000	22.650900	26.664400	30.474400	92.100000	105.075000	140.008000	135.694000	82.947300	95.148800	70.428600	81.671100	140.727000	108.286000	152.934000	33.554700	0.000000	0.000000	0.000000	0.000000	0.000000	30.190700	159.638000	111.683000	168.720000	160.833000	128.141000	130.809000	95.000000	141.025000	140.280000	137.427000	153.982000	139.305000	125.374000	178.600000	178.854000	155.482000	100.018000	74.312300	66.534600	68.245100	81.143100	74.471200	73.458600	75.917600	107.162000	100.021000	137.969000	155.638000	105.126000	90.515800	0.156000	0.000000	0.001700	0.000000	0.014342	0.000000	0.001465	0.000000	0.024573	0.000000	0.020145	0.000000	0.000000	0.050900	0.000000	0.221100	0.027824	0.495200	0.000000	0.915400	7.000000	0.000000	0.000000	0.000000	0.000000	23.249700	65.713500	71.210700	74.053700	100.043000	104.914000	88.504300	0.005275	0.771400	0.000000	0.816100	0.000000	0.863000	0.004381	2.023300	0.105916	0.720500	0.222627	0.569600	0.307736	0.355800	0.348200	0.007100	0.314240	0.000000	0.284187	0.000000	0.256519	0.000000	0.256475	0.000000	0.287930	0.000000	0.319549	0.000000	0.259398	5.989570	3.435930	5.510480	29.858100	29.950800	1.200800	1.799200	0.280611	3.087860	614.014000	0.010094	0.000000	0.000000	132.702000	0.729887	130.681000	99.272000	319.062000	0.000000	0.050509	2.022130	0.755628	2.699590	
   58	93.100000	121.853000	112.704000	105.298000	69.611000	59.164600	47.155300	68.220500	89.127600	76.403900	70.554500	2.366760	8.901690	0.376293	8.631990	7.094810	0.000000	0.000000	60.989200	49.147800	82.669300	61.397300	39.817100	26.312900	13.000000	15.771000	31.982800	32.686700	49.950900	31.761400	23.003200	11.949800	215.251000	95.929200	38.585000	8.512320	21.981900	0.000000	0.000000	0.000000	0.000000	0.000000	35.926400	0.000000	99.847000	22.764200	29.294500	33.504700	92.100000	112.783000	137.442000	141.793000	76.887000	94.324500	61.305900	81.160400	137.476000	108.598000	164.416000	28.674600	0.000000	0.000000	0.000000	0.000000	0.000000	27.470800	151.207000	111.122000	169.847000	171.898000	128.280000	127.439000	95.000000	127.803000	141.809000	144.413000	138.783000	130.086000	135.268000	160.187000	168.549000	140.648000	87.739600	57.993000	56.704300	54.694300	66.122900	65.743800	60.332200	65.570300	97.712300	112.126000	136.358000	136.333000	98.315800	94.709800	0.156000	0.000000	0.001700	0.000000	0.000000	0.000000	0.000000	0.000000	0.010177	0.000000	0.000000	0.000000	0.000000	0.043600	0.000000	0.358700	0.030271	0.533600	0.043445	2.109800	7.000000	9.557020	10.200600	1.673080	2.327810	34.320900	62.993900	84.564500	94.482200	103.942000	113.268000	92.820900	0.040668	1.001800	0.039170	0.512800	0.044696	1.149000	0.052036	2.285500	0.149856	0.771700	0.230236	0.277800	0.296564	0.151100	0.314423	0.011000	0.302832	0.000000	0.268460	0.000000	0.218741	0.000000	0.195579	0.000000	0.197156	0.000000	0.196959	0.000000	0.259398	5.815920	3.446830	5.426130	29.316400	29.198200	1.202430	1.791790	0.000000	1.851340	626.163000	4.910480	36.982500	0.000000	100.463000	0.000000	113.670000	99.133100	345.564000	0.572482	0.250101	1.814560	0.637911	2.890310	
   59	93.100000	127.696000	113.632000	106.723000	77.013100	59.148300	52.356400	70.836600	86.287000	78.078300	70.541100	1.876840	5.132250	0.000000	2.643150	1.197160	0.000000	0.000000	45.168900	39.748000	84.698300	78.254900	39.855400	29.106000	13.000000	17.892300	42.523600	41.476100	56.474800	41.287100	27.187400	10.126800	237.115000	108.624000	37.831500	26.877300	28.585000	1.388960	0.000000	0.064412	0.000000	1.183280	32.691700	31.886900	102.163000	22.650900	26.664400	30.474400	92.100000	107.146000	139.845000	136.643000	86.849600	98.122300	71.814500	85.489400	142.046000	119.478000	156.201000	33.565600	0.000000	0.000000	0.000000	0.000000	0.000000	26.017300	156.090000	121.026000	171.129000	172.142000	127.278000	122.771000	95.000000	134.941000	138.847000	134.802000	153.185000	141.385000	132.822000	171.343000	180.411000	152.980000	94.099600	71.511700	67.018900	67.444400	77.777900	70.291800	79.911000	67.509100	88.999700	111.240000	158.670000	160.023000	105.757000	102.621000	0.156000	0.000000	0.042742	0.000000	0.020803	0.000000	0.071924	0.000000	0.079200	0.000000	0.090060	0.000000	0.088125	0.041800	0.065056	0.343700	0.064538	0.692200	0.080511	0.362200	7.000000	0.640750	2.104380	0.000000	27.288200	68.686600	103.205000	105.107000	89.354000	126.803000	123.195000	103.106000	0.076354	1.463700	0.065598	3.950600	0.054726	1.194300	0.038205	2.301300	0.119053	1.594300	0.211724	0.328500	0.282834	0.198400	0.281844	0.011500	0.262579	0.000000	0.256264	0.000000	0.252361	0.000000	0.252957	0.000000	0.276656	0.000000	0.259980	0.000000	0.259398	5.758150	3.576420	5.458880	29.313400	29.239400	1.192530	1.845890	0.481029	1.595940	615.059000	0.499396	0.000000	0.000000	131.380000	0.363418	113.608000	99.215800	325.890000	0.838821	0.537787	1.768420	0.523188	2.555320	
   60	93.100000	124.378000	115.564000	108.672000	73.360500	62.851000	53.677100	70.122800	83.980500	73.916800	71.453500	1.306080	7.611590	0.000000	1.656390	0.000000	0.000000	0.000000	57.298800	47.756400	85.848200	64.898600	42.389900	36.022700	13.000000	9.748890	32.470000	25.481500	41.455900	26.180600	26.361800	35.236400	231.778000	93.211500	49.221700	29.900700	28.425900	6.434940	8.493580	2.197700	4.826860	1.681980	52.018600	11.426800	108.986000	20.115700	28.784000	40.150100	92.100000	101.152000	138.848000	137.057000	80.459600	92.561500	70.647100	80.662300	129.401000	112.040000	149.376000	30.949700	1.256390	0.000000	0.000000	0.000000	0.000000	22.502400	163.300000	122.618000	167.054000	160.380000	122.412000	132.483000	95.000000	134.219000	134.207000	142.546000	141.598000	140.013000	135.197000	178.087000	190.464000	167.201000	100.227000	74.215100	71.648500	73.202700	82.357300	79.489300	78.163100	78.738800	107.263000	130.839000	156.510000	149.943000	117.475000	112.189000	0.156000	0.000000	0.016251	0.000000	0.023076	0.000000	0.033946	0.000000	0.067183	0.000000	0.074671	0.000000	0.103720	0.035800	0.000000	0.435800	0.000000	1.502800	0.000000	1.053500	7.000000	13.597000	11.148700	0.000000	6.737910	40.206200	38.272900	79.416600	74.183100	92.634400	105.510000	97.476000	0.000000	1.244800	0.000000	1.015600	0.000000	1.146500	0.000000	1.048600	0.126895	0.564700	0.174126	0.355100	0.303050	0.352100	0.306268	0.022100	0.278936	0.000000	0.259970	0.000000	0.236488	0.000000	0.245739	0.000000	0.292133	0.000000	0.318676	0.000000	0.259398	5.660160	3.118130	5.362520	29.391800	28.932000	0.952214	1.311920	0.087320	2.617470	614.923000	0.317591	0.000000	0.000000	111.479000	2.825710	114.145000	100.120000	242.796000	0.427581	0.475685	1.731650	0.430860	2.340670	
   61	93.100000	123.813000	115.949000	106.740000	73.066900	60.803100	52.236500	70.366700	85.938000	80.223900	71.302600	0.130575	4.256330	0.000000	0.000000	0.000000	0.000000	0.000000	54.725800	48.293000	84.514700	72.777000	40.802100	29.292500	13.000000	11.086500	32.821600	30.491100	43.103700	26.488300	18.661700	17.701700	222.329000	106.789000	41.395600	29.245200	33.839900	7.385450	6.176740	2.246340	6.687410	3.576190	55.984200	78.579900	87.429300	24.100200	27.022500	31.318900	92.100000	100.401000	135.684000	135.857000	79.421400	91.316800	68.626400	74.883000	127.283000	111.879000	158.157000	31.653400	6.752940	0.000000	0.000000	4.509180	0.000000	32.782100	157.680000	134.303000	167.367000	158.996000	124.078000	128.432000	95.000000	140.051000	142.638000	145.541000	154.010000	153.093000	138.231000	178.032000	188.867000	173.308000	98.863500	67.352900	77.184600	68.449600	78.846800	76.298800	74.367300	74.264500	106.392000	128.933000	145.383000	148.583000	106.431000	104.108000	0.156000	0.000000	0.024384	0.000000	0.037814	0.000000	0.039675	0.000000	0.038820	0.000000	0.035134	0.000000	0.026500	0.029600	0.061695	0.366900	0.026959	0.770600	0.000000	0.887900	7.000000	4.680040	1.072800	0.000000	0.000000	42.001400	63.422600	94.130200	88.055600	115.556000	109.463000	104.372000	0.043528	0.860400	0.000000	0.978200	0.000000	1.171000	0.036956	0.792900	0.164557	1.089100	0.151688	0.561300	0.360647	0.162600	0.372055	0.013900	0.318340	0.000000	0.265169	0.000000	0.257458	0.000000	0.271063	0.000000	0.304794	0.000000	0.289385	0.000000	0.259398	5.935330	3.312350	5.497880	29.256500	29.332400	1.090950	1.873200	0.285057	1.754400	619.033000	0.000000	0.000000	0.877716	161.737000	0.986701	115.898000	99.286800	321.811000	0.285422	0.374263	1.972650	0.569347	2.532800	
   62	93.100000	128.155000	110.268000	109.129000	73.743400	59.968500	55.904400	68.197000	82.676300	74.075100	71.031100	0.582790	5.303220	0.000000	0.482741	0.000000	0.000000	0.000000	57.701600	47.697800	84.779600	59.115800	38.399200	29.631300	13.000000	9.888980	28.434200	32.344500	46.755900	28.228900	19.943700	0.604648	243.237000	103.420000	39.691600	27.971400	36.013500	6.288550	3.814790	3.244100	7.611040	5.013460	40.908900	0.000000	86.962900	24.731300	30.584200	36.033100	92.100000	107.785000	140.836000	140.749000	76.605300	91.902000	71.053400	72.170400	127.261000	113.421000	153.241000	29.698800	3.217910	0.000000	0.000000	0.000000	0.000000	26.251800	161.404000	123.983000	166.615000	159.009000	125.708000	136.284000	95.000000	133.659000	136.274000	140.123000	143.324000	135.178000	133.443000	166.310000	180.657000	169.237000	100.366000	61.283300	63.148200	63.458900	75.267400	74.029700	67.380100	79.063700	94.123100	116.464000	146.802000	138.870000	106.366000	103.137000	0.156000	0.000000	0.036795	0.000000	0.034519	0.000000	0.057374	0.000000	0.070627	0.000000	0.058378	0.000000	0.062730	0.020900	0.055046	0.335200	0.040930	0.786600	0.062478	1.013800	7.000000	1.568310	0.000000	0.000000	3.657660	37.148100	69.202700	88.892100	82.600300	94.330500	107.082000	101.715000	0.057949	1.075800	0.000000	0.741800	0.004220	0.662600	0.096411	0.700600	0.160154	0.601400	0.252227	0.492400	0.367621	0.378000	0.229186	0.019500	0.212745	0.000000	0.198225	0.000000	0.180756	0.000000	0.186387	0.000000	0.203453	0.000000	0.236936	0.000000	0.259398	5.737760	3.458910	5.421360	29.371500	29.175700	1.326850	1.674550	0.541080	1.659360	588.536000	0.000000	0.000000	0.000000	129.555000	1.771570	116.206000	99.396400	318.255000	0.226763	0.510030	1.819910	0.540433	2.555360	
   63	93.100000	121.853000	112.704000	105.298000	69.611000	59.164600	47.155300	68.220500	89.127600	76.403900	70.554500	2.366760	8.901690	0.376293	8.631990	7.094810	0.000000	0.000000	60.989200	49.147800	82.669300	61.397300	39.817100	26.312900	13.000000	16.872400	29.118600	28.594800	43.847000	28.350800	20.022400	14.991800	209.375000	126.327000	49.369600	39.357800	42.879200	12.139600	9.348310	9.306850	9.199840	9.610860	36.398200	33.645200	109.904000	28.168600	31.809100	34.841500	92.100000	108.487000	141.440000	138.598000	81.904100	97.617100	65.859900	83.150500	133.304000	113.502000	157.858000	30.735600	5.491710	0.000000	0.000000	0.000000	0.000000	27.954600	167.604000	121.276000	170.755000	160.669000	129.722000	120.369000	95.000000	130.427000	149.206000	148.113000	149.903000	132.747000	138.012000	187.381000	176.571000	158.829000	98.320000	70.502100	76.373600	69.711000	86.438100	73.324200	74.788500	74.184600	92.090900	101.780000	131.411000	132.513000	95.751600	94.244500	0.156000	0.000000	0.050055	0.000000	0.066913	0.000000	0.062161	0.000000	0.040071	0.000000	0.030371	0.000000	0.011933	0.014900	0.000000	0.186300	0.000000	0.333100	0.000000	0.952900	7.000000	6.526440	4.982140	0.000000	0.000000	31.552600	72.321000	87.029400	113.793000	112.876000	116.759000	114.099000	0.000000	1.552400	0.000000	1.532900	0.000000	0.647000	0.000000	0.485700	0.000000	0.474600	0.101396	0.456400	0.211658	0.290800	0.275692	0.016700	0.305419	0.000000	0.326650	0.000000	0.301762	0.000000	0.292262	0.000000	0.308718	0.000000	0.361531	0.000000	0.259398	5.938100	3.297960	5.542430	29.554400	29.402700	0.923193	1.655020	0.170773	3.819550	641.232000	0.146522	0.000000	6.311470	101.999000	8.632230	116.323000	98.701300	293.370000	1.023770	0.581943	1.987890	0.559338	2.631810	
   64	93.100000	126.431000	112.269000	106.179000	75.007500	59.657900	48.238600	67.909400	83.557600	76.493400	73.003700	2.769560	1.635370	0.000000	3.535860	1.048700	0.000000	0.000000	50.851000	38.653400	84.867500	76.968000	40.044000	24.087300	13.000000	17.815200	28.954900	30.840500	48.367900	32.257500	23.795800	57.662800	237.899000	93.705000	39.143800	26.877300	28.585000	1.388960	0.000000	0.064412	0.000000	1.183280	32.691700	31.886900	102.163000	22.650900	26.664400	30.474400	92.100000	105.075000	140.008000	135.694000	82.947300	95.148800	70.428600	81.671100	140.727000	108.286000	152.934000	33.554700	0.000000	0.000000	0.000000	0.000000	0.000000	30.190700	159.638000	111.683000	168.720000	160.833000	128.141000	130.809000	95.000000	141.025000	140.280000	137.427000	153.982000	139.305000	125.374000	178.600000	178.854000	155.482000	100.018000	74.312300	66.534600	68.245100	81.143100	74.471200	73.458600	75.917600	107.162000	100.021000	137.969000	155.638000	105.126000	90.515800	0.156000	0.000000	0.001700	0.000000	0.014342	0.000000	0.001465	0.000000	0.024573	0.000000	0.020145	0.000000	0.000000	0.050900	0.000000	0.221100	0.027824	0.495200	0.000000	0.915400	7.000000	0.000000	0.000000	0.000000	0.000000	23.249700	65.713500	71.210700	74.053700	100.043000	104.914000	88.504300	0.005275	0.771400	0.000000	0.816100	0.000000	0.863000	0.000000	1.154800	0.180719	0.469400	0.141254	0.425200	0.316344	0.286700	0.352931	0.020900	0.318518	0.000000	0.268281	0.000000	0.229212	0.000000	0.261175	0.000000	0.294327	0.000000	0.292509	0.000000	0.259398	5.874110	3.349560	5.478300	29.467900	29.242400	1.162150	1.713130	0.454317	2.206970	629.133000	0.000000	0.000000	0.000000	117.148000	3.113070	115.851000	99.574200	302.640000	1.139430	0.500425	1.911750	0.558479	2.528380	
   65	93.100000	125.167000	115.296000	104.919000	69.989900	56.506700	55.129100	67.908500	83.038500	79.882300	70.843100	0.000000	7.853300	0.000000	1.735500	0.649468	0.000000	0.000000	59.497900	58.903500	83.959800	63.209100	38.142200	28.191800	13.000000	13.875800	33.650200	30.942700	48.663900	31.097900	18.696200	27.185300	239.670000	97.309400	37.723700	21.814700	24.692100	0.000000	0.000000	0.000000	0.000000	0.000000	47.936000	39.732900	111.795000	20.632400	25.596000	31.722000	92.100000	102.497000	137.467000	133.328000	81.031700	93.018900	66.639000	73.670300	127.172000	130.605000	153.772000	32.955000	8.456760	0.484219	2.564980	3.073750	0.000000	44.629900	156.405000	137.635000	166.268000	161.877000	124.470000	125.922000	95.000000	140.649000	148.832000	141.677000	154.912000	158.697000	136.421000	176.580000	196.327000	164.633000	103.294000	84.834300	71.086400	75.399600	84.617000	79.966300	82.047300	85.581800	115.991000	119.225000	163.478000	162.452000	113.989000	109.938000	0.156000	0.000000	0.000000	0.000000	0.000000	0.000000	0.000000	0.000000	0.000000	0.000000	0.000000	0.000000	0.000000	0.040100	0.000000	0.266600	0.000000	0.887800	0.000000	1.751200	7.000000	0.000000	1.741540	0.000000	0.180671	35.471900	65.963000	101.904000	102.738000	107.092000	125.004000	116.648000	0.000000	2.918300	0.000000	1.398900	0.000000	0.578600	0.000000	0.193600	0.009110	0.714400	0.117483	0.431700	0.212723	0.356900	0.230746	0.029700	0.197238	0.000000	0.156960	0.000000	0.124809	0.000000	0.113205	0.000000	0.139346	0.000000	0.158101	0.000000	0.259398	6.067970	3.253250	5.417390	28.711400	28.398400	0.879866	1.510780	0.507694	2.177170	599.269000	0.630721	0.000000	0.000000	0.000000	7.162400	113.475000	102.897000	289.218000	0.712669	0.580885	1.823820	0.534297	2.582250	
   66	93.100000	123.692000	115.766000	106.549000	69.536300	61.536800	50.089600	69.656300	85.440300	72.983200	71.455500	0.215714	11.835200	0.000000	0.080933	0.000000	0.000000	0.000000	58.619000	54.407900	86.383700	65.181100	42.500200	31.810200	13.000000	8.890550	40.228700	43.209000	46.893400	38.044300	24.902900	32.175100	237.578000	86.980900	39.284600	27.433600	28.804300	2.629950	4.126690	5.797660	6.708990	0.000000	56.098900	16.403500	84.428100	28.276800	36.035400	38.707700	92.100000	100.878000	137.171000	136.503000	76.316100	94.324500	61.305900	79.276700	120.059000	92.833100	163.591000	34.541500	2.238680	0.546321	0.000000	2.815110	0.000000	34.118000	163.739000	124.692000	170.509000	159.617000	128.551000	134.757000	95.000000	133.215000	135.348000	136.454000	144.219000	143.109000	132.811000	179.772000	184.931000	160.944000	98.311400	75.488600	70.465100	65.057100	72.894100	72.135700	64.601400	64.515500	105.516000	120.022000	146.943000	143.009000	107.365000	101.474000	0.156000	0.000000	0.000000	0.000000	0.000000	0.000000	0.000000	0.000000	0.000000	0.000000	0.000000	0.000000	0.000000	0.031600	0.013042	0.157100	0.000000	0.409800	0.000000	0.996300	7.000000	0.000000	0.000000	0.000000	4.359190	29.925300	62.267100	73.484600	97.894400	111.548000	120.126000	103.656000	0.000000	0.554000	0.000000	1.131700	0.007359	2.285500	0.029099	0.925400	0.000000	0.705100	0.197448	0.521000	0.296446	0.254900	0.358828	0.011800	0.314132	0.000000	0.286682	0.000000	0.261571	0.000000	0.241679	0.000000	0.288681	0.000000	0.380074	0.000000	0.259398	5.908530	3.300140	5.437440	29.349500	29.198200	1.202430	1.744440	0.082949	0.000000	652.741000	0.007216	0.000000	0.000000	131.079000	0.193965	116.928000	99.267900	322.594000	1.796510	0.131333	1.863950	0.763306	2.719590	
   67	93.100000	123.692000	115.766000	106.549000	69.536300	61.536800	50.089600	69.656300	85.440300	72.983200	71.455500	0.215714	11.835200	0.000000	0.080933	0.000000	0.000000	0.000000	58.619000	54.407900	86.383700	65.181100	42.500200	31.810200	13.000000	8.890550	40.228700	43.209000	46.893400	38.044300	24.902900	32.175100	237.578000	86.980900	39.284600	27.433600	28.804300	2.629950	4.126690	5.797660	6.708990	0.000000	56.098900	16.403500	84.428100	28.276800	36.035400	38.707700	92.100000	100.878000	137.171000	136.503000	76.316100	94.324500	61.305900	79.276700	120.059000	92.833100	163.591000	34.541500	2.238680	0.546321	0.000000	2.815110	0.000000	34.118000	163.739000	124.692000	170.509000	159.617000	128.551000	134.757000	95.000000	133.215000	135.348000	136.454000	144.219000	143.109000	132.811000	179.772000	184.931000	160.944000	98.311400	75.488600	70.465100	65.057100	72.894100	72.135700	64.601400	64.515500	105.516000	120.022000	146.943000	143.009000	107.365000	101.474000	0.156000	0.000000	0.017438	0.000000	0.031190	0.000000	0.044644	0.000000	0.044674	0.000000	0.040335	0.000000	0.040073	0.048700	0.052133	0.603700	0.091002	1.159600	0.113944	0.701400	7.000000	36.925700	30.385100	18.205400	32.272200	60.595700	90.409900	104.425000	99.254900	114.908000	118.085000	92.542800	0.120656	0.433100	0.126139	0.703700	0.120188	3.128800	0.100621	0.712700	0.180719	0.227500	0.289639	0.575400	0.411424	0.313900	0.422470	0.027800	0.333536	0.000000	0.316210	0.000000	0.286667	0.000000	0.261760	0.000000	0.294327	0.000000	0.340389	0.000000	0.259398	5.874110	3.349560	5.478300	29.467900	29.242400	1.162150	1.713130	0.454317	2.206970	629.133000	0.000000	0.000000	0.000000	117.148000	3.113070	115.851000	99.574200	366.462000	0.105182	0.500425	1.911750	0.558479	2.528380	
   68	93.100000	124.232000	115.247000	107.050000	73.306600	59.568600	51.464800	67.391500	87.740500	72.837300	65.466400	1.736690	5.902280	0.000000	3.432080	4.270400	0.000000	0.000000	46.041700	53.389300	84.845700	70.206300	39.811000	34.849800	13.000000	10.828000	33.975700	31.025800	48.171600	39.515300	27.569100	13.273600	228.200000	115.369000	36.957400	19.439100	30.626600	5.303730	0.677058	4.199150	0.664349	0.000000	39.644000	46.184400	87.165000	36.208500	30.736900	33.611000	92.100000	105.334000	138.238000	134.059000	78.396200	94.927900	74.382400	80.453600	140.502000	109.997000	155.868000	31.786500	7.029940	0.000000	0.136942	4.589950	0.000000	31.491800	144.734000	129.148000	163.793000	167.045000	125.406000	131.091000	95.000000	140.818000	134.769000	137.447000	152.451000	134.600000	135.156000	166.533000	182.538000	151.580000	102.855000	71.612400	68.555200	69.365400	75.932000	77.633600	72.056300	78.769700	95.577700	122.940000	141.562000	142.230000	98.485200	89.959500	0.156000	0.000000	0.000000	0.000000	0.000000	0.000000	0.000000	0.000000	0.000000	0.000000	0.000000	0.000000	0.007693	0.041400	0.000000	0.277800	0.000000	0.526600	0.000000	0.889600	7.000000	4.081500	6.381770	0.000000	0.000000	32.128000	63.403100	88.777300	99.085000	113.533000	115.195000	105.672000	0.000000	0.657900	0.037313	0.594200	0.000000	0.807500	0.000000	0.949600	0.112253	1.047900	0.207648	0.701500	0.371525	0.540500	0.372055	0.015900	0.318340	0.000000	0.306136	0.000000	0.283053	0.000000	0.281440	0.000000	0.278197	0.000000	0.286747	0.000000	0.259398	5.950290	3.270530	5.486570	29.175300	29.201900	1.090200	1.925760	0.461711	2.149120	621.498000	0.000000	0.000000	0.000000	135.210000	1.192020	118.534000	99.312200	308.870000	0.455592	0.506855	1.822880	0.531799	2.557240	
   69	93.100000	121.853000	112.704000	105.298000	69.611000	59.164600	47.155300	68.220500	89.127600	76.403900	70.554500	2.366760	8.901690	0.376293	8.631990	7.094810	0.000000	0.000000	60.989200	49.147800	82.669300	61.397300	39.817100	26.312900	13.000000	11.906000	33.632200	33.434000	49.826800	33.191700	20.574900	17.907500	252.276000	84.680000	44.861600	29.696800	38.773600	6.541130	12.757200	11.765000	15.490500	9.553640	55.290600	35.414300	95.474200	25.664400	30.025800	35.806000	92.100000	106.799000	142.603000	139.222000	82.261200	98.217200	70.013300	80.409400	135.143000	117.435000	173.160000	34.701300	13.334100	9.938320	1.602920	6.725590	0.000000	38.676000	155.303000	120.162000	164.687000	155.450000	121.376000	127.832000	95.000000	132.471000	132.409000	137.120000	135.614000	141.050000	132.966000	171.681000	183.322000	166.400000	110.815000	80.872600	81.944900	79.819100	87.729100	84.446500	78.413900	78.374800	95.323700	118.351000	148.492000	152.524000	108.094000	102.287000	0.156000	0.000000	0.016417	0.000000	0.032674	0.000000	0.039675	0.000000	0.032472	0.000000	0.022076	0.000000	0.026500	0.027100	0.028296	0.385400	0.026959	1.900400	0.016314	0.835000	7.000000	36.925700	30.385100	18.205400	32.272200	60.595700	38.272900	79.416600	74.183100	92.634400	105.510000	97.476000	0.008786	0.472500	0.015158	0.620900	0.028305	2.108400	0.041485	0.670300	0.107931	0.729800	0.213073	0.171700	0.307547	0.100600	0.335128	0.021400	0.304635	0.000000	0.282446	0.000000	0.268581	0.000000	0.270844	0.000000	0.294567	0.000000	0.290333	0.000000	0.259398	5.857850	3.342780	5.465440	29.201900	29.176700	1.136790	1.857690	0.419131	2.060580	623.130000	0.000000	0.000000	0.000000	141.215000	0.000000	114.898000	97.185600	407.489000	0.000000	0.406366	1.848670	0.601659	2.603300	
   70	93.100000	125.167000	115.296000	104.919000	69.989900	56.506700	55.129100	67.908500	83.038500	79.882300	70.843100	0.000000	7.853300	0.000000	1.735500	0.649468	0.000000	0.000000	59.497900	58.903500	83.959800	63.209100	38.142200	28.191800	13.000000	13.875800	33.650200	30.942700	48.663900	31.097900	18.696200	27.185300	239.670000	97.309400	37.723700	21.814700	24.692100	0.000000	0.000000	0.000000	0.000000	0.000000	47.936000	39.732900	111.795000	20.632400	25.596000	31.722000	92.100000	105.781000	141.548000	135.527000	82.256300	94.755000	68.743300	78.264900	127.172000	130.605000	153.772000	32.955000	8.456760	0.484219	2.564980	3.073750	0.000000	44.629900	156.405000	137.635000	166.268000	161.877000	124.470000	125.922000	95.000000	140.818000	134.769000	137.447000	152.451000	134.600000	135.156000	166.533000	196.327000	164.633000	103.294000	84.834300	71.086400	75.399600	84.617000	79.966300	82.047300	85.581800	115.991000	119.225000	163.478000	162.452000	113.989000	109.938000	0.156000	0.000000	0.044366	0.000000	0.048465	0.000000	0.055931	0.000000	0.057448	0.000000	0.063384	0.000000	0.066211	0.036400	0.072268	0.739800	0.000000	1.562500	0.000000	0.659200	7.000000	0.000000	0.000000	0.000000	0.000000	18.012100	69.541900	75.309600	82.073300	92.267700	112.772000	92.542800	0.000000	1.136800	0.000000	0.736900	0.000000	0.488700	0.000000	0.613400	0.009110	1.564400	0.117483	3.108500	0.212723	0.594000	0.230746	0.045300	0.197238	0.000000	0.156960	0.000000	0.124809	0.000000	0.113205	0.000000	0.139346	0.000000	0.158101	0.000000	0.259398	5.812450	3.189390	5.424970	29.337600	29.183300	1.279790	1.709000	0.507694	2.177170	599.269000	0.630721	0.000000	0.000000	0.000000	7.162400	113.475000	102.897000	289.218000	0.712669	0.580885	1.823820	0.534297	2.582250	
   71	93.100000	128.633000	121.978000	106.498000	75.526100	59.835300	49.924200	66.555400	91.050600	73.086900	72.993400	1.682690	8.279370	1.591720	2.334390	1.371430	0.000000	0.000000	55.127200	41.898800	84.577600	65.387700	37.326900	29.221800	13.000000	15.654700	32.849000	40.949300	48.674100	34.488800	26.544300	16.121700	245.756000	117.837000	31.173700	25.769200	20.647500	0.000000	0.000000	0.000000	0.824967	2.366420	42.230400	31.942100	99.521200	17.505500	24.692000	39.784600	92.100000	105.540000	141.154000	130.524000	81.612600	90.597400	63.670000	74.191900	138.480000	102.070000	154.942000	32.552300	5.309730	3.001250	1.893900	5.049600	0.000000	35.621700	162.864000	124.629000	166.624000	164.536000	122.242000	128.818000	95.000000	146.591000	140.054000	138.989000	156.551000	146.904000	129.158000	174.534000	182.062000	149.970000	103.397000	76.011800	73.315400	74.482300	78.482600	78.161100	55.656600	66.709300	89.771300	100.856000	120.791000	124.150000	87.905200	86.167400	0.156000	0.000000	0.041158	0.000000	0.064311	0.000000	0.076982	0.000000	0.068451	0.000000	0.050493	0.000000	0.062287	0.040600	0.053405	0.510400	0.085084	0.661300	0.086345	0.804700	7.000000	2.124810	0.449195	2.497620	0.266849	32.095600	81.788800	76.328600	89.520100	115.754000	117.177000	105.798000	0.000000	0.795700	0.000000	1.453500	0.000000	0.241900	0.000000	0.211300	0.097910	0.250900	0.209354	0.294100	0.293259	0.309100	0.353116	0.017100	0.389047	0.000000	0.376483	0.000000	0.322521	0.000000	0.281440	0.000000	0.251557	0.000000	0.221724	0.000000	0.259398	5.792790	3.076230	5.436550	29.315600	29.192000	1.374640	1.694980	0.268811	9.024760	602.494000	0.000000	0.000000	0.000000	136.059000	1.828940	112.191000	99.083600	325.156000	12.860300	0.562957	1.785130	0.539972	2.478310	
   72	93.100000	126.431000	112.269000	106.179000	75.007500	59.657900	48.238600	67.909400	85.185200	74.634100	69.778100	0.046494	3.462790	0.000000	0.000000	0.000000	0.000000	0.000000	44.256600	50.034400	89.335100	67.809300	43.886600	32.272800	13.000000	12.301000	35.464400	36.710700	47.483600	34.741800	23.419700	18.151100	243.927000	97.727100	40.144900	30.561300	30.810200	0.000000	0.000000	1.024220	6.124950	3.662390	37.598200	0.000000	114.057000	18.352300	23.095000	34.817100	92.100000	107.015000	143.239000	138.039000	79.857100	93.632400	74.319400	76.036800	129.979000	103.317000	157.367000	39.551700	7.605100	0.000000	0.000000	3.025240	2.192490	51.100700	156.765000	127.371000	172.554000	163.953000	129.439000	132.314000	95.000000	136.378000	143.710000	144.089000	147.173000	140.513000	133.907000	172.151000	177.293000	149.999000	105.996000	74.083800	74.653800	72.252300	78.376500	81.044400	77.204000	81.543000	106.417000	122.812000	146.804000	156.060000	111.457000	110.591000	0.156000	0.000000	0.000000	0.000000	0.000000	0.000000	0.017676	0.000000	0.021851	0.000000	0.012996	0.000000	0.023485	0.012800	0.000000	0.179500	0.000000	0.499100	0.109828	0.543100	7.000000	2.124810	0.449195	2.497620	0.266849	32.095600	74.853000	85.409000	107.316000	127.788000	122.376000	110.612000	0.104421	0.904500	0.091332	0.727200	0.076935	0.995200	0.051359	1.442500	0.124578	0.747300	0.203706	0.487600	0.273375	0.469000	0.305982	0.032500	0.302980	0.000000	0.283940	0.000000	0.229406	0.000000	0.189277	0.000000	0.191428	0.000000	0.186944	0.000000	0.259398	5.846990	3.145090	5.449310	29.292100	29.200600	1.298340	1.748280	0.100036	2.746870	633.992000	5.575580	13.379400	0.000000	83.964000	0.025037	114.336000	99.471500	346.322000	0.000000	0.320014	1.942160	0.677725	2.509900	
   73	93.100000	123.813000	115.949000	106.740000	73.066900	60.803100	52.236500	70.366700	85.938000	80.223900	71.302600	0.130575	4.256330	0.000000	0.000000	0.000000	0.000000	0.000000	54.725800	48.293000	84.514700	72.777000	40.802100	29.292500	13.000000	11.086500	32.821600	30.491100	43.103700	26.488300	18.661700	17.701700	222.329000	106.789000	41.395600	29.245200	33.839900	7.385450	6.176740	2.246340	6.687410	3.576190	55.984200	78.579900	87.429300	24.100200	27.022500	31.318900	92.100000	100.401000	135.684000	135.857000	79.421400	91.316800	68.626400	74.883000	127.283000	111.879000	158.157000	31.653400	6.752940	0.000000	0.000000	4.509180	0.000000	32.782100	157.680000	134.303000	167.367000	158.996000	124.078000	128.432000	95.000000	140.051000	142.638000	145.541000	154.010000	153.093000	138.231000	178.032000	188.867000	173.308000	98.863500	67.352900	77.184600	68.449600	78.846800	76.298800	74.367300	74.264500	106.392000	128.933000	145.383000	148.583000	106.431000	104.108000	0.156000	0.000000	0.024384	0.000000	0.037814	0.000000	0.039675	0.000000	0.038820	0.000000	0.035134	0.000000	0.026500	0.029600	0.061695	0.366900	0.026959	0.770600	0.000000	0.887900	7.000000	4.680040	1.072800	0.000000	0.000000	42.001400	63.422600	94.130200	88.055600	115.556000	109.463000	104.372000	0.043528	0.860400	0.000000	0.978200	0.000000	1.171000	0.036956	0.792900	0.164557	1.089100	0.151688	0.561300	0.360647	0.162600	0.372055	0.013900	0.318340	0.000000	0.265169	0.000000	0.257458	0.000000	0.271063	0.000000	0.304794	0.000000	0.289385	0.000000	0.259398	5.935330	3.312350	5.497880	29.256500	29.332400	1.090950	1.873200	0.285057	1.754400	619.033000	0.000000	0.000000	0.877716	161.737000	0.986701	115.898000	99.286800	321.811000	0.285422	0.374263	1.972650	0.569347	2.532800	
   74	93.100000	127.696000	113.632000	106.723000	77.013100	59.148300	52.356400	70.836600	86.287000	78.078300	70.541100	1.876840	5.132250	0.000000	2.643150	1.197160	0.000000	0.000000	45.168900	39.748000	84.698300	78.254900	39.855400	29.106000	13.000000	17.892300	42.523600	41.476100	56.474800	41.287100	27.187400	10.126800	237.115000	108.624000	37.831500	26.877300	28.585000	1.388960	0.000000	0.064412	0.000000	1.183280	32.691700	31.886900	102.163000	22.650900	26.664400	30.474400	92.100000	108.829000	145.098000	133.591000	84.342600	93.164100	67.376100	77.366300	133.846000	108.563000	148.995000	33.731600	4.056780	0.000000	0.000000	0.040602	0.000000	34.910800	150.879000	124.999000	162.083000	160.974000	124.645000	118.540000	95.000000	139.788000	134.057000	134.033000	153.392000	134.732000	131.417000	161.066000	177.320000	149.000000	101.098000	71.534000	65.632400	57.550900	67.707000	66.246600	65.633000	63.200300	92.035300	112.031000	134.626000	142.922000	103.144000	93.040200	0.156000	0.000000	0.041207	0.000000	0.067064	0.000000	0.098350	0.000000	0.134595	0.000000	0.143492	0.000000	0.132127	0.032500	0.068993	1.605300	0.076183	0.332800	0.053349	0.559600	7.000000	5.833060	8.207640	0.841025	32.277000	83.021800	101.172000	114.145000	113.146000	118.364000	125.653000	112.192000	0.033590	0.688600	0.060841	0.319700	0.063311	0.656400	0.036956	0.657700	0.164557	0.497800	0.278732	0.362400	0.377074	0.150300	0.405764	0.010800	0.346025	0.000000	0.292423	0.000000	0.264922	0.000000	0.270940	0.000000	0.316952	0.000000	0.348392	0.000000	0.259398	5.996330	3.121940	5.478410	29.259400	29.179100	1.068270	1.888630	0.506747	2.192200	619.543000	0.050879	0.000000	14.699400	334.213000	0.000000	119.939000	93.497800	331.744000	0.136840	0.284132	2.053670	0.537549	2.606270	
   75	93.100000	125.167000	112.484000	105.639000	69.770900	57.650500	49.729200	66.182600	86.568900	76.804300	70.901400	0.000000	8.620280	0.000000	2.688700	2.685440	0.000000	0.000000	53.515200	47.469600	86.091400	73.433500	40.703200	21.369700	13.000000	14.436800	32.140300	31.018900	46.601200	35.051900	23.128700	18.432300	263.129000	106.309000	44.717300	26.980400	30.559700	4.305800	4.666460	3.643990	0.000000	0.000000	35.926400	0.000000	99.847000	22.764200	29.294500	33.504700	92.100000	105.728000	140.540000	138.028000	83.808200	96.534900	73.298200	85.338600	139.911000	109.112000	157.134000	32.336300	2.067140	0.000000	0.000000	0.000000	0.000000	28.902300	164.054000	123.410000	171.089000	171.038000	125.599000	126.193000	95.000000	134.133000	138.226000	142.833000	145.929000	139.910000	135.385000	173.016000	187.747000	153.707000	99.612900	71.065700	71.144000	74.631400	79.284300	80.349400	74.885200	68.072600	97.840000	116.329000	145.080000	151.918000	104.368000	95.429000	0.156000	0.000000	0.000000	0.000000	0.027930	0.000000	0.012077	0.000000	0.013217	0.000000	0.021618	0.000000	0.033167	0.021900	0.000000	0.279200	0.000000	0.458600	0.000000	0.705400	7.000000	12.308600	4.140280	2.513420	6.972240	42.595700	69.229400	74.536700	89.799100	102.812000	113.512000	99.098400	0.000000	0.679700	0.000000	0.515700	0.000000	0.828600	0.000000	0.683100	0.000000	0.673800	0.252868	0.454300	0.303593	0.213800	0.287868	0.021100	0.278936	0.000000	0.259970	0.000000	0.250739	0.000000	0.245739	0.000000	0.285227	0.000000	0.280860	0.000000	0.259398	5.993370	3.509890	5.647830	29.525500	29.566600	1.318580	2.152890	0.127426	2.665710	620.180000	0.989572	0.000000	0.229845	152.197000	0.000000	112.925000	95.942000	308.997000	0.697079	0.604769	1.859630	0.626797	2.771570	
   76	93.100000	128.155000	110.268000	109.129000	73.743400	59.968500	55.904400	68.197000	82.676300	74.075100	71.031100	0.582790	5.303220	0.000000	0.482741	0.000000	0.000000	0.000000	57.701600	47.697800	84.779600	59.115800	38.399200	29.631300	13.000000	9.888980	28.434200	32.344500	46.755900	28.228900	19.943700	0.604648	243.237000	103.420000	39.691600	27.971400	36.013500	6.288550	3.814790	3.244100	7.611040	5.013460	40.908900	0.000000	86.962900	24.731300	30.584200	36.033100	92.100000	107.785000	140.836000	140.749000	76.605300	91.902000	71.053400	72.170400	127.261000	113.421000	153.241000	29.698800	3.217910	0.000000	0.000000	0.000000	0.000000	26.251800	161.404000	123.983000	166.615000	159.009000	125.708000	136.284000	95.000000	133.659000	136.274000	140.123000	143.324000	135.178000	133.443000	166.310000	180.657000	169.237000	100.366000	61.283300	63.148200	63.458900	75.267400	74.029700	67.380100	79.063700	94.123100	116.464000	146.802000	138.870000	106.366000	103.137000	0.156000	0.000000	0.036795	0.000000	0.034519	0.000000	0.057374	0.000000	0.070627	0.000000	0.058378	0.000000	0.062730	0.020900	0.055046	0.335200	0.040930	0.786600	0.062478	1.013800	7.000000	1.568310	0.000000	0.000000	3.657660	37.148100	69.202700	88.892100	82.600300	94.330500	107.082000	101.715000	0.057949	1.075800	0.000000	0.741800	0.004220	0.662600	0.096411	0.700600	0.160154	0.601400	0.252227	0.492400	0.367621	0.378000	0.229186	0.019500	0.212745	0.000000	0.198225	0.000000	0.180756	0.000000	0.186387	0.000000	0.203453	0.000000	0.236936	0.000000	0.259398	5.759980	3.131330	5.484200	29.266800	29.212100	1.141490	1.855980	0.531713	2.330270	618.335000	0.000000	0.000000	0.000000	129.555000	1.771570	116.206000	99.396400	318.255000	0.226763	0.510030	1.819910	0.540433	2.555360	
   77	93.100000	125.167000	115.296000	104.919000	69.989900	56.506700	55.129100	67.908500	83.038500	79.882300	70.843100	0.000000	7.853300	0.000000	1.735500	0.649468	0.000000	0.000000	59.497900	58.903500	83.959800	63.209100	38.142200	28.191800	13.000000	13.875800	33.650200	30.942700	48.663900	31.097900	18.696200	27.185300	239.670000	97.309400	37.723700	21.814700	24.692100	0.000000	0.000000	0.000000	0.000000	0.000000	47.936000	39.732900	111.795000	20.632400	25.596000	31.722000	92.100000	107.785000	140.836000	137.944000	82.779400	96.291400	70.058000	83.111500	146.345000	140.266000	165.796000	30.462800	1.229580	0.000000	0.000000	0.000000	0.000000	28.634700	156.113000	138.629000	164.946000	163.738000	126.613000	102.376000	95.000000	142.563000	146.332000	146.935000	150.993000	143.898000	142.423000	179.283000	194.534000	170.939000	99.748000	70.980600	60.671800	66.744200	75.895500	73.032500	70.908400	71.432200	99.381100	109.296000	130.450000	135.123000	94.192300	71.850800	0.156000	0.000000	0.000000	0.000000	0.000000	0.000000	0.019732	0.000000	0.025906	0.000000	0.000000	0.000000	0.000000	0.024900	0.000000	0.103100	0.000000	0.703900	0.000000	0.942000	7.000000	13.597000	11.148700	0.000000	6.737910	40.206200	82.141500	83.623500	89.799100	102.812000	113.512000	99.098400	0.000000	2.192500	0.000000	0.987800	0.000000	0.617900	0.000000	0.597900	0.058271	1.334300	0.191001	0.348800	0.303593	0.106200	0.357344	0.035500	0.306191	0.000000	0.273770	0.000000	0.272055	0.000000	0.307515	0.000000	0.320770	0.000000	0.360863	0.000000	0.259398	5.759980	3.131330	5.286100	28.839100	28.527900	1.060680	1.470720	0.166092	3.779180	605.979000	2.243310	0.000000	0.000000	131.873000	0.000000	120.906000	98.774200	341.225000	0.980707	0.321018	1.782430	0.214465	3.411120	
   78	93.100000	125.167000	112.484000	105.639000	69.770900	57.650500	49.729200	66.182600	86.568900	76.804300	70.901400	0.000000	8.620280	0.000000	2.688700	2.685440	0.000000	0.000000	53.515200	47.469600	86.091400	73.433500	40.703200	21.369700	13.000000	14.436800	32.140300	31.018900	46.601200	35.051900	23.128700	18.432300	263.129000	106.309000	44.717300	26.980400	30.559700	4.305800	4.666460	3.643990	0.000000	0.000000	35.926400	0.000000	99.847000	22.764200	29.294500	33.504700	92.100000	105.728000	140.540000	138.028000	83.808200	96.534900	73.298200	85.338600	139.911000	109.112000	157.134000	32.336300	2.067140	0.000000	0.000000	0.000000	0.000000	28.902300	164.054000	123.410000	171.089000	171.038000	125.599000	126.193000	95.000000	134.133000	138.226000	142.833000	145.929000	139.910000	135.385000	173.016000	187.747000	153.707000	99.612900	71.065700	71.144000	74.631400	79.284300	80.349400	74.885200	68.072600	97.840000	116.329000	145.080000	151.918000	104.368000	95.429000	0.156000	0.000000	0.000000	0.000000	0.027930	0.000000	0.012077	0.000000	0.013217	0.000000	0.021618	0.000000	0.033167	0.021900	0.000000	0.279200	0.000000	0.458600	0.000000	0.705400	7.000000	12.308600	4.140280	2.513420	6.972240	42.595700	69.229400	74.536700	89.799100	102.812000	113.512000	99.098400	0.000000	0.679700	0.000000	0.515700	0.000000	0.828600	0.000000	0.683100	0.000000	0.673800	0.252868	0.454300	0.303593	0.213800	0.287868	0.021100	0.278936	0.000000	0.259970	0.000000	0.250739	0.000000	0.245739	0.000000	0.285227	0.000000	0.280860	0.000000	0.259398	5.993370	3.509890	5.647830	29.525500	29.566600	1.318580	2.152890	0.127426	2.665710	620.180000	0.989572	0.000000	0.229845	152.197000	0.000000	112.925000	95.942000	308.997000	0.697079	0.604769	1.859630	0.626797	2.771570	
   79	93.100000	121.853000	112.704000	105.298000	69.611000	59.164600	47.155300	68.220500	89.127600	76.403900	70.554500	2.366760	8.901690	0.376293	8.631990	7.094810	0.000000	0.000000	60.989200	49.147800	82.669300	61.397300	39.817100	26.312900	13.000000	16.872400	29.118600	28.594800	43.847000	28.350800	20.022400	14.991800	209.375000	126.327000	49.369600	39.357800	42.879200	12.139600	9.348310	9.306850	9.199840	9.610860	36.398200	33.645200	109.904000	28.168600	31.809100	34.841500	92.100000	108.487000	141.440000	138.598000	81.904100	97.617100	65.859900	83.150500	133.304000	113.502000	157.858000	30.735600	5.491710	0.000000	0.000000	0.000000	0.000000	27.954600	167.604000	121.276000	170.755000	160.669000	129.722000	120.369000	95.000000	130.427000	149.206000	148.113000	149.903000	132.747000	138.012000	187.381000	176.571000	158.829000	98.320000	70.502100	76.373600	69.711000	86.438100	73.324200	74.788500	74.184600	92.090900	101.780000	131.411000	132.513000	95.751600	94.244500	0.156000	0.000000	0.050055	0.000000	0.066913	0.000000	0.062161	0.000000	0.040071	0.000000	0.030371	0.000000	0.011933	0.014900	0.000000	0.186300	0.000000	0.333100	0.000000	0.952900	7.000000	6.526440	4.982140	0.000000	0.000000	31.552600	72.321000	87.029400	113.793000	112.876000	116.759000	114.099000	0.000000	1.552400	0.000000	1.532900	0.000000	0.647000	0.000000	0.485700	0.000000	0.474600	0.101396	0.456400	0.211658	0.290800	0.275692	0.016700	0.305419	0.000000	0.326650	0.000000	0.301762	0.000000	0.292262	0.000000	0.308718	0.000000	0.361531	0.000000	0.259398	5.938100	3.297960	5.542430	29.554400	29.402700	0.923193	1.655020	0.170773	3.819550	641.232000	0.146522	0.000000	6.311470	101.999000	8.632230	116.323000	98.701300	293.370000	1.023770	0.581943	1.987890	0.586292	2.410450	
   80	93.100000	126.431000	112.269000	106.179000	75.007500	59.657900	48.238600	67.909400	83.557600	76.493400	73.003700	2.769560	1.635370	0.000000	3.535860	1.048700	0.000000	0.000000	50.851000	38.653400	84.867500	76.968000	40.044000	24.087300	13.000000	17.815200	28.954900	30.840500	48.367900	32.257500	23.795800	57.662800	237.899000	93.705000	39.143800	26.877300	28.585000	1.388960	0.000000	0.064412	0.000000	1.183280	32.691700	31.886900	102.163000	22.650900	26.664400	30.474400	92.100000	105.075000	140.008000	135.694000	82.947300	95.148800	70.428600	81.671100	140.727000	108.286000	152.934000	33.554700	0.000000	0.000000	0.000000	0.000000	0.000000	30.190700	159.638000	111.683000	168.720000	160.833000	128.141000	130.809000	95.000000	141.025000	140.280000	137.427000	153.982000	139.305000	125.374000	178.600000	178.854000	155.482000	100.018000	74.312300	66.534600	68.245100	81.143100	74.471200	73.458600	75.917600	107.162000	100.021000	137.969000	155.638000	105.126000	90.515800	0.156000	0.000000	0.001700	0.000000	0.014342	0.000000	0.001465	0.000000	0.024573	0.000000	0.020145	0.000000	0.000000	0.050900	0.000000	0.221100	0.027824	0.495200	0.000000	0.915400	7.000000	0.000000	0.000000	0.000000	0.000000	23.249700	65.713500	71.210700	74.053700	100.043000	104.914000	88.504300	0.005275	0.771400	0.000000	0.816100	0.000000	0.863000	0.000000	1.154800	0.180719	0.469400	0.141254	0.425200	0.316344	0.286700	0.352931	0.020900	0.318518	0.000000	0.268281	0.000000	0.229212	0.000000	0.261175	0.000000	0.294327	0.000000	0.292509	0.000000	0.259398	5.846990	3.145090	5.449310	29.292100	29.200600	1.298340	1.748280	0.000000	3.328310	610.279000	0.015246	0.000000	0.000000	132.212000	0.994822	118.711000	99.304100	320.375000	0.538550	0.000000	2.032230	0.667242	2.937780	
   81	93.100000	125.167000	112.484000	105.639000	69.770900	57.650500	49.729200	66.182600	86.568900	76.804300	70.901400	0.000000	8.620280	0.000000	2.688700	2.685440	0.000000	0.000000	53.515200	47.469600	86.091400	73.433500	40.703200	21.369700	13.000000	14.436800	32.140300	31.018900	46.601200	35.051900	23.128700	18.432300	263.129000	106.309000	44.717300	26.980400	30.559700	4.305800	4.666460	3.643990	0.000000	0.000000	35.926400	0.000000	99.847000	22.764200	29.294500	33.504700	92.100000	105.728000	140.540000	138.028000	83.808200	96.534900	73.298200	85.338600	139.911000	109.112000	157.134000	32.336300	2.067140	0.000000	0.000000	0.000000	0.000000	28.902300	164.054000	123.410000	171.089000	171.038000	125.599000	126.193000	95.000000	134.133000	138.226000	142.833000	145.929000	139.910000	135.385000	173.016000	187.747000	153.707000	99.612900	71.065700	71.144000	74.631400	79.284300	80.349400	74.885200	68.072600	97.840000	116.329000	145.080000	151.918000	104.368000	95.429000	0.156000	0.000000	0.000000	0.000000	0.027930	0.000000	0.012077	0.000000	0.013217	0.000000	0.021618	0.000000	0.033167	0.021900	0.000000	0.279200	0.000000	0.458600	0.000000	0.705400	7.000000	12.308600	4.140280	2.513420	6.972240	42.595700	69.229400	74.536700	89.799100	102.812000	113.512000	99.098400	0.000000	0.679700	0.000000	0.515700	0.000000	0.828600	0.000000	0.683100	0.000000	0.673800	0.252868	0.454300	0.303593	0.213800	0.287868	0.021100	0.278936	0.000000	0.259970	0.000000	0.250739	0.000000	0.245739	0.000000	0.285227	0.000000	0.280860	0.000000	0.259398	5.993370	3.509890	5.647830	29.525500	29.566600	1.318580	2.152890	0.127426	2.665710	620.180000	0.989572	0.000000	0.229845	152.197000	0.000000	112.925000	95.942000	308.997000	0.697079	0.604769	1.859630	0.626797	2.771570	
   82	93.100000	126.431000	112.269000	106.179000	75.007500	59.657900	48.238600	67.909400	85.185200	74.634100	69.778100	0.046494	3.462790	0.000000	0.000000	0.000000	0.000000	0.000000	44.256600	50.034400	89.335100	67.809300	43.886600	32.272800	13.000000	12.301000	35.464400	36.710700	47.483600	34.741800	23.419700	18.151100	243.927000	97.727100	40.144900	30.561300	30.810200	0.000000	0.000000	1.024220	6.124950	3.662390	37.598200	0.000000	114.057000	18.352300	23.095000	34.817100	92.100000	95.851300	129.623000	128.701000	71.168700	83.908600	54.928400	72.560500	131.736000	112.695000	158.531000	33.274900	6.077580	0.000000	0.000000	2.266890	0.000000	37.020100	151.940000	131.156000	168.833000	166.356000	129.631000	130.335000	95.000000	135.262000	151.762000	142.536000	148.032000	136.280000	131.549000	172.530000	171.657000	150.464000	101.336000	65.721300	71.141700	69.430200	74.263900	75.325100	74.891700	75.813600	80.179600	119.602000	136.618000	148.220000	101.181000	96.812800	0.156000	0.000000	0.016251	0.000000	0.023076	0.000000	0.033946	0.000000	0.038820	0.000000	0.035134	0.000000	0.060907	0.030000	0.087654	0.182100	0.087815	0.313600	0.070794	0.564100	7.000000	2.253200	8.207640	0.841025	12.817100	38.594100	86.126500	99.126200	94.744500	91.017200	95.829400	86.374700	0.000000	1.127700	0.000000	1.159000	0.000000	1.197500	0.000000	0.426700	0.060543	2.058100	0.153233	0.319600	0.271224	0.598800	0.324237	0.080200	0.307292	0.000000	0.273959	0.000000	0.269143	0.000000	0.281902	0.000000	0.344694	0.000000	0.318676	0.000000	0.259398	5.970500	3.907190	5.425980	29.494500	29.761700	0.901951	2.024470	0.116016	2.497420	629.636000	3.729960	0.000000	2.238610	127.666000	0.000000	114.181000	98.664600	368.059000	0.395344	0.757217	1.820100	0.465185	2.472800	
   83	93.100000	126.431000	112.269000	106.179000	75.007500	59.657900	48.238600	67.909400	83.557600	76.493400	73.003700	2.769560	1.635370	0.000000	3.535860	1.048700	0.000000	0.000000	50.851000	38.653400	84.867500	76.968000	40.044000	24.087300	13.000000	17.815200	28.954900	30.840500	48.367900	32.257500	23.795800	57.662800	237.899000	93.705000	39.143800	26.877300	28.585000	1.388960	0.000000	0.064412	0.000000	1.183280	32.691700	31.886900	102.163000	22.650900	26.664400	30.474400	92.100000	105.075000	140.008000	135.694000	82.947300	95.148800	70.428600	81.671100	140.727000	108.286000	152.934000	33.554700	0.000000	0.000000	0.000000	0.000000	0.000000	30.190700	159.638000	111.683000	168.720000	160.833000	128.141000	130.809000	95.000000	141.025000	140.280000	137.427000	153.982000	139.305000	125.374000	178.600000	178.854000	155.482000	100.018000	74.312300	66.534600	68.245100	81.143100	74.471200	73.458600	75.917600	107.162000	100.021000	137.969000	155.638000	105.126000	90.515800	0.156000	0.000000	0.001700	0.000000	0.014342	0.000000	0.001465	0.000000	0.024573	0.000000	0.020145	0.000000	0.000000	0.050900	0.000000	0.221100	0.027824	0.495200	0.000000	0.915400	7.000000	0.000000	0.000000	0.000000	0.000000	23.249700	65.713500	71.210700	74.053700	100.043000	104.914000	88.504300	0.005275	0.771400	0.000000	0.816100	0.000000	0.863000	0.000000	1.154800	0.180719	0.469400	0.141254	0.425200	0.316344	0.286700	0.352931	0.020900	0.318518	0.000000	0.268281	0.000000	0.229212	0.000000	0.261175	0.000000	0.294327	0.000000	0.292509	0.000000	0.259398	5.819800	3.455220	5.455980	28.906200	28.698800	0.806728	1.426630	0.087320	2.617470	614.923000	0.317591	0.000000	0.000000	111.479000	2.825710	114.145000	100.120000	242.796000	12.860300	0.562957	1.785130	0.539972	2.478310	
   84	93.100000	126.431000	112.269000	106.179000	75.007500	59.657900	48.238600	67.909400	85.185200	74.634100	69.778100	0.046494	3.462790	0.000000	0.000000	0.000000	0.000000	0.000000	44.256600	50.034400	89.335100	67.809300	43.886600	32.272800	13.000000	12.301000	35.464400	36.710700	47.483600	34.741800	23.419700	18.151100	243.927000	97.727100	40.144900	30.561300	30.810200	0.000000	0.000000	1.024220	6.124950	3.662390	37.598200	0.000000	114.057000	18.352300	23.095000	34.817100	92.100000	99.586800	136.602000	138.259000	75.836900	92.695700	65.025700	76.765700	126.870000	108.652000	158.073000	38.773900	5.807710	0.000000	2.339700	0.000000	0.000000	51.685000	157.477000	131.549000	177.121000	162.633000	130.334000	131.646000	95.000000	128.412000	133.009000	133.423000	138.304000	132.620000	131.039000	169.234000	172.479000	158.399000	93.004000	69.042800	51.039800	58.426000	72.779500	69.370000	60.050300	81.900300	90.813900	109.104000	129.857000	126.403000	94.463300	92.462200	0.156000	0.000000	0.000000	0.000000	0.000000	0.000000	0.000000	0.000000	0.000000	0.000000	0.000000	0.000000	0.000000	0.091100	0.000000	0.112000	0.000000	0.429400	0.000000	1.311100	7.000000	7.685950	5.232650	0.000000	1.942660	35.419800	74.853000	85.409000	107.316000	127.788000	122.376000	110.612000	0.000000	1.423500	0.000000	0.804000	0.000000	0.539200	0.000000	1.371900	0.000000	0.503600	0.000000	0.402400	0.094516	0.353600	0.159967	0.062600	0.177424	0.000000	0.180612	0.000000	0.184075	0.000000	0.199812	0.000000	0.222253	0.000000	0.231476	0.000000	0.259398	5.950090	3.514690	5.619840	29.272800	28.910300	1.353110	1.964140	0.505160	1.789850	613.703000	1.198620	0.000000	1.628900	109.626000	0.000000	110.339000	95.785300	321.749000	0.529898	0.558006	1.898180	0.620771	2.654120	
   85	93.100000	123.813000	115.949000	106.740000	73.066900	60.803100	52.236500	70.366700	85.938000	80.223900	71.302600	0.130575	4.256330	0.000000	0.000000	0.000000	0.000000	0.000000	54.725800	48.293000	84.514700	72.777000	40.802100	29.292500	13.000000	11.086500	32.821600	30.491100	43.103700	26.488300	18.661700	17.701700	222.329000	106.789000	41.395600	29.245200	33.839900	7.385450	6.176740	2.246340	6.687410	3.576190	55.984200	78.579900	87.429300	24.100200	27.022500	31.318900	92.100000	100.401000	135.684000	135.857000	79.421400	91.316800	68.626400	74.883000	127.283000	111.879000	158.157000	31.653400	6.752940	0.000000	0.000000	4.509180	0.000000	32.782100	157.680000	134.303000	167.367000	158.996000	124.078000	128.432000	95.000000	140.051000	142.638000	145.541000	154.010000	153.093000	138.231000	178.032000	188.867000	173.308000	98.863500	67.352900	77.184600	68.449600	78.846800	76.298800	74.367300	74.264500	106.392000	128.933000	145.383000	148.583000	106.431000	104.108000	0.156000	0.000000	0.024384	0.000000	0.037814	0.000000	0.039675	0.000000	0.038820	0.000000	0.035134	0.000000	0.026500	0.029600	0.061695	0.366900	0.026959	0.770600	0.000000	0.887900	7.000000	4.680040	1.072800	0.000000	0.000000	42.001400	63.422600	94.130200	88.055600	115.556000	109.463000	104.372000	0.043528	0.860400	0.000000	0.978200	0.000000	1.171000	0.036956	0.792900	0.164557	1.089100	0.151688	0.561300	0.360647	0.162600	0.372055	0.013900	0.318340	0.000000	0.265169	0.000000	0.257458	0.000000	0.271063	0.000000	0.304794	0.000000	0.289385	0.000000	0.259398	5.935330	3.312350	5.497880	29.256500	29.332400	1.090950	1.873200	0.285057	1.754400	619.033000	0.000000	0.000000	0.877716	161.737000	0.986701	115.898000	99.286800	321.811000	0.285422	0.374263	1.972650	0.569347	2.532800	
   86	93.100000	128.155000	110.268000	109.129000	73.743400	59.968500	55.904400	68.197000	82.676300	74.075100	71.031100	0.582790	5.303220	0.000000	0.482741	0.000000	0.000000	0.000000	57.701600	47.697800	84.779600	59.115800	38.399200	29.631300	13.000000	9.888980	28.434200	32.344500	46.755900	28.228900	19.943700	0.604648	243.237000	103.420000	39.691600	27.971400	36.013500	6.288550	3.814790	3.244100	7.611040	5.013460	40.908900	0.000000	86.962900	24.731300	30.584200	36.033100	92.100000	107.785000	140.836000	140.749000	76.605300	91.902000	71.053400	72.170400	127.261000	113.421000	153.241000	29.698800	3.217910	0.000000	0.000000	0.000000	0.000000	26.251800	161.404000	123.983000	166.615000	159.009000	125.708000	136.284000	95.000000	133.659000	136.274000	140.123000	143.324000	135.178000	133.443000	166.310000	180.657000	169.237000	100.366000	61.283300	63.148200	63.458900	75.267400	74.029700	67.380100	79.063700	94.123100	116.464000	146.802000	138.870000	106.366000	103.137000	0.156000	0.000000	0.036795	0.000000	0.034519	0.000000	0.057374	0.000000	0.070627	0.000000	0.058378	0.000000	0.062730	0.020900	0.055046	0.335200	0.040930	0.786600	0.062478	1.013800	7.000000	1.568310	0.000000	0.000000	3.657660	37.148100	69.202700	88.892100	82.600300	94.330500	107.082000	101.715000	0.057949	1.075800	0.000000	0.741800	0.004220	0.662600	0.096411	0.700600	0.160154	0.601400	0.252227	0.492400	0.367621	0.378000	0.229186	0.019500	0.212745	0.000000	0.198225	0.000000	0.180756	0.000000	0.186387	0.000000	0.203453	0.000000	0.236936	0.000000	0.259398	5.820050	3.303220	5.307160	28.045300	28.117300	1.118060	1.919280	0.000000	0.000000	592.392000	0.000000	0.000000	0.000000	95.610000	2.963140	120.846000	101.602000	359.919000	0.000000	0.241667	1.963740	0.518473	2.483840	
   87	93.100000	121.853000	112.704000	105.298000	69.611000	59.164600	47.155300	68.220500	89.127600	76.403900	70.554500	2.366760	8.901690	0.376293	8.631990	7.094810	0.000000	0.000000	60.989200	49.147800	82.669300	61.397300	39.817100	26.312900	13.000000	16.872400	29.118600	28.594800	43.847000	28.350800	20.022400	14.991800	209.375000	126.327000	49.369600	39.357800	42.879200	12.139600	9.348310	9.306850	9.199840	9.610860	36.398200	33.645200	109.904000	28.168600	31.809100	34.841500	92.100000	108.487000	141.440000	138.598000	81.904100	97.617100	65.859900	83.150500	133.304000	113.502000	157.858000	30.735600	5.491710	0.000000	0.000000	0.000000	0.000000	27.954600	167.604000	121.276000	170.755000	160.669000	129.722000	120.369000	95.000000	130.427000	149.206000	148.113000	149.903000	132.747000	138.012000	187.381000	176.571000	158.829000	98.320000	70.502100	76.373600	69.711000	86.438100	73.324200	74.788500	74.184600	92.090900	101.780000	131.411000	132.513000	95.751600	94.244500	0.156000	0.000000	0.050055	0.000000	0.066913	0.000000	0.062161	0.000000	0.040071	0.000000	0.030371	0.000000	0.011933	0.014900	0.000000	0.186300	0.000000	0.333100	0.000000	0.952900	7.000000	6.526440	4.982140	0.000000	0.000000	31.552600	72.321000	87.029400	113.793000	112.876000	116.759000	114.099000	0.000000	1.552400	0.000000	1.532900	0.000000	0.647000	0.000000	0.485700	0.000000	0.474600	0.101396	0.456400	0.211658	0.290800	0.275692	0.016700	0.305419	0.000000	0.326650	0.000000	0.301762	0.000000	0.292262	0.000000	0.308718	0.000000	0.361531	0.000000	0.259398	5.938100	3.297960	5.542430	29.554400	29.402700	0.923193	1.655020	0.170773	3.819550	641.232000	0.146522	0.000000	6.311470	101.999000	8.632230	116.323000	98.701300	333.263000	1.104330	0.330966	2.027820	0.552537	2.551790	
   88	93.100000	126.431000	112.269000	106.179000	75.007500	59.657900	48.238600	67.909400	85.185200	74.634100	69.778100	0.046494	3.462790	0.000000	0.000000	0.000000	0.000000	0.000000	44.256600	50.034400	89.335100	67.809300	43.886600	32.272800	13.000000	12.301000	35.464400	36.710700	47.483600	34.741800	23.419700	18.151100	243.927000	97.727100	40.144900	30.561300	30.810200	0.000000	0.000000	1.024220	6.124950	3.662390	37.598200	0.000000	114.057000	18.352300	23.095000	34.817100	92.100000	109.867000	136.695000	137.480000	77.255300	90.760000	66.504000	76.664400	112.187000	93.841000	162.410000	32.971400	5.114540	0.987128	0.000000	5.242300	0.562348	44.670900	160.675000	116.658000	169.181000	174.120000	125.476000	127.814000	95.000000	136.202000	143.328000	144.694000	145.529000	140.947000	138.445000	187.016000	181.652000	161.332000	101.509000	73.266000	72.472300	74.271400	83.686500	79.199700	72.628400	82.064500	92.734100	106.435000	143.360000	147.518000	117.475000	112.189000	0.156000	0.000000	0.000000	0.000000	0.000000	0.000000	0.000000	0.000000	0.002811	0.000000	0.000000	0.000000	0.002556	0.059300	0.009054	0.217000	0.000639	0.696000	0.000000	1.522700	7.000000	21.925200	17.423700	0.000000	6.300440	41.896400	63.337700	99.754700	89.364500	121.916000	118.835000	108.375000	0.000000	0.295900	0.009958	0.500300	0.003137	0.491100	0.000000	1.220800	0.100146	0.995700	0.213892	0.204900	0.314381	0.156400	0.343757	0.015000	0.314094	0.000000	0.274302	0.000000	0.250979	0.000000	0.255228	0.000000	0.267052	0.000000	0.389502	0.000000	0.259398	5.914660	3.249680	5.436220	28.756400	28.696200	1.116420	1.879060	0.203602	0.000000	603.177000	0.000000	0.000000	0.000000	129.756000	2.253530	119.999000	102.166000	285.121000	0.848889	0.199432	1.974470	0.548784	2.541240	
   89	93.100000	123.813000	115.949000	106.740000	73.066900	60.803100	52.236500	70.366700	85.938000	80.223900	71.302600	0.130575	4.256330	0.000000	0.000000	0.000000	0.000000	0.000000	54.725800	48.293000	84.514700	72.777000	40.802100	29.292500	13.000000	11.086500	32.821600	30.491100	43.103700	26.488300	18.661700	17.701700	222.329000	106.789000	41.395600	29.245200	33.839900	7.385450	6.176740	2.246340	6.687410	3.576190	55.984200	78.579900	87.429300	24.100200	27.022500	31.318900	92.100000	100.401000	135.684000	135.857000	79.421400	91.316800	68.626400	74.883000	127.283000	111.879000	158.157000	31.653400	6.752940	0.000000	0.000000	4.509180	0.000000	32.782100	157.680000	134.303000	167.367000	158.996000	124.078000	128.432000	95.000000	140.051000	142.638000	145.541000	154.010000	153.093000	138.231000	178.032000	188.867000	173.308000	98.863500	67.352900	77.184600	68.449600	78.846800	76.298800	74.367300	74.264500	106.392000	128.933000	145.383000	148.583000	106.431000	104.108000	0.156000	0.000000	0.024384	0.000000	0.037814	0.000000	0.039675	0.000000	0.038820	0.000000	0.035134	0.000000	0.026500	0.029600	0.061695	0.366900	0.026959	0.770600	0.000000	0.887900	7.000000	4.680040	1.072800	0.000000	0.000000	42.001400	63.422600	94.130200	88.055600	115.556000	109.463000	104.372000	0.043528	0.860400	0.000000	0.978200	0.000000	1.171000	0.036956	0.792900	0.164557	1.089100	0.151688	0.561300	0.360647	0.162600	0.372055	0.013900	0.318340	0.000000	0.265169	0.000000	0.257458	0.000000	0.271063	0.000000	0.304794	0.000000	0.289385	0.000000	0.259398	5.935330	3.312350	5.497880	29.256500	29.332400	1.090950	1.873200	0.285057	1.754400	619.033000	0.000000	0.000000	0.877716	161.737000	0.986701	115.898000	99.286800	321.811000	0.285422	0.374263	1.972650	0.569347	2.532800	
   90	93.100000	125.167000	112.484000	105.639000	69.770900	57.650500	49.729200	66.182600	86.568900	76.804300	70.901400	0.000000	8.620280	0.000000	2.688700	2.685440	0.000000	0.000000	53.515200	47.469600	86.091400	73.433500	40.703200	21.369700	13.000000	14.436800	32.140300	31.018900	46.601200	35.051900	23.128700	18.432300	263.129000	106.309000	44.717300	26.980400	30.559700	4.305800	4.666460	3.643990	0.000000	0.000000	35.926400	0.000000	99.847000	22.764200	29.294500	33.504700	92.100000	105.728000	140.540000	138.028000	83.808200	96.534900	73.298200	85.338600	139.911000	109.112000	157.134000	32.336300	2.067140	0.000000	0.000000	0.000000	0.000000	28.902300	164.054000	123.410000	171.089000	171.038000	125.599000	126.193000	95.000000	134.133000	138.226000	142.833000	145.929000	139.910000	135.385000	173.016000	187.747000	153.707000	99.612900	71.065700	71.144000	74.631400	79.284300	80.349400	74.885200	68.072600	97.840000	116.329000	145.080000	151.918000	104.368000	95.429000	0.156000	0.000000	0.000000	0.000000	0.027930	0.000000	0.012077	0.000000	0.013217	0.000000	0.021618	0.000000	0.033167	0.021900	0.000000	0.279200	0.000000	0.458600	0.000000	0.705400	7.000000	12.308600	4.140280	2.513420	6.972240	42.595700	69.229400	74.536700	89.799100	102.812000	113.512000	99.098400	0.000000	0.679700	0.000000	0.515700	0.000000	0.828600	0.000000	0.683100	0.000000	0.673800	0.252868	0.454300	0.303593	0.213800	0.287868	0.021100	0.278936	0.000000	0.259970	0.000000	0.250739	0.000000	0.245739	0.000000	0.285227	0.000000	0.280860	0.000000	0.259398	5.993370	3.509890	5.647830	29.525500	29.566600	1.318580	2.152890	0.127426	2.665710	620.180000	0.989572	0.000000	0.229845	152.197000	0.000000	112.925000	95.942000	308.997000	0.697079	0.604769	1.859630	0.626797	2.771570	
   91	93.100000	125.167000	112.484000	105.639000	69.770900	57.650500	49.729200	66.182600	86.568900	76.804300	70.901400	0.000000	8.620280	0.000000	2.688700	2.685440	0.000000	0.000000	53.515200	47.469600	86.091400	73.433500	40.703200	21.369700	13.000000	14.436800	32.140300	31.018900	46.601200	35.051900	23.128700	18.432300	263.129000	106.309000	44.717300	26.980400	30.559700	4.305800	4.666460	3.643990	0.000000	0.000000	35.926400	0.000000	99.847000	22.764200	29.294500	33.504700	92.100000	105.728000	140.540000	138.028000	83.808200	96.534900	73.298200	85.338600	139.911000	109.112000	157.134000	32.336300	2.067140	0.000000	0.000000	0.000000	0.000000	28.902300	164.054000	123.410000	171.089000	171.038000	125.599000	126.193000	95.000000	134.133000	138.226000	142.833000	145.929000	139.910000	135.385000	173.016000	187.747000	153.707000	99.612900	71.065700	71.144000	74.631400	79.284300	80.349400	74.885200	68.072600	97.840000	116.329000	145.080000	151.918000	104.368000	95.429000	0.156000	0.000000	0.000000	0.000000	0.027930	0.000000	0.012077	0.000000	0.013217	0.000000	0.021618	0.000000	0.033167	0.021900	0.000000	0.279200	0.000000	0.458600	0.000000	0.705400	7.000000	12.308600	4.140280	2.513420	6.972240	42.595700	69.229400	74.536700	89.799100	102.812000	113.512000	99.098400	0.000000	0.679700	0.000000	0.515700	0.000000	0.828600	0.000000	0.683100	0.000000	0.673800	0.252868	0.454300	0.303593	0.213800	0.287868	0.021100	0.278936	0.000000	0.259970	0.000000	0.250739	0.000000	0.245739	0.000000	0.285227	0.000000	0.280860	0.000000	0.259398	5.993370	3.509890	5.647830	29.525500	29.566600	1.318580	2.152890	0.127426	2.665710	620.180000	0.989572	0.000000	0.229845	152.197000	0.000000	112.925000	95.942000	308.997000	0.697079	0.604769	1.859630	0.626797	2.771570	
   92	93.100000	123.692000	115.766000	106.549000	69.536300	61.536800	50.089600	69.656300	85.440300	72.983200	71.455500	0.215714	11.835200	0.000000	0.080933	0.000000	0.000000	0.000000	58.619000	54.407900	86.383700	65.181100	42.500200	31.810200	13.000000	8.890550	40.228700	43.209000	46.893400	38.044300	24.902900	32.175100	237.578000	86.980900	39.284600	27.433600	28.804300	2.629950	4.126690	5.797660	6.708990	0.000000	56.098900	16.403500	84.428100	28.276800	36.035400	38.707700	92.100000	100.878000	137.171000	136.503000	76.316100	94.324500	61.305900	79.276700	120.059000	92.833100	163.591000	34.541500	2.238680	0.546321	0.000000	2.815110	0.000000	34.118000	163.739000	124.692000	170.509000	159.617000	128.551000	134.757000	95.000000	133.215000	135.348000	136.454000	144.219000	143.109000	132.811000	179.772000	184.931000	160.944000	98.311400	75.488600	70.465100	65.057100	72.894100	72.135700	64.601400	64.515500	105.516000	120.022000	146.943000	143.009000	107.365000	101.474000	0.156000	0.000000	0.111063	0.000000	0.131895	0.000000	0.146865	0.000000	0.152022	0.000000	0.020145	0.000000	0.039046	0.039200	0.073807	0.155900	0.083104	0.472400	0.083541	1.320600	7.000000	0.000000	0.000000	0.000000	0.000000	23.437900	54.687300	111.894000	116.891000	159.784000	126.372000	119.870000	0.088958	1.249200	0.094035	0.285600	0.097816	0.437100	0.105593	1.261200	0.201821	0.821700	0.285864	0.756400	0.357649	0.100600	0.364926	0.014000	0.333536	0.000000	0.316210	0.000000	0.286667	0.000000	0.261760	0.000000	0.294327	0.000000	0.340389	0.000000	0.259398	5.886010	3.265880	5.464810	29.168800	28.497200	0.875696	1.928380	0.361279	0.000000	602.342000	0.000000	0.000000	1.712040	154.521000	2.314730	117.733000	102.000000	366.462000	0.105182	0.500425	1.911750	0.558479	2.528380	
   93	93.100000	125.167000	112.484000	105.639000	69.770900	57.650500	49.729200	66.182600	86.568900	76.804300	70.901400	0.000000	8.620280	0.000000	2.688700	2.685440	0.000000	0.000000	53.515200	47.469600	86.091400	73.433500	40.703200	21.369700	13.000000	14.436800	32.140300	31.018900	46.601200	35.051900	23.128700	18.432300	263.129000	106.309000	44.717300	26.980400	30.559700	4.305800	4.666460	3.643990	0.000000	0.000000	35.926400	0.000000	99.847000	22.764200	29.294500	33.504700	92.100000	105.728000	140.540000	138.028000	83.808200	96.534900	73.298200	85.338600	139.911000	109.112000	157.134000	32.336300	2.067140	0.000000	0.000000	0.000000	0.000000	28.902300	164.054000	123.410000	171.089000	171.038000	125.599000	126.193000	95.000000	134.133000	138.226000	142.833000	145.929000	139.910000	135.385000	173.016000	187.747000	153.707000	99.612900	71.065700	71.144000	74.631400	79.284300	80.349400	74.885200	68.072600	97.840000	116.329000	145.080000	151.918000	104.368000	95.429000	0.156000	0.000000	0.000000	0.000000	0.027930	0.000000	0.012077	0.000000	0.013217	0.000000	0.021618	0.000000	0.033167	0.021900	0.000000	0.279200	0.000000	0.458600	0.000000	0.705400	7.000000	12.308600	4.140280	2.513420	6.972240	42.595700	69.229400	74.536700	89.799100	102.812000	113.512000	99.098400	0.000000	0.679700	0.000000	0.515700	0.000000	0.828600	0.000000	0.683100	0.000000	0.673800	0.252868	0.454300	0.303593	0.213800	0.287868	0.021100	0.278936	0.000000	0.259970	0.000000	0.250739	0.000000	0.245739	0.000000	0.285227	0.000000	0.280860	0.000000	0.259398	5.993370	3.509890	5.647830	29.525500	29.566600	1.318580	2.152890	0.127426	2.665710	620.180000	0.989572	0.000000	0.229845	152.197000	0.000000	112.925000	95.942000	308.997000	0.697079	0.604769	1.859630	0.626797	2.771570	
   94	93.100000	123.692000	115.766000	106.549000	69.536300	61.536800	50.089600	69.656300	85.440300	72.983200	71.455500	0.215714	11.835200	0.000000	0.080933	0.000000	0.000000	0.000000	58.619000	54.407900	86.383700	65.181100	42.500200	31.810200	13.000000	8.890550	40.228700	43.209000	46.893400	38.044300	24.902900	32.175100	237.578000	86.980900	39.284600	27.433600	28.804300	2.629950	4.126690	5.797660	6.708990	0.000000	56.098900	16.403500	84.428100	28.276800	36.035400	38.707700	92.100000	100.878000	137.171000	136.503000	76.316100	94.324500	61.305900	79.276700	120.059000	92.833100	163.591000	34.541500	2.238680	0.546321	0.000000	2.815110	0.000000	34.118000	163.739000	124.692000	170.509000	159.617000	128.551000	134.757000	95.000000	133.215000	135.348000	136.454000	144.219000	143.109000	132.811000	179.772000	184.931000	160.944000	98.311400	75.488600	70.465100	65.057100	72.894100	72.135700	64.601400	64.515500	105.516000	120.022000	146.943000	143.009000	107.365000	101.474000	0.156000	0.000000	0.001700	0.000000	0.000000	0.000000	0.000000	0.000000	0.010177	0.000000	0.000000	0.000000	0.000000	0.039800	0.013042	0.289900	0.027824	0.471000	0.011022	0.243600	7.000000	0.000000	0.000000	0.000000	0.000000	28.890600	66.551700	72.124100	92.044600	105.153000	115.351000	102.177000	0.000000	0.987000	0.000000	1.735000	0.007359	4.068100	0.029099	0.662100	0.059281	0.649800	0.197448	0.770400	0.303455	0.415400	0.331453	0.020200	0.256770	0.000000	0.157348	0.000000	0.065292	0.000000	0.019410	0.000000	0.037777	0.000000	0.068098	0.000000	0.259398	5.815920	3.446830	5.426130	29.316400	29.198200	1.202430	1.744440	0.082949	0.000000	652.741000	0.007216	0.000000	0.000000	161.737000	0.621249	117.239000	99.753600	305.664000	0.273801	0.444218	1.755850	0.690934	2.525170	
   95	93.100000	126.431000	112.269000	106.179000	75.007500	59.657900	48.238600	67.909400	83.557600	76.493400	73.003700	2.769560	1.635370	0.000000	3.535860	1.048700	0.000000	0.000000	50.851000	38.653400	84.867500	76.968000	40.044000	24.087300	13.000000	17.815200	28.954900	30.840500	48.367900	32.257500	23.795800	57.662800	237.899000	93.705000	39.143800	26.877300	28.585000	1.388960	0.000000	0.064412	0.000000	1.183280	32.691700	31.886900	102.163000	22.650900	26.664400	30.474400	92.100000	105.075000	140.008000	135.694000	82.947300	95.148800	70.428600	81.671100	140.727000	108.286000	152.934000	33.554700	0.000000	0.000000	0.000000	0.000000	0.000000	30.190700	159.638000	111.683000	168.720000	160.833000	128.141000	130.809000	95.000000	141.025000	140.280000	137.427000	153.982000	139.305000	125.374000	178.600000	178.854000	155.482000	100.018000	74.312300	66.534600	68.245100	81.143100	74.471200	73.458600	75.917600	107.162000	100.021000	137.969000	155.638000	105.126000	90.515800	0.156000	0.000000	0.001700	0.000000	0.014342	0.000000	0.001465	0.000000	0.024573	0.000000	0.020145	0.000000	0.000000	0.050900	0.000000	0.221100	0.027824	0.495200	0.000000	0.915400	7.000000	0.000000	0.000000	0.000000	0.000000	23.249700	65.713500	71.210700	74.053700	100.043000	104.914000	88.504300	0.005275	0.771400	0.000000	0.816100	0.000000	0.863000	0.000000	1.154800	0.180719	0.469400	0.141254	0.425200	0.316344	0.286700	0.352931	0.020900	0.318518	0.000000	0.268281	0.000000	0.229212	0.000000	0.261175	0.000000	0.294327	0.000000	0.292509	0.000000	0.259398	5.815920	3.446830	5.426130	29.316400	29.198200	1.202430	1.744440	0.598285	2.106520	626.034000	0.000000	0.000000	0.000000	131.103000	1.408220	115.505000	99.166800	306.000000	0.898636	0.483440	1.799970	0.564212	2.610230	
   96	93.100000	126.431000	112.269000	106.179000	75.007500	59.657900	48.238600	67.909400	85.185200	74.634100	69.778100	0.046494	3.462790	0.000000	0.000000	0.000000	0.000000	0.000000	44.256600	50.034400	89.335100	67.809300	43.886600	32.272800	13.000000	12.301000	35.464400	36.710700	47.483600	34.741800	23.419700	18.151100	243.927000	97.727100	40.144900	30.561300	30.810200	0.000000	0.000000	1.024220	6.124950	3.662390	37.598200	0.000000	114.057000	18.352300	23.095000	34.817100	92.100000	107.015000	143.239000	138.039000	79.857100	93.632400	74.319400	76.036800	129.979000	103.317000	157.367000	39.551700	7.605100	0.000000	0.000000	3.025240	2.192490	51.100700	156.765000	127.371000	172.554000	163.953000	129.439000	132.314000	95.000000	136.378000	143.710000	144.089000	147.173000	140.513000	133.907000	172.151000	177.293000	149.999000	105.996000	74.083800	74.653800	72.252300	78.376500	81.044400	77.204000	81.543000	106.417000	122.812000	146.804000	156.060000	111.457000	110.591000	0.156000	0.000000	0.000000	0.000000	0.000000	0.000000	0.017676	0.000000	0.021851	0.000000	0.012996	0.000000	0.023485	0.012800	0.000000	0.179500	0.000000	0.499100	0.109828	0.543100	7.000000	12.308600	14.150500	5.988180	11.591300	47.402600	78.762400	80.700000	74.145000	96.045200	111.808000	93.409300	0.104421	2.380500	0.091332	1.794700	0.076935	2.351300	0.051359	0.495200	0.124578	0.289400	0.203706	0.199500	0.273375	0.071400	0.305982	0.006200	0.302980	0.000000	0.283940	0.000000	0.229406	0.000000	0.189277	0.000000	0.191428	0.000000	0.186944	0.000000	0.259398	6.027110	3.405870	5.603030	29.623700	29.502000	1.311540	1.983920	0.212050	2.746870	633.992000	5.575580	13.379400	0.000000	83.964000	0.025037	114.336000	99.471500	346.322000	0.000000	0.320014	1.942160	0.677725	2.509900	
   97	93.100000	123.813000	115.949000	106.740000	73.066900	60.803100	52.236500	70.366700	85.938000	80.223900	71.302600	0.130575	4.256330	0.000000	0.000000	0.000000	0.000000	0.000000	54.725800	48.293000	84.514700	72.777000	40.802100	29.292500	13.000000	11.086500	32.821600	30.491100	43.103700	26.488300	18.661700	17.701700	222.329000	106.789000	41.395600	29.245200	33.839900	7.385450	6.176740	2.246340	6.687410	3.576190	55.984200	78.579900	87.429300	24.100200	27.022500	31.318900	92.100000	100.401000	135.684000	135.857000	79.421400	91.316800	68.626400	74.883000	127.283000	111.879000	158.157000	31.653400	6.752940	0.000000	0.000000	4.509180	0.000000	32.782100	157.680000	134.303000	167.367000	158.996000	124.078000	128.432000	95.000000	140.051000	142.638000	145.541000	154.010000	153.093000	138.231000	178.032000	188.867000	173.308000	98.863500	67.352900	77.184600	68.449600	78.846800	76.298800	74.367300	74.264500	106.392000	128.933000	145.383000	148.583000	106.431000	104.108000	0.156000	0.000000	0.024384	0.000000	0.037814	0.000000	0.039675	0.000000	0.038820	0.000000	0.035134	0.000000	0.026500	0.029600	0.061695	0.366900	0.026959	0.770600	0.000000	0.887900	7.000000	4.680040	1.072800	0.000000	0.000000	42.001400	63.422600	94.130200	88.055600	115.556000	109.463000	104.372000	0.043528	0.860400	0.000000	0.978200	0.000000	1.171000	0.036956	0.792900	0.164557	1.089100	0.151688	0.561300	0.360647	0.162600	0.372055	0.013900	0.318340	0.000000	0.265169	0.000000	0.257458	0.000000	0.271063	0.000000	0.304794	0.000000	0.289385	0.000000	0.259398	5.935330	3.312350	5.497880	29.256500	29.332400	1.090950	1.873200	0.285057	1.754400	619.033000	0.000000	0.000000	0.877716	161.737000	0.986701	115.898000	99.286800	321.811000	0.285422	0.374263	1.972650	0.569347	2.532800	
   98	93.100000	125.167000	112.484000	105.639000	69.770900	57.650500	49.729200	66.182600	86.568900	76.804300	70.901400	0.000000	8.620280	0.000000	2.688700	2.685440	0.000000	0.000000	53.515200	47.469600	86.091400	73.433500	40.703200	21.369700	13.000000	14.436800	32.140300	31.018900	46.601200	35.051900	23.128700	18.432300	263.129000	106.309000	44.717300	26.980400	30.559700	4.305800	4.666460	3.643990	0.000000	0.000000	35.926400	0.000000	99.847000	22.764200	29.294500	33.504700	92.100000	105.728000	140.540000	138.028000	83.808200	96.534900	73.298200	85.338600	139.911000	109.112000	157.134000	32.336300	2.067140	0.000000	0.000000	0.000000	0.000000	28.902300	164.054000	123.410000	171.089000	171.038000	125.599000	126.193000	95.000000	134.133000	138.226000	142.833000	145.929000	139.910000	135.385000	173.016000	187.747000	153.707000	99.612900	71.065700	71.144000	74.631400	79.284300	80.349400	74.885200	68.072600	97.840000	116.329000	145.080000	151.918000	104.368000	95.429000	0.156000	0.000000	0.000000	0.000000	0.027930	0.000000	0.012077	0.000000	0.013217	0.000000	0.021618	0.000000	0.033167	0.021900	0.000000	0.279200	0.000000	0.458600	0.000000	0.705400	7.000000	12.308600	4.140280	2.513420	6.972240	42.595700	69.229400	74.536700	89.799100	102.812000	113.512000	99.098400	0.000000	0.679700	0.000000	0.515700	0.000000	0.828600	0.000000	0.683100	0.000000	0.673800	0.252868	0.454300	0.303593	0.213800	0.287868	0.021100	0.278936	0.000000	0.259970	0.000000	0.250739	0.000000	0.245739	0.000000	0.285227	0.000000	0.280860	0.000000	0.259398	5.993370	3.509890	5.647830	29.525500	29.566600	1.318580	2.152890	0.127426	2.665710	620.180000	0.989572	0.000000	0.229845	152.197000	0.000000	112.925000	95.942000	308.997000	0.697079	0.604769	1.859630	0.626797	2.771570	
   99	93.100000	124.378000	115.564000	108.672000	73.360500	62.851000	53.677100	70.122800	83.980500	73.916800	71.453500	1.306080	7.611590	0.000000	1.656390	0.000000	0.000000	0.000000	57.298800	47.756400	85.848200	64.898600	42.389900	36.022700	13.000000	9.748890	32.470000	25.481500	41.455900	26.180600	26.361800	35.236400	231.778000	93.211500	49.221700	29.900700	28.425900	6.434940	8.493580	2.197700	4.826860	1.681980	52.018600	11.426800	108.986000	20.115700	28.784000	40.150100	92.100000	101.152000	138.848000	137.057000	80.459600	92.561500	70.647100	80.662300	129.401000	112.040000	149.376000	30.949700	1.256390	0.000000	0.000000	0.000000	0.000000	22.502400	163.300000	122.618000	167.054000	160.380000	122.412000	132.483000	95.000000	134.219000	134.207000	142.546000	141.598000	140.013000	135.197000	178.087000	190.464000	167.201000	100.227000	74.215100	71.648500	73.202700	82.357300	79.489300	78.163100	78.738800	107.263000	130.839000	156.510000	149.943000	117.475000	112.189000	0.156000	0.000000	0.016251	0.000000	0.023076	0.000000	0.033946	0.000000	0.067183	0.000000	0.074671	0.000000	0.103720	0.035800	0.000000	0.435800	0.000000	1.502800	0.000000	1.053500	7.000000	13.597000	11.148700	0.000000	6.737910	40.206200	38.272900	79.416600	74.183100	92.634400	105.510000	97.476000	0.000000	1.244800	0.000000	1.015600	0.000000	1.146500	0.000000	1.048600	0.126895	0.564700	0.174126	0.355100	0.303050	0.352100	0.306268	0.022100	0.278936	0.000000	0.259970	0.000000	0.236488	0.000000	0.245739	0.000000	0.292133	0.000000	0.318676	0.000000	0.259398	5.660160	3.118130	5.362520	29.391800	28.932000	0.952214	1.311920	0.087320	2.617470	614.923000	0.317591	0.000000	0.000000	111.479000	2.825710	114.145000	100.120000	242.796000	0.427581	0.475685	1.731650	0.430860	2.340670	
  100	93.100000	121.853000	112.704000	105.298000	69.611000	59.164600	47.155300	68.220500	89.127600	76.403900	70.554500	2.366760	8.901690	0.376293	8.631990	7.094810	0.000000	0.000000	60.989200	49.147800	82.669300	61.397300	39.817100	26.312900	13.000000	11.906000	33.632200	33.434000	49.826800	33.191700	20.574900	17.907500	252.276000	84.680000	44.861600	29.696800	38.773600	6.541130	12.757200	11.765000	15.490500	9.553640	55.290600	35.414300	95.474200	25.664400	30.025800	35.806000	92.100000	105.075000	128.947000	133.962000	75.253600	87.395600	64.925200	70.538700	129.497000	101.499000	152.397000	28.515600	3.898670	0.000000	1.602920	6.725590	0.000000	38.676000	155.303000	120.162000	164.687000	155.450000	121.376000	127.832000	95.000000	140.618000	138.069000	135.562000	143.944000	131.820000	142.943000	170.998000	186.699000	163.358000	103.527000	72.828700	80.316000	78.798200	87.729100	84.446500	78.413900	78.374800	95.323700	118.351000	148.492000	152.524000	108.094000	102.287000	0.156000	0.000000	0.017438	0.000000	0.058498	0.000000	0.071362	0.000000	0.081010	0.000000	0.093891	0.000000	0.087406	0.072600	0.075284	0.299700	0.063026	0.788500	0.039608	0.743100	7.000000	18.473100	16.207100	17.511000	19.977200	54.753400	79.034400	96.950800	99.474900	129.083000	125.044000	98.632100	0.038868	0.978500	0.034301	0.909400	0.021865	1.645300	0.010240	0.426100	0.107931	0.725200	0.213073	0.179000	0.307547	0.124500	0.335128	0.014200	0.304635	0.000000	0.282446	0.000000	0.268581	0.000000	0.270844	0.000000	0.294567	0.000000	0.290333	0.000000	0.259398	5.874110	3.553820	5.715220	29.630500	29.457500	1.539560	2.199110	0.451152	2.008110	621.422000	0.565517	0.000000	0.011168	141.215000	0.000000	114.898000	97.185600	407.489000	0.000000	0.406366	1.848670	0.601659	2.603300	
;
param Prob0 :=
    1	0.000
    2	0.010
    3	0.020
    4	0.010
    5	0.000
    6	0.000
    7	0.000
    8	0.010
    9	0.010
   10	0.010
   11	0.060
   12	0.010
   13	0.010
   14	0.010
   15	0.000
   16	0.010
   17	0.010
   18	0.010
   19	0.010
   20	0.000
   21	0.010
   22	0.000
   23	0.110
   24	0.010
   25	0.000
   26	0.000
   27	0.010
   28	0.010
   29	0.080
   30	0.010
   31	0.010
   32	0.010
   33	0.010
   34	0.010
   35	0.010
   36	0.010
   37	0.000
   38	0.010
   39	0.010
   40	0.010
   41	0.010
   42	0.010
   43	0.010
   44	0.000
   45	0.010
   46	0.000
   47	0.000
   48	0.000
   49	0.010
   50	0.010
   51	0.010
   52	0.010
   53	0.000
   54	0.000
   55	0.000
   56	0.010
   57	0.010
   58	0.010
   59	0.010
   60	0.000
   61	0.000
   62	0.010
   63	0.010
   64	0.010
   65	0.010
   66	0.010
   67	0.010
   68	0.000
   69	0.010
   70	0.010
   71	0.010
   72	0.010
   73	0.000
   74	0.010
   75	0.000
   76	0.010
   77	0.010
   78	0.090
   79	0.010
   80	0.010
   81	0.000
   82	0.010
   83	0.010
   84	0.010
   85	0.000
   86	0.010
   87	0.010
   88	0.010
   89	0.000
   90	0.000
   91	0.000
   92	0.010
   93	0.000
   94	0.010
   95	0.010
   96	0.010
   97	0.000
   98	0.000
   99	0.000
  100	0.010
;
set c[0,50] :=
50    8     16    24    32    40    48    57    65    73    81    89    97
1     9     17    25    33    41    49    58    66    74    82    90    98
2     10    18    26    34    42    51    59    67    75    83    91    99
3     11    19    27    35    43    52    60    68    76    84    92    100
4     12    20    28    36    44    53    61    69    77    85    93
5     13    21    29    37    45    54    62    70    78    86    94
6     14    22    30    38    46    55    63    71    79    87    95
7     15    23    31    39    47    56    64    72    80    88    96;
set c[1,91] := 91 20 46 75 78 81 90 93 98;
set c[1,47] := 47 7 23 37 48 53 61 73 85 89 97;
set c[1,22] := 22 1 15 29 44 54 60 99;
set c[1,11] := 11 5 6 26 55 68;
set c[1,25] := 25 3 31 39 49 62 76 86;
set c[1,80] := 80 8 16 35 56 57 64 83 95;
set c[1,45] := 45 2 28 36 71;
set c[1,92] := 92 50 33 66 67 94;
set c[1,72] := 72 9 12 34 42 82 84 88 96;
set c[1,14] := 14 10 30 59 74;
set c[1,65] := 65 13 17 32 41 51 70 77;
set c[1,79] := 79 4 18 19 21 24 27 38 40 43 52 58 63 69 87 100;
set c[2,78] := 78 91 20 46 75 81 90 93 98;
set c[2,47] := 47 7 23 37 48 53 61 73 85 89 97;
set c[2,22] := 22 1 15 29 44 54 60 99;
set c[2,6] := 6 11 5 26 55 68;
set c[2,76] := 76 25 3 31 39 49 62 86;
set c[2,8] := 8 80 16 35 56 57 64 83 95;
set c[2,45] := 45 2 28 36 71;
set c[2,94] := 94 92 50 33 66 67;
set c[2,72] := 72 9 12 34 42 82 84 88 96;
set c[2,30] := 30 14 10 59 74;
set c[2,17] := 17 65 13 32 41 51 70 77;
set c[2,18] := 18 19 21 38 58;
set c[2,24] := 24 4;
set c[2,43] := 43 40 69 100;
set c[2,52] := 52 27;
set c[2,87] := 87 79 63;
set c[3,93] := 93 78 91 20 46 75 81 90 98;
set c[3,47] := 47 7 23 37 48 53 61 73 85 89 97;
set c[3,15] := 15 22 1 29 44 54 60 99;
set c[3,11] := 11 6 5 26 55 68;
set c[3,76] := 76 25 3 31 39 49 62 86;
set c[3,64] := 64 8 80 16 35 56 57 83 95;
set c[3,45] := 45 2 28 36 71;
set c[3,66] := 66 94 92 50 33 67;
set c[3,84] := 84 12;
set c[3,96] := 96 72;
set c[3,42] := 42 34 82;
set c[3,88] := 88 9;
set c[3,59] := 59;
set c[3,30] := 30;
set c[3,10] := 10;
set c[3,14] := 14;
set c[3,74] := 74;
set c[3,70] := 70;
set c[3,32] := 32;
set c[3,51] := 51;
set c[3,17] := 17;
set c[3,65] := 65;
set c[3,13] := 13;
set c[3,41] := 41;
set c[3,77] := 77;
set c[3,18] := 18;
set c[3,21] := 21;
set c[3,58] := 58;
set c[3,19] := 19;
set c[3,38] := 38;
set c[3,24] := 24;
set c[3,4] := 4;
set c[3,40] := 40;
set c[3,100] := 100;
set c[3,43] := 43;
set c[3,69] := 69;
set c[3,52] := 52;
set c[3,27] := 27;
set c[3,79] := 79 87 63;
set c[4,98] := 98 93 78 91 20 46 75 81 90;
set c[4,47] := 47 7 23 37 48 53 61 73 85 89 97;
set c[4,54] := 54 15 22 1 29 44 60 99;
set c[4,68] := 68 11 6 5 26 55;
set c[4,25] := 25 76 3 31 39 49 62 86;
set c[4,8] := 8 64 80 16 35 56 57 83 95;
set c[4,45] := 45 2 28 36 71;
set c[4,92] := 92 66 94 50 33 67;
set c[4,84] := 84 12;
set c[4,96] := 96 72;
set c[4,42] := 42 34 82;
set c[4,88] := 88 9;
set c[4,59] := 59;
set c[4,30] := 30;
set c[4,10] := 10;
set c[4,14] := 14;
set c[4,74] := 74;
set c[4,70] := 70;
set c[4,32] := 32;
set c[4,51] := 51;
set c[4,17] := 17;
set c[4,65] := 65;
set c[4,13] := 13;
set c[4,41] := 41;
set c[4,77] := 77;
set c[4,18] := 18;
set c[4,21] := 21;
set c[4,58] := 58;
set c[4,19] := 19;
set c[4,38] := 38;
set c[4,24] := 24;
set c[4,4] := 4;
set c[4,40] := 40;
set c[4,100] := 100;
set c[4,43] := 43;
set c[4,69] := 69;
set c[4,52] := 52;
set c[4,27] := 27;
set c[4,63] := 63 79 87;
set c[5,98] := 98 93 78 91 20 46 75 81 90;
set c[5,47] := 47 7 23 37 48 53 61 73 85 89 97;
set c[5,54] := 54 15 22 1 29 44 60 99;
set c[5,68] := 68 11 6 5 26 55;
set c[5,25] := 25 76 3 31 39 49 62 86;
set c[5,8] := 8 64 80 16 35 56 57 83 95;
set c[5,45] := 45 2 28 36 71;
set c[5,92] := 92 66 94 50 33 67;
set c[5,84] := 84 12;
set c[5,96] := 96 72;
set c[5,42] := 42 34 82;
set c[5,88] := 88 9;
set c[5,59] := 59;
set c[5,30] := 30;
set c[5,10] := 10;
set c[5,14] := 14;
set c[5,74] := 74;
set c[5,70] := 70;
set c[5,32] := 32;
set c[5,51] := 51;
set c[5,17] := 17;
set c[5,65] := 65;
set c[5,13] := 13;
set c[5,41] := 41;
set c[5,77] := 77;
set c[5,18] := 18;
set c[5,21] := 21;
set c[5,58] := 58;
set c[5,19] := 19;
set c[5,38] := 38;
set c[5,24] := 24;
set c[5,4] := 4;
set c[5,40] := 40;
set c[5,100] := 100;
set c[5,43] := 43;
set c[5,69] := 69;
set c[5,52] := 52;
set c[5,27] := 27;
set c[5,63] := 63 79 87;
set c[6,93] := 93 98 78 91 20 46 75 81 90;
set c[6,37] := 37 47 7 23 48 53 61 73 85 89 97;
set c[6,99] := 99 54 15 22 1 29 44 60;
set c[6,11] := 11 68 6 5 26 55;
set c[6,62] := 62 25 76 3 31 39 49 86;
set c[6,35] := 35 8 64 80 16 56 57 83 95;
set c[6,45] := 45 2 28 36 71;
set c[6,67] := 67;
set c[6,94] := 94;
set c[6,66] := 66 50 33;
set c[6,92] := 92;
set c[6,84] := 84 12;
set c[6,96] := 96 72;
set c[6,34] := 34 82;
set c[6,42] := 42;
set c[6,88] := 88 9;
set c[6,59] := 59;
set c[6,30] := 30;
set c[6,10] := 10;
set c[6,14] := 14;
set c[6,74] := 74;
set c[6,70] := 70;
set c[6,32] := 32;
set c[6,51] := 51;
set c[6,17] := 17;
set c[6,65] := 65;
set c[6,13] := 13;
set c[6,41] := 41;
set c[6,77] := 77;
set c[6,18] := 18;
set c[6,21] := 21;
set c[6,58] := 58;
set c[6,19] := 19;
set c[6,38] := 38;
set c[6,24] := 24;
set c[6,4] := 4;
set c[6,40] := 40;
set c[6,100] := 100;
set c[6,43] := 43;
set c[6,69] := 69;
set c[6,52] := 52;
set c[6,27] := 27;
set c[6,63] := 63 79 87;
set c[7,20] := 20 93 98 78 91 46 75 81 90;
set c[7,37] := 37 47 7 23 48 53 61 73 85 89 97;
set c[7,99] := 99 54 15 22 1 29 44 60;
set c[7,11] := 11 68 6 5 26 55;
set c[7,39] := 39 62 25 76 3 31 49 86;
set c[7,16] := 16 35 8 64 80 56 57 83 95;
set c[7,45] := 45 2 28 36 71;
set c[7,67] := 67;
set c[7,94] := 94;
set c[7,66] := 66 50 33;
set c[7,92] := 92;
set c[7,84] := 84 12;
set c[7,96] := 96 72;
set c[7,34] := 34 82;
set c[7,42] := 42;
set c[7,88] := 88 9;
set c[7,59] := 59;
set c[7,30] := 30;
set c[7,10] := 10;
set c[7,14] := 14;
set c[7,74] := 74;
set c[7,70] := 70;
set c[7,32] := 32;
set c[7,51] := 51;
set c[7,17] := 17;
set c[7,65] := 65;
set c[7,13] := 13;
set c[7,41] := 41;
set c[7,77] := 77;
set c[7,18] := 18;
set c[7,21] := 21;
set c[7,58] := 58;
set c[7,19] := 19;
set c[7,38] := 38;
set c[7,24] := 24;
set c[7,4] := 4;
set c[7,40] := 40;
set c[7,100] := 100;
set c[7,43] := 43;
set c[7,69] := 69;
set c[7,52] := 52;
set c[7,27] := 27;
set c[7,63] := 63 79 87;
set c[8,20] := 20 93 98 78 91 46 75 81 90;
set c[8,48] := 48 37 47 7 23 53 61 73 85 89 97;
set c[8,99] := 99 54 15 22 1 29 44 60;
set c[8,11] := 11 68 6 5 26 55;
set c[8,62] := 62 39 25 76 3 31 49 86;
set c[8,80] := 80 16 35 8 64 56 57 83 95;
set c[8,45] := 45 2 28 36 71;
set c[8,67] := 67;
set c[8,94] := 94;
set c[8,66] := 66 50 33;
set c[8,92] := 92;
set c[8,84] := 84 12;
set c[8,96] := 96 72;
set c[8,34] := 34 82;
set c[8,42] := 42;
set c[8,88] := 88 9;
set c[8,59] := 59;
set c[8,30] := 30;
set c[8,10] := 10;
set c[8,14] := 14;
set c[8,74] := 74;
set c[8,70] := 70;
set c[8,32] := 32;
set c[8,51] := 51;
set c[8,17] := 17;
set c[8,65] := 65;
set c[8,13] := 13;
set c[8,41] := 41;
set c[8,77] := 77;
set c[8,18] := 18;
set c[8,21] := 21;
set c[8,58] := 58;
set c[8,19] := 19;
set c[8,38] := 38;
set c[8,24] := 24;
set c[8,4] := 4;
set c[8,40] := 40;
set c[8,100] := 100;
set c[8,43] := 43;
set c[8,69] := 69;
set c[8,52] := 52;
set c[8,27] := 27;
set c[8,63] := 63 79 87;
set c[9,78] := 78 20 93 98 91 46 75 81 90;
set c[9,61] := 61 48 37 47 7 23 53 73 85 89 97;
set c[9,22] := 22 99 54 15 1 29 44 60;
set c[9,11] := 11 68 6 5 26 55;
set c[9,62] := 62 39 25 76 3 31 49 86;
set c[9,80] := 80 16 35 8 64 56 57 83 95;
set c[9,45] := 45 2 28 36 71;
set c[9,67] := 67;
set c[9,94] := 94;
set c[9,66] := 66 50 33;
set c[9,92] := 92;
set c[9,84] := 84 12;
set c[9,96] := 96 72;
set c[9,34] := 34 82;
set c[9,42] := 42;
set c[9,88] := 88 9;
set c[9,59] := 59;
set c[9,30] := 30;
set c[9,10] := 10;
set c[9,14] := 14;
set c[9,74] := 74;
set c[9,70] := 70;
set c[9,32] := 32;
set c[9,51] := 51;
set c[9,17] := 17;
set c[9,65] := 65;
set c[9,13] := 13;
set c[9,41] := 41;
set c[9,77] := 77;
set c[9,18] := 18;
set c[9,21] := 21;
set c[9,58] := 58;
set c[9,19] := 19;
set c[9,38] := 38;
set c[9,24] := 24;
set c[9,4] := 4;
set c[9,40] := 40;
set c[9,100] := 100;
set c[9,43] := 43;
set c[9,69] := 69;
set c[9,52] := 52;
set c[9,27] := 27;
set c[9,63] := 63 79 87;
set c[10,78] := 78 20 93 98 91 46 75 81 90;
set c[10,61] := 61 48 37 47 7 23 53 73 85 89 97;
set c[10,29] := 29 22 99 54 15 1 44 60;
set c[10,11] := 11 68 6 5 26 55;
set c[10,86] := 86 62 39 25 76 3 31 49;
set c[10,16] := 16 80 35 8 64 56 57 83 95;
set c[10,45] := 45 2 28 36 71;
set c[10,67] := 67;
set c[10,94] := 94;
set c[10,66] := 66 50 33;
set c[10,92] := 92;
set c[10,84] := 84 12;
set c[10,96] := 96 72;
set c[10,34] := 34 82;
set c[10,42] := 42;
set c[10,88] := 88 9;
set c[10,59] := 59;
set c[10,30] := 30;
set c[10,10] := 10;
set c[10,14] := 14;
set c[10,74] := 74;
set c[10,70] := 70;
set c[10,32] := 32;
set c[10,51] := 51;
set c[10,17] := 17;
set c[10,65] := 65;
set c[10,13] := 13;
set c[10,41] := 41;
set c[10,77] := 77;
set c[10,18] := 18;
set c[10,21] := 21;
set c[10,58] := 58;
set c[10,19] := 19;
set c[10,38] := 38;
set c[10,24] := 24;
set c[10,4] := 4;
set c[10,40] := 40;
set c[10,100] := 100;
set c[10,43] := 43;
set c[10,69] := 69;
set c[10,52] := 52;
set c[10,27] := 27;
set c[10,63] := 63 79 87;
set c[11,20] := 20 78 93 98 91 46 75 81 90;
set c[11,48] := 48 61 37 47 7 23 53 73 85 89 97;
set c[11,22] := 22 29 99 54 15 1 44 60;
set c[11,6] := 6 11 68 5 26 55;
set c[11,62] := 62 86 39 25 76 3 31 49;
set c[11,8] := 8 16 80 35 64 56 57 83 95;
set c[11,45] := 45;
set c[11,71] := 71;
set c[11,2] := 2 36;
set c[11,28] := 28;
set c[11,67] := 67;
set c[11,94] := 94;
set c[11,33] := 33 66 50;
set c[11,92] := 92;
set c[11,84] := 84 12;
set c[11,96] := 96 72;
set c[11,34] := 34 82;
set c[11,42] := 42;
set c[11,88] := 88 9;
set c[11,59] := 59;
set c[11,30] := 30;
set c[11,10] := 10;
set c[11,14] := 14;
set c[11,74] := 74;
set c[11,70] := 70;
set c[11,32] := 32;
set c[11,51] := 51;
set c[11,17] := 17;
set c[11,65] := 65;
set c[11,13] := 13;
set c[11,41] := 41;
set c[11,77] := 77;
set c[11,18] := 18;
set c[11,21] := 21;
set c[11,58] := 58;
set c[11,19] := 19;
set c[11,38] := 38;
set c[11,24] := 24;
set c[11,4] := 4;
set c[11,40] := 40;
set c[11,100] := 100;
set c[11,43] := 43;
set c[11,69] := 69;
set c[11,52] := 52;
set c[11,27] := 27;
set c[11,79] := 79 63 87;
set c[12,93] := 93 20 78 98 91 46 75 81 90;
set c[12,37] := 37 48 61 47 7 23 53 73 85 89 97;
set c[12,99] := 99 22 29 54 15 1 44 60;
set c[12,5] := 5 6 11 68 26 55;
set c[12,62] := 62 86 39 25 76 3 31 49;
set c[12,8] := 8 16 80 35 64 56 57 83 95;
set c[12,45] := 45;
set c[12,71] := 71;
set c[12,2] := 2 36;
set c[12,28] := 28;
set c[12,67] := 67;
set c[12,94] := 94;
set c[12,66] := 66 33 50;
set c[12,92] := 92;
set c[12,84] := 84 12;
set c[12,96] := 96 72;
set c[12,34] := 34 82;
set c[12,42] := 42;
set c[12,88] := 88 9;
set c[12,59] := 59;
set c[12,30] := 30;
set c[12,10] := 10;
set c[12,14] := 14;
set c[12,74] := 74;
set c[12,70] := 70;
set c[12,32] := 32;
set c[12,51] := 51;
set c[12,17] := 17;
set c[12,65] := 65;
set c[12,13] := 13;
set c[12,41] := 41;
set c[12,77] := 77;
set c[12,18] := 18;
set c[12,21] := 21;
set c[12,58] := 58;
set c[12,19] := 19;
set c[12,38] := 38;
set c[12,24] := 24;
set c[12,4] := 4;
set c[12,40] := 40;
set c[12,100] := 100;
set c[12,43] := 43;
set c[12,69] := 69;
set c[12,52] := 52;
set c[12,27] := 27;
set c[12,79] := 79 63 87;
set c[13,93] := 93 20 78 98 91 46 75 81 90;
set c[13,48] := 48 37 61 47 7 23 53 73 85 89 97;
set c[13,29] := 29 99 22 54 15 1 44 60;
set c[13,11] := 11 5 6 68 26 55;
set c[13,62] := 62 86 39 25 76 3 31 49;
set c[13,35] := 35 8 16 80 64 56 57 83 95;
set c[13,45] := 45;
set c[13,71] := 71;
set c[13,2] := 2 36;
set c[13,28] := 28;
set c[13,67] := 67;
set c[13,94] := 94;
set c[13,33] := 33 66 50;
set c[13,92] := 92;
set c[13,84] := 84 12;
set c[13,96] := 96 72;
set c[13,34] := 34 82;
set c[13,42] := 42;
set c[13,88] := 88 9;
set c[13,59] := 59;
set c[13,30] := 30;
set c[13,10] := 10;
set c[13,14] := 14;
set c[13,74] := 74;
set c[13,70] := 70;
set c[13,32] := 32;
set c[13,51] := 51;
set c[13,17] := 17;
set c[13,65] := 65;
set c[13,13] := 13;
set c[13,41] := 41;
set c[13,77] := 77;
set c[13,18] := 18;
set c[13,21] := 21;
set c[13,58] := 58;
set c[13,19] := 19;
set c[13,38] := 38;
set c[13,24] := 24;
set c[13,4] := 4;
set c[13,40] := 40;
set c[13,100] := 100;
set c[13,43] := 43;
set c[13,69] := 69;
set c[13,52] := 52;
set c[13,27] := 27;
set c[13,87] := 87 79 63;
set c[14,91] := 91 93 20 78 98 46 75 81 90;
set c[14,89] := 89 48 37 61 47 7 23 53 73 85 97;
set c[14,29] := 29 99 22 54 15 1 44 60;
set c[14,26] := 26 11 5 6 68 55;
set c[14,86] := 86 62 39 25 76 3 31 49;
set c[14,83] := 83 35 8 16 80 64 56 57 95;
set c[14,45] := 45;
set c[14,71] := 71;
set c[14,2] := 2 36;
set c[14,28] := 28;
set c[14,67] := 67;
set c[14,94] := 94;
set c[14,50] := 50 33 66;
set c[14,92] := 92;
set c[14,84] := 84 12;
set c[14,96] := 96 72;
set c[14,34] := 34 82;
set c[14,42] := 42;
set c[14,88] := 88 9;
set c[14,59] := 59;
set c[14,30] := 30;
set c[14,10] := 10;
set c[14,14] := 14;
set c[14,74] := 74;
set c[14,70] := 70;
set c[14,32] := 32;
set c[14,51] := 51;
set c[14,17] := 17;
set c[14,65] := 65;
set c[14,13] := 13;
set c[14,41] := 41;
set c[14,77] := 77;
set c[14,18] := 18;
set c[14,21] := 21;
set c[14,58] := 58;
set c[14,19] := 19;
set c[14,38] := 38;
set c[14,24] := 24;
set c[14,4] := 4;
set c[14,40] := 40;
set c[14,100] := 100;
set c[14,43] := 43;
set c[14,69] := 69;
set c[14,52] := 52;
set c[14,27] := 27;
set c[14,63] := 63 87 79;
set c[15,46] := 46 91 93 20 78 98 75 81 90;
set c[15,47] := 47 89 48 37 61 7 23 53 73 85 97;
set c[15,44] := 44 29 99 22 54 15 1 60;
set c[15,5] := 5 26 11 6 68 55;
set c[15,49] := 49 86 62 39 25 76 3 31;
set c[15,56] := 56 83 35 8 16 80 64 57 95;
set c[15,45] := 45;
set c[15,71] := 71;
set c[15,2] := 2 36;
set c[15,28] := 28;
set c[15,67] := 67;
set c[15,94] := 94;
set c[15,50] := 50 33 66;
set c[15,92] := 92;
set c[15,84] := 84 12;
set c[15,96] := 96;
set c[15,72] := 72;
set c[15,34] := 34;
set c[15,82] := 82;
set c[15,42] := 42;
set c[15,88] := 88;
set c[15,9] := 9;
set c[15,59] := 59;
set c[15,30] := 30;
set c[15,10] := 10;
set c[15,14] := 14;
set c[15,74] := 74;
set c[15,70] := 70;
set c[15,32] := 32;
set c[15,51] := 51;
set c[15,17] := 17;
set c[15,65] := 65;
set c[15,13] := 13;
set c[15,41] := 41;
set c[15,77] := 77;
set c[15,18] := 18;
set c[15,21] := 21;
set c[15,58] := 58;
set c[15,19] := 19;
set c[15,38] := 38;
set c[15,24] := 24;
set c[15,4] := 4;
set c[15,40] := 40;
set c[15,100] := 100;
set c[15,43] := 43;
set c[15,69] := 69;
set c[15,52] := 52;
set c[15,27] := 27;
set c[15,79] := 79 63 87;
set c[16,91] := 91 46 93 20 78 98 75 81 90;
set c[16,85] := 85 47 89 48 37 61 7 23 53 73 97;
set c[16,15] := 15 44 29 99 22 54 1 60;
set c[16,55] := 55 5 26 11 6 68;
set c[16,76] := 76 49 86 62 39 25 3 31;
set c[16,80] := 80 56 83 35 8 16 64 57 95;
set c[16,45] := 45;
set c[16,71] := 71;
set c[16,2] := 2 36;
set c[16,28] := 28;
set c[16,67] := 67;
set c[16,94] := 94;
set c[16,50] := 50 33 66;
set c[16,92] := 92;
set c[16,84] := 84 12;
set c[16,96] := 96;
set c[16,72] := 72;
set c[16,34] := 34;
set c[16,82] := 82;
set c[16,42] := 42;
set c[16,88] := 88;
set c[16,9] := 9;
set c[16,59] := 59;
set c[16,30] := 30;
set c[16,10] := 10;
set c[16,14] := 14;
set c[16,74] := 74;
set c[16,70] := 70;
set c[16,32] := 32;
set c[16,51] := 51;
set c[16,17] := 17;
set c[16,65] := 65;
set c[16,13] := 13;
set c[16,41] := 41;
set c[16,77] := 77;
set c[16,18] := 18;
set c[16,21] := 21;
set c[16,58] := 58;
set c[16,19] := 19;
set c[16,38] := 38;
set c[16,24] := 24;
set c[16,4] := 4;
set c[16,40] := 40;
set c[16,100] := 100;
set c[16,43] := 43;
set c[16,69] := 69;
set c[16,52] := 52;
set c[16,27] := 27;
set c[16,63] := 63 79 87;
set c[17,91] := 91 46 93 20 78 98 75 81 90;
set c[17,7] := 7 85 47 89 48 37 61 23 53 73 97;
set c[17,44] := 44 15 29 99 22 54 1 60;
set c[17,6] := 6 55 5 26 11 68;
set c[17,3] := 3 76 49 86 62 39 25 31;
set c[17,35] := 35 80 56 83 8 16 64 57 95;
set c[17,45] := 45;
set c[17,71] := 71;
set c[17,2] := 2 36;
set c[17,28] := 28;
set c[17,67] := 67;
set c[17,94] := 94;
set c[17,66] := 66 50 33;
set c[17,92] := 92;
set c[17,84] := 84 12;
set c[17,96] := 96;
set c[17,72] := 72;
set c[17,34] := 34;
set c[17,82] := 82;
set c[17,42] := 42;
set c[17,88] := 88;
set c[17,9] := 9;
set c[17,59] := 59;
set c[17,30] := 30;
set c[17,10] := 10;
set c[17,14] := 14;
set c[17,74] := 74;
set c[17,70] := 70;
set c[17,32] := 32;
set c[17,51] := 51;
set c[17,17] := 17;
set c[17,65] := 65;
set c[17,13] := 13;
set c[17,41] := 41;
set c[17,77] := 77;
set c[17,18] := 18;
set c[17,21] := 21;
set c[17,58] := 58;
set c[17,19] := 19;
set c[17,38] := 38;
set c[17,24] := 24;
set c[17,4] := 4;
set c[17,40] := 40;
set c[17,100] := 100;
set c[17,43] := 43;
set c[17,69] := 69;
set c[17,52] := 52;
set c[17,27] := 27;
set c[17,79] := 79 63 87;
set c[18,93] := 93 91 46 20 78 98 75 81 90;
set c[18,97] := 97 7 85 47 89 48 37 61 23 53 73;
set c[18,60] := 60 44 15 29 99 22 54 1;
set c[18,26] := 26 6 55 5 11 68;
set c[18,49] := 49 3 76 86 62 39 25 31;
set c[18,8] := 8 35 80 56 83 16 64 57 95;
set c[18,45] := 45;
set c[18,71] := 71;
set c[18,2] := 2 36;
set c[18,28] := 28;
set c[18,67] := 67;
set c[18,94] := 94;
set c[18,66] := 66 50 33;
set c[18,92] := 92;
set c[18,84] := 84 12;
set c[18,96] := 96;
set c[18,72] := 72;
set c[18,34] := 34;
set c[18,82] := 82;
set c[18,42] := 42;
set c[18,88] := 88;
set c[18,9] := 9;
set c[18,59] := 59;
set c[18,30] := 30;
set c[18,10] := 10;
set c[18,14] := 14;
set c[18,74] := 74;
set c[18,70] := 70;
set c[18,32] := 32;
set c[18,51] := 51;
set c[18,17] := 17;
set c[18,65] := 65;
set c[18,13] := 13;
set c[18,41] := 41;
set c[18,77] := 77;
set c[18,18] := 18;
set c[18,21] := 21;
set c[18,58] := 58;
set c[18,19] := 19;
set c[18,38] := 38;
set c[18,24] := 24;
set c[18,4] := 4;
set c[18,40] := 40;
set c[18,100] := 100;
set c[18,43] := 43;
set c[18,69] := 69;
set c[18,52] := 52;
set c[18,27] := 27;
set c[18,63] := 63 79 87;
set c[19,81] := 81 93 91 46 20 78 98 75 90;
set c[19,61] := 61 97 7 85 47 89 48 37 23 53 73;
set c[19,44] := 44 60 15 29 99 22 54 1;
set c[19,26] := 26 6 55 5 11 68;
set c[19,76] := 76 49 3 86 62 39 25 31;
set c[19,83] := 83 80 56 16 64 95;
set c[19,8] := 8 35 57;
set c[19,45] := 45;
set c[19,71] := 71;
set c[19,2] := 2 36;
set c[19,28] := 28;
set c[19,67] := 67;
set c[19,94] := 94;
set c[19,66] := 66 50 33;
set c[19,92] := 92;
set c[19,84] := 84;
set c[19,12] := 12;
set c[19,96] := 96;
set c[19,72] := 72;
set c[19,34] := 34;
set c[19,82] := 82;
set c[19,42] := 42;
set c[19,88] := 88;
set c[19,9] := 9;
set c[19,59] := 59;
set c[19,30] := 30;
set c[19,10] := 10;
set c[19,14] := 14;
set c[19,74] := 74;
set c[19,70] := 70;
set c[19,32] := 32;
set c[19,51] := 51;
set c[19,17] := 17;
set c[19,65] := 65;
set c[19,13] := 13;
set c[19,41] := 41;
set c[19,77] := 77;
set c[19,18] := 18;
set c[19,21] := 21;
set c[19,58] := 58;
set c[19,19] := 19;
set c[19,38] := 38;
set c[19,24] := 24;
set c[19,4] := 4;
set c[19,40] := 40;
set c[19,100] := 100;
set c[19,43] := 43;
set c[19,69] := 69;
set c[19,52] := 52;
set c[19,27] := 27;
set c[19,79] := 79 63 87;
set c[20,91] := 91 81 93 46 20 78 98 75 90;
set c[20,61] := 61 97 7 85 47 89 48 37 23 53 73;
set c[20,22] := 22 44 60 15 29 99 54 1;
set c[20,26] := 26 6 55 5 11 68;
set c[20,39] := 39 76 49 3 86 62 25 31;
set c[20,64] := 64 83 80 56 16 95;
set c[20,57] := 57 8 35;
set c[20,45] := 45;
set c[20,71] := 71;
set c[20,2] := 2 36;
set c[20,28] := 28;
set c[20,67] := 67;
set c[20,94] := 94;
set c[20,50] := 50 66 33;
set c[20,92] := 92;
set c[20,84] := 84;
set c[20,12] := 12;
set c[20,96] := 96;
set c[20,72] := 72;
set c[20,34] := 34;
set c[20,82] := 82;
set c[20,42] := 42;
set c[20,88] := 88;
set c[20,9] := 9;
set c[20,59] := 59;
set c[20,30] := 30;
set c[20,10] := 10;
set c[20,14] := 14;
set c[20,74] := 74;
set c[20,70] := 70;
set c[20,32] := 32;
set c[20,51] := 51;
set c[20,17] := 17;
set c[20,65] := 65;
set c[20,13] := 13;
set c[20,41] := 41;
set c[20,77] := 77;
set c[20,18] := 18;
set c[20,21] := 21;
set c[20,58] := 58;
set c[20,19] := 19;
set c[20,38] := 38;
set c[20,24] := 24;
set c[20,4] := 4;
set c[20,40] := 40;
set c[20,100] := 100;
set c[20,43] := 43;
set c[20,69] := 69;
set c[20,52] := 52;
set c[20,27] := 27;
set c[20,63] := 63 79 87;
set c[21,81] := 81 91 93 46 20 78 98 75 90;
set c[21,89] := 89 61 97 7 85 47 48 37 23 53 73;
set c[21,54] := 54 22 44 60 15 29 99 1;
set c[21,26] := 26 6 55 5 11 68;
set c[21,86] := 86 39 76 49 3 62 25 31;
set c[21,95] := 95 64 83 80 56 16;
set c[21,8] := 8 57 35;
set c[21,45] := 45;
set c[21,71] := 71;
set c[21,2] := 2 36;
set c[21,28] := 28;
set c[21,67] := 67;
set c[21,94] := 94;
set c[21,33] := 33 50 66;
set c[21,92] := 92;
set c[21,84] := 84;
set c[21,12] := 12;
set c[21,96] := 96;
set c[21,72] := 72;
set c[21,34] := 34;
set c[21,82] := 82;
set c[21,42] := 42;
set c[21,88] := 88;
set c[21,9] := 9;
set c[21,59] := 59;
set c[21,30] := 30;
set c[21,10] := 10;
set c[21,14] := 14;
set c[21,74] := 74;
set c[21,70] := 70;
set c[21,32] := 32;
set c[21,51] := 51;
set c[21,17] := 17;
set c[21,65] := 65;
set c[21,13] := 13;
set c[21,41] := 41;
set c[21,77] := 77;
set c[21,18] := 18;
set c[21,21] := 21;
set c[21,58] := 58;
set c[21,19] := 19;
set c[21,38] := 38;
set c[21,24] := 24;
set c[21,4] := 4;
set c[21,40] := 40;
set c[21,100] := 100;
set c[21,43] := 43;
set c[21,69] := 69;
set c[21,52] := 52;
set c[21,27] := 27;
set c[21,87] := 87 63 79;
set c[22,46] := 46 81 91 93 20 78 98 75 90;
set c[22,23] := 23 89 61 97 7 85 47 48 37 53 73;
set c[22,44] := 44 54 22 60 15 29 99 1;
set c[22,11] := 11 26 6 55 5 68;
set c[22,86] := 86 39 76 49 3 62 25 31;
set c[22,80] := 80 95 64 83 56 16;
set c[22,57] := 57 8 35;
set c[22,45] := 45;
set c[22,71] := 71;
set c[22,2] := 2 36;
set c[22,28] := 28;
set c[22,67] := 67;
set c[22,94] := 94;
set c[22,66] := 66;
set c[22,33] := 33;
set c[22,50] := 50;
set c[22,92] := 92;
set c[22,84] := 84;
set c[22,12] := 12;
set c[22,96] := 96;
set c[22,72] := 72;
set c[22,34] := 34;
set c[22,82] := 82;
set c[22,42] := 42;
set c[22,88] := 88;
set c[22,9] := 9;
set c[22,59] := 59;
set c[22,30] := 30;
set c[22,10] := 10;
set c[22,14] := 14;
set c[22,74] := 74;
set c[22,70] := 70;
set c[22,32] := 32;
set c[22,51] := 51;
set c[22,17] := 17;
set c[22,65] := 65;
set c[22,13] := 13;
set c[22,41] := 41;
set c[22,77] := 77;
set c[22,18] := 18;
set c[22,21] := 21;
set c[22,58] := 58;
set c[22,19] := 19;
set c[22,38] := 38;
set c[22,24] := 24;
set c[22,4] := 4;
set c[22,40] := 40;
set c[22,100] := 100;
set c[22,43] := 43;
set c[22,69] := 69;
set c[22,52] := 52;
set c[22,27] := 27;
set c[22,87] := 87 63 79;
set c[23,75] := 75 46 81 91 93 20 78 98 90;
set c[23,7] := 7 23 89 61 97 85 47 48 37 53 73;
set c[23,44] := 44 54 22 60 15 29 99 1;
set c[23,68] := 68 11 26 6 55 5;
set c[23,39] := 39 86 76 49 3 62 25 31;
set c[23,56] := 56 80 95 64 83 16;
set c[23,57] := 57 8 35;
set c[23,45] := 45;
set c[23,71] := 71;
set c[23,2] := 2 36;
set c[23,28] := 28;
set c[23,67] := 67;
set c[23,94] := 94;
set c[23,66] := 66;
set c[23,33] := 33;
set c[23,50] := 50;
set c[23,92] := 92;
set c[23,84] := 84;
set c[23,12] := 12;
set c[23,96] := 96;
set c[23,72] := 72;
set c[23,34] := 34;
set c[23,82] := 82;
set c[23,42] := 42;
set c[23,88] := 88;
set c[23,9] := 9;
set c[23,59] := 59;
set c[23,30] := 30;
set c[23,10] := 10;
set c[23,14] := 14;
set c[23,74] := 74;
set c[23,70] := 70;
set c[23,32] := 32;
set c[23,51] := 51;
set c[23,17] := 17;
set c[23,65] := 65;
set c[23,13] := 13;
set c[23,41] := 41;
set c[23,77] := 77;
set c[23,18] := 18;
set c[23,21] := 21;
set c[23,58] := 58;
set c[23,19] := 19;
set c[23,38] := 38;
set c[23,24] := 24;
set c[23,4] := 4;
set c[23,40] := 40;
set c[23,100] := 100;
set c[23,43] := 43;
set c[23,69] := 69;
set c[23,52] := 52;
set c[23,27] := 27;
set c[23,79] := 79 87 63;
set c[24,75] := 75 46 81 91 93 20 78 98 90;
set c[24,7] := 7 23 89 61 97 85 47 48 37 53 73;
set c[24,15] := 15 44 54 22 60 29 99 1;
set c[24,68] := 68 11 26 6 55 5;
set c[24,39] := 39 86 76 49 3 62 25 31;
set c[24,80] := 80 56 95 64 83 16;
set c[24,57] := 57 8 35;
set c[24,45] := 45;
set c[24,71] := 71;
set c[24,2] := 2 36;
set c[24,28] := 28;
set c[24,67] := 67;
set c[24,94] := 94;
set c[24,66] := 66;
set c[24,33] := 33;
set c[24,50] := 50;
set c[24,92] := 92;
set c[24,84] := 84;
set c[24,12] := 12;
set c[24,96] := 96;
set c[24,72] := 72;
set c[24,34] := 34;
set c[24,82] := 82;
set c[24,42] := 42;
set c[24,88] := 88;
set c[24,9] := 9;
set c[24,59] := 59;
set c[24,30] := 30;
set c[24,10] := 10;
set c[24,14] := 14;
set c[24,74] := 74;
set c[24,70] := 70;
set c[24,32] := 32;
set c[24,51] := 51;
set c[24,17] := 17;
set c[24,65] := 65;
set c[24,13] := 13;
set c[24,41] := 41;
set c[24,77] := 77;
set c[24,18] := 18;
set c[24,21] := 21;
set c[24,58] := 58;
set c[24,19] := 19;
set c[24,38] := 38;
set c[24,24] := 24;
set c[24,4] := 4;
set c[24,40] := 40;
set c[24,100] := 100;
set c[24,43] := 43;
set c[24,69] := 69;
set c[24,52] := 52;
set c[24,27] := 27;
set c[24,79] := 79 87 63;
set c[25,75] := 75 46 81 91 93 20 78 98 90;
set c[25,7] := 7 23 89 61 97 85 47 48 37 53 73;
set c[25,15] := 15 44 54 22 60 29 99 1;
set c[25,5] := 5 68 11 26 6 55;
set c[25,39] := 39 86 76 49 3 62 25 31;
set c[25,80] := 80 56 95 64 83 16;
set c[25,8] := 8 57 35;
set c[25,45] := 45;
set c[25,71] := 71;
set c[25,2] := 2 36;
set c[25,28] := 28;
set c[25,67] := 67;
set c[25,94] := 94;
set c[25,66] := 66;
set c[25,33] := 33;
set c[25,50] := 50;
set c[25,92] := 92;
set c[25,84] := 84;
set c[25,12] := 12;
set c[25,96] := 96;
set c[25,72] := 72;
set c[25,34] := 34;
set c[25,82] := 82;
set c[25,42] := 42;
set c[25,88] := 88;
set c[25,9] := 9;
set c[25,59] := 59;
set c[25,30] := 30;
set c[25,10] := 10;
set c[25,14] := 14;
set c[25,74] := 74;
set c[25,70] := 70;
set c[25,32] := 32;
set c[25,51] := 51;
set c[25,17] := 17;
set c[25,65] := 65;
set c[25,13] := 13;
set c[25,41] := 41;
set c[25,77] := 77;
set c[25,18] := 18;
set c[25,21] := 21;
set c[25,58] := 58;
set c[25,19] := 19;
set c[25,38] := 38;
set c[25,24] := 24;
set c[25,4] := 4;
set c[25,40] := 40;
set c[25,100] := 100;
set c[25,43] := 43;
set c[25,69] := 69;
set c[25,52] := 52;
set c[25,27] := 27;
set c[25,79] := 79 87 63;
set c[26,78] := 78 75 46 81 91 93 20 98 90;
set c[26,7] := 7 23 89 61 97 85 47 48 37 53 73;
set c[26,15] := 15 44 54 22 60 29 99 1;
set c[26,5] := 5 68 11 26 6 55;
set c[26,39] := 39 86 76 49 3 62 25 31;
set c[26,80] := 80 56 95 64 83 16;
set c[26,8] := 8 57 35;
set c[26,45] := 45;
set c[26,71] := 71;
set c[26,2] := 2 36;
set c[26,28] := 28;
set c[26,67] := 67;
set c[26,94] := 94;
set c[26,66] := 66;
set c[26,33] := 33;
set c[26,50] := 50;
set c[26,92] := 92;
set c[26,84] := 84;
set c[26,12] := 12;
set c[26,96] := 96;
set c[26,72] := 72;
set c[26,34] := 34;
set c[26,82] := 82;
set c[26,42] := 42;
set c[26,88] := 88;
set c[26,9] := 9;
set c[26,59] := 59;
set c[26,30] := 30;
set c[26,10] := 10;
set c[26,14] := 14;
set c[26,74] := 74;
set c[26,70] := 70;
set c[26,32] := 32;
set c[26,51] := 51;
set c[26,17] := 17;
set c[26,65] := 65;
set c[26,13] := 13;
set c[26,41] := 41;
set c[26,77] := 77;
set c[26,18] := 18;
set c[26,21] := 21;
set c[26,58] := 58;
set c[26,19] := 19;
set c[26,38] := 38;
set c[26,24] := 24;
set c[26,4] := 4;
set c[26,40] := 40;
set c[26,100] := 100;
set c[26,43] := 43;
set c[26,69] := 69;
set c[26,52] := 52;
set c[26,27] := 27;
set c[26,79] := 79 87 63;
set c[27,75] := 75 78 46 81 91 93 20 98 90;
set c[27,7] := 7 23 89 61 97 85 47 48 37 53 73;
set c[27,15] := 15 44 54 22 60 29 99 1;
set c[27,55] := 55 5 68 11 26 6;
set c[27,49] := 49 39 86 76 3 62 25 31;
set c[27,80] := 80 56 95 64 83 16;
set c[27,57] := 57 8 35;
set c[27,45] := 45;
set c[27,71] := 71;
set c[27,2] := 2 36;
set c[27,28] := 28;
set c[27,67] := 67;
set c[27,94] := 94;
set c[27,66] := 66;
set c[27,33] := 33;
set c[27,50] := 50;
set c[27,92] := 92;
set c[27,84] := 84;
set c[27,12] := 12;
set c[27,96] := 96;
set c[27,72] := 72;
set c[27,34] := 34;
set c[27,82] := 82;
set c[27,42] := 42;
set c[27,88] := 88;
set c[27,9] := 9;
set c[27,59] := 59;
set c[27,30] := 30;
set c[27,10] := 10;
set c[27,14] := 14;
set c[27,74] := 74;
set c[27,70] := 70;
set c[27,32] := 32;
set c[27,51] := 51;
set c[27,17] := 17;
set c[27,65] := 65;
set c[27,13] := 13;
set c[27,41] := 41;
set c[27,77] := 77;
set c[27,18] := 18;
set c[27,21] := 21;
set c[27,58] := 58;
set c[27,19] := 19;
set c[27,38] := 38;
set c[27,24] := 24;
set c[27,4] := 4;
set c[27,40] := 40;
set c[27,100] := 100;
set c[27,43] := 43;
set c[27,69] := 69;
set c[27,52] := 52;
set c[27,27] := 27;
set c[27,79] := 79 87 63;
set c[28,75] := 75 78 46 81 91 93 20 98 90;
set c[28,23] := 23 7 89 61 97 85 47 48 37 53 73;
set c[28,44] := 44 15 54 22 60 29 99 1;
set c[28,11] := 11 55 5 68 26 6;
set c[28,86] := 86 49 39 76 3 62 25 31;
set c[28,64] := 64 80 56 95 83 16;
set c[28,57] := 57 8 35;
set c[28,45] := 45;
set c[28,71] := 71;
set c[28,2] := 2 36;
set c[28,28] := 28;
set c[28,67] := 67;
set c[28,94] := 94;
set c[28,66] := 66;
set c[28,33] := 33;
set c[28,50] := 50;
set c[28,92] := 92;
set c[28,84] := 84;
set c[28,12] := 12;
set c[28,96] := 96;
set c[28,72] := 72;
set c[28,34] := 34;
set c[28,82] := 82;
set c[28,42] := 42;
set c[28,88] := 88;
set c[28,9] := 9;
set c[28,59] := 59;
set c[28,30] := 30;
set c[28,10] := 10;
set c[28,14] := 14;
set c[28,74] := 74;
set c[28,70] := 70;
set c[28,32] := 32;
set c[28,51] := 51;
set c[28,17] := 17;
set c[28,65] := 65;
set c[28,13] := 13;
set c[28,41] := 41;
set c[28,77] := 77;
set c[28,18] := 18;
set c[28,21] := 21;
set c[28,58] := 58;
set c[28,19] := 19;
set c[28,38] := 38;
set c[28,24] := 24;
set c[28,4] := 4;
set c[28,40] := 40;
set c[28,100] := 100;
set c[28,43] := 43;
set c[28,69] := 69;
set c[28,52] := 52;
set c[28,27] := 27;
set c[28,79] := 79 87 63;
set c[29,20] := 20 75 78 46 81 91 93 98 90;
set c[29,23] := 23 7 89 61 97 85 47 48 37 53 73;
set c[29,60] := 60 44 15 54 22 29 99 1;
set c[29,11] := 11 55 5 68 26 6;
set c[29,86] := 86 49 39 76 3 62 25 31;
set c[29,56] := 56 64 80 95 83 16;
set c[29,57] := 57 8 35;
set c[29,45] := 45;
set c[29,71] := 71;
set c[29,2] := 2 36;
set c[29,28] := 28;
set c[29,67] := 67;
set c[29,94] := 94;
set c[29,66] := 66;
set c[29,33] := 33;
set c[29,50] := 50;
set c[29,92] := 92;
set c[29,84] := 84;
set c[29,12] := 12;
set c[29,96] := 96;
set c[29,72] := 72;
set c[29,34] := 34;
set c[29,82] := 82;
set c[29,42] := 42;
set c[29,88] := 88;
set c[29,9] := 9;
set c[29,59] := 59;
set c[29,30] := 30;
set c[29,10] := 10;
set c[29,14] := 14;
set c[29,74] := 74;
set c[29,70] := 70;
set c[29,32] := 32;
set c[29,51] := 51;
set c[29,17] := 17;
set c[29,65] := 65;
set c[29,13] := 13;
set c[29,41] := 41;
set c[29,77] := 77;
set c[29,18] := 18;
set c[29,21] := 21;
set c[29,58] := 58;
set c[29,19] := 19;
set c[29,38] := 38;
set c[29,24] := 24;
set c[29,4] := 4;
set c[29,40] := 40;
set c[29,100] := 100;
set c[29,43] := 43;
set c[29,69] := 69;
set c[29,52] := 52;
set c[29,27] := 27;
set c[29,63] := 63 79 87;
set c[30,78] := 78 20 75 46 81 91 93 98 90;
set c[30,23] := 23 7 89 61 97 85 47 48 37 53 73;
set c[30,29] := 29 60 44 15 54 22 99 1;
set c[30,11] := 11 55 5 68 26 6;
set c[30,62] := 62;
set c[30,76] := 76;
set c[30,49] := 49;
set c[30,39] := 39;
set c[30,31] := 31;
set c[30,3] := 3 25;
set c[30,86] := 86;
set c[30,95] := 95;
set c[30,64] := 64;
set c[30,80] := 80;
set c[30,56] := 56;
set c[30,83] := 83;
set c[30,16] := 16;
set c[30,57] := 57;
set c[30,8] := 8;
set c[30,35] := 35;
set c[30,45] := 45;
set c[30,71] := 71;
set c[30,2] := 2;
set c[30,36] := 36;
set c[30,28] := 28;
set c[30,67] := 67;
set c[30,94] := 94;
set c[30,66] := 66;
set c[30,33] := 33;
set c[30,50] := 50;
set c[30,92] := 92;
set c[30,84] := 84;
set c[30,12] := 12;
set c[30,96] := 96;
set c[30,72] := 72;
set c[30,34] := 34;
set c[30,82] := 82;
set c[30,42] := 42;
set c[30,88] := 88;
set c[30,9] := 9;
set c[30,59] := 59;
set c[30,30] := 30;
set c[30,10] := 10;
set c[30,14] := 14;
set c[30,74] := 74;
set c[30,70] := 70;
set c[30,32] := 32;
set c[30,51] := 51;
set c[30,17] := 17;
set c[30,65] := 65;
set c[30,13] := 13;
set c[30,41] := 41;
set c[30,77] := 77;
set c[30,18] := 18;
set c[30,21] := 21;
set c[30,58] := 58;
set c[30,19] := 19;
set c[30,38] := 38;
set c[30,24] := 24;
set c[30,4] := 4;
set c[30,40] := 40;
set c[30,100] := 100;
set c[30,43] := 43;
set c[30,69] := 69;
set c[30,52] := 52;
set c[30,27] := 27;
set c[30,63] := 63;
set c[30,79] := 79;
set c[30,87] := 87;

