#erel:= 0.800;
#emax:= 726.819;
#q:= 0.000;
#nesce:=    69;
#etime:= 1.478;
#snodes:=  1141;
param nS:=   100;
param nSG:=    30;
param nRVSG :=
 1 24    4 24    7  2   10  2   13  2   16  2   19  2   22  2   25  2   28  2
 2 24    5  2    8  2   11  2   14  2   17  2   20  2   23  2   26  2   29  2
 3 24    6  2    9  2   12  2   15 12   18  2   21  2   24  2   27  2   30 24
;

param ScenF :=
  1 110.455         46  24.0883        91  95.7043       136   0.4104
  2 113.689         47  25.9378        92 105.525        137   0
  3 100.416         48  16.6045        93 130.442        138   0.3699
  4  92.3155        49 124.802         94 124.71         139   0
  5  90.1309        50 129.089         95 119.132        140   0.2078
  6  84.1572        51 120.64          96 108.685        141   0.0280423
  7  84.9551        52 112.354         97   0.424631     142   0.004
  8  93.6217        53 111.073         98   0            143   0.099931
  9  87.3177        54 109.484         99   0.431108     144   0
 10  71.2827        55 112.455        100   0            145   0.182655
 11  53.7786        56 117.277        101   0.430691     146   0
 12  43.8944        57 117.046        102   0            147   0.228552
 13  42.7417        58 102.799        103   0.40269      148   0
 14  41.5098        59  88.9201       104   0            149   0.23692
 15  41.1302        60  68.0994       105   0.36903      150   0
 16  42.162         61  62.1241       106   0            151   0.222195
 17  60.3622        62  58.2997       107   0.342953     152   0
 18  79.862         63  58.2642       108   0            153   0.180463
 19  83.6257        64  59.5406       109   0.31807      154   0
 20  78.9187        65  76.5753       110   0            155   0.146131
 21  74.6697        66 100.086        111   0.287932     156   0
 22  85.1685        67  98.7866       112   0.0061       157   4.02831
 23  90.6838        68  91.3106       113   0.258386     158   3.09311
 24  76.2258        69 100.504        114   0.0822       159   2.71624
 25   0             70 106.438        115   0.215515     160   1.32673
 26   0             71 106.515        116   0.2941       161   2.00192
 27   0             72  91.3323       117  50.5526       162   3.68986
 28   0             73  94.1121       118  56.6244       163   5.41068
 29   0             74 115.716        119  52.556        164   5.62862
 30   0             75 108.187        120  55.5589       165   4.11023
 31  12.7772        76  98.5158       121  50.9095       166   4.21986
 32  51.0194        77  99.9655       122  79.0575       167   0
 33  26.8451        78 106.736        123  93.6092       168   0
 34   0             79 111.54         124 112            169   0.657406
 35  29.5491        80 121.497        125 110.907        170   0
 36  13.4738        81 139.416        126 122.228        171   0
 37   0             82 112.75         127 113.554        172   0
 38   0             83  96.1806       128 102.546        173 231.317
 39   4.58027       84  87.7514       129   0.16024      174   9.25563
 40 103.713         85  71.5353       130   0.4333       175   0
 41  62.1967        86  67.9049       131   0.0829959    176   5.19646
 42 222.587         87  67.6488       132   0.4428       177   2.78312
 43  50.8786        88  69.3536       133   0.00160372   178   4.07842
 44  73.9424        89  73.8045       134   0.4228       179   5.31419
 45  36.8349        90  87.9667       135   0            180   4.7746
;

param ScenO :=
  1  73.45        46  18.52        91  76.14       136   0.596
  2  71.85        47  17.6         92  81.85       137   0.943
  3  65.27        48  16.2         93  79.04       138   0.483
  4  46.5         49  70.45        94  57.78       139   0.93
  5  39.04        50  68.85        95  60.01       140   0.282
  6  28.2         51  59.02        96  55.01       141   0.959
  7  28.85        52  40.97        97   0.491      142   0.016
  8  40.31        53  27.37        98   0          143   0.983
  9  43.22        54  21.2         99   0.445      144   0
 10  42.36        55  22.22       100   0          145   0.98
 11  26           56  36.31       101   0.435      146   0
 12   5           57  44.73       102   0          147   0.98
 13   3.32        58  42.11       103   0.532      148   0
 14   3.32        59  24          104   0          149   0.99
 15   2.28        60   0          105   0.564      150   0
 16   2           61   0          106   0          151   0.991
 17   3.6         62   3.32       107   0.612      152   0
 18  41.9         63   3.32       108   0          153   0.99
 19  56.34        64   3.32       109   0.695      154   0
 20  62.97        65   3.6        110   0          155   0.988
 21  71.85        66  41.91       111   0.737      156   0
 22  45.51        67  58.45       112   0.019      157   0.409258
 23  41.9         68  62.97       113   0.819      158   4.74669
 24  35           69  76.85       114   0.121      159   0.836372
 25  48.56        70  57.97       115   0.913      160   5.42968
 26  54.32        71  49.9        116   0.271      161   0.320184
 27  60           72  43          117   0          162   7.6578
 28  74.76        73  78.45       118   0          163   6.24471
 29  86.44        74  70.05       119   0.28       164  11.156
 30  88.64        75  56          120   1          165   7.99167
 31  86.96        76  37.2        121  13.78       166   7.67871
 32  73.48        77  29.04       122  50.97       167  14.9246
 33 246.88        78  21.2        123  67.61       168 -17.288
 34 143.52        79  26.85       124  75.56       169  -2.6988
 35  27           80  44.34       125  76.35       170  -0.003012
 36   5           81  53.2        126  54.92       171  -0.131579
 37   5           82  55.44       127  50.28       172  -0.07
 38   5           83  51.9        128  43.54       173  -2.96667
 39   7.36        84   2.5        129   0.966      174  10.5909
 40  18.08        85   3.32       130   0.561      175   6.42457
 41  60           86   3.32       131   0.991      176   3.61966
 42  90           87   3.32       132   0.641      177   3.22032
 43  32           88   3.32       133   0.977      178   4.34476
 44  17           89  14          134   0.631      179   6.99284
 45  17.36        90  57.51       135   0.96       180   6.31171
;

param Scen0 (tr)
 :    1	    2	    3	    4	    5	    6	    7	    8	    9	   10	   11	   12	   13	   14	   15	   16	   17	   18	   19	   20	   21	   22	   23	   24	   25	   26	   27	   28	   29	   30	   31	   32	   33	   34	   35	   36	   37	   38	   39	   40	   41	   42	   43	   44	   45	   46	   47	   48	   49	   50	   51	   52	   53	   54	   55	   56	   57	   58	   59	   60	   61	   62	   63	   64	   65	   66	   67	   68	   69	   70	   71	   72	   73	   74	   75	   76	   77	   78	   79	   80	   81	   82	   83	   84	   85	   86	   87	   88	   89	   90	   91	   92	   93	   94	   95	   96	   97	   98	   99	  100	  101	  102	  103	  104	  105	  106	  107	  108	  109	  110	  111	  112	  113	  114	  115	  116	  117	  118	  119	  120	  121	  122	  123	  124	  125	  126	  127	  128	  129	  130	  131	  132	  133	  134	  135	  136	  137	  138	  139	  140	  141	  142	  143	  144	  145	  146	  147	  148	  149	  150	  151	  152	  153	  154	  155	  156	  157	  158	  159	  160	  161	  162	  163	  164	  165	  166	  167	  168	  169	  170	  171	  172	  173	  174	  175	  176	  177	  178	  179	  180	:=
    1	73.450000	71.850000	65.270000	46.500000	39.040000	28.200000	28.850000	40.310000	43.220000	42.360000	26.000000	5.000000	3.320000	3.320000	2.280000	2.000000	3.600000	41.900000	56.340000	62.970000	71.850000	45.510000	41.900000	35.000000	48.560000	54.320000	60.000000	74.760000	86.440000	88.640000	86.960000	73.480000	246.880000	143.520000	27.000000	5.000000	5.000000	5.000000	7.360000	18.080000	60.000000	90.000000	32.000000	17.000000	17.360000	18.520000	17.600000	16.200000	70.450000	68.850000	59.020000	40.970000	27.370000	21.200000	22.220000	36.310000	44.730000	42.110000	24.000000	0.000000	0.000000	3.320000	3.320000	3.320000	3.600000	41.910000	58.450000	62.970000	76.850000	57.970000	49.900000	43.000000	78.450000	114.034000	105.128000	97.841300	95.202300	95.367900	103.081000	122.836000	127.887000	110.168000	99.101600	82.758900	79.716800	76.312100	79.560000	84.907000	86.830100	90.649100	101.412000	115.365000	122.266000	128.374000	115.099000	104.573000	0.491000	0.000000	0.538809	0.000000	0.673184	0.000000	0.683232	0.000000	0.673065	0.000000	0.648656	0.000000	0.628121	0.000000	0.620657	0.006000	0.543544	0.104800	0.449330	0.293200	0.000000	38.393600	29.716700	32.535900	43.511600	62.454000	70.889700	95.733000	79.790500	107.614000	101.660000	88.668200	0.366470	0.381200	0.261298	0.308900	0.154905	0.320600	0.141564	0.238000	0.162310	0.328200	0.179687	0.204100	0.176541	0.004600	0.303708	0.000000	0.356413	0.000000	0.362432	0.000000	0.357616	0.000000	0.328669	0.000000	0.281747	0.000000	0.245604	0.000000	0.409258	3.264830	2.731120	1.113830	1.779600	3.259660	5.038580	5.719620	3.920160	2.879850	15.284600	3.036440	0.324075	113.187000	8.390210	0.000000	230.638000	9.332350	0.515301	4.975440	2.939980	4.250130	5.179840	4.704390	
    2	73.450000	71.850000	65.270000	46.500000	39.040000	28.200000	28.850000	40.310000	43.220000	42.360000	26.000000	5.000000	3.320000	3.320000	2.280000	2.000000	3.600000	41.900000	56.340000	62.970000	71.850000	45.510000	41.900000	35.000000	48.560000	54.320000	60.000000	74.760000	86.440000	88.640000	86.960000	73.480000	246.880000	143.520000	27.000000	5.000000	5.000000	5.000000	7.360000	18.080000	60.000000	90.000000	32.000000	17.000000	17.360000	18.520000	17.600000	16.200000	70.450000	68.850000	59.020000	40.970000	27.370000	21.200000	22.220000	36.310000	44.730000	42.110000	24.000000	0.000000	0.000000	3.320000	3.320000	3.320000	3.600000	41.910000	58.450000	62.970000	76.850000	57.970000	49.900000	43.000000	78.450000	114.761000	105.976000	98.768700	103.843000	99.904400	108.973000	133.891000	132.730000	110.067000	115.099000	82.923100	71.114000	68.826000	65.781700	70.415600	81.706200	82.606800	96.205500	119.992000	142.507000	147.011000	127.984000	119.052000	0.491000	0.000000	0.460154	0.000000	0.457658	0.000000	0.409615	0.000000	0.378247	0.000000	0.324955	0.000000	0.266855	0.000000	0.231292	0.006100	0.188383	0.066100	0.190916	0.264900	0.000000	64.577200	59.567500	63.543200	67.013700	98.029800	105.048000	111.683000	113.450000	110.684000	113.635000	106.897000	0.155644	0.388600	0.055618	0.394500	0.000000	0.410100	0.000000	0.390000	0.000000	0.335200	0.000000	0.224200	0.064137	0.008000	0.130690	0.000000	0.186358	0.000000	0.195220	0.000000	0.216339	0.000000	0.234775	0.000000	0.209912	0.000000	0.173485	0.000000	0.409258	3.401560	2.975050	0.931086	1.222530	2.382060	5.400580	6.004750	4.396630	5.369490	36.588100	0.000000	0.000000	266.272000	0.003580	0.000000	236.337000	7.615960	0.000000	5.271530	3.093180	4.014940	5.074050	4.876310	
    3	73.450000	71.850000	65.270000	46.500000	39.040000	28.200000	28.850000	40.310000	43.220000	42.360000	26.000000	5.000000	3.320000	3.320000	2.280000	2.000000	3.600000	41.900000	56.340000	62.970000	71.850000	45.510000	41.900000	35.000000	48.560000	54.320000	60.000000	74.760000	86.440000	88.640000	86.960000	73.480000	246.880000	143.520000	27.000000	5.000000	5.000000	5.000000	7.360000	18.080000	60.000000	90.000000	32.000000	17.000000	17.360000	18.520000	17.600000	16.200000	70.450000	68.850000	59.020000	40.970000	27.370000	21.200000	22.220000	36.310000	44.730000	42.110000	24.000000	0.000000	0.000000	3.320000	3.320000	3.320000	3.600000	41.910000	58.450000	62.970000	76.850000	57.970000	49.900000	43.000000	78.450000	114.761000	105.976000	98.768700	103.843000	99.904400	108.973000	133.891000	132.730000	110.067000	115.099000	82.923100	71.114000	68.826000	65.781700	70.415600	81.706200	82.606800	96.205500	119.992000	142.507000	147.011000	127.984000	119.052000	0.491000	0.000000	0.460154	0.000000	0.457658	0.000000	0.409615	0.000000	0.378247	0.000000	0.324955	0.000000	0.266855	0.000000	0.231292	0.006100	0.188383	0.066100	0.190916	0.264900	0.000000	64.577200	59.567500	63.543200	67.013700	98.029800	105.048000	111.683000	113.450000	110.684000	113.635000	106.897000	0.155644	0.388600	0.055618	0.394500	0.000000	0.410100	0.000000	0.390000	0.000000	0.335200	0.000000	0.224200	0.064137	0.008000	0.130690	0.000000	0.186358	0.000000	0.195220	0.000000	0.216339	0.000000	0.234775	0.000000	0.209912	0.000000	0.173485	0.000000	0.409258	2.427100	2.708550	1.006510	1.086130	3.935100	4.993180	5.835460	4.353640	3.835730	14.198200	0.000000	0.000000	174.434000	0.000000	0.000000	257.832000	9.860980	26.769500	4.976500	3.048220	4.236380	5.519710	4.942310	
    4	73.450000	71.850000	65.270000	46.500000	39.040000	28.200000	28.850000	40.310000	43.220000	42.360000	26.000000	5.000000	3.320000	3.320000	2.280000	2.000000	3.600000	41.900000	56.340000	62.970000	71.850000	45.510000	41.900000	35.000000	48.560000	54.320000	60.000000	74.760000	86.440000	88.640000	86.960000	73.480000	246.880000	143.520000	27.000000	5.000000	5.000000	5.000000	7.360000	18.080000	60.000000	90.000000	32.000000	17.000000	17.360000	18.520000	17.600000	16.200000	70.450000	68.850000	59.020000	40.970000	27.370000	21.200000	22.220000	36.310000	44.730000	42.110000	24.000000	0.000000	0.000000	3.320000	3.320000	3.320000	3.600000	41.910000	58.450000	62.970000	76.850000	57.970000	49.900000	43.000000	78.450000	121.930000	114.311000	107.869000	101.796000	103.122000	101.631000	114.798000	125.708000	112.747000	85.039300	75.594400	73.251200	66.894200	63.226200	67.722900	71.747600	72.100400	94.597100	106.400000	119.080000	122.123000	109.021000	108.801000	0.491000	0.000000	0.436341	0.000000	0.447312	0.000000	0.374420	0.000000	0.293083	0.000000	0.266429	0.000000	0.322558	0.000000	0.305270	0.005100	0.236263	0.063700	0.220153	0.208200	0.000000	34.351500	12.059500	29.132300	29.714900	54.447500	89.090400	101.285000	92.692100	92.885000	94.857900	73.903900	0.167402	0.329900	0.057574	0.599300	0.000000	0.434600	0.000000	0.410800	0.000000	0.595900	0.008089	0.241200	0.068660	0.006400	0.176401	0.000000	0.242617	0.000000	0.242505	0.000000	0.221919	0.000000	0.238253	0.000000	0.283588	0.000000	0.360318	0.000000	0.409258	2.812970	2.571950	1.393580	1.968980	4.746620	5.473110	5.456260	3.988990	5.666540	25.584200	30.701700	5.432980	50.752200	40.310000	0.000000	265.033000	18.692100	2.524320	7.241850	5.627000	4.159230	5.143600	4.459400	
    5	73.450000	71.850000	65.270000	46.500000	39.040000	28.200000	28.850000	40.310000	43.220000	42.360000	26.000000	5.000000	3.320000	3.320000	2.280000	2.000000	3.600000	41.900000	56.340000	62.970000	71.850000	45.510000	41.900000	35.000000	48.560000	54.320000	60.000000	74.760000	86.440000	88.640000	86.960000	73.480000	246.880000	143.520000	27.000000	5.000000	5.000000	5.000000	7.360000	18.080000	60.000000	90.000000	32.000000	17.000000	17.360000	18.520000	17.600000	16.200000	70.450000	68.850000	59.020000	40.970000	27.370000	21.200000	22.220000	36.310000	44.730000	42.110000	24.000000	0.000000	0.000000	3.320000	3.320000	3.320000	3.600000	41.910000	58.450000	62.970000	76.850000	57.970000	49.900000	43.000000	78.450000	108.021000	97.657000	95.805600	103.100000	102.444000	102.373000	133.954000	121.421000	121.633000	107.718000	85.779500	84.579900	65.309400	63.450000	65.909800	66.231300	75.317000	93.516800	125.132000	153.268000	132.078000	114.813000	113.621000	0.491000	0.000000	0.398937	0.000000	0.479552	0.000000	0.462315	0.000000	0.447486	0.000000	0.428710	0.000000	0.386646	0.000000	0.323617	0.006300	0.325217	0.066700	0.282713	0.272000	0.000000	38.393600	29.716700	32.535900	43.511600	62.454000	70.889700	95.733000	79.790500	107.614000	101.660000	115.399000	0.201955	0.499500	0.000000	0.541100	0.000000	0.419600	0.000000	0.453800	0.000000	0.379900	0.000000	0.179900	0.000000	0.001900	0.094769	0.000000	0.195467	0.000000	0.231795	0.000000	0.187214	0.000000	0.128723	0.000000	0.078995	0.000000	0.032826	0.000000	0.409258	3.295050	2.668790	1.186790	1.393560	3.539440	4.384520	5.672480	4.398320	4.270650	0.000000	1.685700	0.000000	136.508000	13.918900	0.000000	230.348000	6.997620	0.000000	4.981680	3.058230	4.043070	5.142540	4.586830	
    6	73.450000	71.850000	65.270000	46.500000	39.040000	28.200000	28.850000	40.310000	43.220000	42.360000	26.000000	5.000000	3.320000	3.320000	2.280000	2.000000	3.600000	41.900000	56.340000	62.970000	71.850000	45.510000	41.900000	35.000000	48.560000	54.320000	60.000000	74.760000	86.440000	88.640000	86.960000	73.480000	246.880000	143.520000	27.000000	5.000000	5.000000	5.000000	7.360000	18.080000	60.000000	90.000000	32.000000	17.000000	17.360000	18.520000	17.600000	16.200000	70.450000	68.850000	59.020000	40.970000	27.370000	21.200000	22.220000	36.310000	44.730000	42.110000	24.000000	0.000000	0.000000	3.320000	3.320000	3.320000	3.600000	41.910000	58.450000	62.970000	76.850000	57.970000	49.900000	43.000000	78.450000	109.615000	107.464000	98.921900	100.972000	101.167000	114.351000	129.564000	134.438000	112.260000	104.791000	84.128700	73.390900	67.084600	70.752600	69.618800	69.113700	73.336000	100.127000	103.657000	130.060000	142.425000	119.500000	98.015900	0.491000	0.000000	0.399974	0.000000	0.433485	0.000000	0.396009	0.000000	0.369507	0.000000	0.356584	0.000000	0.316235	0.000000	0.278874	0.004900	0.260535	0.059200	0.220982	0.226200	0.000000	61.641700	61.345700	64.594000	72.985700	93.010300	117.986000	134.233000	133.147000	130.195000	113.635000	102.885000	0.142982	0.282400	0.048250	0.322500	0.000000	0.269400	0.000000	0.304500	0.000000	0.267700	0.011748	0.180700	0.025411	0.004000	0.092618	0.000000	0.185469	0.000000	0.235891	0.000000	0.231285	0.000000	0.217577	0.000000	0.178124	0.000000	0.146273	0.000000	0.409258	2.961000	2.868750	1.327010	2.029760	3.683940	5.555790	5.627190	3.873790	4.225170	1.617760	0.016047	0.000000	113.248000	0.000000	0.000000	231.308000	9.055460	0.000000	4.830690	2.915930	4.213170	5.239390	4.769400	
    7	73.450000	71.850000	65.270000	46.500000	39.040000	28.200000	28.850000	40.310000	43.220000	42.360000	26.000000	5.000000	3.320000	3.320000	2.280000	2.000000	3.600000	41.900000	56.340000	62.970000	71.850000	45.510000	41.900000	35.000000	48.560000	54.320000	60.000000	74.760000	86.440000	88.640000	86.960000	73.480000	246.880000	143.520000	27.000000	5.000000	5.000000	5.000000	7.360000	18.080000	60.000000	90.000000	32.000000	17.000000	17.360000	18.520000	17.600000	16.200000	70.450000	68.850000	59.020000	40.970000	27.370000	21.200000	22.220000	36.310000	44.730000	42.110000	24.000000	0.000000	0.000000	3.320000	3.320000	3.320000	3.600000	41.910000	58.450000	62.970000	76.850000	57.970000	49.900000	43.000000	78.450000	108.021000	97.657000	95.805600	103.100000	102.444000	102.373000	133.954000	121.421000	121.633000	107.718000	85.779500	84.579900	65.309400	63.450000	65.909800	66.231300	75.317000	93.516800	125.132000	153.268000	132.078000	114.813000	113.621000	0.491000	0.000000	0.398937	0.000000	0.376163	0.000000	0.241052	0.000000	0.242038	0.000000	0.245101	0.000000	0.182910	0.000000	0.029386	0.007800	0.000000	0.089500	0.000000	0.228400	0.000000	57.144800	54.542300	60.867600	67.494700	80.522000	97.760400	107.911000	103.473000	115.277000	118.198000	115.958000	0.000000	0.398400	0.000000	0.454300	0.000000	0.618400	0.000000	0.373500	0.000000	0.357400	0.000000	0.138900	0.228825	0.003700	0.306650	0.000000	0.413486	0.000000	0.452899	0.000000	0.456395	0.000000	0.496131	0.000000	0.509769	0.000000	0.516701	0.000000	0.409258	2.903390	2.875330	1.993520	2.480900	3.390970	4.804800	5.547330	3.889900	5.751110	13.240400	1.685700	0.000000	136.508000	13.918900	0.000000	232.913000	7.205590	0.000000	4.880210	3.060010	4.210580	4.999860	4.335830	
    8	73.450000	71.850000	65.270000	46.500000	39.040000	28.200000	28.850000	40.310000	43.220000	42.360000	26.000000	5.000000	3.320000	3.320000	2.280000	2.000000	3.600000	41.900000	56.340000	62.970000	71.850000	45.510000	41.900000	35.000000	48.560000	54.320000	60.000000	74.760000	86.440000	88.640000	86.960000	73.480000	246.880000	143.520000	27.000000	5.000000	5.000000	5.000000	7.360000	18.080000	60.000000	90.000000	32.000000	17.000000	17.360000	18.520000	17.600000	16.200000	70.450000	68.850000	59.020000	40.970000	27.370000	21.200000	22.220000	36.310000	44.730000	42.110000	24.000000	0.000000	0.000000	3.320000	3.320000	3.320000	3.600000	41.910000	58.450000	62.970000	76.850000	57.970000	49.900000	43.000000	78.450000	114.034000	105.128000	97.841300	95.202300	95.367900	103.081000	122.836000	127.887000	110.168000	99.101600	82.758900	79.716800	76.312100	79.560000	84.907000	86.830100	90.649100	101.412000	115.365000	122.266000	128.374000	115.099000	104.573000	0.491000	0.000000	0.423111	0.000000	0.356171	0.000000	0.293346	0.000000	0.248897	0.000000	0.251778	0.000000	0.249169	0.000000	0.274172	0.007100	0.258178	0.082600	0.223729	0.301300	0.000000	48.404200	42.061200	48.708200	61.515300	69.969800	103.482000	107.911000	103.473000	115.277000	118.198000	111.951000	0.152891	0.627400	0.028242	0.484300	0.000000	0.437600	0.000000	0.456700	0.000000	0.492700	0.000000	0.426500	0.000000	0.007900	0.038296	0.000000	0.187522	0.000000	0.227033	0.000000	0.185730	0.000000	0.142782	0.000000	0.098674	0.000000	0.097895	0.000000	0.409258	3.741950	3.521550	2.361900	2.454550	2.887860	5.628380	5.596830	4.044070	3.882700	21.507400	0.000000	0.000000	295.884000	18.445100	12.998800	227.783000	9.790170	0.000000	4.855860	3.028450	3.971210	5.006530	4.235190	
    9	73.450000	71.850000	65.270000	46.500000	39.040000	28.200000	28.850000	40.310000	43.220000	42.360000	26.000000	5.000000	3.320000	3.320000	2.280000	2.000000	3.600000	41.900000	56.340000	62.970000	71.850000	45.510000	41.900000	35.000000	48.560000	54.320000	60.000000	74.760000	86.440000	88.640000	86.960000	73.480000	246.880000	143.520000	27.000000	5.000000	5.000000	5.000000	7.360000	18.080000	60.000000	90.000000	32.000000	17.000000	17.360000	18.520000	17.600000	16.200000	70.450000	68.850000	59.020000	40.970000	27.370000	21.200000	22.220000	36.310000	44.730000	42.110000	24.000000	0.000000	0.000000	3.320000	3.320000	3.320000	3.600000	41.910000	58.450000	62.970000	76.850000	57.970000	49.900000	43.000000	78.450000	121.930000	114.311000	107.869000	101.796000	103.122000	101.631000	114.798000	125.708000	112.747000	85.039300	75.594400	73.251200	66.894200	63.226200	67.722900	71.747600	72.100400	94.597100	106.400000	119.080000	122.123000	109.021000	108.801000	0.491000	0.000000	0.436341	0.000000	0.447312	0.000000	0.374420	0.000000	0.293083	0.000000	0.266429	0.000000	0.236518	0.000000	0.134201	0.004700	0.112614	0.058300	0.078188	0.285200	0.000000	17.072500	13.795900	16.521600	24.842400	49.574300	53.510900	104.436000	106.841000	108.960000	109.326000	104.193000	0.017726	0.302500	0.000000	0.245400	0.000000	0.181000	0.000000	0.461100	0.000000	0.404700	0.000000	0.248800	0.000000	0.005100	0.074790	0.000000	0.200698	0.000000	0.252390	0.000000	0.227358	0.000000	0.185185	0.000000	0.119625	0.000000	0.082758	0.000000	0.409258	2.252480	1.711740	0.861842	1.684750	3.606720	3.938330	5.705630	3.889350	3.763970	6.608950	0.000000	14.364000	121.049000	9.272690	0.000000	232.928000	8.193090	0.000000	4.901010	2.764470	4.142350	5.263490	5.028120	
   10	73.450000	71.850000	65.270000	46.500000	39.040000	28.200000	28.850000	40.310000	43.220000	42.360000	26.000000	5.000000	3.320000	3.320000	2.280000	2.000000	3.600000	41.900000	56.340000	62.970000	71.850000	45.510000	41.900000	35.000000	48.560000	54.320000	60.000000	74.760000	86.440000	88.640000	86.960000	73.480000	246.880000	143.520000	27.000000	5.000000	5.000000	5.000000	7.360000	18.080000	60.000000	90.000000	32.000000	17.000000	17.360000	18.520000	17.600000	16.200000	70.450000	68.850000	59.020000	40.970000	27.370000	21.200000	22.220000	36.310000	44.730000	42.110000	24.000000	0.000000	0.000000	3.320000	3.320000	3.320000	3.600000	41.910000	58.450000	62.970000	76.850000	57.970000	49.900000	43.000000	78.450000	114.761000	105.976000	98.768700	103.843000	99.904400	108.973000	133.891000	132.730000	110.067000	115.099000	82.923100	71.114000	68.826000	65.781700	70.415600	81.706200	82.606800	96.205500	119.992000	142.507000	147.011000	127.984000	119.052000	0.491000	0.000000	0.460154	0.000000	0.457658	0.000000	0.409615	0.000000	0.378247	0.000000	0.324955	0.000000	0.266855	0.000000	0.231292	0.006100	0.188383	0.066100	0.190916	0.264900	0.000000	64.577200	59.567500	63.543200	67.013700	98.029800	105.048000	111.683000	113.450000	110.684000	113.635000	106.897000	0.155644	0.388600	0.055618	0.394500	0.000000	0.410100	0.000000	0.390000	0.000000	0.335200	0.000000	0.224200	0.064137	0.008000	0.130690	0.000000	0.186358	0.000000	0.195220	0.000000	0.216339	0.000000	0.234775	0.000000	0.209912	0.000000	0.173485	0.000000	0.409258	3.022600	2.586260	1.338150	1.955290	3.674080	5.057470	5.725600	4.218450	3.139830	12.794100	1.492080	0.000000	99.511600	7.286330	0.000000	237.410000	9.241490	16.066200	4.773960	3.053000	4.218320	5.309260	4.858990	
   11	73.450000	71.850000	65.270000	46.500000	39.040000	28.200000	28.850000	40.310000	43.220000	42.360000	26.000000	5.000000	3.320000	3.320000	2.280000	2.000000	3.600000	41.900000	56.340000	62.970000	71.850000	45.510000	41.900000	35.000000	48.560000	54.320000	60.000000	74.760000	86.440000	88.640000	86.960000	73.480000	246.880000	143.520000	27.000000	5.000000	5.000000	5.000000	7.360000	18.080000	60.000000	90.000000	32.000000	17.000000	17.360000	18.520000	17.600000	16.200000	70.450000	68.850000	59.020000	40.970000	27.370000	21.200000	22.220000	36.310000	44.730000	42.110000	24.000000	0.000000	0.000000	3.320000	3.320000	3.320000	3.600000	41.910000	58.450000	62.970000	76.850000	57.970000	49.900000	43.000000	78.450000	114.761000	105.976000	98.768700	103.843000	99.904400	108.973000	133.891000	132.730000	110.067000	115.099000	82.923100	71.114000	68.826000	65.781700	70.415600	81.706200	82.606800	96.205500	119.992000	142.507000	147.011000	127.984000	119.052000	0.491000	0.000000	0.460154	0.000000	0.457658	0.000000	0.409615	0.000000	0.378247	0.000000	0.324955	0.000000	0.266855	0.000000	0.231292	0.006100	0.188383	0.066100	0.190916	0.264900	0.000000	64.577200	59.567500	63.543200	67.013700	98.029800	105.048000	111.683000	113.450000	110.684000	113.635000	106.897000	0.155644	0.388600	0.055618	0.394500	0.000000	0.410100	0.000000	0.390000	0.000000	0.335200	0.000000	0.224200	0.064137	0.008000	0.130690	0.000000	0.186358	0.000000	0.195220	0.000000	0.216339	0.000000	0.234775	0.000000	0.209912	0.000000	0.173485	0.000000	0.409258	3.075430	2.750640	1.157070	1.767940	3.199940	5.059330	5.609620	4.428930	4.572680	1.884740	24.355300	24.658400	0.000000	5.356620	0.000000	222.733000	13.447500	0.000000	6.034340	5.043020	4.774210	4.672500	4.250470	
   12	73.450000	71.850000	65.270000	46.500000	39.040000	28.200000	28.850000	40.310000	43.220000	42.360000	26.000000	5.000000	3.320000	3.320000	2.280000	2.000000	3.600000	41.900000	56.340000	62.970000	71.850000	45.510000	41.900000	35.000000	48.560000	54.320000	60.000000	74.760000	86.440000	88.640000	86.960000	73.480000	246.880000	143.520000	27.000000	5.000000	5.000000	5.000000	7.360000	18.080000	60.000000	90.000000	32.000000	17.000000	17.360000	18.520000	17.600000	16.200000	70.450000	68.850000	59.020000	40.970000	27.370000	21.200000	22.220000	36.310000	44.730000	42.110000	24.000000	0.000000	0.000000	3.320000	3.320000	3.320000	3.600000	41.910000	58.450000	62.970000	76.850000	57.970000	49.900000	43.000000	78.450000	118.507000	115.282000	104.845000	110.529000	108.496000	110.739000	129.563000	134.459000	109.135000	99.807400	84.342000	71.114000	68.826000	65.781700	70.415600	65.568100	76.094100	95.617700	114.017000	130.155000	122.482000	119.477000	105.624000	0.491000	0.000000	0.421768	0.000000	0.393654	0.000000	0.344822	0.000000	0.313649	0.000000	0.293203	0.000000	0.252666	0.000000	0.195767	0.009200	0.133746	0.065800	0.092670	0.389000	0.000000	53.099500	56.614100	49.271400	45.794900	89.704200	109.329000	144.894000	126.074000	133.568000	124.475000	121.581000	0.053731	0.381300	0.000000	0.555900	0.000000	0.456000	0.000000	0.355100	0.000000	0.323500	0.000000	0.171000	0.032096	0.003300	0.107376	0.000000	0.183409	0.000000	0.232444	0.000000	0.169409	0.000000	0.173613	0.000000	0.131993	0.000000	0.126182	0.000000	0.409258	2.551830	2.676220	1.311810	1.728830	3.702670	5.129530	5.650550	4.201850	4.254400	17.063100	0.000000	0.000000	167.040000	12.396700	0.217384	230.493000	9.193270	0.372303	5.284280	3.136570	4.157380	5.219120	4.684550	
   13	73.450000	71.850000	65.270000	46.500000	39.040000	28.200000	28.850000	40.310000	43.220000	42.360000	26.000000	5.000000	3.320000	3.320000	2.280000	2.000000	3.600000	41.900000	56.340000	62.970000	71.850000	45.510000	41.900000	35.000000	48.560000	54.320000	60.000000	74.760000	86.440000	88.640000	86.960000	73.480000	246.880000	143.520000	27.000000	5.000000	5.000000	5.000000	7.360000	18.080000	60.000000	90.000000	32.000000	17.000000	17.360000	18.520000	17.600000	16.200000	70.450000	68.850000	59.020000	40.970000	27.370000	21.200000	22.220000	36.310000	44.730000	42.110000	24.000000	0.000000	0.000000	3.320000	3.320000	3.320000	3.600000	41.910000	58.450000	62.970000	76.850000	57.970000	49.900000	43.000000	78.450000	114.034000	105.128000	97.841300	95.202300	95.367900	103.081000	122.836000	127.887000	110.168000	99.101600	82.758900	79.716800	76.312100	79.560000	84.907000	86.830100	90.649100	101.412000	115.365000	122.266000	128.374000	115.099000	104.573000	0.491000	0.000000	0.538809	0.000000	0.579316	0.000000	0.589935	0.000000	0.560147	0.000000	0.543871	0.000000	0.524302	0.000000	0.480029	0.004400	0.477961	0.075900	0.474888	0.306100	0.000000	70.241700	70.784600	44.682500	45.374200	75.017100	78.050700	76.760000	78.656600	88.141900	96.273800	84.670300	0.443261	0.773400	0.364271	0.906900	0.273897	0.640300	0.270588	0.415200	0.259297	0.608500	0.228307	0.260800	0.228825	0.005700	0.306650	0.000000	0.413486	0.000000	0.452899	0.000000	0.456395	0.000000	0.496131	0.000000	0.260540	0.000000	0.216794	0.000000	0.409258	2.159420	1.841830	0.551263	0.787240	3.427670	4.291770	4.951890	3.791860	4.375450	10.124200	9.433760	52.578400	117.274000	107.388000	43.529300	232.913000	7.205590	0.000000	4.880210	3.060010	4.210580	5.192180	4.803870	
   14	73.450000	71.850000	65.270000	46.500000	39.040000	28.200000	28.850000	40.310000	43.220000	42.360000	26.000000	5.000000	3.320000	3.320000	2.280000	2.000000	3.600000	41.900000	56.340000	62.970000	71.850000	45.510000	41.900000	35.000000	48.560000	54.320000	60.000000	74.760000	86.440000	88.640000	86.960000	73.480000	246.880000	143.520000	27.000000	5.000000	5.000000	5.000000	7.360000	18.080000	60.000000	90.000000	32.000000	17.000000	17.360000	18.520000	17.600000	16.200000	70.450000	68.850000	59.020000	40.970000	27.370000	21.200000	22.220000	36.310000	44.730000	42.110000	24.000000	0.000000	0.000000	3.320000	3.320000	3.320000	3.600000	41.910000	58.450000	62.970000	76.850000	57.970000	49.900000	43.000000	78.450000	121.930000	114.311000	107.869000	101.796000	103.122000	101.631000	114.798000	125.708000	112.747000	85.039300	75.594400	73.251200	66.894200	63.226200	67.722900	71.747600	72.100400	94.597100	106.400000	119.080000	122.123000	109.021000	108.801000	0.491000	0.000000	0.436341	0.000000	0.447312	0.000000	0.395994	0.000000	0.379156	0.000000	0.363464	0.000000	0.320105	0.000000	0.277071	0.005800	0.221098	0.053900	0.109745	0.169200	0.000000	38.372700	46.900300	50.833600	56.809000	68.179500	78.402700	139.390000	154.086000	156.244000	156.363000	138.665000	0.000000	0.318200	0.000000	0.275800	0.000000	0.339800	0.046010	0.309000	0.047232	0.216600	0.112476	0.122600	0.203853	0.001700	0.311258	0.000000	0.367574	0.000000	0.372085	0.000000	0.340233	0.000000	0.318989	0.000000	0.237258	0.000000	0.220598	0.000000	0.409258	3.221510	3.161450	1.159650	1.848950	6.202660	5.117700	5.486700	3.717010	1.809820	17.299000	0.000000	0.000000	12.484500	12.044700	18.544100	209.074000	5.894710	0.000000	5.176250	3.214650	4.183090	5.179570	6.136510	
   15	73.450000	71.850000	65.270000	46.500000	39.040000	28.200000	28.850000	40.310000	43.220000	42.360000	26.000000	5.000000	3.320000	3.320000	2.280000	2.000000	3.600000	41.900000	56.340000	62.970000	71.850000	45.510000	41.900000	35.000000	48.560000	54.320000	60.000000	74.760000	86.440000	88.640000	86.960000	73.480000	246.880000	143.520000	27.000000	5.000000	5.000000	5.000000	7.360000	18.080000	60.000000	90.000000	32.000000	17.000000	17.360000	18.520000	17.600000	16.200000	70.450000	68.850000	59.020000	40.970000	27.370000	21.200000	22.220000	36.310000	44.730000	42.110000	24.000000	0.000000	0.000000	3.320000	3.320000	3.320000	3.600000	41.910000	58.450000	62.970000	76.850000	57.970000	49.900000	43.000000	78.450000	114.090000	108.357000	105.711000	105.687000	95.895800	110.036000	124.419000	128.880000	114.284000	115.642000	92.039400	77.425900	54.481400	57.795700	61.340000	69.628200	72.753900	92.374700	123.109000	139.322000	136.560000	113.305000	104.752000	0.491000	0.000000	0.428696	0.000000	0.418140	0.000000	0.402083	0.000000	0.378421	0.000000	0.368449	0.000000	0.327407	0.000000	0.283373	0.003200	0.256208	0.031100	0.415700	0.251100	0.000000	27.805400	27.467100	29.382200	27.998500	48.763500	84.315100	98.681500	90.305900	111.946000	107.385000	100.939000	0.042013	0.500700	0.235702	0.379400	0.000000	0.353300	0.048769	0.423700	0.000000	0.389200	0.022367	0.190600	0.056448	0.003900	0.141811	0.000000	0.238627	0.000000	0.179516	0.000000	0.214709	0.000000	0.219364	0.000000	0.210286	0.000000	0.226032	0.000000	0.409258	3.664350	3.025710	2.724050	4.459370	3.782600	5.326150	5.598710	4.070390	4.270670	4.762560	1.898670	5.104310	95.181800	10.246800	0.560957	229.848000	8.956610	0.000000	5.270800	3.042340	4.108520	5.256090	4.873260	
   16	73.450000	71.850000	65.270000	46.500000	39.040000	28.200000	28.850000	40.310000	43.220000	42.360000	26.000000	5.000000	3.320000	3.320000	2.280000	2.000000	3.600000	41.900000	56.340000	62.970000	71.850000	45.510000	41.900000	35.000000	48.560000	54.320000	60.000000	74.760000	86.440000	88.640000	86.960000	73.480000	246.880000	143.520000	27.000000	5.000000	5.000000	5.000000	7.360000	18.080000	60.000000	90.000000	32.000000	17.000000	17.360000	18.520000	17.600000	16.200000	70.450000	68.850000	59.020000	40.970000	27.370000	21.200000	22.220000	36.310000	44.730000	42.110000	24.000000	0.000000	0.000000	3.320000	3.320000	3.320000	3.600000	41.910000	58.450000	62.970000	76.850000	57.970000	49.900000	43.000000	78.450000	114.034000	105.128000	97.841300	95.202300	95.367900	103.081000	122.836000	127.887000	110.168000	99.101600	82.758900	79.716800	76.312100	79.560000	84.907000	86.830100	90.649100	101.412000	115.365000	122.266000	128.374000	115.099000	104.573000	0.491000	0.000000	0.504550	0.000000	0.535573	0.000000	0.556537	0.000000	0.527655	0.000000	0.499691	0.000000	0.486913	0.000000	0.444703	0.007100	0.390929	0.113300	0.314643	0.324800	0.000000	57.144800	54.542300	60.867600	67.494700	80.522000	97.760400	107.911000	103.473000	115.277000	118.198000	111.951000	0.189492	0.509500	0.058203	0.415600	0.000000	0.425400	0.000000	0.671800	0.006232	0.658200	0.044226	0.362700	0.098166	0.003500	0.188412	0.000000	0.297927	0.000000	0.285434	0.000000	0.305805	0.000000	0.301019	0.000000	0.261068	0.000000	0.226032	0.000000	0.409258	3.114360	2.693640	1.251530	1.818890	3.631490	5.144580	5.629540	4.234440	4.205580	4.721550	0.000000	0.000000	137.025000	16.003800	0.275373	230.879000	9.315500	0.311357	5.043570	3.033300	4.179050	5.236080	4.804760	
   17	73.450000	71.850000	65.270000	46.500000	39.040000	28.200000	28.850000	40.310000	43.220000	42.360000	26.000000	5.000000	3.320000	3.320000	2.280000	2.000000	3.600000	41.900000	56.340000	62.970000	71.850000	45.510000	41.900000	35.000000	48.560000	54.320000	60.000000	74.760000	86.440000	88.640000	86.960000	73.480000	246.880000	143.520000	27.000000	5.000000	5.000000	5.000000	7.360000	18.080000	60.000000	90.000000	32.000000	17.000000	17.360000	18.520000	17.600000	16.200000	70.450000	68.850000	59.020000	40.970000	27.370000	21.200000	22.220000	36.310000	44.730000	42.110000	24.000000	0.000000	0.000000	3.320000	3.320000	3.320000	3.600000	41.910000	58.450000	62.970000	76.850000	57.970000	49.900000	43.000000	78.450000	114.034000	105.128000	97.841300	95.202300	95.367900	103.081000	122.836000	127.887000	110.168000	99.101600	82.758900	79.716800	76.312100	79.560000	84.907000	86.830100	90.649100	101.412000	115.365000	122.266000	128.374000	115.099000	104.573000	0.491000	0.000000	0.432352	0.000000	0.422491	0.000000	0.374420	0.000000	0.334066	0.000000	0.321194	0.000000	0.317312	0.000000	0.060502	0.006400	0.064542	0.158300	0.058604	0.473700	0.000000	50.420700	48.255200	49.290200	59.621800	79.240900	125.227000	114.602000	91.423800	101.418000	88.178700	70.393700	0.006854	0.705500	0.000000	0.591900	0.000000	0.597000	0.000000	0.690600	0.000000	0.247500	0.000000	0.210500	0.000000	0.004100	0.000000	0.000000	0.000000	0.000000	0.000000	0.000000	0.000000	0.000000	0.000000	0.000000	0.000000	0.000000	0.000000	0.000000	0.409258	2.216860	1.586460	1.642390	2.176570	0.000000	3.073420	5.781850	4.398400	5.098280	0.000000	4.268070	0.000000	14.166400	0.000000	37.293600	216.291000	7.801550	0.000000	5.349060	3.094010	4.192700	5.309820	4.905720	
   18	73.450000	71.850000	65.270000	46.500000	39.040000	28.200000	28.850000	40.310000	43.220000	42.360000	26.000000	5.000000	3.320000	3.320000	2.280000	2.000000	3.600000	41.900000	56.340000	62.970000	71.850000	45.510000	41.900000	35.000000	48.560000	54.320000	60.000000	74.760000	86.440000	88.640000	86.960000	73.480000	246.880000	143.520000	27.000000	5.000000	5.000000	5.000000	7.360000	18.080000	60.000000	90.000000	32.000000	17.000000	17.360000	18.520000	17.600000	16.200000	70.450000	68.850000	59.020000	40.970000	27.370000	21.200000	22.220000	36.310000	44.730000	42.110000	24.000000	0.000000	0.000000	3.320000	3.320000	3.320000	3.600000	41.910000	58.450000	62.970000	76.850000	57.970000	49.900000	43.000000	78.450000	114.761000	105.976000	98.768700	103.843000	99.904400	108.973000	133.891000	132.730000	110.067000	115.099000	82.923100	71.114000	68.826000	65.781700	70.415600	81.706200	82.606800	96.205500	119.992000	142.507000	147.011000	127.984000	119.052000	0.491000	0.000000	0.460154	0.000000	0.457658	0.000000	0.409615	0.000000	0.378247	0.000000	0.324955	0.000000	0.266855	0.000000	0.231292	0.006100	0.188383	0.066100	0.190916	0.264900	0.000000	64.577200	59.567500	63.543200	67.013700	98.029800	105.048000	111.683000	113.450000	110.684000	113.635000	106.897000	0.155644	0.388600	0.055618	0.394500	0.000000	0.410100	0.000000	0.390000	0.000000	0.335200	0.000000	0.224200	0.064137	0.008000	0.130690	0.000000	0.186358	0.000000	0.195220	0.000000	0.216339	0.000000	0.234775	0.000000	0.209912	0.000000	0.173485	0.000000	0.409258	3.401560	2.975050	0.931086	1.222530	2.382060	5.400580	6.004750	4.396630	5.369490	36.588100	0.000000	0.000000	266.272000	0.003580	0.000000	236.337000	7.615960	0.000000	5.271530	3.093180	4.014940	5.074050	4.876310	
   19	73.450000	71.850000	65.270000	46.500000	39.040000	28.200000	28.850000	40.310000	43.220000	42.360000	26.000000	5.000000	3.320000	3.320000	2.280000	2.000000	3.600000	41.900000	56.340000	62.970000	71.850000	45.510000	41.900000	35.000000	48.560000	54.320000	60.000000	74.760000	86.440000	88.640000	86.960000	73.480000	246.880000	143.520000	27.000000	5.000000	5.000000	5.000000	7.360000	18.080000	60.000000	90.000000	32.000000	17.000000	17.360000	18.520000	17.600000	16.200000	70.450000	68.850000	59.020000	40.970000	27.370000	21.200000	22.220000	36.310000	44.730000	42.110000	24.000000	0.000000	0.000000	3.320000	3.320000	3.320000	3.600000	41.910000	58.450000	62.970000	76.850000	57.970000	49.900000	43.000000	78.450000	114.034000	105.128000	97.841300	95.202300	95.367900	103.081000	122.836000	127.887000	110.168000	99.101600	82.758900	79.716800	76.312100	79.560000	84.907000	86.830100	90.649100	101.412000	115.365000	122.266000	128.374000	115.099000	104.573000	0.491000	0.000000	0.538809	0.000000	0.551619	0.000000	0.513163	0.000000	0.496584	0.000000	0.460183	0.000000	0.374531	0.000000	0.379515	0.006500	0.470598	0.148500	0.489276	0.392800	0.000000	62.872600	66.343200	72.925000	77.689900	93.588800	105.878000	132.069000	135.139000	133.685000	120.040000	90.211000	0.446375	0.465900	0.352785	0.420400	0.247027	0.469500	0.199088	0.325500	0.000000	0.292100	0.000000	0.188300	0.000000	0.004300	0.000000	0.000000	0.038462	0.000000	0.074831	0.000000	0.075127	0.000000	0.044298	0.000000	0.000000	0.000000	0.000000	0.000000	0.409258	2.584830	2.234800	1.598070	2.317940	2.735410	4.456570	5.526240	4.024480	4.479520	19.833800	5.494890	8.442410	134.501000	5.790210	0.000000	235.451000	8.657280	12.692200	4.796870	3.102210	4.122720	5.261900	4.907740	
   20	73.450000	71.850000	65.270000	46.500000	39.040000	28.200000	28.850000	40.310000	43.220000	42.360000	26.000000	5.000000	3.320000	3.320000	2.280000	2.000000	3.600000	41.900000	56.340000	62.970000	71.850000	45.510000	41.900000	35.000000	48.560000	54.320000	60.000000	74.760000	86.440000	88.640000	86.960000	73.480000	246.880000	143.520000	27.000000	5.000000	5.000000	5.000000	7.360000	18.080000	60.000000	90.000000	32.000000	17.000000	17.360000	18.520000	17.600000	16.200000	70.450000	68.850000	59.020000	40.970000	27.370000	21.200000	22.220000	36.310000	44.730000	42.110000	24.000000	0.000000	0.000000	3.320000	3.320000	3.320000	3.600000	41.910000	58.450000	62.970000	76.850000	57.970000	49.900000	43.000000	78.450000	114.034000	105.128000	97.841300	95.202300	95.367900	103.081000	122.836000	127.887000	110.168000	99.101600	82.758900	79.716800	76.312100	79.560000	84.907000	86.830100	90.649100	101.412000	115.365000	122.266000	128.374000	115.099000	104.573000	0.491000	0.000000	0.459544	0.000000	0.625574	0.000000	0.552515	0.000000	0.415799	0.000000	0.283444	0.000000	0.260098	0.000000	0.248708	0.006400	0.225475	0.152600	0.202295	0.223400	0.000000	56.215700	51.738800	45.524300	48.620300	66.970300	103.024000	96.307800	98.445700	108.916000	111.164000	90.591700	0.161660	0.391100	0.102560	0.363100	0.091285	0.389700	0.175509	0.370100	0.237180	0.445900	0.198935	0.245700	0.250382	0.004900	0.401487	0.000000	0.532463	0.000000	0.596036	0.000000	0.623490	0.000000	0.641880	0.000000	0.607522	0.000000	0.588950	0.000000	0.409258	3.168120	2.437720	1.283110	2.954260	3.137280	5.612850	5.543990	3.333030	4.418130	0.000000	0.000000	0.374394	192.511000	29.126800	6.471230	233.472000	9.950270	19.464000	5.210130	3.435120	4.185620	5.306750	4.726190	
   21	73.450000	71.850000	65.270000	46.500000	39.040000	28.200000	28.850000	40.310000	43.220000	42.360000	26.000000	5.000000	3.320000	3.320000	2.280000	2.000000	3.600000	41.900000	56.340000	62.970000	71.850000	45.510000	41.900000	35.000000	48.560000	54.320000	60.000000	74.760000	86.440000	88.640000	86.960000	73.480000	246.880000	143.520000	27.000000	5.000000	5.000000	5.000000	7.360000	18.080000	60.000000	90.000000	32.000000	17.000000	17.360000	18.520000	17.600000	16.200000	70.450000	68.850000	59.020000	40.970000	27.370000	21.200000	22.220000	36.310000	44.730000	42.110000	24.000000	0.000000	0.000000	3.320000	3.320000	3.320000	3.600000	41.910000	58.450000	62.970000	76.850000	57.970000	49.900000	43.000000	78.450000	114.761000	105.976000	98.768700	103.843000	99.904400	108.973000	133.891000	132.730000	110.067000	115.099000	82.923100	71.114000	68.826000	65.781700	70.415600	81.706200	82.606800	96.205500	119.992000	142.507000	147.011000	127.984000	119.052000	0.491000	0.000000	0.460154	0.000000	0.457658	0.000000	0.409615	0.000000	0.378247	0.000000	0.324955	0.000000	0.266855	0.000000	0.231292	0.006100	0.188383	0.066100	0.190916	0.264900	0.000000	64.577200	59.567500	63.543200	67.013700	98.029800	105.048000	111.683000	113.450000	110.684000	113.635000	106.897000	0.155644	0.388600	0.055618	0.394500	0.000000	0.410100	0.000000	0.390000	0.000000	0.335200	0.000000	0.224200	0.064137	0.008000	0.130690	0.000000	0.186358	0.000000	0.195220	0.000000	0.216339	0.000000	0.234775	0.000000	0.209912	0.000000	0.173485	0.000000	0.409258	3.401560	2.975050	0.931086	1.222530	2.382060	5.400580	6.004750	4.396630	5.369490	36.588100	0.000000	0.000000	266.272000	0.003580	0.000000	236.337000	7.615960	0.000000	5.271530	3.093180	4.014940	5.074050	4.876310	
   22	73.450000	71.850000	65.270000	46.500000	39.040000	28.200000	28.850000	40.310000	43.220000	42.360000	26.000000	5.000000	3.320000	3.320000	2.280000	2.000000	3.600000	41.900000	56.340000	62.970000	71.850000	45.510000	41.900000	35.000000	48.560000	54.320000	60.000000	74.760000	86.440000	88.640000	86.960000	73.480000	246.880000	143.520000	27.000000	5.000000	5.000000	5.000000	7.360000	18.080000	60.000000	90.000000	32.000000	17.000000	17.360000	18.520000	17.600000	16.200000	70.450000	68.850000	59.020000	40.970000	27.370000	21.200000	22.220000	36.310000	44.730000	42.110000	24.000000	0.000000	0.000000	3.320000	3.320000	3.320000	3.600000	41.910000	58.450000	62.970000	76.850000	57.970000	49.900000	43.000000	78.450000	121.930000	114.311000	107.869000	101.796000	103.122000	101.631000	114.798000	125.708000	112.747000	85.039300	75.594400	73.251200	66.894200	63.226200	67.722900	71.747600	72.100400	94.597100	106.400000	119.080000	122.123000	109.021000	108.801000	0.491000	0.000000	0.436341	0.000000	0.447312	0.000000	0.374420	0.000000	0.293083	0.000000	0.266429	0.000000	0.246116	0.000000	0.191035	0.006200	0.404589	0.081500	0.352882	0.419700	0.000000	32.220000	28.549600	29.434400	30.162900	39.325000	51.913200	60.568400	77.981200	91.353800	99.864800	107.451000	0.273361	0.805500	0.164290	0.438000	0.061734	0.392900	0.055840	0.271500	0.065648	0.299700	0.091921	0.174300	0.141966	0.003000	0.225603	0.000000	0.311629	0.000000	0.342486	0.000000	0.330104	0.000000	0.309555	0.000000	0.269933	0.000000	0.208937	0.000000	0.409258	3.282100	2.448850	1.229060	1.701000	4.236420	5.570470	5.572030	4.031500	2.563380	0.000000	15.259500	52.559000	50.505700	0.000000	10.750400	243.107000	12.777400	0.000000	5.653420	3.082800	4.245800	5.235720	4.667000	
   23	73.450000	71.850000	65.270000	46.500000	39.040000	28.200000	28.850000	40.310000	43.220000	42.360000	26.000000	5.000000	3.320000	3.320000	2.280000	2.000000	3.600000	41.900000	56.340000	62.970000	71.850000	45.510000	41.900000	35.000000	48.560000	54.320000	60.000000	74.760000	86.440000	88.640000	86.960000	73.480000	246.880000	143.520000	27.000000	5.000000	5.000000	5.000000	7.360000	18.080000	60.000000	90.000000	32.000000	17.000000	17.360000	18.520000	17.600000	16.200000	70.450000	68.850000	59.020000	40.970000	27.370000	21.200000	22.220000	36.310000	44.730000	42.110000	24.000000	0.000000	0.000000	3.320000	3.320000	3.320000	3.600000	41.910000	58.450000	62.970000	76.850000	57.970000	49.900000	43.000000	78.450000	114.038000	108.360000	106.191000	108.824000	112.351000	120.775000	140.492000	142.970000	118.577000	102.229000	79.595800	78.692900	66.539100	67.221200	69.611400	71.801600	83.575600	94.543300	109.830000	129.545000	152.296000	118.806000	113.783000	0.491000	0.000000	0.438969	0.000000	0.433590	0.000000	0.405915	0.000000	0.375852	0.000000	0.345174	0.000000	0.302865	0.000000	0.272285	0.005000	0.257998	0.088400	0.233667	0.248900	0.000000	32.220000	28.549600	29.434400	11.953100	41.164900	69.378400	99.775900	109.738000	106.780000	112.802000	104.310000	0.192385	0.390400	0.094558	0.455800	0.013307	0.548000	0.036562	0.505000	0.067557	0.518600	0.000000	0.316500	0.025459	0.004000	0.133495	0.000000	0.199372	0.000000	0.235812	0.000000	0.234400	0.000000	0.232295	0.000000	0.131993	0.000000	0.105069	0.000000	0.409258	2.650900	2.131200	1.134490	1.633090	2.944130	4.805110	5.579590	4.189560	4.037350	6.229070	11.664600	8.424930	68.059800	15.945900	0.000000	232.608000	9.384280	3.557810	5.571760	3.092600	3.984030	5.269360	4.696930	
   24	73.450000	71.850000	65.270000	46.500000	39.040000	28.200000	28.850000	40.310000	43.220000	42.360000	26.000000	5.000000	3.320000	3.320000	2.280000	2.000000	3.600000	41.900000	56.340000	62.970000	71.850000	45.510000	41.900000	35.000000	48.560000	54.320000	60.000000	74.760000	86.440000	88.640000	86.960000	73.480000	246.880000	143.520000	27.000000	5.000000	5.000000	5.000000	7.360000	18.080000	60.000000	90.000000	32.000000	17.000000	17.360000	18.520000	17.600000	16.200000	70.450000	68.850000	59.020000	40.970000	27.370000	21.200000	22.220000	36.310000	44.730000	42.110000	24.000000	0.000000	0.000000	3.320000	3.320000	3.320000	3.600000	41.910000	58.450000	62.970000	76.850000	57.970000	49.900000	43.000000	78.450000	118.507000	115.282000	104.845000	110.529000	108.496000	110.739000	129.563000	134.459000	109.135000	99.807400	84.342000	71.114000	68.826000	65.781700	70.415600	65.568100	76.094100	95.617700	114.017000	130.155000	122.482000	119.477000	105.624000	0.491000	0.000000	0.421768	0.000000	0.393654	0.000000	0.344822	0.000000	0.313649	0.000000	0.293203	0.000000	0.252666	0.000000	0.195767	0.009200	0.133746	0.065800	0.092670	0.389000	0.000000	53.099500	56.614100	49.271400	45.794900	89.704200	109.329000	144.894000	126.074000	133.568000	124.475000	121.581000	0.053731	0.381300	0.000000	0.555900	0.000000	0.456000	0.000000	0.355100	0.000000	0.323500	0.000000	0.171000	0.032096	0.003300	0.107376	0.000000	0.183409	0.000000	0.232444	0.000000	0.169409	0.000000	0.173613	0.000000	0.131993	0.000000	0.126182	0.000000	0.409258	2.551830	2.676220	1.311810	1.728830	3.702670	5.129530	5.650550	4.201850	4.254400	17.063100	0.000000	0.000000	167.040000	12.396700	0.217384	230.493000	9.193270	0.372303	5.284280	3.136570	4.157380	5.219120	4.684550	
   25	73.450000	71.850000	65.270000	46.500000	39.040000	28.200000	28.850000	40.310000	43.220000	42.360000	26.000000	5.000000	3.320000	3.320000	2.280000	2.000000	3.600000	41.900000	56.340000	62.970000	71.850000	45.510000	41.900000	35.000000	48.560000	54.320000	60.000000	74.760000	86.440000	88.640000	86.960000	73.480000	246.880000	143.520000	27.000000	5.000000	5.000000	5.000000	7.360000	18.080000	60.000000	90.000000	32.000000	17.000000	17.360000	18.520000	17.600000	16.200000	70.450000	68.850000	59.020000	40.970000	27.370000	21.200000	22.220000	36.310000	44.730000	42.110000	24.000000	0.000000	0.000000	3.320000	3.320000	3.320000	3.600000	41.910000	58.450000	62.970000	76.850000	57.970000	49.900000	43.000000	78.450000	114.034000	105.128000	97.841300	95.202300	95.367900	103.081000	122.836000	127.887000	110.168000	99.101600	82.758900	79.716800	76.312100	79.560000	84.907000	86.830100	90.649100	101.412000	115.365000	122.266000	128.374000	115.099000	104.573000	0.491000	0.000000	0.538809	0.000000	0.648815	0.000000	0.641504	0.000000	0.616160	0.000000	0.578964	0.000000	0.519203	0.000000	0.460565	0.003000	0.392269	0.054100	0.297520	0.255600	0.000000	72.376700	72.520100	73.506100	76.448300	94.882000	72.135900	105.288000	101.629000	121.277000	118.301000	112.513000	0.207638	0.235500	0.051480	0.298900	0.000000	0.417200	0.000000	0.398200	0.000000	0.475900	0.000000	0.140500	0.000000	0.003300	0.000000	0.000000	0.036841	0.000000	0.083933	0.000000	0.096564	0.000000	0.093659	0.000000	0.072940	0.000000	0.056124	0.000000	0.409258	3.639330	3.481850	0.259366	0.000000	4.286460	5.909780	5.878750	4.152210	4.555890	5.744060	0.000000	0.000000	84.619700	11.189700	2.768140	228.434000	9.562250	1.480960	5.407240	3.156270	4.148230	5.303220	4.539920	
   26	73.450000	71.850000	65.270000	46.500000	39.040000	28.200000	28.850000	40.310000	43.220000	42.360000	26.000000	5.000000	3.320000	3.320000	2.280000	2.000000	3.600000	41.900000	56.340000	62.970000	71.850000	45.510000	41.900000	35.000000	48.560000	54.320000	60.000000	74.760000	86.440000	88.640000	86.960000	73.480000	246.880000	143.520000	27.000000	5.000000	5.000000	5.000000	7.360000	18.080000	60.000000	90.000000	32.000000	17.000000	17.360000	18.520000	17.600000	16.200000	70.450000	68.850000	59.020000	40.970000	27.370000	21.200000	22.220000	36.310000	44.730000	42.110000	24.000000	0.000000	0.000000	3.320000	3.320000	3.320000	3.600000	41.910000	58.450000	62.970000	76.850000	57.970000	49.900000	43.000000	78.450000	114.034000	105.128000	97.841300	95.202300	95.367900	103.081000	122.836000	127.887000	110.168000	99.101600	82.758900	79.716800	76.312100	79.560000	84.907000	86.830100	90.649100	101.412000	115.365000	122.266000	128.374000	115.099000	104.573000	0.491000	0.000000	0.423111	0.000000	0.325422	0.000000	0.302639	0.000000	0.283158	0.000000	0.266999	0.000000	0.260098	0.000000	0.248708	0.017500	0.225475	0.112800	0.202295	0.368200	0.000000	50.819800	52.525600	48.217700	55.800000	77.212600	114.778000	127.388000	143.766000	128.163000	133.330000	124.468000	0.161660	0.431600	0.102560	0.537000	0.091285	0.653600	0.175509	0.633100	0.237180	0.510600	0.198935	0.264700	0.250382	0.002500	0.401487	0.000000	0.532463	0.000000	0.596036	0.000000	0.623490	0.000000	0.641880	0.000000	0.607522	0.000000	0.141794	0.000000	0.409258	3.580810	3.355930	0.857876	0.463322	2.965210	5.612850	5.543990	3.333030	4.418130	0.000000	0.000000	0.374394	192.511000	29.126800	6.471230	233.472000	9.950270	19.464000	5.210130	3.435120	4.185620	5.306750	4.743480	
   27	73.450000	71.850000	65.270000	46.500000	39.040000	28.200000	28.850000	40.310000	43.220000	42.360000	26.000000	5.000000	3.320000	3.320000	2.280000	2.000000	3.600000	41.900000	56.340000	62.970000	71.850000	45.510000	41.900000	35.000000	48.560000	54.320000	60.000000	74.760000	86.440000	88.640000	86.960000	73.480000	246.880000	143.520000	27.000000	5.000000	5.000000	5.000000	7.360000	18.080000	60.000000	90.000000	32.000000	17.000000	17.360000	18.520000	17.600000	16.200000	70.450000	68.850000	59.020000	40.970000	27.370000	21.200000	22.220000	36.310000	44.730000	42.110000	24.000000	0.000000	0.000000	3.320000	3.320000	3.320000	3.600000	41.910000	58.450000	62.970000	76.850000	57.970000	49.900000	43.000000	78.450000	128.015000	107.381000	113.239000	106.621000	98.647500	118.576000	129.907000	126.446000	112.889000	113.326000	88.993200	86.299800	57.103500	63.353200	69.579100	71.910000	81.999900	97.150300	109.488000	136.692000	135.284000	126.825000	107.477000	0.491000	0.000000	0.429875	0.000000	0.450992	0.000000	0.449848	0.000000	0.423803	0.000000	0.349906	0.000000	0.251832	0.000000	0.173904	0.007400	0.151623	0.091200	0.133967	0.634000	0.000000	56.673500	49.534100	46.108300	59.347000	84.926500	112.774000	128.353000	120.956000	128.397000	129.756000	113.337000	0.101726	0.952800	0.056889	0.888600	0.010890	0.617700	0.277341	0.250000	0.257785	0.198000	0.243575	0.115200	0.271526	0.002900	0.331000	0.000000	0.382532	0.000000	0.397361	0.000000	0.398555	0.000000	0.387985	0.000000	0.339937	0.000000	0.291780	0.000000	0.409258	3.741600	3.738410	2.934920	10.824500	15.330300	4.488360	5.332720	3.512730	6.829170	0.000000	0.000000	0.000000	0.000000	15.743300	1.819420	211.220000	8.210450	25.993500	5.192050	3.069310	4.264120	5.463950	4.764560	
   28	73.450000	71.850000	65.270000	46.500000	39.040000	28.200000	28.850000	40.310000	43.220000	42.360000	26.000000	5.000000	3.320000	3.320000	2.280000	2.000000	3.600000	41.900000	56.340000	62.970000	71.850000	45.510000	41.900000	35.000000	48.560000	54.320000	60.000000	74.760000	86.440000	88.640000	86.960000	73.480000	246.880000	143.520000	27.000000	5.000000	5.000000	5.000000	7.360000	18.080000	60.000000	90.000000	32.000000	17.000000	17.360000	18.520000	17.600000	16.200000	70.450000	68.850000	59.020000	40.970000	27.370000	21.200000	22.220000	36.310000	44.730000	42.110000	24.000000	0.000000	0.000000	3.320000	3.320000	3.320000	3.600000	41.910000	58.450000	62.970000	76.850000	57.970000	49.900000	43.000000	78.450000	121.930000	114.311000	107.869000	101.796000	103.122000	101.631000	114.798000	125.708000	112.747000	85.039300	75.594400	73.251200	66.894200	63.226200	67.722900	71.747600	72.100400	94.597100	106.400000	119.080000	122.123000	109.021000	108.801000	0.491000	0.000000	0.436341	0.000000	0.447312	0.000000	0.450365	0.000000	0.517153	0.000000	0.514027	0.000000	0.520912	0.000000	0.509406	0.007500	0.408326	0.142300	0.358628	0.280600	0.000000	37.347000	34.490500	28.155100	23.656800	34.318000	62.762300	75.790000	78.043000	84.711500	77.305600	114.218000	0.308628	0.372300	0.212234	0.476800	0.128696	0.350200	0.117276	0.356700	0.100445	0.235100	0.038159	0.265900	0.029603	0.005100	0.116463	0.000000	0.230679	0.000000	0.315404	0.000000	0.376725	0.000000	0.411612	0.000000	0.437688	0.000000	0.481303	0.000000	0.409258	3.226260	2.849760	1.206870	1.719430	3.371110	5.066170	5.438320	4.091800	3.368830	16.706000	1.014240	2.551720	181.248000	12.685300	3.588830	229.280000	9.959060	5.659400	5.132590	3.239810	4.079570	4.769680	4.291730	
   29	73.450000	71.850000	65.270000	46.500000	39.040000	28.200000	28.850000	40.310000	43.220000	42.360000	26.000000	5.000000	3.320000	3.320000	2.280000	2.000000	3.600000	41.900000	56.340000	62.970000	71.850000	45.510000	41.900000	35.000000	48.560000	54.320000	60.000000	74.760000	86.440000	88.640000	86.960000	73.480000	246.880000	143.520000	27.000000	5.000000	5.000000	5.000000	7.360000	18.080000	60.000000	90.000000	32.000000	17.000000	17.360000	18.520000	17.600000	16.200000	70.450000	68.850000	59.020000	40.970000	27.370000	21.200000	22.220000	36.310000	44.730000	42.110000	24.000000	0.000000	0.000000	3.320000	3.320000	3.320000	3.600000	41.910000	58.450000	62.970000	76.850000	57.970000	49.900000	43.000000	78.450000	119.492000	119.448000	113.420000	114.143000	105.062000	107.522000	131.753000	132.174000	107.432000	113.673000	92.627800	77.347400	63.987400	58.907200	63.256000	63.420000	74.624000	81.522300	114.321000	120.636000	129.642000	123.626000	113.281000	0.491000	0.000000	0.438005	0.000000	0.426678	0.000000	0.438351	0.000000	0.436190	0.000000	0.404773	0.000000	0.369224	0.000000	0.322989	0.007000	0.208268	0.089800	0.218611	0.121300	0.000000	50.290100	49.452900	44.916400	77.689900	93.588800	105.878000	132.069000	135.139000	133.685000	120.040000	110.369000	0.187644	0.347100	0.119264	0.208900	0.051782	0.348200	0.056254	0.470100	0.044139	0.473700	0.019307	0.412600	0.000000	0.008300	0.000000	0.000000	0.033826	0.000000	0.076399	0.000000	0.102563	0.000000	0.110430	0.000000	0.097785	0.000000	0.066933	0.000000	0.409258	3.026880	2.529100	1.068570	1.277900	3.479570	5.062900	5.633210	4.092030	3.080990	13.736300	0.000000	0.000000	153.342000	9.626380	0.000000	236.705000	9.741320	0.296845	4.911460	2.987890	3.883560	4.900940	4.261620	
   30	73.450000	71.850000	65.270000	46.500000	39.040000	28.200000	28.850000	40.310000	43.220000	42.360000	26.000000	5.000000	3.320000	3.320000	2.280000	2.000000	3.600000	41.900000	56.340000	62.970000	71.850000	45.510000	41.900000	35.000000	48.560000	54.320000	60.000000	74.760000	86.440000	88.640000	86.960000	73.480000	246.880000	143.520000	27.000000	5.000000	5.000000	5.000000	7.360000	18.080000	60.000000	90.000000	32.000000	17.000000	17.360000	18.520000	17.600000	16.200000	70.450000	68.850000	59.020000	40.970000	27.370000	21.200000	22.220000	36.310000	44.730000	42.110000	24.000000	0.000000	0.000000	3.320000	3.320000	3.320000	3.600000	41.910000	58.450000	62.970000	76.850000	57.970000	49.900000	43.000000	78.450000	119.492000	119.448000	113.420000	114.143000	105.062000	107.522000	131.753000	132.174000	107.432000	113.673000	92.627800	77.347400	63.987400	58.907200	63.256000	63.420000	74.624000	81.522300	114.321000	120.636000	129.642000	123.626000	113.281000	0.491000	0.000000	0.438005	0.000000	0.426678	0.000000	0.438351	0.000000	0.436190	0.000000	0.404773	0.000000	0.422513	0.000000	0.374631	0.005200	0.252589	0.057000	0.199542	0.274300	0.000000	68.689500	77.043500	57.310200	76.860500	100.546000	119.310000	122.333000	104.083000	102.969000	132.112000	121.745000	0.153243	0.394500	0.201590	0.334800	0.249928	0.451400	0.285922	0.556900	0.255811	0.720400	0.245771	0.214400	0.257382	0.005500	0.320545	0.000000	0.425802	0.000000	0.487864	0.000000	0.520554	0.000000	0.520370	0.000000	0.499028	0.000000	0.507978	0.000000	0.409258	3.091150	2.403190	0.836597	0.547077	4.143180	4.154790	5.666370	4.968490	3.858690	62.102900	10.626100	47.271700	22.689200	0.000000	0.000000	227.391000	13.439900	0.000000	5.125190	3.241840	3.889180	4.979900	4.356990	
   31	73.450000	71.850000	65.270000	46.500000	39.040000	28.200000	28.850000	40.310000	43.220000	42.360000	26.000000	5.000000	3.320000	3.320000	2.280000	2.000000	3.600000	41.900000	56.340000	62.970000	71.850000	45.510000	41.900000	35.000000	48.560000	54.320000	60.000000	74.760000	86.440000	88.640000	86.960000	73.480000	246.880000	143.520000	27.000000	5.000000	5.000000	5.000000	7.360000	18.080000	60.000000	90.000000	32.000000	17.000000	17.360000	18.520000	17.600000	16.200000	70.450000	68.850000	59.020000	40.970000	27.370000	21.200000	22.220000	36.310000	44.730000	42.110000	24.000000	0.000000	0.000000	3.320000	3.320000	3.320000	3.600000	41.910000	58.450000	62.970000	76.850000	57.970000	49.900000	43.000000	78.450000	109.615000	107.464000	98.921900	100.972000	101.167000	114.351000	129.564000	134.438000	112.260000	104.791000	84.128700	73.390900	67.084600	70.752600	69.618800	69.113700	73.336000	100.127000	103.657000	130.060000	142.425000	119.500000	98.015900	0.491000	0.000000	0.399974	0.000000	0.433485	0.000000	0.396009	0.000000	0.369507	0.000000	0.356584	0.000000	0.316235	0.000000	0.278874	0.004900	0.260535	0.059200	0.220982	0.226200	0.000000	61.641700	61.345700	64.594000	72.985700	93.010300	117.986000	134.233000	133.147000	130.195000	113.635000	102.885000	0.142982	0.282400	0.048250	0.322500	0.000000	0.269400	0.000000	0.304500	0.000000	0.267700	0.011748	0.180700	0.025411	0.004000	0.092618	0.000000	0.185469	0.000000	0.235891	0.000000	0.231285	0.000000	0.217577	0.000000	0.178124	0.000000	0.146273	0.000000	0.409258	2.961000	2.868750	1.327010	2.029760	3.683940	5.555790	5.627190	3.873790	4.225170	1.617760	0.016047	0.000000	113.248000	0.000000	0.000000	231.308000	9.055460	0.000000	4.830690	2.915930	4.213170	5.239390	4.769400	
   32	73.450000	71.850000	65.270000	46.500000	39.040000	28.200000	28.850000	40.310000	43.220000	42.360000	26.000000	5.000000	3.320000	3.320000	2.280000	2.000000	3.600000	41.900000	56.340000	62.970000	71.850000	45.510000	41.900000	35.000000	48.560000	54.320000	60.000000	74.760000	86.440000	88.640000	86.960000	73.480000	246.880000	143.520000	27.000000	5.000000	5.000000	5.000000	7.360000	18.080000	60.000000	90.000000	32.000000	17.000000	17.360000	18.520000	17.600000	16.200000	70.450000	68.850000	59.020000	40.970000	27.370000	21.200000	22.220000	36.310000	44.730000	42.110000	24.000000	0.000000	0.000000	3.320000	3.320000	3.320000	3.600000	41.910000	58.450000	62.970000	76.850000	57.970000	49.900000	43.000000	78.450000	121.930000	114.311000	107.869000	101.796000	103.122000	101.631000	114.798000	125.708000	112.747000	85.039300	75.594400	73.251200	66.894200	63.226200	67.722900	71.747600	72.100400	94.597100	106.400000	119.080000	122.123000	109.021000	108.801000	0.491000	0.000000	0.436341	0.000000	0.447312	0.000000	0.450365	0.000000	0.517153	0.000000	0.514027	0.000000	0.520912	0.000000	0.379515	0.005300	0.236263	0.071300	0.220153	0.284400	0.000000	56.710500	51.221700	54.693200	54.284400	78.667000	105.048000	116.517000	103.670000	106.235000	106.304000	104.341000	0.098842	0.554800	0.029287	0.376800	0.000000	0.287700	0.000000	0.261700	0.000000	0.268500	0.000000	0.219300	0.000000	0.002800	0.038264	0.000000	0.124610	0.000000	0.178543	0.000000	0.192358	0.000000	0.183698	0.000000	0.160822	0.000000	0.145098	0.000000	0.409258	3.373200	3.270020	1.383250	1.856890	3.327090	5.339730	5.972520	3.697670	6.101540	7.673810	1.369910	3.002600	177.381000	12.420400	4.926900	229.740000	10.050000	0.000000	5.465080	3.128360	4.162790	5.169670	4.704920	
   33	73.450000	71.850000	65.270000	46.500000	39.040000	28.200000	28.850000	40.310000	43.220000	42.360000	26.000000	5.000000	3.320000	3.320000	2.280000	2.000000	3.600000	41.900000	56.340000	62.970000	71.850000	45.510000	41.900000	35.000000	48.560000	54.320000	60.000000	74.760000	86.440000	88.640000	86.960000	73.480000	246.880000	143.520000	27.000000	5.000000	5.000000	5.000000	7.360000	18.080000	60.000000	90.000000	32.000000	17.000000	17.360000	18.520000	17.600000	16.200000	70.450000	68.850000	59.020000	40.970000	27.370000	21.200000	22.220000	36.310000	44.730000	42.110000	24.000000	0.000000	0.000000	3.320000	3.320000	3.320000	3.600000	41.910000	58.450000	62.970000	76.850000	57.970000	49.900000	43.000000	78.450000	96.820800	95.301600	85.050500	103.843000	99.904400	108.973000	133.891000	132.730000	110.067000	115.099000	82.923100	71.114000	68.826000	65.781700	70.415600	65.568100	76.094100	95.617700	114.017000	130.155000	122.482000	119.477000	105.624000	0.491000	0.000000	0.418473	0.000000	0.388770	0.000000	0.358410	0.000000	0.318451	0.000000	0.305832	0.000000	0.279605	0.000000	0.226912	0.005100	0.190060	0.067800	0.162503	0.313500	0.000000	39.194600	35.803000	35.723200	56.992000	78.791300	92.090600	112.041000	111.395000	117.749000	113.831000	99.289700	0.140607	0.484800	0.000000	0.460000	0.000000	0.434600	0.000000	0.454800	0.000000	0.311100	0.000000	0.186400	0.046693	0.007200	0.115451	0.000000	0.201584	0.000000	0.232601	0.000000	0.253840	0.000000	0.254801	0.000000	0.187798	0.000000	0.202323	0.000000	0.409258	3.252500	2.607710	1.163330	1.230650	3.643820	5.259120	5.597940	4.340430	4.410600	0.000000	2.831410	2.026660	129.710000	13.260500	0.000000	228.716000	7.546110	0.000000	5.710950	3.413030	4.180400	5.229240	4.378200	
   34	73.450000	71.850000	65.270000	46.500000	39.040000	28.200000	28.850000	40.310000	43.220000	42.360000	26.000000	5.000000	3.320000	3.320000	2.280000	2.000000	3.600000	41.900000	56.340000	62.970000	71.850000	45.510000	41.900000	35.000000	48.560000	54.320000	60.000000	74.760000	86.440000	88.640000	86.960000	73.480000	246.880000	143.520000	27.000000	5.000000	5.000000	5.000000	7.360000	18.080000	60.000000	90.000000	32.000000	17.000000	17.360000	18.520000	17.600000	16.200000	70.450000	68.850000	59.020000	40.970000	27.370000	21.200000	22.220000	36.310000	44.730000	42.110000	24.000000	0.000000	0.000000	3.320000	3.320000	3.320000	3.600000	41.910000	58.450000	62.970000	76.850000	57.970000	49.900000	43.000000	78.450000	96.820800	95.301600	85.050500	103.843000	99.904400	108.973000	133.891000	132.730000	110.067000	115.099000	82.923100	71.114000	68.826000	65.781700	70.415600	65.568100	76.094100	95.617700	114.017000	130.155000	122.482000	119.477000	105.624000	0.491000	0.000000	0.418473	0.000000	0.388770	0.000000	0.358410	0.000000	0.318451	0.000000	0.305832	0.000000	0.279605	0.000000	0.226912	0.005100	0.190060	0.067800	0.162503	0.313500	0.000000	39.194600	35.803000	35.723200	56.992000	78.791300	92.090600	112.041000	111.395000	117.749000	113.831000	99.289700	0.140607	0.484800	0.000000	0.460000	0.000000	0.434600	0.000000	0.454800	0.000000	0.311100	0.000000	0.186400	0.046693	0.007200	0.115451	0.000000	0.201584	0.000000	0.232601	0.000000	0.253840	0.000000	0.254801	0.000000	0.187798	0.000000	0.202323	0.000000	0.409258	3.252500	2.607710	1.163330	1.230650	3.643820	5.259120	5.597940	4.340430	4.410600	0.000000	2.831410	2.026660	129.710000	13.260500	0.000000	228.716000	7.546110	0.000000	5.710950	3.413030	4.180400	5.229240	4.378200	
   35	73.450000	71.850000	65.270000	46.500000	39.040000	28.200000	28.850000	40.310000	43.220000	42.360000	26.000000	5.000000	3.320000	3.320000	2.280000	2.000000	3.600000	41.900000	56.340000	62.970000	71.850000	45.510000	41.900000	35.000000	48.560000	54.320000	60.000000	74.760000	86.440000	88.640000	86.960000	73.480000	246.880000	143.520000	27.000000	5.000000	5.000000	5.000000	7.360000	18.080000	60.000000	90.000000	32.000000	17.000000	17.360000	18.520000	17.600000	16.200000	70.450000	68.850000	59.020000	40.970000	27.370000	21.200000	22.220000	36.310000	44.730000	42.110000	24.000000	0.000000	0.000000	3.320000	3.320000	3.320000	3.600000	41.910000	58.450000	62.970000	76.850000	57.970000	49.900000	43.000000	78.450000	118.507000	115.282000	104.845000	110.529000	108.496000	110.739000	129.563000	134.459000	109.135000	99.807400	84.342000	71.114000	68.826000	65.781700	70.415600	65.568100	76.094100	95.617700	114.017000	130.155000	122.482000	119.477000	105.624000	0.491000	0.000000	0.421768	0.000000	0.393654	0.000000	0.344822	0.000000	0.313649	0.000000	0.293203	0.000000	0.252666	0.000000	0.195767	0.009200	0.133746	0.065800	0.092670	0.389000	0.000000	53.099500	56.614100	49.271400	45.794900	89.704200	109.329000	144.894000	126.074000	133.568000	124.475000	121.581000	0.053731	0.381300	0.000000	0.555900	0.000000	0.456000	0.000000	0.355100	0.000000	0.323500	0.000000	0.171000	0.032096	0.003300	0.107376	0.000000	0.183409	0.000000	0.232444	0.000000	0.169409	0.000000	0.173613	0.000000	0.131993	0.000000	0.126182	0.000000	0.409258	2.551830	2.676220	1.311810	1.728830	3.702670	5.129530	5.650550	4.201850	4.254400	17.063100	0.000000	0.000000	167.040000	12.396700	0.217384	230.493000	9.193270	0.372303	5.284280	3.136570	4.157380	5.219120	4.684550	
   36	73.450000	71.850000	65.270000	46.500000	39.040000	28.200000	28.850000	40.310000	43.220000	42.360000	26.000000	5.000000	3.320000	3.320000	2.280000	2.000000	3.600000	41.900000	56.340000	62.970000	71.850000	45.510000	41.900000	35.000000	48.560000	54.320000	60.000000	74.760000	86.440000	88.640000	86.960000	73.480000	246.880000	143.520000	27.000000	5.000000	5.000000	5.000000	7.360000	18.080000	60.000000	90.000000	32.000000	17.000000	17.360000	18.520000	17.600000	16.200000	70.450000	68.850000	59.020000	40.970000	27.370000	21.200000	22.220000	36.310000	44.730000	42.110000	24.000000	0.000000	0.000000	3.320000	3.320000	3.320000	3.600000	41.910000	58.450000	62.970000	76.850000	57.970000	49.900000	43.000000	78.450000	114.038000	108.360000	106.191000	108.824000	112.351000	120.775000	140.492000	142.970000	118.577000	102.229000	79.595800	78.692900	66.539100	67.221200	69.611400	71.801600	83.575600	94.543300	109.830000	129.545000	152.296000	118.806000	113.783000	0.491000	0.000000	0.438969	0.000000	0.433590	0.000000	0.405915	0.000000	0.375852	0.000000	0.345174	0.000000	0.302865	0.000000	0.272285	0.005000	0.257998	0.088400	0.233667	0.248900	0.000000	32.220000	28.549600	29.434400	11.953100	41.164900	69.378400	99.775900	109.738000	106.780000	112.802000	104.310000	0.192385	0.390400	0.094558	0.455800	0.013307	0.548000	0.036562	0.505000	0.067557	0.518600	0.000000	0.316500	0.025459	0.004000	0.133495	0.000000	0.199372	0.000000	0.235812	0.000000	0.234400	0.000000	0.232295	0.000000	0.131993	0.000000	0.105069	0.000000	0.409258	2.827150	2.513590	1.672970	2.173660	1.915560	4.527300	5.527560	4.066320	5.227330	2.171900	0.000000	0.000000	244.036000	29.683200	1.375830	232.239000	8.696020	0.000000	5.222870	3.038910	4.108720	4.897660	4.615300	
   37	73.450000	71.850000	65.270000	46.500000	39.040000	28.200000	28.850000	40.310000	43.220000	42.360000	26.000000	5.000000	3.320000	3.320000	2.280000	2.000000	3.600000	41.900000	56.340000	62.970000	71.850000	45.510000	41.900000	35.000000	48.560000	54.320000	60.000000	74.760000	86.440000	88.640000	86.960000	73.480000	246.880000	143.520000	27.000000	5.000000	5.000000	5.000000	7.360000	18.080000	60.000000	90.000000	32.000000	17.000000	17.360000	18.520000	17.600000	16.200000	70.450000	68.850000	59.020000	40.970000	27.370000	21.200000	22.220000	36.310000	44.730000	42.110000	24.000000	0.000000	0.000000	3.320000	3.320000	3.320000	3.600000	41.910000	58.450000	62.970000	76.850000	57.970000	49.900000	43.000000	78.450000	114.038000	108.360000	106.191000	108.824000	112.351000	120.775000	140.492000	142.970000	118.577000	102.229000	79.595800	78.692900	66.539100	67.221200	69.611400	71.801600	83.575600	94.543300	109.830000	129.545000	152.296000	118.806000	113.783000	0.491000	0.000000	0.438969	0.000000	0.433590	0.000000	0.405915	0.000000	0.375852	0.000000	0.345174	0.000000	0.302865	0.000000	0.272285	0.005000	0.257998	0.088400	0.233667	0.248900	0.000000	32.220000	28.549600	29.434400	11.953100	41.164900	69.378400	99.775900	109.738000	106.780000	112.802000	104.310000	0.192385	0.390400	0.094558	0.455800	0.013307	0.548000	0.036562	0.505000	0.067557	0.518600	0.000000	0.316500	0.025459	0.004000	0.133495	0.000000	0.199372	0.000000	0.235812	0.000000	0.234400	0.000000	0.232295	0.000000	0.131993	0.000000	0.105069	0.000000	0.409258	3.934180	3.420920	1.145290	0.797037	3.572160	5.942970	5.833660	4.581650	5.011420	0.000000	12.744700	7.035560	0.000000	10.340200	0.000000	232.806000	9.112940	27.753500	5.197840	3.148770	4.158990	5.133880	4.515270	
   38	73.450000	71.850000	65.270000	46.500000	39.040000	28.200000	28.850000	40.310000	43.220000	42.360000	26.000000	5.000000	3.320000	3.320000	2.280000	2.000000	3.600000	41.900000	56.340000	62.970000	71.850000	45.510000	41.900000	35.000000	48.560000	54.320000	60.000000	74.760000	86.440000	88.640000	86.960000	73.480000	246.880000	143.520000	27.000000	5.000000	5.000000	5.000000	7.360000	18.080000	60.000000	90.000000	32.000000	17.000000	17.360000	18.520000	17.600000	16.200000	70.450000	68.850000	59.020000	40.970000	27.370000	21.200000	22.220000	36.310000	44.730000	42.110000	24.000000	0.000000	0.000000	3.320000	3.320000	3.320000	3.600000	41.910000	58.450000	62.970000	76.850000	57.970000	49.900000	43.000000	78.450000	114.761000	105.976000	98.768700	103.843000	99.904400	108.973000	133.891000	132.730000	110.067000	115.099000	82.923100	71.114000	68.826000	65.781700	70.415600	81.706200	82.606800	96.205500	119.992000	142.507000	147.011000	127.984000	119.052000	0.491000	0.000000	0.460154	0.000000	0.457658	0.000000	0.409615	0.000000	0.378247	0.000000	0.324955	0.000000	0.266855	0.000000	0.231292	0.006100	0.188383	0.066100	0.190916	0.264900	0.000000	64.577200	59.567500	63.543200	67.013700	98.029800	105.048000	111.683000	113.450000	110.684000	113.635000	106.897000	0.155644	0.388600	0.055618	0.394500	0.000000	0.410100	0.000000	0.390000	0.000000	0.335200	0.000000	0.224200	0.064137	0.008000	0.130690	0.000000	0.186358	0.000000	0.195220	0.000000	0.216339	0.000000	0.234775	0.000000	0.209912	0.000000	0.173485	0.000000	0.409258	3.075430	2.750640	1.157070	1.767940	3.199940	5.059330	5.609620	4.428930	4.572680	1.884740	24.355300	24.658400	0.000000	5.356620	0.000000	222.733000	13.447500	0.000000	6.034340	5.043020	4.774210	4.672500	4.250470	
   39	73.450000	71.850000	65.270000	46.500000	39.040000	28.200000	28.850000	40.310000	43.220000	42.360000	26.000000	5.000000	3.320000	3.320000	2.280000	2.000000	3.600000	41.900000	56.340000	62.970000	71.850000	45.510000	41.900000	35.000000	48.560000	54.320000	60.000000	74.760000	86.440000	88.640000	86.960000	73.480000	246.880000	143.520000	27.000000	5.000000	5.000000	5.000000	7.360000	18.080000	60.000000	90.000000	32.000000	17.000000	17.360000	18.520000	17.600000	16.200000	70.450000	68.850000	59.020000	40.970000	27.370000	21.200000	22.220000	36.310000	44.730000	42.110000	24.000000	0.000000	0.000000	3.320000	3.320000	3.320000	3.600000	41.910000	58.450000	62.970000	76.850000	57.970000	49.900000	43.000000	78.450000	121.930000	114.311000	107.869000	101.796000	103.122000	101.631000	114.798000	125.708000	112.747000	85.039300	75.594400	73.251200	66.894200	63.226200	67.722900	71.747600	72.100400	94.597100	106.400000	119.080000	122.123000	109.021000	108.801000	0.491000	0.000000	0.436341	0.000000	0.447312	0.000000	0.374420	0.000000	0.293083	0.000000	0.266429	0.000000	0.322558	0.000000	0.305270	0.005100	0.236263	0.063700	0.220153	0.208200	0.000000	67.141400	70.268500	68.711300	89.999000	91.759600	110.349000	120.988000	133.999000	136.310000	128.531000	127.125000	0.107227	0.364700	0.053069	0.796800	0.004494	0.405400	0.025888	0.291800	0.047464	0.255400	0.066296	0.114000	0.139004	0.002000	0.258897	0.000000	0.304085	0.000000	0.279559	0.000000	0.246531	0.000000	0.228052	0.000000	0.204670	0.000000	0.179792	0.000000	0.409258	2.216860	1.586460	1.642390	2.414460	4.498410	5.420490	5.733600	4.308770	3.383960	7.124910	0.000000	0.000000	252.645000	152.151000	110.642000	104.162000	10.203000	0.000000	5.462580	3.214310	4.330710	5.478080	4.639820	
   40	73.450000	71.850000	65.270000	46.500000	39.040000	28.200000	28.850000	40.310000	43.220000	42.360000	26.000000	5.000000	3.320000	3.320000	2.280000	2.000000	3.600000	41.900000	56.340000	62.970000	71.850000	45.510000	41.900000	35.000000	48.560000	54.320000	60.000000	74.760000	86.440000	88.640000	86.960000	73.480000	246.880000	143.520000	27.000000	5.000000	5.000000	5.000000	7.360000	18.080000	60.000000	90.000000	32.000000	17.000000	17.360000	18.520000	17.600000	16.200000	70.450000	68.850000	59.020000	40.970000	27.370000	21.200000	22.220000	36.310000	44.730000	42.110000	24.000000	0.000000	0.000000	3.320000	3.320000	3.320000	3.600000	41.910000	58.450000	62.970000	76.850000	57.970000	49.900000	43.000000	78.450000	121.930000	114.311000	107.869000	101.796000	103.122000	101.631000	114.798000	125.708000	112.747000	85.039300	75.594400	73.251200	66.894200	63.226200	67.722900	71.747600	72.100400	94.597100	106.400000	119.080000	122.123000	109.021000	108.801000	0.491000	0.000000	0.436341	0.000000	0.447312	0.000000	0.374420	0.000000	0.293083	0.000000	0.266429	0.000000	0.250582	0.000000	0.231961	0.004300	0.187631	0.069400	0.112571	0.369400	0.000000	31.895900	22.633200	12.512400	52.227800	63.548900	76.878400	125.233000	144.539000	158.698000	132.112000	121.745000	0.142982	0.564500	0.048250	0.674600	0.000000	0.388700	0.003997	0.391500	0.000000	0.436500	0.000000	0.196300	0.000000	0.003500	0.038264	0.000000	0.124610	0.000000	0.178543	0.000000	0.192358	0.000000	0.183698	0.000000	0.160822	0.000000	0.145098	0.000000	0.409258	3.226990	2.776270	1.637830	2.129030	3.718280	4.891610	5.599250	4.363000	3.765510	23.227700	0.000000	0.000000	184.834000	6.208250	4.926900	229.740000	10.050000	0.000000	5.465080	3.128360	4.162790	5.169670	4.704920	
   41	73.450000	71.850000	65.270000	46.500000	39.040000	28.200000	28.850000	40.310000	43.220000	42.360000	26.000000	5.000000	3.320000	3.320000	2.280000	2.000000	3.600000	41.900000	56.340000	62.970000	71.850000	45.510000	41.900000	35.000000	48.560000	54.320000	60.000000	74.760000	86.440000	88.640000	86.960000	73.480000	246.880000	143.520000	27.000000	5.000000	5.000000	5.000000	7.360000	18.080000	60.000000	90.000000	32.000000	17.000000	17.360000	18.520000	17.600000	16.200000	70.450000	68.850000	59.020000	40.970000	27.370000	21.200000	22.220000	36.310000	44.730000	42.110000	24.000000	0.000000	0.000000	3.320000	3.320000	3.320000	3.600000	41.910000	58.450000	62.970000	76.850000	57.970000	49.900000	43.000000	78.450000	121.930000	114.311000	107.869000	101.796000	103.122000	101.631000	114.798000	125.708000	112.747000	85.039300	75.594400	73.251200	66.894200	63.226200	67.722900	71.747600	72.100400	94.597100	106.400000	119.080000	122.123000	109.021000	108.801000	0.491000	0.000000	0.436341	0.000000	0.447312	0.000000	0.374420	0.000000	0.293083	0.000000	0.266429	0.000000	0.317312	0.000000	0.268684	0.009400	0.232378	0.153800	0.179531	0.630800	0.000000	74.429200	75.626500	71.776800	82.579200	97.929600	111.794000	98.564000	98.426700	108.334000	113.719000	94.709000	0.164031	1.165100	0.129665	0.976200	0.056666	0.664500	0.046010	0.448900	0.047232	0.609300	0.112476	0.214000	0.203853	0.003700	0.311258	0.000000	0.367574	0.000000	0.372085	0.000000	0.340233	0.000000	0.318989	0.000000	0.237258	0.000000	0.220598	0.000000	0.409258	2.427100	2.708550	1.642390	2.176570	0.000000	3.073420	5.656730	3.901980	4.240750	0.000000	9.134480	19.328100	12.484500	12.044700	18.544100	209.074000	5.894710	0.000000	5.176250	3.214650	4.183090	5.179570	6.136510	
   42	73.450000	71.850000	65.270000	46.500000	39.040000	28.200000	28.850000	40.310000	43.220000	42.360000	26.000000	5.000000	3.320000	3.320000	2.280000	2.000000	3.600000	41.900000	56.340000	62.970000	71.850000	45.510000	41.900000	35.000000	48.560000	54.320000	60.000000	74.760000	86.440000	88.640000	86.960000	73.480000	246.880000	143.520000	27.000000	5.000000	5.000000	5.000000	7.360000	18.080000	60.000000	90.000000	32.000000	17.000000	17.360000	18.520000	17.600000	16.200000	70.450000	68.850000	59.020000	40.970000	27.370000	21.200000	22.220000	36.310000	44.730000	42.110000	24.000000	0.000000	0.000000	3.320000	3.320000	3.320000	3.600000	41.910000	58.450000	62.970000	76.850000	57.970000	49.900000	43.000000	78.450000	114.761000	105.976000	98.768700	103.843000	99.904400	108.973000	133.891000	132.730000	110.067000	115.099000	82.923100	71.114000	68.826000	65.781700	70.415600	81.706200	82.606800	96.205500	119.992000	142.507000	147.011000	127.984000	119.052000	0.491000	0.000000	0.460154	0.000000	0.457658	0.000000	0.409615	0.000000	0.378247	0.000000	0.324955	0.000000	0.266855	0.000000	0.231292	0.006100	0.188383	0.066100	0.190916	0.264900	0.000000	64.577200	59.567500	63.543200	67.013700	98.029800	105.048000	111.683000	113.450000	110.684000	113.635000	106.897000	0.155644	0.388600	0.055618	0.394500	0.000000	0.410100	0.000000	0.390000	0.000000	0.335200	0.000000	0.224200	0.064137	0.008000	0.130690	0.000000	0.186358	0.000000	0.195220	0.000000	0.216339	0.000000	0.234775	0.000000	0.209912	0.000000	0.173485	0.000000	0.409258	3.072350	2.990790	1.238900	2.027280	3.948010	5.131440	5.626120	4.215300	4.840070	18.260000	0.000000	0.000000	150.972000	0.000000	0.000000	263.180000	10.239900	5.154950	5.357070	3.245160	4.199960	5.405800	4.958870	
   43	73.450000	71.850000	65.270000	46.500000	39.040000	28.200000	28.850000	40.310000	43.220000	42.360000	26.000000	5.000000	3.320000	3.320000	2.280000	2.000000	3.600000	41.900000	56.340000	62.970000	71.850000	45.510000	41.900000	35.000000	48.560000	54.320000	60.000000	74.760000	86.440000	88.640000	86.960000	73.480000	246.880000	143.520000	27.000000	5.000000	5.000000	5.000000	7.360000	18.080000	60.000000	90.000000	32.000000	17.000000	17.360000	18.520000	17.600000	16.200000	70.450000	68.850000	59.020000	40.970000	27.370000	21.200000	22.220000	36.310000	44.730000	42.110000	24.000000	0.000000	0.000000	3.320000	3.320000	3.320000	3.600000	41.910000	58.450000	62.970000	76.850000	57.970000	49.900000	43.000000	78.450000	96.820800	95.301600	85.050500	103.843000	99.904400	108.973000	133.891000	132.730000	110.067000	115.099000	82.923100	71.114000	68.826000	65.781700	70.415600	65.568100	76.094100	95.617700	114.017000	130.155000	122.482000	119.477000	105.624000	0.491000	0.000000	0.418473	0.000000	0.388770	0.000000	0.358410	0.000000	0.318451	0.000000	0.305832	0.000000	0.279605	0.000000	0.226912	0.005100	0.190060	0.067800	0.162503	0.313500	0.000000	39.194600	35.803000	35.723200	56.992000	78.791300	92.090600	112.041000	111.395000	117.749000	113.831000	99.289700	0.140607	0.484800	0.000000	0.460000	0.000000	0.434600	0.000000	0.454800	0.000000	0.311100	0.000000	0.186400	0.046693	0.007200	0.115451	0.000000	0.201584	0.000000	0.232601	0.000000	0.253840	0.000000	0.254801	0.000000	0.187798	0.000000	0.202323	0.000000	0.409258	3.252500	2.607710	1.163330	1.230650	3.643820	5.259120	5.597940	4.340430	4.410600	0.000000	2.831410	2.026660	129.710000	13.260500	0.000000	228.716000	7.546110	0.000000	5.710950	3.413030	4.180400	5.229240	4.378200	
   44	73.450000	71.850000	65.270000	46.500000	39.040000	28.200000	28.850000	40.310000	43.220000	42.360000	26.000000	5.000000	3.320000	3.320000	2.280000	2.000000	3.600000	41.900000	56.340000	62.970000	71.850000	45.510000	41.900000	35.000000	48.560000	54.320000	60.000000	74.760000	86.440000	88.640000	86.960000	73.480000	246.880000	143.520000	27.000000	5.000000	5.000000	5.000000	7.360000	18.080000	60.000000	90.000000	32.000000	17.000000	17.360000	18.520000	17.600000	16.200000	70.450000	68.850000	59.020000	40.970000	27.370000	21.200000	22.220000	36.310000	44.730000	42.110000	24.000000	0.000000	0.000000	3.320000	3.320000	3.320000	3.600000	41.910000	58.450000	62.970000	76.850000	57.970000	49.900000	43.000000	78.450000	96.820800	95.301600	85.050500	103.843000	99.904400	108.973000	133.891000	132.730000	110.067000	115.099000	82.923100	71.114000	68.826000	65.781700	70.415600	65.568100	76.094100	95.617700	114.017000	130.155000	122.482000	119.477000	105.624000	0.491000	0.000000	0.418473	0.000000	0.388770	0.000000	0.358410	0.000000	0.318451	0.000000	0.305832	0.000000	0.279605	0.000000	0.226912	0.005100	0.190060	0.067800	0.162503	0.313500	0.000000	39.194600	35.803000	35.723200	56.992000	78.791300	92.090600	112.041000	111.395000	117.749000	113.831000	99.289700	0.140607	0.484800	0.000000	0.460000	0.000000	0.434600	0.000000	0.454800	0.000000	0.311100	0.000000	0.186400	0.046693	0.007200	0.115451	0.000000	0.201584	0.000000	0.232601	0.000000	0.253840	0.000000	0.254801	0.000000	0.187798	0.000000	0.202323	0.000000	0.409258	3.252500	2.607710	1.163330	1.230650	3.643820	5.259120	5.597940	4.340430	4.410600	0.000000	2.831410	2.026660	129.710000	13.260500	0.000000	228.716000	7.546110	0.000000	5.710950	3.413030	4.180400	5.229240	4.378200	
   45	73.450000	71.850000	65.270000	46.500000	39.040000	28.200000	28.850000	40.310000	43.220000	42.360000	26.000000	5.000000	3.320000	3.320000	2.280000	2.000000	3.600000	41.900000	56.340000	62.970000	71.850000	45.510000	41.900000	35.000000	48.560000	54.320000	60.000000	74.760000	86.440000	88.640000	86.960000	73.480000	246.880000	143.520000	27.000000	5.000000	5.000000	5.000000	7.360000	18.080000	60.000000	90.000000	32.000000	17.000000	17.360000	18.520000	17.600000	16.200000	70.450000	68.850000	59.020000	40.970000	27.370000	21.200000	22.220000	36.310000	44.730000	42.110000	24.000000	0.000000	0.000000	3.320000	3.320000	3.320000	3.600000	41.910000	58.450000	62.970000	76.850000	57.970000	49.900000	43.000000	78.450000	109.615000	107.464000	98.921900	100.972000	101.167000	114.351000	129.564000	134.438000	112.260000	104.791000	84.128700	73.390900	67.084600	70.752600	69.618800	69.113700	73.336000	100.127000	103.657000	130.060000	142.425000	119.500000	98.015900	0.491000	0.000000	0.399974	0.000000	0.433485	0.000000	0.396009	0.000000	0.369507	0.000000	0.356584	0.000000	0.316235	0.000000	0.278874	0.004900	0.260535	0.059200	0.220982	0.226200	0.000000	61.641700	61.345700	64.594000	72.985700	93.010300	117.986000	134.233000	133.147000	130.195000	113.635000	102.885000	0.142982	0.282400	0.048250	0.322500	0.000000	0.269400	0.000000	0.304500	0.000000	0.267700	0.011748	0.180700	0.025411	0.004000	0.092618	0.000000	0.185469	0.000000	0.235891	0.000000	0.231285	0.000000	0.217577	0.000000	0.178124	0.000000	0.146273	0.000000	0.409258	2.961000	2.868750	1.327010	2.029760	3.683940	5.555790	5.627190	3.873790	4.225170	1.617760	0.016047	0.000000	113.248000	0.000000	0.000000	231.308000	9.055460	0.000000	4.830690	2.915930	4.213170	5.239390	4.769400	
   46	73.450000	71.850000	65.270000	46.500000	39.040000	28.200000	28.850000	40.310000	43.220000	42.360000	26.000000	5.000000	3.320000	3.320000	2.280000	2.000000	3.600000	41.900000	56.340000	62.970000	71.850000	45.510000	41.900000	35.000000	48.560000	54.320000	60.000000	74.760000	86.440000	88.640000	86.960000	73.480000	246.880000	143.520000	27.000000	5.000000	5.000000	5.000000	7.360000	18.080000	60.000000	90.000000	32.000000	17.000000	17.360000	18.520000	17.600000	16.200000	70.450000	68.850000	59.020000	40.970000	27.370000	21.200000	22.220000	36.310000	44.730000	42.110000	24.000000	0.000000	0.000000	3.320000	3.320000	3.320000	3.600000	41.910000	58.450000	62.970000	76.850000	57.970000	49.900000	43.000000	78.450000	121.930000	114.311000	107.869000	101.796000	103.122000	101.631000	114.798000	125.708000	112.747000	85.039300	75.594400	73.251200	66.894200	63.226200	67.722900	71.747600	72.100400	94.597100	106.400000	119.080000	122.123000	109.021000	108.801000	0.491000	0.000000	0.436341	0.000000	0.447312	0.000000	0.420495	0.000000	0.356680	0.000000	0.304413	0.000000	0.257014	0.000000	0.211843	0.012000	0.203044	0.036000	0.201868	0.203700	0.000000	49.029300	8.943570	19.968100	22.753300	45.140900	57.118600	102.841000	96.580800	105.648000	111.555000	107.246000	0.193630	0.310800	0.201590	0.479100	0.249928	0.697700	0.285922	0.516600	0.255811	0.341500	0.000000	0.313400	0.000000	0.005800	0.000000	0.000000	0.064444	0.000000	0.113566	0.000000	0.125508	0.000000	0.101982	0.000000	0.050550	0.000000	0.004854	0.000000	0.409258	3.221930	2.621520	0.596615	0.477789	3.669600	4.748170	5.360360	4.577350	2.876930	0.000000	10.626100	47.271700	22.689200	0.000000	2.475670	238.165000	9.879110	15.269600	4.744710	3.037720	4.134820	5.252880	4.571870	
   47	73.450000	71.850000	65.270000	46.500000	39.040000	28.200000	28.850000	40.310000	43.220000	42.360000	26.000000	5.000000	3.320000	3.320000	2.280000	2.000000	3.600000	41.900000	56.340000	62.970000	71.850000	45.510000	41.900000	35.000000	48.560000	54.320000	60.000000	74.760000	86.440000	88.640000	86.960000	73.480000	246.880000	143.520000	27.000000	5.000000	5.000000	5.000000	7.360000	18.080000	60.000000	90.000000	32.000000	17.000000	17.360000	18.520000	17.600000	16.200000	70.450000	68.850000	59.020000	40.970000	27.370000	21.200000	22.220000	36.310000	44.730000	42.110000	24.000000	0.000000	0.000000	3.320000	3.320000	3.320000	3.600000	41.910000	58.450000	62.970000	76.850000	57.970000	49.900000	43.000000	78.450000	121.930000	114.311000	107.869000	101.796000	103.122000	101.631000	114.798000	125.708000	112.747000	85.039300	75.594400	73.251200	66.894200	63.226200	67.722900	71.747600	72.100400	94.597100	106.400000	119.080000	122.123000	109.021000	108.801000	0.491000	0.000000	0.436341	0.000000	0.447312	0.000000	0.446477	0.000000	0.392276	0.000000	0.344214	0.000000	0.298112	0.000000	0.253588	0.002600	0.206749	0.034500	0.161254	0.194600	0.000000	41.885700	48.324300	41.035300	38.899400	78.791300	92.090600	112.041000	111.395000	117.749000	113.831000	99.289700	0.095992	0.330200	0.031597	0.412400	0.004920	0.332300	0.067262	0.333700	0.132901	0.419100	0.170402	0.172800	0.205270	0.002700	0.296808	0.000000	0.434690	0.000000	0.515169	0.000000	0.523316	0.000000	0.496230	0.000000	0.425577	0.000000	0.359124	0.000000	0.409258	2.994200	2.759160	1.402920	1.659560	3.747660	5.634960	5.670460	3.687870	4.698290	2.203400	1.925990	0.089669	150.146000	21.973800	0.000000	229.657000	9.208050	0.000000	18.852800	3.198300	4.117500	5.159910	4.545360	
   48	73.450000	71.850000	65.270000	46.500000	39.040000	28.200000	28.850000	40.310000	43.220000	42.360000	26.000000	5.000000	3.320000	3.320000	2.280000	2.000000	3.600000	41.900000	56.340000	62.970000	71.850000	45.510000	41.900000	35.000000	48.560000	54.320000	60.000000	74.760000	86.440000	88.640000	86.960000	73.480000	246.880000	143.520000	27.000000	5.000000	5.000000	5.000000	7.360000	18.080000	60.000000	90.000000	32.000000	17.000000	17.360000	18.520000	17.600000	16.200000	70.450000	68.850000	59.020000	40.970000	27.370000	21.200000	22.220000	36.310000	44.730000	42.110000	24.000000	0.000000	0.000000	3.320000	3.320000	3.320000	3.600000	41.910000	58.450000	62.970000	76.850000	57.970000	49.900000	43.000000	78.450000	119.492000	119.448000	113.420000	114.143000	105.062000	107.522000	131.753000	132.174000	107.432000	113.673000	92.627800	77.347400	63.987400	58.907200	63.256000	63.420000	74.624000	81.522300	114.321000	120.636000	129.642000	123.626000	113.281000	0.491000	0.000000	0.438005	0.000000	0.416070	0.000000	0.381534	0.000000	0.347328	0.000000	0.308734	0.000000	0.276696	0.000000	0.223874	0.005100	0.243852	0.049500	0.252689	0.208100	0.000000	100.632000	102.053000	96.458200	95.525900	99.359300	114.069000	141.336000	139.909000	130.057000	77.305600	54.000400	0.213612	0.419100	0.153758	0.472700	0.000000	0.394000	0.000000	0.589400	0.000000	0.424500	0.000000	0.175300	0.000000	0.003300	0.000000	0.000000	0.019323	0.000000	0.122965	0.000000	0.169409	0.000000	0.173613	0.000000	0.142083	0.000000	0.126182	0.000000	0.409258	3.092930	2.716700	1.149150	1.799740	3.845510	5.445470	5.786430	4.087020	4.542850	0.000000	0.000000	0.000000	102.337000	36.111300	0.000000	230.172000	7.925850	0.000000	5.203080	3.056430	4.114450	5.225470	4.747130	
   49	73.450000	71.850000	65.270000	46.500000	39.040000	28.200000	28.850000	40.310000	43.220000	42.360000	26.000000	5.000000	3.320000	3.320000	2.280000	2.000000	3.600000	41.900000	56.340000	62.970000	71.850000	45.510000	41.900000	35.000000	48.560000	54.320000	60.000000	74.760000	86.440000	88.640000	86.960000	73.480000	246.880000	143.520000	27.000000	5.000000	5.000000	5.000000	7.360000	18.080000	60.000000	90.000000	32.000000	17.000000	17.360000	18.520000	17.600000	16.200000	70.450000	68.850000	59.020000	40.970000	27.370000	21.200000	22.220000	36.310000	44.730000	42.110000	24.000000	0.000000	0.000000	3.320000	3.320000	3.320000	3.600000	41.910000	58.450000	62.970000	76.850000	57.970000	49.900000	43.000000	78.450000	108.021000	97.657000	95.805600	103.100000	102.444000	102.373000	133.954000	121.421000	121.633000	107.718000	85.779500	84.579900	65.309400	63.450000	65.909800	66.231300	75.317000	93.516800	125.132000	153.268000	132.078000	114.813000	113.621000	0.491000	0.000000	0.398937	0.000000	0.391662	0.000000	0.383360	0.000000	0.363894	0.000000	0.349382	0.000000	0.332002	0.000000	0.292551	0.004000	0.243712	0.069400	0.194173	0.153700	0.000000	23.342800	69.594200	79.350800	76.647600	115.146000	122.220000	138.142000	127.569000	140.908000	131.263000	108.741000	0.120656	0.278000	0.000000	0.401800	0.000000	0.284800	0.000000	0.379500	0.000000	0.299000	0.000000	0.134700	0.066540	0.002400	0.172073	0.000000	0.303825	0.000000	0.353428	0.000000	0.355362	0.000000	0.348397	0.000000	0.317431	0.000000	0.308278	0.000000	0.409258	3.077520	2.734770	1.303240	1.870170	3.749930	5.118500	5.627900	4.192680	4.225490	13.010000	0.000000	0.000000	244.036000	29.683200	1.375830	232.239000	8.696020	0.000000	5.222870	3.038910	4.108720	5.193390	4.724420	
   50	73.450000	71.850000	65.270000	46.500000	39.040000	28.200000	28.850000	40.310000	43.220000	42.360000	26.000000	5.000000	3.320000	3.320000	2.280000	2.000000	3.600000	41.900000	56.340000	62.970000	71.850000	45.510000	41.900000	35.000000	48.560000	54.320000	60.000000	74.760000	86.440000	88.640000	86.960000	73.480000	246.880000	143.520000	27.000000	5.000000	5.000000	5.000000	7.360000	18.080000	60.000000	90.000000	32.000000	17.000000	17.360000	18.520000	17.600000	16.200000	70.450000	68.850000	59.020000	40.970000	27.370000	21.200000	22.220000	36.310000	44.730000	42.110000	24.000000	0.000000	0.000000	3.320000	3.320000	3.320000	3.600000	41.910000	58.450000	62.970000	76.850000	57.970000	49.900000	43.000000	78.450000	114.761000	105.976000	98.768700	103.843000	99.904400	108.973000	133.891000	132.730000	110.067000	115.099000	82.923100	71.114000	68.826000	65.781700	70.415600	81.706200	82.606800	96.205500	119.992000	142.507000	147.011000	127.984000	119.052000	0.491000	0.000000	0.460154	0.000000	0.457658	0.000000	0.409615	0.000000	0.378247	0.000000	0.324955	0.000000	0.266855	0.000000	0.231292	0.006100	0.188383	0.066100	0.190916	0.264900	0.000000	64.577200	59.567500	63.543200	67.013700	98.029800	105.048000	111.683000	113.450000	110.684000	113.635000	106.897000	0.155644	0.388600	0.055618	0.394500	0.000000	0.410100	0.000000	0.390000	0.000000	0.335200	0.000000	0.224200	0.064137	0.008000	0.130690	0.000000	0.186358	0.000000	0.195220	0.000000	0.216339	0.000000	0.234775	0.000000	0.209912	0.000000	0.173485	0.000000	0.409258	3.100250	2.731280	1.306170	1.943870	3.985350	5.190090	5.378000	4.096590	3.695180	16.061600	0.000000	0.000000	157.805000	24.621800	13.612600	212.503000	9.488260	0.000000	5.341150	3.174440	4.128900	5.143760	4.455780	
   51	73.450000	71.850000	65.270000	46.500000	39.040000	28.200000	28.850000	40.310000	43.220000	42.360000	26.000000	5.000000	3.320000	3.320000	2.280000	2.000000	3.600000	41.900000	56.340000	62.970000	71.850000	45.510000	41.900000	35.000000	48.560000	54.320000	60.000000	74.760000	86.440000	88.640000	86.960000	73.480000	246.880000	143.520000	27.000000	5.000000	5.000000	5.000000	7.360000	18.080000	60.000000	90.000000	32.000000	17.000000	17.360000	18.520000	17.600000	16.200000	70.450000	68.850000	59.020000	40.970000	27.370000	21.200000	22.220000	36.310000	44.730000	42.110000	24.000000	0.000000	0.000000	3.320000	3.320000	3.320000	3.600000	41.910000	58.450000	62.970000	76.850000	57.970000	49.900000	43.000000	78.450000	114.034000	105.128000	97.841300	95.202300	95.367900	103.081000	122.836000	127.887000	110.168000	99.101600	82.758900	79.716800	76.312100	79.560000	84.907000	86.830100	90.649100	101.412000	115.365000	122.266000	128.374000	115.099000	104.573000	0.491000	0.000000	0.512023	0.000000	0.498329	0.000000	0.454723	0.000000	0.402500	0.000000	0.367346	0.000000	0.342429	0.000000	0.318267	0.003000	0.332664	0.053700	0.336401	0.254700	0.000000	84.815100	84.588300	79.728100	87.260200	85.794100	103.761000	126.955000	123.677000	117.511000	125.282000	114.218000	0.302852	0.693300	0.196309	0.723300	0.059504	0.320200	0.000000	0.429100	0.000000	0.327500	0.004902	0.259800	0.008819	0.002100	0.054182	0.000000	0.130485	0.000000	0.162320	0.000000	0.151213	0.000000	0.129193	0.000000	0.107917	0.000000	0.093769	0.000000	0.409258	2.614260	2.222040	1.273690	1.860070	3.963370	4.791320	5.700330	3.853110	3.961060	18.206100	0.000000	0.000000	102.681000	6.719000	0.000000	232.429000	9.226730	4.324200	4.814470	2.837150	4.177910	5.287290	4.636040	
   52	73.450000	71.850000	65.270000	46.500000	39.040000	28.200000	28.850000	40.310000	43.220000	42.360000	26.000000	5.000000	3.320000	3.320000	2.280000	2.000000	3.600000	41.900000	56.340000	62.970000	71.850000	45.510000	41.900000	35.000000	48.560000	54.320000	60.000000	74.760000	86.440000	88.640000	86.960000	73.480000	246.880000	143.520000	27.000000	5.000000	5.000000	5.000000	7.360000	18.080000	60.000000	90.000000	32.000000	17.000000	17.360000	18.520000	17.600000	16.200000	70.450000	68.850000	59.020000	40.970000	27.370000	21.200000	22.220000	36.310000	44.730000	42.110000	24.000000	0.000000	0.000000	3.320000	3.320000	3.320000	3.600000	41.910000	58.450000	62.970000	76.850000	57.970000	49.900000	43.000000	78.450000	96.820800	95.301600	85.050500	103.843000	99.904400	108.973000	133.891000	132.730000	110.067000	115.099000	82.923100	71.114000	68.826000	65.781700	70.415600	65.568100	76.094100	95.617700	114.017000	130.155000	122.482000	119.477000	105.624000	0.491000	0.000000	0.418473	0.000000	0.388770	0.000000	0.358410	0.000000	0.318451	0.000000	0.305832	0.000000	0.279605	0.000000	0.226912	0.005100	0.190060	0.067800	0.162503	0.313500	0.000000	39.194600	35.803000	35.723200	56.992000	78.791300	92.090600	112.041000	111.395000	117.749000	113.831000	99.289700	0.140607	0.484800	0.000000	0.460000	0.000000	0.434600	0.000000	0.454800	0.000000	0.311100	0.000000	0.186400	0.046693	0.007200	0.115451	0.000000	0.201584	0.000000	0.232601	0.000000	0.253840	0.000000	0.254801	0.000000	0.187798	0.000000	0.202323	0.000000	0.409258	3.252500	2.607710	1.163330	1.230650	3.643820	5.259120	5.597940	4.340430	4.410600	0.000000	2.831410	2.026660	129.710000	13.260500	0.000000	228.716000	7.546110	0.000000	5.710950	3.413030	4.180400	5.229240	4.378200	
   53	73.450000	71.850000	65.270000	46.500000	39.040000	28.200000	28.850000	40.310000	43.220000	42.360000	26.000000	5.000000	3.320000	3.320000	2.280000	2.000000	3.600000	41.900000	56.340000	62.970000	71.850000	45.510000	41.900000	35.000000	48.560000	54.320000	60.000000	74.760000	86.440000	88.640000	86.960000	73.480000	246.880000	143.520000	27.000000	5.000000	5.000000	5.000000	7.360000	18.080000	60.000000	90.000000	32.000000	17.000000	17.360000	18.520000	17.600000	16.200000	70.450000	68.850000	59.020000	40.970000	27.370000	21.200000	22.220000	36.310000	44.730000	42.110000	24.000000	0.000000	0.000000	3.320000	3.320000	3.320000	3.600000	41.910000	58.450000	62.970000	76.850000	57.970000	49.900000	43.000000	78.450000	121.930000	114.311000	107.869000	101.796000	103.122000	101.631000	114.798000	125.708000	112.747000	85.039300	75.594400	73.251200	66.894200	63.226200	67.722900	71.747600	72.100400	94.597100	106.400000	119.080000	122.123000	109.021000	108.801000	0.491000	0.000000	0.436341	0.000000	0.447312	0.000000	0.374420	0.000000	0.293083	0.000000	0.266429	0.000000	0.158697	0.000000	0.123151	0.010900	0.085362	0.125800	0.051170	0.317600	0.000000	83.066600	72.004600	69.534000	82.503000	102.093000	120.001000	148.812000	78.043000	84.711500	77.305600	54.000400	0.177923	0.573800	0.125765	0.521800	0.061877	0.685200	0.112853	0.540300	0.174261	0.273800	0.187794	0.143600	0.193739	0.005700	0.219660	0.000000	0.220920	0.000000	0.182767	0.000000	0.123607	0.000000	0.071863	0.000000	0.030050	0.000000	0.023221	0.000000	0.409258	3.190260	2.797750	1.511360	1.805250	4.428550	5.325030	5.653350	4.067740	4.537940	11.638800	0.000000	0.000000	158.302000	13.855900	0.184738	230.990000	9.147240	0.000000	5.130240	3.019040	4.078300	5.336000	4.696000	
   54	73.450000	71.850000	65.270000	46.500000	39.040000	28.200000	28.850000	40.310000	43.220000	42.360000	26.000000	5.000000	3.320000	3.320000	2.280000	2.000000	3.600000	41.900000	56.340000	62.970000	71.850000	45.510000	41.900000	35.000000	48.560000	54.320000	60.000000	74.760000	86.440000	88.640000	86.960000	73.480000	246.880000	143.520000	27.000000	5.000000	5.000000	5.000000	7.360000	18.080000	60.000000	90.000000	32.000000	17.000000	17.360000	18.520000	17.600000	16.200000	70.450000	68.850000	59.020000	40.970000	27.370000	21.200000	22.220000	36.310000	44.730000	42.110000	24.000000	0.000000	0.000000	3.320000	3.320000	3.320000	3.600000	41.910000	58.450000	62.970000	76.850000	57.970000	49.900000	43.000000	78.450000	114.761000	105.976000	98.768700	103.843000	99.904400	108.973000	133.891000	132.730000	110.067000	115.099000	82.923100	71.114000	68.826000	65.781700	70.415600	81.706200	82.606800	96.205500	119.992000	142.507000	147.011000	127.984000	119.052000	0.491000	0.000000	0.460154	0.000000	0.457658	0.000000	0.409615	0.000000	0.378247	0.000000	0.324955	0.000000	0.266855	0.000000	0.231292	0.006100	0.188383	0.066100	0.190916	0.264900	0.000000	64.577200	59.567500	63.543200	67.013700	98.029800	105.048000	111.683000	113.450000	110.684000	113.635000	106.897000	0.155644	0.388600	0.055618	0.394500	0.000000	0.410100	0.000000	0.390000	0.000000	0.335200	0.000000	0.224200	0.064137	0.008000	0.130690	0.000000	0.186358	0.000000	0.195220	0.000000	0.216339	0.000000	0.234775	0.000000	0.209912	0.000000	0.173485	0.000000	0.409258	3.401560	2.975050	0.931086	1.222530	2.382060	5.400580	6.004750	4.396630	5.369490	36.588100	0.000000	0.000000	266.272000	0.003580	0.000000	236.337000	7.615960	0.000000	5.271530	3.093180	4.014940	5.074050	4.876310	
   55	73.450000	71.850000	65.270000	46.500000	39.040000	28.200000	28.850000	40.310000	43.220000	42.360000	26.000000	5.000000	3.320000	3.320000	2.280000	2.000000	3.600000	41.900000	56.340000	62.970000	71.850000	45.510000	41.900000	35.000000	48.560000	54.320000	60.000000	74.760000	86.440000	88.640000	86.960000	73.480000	246.880000	143.520000	27.000000	5.000000	5.000000	5.000000	7.360000	18.080000	60.000000	90.000000	32.000000	17.000000	17.360000	18.520000	17.600000	16.200000	70.450000	68.850000	59.020000	40.970000	27.370000	21.200000	22.220000	36.310000	44.730000	42.110000	24.000000	0.000000	0.000000	3.320000	3.320000	3.320000	3.600000	41.910000	58.450000	62.970000	76.850000	57.970000	49.900000	43.000000	78.450000	114.761000	105.976000	98.768700	103.843000	99.904400	108.973000	133.891000	132.730000	110.067000	115.099000	82.923100	71.114000	68.826000	65.781700	70.415600	81.706200	82.606800	96.205500	119.992000	142.507000	147.011000	127.984000	119.052000	0.491000	0.000000	0.460154	0.000000	0.457658	0.000000	0.409615	0.000000	0.378247	0.000000	0.324955	0.000000	0.266855	0.000000	0.231292	0.006100	0.188383	0.066100	0.190916	0.264900	0.000000	64.577200	59.567500	63.543200	67.013700	98.029800	105.048000	111.683000	113.450000	110.684000	113.635000	106.897000	0.155644	0.388600	0.055618	0.394500	0.000000	0.410100	0.000000	0.390000	0.000000	0.335200	0.000000	0.224200	0.064137	0.008000	0.130690	0.000000	0.186358	0.000000	0.195220	0.000000	0.216339	0.000000	0.234775	0.000000	0.209912	0.000000	0.173485	0.000000	0.409258	3.135120	2.676220	1.311810	1.728830	3.702670	5.129530	5.650550	4.201850	4.254400	17.063100	0.000000	0.000000	167.040000	12.396700	0.719529	231.554000	9.263280	0.000000	4.999980	2.768660	3.980980	5.417770	4.352490	
   56	73.450000	71.850000	65.270000	46.500000	39.040000	28.200000	28.850000	40.310000	43.220000	42.360000	26.000000	5.000000	3.320000	3.320000	2.280000	2.000000	3.600000	41.900000	56.340000	62.970000	71.850000	45.510000	41.900000	35.000000	48.560000	54.320000	60.000000	74.760000	86.440000	88.640000	86.960000	73.480000	246.880000	143.520000	27.000000	5.000000	5.000000	5.000000	7.360000	18.080000	60.000000	90.000000	32.000000	17.000000	17.360000	18.520000	17.600000	16.200000	70.450000	68.850000	59.020000	40.970000	27.370000	21.200000	22.220000	36.310000	44.730000	42.110000	24.000000	0.000000	0.000000	3.320000	3.320000	3.320000	3.600000	41.910000	58.450000	62.970000	76.850000	57.970000	49.900000	43.000000	78.450000	114.761000	105.976000	98.768700	103.843000	99.904400	108.973000	133.891000	132.730000	110.067000	115.099000	82.923100	71.114000	68.826000	65.781700	70.415600	81.706200	82.606800	96.205500	119.992000	142.507000	147.011000	127.984000	119.052000	0.491000	0.000000	0.460154	0.000000	0.457658	0.000000	0.409615	0.000000	0.378247	0.000000	0.324955	0.000000	0.266855	0.000000	0.231292	0.006100	0.188383	0.066100	0.190916	0.264900	0.000000	64.577200	59.567500	63.543200	67.013700	98.029800	105.048000	111.683000	113.450000	110.684000	113.635000	106.897000	0.155644	0.388600	0.055618	0.394500	0.000000	0.410100	0.000000	0.390000	0.000000	0.335200	0.000000	0.224200	0.064137	0.008000	0.130690	0.000000	0.186358	0.000000	0.195220	0.000000	0.216339	0.000000	0.234775	0.000000	0.209912	0.000000	0.173485	0.000000	0.409258	3.127690	2.691010	1.332500	1.672410	3.693840	5.144240	5.626180	4.052200	4.192990	2.821500	0.239218	2.825520	67.511600	7.751040	0.294047	254.495000	7.979930	8.437590	4.604780	2.702600	4.074300	5.104220	4.346210	
   57	73.450000	71.850000	65.270000	46.500000	39.040000	28.200000	28.850000	40.310000	43.220000	42.360000	26.000000	5.000000	3.320000	3.320000	2.280000	2.000000	3.600000	41.900000	56.340000	62.970000	71.850000	45.510000	41.900000	35.000000	48.560000	54.320000	60.000000	74.760000	86.440000	88.640000	86.960000	73.480000	246.880000	143.520000	27.000000	5.000000	5.000000	5.000000	7.360000	18.080000	60.000000	90.000000	32.000000	17.000000	17.360000	18.520000	17.600000	16.200000	70.450000	68.850000	59.020000	40.970000	27.370000	21.200000	22.220000	36.310000	44.730000	42.110000	24.000000	0.000000	0.000000	3.320000	3.320000	3.320000	3.600000	41.910000	58.450000	62.970000	76.850000	57.970000	49.900000	43.000000	78.450000	118.507000	115.282000	104.845000	110.529000	108.496000	110.739000	129.563000	134.459000	109.135000	99.807400	84.342000	71.114000	68.826000	65.781700	70.415600	65.568100	76.094100	95.617700	114.017000	130.155000	122.482000	119.477000	105.624000	0.491000	0.000000	0.421768	0.000000	0.393654	0.000000	0.344822	0.000000	0.313649	0.000000	0.293203	0.000000	0.252666	0.000000	0.195767	0.009200	0.133746	0.065800	0.092670	0.389000	0.000000	53.099500	56.614100	49.271400	45.794900	89.704200	109.329000	144.894000	126.074000	133.568000	124.475000	121.581000	0.053731	0.381300	0.000000	0.555900	0.000000	0.456000	0.000000	0.355100	0.000000	0.323500	0.000000	0.171000	0.032096	0.003300	0.107376	0.000000	0.183409	0.000000	0.232444	0.000000	0.169409	0.000000	0.173613	0.000000	0.131993	0.000000	0.126182	0.000000	0.409258	2.551830	2.676220	1.311810	1.728830	3.702670	5.129530	5.650550	4.201850	4.254400	17.063100	0.000000	0.000000	167.040000	12.396700	0.217384	230.493000	9.193270	0.372303	5.284280	3.136570	4.157380	5.219120	4.684550	
   58	73.450000	71.850000	65.270000	46.500000	39.040000	28.200000	28.850000	40.310000	43.220000	42.360000	26.000000	5.000000	3.320000	3.320000	2.280000	2.000000	3.600000	41.900000	56.340000	62.970000	71.850000	45.510000	41.900000	35.000000	48.560000	54.320000	60.000000	74.760000	86.440000	88.640000	86.960000	73.480000	246.880000	143.520000	27.000000	5.000000	5.000000	5.000000	7.360000	18.080000	60.000000	90.000000	32.000000	17.000000	17.360000	18.520000	17.600000	16.200000	70.450000	68.850000	59.020000	40.970000	27.370000	21.200000	22.220000	36.310000	44.730000	42.110000	24.000000	0.000000	0.000000	3.320000	3.320000	3.320000	3.600000	41.910000	58.450000	62.970000	76.850000	57.970000	49.900000	43.000000	78.450000	96.820800	95.301600	85.050500	103.843000	99.904400	108.973000	133.891000	132.730000	110.067000	115.099000	82.923100	71.114000	68.826000	65.781700	70.415600	65.568100	76.094100	95.617700	114.017000	130.155000	122.482000	119.477000	105.624000	0.491000	0.000000	0.418473	0.000000	0.388770	0.000000	0.358410	0.000000	0.318451	0.000000	0.305832	0.000000	0.279605	0.000000	0.226912	0.005100	0.190060	0.067800	0.162503	0.313500	0.000000	39.194600	35.803000	35.723200	56.992000	78.791300	92.090600	112.041000	111.395000	117.749000	113.831000	99.289700	0.140607	0.484800	0.000000	0.460000	0.000000	0.434600	0.000000	0.454800	0.000000	0.311100	0.000000	0.186400	0.046693	0.007200	0.115451	0.000000	0.201584	0.000000	0.232601	0.000000	0.253840	0.000000	0.254801	0.000000	0.187798	0.000000	0.202323	0.000000	0.409258	3.252500	2.607710	1.163330	1.230650	3.643820	5.259120	5.597940	4.340430	4.410600	0.000000	2.831410	2.026660	129.710000	13.260500	0.000000	228.716000	7.546110	0.000000	5.710950	3.413030	4.180400	5.229240	4.378200	
   59	73.450000	71.850000	65.270000	46.500000	39.040000	28.200000	28.850000	40.310000	43.220000	42.360000	26.000000	5.000000	3.320000	3.320000	2.280000	2.000000	3.600000	41.900000	56.340000	62.970000	71.850000	45.510000	41.900000	35.000000	48.560000	54.320000	60.000000	74.760000	86.440000	88.640000	86.960000	73.480000	246.880000	143.520000	27.000000	5.000000	5.000000	5.000000	7.360000	18.080000	60.000000	90.000000	32.000000	17.000000	17.360000	18.520000	17.600000	16.200000	70.450000	68.850000	59.020000	40.970000	27.370000	21.200000	22.220000	36.310000	44.730000	42.110000	24.000000	0.000000	0.000000	3.320000	3.320000	3.320000	3.600000	41.910000	58.450000	62.970000	76.850000	57.970000	49.900000	43.000000	78.450000	114.038000	108.360000	106.191000	108.824000	112.351000	120.775000	140.492000	142.970000	118.577000	102.229000	79.595800	78.692900	66.539100	67.221200	69.611400	71.801600	83.575600	94.543300	109.830000	129.545000	152.296000	118.806000	113.783000	0.491000	0.000000	0.438969	0.000000	0.433590	0.000000	0.405915	0.000000	0.375852	0.000000	0.345174	0.000000	0.302865	0.000000	0.272285	0.005000	0.257998	0.088400	0.233667	0.248900	0.000000	32.220000	28.549600	29.434400	11.953100	41.164900	69.378400	99.775900	109.738000	106.780000	112.802000	104.310000	0.192385	0.390400	0.094558	0.455800	0.013307	0.548000	0.036562	0.505000	0.067557	0.518600	0.000000	0.316500	0.025459	0.004000	0.133495	0.000000	0.199372	0.000000	0.235812	0.000000	0.234400	0.000000	0.232295	0.000000	0.131993	0.000000	0.105069	0.000000	0.409258	3.160130	2.742110	2.029610	2.525120	2.369760	5.028480	5.968140	4.406580	4.348550	0.000000	0.000000	0.000000	68.710300	2.382380	0.000000	233.136000	10.439400	10.967000	5.608900	3.504570	4.523260	5.662820	5.328970	
   60	73.450000	71.850000	65.270000	46.500000	39.040000	28.200000	28.850000	40.310000	43.220000	42.360000	26.000000	5.000000	3.320000	3.320000	2.280000	2.000000	3.600000	41.900000	56.340000	62.970000	71.850000	45.510000	41.900000	35.000000	48.560000	54.320000	60.000000	74.760000	86.440000	88.640000	86.960000	73.480000	246.880000	143.520000	27.000000	5.000000	5.000000	5.000000	7.360000	18.080000	60.000000	90.000000	32.000000	17.000000	17.360000	18.520000	17.600000	16.200000	70.450000	68.850000	59.020000	40.970000	27.370000	21.200000	22.220000	36.310000	44.730000	42.110000	24.000000	0.000000	0.000000	3.320000	3.320000	3.320000	3.600000	41.910000	58.450000	62.970000	76.850000	57.970000	49.900000	43.000000	78.450000	114.034000	105.128000	97.841300	95.202300	95.367900	103.081000	122.836000	127.887000	110.168000	99.101600	82.758900	79.716800	76.312100	79.560000	84.907000	86.830100	90.649100	101.412000	115.365000	122.266000	128.374000	115.099000	104.573000	0.491000	0.000000	0.423111	0.000000	0.434339	0.000000	0.453875	0.000000	0.450072	0.000000	0.441070	0.000000	0.415751	0.000000	0.385418	0.004700	0.404166	0.071000	0.382556	0.295200	0.000000	17.072500	13.795900	78.732600	80.386500	94.135500	86.261600	115.552000	101.499000	94.366100	98.292600	92.758800	0.329418	0.246800	0.248918	0.298300	0.157373	0.326100	0.130235	0.267000	0.094494	0.318100	0.085897	0.224500	0.132454	0.005500	0.184868	0.000000	0.271591	0.000000	0.321238	0.000000	0.276673	0.000000	0.270199	0.000000	0.238853	0.000000	0.223378	0.000000	0.409258	2.898990	2.455080	1.724130	3.055170	2.793870	4.694660	5.705550	4.156190	2.354660	20.692700	0.830360	0.000000	91.824700	25.177000	18.764500	204.119000	10.124700	0.044202	5.445160	3.067800	4.362070	5.154180	4.898050	
   61	73.450000	71.850000	65.270000	46.500000	39.040000	28.200000	28.850000	40.310000	43.220000	42.360000	26.000000	5.000000	3.320000	3.320000	2.280000	2.000000	3.600000	41.900000	56.340000	62.970000	71.850000	45.510000	41.900000	35.000000	48.560000	54.320000	60.000000	74.760000	86.440000	88.640000	86.960000	73.480000	246.880000	143.520000	27.000000	5.000000	5.000000	5.000000	7.360000	18.080000	60.000000	90.000000	32.000000	17.000000	17.360000	18.520000	17.600000	16.200000	70.450000	68.850000	59.020000	40.970000	27.370000	21.200000	22.220000	36.310000	44.730000	42.110000	24.000000	0.000000	0.000000	3.320000	3.320000	3.320000	3.600000	41.910000	58.450000	62.970000	76.850000	57.970000	49.900000	43.000000	78.450000	114.761000	105.976000	98.768700	103.843000	99.904400	108.973000	133.891000	132.730000	110.067000	115.099000	82.923100	71.114000	68.826000	65.781700	70.415600	81.706200	82.606800	96.205500	119.992000	142.507000	147.011000	127.984000	119.052000	0.491000	0.000000	0.460154	0.000000	0.457658	0.000000	0.409615	0.000000	0.378247	0.000000	0.324955	0.000000	0.266855	0.000000	0.231292	0.006100	0.188383	0.066100	0.190916	0.264900	0.000000	64.577200	59.567500	63.543200	67.013700	98.029800	105.048000	111.683000	113.450000	110.684000	113.635000	106.897000	0.155644	0.388600	0.055618	0.394500	0.000000	0.410100	0.000000	0.390000	0.000000	0.335200	0.000000	0.224200	0.064137	0.008000	0.130690	0.000000	0.186358	0.000000	0.195220	0.000000	0.216339	0.000000	0.234775	0.000000	0.209912	0.000000	0.173485	0.000000	0.409258	2.614260	2.222040	1.273690	1.860070	3.963370	4.791320	5.700330	3.853110	3.961060	18.206100	0.000000	0.000000	161.892000	3.046440	0.000000	253.853000	9.023330	0.000000	5.221890	3.051450	3.933950	5.125780	4.661120	
   62	73.450000	71.850000	65.270000	46.500000	39.040000	28.200000	28.850000	40.310000	43.220000	42.360000	26.000000	5.000000	3.320000	3.320000	2.280000	2.000000	3.600000	41.900000	56.340000	62.970000	71.850000	45.510000	41.900000	35.000000	48.560000	54.320000	60.000000	74.760000	86.440000	88.640000	86.960000	73.480000	246.880000	143.520000	27.000000	5.000000	5.000000	5.000000	7.360000	18.080000	60.000000	90.000000	32.000000	17.000000	17.360000	18.520000	17.600000	16.200000	70.450000	68.850000	59.020000	40.970000	27.370000	21.200000	22.220000	36.310000	44.730000	42.110000	24.000000	0.000000	0.000000	3.320000	3.320000	3.320000	3.600000	41.910000	58.450000	62.970000	76.850000	57.970000	49.900000	43.000000	78.450000	114.090000	108.357000	105.711000	105.687000	95.895800	110.036000	124.419000	128.880000	114.284000	115.642000	92.039400	77.425900	54.481400	57.795700	61.340000	69.628200	72.753900	92.374700	123.109000	139.322000	136.560000	113.305000	104.752000	0.491000	0.000000	0.428696	0.000000	0.418140	0.000000	0.402083	0.000000	0.378421	0.000000	0.368449	0.000000	0.327407	0.000000	0.283373	0.003200	0.256208	0.031100	0.415700	0.251100	0.000000	27.805400	27.467100	29.382200	27.998500	48.763500	84.315100	98.681500	90.305900	111.946000	107.385000	100.939000	0.042013	0.500700	0.235702	0.379400	0.000000	0.353300	0.048769	0.423700	0.000000	0.389200	0.022367	0.190600	0.056448	0.003900	0.141811	0.000000	0.238627	0.000000	0.179516	0.000000	0.214709	0.000000	0.219364	0.000000	0.210286	0.000000	0.226032	0.000000	0.409258	3.664350	3.025710	2.724050	4.459370	3.782600	5.326150	5.598710	4.070390	4.270670	4.762560	1.898670	5.104310	95.181800	10.246800	0.560957	229.848000	8.956610	0.000000	5.270800	3.042340	4.108520	5.256090	4.873260	
   63	73.450000	71.850000	65.270000	46.500000	39.040000	28.200000	28.850000	40.310000	43.220000	42.360000	26.000000	5.000000	3.320000	3.320000	2.280000	2.000000	3.600000	41.900000	56.340000	62.970000	71.850000	45.510000	41.900000	35.000000	48.560000	54.320000	60.000000	74.760000	86.440000	88.640000	86.960000	73.480000	246.880000	143.520000	27.000000	5.000000	5.000000	5.000000	7.360000	18.080000	60.000000	90.000000	32.000000	17.000000	17.360000	18.520000	17.600000	16.200000	70.450000	68.850000	59.020000	40.970000	27.370000	21.200000	22.220000	36.310000	44.730000	42.110000	24.000000	0.000000	0.000000	3.320000	3.320000	3.320000	3.600000	41.910000	58.450000	62.970000	76.850000	57.970000	49.900000	43.000000	78.450000	114.038000	108.360000	106.191000	108.824000	112.351000	120.775000	140.492000	142.970000	118.577000	102.229000	79.595800	78.692900	66.539100	67.221200	69.611400	71.801600	83.575600	94.543300	109.830000	129.545000	152.296000	118.806000	113.783000	0.491000	0.000000	0.438969	0.000000	0.433590	0.000000	0.405915	0.000000	0.375852	0.000000	0.345174	0.000000	0.302865	0.000000	0.272285	0.005000	0.257998	0.088400	0.233667	0.248900	0.000000	32.220000	28.549600	29.434400	11.953100	41.164900	69.378400	99.775900	109.738000	106.780000	112.802000	104.310000	0.192385	0.390400	0.094558	0.455800	0.013307	0.548000	0.036562	0.505000	0.067557	0.518600	0.000000	0.316500	0.025459	0.004000	0.133495	0.000000	0.199372	0.000000	0.235812	0.000000	0.234400	0.000000	0.232295	0.000000	0.131993	0.000000	0.105069	0.000000	0.409258	3.052560	2.720110	1.451580	2.184850	3.314590	5.075080	5.538470	4.254070	3.819850	14.937100	11.456000	7.453060	62.016600	12.632300	0.000000	228.936000	9.563450	0.000000	5.401270	3.282730	4.170260	5.129710	4.708240	
   64	73.450000	71.850000	65.270000	46.500000	39.040000	28.200000	28.850000	40.310000	43.220000	42.360000	26.000000	5.000000	3.320000	3.320000	2.280000	2.000000	3.600000	41.900000	56.340000	62.970000	71.850000	45.510000	41.900000	35.000000	48.560000	54.320000	60.000000	74.760000	86.440000	88.640000	86.960000	73.480000	246.880000	143.520000	27.000000	5.000000	5.000000	5.000000	7.360000	18.080000	60.000000	90.000000	32.000000	17.000000	17.360000	18.520000	17.600000	16.200000	70.450000	68.850000	59.020000	40.970000	27.370000	21.200000	22.220000	36.310000	44.730000	42.110000	24.000000	0.000000	0.000000	3.320000	3.320000	3.320000	3.600000	41.910000	58.450000	62.970000	76.850000	57.970000	49.900000	43.000000	78.450000	114.038000	108.360000	106.191000	108.824000	112.351000	120.775000	140.492000	142.970000	118.577000	102.229000	79.595800	78.692900	66.539100	67.221200	69.611400	71.801600	83.575600	94.543300	109.830000	129.545000	152.296000	118.806000	113.783000	0.491000	0.000000	0.438969	0.000000	0.433590	0.000000	0.405915	0.000000	0.375852	0.000000	0.345174	0.000000	0.302865	0.000000	0.272285	0.005000	0.257998	0.088400	0.233667	0.248900	0.000000	32.220000	28.549600	29.434400	11.953100	41.164900	69.378400	99.775900	109.738000	106.780000	112.802000	104.310000	0.192385	0.390400	0.094558	0.455800	0.013307	0.548000	0.036562	0.505000	0.067557	0.518600	0.000000	0.316500	0.025459	0.004000	0.133495	0.000000	0.199372	0.000000	0.235812	0.000000	0.234400	0.000000	0.232295	0.000000	0.131993	0.000000	0.105069	0.000000	0.409258	1.901610	1.616360	0.743488	0.705862	1.287880	4.327440	5.859530	4.235940	5.582590	0.000000	0.000000	0.000000	85.784700	11.909200	0.000000	228.716000	7.546110	0.000000	5.710950	3.093180	4.014940	5.074050	4.876310	
   65	73.450000	71.850000	65.270000	46.500000	39.040000	28.200000	28.850000	40.310000	43.220000	42.360000	26.000000	5.000000	3.320000	3.320000	2.280000	2.000000	3.600000	41.900000	56.340000	62.970000	71.850000	45.510000	41.900000	35.000000	48.560000	54.320000	60.000000	74.760000	86.440000	88.640000	86.960000	73.480000	246.880000	143.520000	27.000000	5.000000	5.000000	5.000000	7.360000	18.080000	60.000000	90.000000	32.000000	17.000000	17.360000	18.520000	17.600000	16.200000	70.450000	68.850000	59.020000	40.970000	27.370000	21.200000	22.220000	36.310000	44.730000	42.110000	24.000000	0.000000	0.000000	3.320000	3.320000	3.320000	3.600000	41.910000	58.450000	62.970000	76.850000	57.970000	49.900000	43.000000	78.450000	114.761000	105.976000	98.768700	103.843000	99.904400	108.973000	133.891000	132.730000	110.067000	115.099000	82.923100	71.114000	68.826000	65.781700	70.415600	81.706200	82.606800	96.205500	119.992000	142.507000	147.011000	127.984000	119.052000	0.491000	0.000000	0.460154	0.000000	0.457658	0.000000	0.409615	0.000000	0.378247	0.000000	0.324955	0.000000	0.266855	0.000000	0.231292	0.006100	0.188383	0.066100	0.190916	0.264900	0.000000	64.577200	59.567500	63.543200	67.013700	98.029800	105.048000	111.683000	113.450000	110.684000	113.635000	106.897000	0.155644	0.388600	0.055618	0.394500	0.000000	0.410100	0.000000	0.390000	0.000000	0.335200	0.000000	0.224200	0.064137	0.008000	0.130690	0.000000	0.186358	0.000000	0.195220	0.000000	0.216339	0.000000	0.234775	0.000000	0.209912	0.000000	0.173485	0.000000	0.409258	3.075430	2.731120	1.113830	1.779600	3.259660	5.038580	5.719620	3.920160	2.879850	15.284600	3.036440	0.324075	113.187000	8.390210	0.000000	230.638000	9.979630	2.917460	4.448400	2.518300	4.049030	4.994730	4.085900	
   66	73.450000	71.850000	65.270000	46.500000	39.040000	28.200000	28.850000	40.310000	43.220000	42.360000	26.000000	5.000000	3.320000	3.320000	2.280000	2.000000	3.600000	41.900000	56.340000	62.970000	71.850000	45.510000	41.900000	35.000000	48.560000	54.320000	60.000000	74.760000	86.440000	88.640000	86.960000	73.480000	246.880000	143.520000	27.000000	5.000000	5.000000	5.000000	7.360000	18.080000	60.000000	90.000000	32.000000	17.000000	17.360000	18.520000	17.600000	16.200000	70.450000	68.850000	59.020000	40.970000	27.370000	21.200000	22.220000	36.310000	44.730000	42.110000	24.000000	0.000000	0.000000	3.320000	3.320000	3.320000	3.600000	41.910000	58.450000	62.970000	76.850000	57.970000	49.900000	43.000000	78.450000	114.090000	108.357000	105.711000	105.687000	95.895800	110.036000	124.419000	128.880000	114.284000	115.642000	92.039400	77.425900	54.481400	57.795700	61.340000	69.628200	72.753900	92.374700	123.109000	139.322000	136.560000	113.305000	104.752000	0.491000	0.000000	0.428696	0.000000	0.418140	0.000000	0.402083	0.000000	0.378421	0.000000	0.368449	0.000000	0.327407	0.000000	0.283373	0.003200	0.256208	0.031100	0.415700	0.251100	0.000000	27.805400	27.467100	29.382200	27.998500	48.763500	84.315100	98.681500	90.305900	111.946000	107.385000	100.939000	0.042013	0.500700	0.235702	0.379400	0.000000	0.353300	0.048769	0.423700	0.000000	0.389200	0.022367	0.190600	0.056448	0.003900	0.141811	0.000000	0.238627	0.000000	0.179516	0.000000	0.214709	0.000000	0.219364	0.000000	0.210286	0.000000	0.226032	0.000000	0.409258	3.664350	3.025710	2.724050	4.459370	3.782600	5.326150	5.598710	4.070390	4.270670	4.762560	1.898670	5.104310	95.181800	10.246800	0.560957	229.848000	8.956610	0.000000	5.270800	3.042340	4.108520	5.256090	4.873260	
   67	73.450000	71.850000	65.270000	46.500000	39.040000	28.200000	28.850000	40.310000	43.220000	42.360000	26.000000	5.000000	3.320000	3.320000	2.280000	2.000000	3.600000	41.900000	56.340000	62.970000	71.850000	45.510000	41.900000	35.000000	48.560000	54.320000	60.000000	74.760000	86.440000	88.640000	86.960000	73.480000	246.880000	143.520000	27.000000	5.000000	5.000000	5.000000	7.360000	18.080000	60.000000	90.000000	32.000000	17.000000	17.360000	18.520000	17.600000	16.200000	70.450000	68.850000	59.020000	40.970000	27.370000	21.200000	22.220000	36.310000	44.730000	42.110000	24.000000	0.000000	0.000000	3.320000	3.320000	3.320000	3.600000	41.910000	58.450000	62.970000	76.850000	57.970000	49.900000	43.000000	78.450000	114.038000	108.360000	106.191000	108.824000	112.351000	120.775000	140.492000	142.970000	118.577000	102.229000	79.595800	78.692900	66.539100	67.221200	69.611400	71.801600	83.575600	94.543300	109.830000	129.545000	152.296000	118.806000	113.783000	0.491000	0.000000	0.438969	0.000000	0.433590	0.000000	0.405915	0.000000	0.375852	0.000000	0.345174	0.000000	0.302865	0.000000	0.272285	0.005000	0.257998	0.088400	0.233667	0.248900	0.000000	32.220000	28.549600	29.434400	11.953100	41.164900	69.378400	99.775900	109.738000	106.780000	112.802000	104.310000	0.192385	0.390400	0.094558	0.455800	0.013307	0.548000	0.036562	0.505000	0.067557	0.518600	0.000000	0.316500	0.025459	0.004000	0.133495	0.000000	0.199372	0.000000	0.235812	0.000000	0.234400	0.000000	0.232295	0.000000	0.131993	0.000000	0.105069	0.000000	0.409258	2.822460	2.450300	1.851490	2.246530	2.508770	4.855810	5.577730	3.929120	6.004440	0.000000	0.000000	0.000000	82.267600	3.103450	0.000000	257.251000	8.850830	0.000000	5.553250	2.488660	4.406560	5.118850	4.910330	
   68	73.450000	71.850000	65.270000	46.500000	39.040000	28.200000	28.850000	40.310000	43.220000	42.360000	26.000000	5.000000	3.320000	3.320000	2.280000	2.000000	3.600000	41.900000	56.340000	62.970000	71.850000	45.510000	41.900000	35.000000	48.560000	54.320000	60.000000	74.760000	86.440000	88.640000	86.960000	73.480000	246.880000	143.520000	27.000000	5.000000	5.000000	5.000000	7.360000	18.080000	60.000000	90.000000	32.000000	17.000000	17.360000	18.520000	17.600000	16.200000	70.450000	68.850000	59.020000	40.970000	27.370000	21.200000	22.220000	36.310000	44.730000	42.110000	24.000000	0.000000	0.000000	3.320000	3.320000	3.320000	3.600000	41.910000	58.450000	62.970000	76.850000	57.970000	49.900000	43.000000	78.450000	128.015000	107.381000	113.239000	106.621000	98.647500	118.576000	129.907000	126.446000	112.889000	113.326000	88.993200	86.299800	57.103500	63.353200	69.579100	71.910000	81.999900	97.150300	109.488000	136.692000	135.284000	126.825000	107.477000	0.491000	0.000000	0.429875	0.000000	0.450992	0.000000	0.449848	0.000000	0.423803	0.000000	0.349906	0.000000	0.251832	0.000000	0.173904	0.007400	0.151623	0.091200	0.133967	0.634000	0.000000	56.673500	49.534100	46.108300	59.347000	84.926500	112.774000	128.353000	120.956000	128.397000	129.756000	113.337000	0.101726	0.952800	0.056889	0.888600	0.010890	0.617700	0.277341	0.250000	0.257785	0.198000	0.243575	0.115200	0.271526	0.002900	0.331000	0.000000	0.382532	0.000000	0.397361	0.000000	0.398555	0.000000	0.387985	0.000000	0.339937	0.000000	0.291780	0.000000	0.409258	3.741600	3.738410	2.934920	10.824500	15.330300	4.488360	5.332720	3.512730	6.829170	0.000000	0.000000	0.000000	0.000000	15.743300	1.819420	211.220000	8.210450	25.993500	5.192050	3.069310	4.264120	5.463950	4.764560	
   69	73.450000	71.850000	65.270000	46.500000	39.040000	28.200000	28.850000	40.310000	43.220000	42.360000	26.000000	5.000000	3.320000	3.320000	2.280000	2.000000	3.600000	41.900000	56.340000	62.970000	71.850000	45.510000	41.900000	35.000000	48.560000	54.320000	60.000000	74.760000	86.440000	88.640000	86.960000	73.480000	246.880000	143.520000	27.000000	5.000000	5.000000	5.000000	7.360000	18.080000	60.000000	90.000000	32.000000	17.000000	17.360000	18.520000	17.600000	16.200000	70.450000	68.850000	59.020000	40.970000	27.370000	21.200000	22.220000	36.310000	44.730000	42.110000	24.000000	0.000000	0.000000	3.320000	3.320000	3.320000	3.600000	41.910000	58.450000	62.970000	76.850000	57.970000	49.900000	43.000000	78.450000	114.090000	108.357000	105.711000	105.687000	95.895800	110.036000	124.419000	128.880000	114.284000	115.642000	92.039400	77.425900	54.481400	57.795700	61.340000	69.628200	72.753900	92.374700	123.109000	139.322000	136.560000	113.305000	104.752000	0.491000	0.000000	0.428696	0.000000	0.418140	0.000000	0.402083	0.000000	0.378421	0.000000	0.368449	0.000000	0.327407	0.000000	0.283373	0.003200	0.256208	0.031100	0.415700	0.251100	0.000000	27.805400	27.467100	29.382200	27.998500	48.763500	84.315100	98.681500	90.305900	111.946000	107.385000	100.939000	0.042013	0.500700	0.235702	0.379400	0.000000	0.353300	0.048769	0.423700	0.000000	0.389200	0.022367	0.190600	0.056448	0.003900	0.141811	0.000000	0.238627	0.000000	0.179516	0.000000	0.214709	0.000000	0.219364	0.000000	0.210286	0.000000	0.226032	0.000000	0.409258	3.664350	3.025710	2.724050	4.459370	3.782600	5.326150	5.598710	4.070390	4.270670	4.762560	1.898670	5.104310	95.181800	10.246800	0.560957	229.848000	8.956610	0.000000	5.270800	3.042340	4.108520	5.256090	4.873260	
   70	73.450000	71.850000	65.270000	46.500000	39.040000	28.200000	28.850000	40.310000	43.220000	42.360000	26.000000	5.000000	3.320000	3.320000	2.280000	2.000000	3.600000	41.900000	56.340000	62.970000	71.850000	45.510000	41.900000	35.000000	48.560000	54.320000	60.000000	74.760000	86.440000	88.640000	86.960000	73.480000	246.880000	143.520000	27.000000	5.000000	5.000000	5.000000	7.360000	18.080000	60.000000	90.000000	32.000000	17.000000	17.360000	18.520000	17.600000	16.200000	70.450000	68.850000	59.020000	40.970000	27.370000	21.200000	22.220000	36.310000	44.730000	42.110000	24.000000	0.000000	0.000000	3.320000	3.320000	3.320000	3.600000	41.910000	58.450000	62.970000	76.850000	57.970000	49.900000	43.000000	78.450000	118.507000	115.282000	104.845000	110.529000	108.496000	110.739000	129.563000	134.459000	109.135000	99.807400	84.342000	71.114000	68.826000	65.781700	70.415600	65.568100	76.094100	95.617700	114.017000	130.155000	122.482000	119.477000	105.624000	0.491000	0.000000	0.421768	0.000000	0.393654	0.000000	0.344822	0.000000	0.313649	0.000000	0.293203	0.000000	0.252666	0.000000	0.195767	0.009200	0.133746	0.065800	0.092670	0.389000	0.000000	53.099500	56.614100	49.271400	45.794900	89.704200	109.329000	144.894000	126.074000	133.568000	124.475000	121.581000	0.053731	0.381300	0.000000	0.555900	0.000000	0.456000	0.000000	0.355100	0.000000	0.323500	0.000000	0.171000	0.032096	0.003300	0.107376	0.000000	0.183409	0.000000	0.232444	0.000000	0.169409	0.000000	0.173613	0.000000	0.131993	0.000000	0.126182	0.000000	0.409258	2.551830	2.676220	1.311810	1.728830	3.702670	5.129530	5.650550	4.201850	4.254400	17.063100	0.000000	0.000000	167.040000	12.396700	0.217384	230.493000	9.193270	0.372303	5.284280	3.136570	4.157380	5.219120	4.684550	
   71	73.450000	71.850000	65.270000	46.500000	39.040000	28.200000	28.850000	40.310000	43.220000	42.360000	26.000000	5.000000	3.320000	3.320000	2.280000	2.000000	3.600000	41.900000	56.340000	62.970000	71.850000	45.510000	41.900000	35.000000	48.560000	54.320000	60.000000	74.760000	86.440000	88.640000	86.960000	73.480000	246.880000	143.520000	27.000000	5.000000	5.000000	5.000000	7.360000	18.080000	60.000000	90.000000	32.000000	17.000000	17.360000	18.520000	17.600000	16.200000	70.450000	68.850000	59.020000	40.970000	27.370000	21.200000	22.220000	36.310000	44.730000	42.110000	24.000000	0.000000	0.000000	3.320000	3.320000	3.320000	3.600000	41.910000	58.450000	62.970000	76.850000	57.970000	49.900000	43.000000	78.450000	114.038000	108.360000	106.191000	108.824000	112.351000	120.775000	140.492000	142.970000	118.577000	102.229000	79.595800	78.692900	66.539100	67.221200	69.611400	71.801600	83.575600	94.543300	109.830000	129.545000	152.296000	118.806000	113.783000	0.491000	0.000000	0.438969	0.000000	0.433590	0.000000	0.405915	0.000000	0.375852	0.000000	0.345174	0.000000	0.302865	0.000000	0.272285	0.005000	0.257998	0.088400	0.233667	0.248900	0.000000	32.220000	28.549600	29.434400	11.953100	41.164900	69.378400	99.775900	109.738000	106.780000	112.802000	104.310000	0.192385	0.390400	0.094558	0.455800	0.013307	0.548000	0.036562	0.505000	0.067557	0.518600	0.000000	0.316500	0.025459	0.004000	0.133495	0.000000	0.199372	0.000000	0.235812	0.000000	0.234400	0.000000	0.232295	0.000000	0.131993	0.000000	0.105069	0.000000	0.409258	3.339260	2.952550	1.809040	1.906440	6.157160	5.336560	5.790460	4.352630	4.589790	21.898700	0.062432	8.136600	148.602000	0.000000	0.000000	231.376000	7.308790	0.000000	5.553250	2.488660	4.406560	5.118850	4.910330	
   72	73.450000	71.850000	65.270000	46.500000	39.040000	28.200000	28.850000	40.310000	43.220000	42.360000	26.000000	5.000000	3.320000	3.320000	2.280000	2.000000	3.600000	41.900000	56.340000	62.970000	71.850000	45.510000	41.900000	35.000000	48.560000	54.320000	60.000000	74.760000	86.440000	88.640000	86.960000	73.480000	246.880000	143.520000	27.000000	5.000000	5.000000	5.000000	7.360000	18.080000	60.000000	90.000000	32.000000	17.000000	17.360000	18.520000	17.600000	16.200000	70.450000	68.850000	59.020000	40.970000	27.370000	21.200000	22.220000	36.310000	44.730000	42.110000	24.000000	0.000000	0.000000	3.320000	3.320000	3.320000	3.600000	41.910000	58.450000	62.970000	76.850000	57.970000	49.900000	43.000000	78.450000	121.930000	114.311000	107.869000	101.796000	103.122000	101.631000	114.798000	125.708000	112.747000	85.039300	75.594400	73.251200	66.894200	63.226200	67.722900	71.747600	72.100400	94.597100	106.400000	119.080000	122.123000	109.021000	108.801000	0.491000	0.000000	0.436341	0.000000	0.447312	0.000000	0.450365	0.000000	0.517153	0.000000	0.514027	0.000000	0.520912	0.000000	0.379515	0.005300	0.236263	0.071300	0.220153	0.284400	0.000000	27.019900	27.509500	20.587600	40.752500	53.663100	111.577000	130.852000	131.023000	106.656000	129.876000	111.134000	0.167402	0.473600	0.057574	0.464600	0.000000	0.501800	0.000000	0.323500	0.000000	0.321600	0.008089	0.129500	0.068660	0.002300	0.176401	0.000000	0.242617	0.000000	0.242505	0.000000	0.221919	0.000000	0.238253	0.000000	0.283588	0.000000	0.360318	0.000000	0.409258	2.551830	2.441060	0.758151	1.272460	4.734560	4.998600	5.621000	3.988990	5.666540	25.584200	30.701700	5.432980	50.752200	40.310000	0.000000	265.033000	18.692100	2.524320	7.241850	5.627000	4.159230	5.143600	4.459400	
   73	73.450000	71.850000	65.270000	46.500000	39.040000	28.200000	28.850000	40.310000	43.220000	42.360000	26.000000	5.000000	3.320000	3.320000	2.280000	2.000000	3.600000	41.900000	56.340000	62.970000	71.850000	45.510000	41.900000	35.000000	48.560000	54.320000	60.000000	74.760000	86.440000	88.640000	86.960000	73.480000	246.880000	143.520000	27.000000	5.000000	5.000000	5.000000	7.360000	18.080000	60.000000	90.000000	32.000000	17.000000	17.360000	18.520000	17.600000	16.200000	70.450000	68.850000	59.020000	40.970000	27.370000	21.200000	22.220000	36.310000	44.730000	42.110000	24.000000	0.000000	0.000000	3.320000	3.320000	3.320000	3.600000	41.910000	58.450000	62.970000	76.850000	57.970000	49.900000	43.000000	78.450000	114.761000	105.976000	98.768700	103.843000	99.904400	108.973000	133.891000	132.730000	110.067000	115.099000	82.923100	71.114000	68.826000	65.781700	70.415600	81.706200	82.606800	96.205500	119.992000	142.507000	147.011000	127.984000	119.052000	0.491000	0.000000	0.460154	0.000000	0.457658	0.000000	0.409615	0.000000	0.378247	0.000000	0.324955	0.000000	0.266855	0.000000	0.231292	0.006100	0.188383	0.066100	0.190916	0.264900	0.000000	64.577200	59.567500	63.543200	67.013700	98.029800	105.048000	111.683000	113.450000	110.684000	113.635000	106.897000	0.155644	0.388600	0.055618	0.394500	0.000000	0.410100	0.000000	0.390000	0.000000	0.335200	0.000000	0.224200	0.064137	0.008000	0.130690	0.000000	0.186358	0.000000	0.195220	0.000000	0.216339	0.000000	0.234775	0.000000	0.209912	0.000000	0.173485	0.000000	0.409258	3.075430	2.750640	1.157070	1.767940	3.199940	5.059330	5.609620	4.428930	4.572680	1.884740	24.355300	24.658400	0.000000	5.356620	0.000000	222.733000	13.447500	0.000000	6.034340	5.043020	4.774210	4.672500	4.250470	
   74	73.450000	71.850000	65.270000	46.500000	39.040000	28.200000	28.850000	40.310000	43.220000	42.360000	26.000000	5.000000	3.320000	3.320000	2.280000	2.000000	3.600000	41.900000	56.340000	62.970000	71.850000	45.510000	41.900000	35.000000	48.560000	54.320000	60.000000	74.760000	86.440000	88.640000	86.960000	73.480000	246.880000	143.520000	27.000000	5.000000	5.000000	5.000000	7.360000	18.080000	60.000000	90.000000	32.000000	17.000000	17.360000	18.520000	17.600000	16.200000	70.450000	68.850000	59.020000	40.970000	27.370000	21.200000	22.220000	36.310000	44.730000	42.110000	24.000000	0.000000	0.000000	3.320000	3.320000	3.320000	3.600000	41.910000	58.450000	62.970000	76.850000	57.970000	49.900000	43.000000	78.450000	114.090000	108.357000	105.711000	105.687000	95.895800	110.036000	124.419000	128.880000	114.284000	115.642000	92.039400	77.425900	54.481400	57.795700	61.340000	69.628200	72.753900	92.374700	123.109000	139.322000	136.560000	113.305000	104.752000	0.491000	0.000000	0.428696	0.000000	0.418140	0.000000	0.402083	0.000000	0.378421	0.000000	0.368449	0.000000	0.327407	0.000000	0.283373	0.003200	0.256208	0.031100	0.415700	0.251100	0.000000	27.805400	27.467100	29.382200	27.998500	48.763500	84.315100	98.681500	90.305900	111.946000	107.385000	100.939000	0.042013	0.500700	0.235702	0.379400	0.000000	0.353300	0.048769	0.423700	0.000000	0.389200	0.022367	0.190600	0.056448	0.003900	0.141811	0.000000	0.238627	0.000000	0.179516	0.000000	0.214709	0.000000	0.219364	0.000000	0.210286	0.000000	0.226032	0.000000	0.409258	3.664350	3.025710	2.724050	4.459370	3.782600	5.326150	5.598710	4.070390	4.270670	4.762560	1.898670	5.104310	95.181800	10.246800	0.560957	229.848000	8.956610	0.000000	5.270800	3.042340	4.108520	5.256090	4.873260	
   75	73.450000	71.850000	65.270000	46.500000	39.040000	28.200000	28.850000	40.310000	43.220000	42.360000	26.000000	5.000000	3.320000	3.320000	2.280000	2.000000	3.600000	41.900000	56.340000	62.970000	71.850000	45.510000	41.900000	35.000000	48.560000	54.320000	60.000000	74.760000	86.440000	88.640000	86.960000	73.480000	246.880000	143.520000	27.000000	5.000000	5.000000	5.000000	7.360000	18.080000	60.000000	90.000000	32.000000	17.000000	17.360000	18.520000	17.600000	16.200000	70.450000	68.850000	59.020000	40.970000	27.370000	21.200000	22.220000	36.310000	44.730000	42.110000	24.000000	0.000000	0.000000	3.320000	3.320000	3.320000	3.600000	41.910000	58.450000	62.970000	76.850000	57.970000	49.900000	43.000000	78.450000	114.761000	105.976000	98.768700	103.843000	99.904400	108.973000	133.891000	132.730000	110.067000	115.099000	82.923100	71.114000	68.826000	65.781700	70.415600	81.706200	82.606800	96.205500	119.992000	142.507000	147.011000	127.984000	119.052000	0.491000	0.000000	0.460154	0.000000	0.457658	0.000000	0.409615	0.000000	0.378247	0.000000	0.324955	0.000000	0.266855	0.000000	0.231292	0.006100	0.188383	0.066100	0.190916	0.264900	0.000000	64.577200	59.567500	63.543200	67.013700	98.029800	105.048000	111.683000	113.450000	110.684000	113.635000	106.897000	0.155644	0.388600	0.055618	0.394500	0.000000	0.410100	0.000000	0.390000	0.000000	0.335200	0.000000	0.224200	0.064137	0.008000	0.130690	0.000000	0.186358	0.000000	0.195220	0.000000	0.216339	0.000000	0.234775	0.000000	0.209912	0.000000	0.173485	0.000000	0.409258	3.075430	2.750640	1.157070	1.767940	3.199940	5.059330	5.609620	4.428930	4.572680	1.884740	24.355300	24.658400	0.000000	5.356620	0.000000	222.733000	13.447500	0.000000	6.034340	5.043020	4.774210	4.672500	4.250470	
   76	73.450000	71.850000	65.270000	46.500000	39.040000	28.200000	28.850000	40.310000	43.220000	42.360000	26.000000	5.000000	3.320000	3.320000	2.280000	2.000000	3.600000	41.900000	56.340000	62.970000	71.850000	45.510000	41.900000	35.000000	48.560000	54.320000	60.000000	74.760000	86.440000	88.640000	86.960000	73.480000	246.880000	143.520000	27.000000	5.000000	5.000000	5.000000	7.360000	18.080000	60.000000	90.000000	32.000000	17.000000	17.360000	18.520000	17.600000	16.200000	70.450000	68.850000	59.020000	40.970000	27.370000	21.200000	22.220000	36.310000	44.730000	42.110000	24.000000	0.000000	0.000000	3.320000	3.320000	3.320000	3.600000	41.910000	58.450000	62.970000	76.850000	57.970000	49.900000	43.000000	78.450000	114.034000	105.128000	97.841300	95.202300	95.367900	103.081000	122.836000	127.887000	110.168000	99.101600	82.758900	79.716800	76.312100	79.560000	84.907000	86.830100	90.649100	101.412000	115.365000	122.266000	128.374000	115.099000	104.573000	0.491000	0.000000	0.484365	0.000000	0.459112	0.000000	0.498945	0.000000	0.477827	0.000000	0.447921	0.000000	0.416313	0.000000	0.403403	0.010600	0.407874	0.115200	0.430008	0.223100	0.000000	100.632000	102.053000	96.458200	95.525900	99.359300	114.069000	97.712800	97.439700	115.163000	109.545000	97.800300	0.424801	0.391700	0.366978	0.454800	0.291175	0.341700	0.278626	0.273800	0.249064	0.283000	0.191955	0.221000	0.214707	0.006000	0.326263	0.000000	0.444467	0.000000	0.522524	0.000000	0.555061	0.000000	0.539069	0.000000	0.517189	0.000000	0.560929	0.000000	0.409258	2.777480	2.292840	0.997119	1.441630	4.181270	5.350900	5.413810	4.234550	4.530510	0.188525	2.677680	0.798712	81.098700	22.245700	1.695940	220.811000	7.630080	18.489700	5.081490	2.965050	4.228700	4.976670	4.344430	
   77	73.450000	71.850000	65.270000	46.500000	39.040000	28.200000	28.850000	40.310000	43.220000	42.360000	26.000000	5.000000	3.320000	3.320000	2.280000	2.000000	3.600000	41.900000	56.340000	62.970000	71.850000	45.510000	41.900000	35.000000	48.560000	54.320000	60.000000	74.760000	86.440000	88.640000	86.960000	73.480000	246.880000	143.520000	27.000000	5.000000	5.000000	5.000000	7.360000	18.080000	60.000000	90.000000	32.000000	17.000000	17.360000	18.520000	17.600000	16.200000	70.450000	68.850000	59.020000	40.970000	27.370000	21.200000	22.220000	36.310000	44.730000	42.110000	24.000000	0.000000	0.000000	3.320000	3.320000	3.320000	3.600000	41.910000	58.450000	62.970000	76.850000	57.970000	49.900000	43.000000	78.450000	121.930000	114.311000	107.869000	101.796000	103.122000	101.631000	114.798000	125.708000	112.747000	85.039300	75.594400	73.251200	66.894200	63.226200	67.722900	71.747600	72.100400	94.597100	106.400000	119.080000	122.123000	109.021000	108.801000	0.491000	0.000000	0.436341	0.000000	0.447312	0.000000	0.433354	0.000000	0.412821	0.000000	0.397361	0.000000	0.346857	0.000000	0.278086	0.006100	0.213535	0.072800	0.153889	0.345800	0.000000	75.108300	76.976800	73.739300	78.330900	81.847300	79.375100	94.793800	105.878000	111.116000	114.225000	104.829000	0.066556	0.470300	0.057574	0.224400	0.000000	0.253900	0.000000	0.307600	0.000000	0.514900	0.008089	0.285900	0.068660	0.006200	0.176401	0.000000	0.242617	0.000000	0.242505	0.000000	0.221919	0.000000	0.238253	0.000000	0.283588	0.000000	0.360318	0.000000	0.409258	2.777480	2.292840	1.147370	1.288350	2.865320	4.805000	5.500830	4.162010	4.958810	6.110880	30.701700	5.432980	50.752200	40.310000	0.000000	265.033000	18.692100	2.524320	7.241850	5.627000	4.159230	5.143600	4.459400	
   78	73.450000	71.850000	65.270000	46.500000	39.040000	28.200000	28.850000	40.310000	43.220000	42.360000	26.000000	5.000000	3.320000	3.320000	2.280000	2.000000	3.600000	41.900000	56.340000	62.970000	71.850000	45.510000	41.900000	35.000000	48.560000	54.320000	60.000000	74.760000	86.440000	88.640000	86.960000	73.480000	246.880000	143.520000	27.000000	5.000000	5.000000	5.000000	7.360000	18.080000	60.000000	90.000000	32.000000	17.000000	17.360000	18.520000	17.600000	16.200000	70.450000	68.850000	59.020000	40.970000	27.370000	21.200000	22.220000	36.310000	44.730000	42.110000	24.000000	0.000000	0.000000	3.320000	3.320000	3.320000	3.600000	41.910000	58.450000	62.970000	76.850000	57.970000	49.900000	43.000000	78.450000	114.038000	108.360000	106.191000	108.824000	112.351000	120.775000	140.492000	142.970000	118.577000	102.229000	79.595800	78.692900	66.539100	67.221200	69.611400	71.801600	83.575600	94.543300	109.830000	129.545000	152.296000	118.806000	113.783000	0.491000	0.000000	0.438969	0.000000	0.433590	0.000000	0.405915	0.000000	0.375852	0.000000	0.345174	0.000000	0.302865	0.000000	0.272285	0.005000	0.257998	0.088400	0.233667	0.248900	0.000000	32.220000	28.549600	29.434400	11.953100	41.164900	69.378400	99.775900	109.738000	106.780000	112.802000	104.310000	0.192385	0.390400	0.094558	0.455800	0.013307	0.548000	0.036562	0.505000	0.067557	0.518600	0.000000	0.316500	0.025459	0.004000	0.133495	0.000000	0.199372	0.000000	0.235812	0.000000	0.234400	0.000000	0.232295	0.000000	0.131993	0.000000	0.105069	0.000000	0.409258	3.026880	2.529100	1.068570	1.277900	3.479570	5.062900	5.633210	4.326670	4.169280	1.719340	0.000000	0.000000	84.619700	11.189700	2.768140	233.472000	9.950270	19.464000	5.210130	3.435120	4.185620	5.306750	4.726190	
   79	73.450000	71.850000	65.270000	46.500000	39.040000	28.200000	28.850000	40.310000	43.220000	42.360000	26.000000	5.000000	3.320000	3.320000	2.280000	2.000000	3.600000	41.900000	56.340000	62.970000	71.850000	45.510000	41.900000	35.000000	48.560000	54.320000	60.000000	74.760000	86.440000	88.640000	86.960000	73.480000	246.880000	143.520000	27.000000	5.000000	5.000000	5.000000	7.360000	18.080000	60.000000	90.000000	32.000000	17.000000	17.360000	18.520000	17.600000	16.200000	70.450000	68.850000	59.020000	40.970000	27.370000	21.200000	22.220000	36.310000	44.730000	42.110000	24.000000	0.000000	0.000000	3.320000	3.320000	3.320000	3.600000	41.910000	58.450000	62.970000	76.850000	57.970000	49.900000	43.000000	78.450000	114.034000	105.128000	97.841300	95.202300	95.367900	103.081000	122.836000	127.887000	110.168000	99.101600	82.758900	79.716800	76.312100	79.560000	84.907000	86.830100	90.649100	101.412000	115.365000	122.266000	128.374000	115.099000	104.573000	0.491000	0.000000	0.423111	0.000000	0.325422	0.000000	0.302639	0.000000	0.283158	0.000000	0.266999	0.000000	0.260098	0.000000	0.248708	0.017500	0.225475	0.112800	0.202295	0.368200	0.000000	107.427000	108.423000	113.164000	107.555000	121.583000	114.439000	154.279000	183.605000	201.835000	149.756000	99.570400	0.161660	0.451400	0.102560	0.327100	0.091285	0.340700	0.175509	0.544400	0.237180	0.385400	0.198935	0.305500	0.250382	0.005800	0.401487	0.000000	0.532463	0.000000	0.596036	0.000000	0.623490	0.000000	0.641880	0.000000	0.607522	0.000000	0.487531	0.000000	0.409258	3.580810	3.355930	0.857876	0.463322	2.965210	5.612850	5.543990	3.333030	4.418130	0.000000	0.000000	0.374394	192.511000	29.126800	6.471230	233.472000	9.950270	19.464000	5.210130	3.435120	4.185620	5.306750	4.912420	
   80	73.450000	71.850000	65.270000	46.500000	39.040000	28.200000	28.850000	40.310000	43.220000	42.360000	26.000000	5.000000	3.320000	3.320000	2.280000	2.000000	3.600000	41.900000	56.340000	62.970000	71.850000	45.510000	41.900000	35.000000	48.560000	54.320000	60.000000	74.760000	86.440000	88.640000	86.960000	73.480000	246.880000	143.520000	27.000000	5.000000	5.000000	5.000000	7.360000	18.080000	60.000000	90.000000	32.000000	17.000000	17.360000	18.520000	17.600000	16.200000	70.450000	68.850000	59.020000	40.970000	27.370000	21.200000	22.220000	36.310000	44.730000	42.110000	24.000000	0.000000	0.000000	3.320000	3.320000	3.320000	3.600000	41.910000	58.450000	62.970000	76.850000	57.970000	49.900000	43.000000	78.450000	121.930000	114.311000	107.869000	101.796000	103.122000	101.631000	114.798000	125.708000	112.747000	85.039300	75.594400	73.251200	66.894200	63.226200	67.722900	71.747600	72.100400	94.597100	106.400000	119.080000	122.123000	109.021000	108.801000	0.491000	0.000000	0.436341	0.000000	0.447312	0.000000	0.450365	0.000000	0.517153	0.000000	0.514027	0.000000	0.520912	0.000000	0.509406	0.007500	0.408326	0.142300	0.358628	0.280600	0.000000	37.347000	34.490500	28.155100	23.656800	34.318000	62.762300	75.790000	78.043000	84.711500	77.305600	114.218000	0.308628	0.372300	0.212234	0.476800	0.128696	0.350200	0.117276	0.356700	0.100445	0.235100	0.038159	0.265900	0.029603	0.005100	0.116463	0.000000	0.230679	0.000000	0.315404	0.000000	0.376725	0.000000	0.411612	0.000000	0.437688	0.000000	0.481303	0.000000	0.409258	3.226260	2.849760	1.206870	1.719430	3.371110	5.066170	5.438320	4.091800	3.368830	16.706000	1.014240	2.551720	181.248000	12.685300	3.588830	229.280000	9.959060	5.659400	5.132590	3.239810	4.079570	4.769680	4.291730	
   81	73.450000	71.850000	65.270000	46.500000	39.040000	28.200000	28.850000	40.310000	43.220000	42.360000	26.000000	5.000000	3.320000	3.320000	2.280000	2.000000	3.600000	41.900000	56.340000	62.970000	71.850000	45.510000	41.900000	35.000000	48.560000	54.320000	60.000000	74.760000	86.440000	88.640000	86.960000	73.480000	246.880000	143.520000	27.000000	5.000000	5.000000	5.000000	7.360000	18.080000	60.000000	90.000000	32.000000	17.000000	17.360000	18.520000	17.600000	16.200000	70.450000	68.850000	59.020000	40.970000	27.370000	21.200000	22.220000	36.310000	44.730000	42.110000	24.000000	0.000000	0.000000	3.320000	3.320000	3.320000	3.600000	41.910000	58.450000	62.970000	76.850000	57.970000	49.900000	43.000000	78.450000	121.930000	114.311000	107.869000	101.796000	103.122000	101.631000	114.798000	125.708000	112.747000	85.039300	75.594400	73.251200	66.894200	63.226200	67.722900	71.747600	72.100400	94.597100	106.400000	119.080000	122.123000	109.021000	108.801000	0.491000	0.000000	0.436341	0.000000	0.447312	0.000000	0.374420	0.000000	0.293083	0.000000	0.266429	0.000000	0.158697	0.000000	0.123151	0.010900	0.085362	0.125800	0.051170	0.317600	0.000000	50.393800	44.658600	47.046800	56.033500	69.867300	79.682900	110.575000	109.458000	116.168000	111.942000	101.114000	0.016103	0.674600	0.000000	0.569500	0.000000	0.565300	0.000000	0.763600	0.000000	0.775800	0.000000	0.277600	0.000000	0.003200	0.000000	0.000000	0.000000	0.000000	0.000000	0.000000	0.044323	0.000000	0.054328	0.000000	0.032451	0.000000	0.049272	0.000000	0.409258	3.236550	2.950280	1.776990	2.834270	3.504390	5.215980	5.516770	4.262430	5.341690	21.681700	31.031300	36.036300	0.000000	0.000000	0.000000	248.298000	10.074400	16.691100	4.867090	2.822580	4.249940	5.408490	4.784400	
   82	73.450000	71.850000	65.270000	46.500000	39.040000	28.200000	28.850000	40.310000	43.220000	42.360000	26.000000	5.000000	3.320000	3.320000	2.280000	2.000000	3.600000	41.900000	56.340000	62.970000	71.850000	45.510000	41.900000	35.000000	48.560000	54.320000	60.000000	74.760000	86.440000	88.640000	86.960000	73.480000	246.880000	143.520000	27.000000	5.000000	5.000000	5.000000	7.360000	18.080000	60.000000	90.000000	32.000000	17.000000	17.360000	18.520000	17.600000	16.200000	70.450000	68.850000	59.020000	40.970000	27.370000	21.200000	22.220000	36.310000	44.730000	42.110000	24.000000	0.000000	0.000000	3.320000	3.320000	3.320000	3.600000	41.910000	58.450000	62.970000	76.850000	57.970000	49.900000	43.000000	78.450000	118.507000	115.282000	104.845000	110.529000	108.496000	110.739000	129.563000	134.459000	109.135000	99.807400	84.342000	71.114000	68.826000	65.781700	70.415600	65.568100	76.094100	95.617700	114.017000	130.155000	122.482000	119.477000	105.624000	0.491000	0.000000	0.421768	0.000000	0.393654	0.000000	0.344822	0.000000	0.313649	0.000000	0.293203	0.000000	0.252666	0.000000	0.195767	0.009200	0.133746	0.065800	0.092670	0.389000	0.000000	53.099500	56.614100	49.271400	45.794900	89.704200	109.329000	144.894000	126.074000	133.568000	124.475000	121.581000	0.053731	0.381300	0.000000	0.555900	0.000000	0.456000	0.000000	0.355100	0.000000	0.323500	0.000000	0.171000	0.032096	0.003300	0.107376	0.000000	0.183409	0.000000	0.232444	0.000000	0.169409	0.000000	0.173613	0.000000	0.131993	0.000000	0.126182	0.000000	0.409258	2.551830	2.676220	1.311810	1.728830	3.702670	5.129530	5.650550	4.201850	4.254400	17.063100	0.000000	0.000000	167.040000	12.396700	0.217384	230.493000	9.193270	0.372303	5.284280	3.136570	4.157380	5.219120	4.684550	
   83	73.450000	71.850000	65.270000	46.500000	39.040000	28.200000	28.850000	40.310000	43.220000	42.360000	26.000000	5.000000	3.320000	3.320000	2.280000	2.000000	3.600000	41.900000	56.340000	62.970000	71.850000	45.510000	41.900000	35.000000	48.560000	54.320000	60.000000	74.760000	86.440000	88.640000	86.960000	73.480000	246.880000	143.520000	27.000000	5.000000	5.000000	5.000000	7.360000	18.080000	60.000000	90.000000	32.000000	17.000000	17.360000	18.520000	17.600000	16.200000	70.450000	68.850000	59.020000	40.970000	27.370000	21.200000	22.220000	36.310000	44.730000	42.110000	24.000000	0.000000	0.000000	3.320000	3.320000	3.320000	3.600000	41.910000	58.450000	62.970000	76.850000	57.970000	49.900000	43.000000	78.450000	121.930000	114.311000	107.869000	101.796000	103.122000	101.631000	114.798000	125.708000	112.747000	85.039300	75.594400	73.251200	66.894200	63.226200	67.722900	71.747600	72.100400	94.597100	106.400000	119.080000	122.123000	109.021000	108.801000	0.491000	0.000000	0.436341	0.000000	0.447312	0.000000	0.420495	0.000000	0.356680	0.000000	0.304413	0.000000	0.257014	0.000000	0.211843	0.012000	0.203044	0.036000	0.201868	0.203700	0.000000	49.029300	8.943570	19.968100	22.753300	45.140900	57.118600	102.841000	96.580800	105.648000	111.555000	107.246000	0.193630	0.310800	0.201590	0.479100	0.249928	0.697700	0.285922	0.516600	0.255811	0.341500	0.000000	0.313400	0.000000	0.005800	0.000000	0.000000	0.064444	0.000000	0.113566	0.000000	0.125508	0.000000	0.101982	0.000000	0.636829	0.000000	0.624632	0.000000	0.409258	3.221930	2.621520	0.596615	0.477789	3.669600	4.748170	5.360360	4.577350	2.876930	0.000000	10.626100	47.271700	22.689200	0.000000	0.000000	227.391000	13.439900	0.000000	4.630570	2.981060	3.943330	5.092590	4.443920	
   84	73.450000	71.850000	65.270000	46.500000	39.040000	28.200000	28.850000	40.310000	43.220000	42.360000	26.000000	5.000000	3.320000	3.320000	2.280000	2.000000	3.600000	41.900000	56.340000	62.970000	71.850000	45.510000	41.900000	35.000000	48.560000	54.320000	60.000000	74.760000	86.440000	88.640000	86.960000	73.480000	246.880000	143.520000	27.000000	5.000000	5.000000	5.000000	7.360000	18.080000	60.000000	90.000000	32.000000	17.000000	17.360000	18.520000	17.600000	16.200000	70.450000	68.850000	59.020000	40.970000	27.370000	21.200000	22.220000	36.310000	44.730000	42.110000	24.000000	0.000000	0.000000	3.320000	3.320000	3.320000	3.600000	41.910000	58.450000	62.970000	76.850000	57.970000	49.900000	43.000000	78.450000	114.034000	105.128000	97.841300	95.202300	95.367900	103.081000	122.836000	127.887000	110.168000	99.101600	82.758900	79.716800	76.312100	79.560000	84.907000	86.830100	90.649100	101.412000	115.365000	122.266000	128.374000	115.099000	104.573000	0.491000	0.000000	0.423111	0.000000	0.434339	0.000000	0.453875	0.000000	0.450072	0.000000	0.441070	0.000000	0.348736	0.000000	0.336908	0.005100	0.289644	0.066600	0.224677	0.296500	0.000000	68.689500	77.043500	57.310200	76.860500	100.546000	119.310000	122.333000	104.083000	102.969000	105.781000	102.918000	0.124267	0.617200	0.106179	0.303200	0.045602	0.361300	0.071590	0.363400	0.093693	0.394900	0.094692	0.187900	0.111132	0.003400	0.172813	0.000000	0.237764	0.000000	0.254393	0.000000	0.245360	0.000000	0.214073	0.000000	0.170828	0.000000	0.142574	0.000000	0.409258	3.223950	2.676920	1.130540	1.907150	5.403920	6.743600	6.478670	3.790080	2.613470	10.549100	9.234390	6.313070	64.422100	6.450930	0.000000	230.393000	10.381500	0.000000	5.167180	2.918510	4.084340	5.133940	4.597940	
   85	73.450000	71.850000	65.270000	46.500000	39.040000	28.200000	28.850000	40.310000	43.220000	42.360000	26.000000	5.000000	3.320000	3.320000	2.280000	2.000000	3.600000	41.900000	56.340000	62.970000	71.850000	45.510000	41.900000	35.000000	48.560000	54.320000	60.000000	74.760000	86.440000	88.640000	86.960000	73.480000	246.880000	143.520000	27.000000	5.000000	5.000000	5.000000	7.360000	18.080000	60.000000	90.000000	32.000000	17.000000	17.360000	18.520000	17.600000	16.200000	70.450000	68.850000	59.020000	40.970000	27.370000	21.200000	22.220000	36.310000	44.730000	42.110000	24.000000	0.000000	0.000000	3.320000	3.320000	3.320000	3.600000	41.910000	58.450000	62.970000	76.850000	57.970000	49.900000	43.000000	78.450000	96.820800	95.301600	85.050500	103.843000	99.904400	108.973000	133.891000	132.730000	110.067000	115.099000	82.923100	71.114000	68.826000	65.781700	70.415600	65.568100	76.094100	95.617700	114.017000	130.155000	122.482000	119.477000	105.624000	0.491000	0.000000	0.418473	0.000000	0.388770	0.000000	0.358410	0.000000	0.318451	0.000000	0.305832	0.000000	0.279605	0.000000	0.226912	0.005100	0.190060	0.067800	0.162503	0.313500	0.000000	39.194600	35.803000	35.723200	56.992000	78.791300	92.090600	112.041000	111.395000	117.749000	113.831000	99.289700	0.140607	0.484800	0.000000	0.460000	0.000000	0.434600	0.000000	0.454800	0.000000	0.311100	0.000000	0.186400	0.046693	0.007200	0.115451	0.000000	0.201584	0.000000	0.232601	0.000000	0.253840	0.000000	0.254801	0.000000	0.187798	0.000000	0.202323	0.000000	0.409258	3.252500	2.607710	1.163330	1.230650	3.643820	5.259120	5.597940	4.340430	4.410600	0.000000	2.831410	2.026660	129.710000	13.260500	0.000000	228.716000	7.546110	0.000000	5.710950	3.413030	4.180400	5.229240	4.378200	
   86	73.450000	71.850000	65.270000	46.500000	39.040000	28.200000	28.850000	40.310000	43.220000	42.360000	26.000000	5.000000	3.320000	3.320000	2.280000	2.000000	3.600000	41.900000	56.340000	62.970000	71.850000	45.510000	41.900000	35.000000	48.560000	54.320000	60.000000	74.760000	86.440000	88.640000	86.960000	73.480000	246.880000	143.520000	27.000000	5.000000	5.000000	5.000000	7.360000	18.080000	60.000000	90.000000	32.000000	17.000000	17.360000	18.520000	17.600000	16.200000	70.450000	68.850000	59.020000	40.970000	27.370000	21.200000	22.220000	36.310000	44.730000	42.110000	24.000000	0.000000	0.000000	3.320000	3.320000	3.320000	3.600000	41.910000	58.450000	62.970000	76.850000	57.970000	49.900000	43.000000	78.450000	96.820800	95.301600	85.050500	103.843000	99.904400	108.973000	133.891000	132.730000	110.067000	115.099000	82.923100	71.114000	68.826000	65.781700	70.415600	65.568100	76.094100	95.617700	114.017000	130.155000	122.482000	119.477000	105.624000	0.491000	0.000000	0.418473	0.000000	0.388770	0.000000	0.358410	0.000000	0.318451	0.000000	0.305832	0.000000	0.279605	0.000000	0.226912	0.005100	0.190060	0.067800	0.162503	0.313500	0.000000	39.194600	35.803000	35.723200	56.992000	78.791300	92.090600	112.041000	111.395000	117.749000	113.831000	99.289700	0.140607	0.484800	0.000000	0.460000	0.000000	0.434600	0.000000	0.454800	0.000000	0.311100	0.000000	0.186400	0.046693	0.007200	0.115451	0.000000	0.201584	0.000000	0.232601	0.000000	0.253840	0.000000	0.254801	0.000000	0.187798	0.000000	0.202323	0.000000	0.409258	3.252500	2.607710	1.163330	1.230650	3.643820	5.259120	5.597940	4.340430	4.410600	0.000000	2.831410	2.026660	129.710000	13.260500	0.000000	228.716000	7.546110	0.000000	5.710950	3.413030	4.180400	5.229240	4.378200	
   87	73.450000	71.850000	65.270000	46.500000	39.040000	28.200000	28.850000	40.310000	43.220000	42.360000	26.000000	5.000000	3.320000	3.320000	2.280000	2.000000	3.600000	41.900000	56.340000	62.970000	71.850000	45.510000	41.900000	35.000000	48.560000	54.320000	60.000000	74.760000	86.440000	88.640000	86.960000	73.480000	246.880000	143.520000	27.000000	5.000000	5.000000	5.000000	7.360000	18.080000	60.000000	90.000000	32.000000	17.000000	17.360000	18.520000	17.600000	16.200000	70.450000	68.850000	59.020000	40.970000	27.370000	21.200000	22.220000	36.310000	44.730000	42.110000	24.000000	0.000000	0.000000	3.320000	3.320000	3.320000	3.600000	41.910000	58.450000	62.970000	76.850000	57.970000	49.900000	43.000000	78.450000	114.034000	105.128000	97.841300	95.202300	95.367900	103.081000	122.836000	127.887000	110.168000	99.101600	82.758900	79.716800	76.312100	79.560000	84.907000	86.830100	90.649100	101.412000	115.365000	122.266000	128.374000	115.099000	104.573000	0.491000	0.000000	0.423111	0.000000	0.391662	0.000000	0.383360	0.000000	0.363894	0.000000	0.349382	0.000000	0.332002	0.000000	0.292551	0.007600	0.243712	0.103300	0.194173	0.470400	0.000000	50.290100	35.732100	19.561100	37.454800	51.518500	88.236200	87.989500	101.776000	121.329000	121.504000	117.420000	0.120656	0.470000	0.035263	0.305400	0.000000	0.485500	0.000000	0.484700	0.000000	1.133100	0.000000	0.341000	0.008257	0.004700	0.102060	0.000000	0.241535	0.000000	0.288045	0.000000	0.270222	0.000000	0.207988	0.000000	0.131993	0.000000	0.105069	0.000000	0.409258	3.077520	2.734770	1.303240	1.870170	3.749930	5.118500	5.627900	4.192680	4.225490	13.010000	0.237507	0.000000	153.704000	15.759400	0.684764	229.845000	9.423100	1.222030	4.567230	2.956390	4.012030	4.897660	4.615300	
   88	73.450000	71.850000	65.270000	46.500000	39.040000	28.200000	28.850000	40.310000	43.220000	42.360000	26.000000	5.000000	3.320000	3.320000	2.280000	2.000000	3.600000	41.900000	56.340000	62.970000	71.850000	45.510000	41.900000	35.000000	48.560000	54.320000	60.000000	74.760000	86.440000	88.640000	86.960000	73.480000	246.880000	143.520000	27.000000	5.000000	5.000000	5.000000	7.360000	18.080000	60.000000	90.000000	32.000000	17.000000	17.360000	18.520000	17.600000	16.200000	70.450000	68.850000	59.020000	40.970000	27.370000	21.200000	22.220000	36.310000	44.730000	42.110000	24.000000	0.000000	0.000000	3.320000	3.320000	3.320000	3.600000	41.910000	58.450000	62.970000	76.850000	57.970000	49.900000	43.000000	78.450000	114.038000	108.360000	106.191000	108.824000	112.351000	120.775000	140.492000	142.970000	118.577000	102.229000	79.595800	78.692900	66.539100	67.221200	69.611400	71.801600	83.575600	94.543300	109.830000	129.545000	152.296000	118.806000	113.783000	0.491000	0.000000	0.438969	0.000000	0.433590	0.000000	0.405915	0.000000	0.375852	0.000000	0.345174	0.000000	0.302865	0.000000	0.272285	0.005000	0.257998	0.088400	0.233667	0.248900	0.000000	32.220000	28.549600	29.434400	11.953100	41.164900	69.378400	99.775900	109.738000	106.780000	112.802000	104.310000	0.192385	0.390400	0.094558	0.455800	0.013307	0.548000	0.036562	0.505000	0.067557	0.518600	0.000000	0.316500	0.025459	0.004000	0.133495	0.000000	0.199372	0.000000	0.235812	0.000000	0.234400	0.000000	0.232295	0.000000	0.131993	0.000000	0.105069	0.000000	0.409258	2.663610	2.199530	1.205250	1.592800	4.500690	5.168430	5.507330	4.400600	5.548940	8.448950	0.000000	0.000000	176.777000	15.772700	22.183200	215.154000	8.592410	10.671700	5.534320	3.138460	4.111610	5.662820	5.328970	
   89	73.450000	71.850000	65.270000	46.500000	39.040000	28.200000	28.850000	40.310000	43.220000	42.360000	26.000000	5.000000	3.320000	3.320000	2.280000	2.000000	3.600000	41.900000	56.340000	62.970000	71.850000	45.510000	41.900000	35.000000	48.560000	54.320000	60.000000	74.760000	86.440000	88.640000	86.960000	73.480000	246.880000	143.520000	27.000000	5.000000	5.000000	5.000000	7.360000	18.080000	60.000000	90.000000	32.000000	17.000000	17.360000	18.520000	17.600000	16.200000	70.450000	68.850000	59.020000	40.970000	27.370000	21.200000	22.220000	36.310000	44.730000	42.110000	24.000000	0.000000	0.000000	3.320000	3.320000	3.320000	3.600000	41.910000	58.450000	62.970000	76.850000	57.970000	49.900000	43.000000	78.450000	108.021000	97.657000	95.805600	103.100000	102.444000	102.373000	133.954000	121.421000	121.633000	107.718000	85.779500	84.579900	65.309400	63.450000	65.909800	66.231300	75.317000	93.516800	125.132000	153.268000	132.078000	114.813000	113.621000	0.491000	0.000000	0.398937	0.000000	0.376163	0.000000	0.358737	0.000000	0.338229	0.000000	0.333201	0.000000	0.327666	0.000000	0.309881	0.005000	0.000000	0.087800	0.000000	0.184700	0.000000	75.550300	76.447800	65.394700	62.721700	85.516500	111.550000	107.148000	115.457000	120.321000	118.440000	108.716000	0.000000	0.276600	0.000000	0.357400	0.000000	0.414300	0.000000	0.392700	0.000000	0.458800	0.000000	0.274100	0.000000	0.004300	0.094769	0.000000	0.195467	0.000000	0.231795	0.000000	0.187214	0.000000	0.128723	0.000000	0.078995	0.000000	0.032826	0.000000	0.409258	3.320200	3.022320	1.296670	1.756590	4.059310	5.362420	5.553310	3.889900	5.751110	13.240400	1.685700	0.000000	136.508000	13.918900	0.000000	230.348000	6.997620	0.000000	4.981680	3.058230	4.043070	5.142540	4.586830	
   90	73.450000	71.850000	65.270000	46.500000	39.040000	28.200000	28.850000	40.310000	43.220000	42.360000	26.000000	5.000000	3.320000	3.320000	2.280000	2.000000	3.600000	41.900000	56.340000	62.970000	71.850000	45.510000	41.900000	35.000000	48.560000	54.320000	60.000000	74.760000	86.440000	88.640000	86.960000	73.480000	246.880000	143.520000	27.000000	5.000000	5.000000	5.000000	7.360000	18.080000	60.000000	90.000000	32.000000	17.000000	17.360000	18.520000	17.600000	16.200000	70.450000	68.850000	59.020000	40.970000	27.370000	21.200000	22.220000	36.310000	44.730000	42.110000	24.000000	0.000000	0.000000	3.320000	3.320000	3.320000	3.600000	41.910000	58.450000	62.970000	76.850000	57.970000	49.900000	43.000000	78.450000	118.507000	115.282000	104.845000	110.529000	108.496000	110.739000	129.563000	134.459000	109.135000	99.807400	84.342000	71.114000	68.826000	65.781700	70.415600	65.568100	76.094100	95.617700	114.017000	130.155000	122.482000	119.477000	105.624000	0.491000	0.000000	0.421768	0.000000	0.393654	0.000000	0.344822	0.000000	0.313649	0.000000	0.293203	0.000000	0.252666	0.000000	0.195767	0.009200	0.133746	0.065800	0.092670	0.389000	0.000000	53.099500	56.614100	49.271400	45.794900	89.704200	109.329000	144.894000	126.074000	133.568000	124.475000	121.581000	0.053731	0.381300	0.000000	0.555900	0.000000	0.456000	0.000000	0.355100	0.000000	0.323500	0.000000	0.171000	0.032096	0.003300	0.107376	0.000000	0.183409	0.000000	0.232444	0.000000	0.169409	0.000000	0.173613	0.000000	0.131993	0.000000	0.126182	0.000000	0.409258	2.551830	2.676220	1.311810	1.728830	3.702670	5.129530	5.650550	4.201850	4.254400	17.063100	0.000000	0.000000	167.040000	12.396700	0.217384	230.493000	9.193270	0.372303	5.284280	3.136570	4.157380	5.219120	4.684550	
   91	73.450000	71.850000	65.270000	46.500000	39.040000	28.200000	28.850000	40.310000	43.220000	42.360000	26.000000	5.000000	3.320000	3.320000	2.280000	2.000000	3.600000	41.900000	56.340000	62.970000	71.850000	45.510000	41.900000	35.000000	48.560000	54.320000	60.000000	74.760000	86.440000	88.640000	86.960000	73.480000	246.880000	143.520000	27.000000	5.000000	5.000000	5.000000	7.360000	18.080000	60.000000	90.000000	32.000000	17.000000	17.360000	18.520000	17.600000	16.200000	70.450000	68.850000	59.020000	40.970000	27.370000	21.200000	22.220000	36.310000	44.730000	42.110000	24.000000	0.000000	0.000000	3.320000	3.320000	3.320000	3.600000	41.910000	58.450000	62.970000	76.850000	57.970000	49.900000	43.000000	78.450000	96.820800	95.301600	85.050500	103.843000	99.904400	108.973000	133.891000	132.730000	110.067000	115.099000	82.923100	71.114000	68.826000	65.781700	70.415600	65.568100	76.094100	95.617700	114.017000	130.155000	122.482000	119.477000	105.624000	0.491000	0.000000	0.418473	0.000000	0.388770	0.000000	0.358410	0.000000	0.318451	0.000000	0.305832	0.000000	0.279605	0.000000	0.226912	0.005100	0.190060	0.067800	0.162503	0.313500	0.000000	39.194600	35.803000	35.723200	56.992000	78.791300	92.090600	112.041000	111.395000	117.749000	113.831000	99.289700	0.140607	0.484800	0.000000	0.460000	0.000000	0.434600	0.000000	0.454800	0.000000	0.311100	0.000000	0.186400	0.046693	0.007200	0.115451	0.000000	0.201584	0.000000	0.232601	0.000000	0.253840	0.000000	0.254801	0.000000	0.187798	0.000000	0.202323	0.000000	0.409258	3.252500	2.607710	1.163330	1.230650	3.643820	5.259120	5.597940	4.340430	4.410600	0.000000	2.831410	2.026660	129.710000	13.260500	0.000000	228.716000	7.546110	0.000000	5.710950	3.413030	4.180400	5.229240	4.378200	
   92	73.450000	71.850000	65.270000	46.500000	39.040000	28.200000	28.850000	40.310000	43.220000	42.360000	26.000000	5.000000	3.320000	3.320000	2.280000	2.000000	3.600000	41.900000	56.340000	62.970000	71.850000	45.510000	41.900000	35.000000	48.560000	54.320000	60.000000	74.760000	86.440000	88.640000	86.960000	73.480000	246.880000	143.520000	27.000000	5.000000	5.000000	5.000000	7.360000	18.080000	60.000000	90.000000	32.000000	17.000000	17.360000	18.520000	17.600000	16.200000	70.450000	68.850000	59.020000	40.970000	27.370000	21.200000	22.220000	36.310000	44.730000	42.110000	24.000000	0.000000	0.000000	3.320000	3.320000	3.320000	3.600000	41.910000	58.450000	62.970000	76.850000	57.970000	49.900000	43.000000	78.450000	119.492000	119.448000	113.420000	114.143000	105.062000	107.522000	131.753000	132.174000	107.432000	113.673000	92.627800	77.347400	63.987400	58.907200	63.256000	63.420000	74.624000	81.522300	114.321000	120.636000	129.642000	123.626000	113.281000	0.491000	0.000000	0.438005	0.000000	0.426678	0.000000	0.438351	0.000000	0.436190	0.000000	0.404773	0.000000	0.276696	0.000000	0.223874	0.004600	0.243852	0.073200	0.252689	0.272200	0.000000	63.571400	61.865000	58.302700	72.985700	93.010300	117.986000	115.916000	105.878000	111.116000	114.225000	104.829000	0.213612	0.211600	0.153758	0.155900	0.093611	0.193200	0.095475	0.226000	0.089249	0.205600	0.060648	0.156300	0.054496	0.003100	0.136865	0.000000	0.211496	0.000000	0.237158	0.000000	0.259898	0.000000	0.267159	0.000000	0.253807	0.000000	0.227460	0.000000	0.409258	3.074990	3.073070	1.226600	2.162400	3.845510	5.445470	5.786430	4.087020	4.542850	0.000000	0.000000	0.000000	134.761000	94.332300	4.335340	230.699000	28.892100	3.916730	4.644250	3.055090	4.122930	5.129650	4.820030	
   93	73.450000	71.850000	65.270000	46.500000	39.040000	28.200000	28.850000	40.310000	43.220000	42.360000	26.000000	5.000000	3.320000	3.320000	2.280000	2.000000	3.600000	41.900000	56.340000	62.970000	71.850000	45.510000	41.900000	35.000000	48.560000	54.320000	60.000000	74.760000	86.440000	88.640000	86.960000	73.480000	246.880000	143.520000	27.000000	5.000000	5.000000	5.000000	7.360000	18.080000	60.000000	90.000000	32.000000	17.000000	17.360000	18.520000	17.600000	16.200000	70.450000	68.850000	59.020000	40.970000	27.370000	21.200000	22.220000	36.310000	44.730000	42.110000	24.000000	0.000000	0.000000	3.320000	3.320000	3.320000	3.600000	41.910000	58.450000	62.970000	76.850000	57.970000	49.900000	43.000000	78.450000	115.085000	106.389000	98.789500	103.798000	95.980600	116.025000	129.730000	132.349000	117.816000	108.404000	78.020200	76.979100	67.581100	65.960900	69.977500	70.115700	80.021200	91.910000	115.033000	129.694000	141.321000	119.204000	107.631000	0.491000	0.000000	0.434661	0.000000	0.437829	0.000000	0.407357	0.000000	0.358214	0.000000	0.337846	0.000000	0.321920	0.000000	0.291547	0.006900	0.258058	0.078100	0.213409	0.267900	0.000000	52.979200	49.745500	61.116100	65.703000	93.338600	94.407400	118.368000	107.645000	126.166000	108.962000	113.996000	0.169059	0.243800	0.083106	0.662600	0.000000	0.828800	0.000000	0.657000	0.018522	0.911800	0.014329	0.445900	0.022089	0.007600	0.083862	0.000000	0.184220	0.000000	0.236804	0.000000	0.239501	0.000000	0.218916	0.000000	0.173069	0.000000	0.117377	0.000000	0.409258	2.430830	1.997880	0.000000	0.000000	3.606740	4.791030	5.928130	3.291450	7.809360	0.000000	0.000000	0.000000	155.552000	0.000000	0.000000	255.167000	9.706680	0.000000	4.745730	2.746530	4.093900	5.476550	4.339610	
   94	73.450000	71.850000	65.270000	46.500000	39.040000	28.200000	28.850000	40.310000	43.220000	42.360000	26.000000	5.000000	3.320000	3.320000	2.280000	2.000000	3.600000	41.900000	56.340000	62.970000	71.850000	45.510000	41.900000	35.000000	48.560000	54.320000	60.000000	74.760000	86.440000	88.640000	86.960000	73.480000	246.880000	143.520000	27.000000	5.000000	5.000000	5.000000	7.360000	18.080000	60.000000	90.000000	32.000000	17.000000	17.360000	18.520000	17.600000	16.200000	70.450000	68.850000	59.020000	40.970000	27.370000	21.200000	22.220000	36.310000	44.730000	42.110000	24.000000	0.000000	0.000000	3.320000	3.320000	3.320000	3.600000	41.910000	58.450000	62.970000	76.850000	57.970000	49.900000	43.000000	78.450000	114.761000	105.976000	98.768700	103.843000	99.904400	108.973000	133.891000	132.730000	110.067000	115.099000	82.923100	71.114000	68.826000	65.781700	70.415600	81.706200	82.606800	96.205500	119.992000	142.507000	147.011000	127.984000	119.052000	0.491000	0.000000	0.460154	0.000000	0.457658	0.000000	0.409615	0.000000	0.378247	0.000000	0.324955	0.000000	0.266855	0.000000	0.231292	0.006100	0.188383	0.066100	0.190916	0.264900	0.000000	64.577200	59.567500	63.543200	67.013700	98.029800	105.048000	111.683000	113.450000	110.684000	113.635000	106.897000	0.155644	0.388600	0.055618	0.394500	0.000000	0.410100	0.000000	0.390000	0.000000	0.335200	0.000000	0.224200	0.064137	0.008000	0.130690	0.000000	0.186358	0.000000	0.195220	0.000000	0.216339	0.000000	0.234775	0.000000	0.209912	0.000000	0.173485	0.000000	0.409258	3.030610	2.777570	1.337320	1.621910	3.679650	5.449650	5.662970	3.619540	4.230050	21.898700	0.062432	8.136600	148.602000	21.109600	18.343500	230.233000	12.123200	0.000000	5.923570	3.521680	4.140300	5.187880	4.485150	
   95	73.450000	71.850000	65.270000	46.500000	39.040000	28.200000	28.850000	40.310000	43.220000	42.360000	26.000000	5.000000	3.320000	3.320000	2.280000	2.000000	3.600000	41.900000	56.340000	62.970000	71.850000	45.510000	41.900000	35.000000	48.560000	54.320000	60.000000	74.760000	86.440000	88.640000	86.960000	73.480000	246.880000	143.520000	27.000000	5.000000	5.000000	5.000000	7.360000	18.080000	60.000000	90.000000	32.000000	17.000000	17.360000	18.520000	17.600000	16.200000	70.450000	68.850000	59.020000	40.970000	27.370000	21.200000	22.220000	36.310000	44.730000	42.110000	24.000000	0.000000	0.000000	3.320000	3.320000	3.320000	3.600000	41.910000	58.450000	62.970000	76.850000	57.970000	49.900000	43.000000	78.450000	121.930000	114.311000	107.869000	101.796000	103.122000	101.631000	114.798000	125.708000	112.747000	85.039300	75.594400	73.251200	66.894200	63.226200	67.722900	71.747600	72.100400	94.597100	106.400000	119.080000	122.123000	109.021000	108.801000	0.491000	0.000000	0.436341	0.000000	0.447312	0.000000	0.450365	0.000000	0.517153	0.000000	0.514027	0.000000	0.520912	0.000000	0.379515	0.005300	0.236263	0.071300	0.220153	0.284400	0.000000	56.710500	51.221700	54.693200	54.284400	78.667000	105.048000	116.517000	103.670000	106.235000	106.304000	104.341000	0.098842	0.554800	0.029287	0.376800	0.000000	0.287700	0.000000	0.261700	0.000000	0.268500	0.000000	0.219300	0.000000	0.002800	0.038264	0.000000	0.124610	0.000000	0.178543	0.000000	0.192358	0.000000	0.183698	0.000000	0.160822	0.000000	0.145098	0.000000	0.409258	2.584830	2.234800	1.598070	2.317940	2.735410	4.456570	5.526240	4.275780	4.498460	21.061100	1.936120	2.289240	84.918200	0.305098	1.885360	228.141000	9.566840	0.000000	5.655310	3.274720	4.321980	5.133880	4.515270	
   96	73.450000	71.850000	65.270000	46.500000	39.040000	28.200000	28.850000	40.310000	43.220000	42.360000	26.000000	5.000000	3.320000	3.320000	2.280000	2.000000	3.600000	41.900000	56.340000	62.970000	71.850000	45.510000	41.900000	35.000000	48.560000	54.320000	60.000000	74.760000	86.440000	88.640000	86.960000	73.480000	246.880000	143.520000	27.000000	5.000000	5.000000	5.000000	7.360000	18.080000	60.000000	90.000000	32.000000	17.000000	17.360000	18.520000	17.600000	16.200000	70.450000	68.850000	59.020000	40.970000	27.370000	21.200000	22.220000	36.310000	44.730000	42.110000	24.000000	0.000000	0.000000	3.320000	3.320000	3.320000	3.600000	41.910000	58.450000	62.970000	76.850000	57.970000	49.900000	43.000000	78.450000	96.820800	95.301600	85.050500	103.843000	99.904400	108.973000	133.891000	132.730000	110.067000	115.099000	82.923100	71.114000	68.826000	65.781700	70.415600	65.568100	76.094100	95.617700	114.017000	130.155000	122.482000	119.477000	105.624000	0.491000	0.000000	0.418473	0.000000	0.388770	0.000000	0.358410	0.000000	0.318451	0.000000	0.305832	0.000000	0.279605	0.000000	0.226912	0.005100	0.190060	0.067800	0.162503	0.313500	0.000000	39.194600	35.803000	35.723200	56.992000	78.791300	92.090600	112.041000	111.395000	117.749000	113.831000	99.289700	0.140607	0.484800	0.000000	0.460000	0.000000	0.434600	0.000000	0.454800	0.000000	0.311100	0.000000	0.186400	0.046693	0.007200	0.115451	0.000000	0.201584	0.000000	0.232601	0.000000	0.253840	0.000000	0.254801	0.000000	0.187798	0.000000	0.202323	0.000000	0.409258	3.252500	2.607710	1.163330	1.230650	3.643820	5.259120	5.597940	4.340430	4.410600	0.000000	2.831410	2.026660	129.710000	13.260500	0.000000	228.716000	7.546110	0.000000	5.710950	3.413030	4.180400	5.229240	4.378200	
   97	73.450000	71.850000	65.270000	46.500000	39.040000	28.200000	28.850000	40.310000	43.220000	42.360000	26.000000	5.000000	3.320000	3.320000	2.280000	2.000000	3.600000	41.900000	56.340000	62.970000	71.850000	45.510000	41.900000	35.000000	48.560000	54.320000	60.000000	74.760000	86.440000	88.640000	86.960000	73.480000	246.880000	143.520000	27.000000	5.000000	5.000000	5.000000	7.360000	18.080000	60.000000	90.000000	32.000000	17.000000	17.360000	18.520000	17.600000	16.200000	70.450000	68.850000	59.020000	40.970000	27.370000	21.200000	22.220000	36.310000	44.730000	42.110000	24.000000	0.000000	0.000000	3.320000	3.320000	3.320000	3.600000	41.910000	58.450000	62.970000	76.850000	57.970000	49.900000	43.000000	78.450000	114.034000	105.128000	97.841300	95.202300	95.367900	103.081000	122.836000	127.887000	110.168000	99.101600	82.758900	79.716800	76.312100	79.560000	84.907000	86.830100	90.649100	101.412000	115.365000	122.266000	128.374000	115.099000	104.573000	0.491000	0.000000	0.538809	0.000000	0.652321	0.000000	0.656116	0.000000	0.635646	0.000000	0.600328	0.000000	0.576747	0.000000	0.570671	0.005200	0.500278	0.089400	0.379091	0.391200	0.000000	106.586000	106.159000	96.590500	0.000000	37.341100	73.495300	115.814000	107.262000	116.773000	108.252000	102.892000	0.334298	0.667700	0.060971	0.284600	0.000000	0.256800	0.000000	0.369100	0.000000	0.579600	0.000000	0.172100	0.000000	0.004500	0.000000	0.000000	0.063342	0.000000	0.072714	0.000000	0.040247	0.000000	0.009572	0.000000	0.000000	0.000000	0.000000	0.000000	0.409258	3.052560	2.720110	1.451580	2.184850	3.314590	5.075080	5.538470	4.254070	3.819850	14.937100	0.000000	0.000000	243.230000	35.639600	0.000000	241.873000	8.327210	18.148400	4.574650	2.875260	3.912980	4.892210	4.457470	
   98	73.450000	71.850000	65.270000	46.500000	39.040000	28.200000	28.850000	40.310000	43.220000	42.360000	26.000000	5.000000	3.320000	3.320000	2.280000	2.000000	3.600000	41.900000	56.340000	62.970000	71.850000	45.510000	41.900000	35.000000	48.560000	54.320000	60.000000	74.760000	86.440000	88.640000	86.960000	73.480000	246.880000	143.520000	27.000000	5.000000	5.000000	5.000000	7.360000	18.080000	60.000000	90.000000	32.000000	17.000000	17.360000	18.520000	17.600000	16.200000	70.450000	68.850000	59.020000	40.970000	27.370000	21.200000	22.220000	36.310000	44.730000	42.110000	24.000000	0.000000	0.000000	3.320000	3.320000	3.320000	3.600000	41.910000	58.450000	62.970000	76.850000	57.970000	49.900000	43.000000	78.450000	119.492000	119.448000	113.420000	114.143000	105.062000	107.522000	131.753000	132.174000	107.432000	113.673000	92.627800	77.347400	63.987400	58.907200	63.256000	63.420000	74.624000	81.522300	114.321000	120.636000	129.642000	123.626000	113.281000	0.491000	0.000000	0.438005	0.000000	0.416070	0.000000	0.381534	0.000000	0.347328	0.000000	0.308734	0.000000	0.328759	0.000000	0.311552	0.003900	0.292796	0.061500	0.242344	0.252600	0.000000	67.463200	65.199100	66.284000	54.723500	69.324300	84.239600	116.285000	103.405000	111.973000	112.625000	104.260000	0.197914	0.553300	0.053069	0.313400	0.004494	0.488100	0.025888	0.207700	0.047464	0.238700	0.066296	0.202600	0.139004	0.005300	0.258897	0.000000	0.304085	0.000000	0.279559	0.000000	0.246531	0.000000	0.228052	0.000000	0.204670	0.000000	0.179792	0.000000	0.409258	3.900010	3.697990	1.452560	1.595240	1.737200	5.780310	6.026960	3.915080	5.139480	0.000000	0.000000	0.000000	252.645000	152.151000	110.642000	104.162000	10.203000	0.000000	5.462580	3.214310	4.330710	5.478080	4.639820	
   99	73.450000	71.850000	65.270000	46.500000	39.040000	28.200000	28.850000	40.310000	43.220000	42.360000	26.000000	5.000000	3.320000	3.320000	2.280000	2.000000	3.600000	41.900000	56.340000	62.970000	71.850000	45.510000	41.900000	35.000000	48.560000	54.320000	60.000000	74.760000	86.440000	88.640000	86.960000	73.480000	246.880000	143.520000	27.000000	5.000000	5.000000	5.000000	7.360000	18.080000	60.000000	90.000000	32.000000	17.000000	17.360000	18.520000	17.600000	16.200000	70.450000	68.850000	59.020000	40.970000	27.370000	21.200000	22.220000	36.310000	44.730000	42.110000	24.000000	0.000000	0.000000	3.320000	3.320000	3.320000	3.600000	41.910000	58.450000	62.970000	76.850000	57.970000	49.900000	43.000000	78.450000	96.820800	95.301600	85.050500	103.843000	99.904400	108.973000	133.891000	132.730000	110.067000	115.099000	82.923100	71.114000	68.826000	65.781700	70.415600	65.568100	76.094100	95.617700	114.017000	130.155000	122.482000	119.477000	105.624000	0.491000	0.000000	0.418473	0.000000	0.388770	0.000000	0.358410	0.000000	0.318451	0.000000	0.305832	0.000000	0.279605	0.000000	0.226912	0.005100	0.190060	0.067800	0.162503	0.313500	0.000000	39.194600	35.803000	35.723200	56.992000	78.791300	92.090600	112.041000	111.395000	117.749000	113.831000	99.289700	0.140607	0.484800	0.000000	0.460000	0.000000	0.434600	0.000000	0.454800	0.000000	0.311100	0.000000	0.186400	0.046693	0.007200	0.115451	0.000000	0.201584	0.000000	0.232601	0.000000	0.253840	0.000000	0.254801	0.000000	0.187798	0.000000	0.202323	0.000000	0.409258	3.252500	2.607710	1.163330	1.230650	3.643820	5.259120	5.597940	4.340430	4.410600	0.000000	2.831410	2.026660	129.710000	13.260500	0.000000	228.716000	7.546110	0.000000	5.710950	3.413030	4.180400	5.229240	4.378200	
  100	73.450000	71.850000	65.270000	46.500000	39.040000	28.200000	28.850000	40.310000	43.220000	42.360000	26.000000	5.000000	3.320000	3.320000	2.280000	2.000000	3.600000	41.900000	56.340000	62.970000	71.850000	45.510000	41.900000	35.000000	48.560000	54.320000	60.000000	74.760000	86.440000	88.640000	86.960000	73.480000	246.880000	143.520000	27.000000	5.000000	5.000000	5.000000	7.360000	18.080000	60.000000	90.000000	32.000000	17.000000	17.360000	18.520000	17.600000	16.200000	70.450000	68.850000	59.020000	40.970000	27.370000	21.200000	22.220000	36.310000	44.730000	42.110000	24.000000	0.000000	0.000000	3.320000	3.320000	3.320000	3.600000	41.910000	58.450000	62.970000	76.850000	57.970000	49.900000	43.000000	78.450000	118.507000	115.282000	104.845000	110.529000	108.496000	110.739000	129.563000	134.459000	109.135000	99.807400	84.342000	71.114000	68.826000	65.781700	70.415600	65.568100	76.094100	95.617700	114.017000	130.155000	122.482000	119.477000	105.624000	0.491000	0.000000	0.421768	0.000000	0.393654	0.000000	0.344822	0.000000	0.313649	0.000000	0.293203	0.000000	0.252666	0.000000	0.195767	0.009200	0.133746	0.065800	0.092670	0.389000	0.000000	53.099500	56.614100	49.271400	45.794900	89.704200	109.329000	144.894000	126.074000	133.568000	124.475000	121.581000	0.053731	0.381300	0.000000	0.555900	0.000000	0.456000	0.000000	0.355100	0.000000	0.323500	0.000000	0.171000	0.032096	0.003300	0.107376	0.000000	0.183409	0.000000	0.232444	0.000000	0.169409	0.000000	0.173613	0.000000	0.131993	0.000000	0.126182	0.000000	0.409258	2.551830	2.676220	1.311810	1.728830	3.702670	5.129530	5.650550	4.201850	4.254400	17.063100	0.000000	0.000000	167.040000	12.396700	0.217384	230.493000	9.193270	0.372303	5.284280	3.136570	4.157380	5.219120	4.684550	
;
param Prob0 :=
    1	0.010
    2	0.000
    3	0.010
    4	0.010
    5	0.010
    6	0.030
    7	0.010
    8	0.010
    9	0.010
   10	0.010
   11	0.040
   12	0.000
   13	0.010
   14	0.010
   15	0.000
   16	0.010
   17	0.010
   18	0.000
   19	0.010
   20	0.010
   21	0.000
   22	0.010
   23	0.010
   24	0.000
   25	0.010
   26	0.010
   27	0.020
   28	0.000
   29	0.010
   30	0.010
   31	0.000
   32	0.010
   33	0.000
   34	0.000
   35	0.000
   36	0.010
   37	0.010
   38	0.000
   39	0.010
   40	0.010
   41	0.010
   42	0.010
   43	0.000
   44	0.110
   45	0.000
   46	0.010
   47	0.010
   48	0.010
   49	0.010
   50	0.010
   51	0.010
   52	0.000
   53	0.010
   54	0.040
   55	0.010
   56	0.010
   57	0.000
   58	0.000
   59	0.010
   60	0.010
   61	0.010
   62	0.000
   63	0.010
   64	0.010
   65	0.010
   66	0.050
   67	0.010
   68	0.000
   69	0.000
   70	0.000
   71	0.010
   72	0.010
   73	0.000
   74	0.000
   75	0.000
   76	0.010
   77	0.010
   78	0.010
   79	0.010
   80	0.020
   81	0.010
   82	0.000
   83	0.010
   84	0.010
   85	0.000
   86	0.000
   87	0.010
   88	0.010
   89	0.010
   90	0.000
   91	0.000
   92	0.010
   93	0.010
   94	0.010
   95	0.010
   96	0.000
   97	0.010
   98	0.010
   99	0.000
  100	0.080
;
set c[0,50] :=
50    8     16    24    32    40    48    57    65    73    81    89    97
1     9     17    25    33    41    49    58    66    74    82    90    98
2     10    18    26    34    42    51    59    67    75    83    91    99
3     11    19    27    35    43    52    60    68    76    84    92    100
4     12    20    28    36    44    53    61    69    77    85    93
5     13    21    29    37    45    54    62    70    78    86    94
6     14    22    30    38    46    55    63    71    79    87    95
7     15    23    31    39    47    56    64    72    80    88    96;
set c[1,50] :=
50    8     16    24    32    40    48    57    65    73    81    89    97
1     9     17    25    33    41    49    58    66    74    82    90    98
2     10    18    26    34    42    51    59    67    75    83    91    99
3     11    19    27    35    43    52    60    68    76    84    92    100
4     12    20    28    36    44    53    61    69    77    85    93
5     13    21    29    37    45    54    62    70    78    86    94
6     14    22    30    38    46    55    63    71    79    87    95
7     15    23    31    39    47    56    64    72    80    88    96;
set c[2,50] :=
50    8     16    24    32    40    48    57    65    73    81    89    97
1     9     17    25    33    41    49    58    66    74    82    90    98
2     10    18    26    34    42    51    59    67    75    83    91    99
3     11    19    27    35    43    52    60    68    76    84    92    100
4     12    20    28    36    44    53    61    69    77    85    93
5     13    21    29    37    45    54    62    70    78    86    94
6     14    22    30    38    46    55    63    71    79    87    95
7     15    23    31    39    47    56    64    72    80    88    96;
set c[3,50] :=
50    8     16    24    32    40    48    57    65    73    81    89    97
1     9     17    25    33    41    49    58    66    74    82    90    98
2     10    18    26    34    42    51    59    67    75    83    91    99
3     11    19    27    35    43    52    60    68    76    84    92    100
4     12    20    28    36    44    53    61    69    77    85    93
5     13    21    29    37    45    54    62    70    78    86    94
6     14    22    30    38    46    55    63    71    79    87    95
7     15    23    31    39    47    56    64    72    80    88    96;
set c[4,93] := 93;
set c[4,35] := 35 12 24 57 70 82 90 100;
set c[4,6] := 6 31 45;
set c[4,62] := 62 15 66 69 74;
set c[4,27] := 27 68;
set c[4,85] := 85 33 34 43 44 52 58 86 91 96 99;
set c[4,56] := 56 50 2 3 10 11 18 21 38 42 54 55 61 65 73 75 94;
set c[4,71] := 71 23 36 37 59 63 64 67 78 88;
set c[4,32] := 32 4 9 14 22 28 39 40 41 46 47 53 72 77 80 81 83 95;
set c[4,89] := 89 5 7 49;
set c[4,92] := 92 29 30 48 98;
set c[4,8] := 8 1 13 16 17 19 20 25 26 51 60 76 79 84 87 97;
set c[5,93] := 93;
set c[5,35] := 35 12 24 57 70 82 90 100;
set c[5,6] := 6 31 45;
set c[5,62] := 62 15 66 69 74;
set c[5,27] := 27 68;
set c[5,85] := 85 33 34 43 44 52 58 86 91 96 99;
set c[5,56] := 56 50 2 3 10 11 18 21 38 42 54 55 61 65 73 75 94;
set c[5,71] := 71 23 36 37 59 63 64 67 78 88;
set c[5,32] := 32 4 9 14 22 28 39 40 41 46 47 53 72 77 80 81 83 95;
set c[5,89] := 89 5 7 49;
set c[5,92] := 92 29 30 48 98;
set c[5,8] := 8 1 13 16 17 19 20 25 26 51 60 76 79 84 87 97;
set c[6,93] := 93;
set c[6,12] := 12 35 24 57 70 82 90 100;
set c[6,45] := 45 6 31;
set c[6,66] := 66 62 15 69 74;
set c[6,27] := 27 68;
set c[6,52] := 52 85 33 34 43 44 58 86 91 96 99;
set c[6,18] := 18 56 50 2 3 10 11 21 38 42 54 55 61 65 73 75 94;
set c[6,78] := 78 71 23 36 37 59 63 64 67 88;
set c[6,41] := 41 32 4 9 14 22 28 39 40 46 47 53 72 77 80 81 83 95;
set c[6,49] := 49 89 5 7;
set c[6,92] := 92 29 30 48 98;
set c[6,76] := 76;
set c[6,20] := 20;
set c[6,16] := 16;
set c[6,51] := 51;
set c[6,17] := 17;
set c[6,84] := 84 8 26 60 79 87;
set c[6,13] := 13 1 19 25 97;
set c[7,93] := 93;
set c[7,70] := 70 12 35 24 57 82 90 100;
set c[7,6] := 6 45 31;
set c[7,66] := 66 62 15 69 74;
set c[7,27] := 27 68;
set c[7,52] := 52 85 33 34 43 44 58 86 91 96 99;
set c[7,11] := 11 18 56 50 2 3 10 21 38 42 54 55 61 65 73 75 94;
set c[7,59] := 59 78 71 23 36 37 63 64 67 88;
set c[7,46] := 46 41 32 4 9 14 22 28 39 40 47 53 72 77 80 81 83 95;
set c[7,89] := 89 7;
set c[7,49] := 49;
set c[7,5] := 5;
set c[7,30] := 30 92 29;
set c[7,48] := 48 98;
set c[7,76] := 76;
set c[7,20] := 20;
set c[7,16] := 16;
set c[7,51] := 51;
set c[7,17] := 17;
set c[7,87] := 87;
set c[7,8] := 8;
set c[7,60] := 60 84;
set c[7,26] := 26 79;
set c[7,25] := 25;
set c[7,13] := 13;
set c[7,97] := 97;
set c[7,1] := 1;
set c[7,19] := 19;
set c[8,93] := 93;
set c[8,57] := 57 70 12 35 24 82 90 100;
set c[8,6] := 6 45 31;
set c[8,66] := 66 62 15 69 74;
set c[8,27] := 27 68;
set c[8,52] := 52 85 33 34 43 44 58 86 91 96 99;
set c[8,11] := 11 18 56 50 2 3 10 21 38 42 54 55 61 65 73 75 94;
set c[8,59] := 59 78 71 23 36 37 63 64 67 88;
set c[8,46] := 46 83;
set c[8,77] := 77;
set c[8,47] := 47;
set c[8,14] := 14;
set c[8,32] := 32 28 72 80 95;
set c[8,41] := 41 4 9 22 39 40 53 81;
set c[8,89] := 89;
set c[8,7] := 7;
set c[8,49] := 49;
set c[8,5] := 5;
set c[8,30] := 30 92 29;
set c[8,48] := 48 98;
set c[8,76] := 76;
set c[8,20] := 20;
set c[8,16] := 16;
set c[8,51] := 51;
set c[8,17] := 17;
set c[8,87] := 87;
set c[8,8] := 8;
set c[8,60] := 60 84;
set c[8,26] := 26 79;
set c[8,25] := 25;
set c[8,13] := 13;
set c[8,97] := 97;
set c[8,1] := 1;
set c[8,19] := 19;
set c[9,93] := 93;
set c[9,82] := 82 57 70 12 35 24 90 100;
set c[9,6] := 6 45 31;
set c[9,66] := 66 62 15 69 74;
set c[9,27] := 27 68;
set c[9,44] := 44 52 85 33 34 43 58 86 91 96 99;
set c[9,56] := 56 11 18 50 2 3 10 21 38 42 54 55 61 65 73 75 94;
set c[9,59] := 59 78 71 23 36 37 63 64 67 88;
set c[9,46] := 46 83;
set c[9,77] := 77;
set c[9,47] := 47;
set c[9,14] := 14;
set c[9,80] := 80 32 28 72 95;
set c[9,40] := 40 41 4 9 22 39 53 81;
set c[9,89] := 89;
set c[9,7] := 7;
set c[9,49] := 49;
set c[9,5] := 5;
set c[9,29] := 29 30 92;
set c[9,48] := 48 98;
set c[9,76] := 76;
set c[9,20] := 20;
set c[9,16] := 16;
set c[9,51] := 51;
set c[9,17] := 17;
set c[9,87] := 87;
set c[9,8] := 8;
set c[9,60] := 60 84;
set c[9,26] := 26 79;
set c[9,25] := 25;
set c[9,13] := 13;
set c[9,97] := 97;
set c[9,1] := 1;
set c[9,19] := 19;
set c[10,93] := 93;
set c[10,82] := 82 57 70 12 35 24 90 100;
set c[10,6] := 6 45 31;
set c[10,15] := 15 66 62 69 74;
set c[10,27] := 27 68;
set c[10,86] := 86 44 52 85 33 34 43 58 91 96 99;
set c[10,18] := 18 56 11 50 2 3 10 21 38 42 54 55 61 65 73 75 94;
set c[10,59] := 59 78 71 23 36 37 63 64 67 88;
set c[10,46] := 46 83;
set c[10,77] := 77;
set c[10,47] := 47;
set c[10,14] := 14;
set c[10,80] := 80 32 28 72 95;
set c[10,40] := 40 41 4 9 22 39 53 81;
set c[10,89] := 89;
set c[10,7] := 7;
set c[10,49] := 49;
set c[10,5] := 5;
set c[10,29] := 29 30 92;
set c[10,48] := 48 98;
set c[10,76] := 76;
set c[10,20] := 20;
set c[10,16] := 16;
set c[10,51] := 51;
set c[10,17] := 17;
set c[10,87] := 87;
set c[10,8] := 8;
set c[10,60] := 60 84;
set c[10,26] := 26 79;
set c[10,25] := 25;
set c[10,13] := 13;
set c[10,97] := 97;
set c[10,1] := 1;
set c[10,19] := 19;
set c[11,93] := 93;
set c[11,82] := 82 57 70 12 35 24 90 100;
set c[11,6] := 6 45 31;
set c[11,15] := 15 66 62 69 74;
set c[11,27] := 27 68;
set c[11,86] := 86 44 52 85 33 34 43 58 91 96 99;
set c[11,18] := 18 56 11 50 2 3 10 21 38 42 54 55 61 65 73 75 94;
set c[11,88] := 88 59 78 71 23 36 37 63 64 67;
set c[11,46] := 46 83;
set c[11,77] := 77;
set c[11,47] := 47;
set c[11,14] := 14;
set c[11,80] := 80 32 28 72 95;
set c[11,40] := 40;
set c[11,22] := 22;
set c[11,9] := 9;
set c[11,41] := 41;
set c[11,4] := 4 39;
set c[11,81] := 81 53;
set c[11,89] := 89;
set c[11,7] := 7;
set c[11,49] := 49;
set c[11,5] := 5;
set c[11,29] := 29;
set c[11,30] := 30;
set c[11,92] := 92;
set c[11,48] := 48;
set c[11,98] := 98;
set c[11,76] := 76;
set c[11,20] := 20;
set c[11,16] := 16;
set c[11,51] := 51;
set c[11,17] := 17;
set c[11,87] := 87;
set c[11,8] := 8;
set c[11,60] := 60;
set c[11,84] := 84;
set c[11,26] := 26 79;
set c[11,25] := 25;
set c[11,13] := 13;
set c[11,97] := 97;
set c[11,1] := 1;
set c[11,19] := 19;
set c[12,93] := 93;
set c[12,35] := 35 82 57 70 12 24 90 100;
set c[12,6] := 6 45 31;
set c[12,15] := 15 66 62 69 74;
set c[12,27] := 27 68;
set c[12,86] := 86 44 52 85 33 34 43 58 91 96 99;
set c[12,21] := 21 18 56 11 50 2 3 10 38 42 54 55 61 65 73 75 94;
set c[12,36] := 36 88 59 78 71 23 37 63 64 67;
set c[12,46] := 46 83;
set c[12,77] := 77;
set c[12,47] := 47;
set c[12,14] := 14;
set c[12,80] := 80 28;
set c[12,95] := 95 32 72;
set c[12,40] := 40;
set c[12,22] := 22;
set c[12,9] := 9;
set c[12,41] := 41;
set c[12,4] := 4 39;
set c[12,81] := 81 53;
set c[12,89] := 89;
set c[12,7] := 7;
set c[12,49] := 49;
set c[12,5] := 5;
set c[12,29] := 29;
set c[12,30] := 30;
set c[12,92] := 92;
set c[12,48] := 48;
set c[12,98] := 98;
set c[12,76] := 76;
set c[12,20] := 20;
set c[12,16] := 16;
set c[12,51] := 51;
set c[12,17] := 17;
set c[12,87] := 87;
set c[12,8] := 8;
set c[12,60] := 60;
set c[12,84] := 84;
set c[12,26] := 26 79;
set c[12,25] := 25;
set c[12,13] := 13;
set c[12,97] := 97;
set c[12,1] := 1;
set c[12,19] := 19;
set c[13,93] := 93;
set c[13,24] := 24 35 82 57 70 12 90 100;
set c[13,6] := 6 45 31;
set c[13,15] := 15 66 62 69 74;
set c[13,27] := 27 68;
set c[13,86] := 86 44 52 85 33 34 43 58 91 96 99;
set c[13,54] := 54 21 18 56 11 50 2 3 10 38 42 55 61 65 73 75 94;
set c[13,59] := 59 36 88 78 71 23 37 63 64 67;
set c[13,46] := 46 83;
set c[13,77] := 77;
set c[13,47] := 47;
set c[13,14] := 14;
set c[13,80] := 80 28;
set c[13,72] := 72 95 32;
set c[13,40] := 40;
set c[13,22] := 22;
set c[13,9] := 9;
set c[13,41] := 41;
set c[13,4] := 4 39;
set c[13,81] := 81 53;
set c[13,89] := 89;
set c[13,7] := 7;
set c[13,49] := 49;
set c[13,5] := 5;
set c[13,29] := 29;
set c[13,30] := 30;
set c[13,92] := 92;
set c[13,48] := 48;
set c[13,98] := 98;
set c[13,76] := 76;
set c[13,20] := 20;
set c[13,16] := 16;
set c[13,51] := 51;
set c[13,17] := 17;
set c[13,87] := 87;
set c[13,8] := 8;
set c[13,60] := 60;
set c[13,84] := 84;
set c[13,26] := 26 79;
set c[13,25] := 25;
set c[13,13] := 13;
set c[13,97] := 97;
set c[13,1] := 1;
set c[13,19] := 19;
set c[14,93] := 93;
set c[14,100] := 100 24 35 82 57 70 12 90;
set c[14,6] := 6 45 31;
set c[14,66] := 66 15 62 69 74;
set c[14,27] := 27 68;
set c[14,43] := 43 86 44 52 85 33 34 58 91 96 99;
set c[14,10] := 10 54 21 18 56 11 50 2 3 38 42 55 61 65 73 75 94;
set c[14,88] := 88 59 36 78 71 23 37 63 64 67;
set c[14,46] := 46 83;
set c[14,77] := 77;
set c[14,47] := 47;
set c[14,14] := 14;
set c[14,80] := 80 28;
set c[14,72] := 72 95 32;
set c[14,40] := 40;
set c[14,22] := 22;
set c[14,9] := 9;
set c[14,41] := 41;
set c[14,4] := 4 39;
set c[14,81] := 81 53;
set c[14,89] := 89;
set c[14,7] := 7;
set c[14,49] := 49;
set c[14,5] := 5;
set c[14,29] := 29;
set c[14,30] := 30;
set c[14,92] := 92;
set c[14,48] := 48;
set c[14,98] := 98;
set c[14,76] := 76;
set c[14,20] := 20;
set c[14,16] := 16;
set c[14,51] := 51;
set c[14,17] := 17;
set c[14,87] := 87;
set c[14,8] := 8;
set c[14,60] := 60;
set c[14,84] := 84;
set c[14,26] := 26 79;
set c[14,25] := 25;
set c[14,13] := 13;
set c[14,97] := 97;
set c[14,1] := 1;
set c[14,19] := 19;
set c[15,93] := 93;
set c[15,100] := 100 24 35 82 57 70 12 90;
set c[15,45] := 45 6 31;
set c[15,15] := 15 66 62 69 74;
set c[15,27] := 27 68;
set c[15,43] := 43 86 44 52 85 33 34 58 91 96 99;
set c[15,11] := 11 10 54 21 18 56 50 2 3 38 42 55 61 65 73 75 94;
set c[15,59] := 59 88 36 78 71 23 37 63 64 67;
set c[15,46] := 46 83;
set c[15,77] := 77;
set c[15,47] := 47;
set c[15,14] := 14;
set c[15,80] := 80 28;
set c[15,32] := 32 95;
set c[15,72] := 72;
set c[15,40] := 40;
set c[15,22] := 22;
set c[15,9] := 9;
set c[15,41] := 41;
set c[15,4] := 4;
set c[15,39] := 39;
set c[15,81] := 81;
set c[15,53] := 53;
set c[15,89] := 89;
set c[15,7] := 7;
set c[15,49] := 49;
set c[15,5] := 5;
set c[15,29] := 29;
set c[15,30] := 30;
set c[15,92] := 92;
set c[15,48] := 48;
set c[15,98] := 98;
set c[15,76] := 76;
set c[15,20] := 20;
set c[15,16] := 16;
set c[15,51] := 51;
set c[15,17] := 17;
set c[15,87] := 87;
set c[15,8] := 8;
set c[15,60] := 60;
set c[15,84] := 84;
set c[15,26] := 26;
set c[15,79] := 79;
set c[15,25] := 25;
set c[15,13] := 13;
set c[15,97] := 97;
set c[15,1] := 1;
set c[15,19] := 19;
set c[16,93] := 93;
set c[16,100] := 100 24 35 82 57 70 12 90;
set c[16,31] := 31 45 6;
set c[16,74] := 74 15 66 62 69;
set c[16,27] := 27 68;
set c[16,85] := 85 43 86 44 52 33 34 58 91 96 99;
set c[16,10] := 10 11 54 21 18 56 50 2 3 38 42 55 61 65 73 75 94;
set c[16,88] := 88 59 36 78 71 23 37 63 64 67;
set c[16,46] := 46 83;
set c[16,77] := 77;
set c[16,47] := 47;
set c[16,14] := 14;
set c[16,80] := 80 28;
set c[16,32] := 32 95;
set c[16,72] := 72;
set c[16,40] := 40;
set c[16,22] := 22;
set c[16,9] := 9;
set c[16,41] := 41;
set c[16,4] := 4;
set c[16,39] := 39;
set c[16,81] := 81;
set c[16,53] := 53;
set c[16,89] := 89;
set c[16,7] := 7;
set c[16,49] := 49;
set c[16,5] := 5;
set c[16,29] := 29;
set c[16,30] := 30;
set c[16,92] := 92;
set c[16,48] := 48;
set c[16,98] := 98;
set c[16,76] := 76;
set c[16,20] := 20;
set c[16,16] := 16;
set c[16,51] := 51;
set c[16,17] := 17;
set c[16,87] := 87;
set c[16,8] := 8;
set c[16,60] := 60;
set c[16,84] := 84;
set c[16,26] := 26;
set c[16,79] := 79;
set c[16,25] := 25;
set c[16,13] := 13;
set c[16,97] := 97;
set c[16,1] := 1;
set c[16,19] := 19;
set c[17,93] := 93;
set c[17,90] := 90 100 24 35 82 57 70 12;
set c[17,31] := 31 45 6;
set c[17,66] := 66 74 15 62 69;
set c[17,27] := 27 68;
set c[17,33] := 33 85 43 86 44 52 34 58 91 96 99;
set c[17,54] := 54 10 11 21 18 56 50 2 3 38 42 55 61 65 73 75 94;
set c[17,88] := 88 59 36 78 71 23 37 63 64 67;
set c[17,46] := 46 83;
set c[17,77] := 77;
set c[17,47] := 47;
set c[17,14] := 14;
set c[17,80] := 80 28;
set c[17,32] := 32 95;
set c[17,72] := 72;
set c[17,40] := 40;
set c[17,22] := 22;
set c[17,9] := 9;
set c[17,41] := 41;
set c[17,4] := 4;
set c[17,39] := 39;
set c[17,81] := 81;
set c[17,53] := 53;
set c[17,89] := 89;
set c[17,7] := 7;
set c[17,49] := 49;
set c[17,5] := 5;
set c[17,29] := 29;
set c[17,30] := 30;
set c[17,92] := 92;
set c[17,48] := 48;
set c[17,98] := 98;
set c[17,76] := 76;
set c[17,20] := 20;
set c[17,16] := 16;
set c[17,51] := 51;
set c[17,17] := 17;
set c[17,87] := 87;
set c[17,8] := 8;
set c[17,60] := 60;
set c[17,84] := 84;
set c[17,26] := 26;
set c[17,79] := 79;
set c[17,25] := 25;
set c[17,13] := 13;
set c[17,97] := 97;
set c[17,1] := 1;
set c[17,19] := 19;
set c[18,93] := 93;
set c[18,100] := 100 90 24 35 82 57 70 12;
set c[18,31] := 31 45 6;
set c[18,69] := 69 66 74 15 62;
set c[18,27] := 27 68;
set c[18,91] := 91 33 85 43 86 44 52 34 58 96 99;
set c[18,73] := 73 54 10 11 21 18 56 50 2 3 38 42 55 61 65 75 94;
set c[18,71] := 71 88 59 36 78 23 37 63 64 67;
set c[18,46] := 46 83;
set c[18,77] := 77;
set c[18,47] := 47;
set c[18,14] := 14;
set c[18,80] := 80 28;
set c[18,32] := 32 95;
set c[18,72] := 72;
set c[18,40] := 40;
set c[18,22] := 22;
set c[18,9] := 9;
set c[18,41] := 41;
set c[18,4] := 4;
set c[18,39] := 39;
set c[18,81] := 81;
set c[18,53] := 53;
set c[18,89] := 89;
set c[18,7] := 7;
set c[18,49] := 49;
set c[18,5] := 5;
set c[18,29] := 29;
set c[18,30] := 30;
set c[18,92] := 92;
set c[18,48] := 48;
set c[18,98] := 98;
set c[18,76] := 76;
set c[18,20] := 20;
set c[18,16] := 16;
set c[18,51] := 51;
set c[18,17] := 17;
set c[18,87] := 87;
set c[18,8] := 8;
set c[18,60] := 60;
set c[18,84] := 84;
set c[18,26] := 26;
set c[18,79] := 79;
set c[18,25] := 25;
set c[18,13] := 13;
set c[18,97] := 97;
set c[18,1] := 1;
set c[18,19] := 19;
set c[19,93] := 93;
set c[19,90] := 90 100 24 35 82 57 70 12;
set c[19,45] := 45 31 6;
set c[19,62] := 62 69 66 74 15;
set c[19,27] := 27 68;
set c[19,58] := 58 91 33 85 43 86 44 52 34 96 99;
set c[19,73] := 73 54 10 11 21 18 56 50 2 3 38 42 55 61 65 75 94;
set c[19,59] := 59 71 88 36 78 23 37 63 64 67;
set c[19,46] := 46 83;
set c[19,77] := 77;
set c[19,47] := 47;
set c[19,14] := 14;
set c[19,80] := 80 28;
set c[19,32] := 32 95;
set c[19,72] := 72;
set c[19,40] := 40;
set c[19,22] := 22;
set c[19,9] := 9;
set c[19,41] := 41;
set c[19,4] := 4;
set c[19,39] := 39;
set c[19,81] := 81;
set c[19,53] := 53;
set c[19,89] := 89;
set c[19,7] := 7;
set c[19,49] := 49;
set c[19,5] := 5;
set c[19,29] := 29;
set c[19,30] := 30;
set c[19,92] := 92;
set c[19,48] := 48;
set c[19,98] := 98;
set c[19,76] := 76;
set c[19,20] := 20;
set c[19,16] := 16;
set c[19,51] := 51;
set c[19,17] := 17;
set c[19,87] := 87;
set c[19,8] := 8;
set c[19,60] := 60;
set c[19,84] := 84;
set c[19,26] := 26;
set c[19,79] := 79;
set c[19,25] := 25;
set c[19,13] := 13;
set c[19,97] := 97;
set c[19,1] := 1;
set c[19,19] := 19;
set c[20,93] := 93;
set c[20,35] := 35 90 100 24 82 57 70 12;
set c[20,31] := 31 45 6;
set c[20,66] := 66 62 69 74 15;
set c[20,27] := 27 68;
set c[20,99] := 99 58 91 33 85 43 86 44 52 34 96;
set c[20,38] := 38 73 54 10 11 21 18 56 50 2 3 42 55 61 65 75 94;
set c[20,88] := 88 59 71 36 78 23 37 63 64 67;
set c[20,46] := 46 83;
set c[20,77] := 77;
set c[20,47] := 47;
set c[20,14] := 14;
set c[20,80] := 80 28;
set c[20,32] := 32 95;
set c[20,72] := 72;
set c[20,40] := 40;
set c[20,22] := 22;
set c[20,9] := 9;
set c[20,41] := 41;
set c[20,4] := 4;
set c[20,39] := 39;
set c[20,81] := 81;
set c[20,53] := 53;
set c[20,89] := 89;
set c[20,7] := 7;
set c[20,49] := 49;
set c[20,5] := 5;
set c[20,29] := 29;
set c[20,30] := 30;
set c[20,92] := 92;
set c[20,48] := 48;
set c[20,98] := 98;
set c[20,76] := 76;
set c[20,20] := 20;
set c[20,16] := 16;
set c[20,51] := 51;
set c[20,17] := 17;
set c[20,87] := 87;
set c[20,8] := 8;
set c[20,60] := 60;
set c[20,84] := 84;
set c[20,26] := 26;
set c[20,79] := 79;
set c[20,25] := 25;
set c[20,13] := 13;
set c[20,97] := 97;
set c[20,1] := 1;
set c[20,19] := 19;
set c[21,93] := 93;
set c[21,35] := 35 90 100 24 82 57 70 12;
set c[21,6] := 6 31 45;
set c[21,15] := 15 66 62 69 74;
set c[21,27] := 27 68;
set c[21,91] := 91 99 58 33 85 43 86 44 52 34 96;
set c[21,3] := 3 38 73 54 10 11 21 18 56 50 2 42 55 61 65 75 94;
set c[21,67] := 67 88 59 71 36 78 23 37 63 64;
set c[21,46] := 46 83;
set c[21,77] := 77;
set c[21,47] := 47;
set c[21,14] := 14;
set c[21,80] := 80 28;
set c[21,32] := 32 95;
set c[21,72] := 72;
set c[21,40] := 40;
set c[21,22] := 22;
set c[21,9] := 9;
set c[21,41] := 41;
set c[21,4] := 4;
set c[21,39] := 39;
set c[21,81] := 81;
set c[21,53] := 53;
set c[21,89] := 89;
set c[21,7] := 7;
set c[21,49] := 49;
set c[21,5] := 5;
set c[21,29] := 29;
set c[21,30] := 30;
set c[21,92] := 92;
set c[21,48] := 48;
set c[21,98] := 98;
set c[21,76] := 76;
set c[21,20] := 20;
set c[21,16] := 16;
set c[21,51] := 51;
set c[21,17] := 17;
set c[21,87] := 87;
set c[21,8] := 8;
set c[21,60] := 60;
set c[21,84] := 84;
set c[21,26] := 26;
set c[21,79] := 79;
set c[21,25] := 25;
set c[21,13] := 13;
set c[21,97] := 97;
set c[21,1] := 1;
set c[21,19] := 19;
set c[22,93] := 93;
set c[22,100] := 100 35 90 24 82 57 70 12;
set c[22,6] := 6 31 45;
set c[22,69] := 69 15 66 62 74;
set c[22,27] := 27 68;
set c[22,99] := 99 91 58 33 85 43 86 44 52 34 96;
set c[22,55] := 55 3 38 73 54 10 11 21 18 56 50 2 42 61 65 75 94;
set c[22,71] := 71 67 88 59 36 78 23 37 63 64;
set c[22,46] := 46 83;
set c[22,77] := 77;
set c[22,47] := 47;
set c[22,14] := 14;
set c[22,80] := 80 28;
set c[22,32] := 32 95;
set c[22,72] := 72;
set c[22,40] := 40;
set c[22,22] := 22;
set c[22,9] := 9;
set c[22,41] := 41;
set c[22,4] := 4;
set c[22,39] := 39;
set c[22,81] := 81;
set c[22,53] := 53;
set c[22,89] := 89;
set c[22,7] := 7;
set c[22,49] := 49;
set c[22,5] := 5;
set c[22,29] := 29;
set c[22,30] := 30;
set c[22,92] := 92;
set c[22,48] := 48;
set c[22,98] := 98;
set c[22,76] := 76;
set c[22,20] := 20;
set c[22,16] := 16;
set c[22,51] := 51;
set c[22,17] := 17;
set c[22,87] := 87;
set c[22,8] := 8;
set c[22,60] := 60;
set c[22,84] := 84;
set c[22,26] := 26;
set c[22,79] := 79;
set c[22,25] := 25;
set c[22,13] := 13;
set c[22,97] := 97;
set c[22,1] := 1;
set c[22,19] := 19;
set c[23,93] := 93;
set c[23,100] := 100 35 90 24 82 57 70 12;
set c[23,6] := 6 31 45;
set c[23,69] := 69 15 66 62 74;
set c[23,27] := 27 68;
set c[23,58] := 58 99 91 33 85 43 86 44 52 34 96;
set c[23,11] := 11 55 3 38 73 54 10 21 18 56 50 2 42 61 65 75 94;
set c[23,63] := 63 71 67 88 59 36 78 23 37 64;
set c[23,46] := 46 83;
set c[23,77] := 77;
set c[23,47] := 47;
set c[23,14] := 14;
set c[23,80] := 80 28;
set c[23,32] := 32 95;
set c[23,72] := 72;
set c[23,40] := 40;
set c[23,22] := 22;
set c[23,9] := 9;
set c[23,41] := 41;
set c[23,4] := 4;
set c[23,39] := 39;
set c[23,81] := 81;
set c[23,53] := 53;
set c[23,89] := 89;
set c[23,7] := 7;
set c[23,49] := 49;
set c[23,5] := 5;
set c[23,29] := 29;
set c[23,30] := 30;
set c[23,92] := 92;
set c[23,48] := 48;
set c[23,98] := 98;
set c[23,76] := 76;
set c[23,20] := 20;
set c[23,16] := 16;
set c[23,51] := 51;
set c[23,17] := 17;
set c[23,87] := 87;
set c[23,8] := 8;
set c[23,60] := 60;
set c[23,84] := 84;
set c[23,26] := 26;
set c[23,79] := 79;
set c[23,25] := 25;
set c[23,13] := 13;
set c[23,97] := 97;
set c[23,1] := 1;
set c[23,19] := 19;
set c[24,93] := 93;
set c[24,35] := 35 100 90 24 82 57 70 12;
set c[24,6] := 6 31 45;
set c[24,69] := 69 15 66 62 74;
set c[24,27] := 27 68;
set c[24,58] := 58 99 91 33 85 43 86 44 52 34 96;
set c[24,56] := 56 11 55 3 38 73 54 10 21 18 50 2 42 61 65 75 94;
set c[24,63] := 63 71 67 88 59 36 78 23 37 64;
set c[24,46] := 46 83;
set c[24,77] := 77;
set c[24,47] := 47;
set c[24,14] := 14;
set c[24,80] := 80 28;
set c[24,32] := 32 95;
set c[24,72] := 72;
set c[24,40] := 40;
set c[24,22] := 22;
set c[24,9] := 9;
set c[24,41] := 41;
set c[24,4] := 4;
set c[24,39] := 39;
set c[24,81] := 81;
set c[24,53] := 53;
set c[24,89] := 89;
set c[24,7] := 7;
set c[24,49] := 49;
set c[24,5] := 5;
set c[24,29] := 29;
set c[24,30] := 30;
set c[24,92] := 92;
set c[24,48] := 48;
set c[24,98] := 98;
set c[24,76] := 76;
set c[24,20] := 20;
set c[24,16] := 16;
set c[24,51] := 51;
set c[24,17] := 17;
set c[24,87] := 87;
set c[24,8] := 8;
set c[24,60] := 60;
set c[24,84] := 84;
set c[24,26] := 26;
set c[24,79] := 79;
set c[24,25] := 25;
set c[24,13] := 13;
set c[24,97] := 97;
set c[24,1] := 1;
set c[24,19] := 19;
set c[25,93] := 93;
set c[25,12] := 12 35 100 90 24 82 57 70;
set c[25,6] := 6 31 45;
set c[25,66] := 66 69 15 62 74;
set c[25,27] := 27 68;
set c[25,85] := 85 58 99 91 33 43 86 44 52 34 96;
set c[25,3] := 3 56 11 55 38 73 54 10 21 18 50 2 42 61 65 75 94;
set c[25,88] := 88 63 71 67 59 36 78 23 37 64;
set c[25,46] := 46 83;
set c[25,77] := 77;
set c[25,47] := 47;
set c[25,14] := 14;
set c[25,80] := 80 28;
set c[25,32] := 32 95;
set c[25,72] := 72;
set c[25,40] := 40;
set c[25,22] := 22;
set c[25,9] := 9;
set c[25,41] := 41;
set c[25,4] := 4;
set c[25,39] := 39;
set c[25,81] := 81;
set c[25,53] := 53;
set c[25,89] := 89;
set c[25,7] := 7;
set c[25,49] := 49;
set c[25,5] := 5;
set c[25,29] := 29;
set c[25,30] := 30;
set c[25,92] := 92;
set c[25,48] := 48;
set c[25,98] := 98;
set c[25,76] := 76;
set c[25,20] := 20;
set c[25,16] := 16;
set c[25,51] := 51;
set c[25,17] := 17;
set c[25,87] := 87;
set c[25,8] := 8;
set c[25,60] := 60;
set c[25,84] := 84;
set c[25,26] := 26;
set c[25,79] := 79;
set c[25,25] := 25;
set c[25,13] := 13;
set c[25,97] := 97;
set c[25,1] := 1;
set c[25,19] := 19;
set c[26,93] := 93;
set c[26,57] := 57 12 35 100 90 24 82 70;
set c[26,6] := 6 31 45;
set c[26,66] := 66 69 15 62 74;
set c[26,27] := 27 68;
set c[26,96] := 96 85 58 99 91 33 43 86 44 52 34;
set c[26,73] := 73 3 56 11 55 38 54 10 21 18 50 2 42 61 65 75 94;
set c[26,88] := 88 63 71 67 59 36 78 23 37 64;
set c[26,46] := 46 83;
set c[26,77] := 77;
set c[26,47] := 47;
set c[26,14] := 14;
set c[26,80] := 80 28;
set c[26,32] := 32 95;
set c[26,72] := 72;
set c[26,40] := 40;
set c[26,22] := 22;
set c[26,9] := 9;
set c[26,41] := 41;
set c[26,4] := 4;
set c[26,39] := 39;
set c[26,81] := 81;
set c[26,53] := 53;
set c[26,89] := 89;
set c[26,7] := 7;
set c[26,49] := 49;
set c[26,5] := 5;
set c[26,29] := 29;
set c[26,30] := 30;
set c[26,92] := 92;
set c[26,48] := 48;
set c[26,98] := 98;
set c[26,76] := 76;
set c[26,20] := 20;
set c[26,16] := 16;
set c[26,51] := 51;
set c[26,17] := 17;
set c[26,87] := 87;
set c[26,8] := 8;
set c[26,60] := 60;
set c[26,84] := 84;
set c[26,26] := 26;
set c[26,79] := 79;
set c[26,25] := 25;
set c[26,13] := 13;
set c[26,97] := 97;
set c[26,1] := 1;
set c[26,19] := 19;
set c[27,93] := 93;
set c[27,57] := 57 12 35 100 90 24 82 70;
set c[27,6] := 6 31 45;
set c[27,66] := 66 69 15 62 74;
set c[27,27] := 27 68;
set c[27,96] := 96 85 58 99 91 33 43 86 44 52 34;
set c[27,73] := 73 3 56 11 55 38 54 10 21 18 50 2 42 61 65 75 94;
set c[27,23] := 23 88 63 71 67 59 36 78 37 64;
set c[27,46] := 46 83;
set c[27,77] := 77;
set c[27,47] := 47;
set c[27,14] := 14;
set c[27,80] := 80 28;
set c[27,32] := 32 95;
set c[27,72] := 72;
set c[27,40] := 40;
set c[27,22] := 22;
set c[27,9] := 9;
set c[27,41] := 41;
set c[27,4] := 4;
set c[27,39] := 39;
set c[27,81] := 81;
set c[27,53] := 53;
set c[27,89] := 89;
set c[27,7] := 7;
set c[27,49] := 49;
set c[27,5] := 5;
set c[27,29] := 29;
set c[27,30] := 30;
set c[27,92] := 92;
set c[27,48] := 48;
set c[27,98] := 98;
set c[27,76] := 76;
set c[27,20] := 20;
set c[27,16] := 16;
set c[27,51] := 51;
set c[27,17] := 17;
set c[27,87] := 87;
set c[27,8] := 8;
set c[27,60] := 60;
set c[27,84] := 84;
set c[27,26] := 26;
set c[27,79] := 79;
set c[27,25] := 25;
set c[27,13] := 13;
set c[27,97] := 97;
set c[27,1] := 1;
set c[27,19] := 19;
set c[28,93] := 93;
set c[28,70] := 70 57 12 35 100 90 24 82;
set c[28,45] := 45 6 31;
set c[28,66] := 66 69 15 62 74;
set c[28,27] := 27 68;
set c[28,85] := 85 96 58 99 91 33 43 86 44 52 34;
set c[28,10] := 10 73 3 56 11 55 38 54 21 18 50 2 42 61 65 75 94;
set c[28,36] := 36 23 88 63 71 67 59 78 37 64;
set c[28,46] := 46;
set c[28,83] := 83;
set c[28,77] := 77;
set c[28,47] := 47;
set c[28,14] := 14;
set c[28,80] := 80 28;
set c[28,32] := 32 95;
set c[28,72] := 72;
set c[28,40] := 40;
set c[28,22] := 22;
set c[28,9] := 9;
set c[28,41] := 41;
set c[28,4] := 4;
set c[28,39] := 39;
set c[28,81] := 81;
set c[28,53] := 53;
set c[28,89] := 89;
set c[28,7] := 7;
set c[28,49] := 49;
set c[28,5] := 5;
set c[28,29] := 29;
set c[28,30] := 30;
set c[28,92] := 92;
set c[28,48] := 48;
set c[28,98] := 98;
set c[28,76] := 76;
set c[28,20] := 20;
set c[28,16] := 16;
set c[28,51] := 51;
set c[28,17] := 17;
set c[28,87] := 87;
set c[28,8] := 8;
set c[28,60] := 60;
set c[28,84] := 84;
set c[28,26] := 26;
set c[28,79] := 79;
set c[28,25] := 25;
set c[28,13] := 13;
set c[28,97] := 97;
set c[28,1] := 1;
set c[28,19] := 19;
set c[29,93] := 93;
set c[29,57] := 57 70 12 35 100 90 24 82;
set c[29,45] := 45 6 31;
set c[29,69] := 69 66 15 62 74;
set c[29,27] := 27 68;
set c[29,96] := 96 85 58 99 91 33 43 86 44 52 34;
set c[29,10] := 10 73 3 56 11 55 38 54 21 18 50 2 42 61 65 75 94;
set c[29,36] := 36 23 88 63 71 67 59 78 37 64;
set c[29,46] := 46;
set c[29,83] := 83;
set c[29,77] := 77;
set c[29,47] := 47;
set c[29,14] := 14;
set c[29,80] := 80 28;
set c[29,32] := 32 95;
set c[29,72] := 72;
set c[29,40] := 40;
set c[29,22] := 22;
set c[29,9] := 9;
set c[29,41] := 41;
set c[29,4] := 4;
set c[29,39] := 39;
set c[29,81] := 81;
set c[29,53] := 53;
set c[29,89] := 89;
set c[29,7] := 7;
set c[29,49] := 49;
set c[29,5] := 5;
set c[29,29] := 29;
set c[29,30] := 30;
set c[29,92] := 92;
set c[29,48] := 48;
set c[29,98] := 98;
set c[29,76] := 76;
set c[29,20] := 20;
set c[29,16] := 16;
set c[29,51] := 51;
set c[29,17] := 17;
set c[29,87] := 87;
set c[29,8] := 8;
set c[29,60] := 60;
set c[29,84] := 84;
set c[29,26] := 26;
set c[29,79] := 79;
set c[29,25] := 25;
set c[29,13] := 13;
set c[29,97] := 97;
set c[29,1] := 1;
set c[29,19] := 19;
set c[30,93] := 93;
set c[30,100] := 100 57 70 12 35 90 24 82;
set c[30,6] := 6 45 31;
set c[30,66] := 66 69 15 62 74;
set c[30,27] := 27 68;
set c[30,44] := 44 96 85 58 99 91 33 43 86 52 34;
set c[30,55] := 55;
set c[30,65] := 65;
set c[30,61] := 61;
set c[30,10] := 10;
set c[30,94] := 94;
set c[30,42] := 42;
set c[30,50] := 50;
set c[30,56] := 56;
set c[30,3] := 3;
set c[30,54] := 54 21 18 2;
set c[30,11] := 11 73 38 75;
set c[30,64] := 64;
set c[30,78] := 78;
set c[30,23] := 23;
set c[30,59] := 59;
set c[30,71] := 71;
set c[30,63] := 63;
set c[30,67] := 67;
set c[30,88] := 88;
set c[30,36] := 36;
set c[30,37] := 37;
set c[30,46] := 46;
set c[30,83] := 83;
set c[30,77] := 77;
set c[30,47] := 47;
set c[30,14] := 14;
set c[30,80] := 80 28;
set c[30,32] := 32;
set c[30,95] := 95;
set c[30,72] := 72;
set c[30,40] := 40;
set c[30,22] := 22;
set c[30,9] := 9;
set c[30,41] := 41;
set c[30,4] := 4;
set c[30,39] := 39;
set c[30,81] := 81;
set c[30,53] := 53;
set c[30,89] := 89;
set c[30,7] := 7;
set c[30,49] := 49;
set c[30,5] := 5;
set c[30,29] := 29;
set c[30,30] := 30;
set c[30,92] := 92;
set c[30,48] := 48;
set c[30,98] := 98;
set c[30,76] := 76;
set c[30,20] := 20;
set c[30,16] := 16;
set c[30,51] := 51;
set c[30,17] := 17;
set c[30,87] := 87;
set c[30,8] := 8;
set c[30,60] := 60;
set c[30,84] := 84;
set c[30,26] := 26;
set c[30,79] := 79;
set c[30,25] := 25;
set c[30,13] := 13;
set c[30,97] := 97;
set c[30,1] := 1;
set c[30,19] := 19;

