#erel:= 0.800;
#emax:= 753.835;
#q:= 0.000;
#nesce:=    58;
#etime:= 1.620;
#snodes:=  1242;
param nS:=   100;
param nSG:=    30;
param nRVSG :=
 1 24    4 24    7  2   10  2   13  2   16  2   19  2   22  2   25  2   28  2
 2 24    5  2    8  2   11  2   14  2   17  2   20  2   23  2   26  2   29  2
 3 24    6  2    9  2   12  2   15 12   18  2   21  2   24  2   27  2   30 24
;

param ScenF :=
  1 121.99        46   0           91 154.414      136   0.6267
  2 131.786       47   0           92 148.872      137   0.434299
  3 117.391       48   0           93 150.378      138   0.5019
  4 110.227       49 128.125       94 145.981      139   0.462214
  5 114.077       50 132.488       95 138.647      140   0.2859
  6 113.029       51 122.359       96 125.496      141   0.490954
  7 116.112       52 113.656       97   0.370729   142   0.0052
  8 134.421       53 116.537       98   0          143   0.515255
  9 142.066       54 120.852       99   0.375238   144   0
 10 142.642       55 131.218      100   0          145   0.51711
 11 135.275       56 155.063      101   0.350723   146   0
 12 114.132       57 163.358      102   0          147   0.507505
 13 108.206       58 150.685      103   0.276994   148   0
 14 103.149       59 126.063      104   0          149   0.48459
 15 104.158       60 104.152      105   0.229238   150   0
 16 110.289       61 101.141      106   0          151   0.465035
 17 127.553       62 106.074      107   0.187512   152   0
 18 154.223       63 107.645      108   0          153   0.433092
 19 164.927       64 107.898      109   0.153299   154   0
 20 154.957       65 129.97       110   0          155   0.390033
 21 144.482       66 165.877      111   0.137849   156   0
 22 155.183       67 165.734      112   0.0039     157   5.43427
 23 145.918       68 142.372      113   0.126934   158   6.20611
 24 131.138       69 150.416      114   0.0829     159   7.07352
 25  33.3068      70 163.147      115   0.118905   160   5.20795
 26  30.4821      71 154.133      116   0.4171     161   2.80499
 27  33.0523      72 136.102      117 114.441      162   7.9561
 28  34.6056      73 102.068      118 122.286      163   8.58144
 29  34.8614      74 119.672      119 120.284      164   3.02381
 30  36.6248      75 109.369      120 136.179      165   3.91633
 31  35.1147      76  96.4266     121 134.877      166  14.5804
 32  57.9464      77  94.0671     122 171.132      167   0
 33  26.7006      78 105.808      123 167.761      168  59.4709
 34   2.4386      79 119.381      124 173.417      169 116.3
 35  22.8894      80 132.767      125 173.206      170   0
 36  17.8037      81 151.554      126 192.323      171   0
 37  16.3381      82 122.828      127 165.543      172   0
 38  27.5721      83 107.101      128 152.945      173  60.0398
 39  30.6454      84 103.44       129   0.157067   174   0.123842
 40  63.6918      85  98.4031     130   0.6107     175  27.7401
 41  44.9102      86 108.865      131   0.241372   176   2.25793
 42  56.0036      87 109.307      132   0.6875     177   1.63293
 43  16.3089      88 109.135      133   0.323945   178   3.05598
 44   0           89 115.432      134   0.6854     179   3.86702
 45   0           90 146.597      135   0.387642   180   3.71991
;

param ScenO :=
  1 129           46  14.52        91 145.85       136   0.292
  2 117.19        47  26.04        92 140.67       137   0.898
  3 100.8         48  60.28        93 140.25       138   0.292
  4  94.99        49 122.41        94 137.48       139   0.868
  5  92.53        50 112.19        95 125.26       140   0.17
  6  91.21        51  91.8         96 120          141   0.853
  7 100           52  92.99        97   0.478      142   0.007
  8 110.03        53  89.53        98   0          143   0.83
  9 125.07        54  88.26        99   0.575      144   0
 10 120.73        55  95          100   0          145   0.802
 11 111.07        56 106.53       101   0.642      146   0
 12 105.67        57 121.06       102   0          147   0.739
 13  94           58 117.97       103   0.669      148   0
 14 100.7         59 108.18       104   0          149   0.655
 15 100.83        60 103.18       105   0.69       150   0
 16 112           61  94          106   0          151   0.596
 17 129.22        62 100.7        107   0.675      152   0
 18 143.2         63 100.83       108   0          153   0.55
 19 146.85        64 112          109   0.725      154   0
 20 143.67        65 124.24       110   0          155   0.51
 21 144.24        66 143.2        111   0.777      156   0
 22 142.48        67 146.79       112   0.011      157   4.20333
 23 137.26        68 141.27       113   0.8        158   3.29431
 24 129.35        69 141.25       114   0.109      159   3.65794
 25  40           70 137.73       115   0.837      160   3.63859
 26  47.84        71 134.55       116   0.209      161   0.865125
 27  39.6         72 126.86       117  89          162   3.5984
 28  50.16        73 110          118  85.3        163   2.0755
 29  48.92        74  75.18       119  88.68       164   4.59657
 30  46.2         75  74.3        120  95          165   4.22619
 31  38.4         76  75.99       121 118.34       166   3.92007
 32  40           77  75.18       122 139.28       167   3.9196
 33 221.2         78  75.18       123 147.34       168   4.43882
 34 481.76        79  75.18       124 143.67       169   4.73138
 35  60           80  96.8        125 144.74       170   4.35482
 36  29.28        81 118          126 144.7        171   5.90548
 37  26.8         82 119.78       127 122.26       172   5.05634
 38  28.12        83 110.05       128 126.35       173   4.96889
 39  26           84 104.67       129   0.897      174   4.38952
 40  52.88        85  96.99       130   0.318      175   4.1889
 41  97.76        86  97.73       131   0.917      176   3.66277
 42 104.76        87  99.83       132   0.307      177   3.78487
 43  18.36        88 107.1        133   0.926      178   3.82903
 44  20           89 120.72       134   0.285      179   4.04597
 45  20           90 140.2        135   0.921      180   2.59954
;

param Scen0 (tr)
 :    1	    2	    3	    4	    5	    6	    7	    8	    9	   10	   11	   12	   13	   14	   15	   16	   17	   18	   19	   20	   21	   22	   23	   24	   25	   26	   27	   28	   29	   30	   31	   32	   33	   34	   35	   36	   37	   38	   39	   40	   41	   42	   43	   44	   45	   46	   47	   48	   49	   50	   51	   52	   53	   54	   55	   56	   57	   58	   59	   60	   61	   62	   63	   64	   65	   66	   67	   68	   69	   70	   71	   72	   73	   74	   75	   76	   77	   78	   79	   80	   81	   82	   83	   84	   85	   86	   87	   88	   89	   90	   91	   92	   93	   94	   95	   96	   97	   98	   99	  100	  101	  102	  103	  104	  105	  106	  107	  108	  109	  110	  111	  112	  113	  114	  115	  116	  117	  118	  119	  120	  121	  122	  123	  124	  125	  126	  127	  128	  129	  130	  131	  132	  133	  134	  135	  136	  137	  138	  139	  140	  141	  142	  143	  144	  145	  146	  147	  148	  149	  150	  151	  152	  153	  154	  155	  156	  157	  158	  159	  160	  161	  162	  163	  164	  165	  166	  167	  168	  169	  170	  171	  172	  173	  174	  175	  176	  177	  178	  179	  180	:=
    1	129.000000	117.190000	100.800000	94.990000	92.530000	91.210000	100.000000	110.030000	125.070000	120.730000	111.070000	105.670000	94.000000	100.700000	100.830000	112.000000	129.220000	143.200000	146.850000	143.670000	144.240000	142.480000	137.260000	129.350000	40.000000	47.840000	39.600000	50.160000	48.920000	46.200000	38.400000	40.000000	221.200000	481.760000	60.000000	29.280000	26.800000	28.120000	26.000000	52.880000	97.760000	104.760000	18.360000	20.000000	20.000000	14.520000	26.040000	60.280000	122.410000	112.190000	91.800000	92.990000	89.530000	88.260000	95.000000	106.530000	121.060000	117.970000	108.180000	103.180000	94.000000	100.700000	100.830000	112.000000	124.240000	143.200000	146.790000	141.270000	141.250000	137.730000	134.550000	126.860000	110.000000	122.495000	116.197000	102.597000	105.228000	106.823000	118.948000	150.509000	145.740000	128.661000	109.329000	92.139600	99.209800	104.162000	109.608000	110.983000	135.510000	144.405000	167.637000	172.555000	155.491000	148.732000	147.388000	128.063000	0.478000	0.000000	0.398066	0.000000	0.391655	0.000000	0.436131	0.000000	0.409572	0.000000	0.411479	0.000000	0.376126	0.000000	0.383146	0.007400	0.412908	0.056800	0.353251	0.288200	89.000000	108.255000	107.790000	125.423000	136.522000	169.548000	175.199000	171.890000	197.220000	218.632000	178.975000	158.455000	0.363808	0.462000	0.420632	0.386600	0.478802	0.389300	0.531694	0.674900	0.599569	0.381100	0.644459	0.232100	0.641289	0.003200	0.454225	0.000000	0.485307	0.000000	0.480676	0.000000	0.446746	0.000000	0.420684	0.000000	0.386000	0.000000	0.346105	0.000000	4.203330	6.243350	6.986780	4.972350	2.645850	7.709220	8.082690	3.149000	3.718790	13.446800	23.318300	63.531400	120.149000	119.371000	5.936010	4.059500	51.521700	0.782392	55.876900	2.057690	1.920990	3.182990	4.071130	3.838650	
    2	129.000000	117.190000	100.800000	94.990000	92.530000	91.210000	100.000000	110.030000	125.070000	120.730000	111.070000	105.670000	94.000000	100.700000	100.830000	112.000000	129.220000	143.200000	146.850000	143.670000	144.240000	142.480000	137.260000	129.350000	40.000000	47.840000	39.600000	50.160000	48.920000	46.200000	38.400000	40.000000	221.200000	481.760000	60.000000	29.280000	26.800000	28.120000	26.000000	52.880000	97.760000	104.760000	18.360000	20.000000	20.000000	14.520000	26.040000	60.280000	122.410000	112.190000	91.800000	92.990000	89.530000	88.260000	95.000000	106.530000	121.060000	117.970000	108.180000	103.180000	94.000000	100.700000	100.830000	112.000000	124.240000	143.200000	146.790000	141.270000	141.250000	137.730000	134.550000	126.860000	110.000000	124.753000	102.612000	93.903100	96.897800	102.770000	124.724000	143.298000	146.837000	134.679000	110.186000	95.997400	101.072000	106.544000	112.375000	114.636000	98.843000	123.092000	137.882000	144.912000	141.618000	153.820000	134.644000	121.817000	0.478000	0.000000	0.351753	0.000000	0.306946	0.000000	0.264455	0.000000	0.246456	0.000000	0.193521	0.000000	0.154500	0.000000	0.141806	0.003200	0.110411	0.088600	0.129626	0.441500	89.000000	155.561000	165.718000	154.823000	177.464000	207.429000	189.303000	179.295000	163.715000	189.413000	167.631000	123.858000	0.000000	0.574200	0.038385	0.405900	0.088523	0.374600	0.143683	0.312500	0.417555	0.485400	0.473243	0.230400	0.533218	0.005300	0.590835	0.000000	0.574840	0.000000	0.519379	0.000000	0.468755	0.000000	0.482122	0.000000	0.537765	0.000000	0.604228	0.000000	4.203330	5.420480	6.193140	4.638010	2.150370	7.284130	7.058300	2.915130	3.781640	14.925100	39.109100	57.939000	114.410000	226.466000	32.723800	0.000000	107.468000	10.116800	31.505700	4.275500	4.482160	3.085250	3.646070	3.335590	
    3	129.000000	117.190000	100.800000	94.990000	92.530000	91.210000	100.000000	110.030000	125.070000	120.730000	111.070000	105.670000	94.000000	100.700000	100.830000	112.000000	129.220000	143.200000	146.850000	143.670000	144.240000	142.480000	137.260000	129.350000	40.000000	47.840000	39.600000	50.160000	48.920000	46.200000	38.400000	40.000000	221.200000	481.760000	60.000000	29.280000	26.800000	28.120000	26.000000	52.880000	97.760000	104.760000	18.360000	20.000000	20.000000	14.520000	26.040000	60.280000	122.410000	112.190000	91.800000	92.990000	89.530000	88.260000	95.000000	106.530000	121.060000	117.970000	108.180000	103.180000	94.000000	100.700000	100.830000	112.000000	124.240000	143.200000	146.790000	141.270000	141.250000	137.730000	134.550000	126.860000	110.000000	120.635000	101.164000	90.547100	99.807100	102.643000	122.975000	147.442000	132.336000	131.345000	121.193000	102.283000	112.674000	106.818000	105.717000	106.571000	110.181000	136.276000	151.717000	167.813000	173.393000	154.230000	134.044000	130.174000	0.478000	0.000000	0.369992	0.000000	0.331981	0.000000	0.264259	0.000000	0.229790	0.000000	0.093854	0.000000	0.023282	0.000000	0.000000	0.002000	0.000000	0.079700	0.000000	0.530500	89.000000	124.610000	122.521000	134.472000	137.399000	172.504000	154.536000	167.388000	186.207000	217.384000	171.344000	167.414000	0.000000	0.555900	0.000000	1.032300	0.068182	0.624400	0.159460	0.655100	0.252757	0.517400	0.340870	0.230300	0.445326	0.005100	0.516820	0.000000	0.536369	0.000000	0.517387	0.000000	0.441633	0.000000	0.378653	0.000000	0.338035	0.000000	0.281150	0.000000	4.203330	5.769150	7.357530	4.866030	1.738940	7.681770	7.876240	2.902650	3.600390	14.581100	20.467200	62.418700	114.845000	115.230000	12.744700	0.000000	56.214700	0.000000	5.930490	2.037100	1.949620	3.043640	3.769460	3.586500	
    4	129.000000	117.190000	100.800000	94.990000	92.530000	91.210000	100.000000	110.030000	125.070000	120.730000	111.070000	105.670000	94.000000	100.700000	100.830000	112.000000	129.220000	143.200000	146.850000	143.670000	144.240000	142.480000	137.260000	129.350000	40.000000	47.840000	39.600000	50.160000	48.920000	46.200000	38.400000	40.000000	221.200000	481.760000	60.000000	29.280000	26.800000	28.120000	26.000000	52.880000	97.760000	104.760000	18.360000	20.000000	20.000000	14.520000	26.040000	60.280000	122.410000	112.190000	91.800000	92.990000	89.530000	88.260000	95.000000	106.530000	121.060000	117.970000	108.180000	103.180000	94.000000	100.700000	100.830000	112.000000	124.240000	143.200000	146.790000	141.270000	141.250000	137.730000	134.550000	126.860000	110.000000	119.290000	108.541000	96.800700	95.446100	99.576400	123.484000	141.333000	146.166000	122.008000	116.396000	99.378200	100.365000	108.022000	112.437000	109.263000	111.951000	133.356000	158.084000	146.317000	150.034000	164.160000	139.016000	114.634000	0.478000	0.000000	0.380359	0.000000	0.351009	0.000000	0.269013	0.000000	0.229050	0.000000	0.186665	0.000000	0.132599	0.000000	0.129553	0.004400	0.130679	0.075500	0.125540	0.442800	89.000000	107.822000	100.760000	115.694000	153.005000	173.875000	161.593000	197.240000	195.669000	207.097000	171.263000	171.429000	0.156611	0.701500	0.237096	0.641400	0.327642	0.498300	0.388382	0.560900	0.425044	0.658300	0.474854	0.301700	0.488246	0.007000	0.506850	0.000000	0.519347	0.000000	0.494785	0.000000	0.420114	0.000000	0.355572	0.000000	0.294798	0.000000	0.287398	0.000000	4.203330	6.212540	7.098070	5.285560	2.671600	7.967690	8.213740	3.023860	3.883700	14.550700	8.546430	59.713000	120.830000	81.493500	10.856500	0.305171	54.188300	0.000000	20.467700	2.424940	1.943060	3.248070	3.704660	3.693880	
    5	129.000000	117.190000	100.800000	94.990000	92.530000	91.210000	100.000000	110.030000	125.070000	120.730000	111.070000	105.670000	94.000000	100.700000	100.830000	112.000000	129.220000	143.200000	146.850000	143.670000	144.240000	142.480000	137.260000	129.350000	40.000000	47.840000	39.600000	50.160000	48.920000	46.200000	38.400000	40.000000	221.200000	481.760000	60.000000	29.280000	26.800000	28.120000	26.000000	52.880000	97.760000	104.760000	18.360000	20.000000	20.000000	14.520000	26.040000	60.280000	122.410000	112.190000	91.800000	92.990000	89.530000	88.260000	95.000000	106.530000	121.060000	117.970000	108.180000	103.180000	94.000000	100.700000	100.830000	112.000000	124.240000	143.200000	146.790000	141.270000	141.250000	137.730000	134.550000	126.860000	110.000000	122.495000	116.197000	102.597000	105.228000	106.823000	118.948000	150.509000	145.740000	128.661000	109.329000	92.139600	99.209800	104.162000	109.608000	110.983000	135.510000	144.405000	167.637000	172.555000	155.491000	148.732000	147.388000	128.063000	0.478000	0.000000	0.398066	0.000000	0.391655	0.000000	0.436131	0.000000	0.331470	0.000000	0.219684	0.000000	0.240053	0.000000	0.194314	0.004000	0.217083	0.077200	0.210074	0.424000	89.000000	107.822000	100.760000	115.694000	130.552000	156.713000	146.254000	160.022000	146.626000	180.705000	154.635000	168.091000	0.222255	0.849000	0.501136	0.761900	0.576769	0.882400	0.639137	0.625900	0.675169	0.371500	0.673899	0.338000	0.677724	0.003400	0.710486	0.000000	0.737491	0.000000	0.723004	0.000000	0.698574	0.000000	0.736910	0.000000	0.764012	0.000000	0.765912	0.000000	4.203330	6.530060	7.013620	5.108020	2.405090	7.823410	7.499050	3.031040	4.148110	14.676100	0.000000	65.944000	163.916000	143.816000	103.284000	42.891600	64.227900	0.000000	0.000000	2.046430	1.943100	3.214780	3.615780	3.369840	
    6	129.000000	117.190000	100.800000	94.990000	92.530000	91.210000	100.000000	110.030000	125.070000	120.730000	111.070000	105.670000	94.000000	100.700000	100.830000	112.000000	129.220000	143.200000	146.850000	143.670000	144.240000	142.480000	137.260000	129.350000	40.000000	47.840000	39.600000	50.160000	48.920000	46.200000	38.400000	40.000000	221.200000	481.760000	60.000000	29.280000	26.800000	28.120000	26.000000	52.880000	97.760000	104.760000	18.360000	20.000000	20.000000	14.520000	26.040000	60.280000	122.410000	112.190000	91.800000	92.990000	89.530000	88.260000	95.000000	106.530000	121.060000	117.970000	108.180000	103.180000	94.000000	100.700000	100.830000	112.000000	124.240000	143.200000	146.790000	141.270000	141.250000	137.730000	134.550000	126.860000	110.000000	124.781000	114.668000	105.442000	95.602100	103.918000	114.012000	135.545000	141.520000	120.743000	94.752600	99.591500	103.768000	104.244000	108.767000	110.283000	118.764000	133.883000	166.981000	164.962000	151.991000	150.667000	148.277000	133.631000	0.478000	0.000000	0.335667	0.000000	0.354804	0.000000	0.269288	0.000000	0.203720	0.000000	0.133369	0.000000	0.087408	0.000000	0.086138	0.003100	0.051326	0.074200	0.050251	0.373400	89.000000	130.944000	120.216000	138.978000	148.465000	169.856000	169.238000	168.515000	166.390000	182.850000	169.286000	161.079000	0.119045	0.560000	0.182400	0.594600	0.284183	0.847800	0.371374	0.473500	0.322831	0.360000	0.357235	0.331100	0.433368	0.006700	0.495662	0.000000	0.593000	0.000000	0.583285	0.000000	0.530840	0.000000	0.460347	0.000000	0.420884	0.000000	0.379907	0.000000	4.203330	6.148470	7.183560	5.844250	3.535960	8.377330	8.227920	2.921090	3.943960	13.669700	15.970500	81.087600	147.208000	110.483000	27.550100	10.599600	42.845300	0.000000	62.931200	1.984950	1.807570	3.203170	3.536590	3.276500	
    7	129.000000	117.190000	100.800000	94.990000	92.530000	91.210000	100.000000	110.030000	125.070000	120.730000	111.070000	105.670000	94.000000	100.700000	100.830000	112.000000	129.220000	143.200000	146.850000	143.670000	144.240000	142.480000	137.260000	129.350000	40.000000	47.840000	39.600000	50.160000	48.920000	46.200000	38.400000	40.000000	221.200000	481.760000	60.000000	29.280000	26.800000	28.120000	26.000000	52.880000	97.760000	104.760000	18.360000	20.000000	20.000000	14.520000	26.040000	60.280000	122.410000	112.190000	91.800000	92.990000	89.530000	88.260000	95.000000	106.530000	121.060000	117.970000	108.180000	103.180000	94.000000	100.700000	100.830000	112.000000	124.240000	143.200000	146.790000	141.270000	141.250000	137.730000	134.550000	126.860000	110.000000	120.635000	101.164000	90.547100	99.807100	102.643000	122.975000	147.442000	132.336000	131.345000	121.193000	102.283000	112.674000	106.818000	105.717000	106.571000	110.181000	136.276000	151.717000	167.813000	173.393000	154.230000	134.044000	130.174000	0.478000	0.000000	0.369992	0.000000	0.331981	0.000000	0.264259	0.000000	0.229790	0.000000	0.093854	0.000000	0.023282	0.000000	0.000000	0.002000	0.000000	0.079700	0.000000	0.530500	89.000000	124.610000	122.521000	134.472000	137.399000	172.504000	154.536000	167.388000	186.207000	217.384000	171.344000	167.414000	0.000000	0.555900	0.000000	1.032300	0.068182	0.624400	0.159460	0.655100	0.252757	0.517400	0.340870	0.230300	0.445326	0.005100	0.516820	0.000000	0.536369	0.000000	0.517387	0.000000	0.441633	0.000000	0.378653	0.000000	0.338035	0.000000	0.281150	0.000000	4.203330	5.769150	7.357530	4.866030	1.738940	7.681770	7.876240	2.902650	3.600390	14.581100	20.467200	62.418700	114.845000	115.230000	12.744700	0.000000	56.214700	0.000000	5.930490	2.037100	1.949620	3.043640	3.769460	3.586500	
    8	129.000000	117.190000	100.800000	94.990000	92.530000	91.210000	100.000000	110.030000	125.070000	120.730000	111.070000	105.670000	94.000000	100.700000	100.830000	112.000000	129.220000	143.200000	146.850000	143.670000	144.240000	142.480000	137.260000	129.350000	40.000000	47.840000	39.600000	50.160000	48.920000	46.200000	38.400000	40.000000	221.200000	481.760000	60.000000	29.280000	26.800000	28.120000	26.000000	52.880000	97.760000	104.760000	18.360000	20.000000	20.000000	14.520000	26.040000	60.280000	122.410000	112.190000	91.800000	92.990000	89.530000	88.260000	95.000000	106.530000	121.060000	117.970000	108.180000	103.180000	94.000000	100.700000	100.830000	112.000000	124.240000	143.200000	146.790000	141.270000	141.250000	137.730000	134.550000	126.860000	110.000000	111.844000	98.385900	93.459000	97.305700	100.430000	109.877000	144.892000	144.788000	116.796000	116.665000	101.872000	104.918000	113.331000	110.455000	112.764000	117.167000	139.568000	164.738000	165.570000	162.128000	159.462000	147.698000	127.096000	0.478000	0.000000	0.390638	0.000000	0.391017	0.000000	0.335895	0.000000	0.289962	0.000000	0.234376	0.000000	0.193739	0.000000	0.186632	0.003300	0.124385	0.103100	0.122778	0.367500	89.000000	120.909000	119.758000	137.185000	138.319000	170.341000	192.860000	170.843000	173.530000	182.757000	165.995000	167.414000	0.156877	0.566000	0.230205	0.773400	0.378265	0.645300	0.394039	0.501400	0.428747	0.546700	0.461799	0.271800	0.465802	0.007500	0.462852	0.000000	0.459403	0.000000	0.436895	0.000000	0.394662	0.000000	0.496086	0.000000	0.354894	0.000000	0.328959	0.000000	4.203330	6.346530	7.314010	5.138580	2.785230	7.838970	8.308930	3.069710	3.926830	14.730500	21.433500	55.376500	110.742000	197.100000	0.360572	0.000000	66.263200	0.000000	29.691600	2.099750	1.837400	3.137970	3.772910	3.658080	
    9	129.000000	117.190000	100.800000	94.990000	92.530000	91.210000	100.000000	110.030000	125.070000	120.730000	111.070000	105.670000	94.000000	100.700000	100.830000	112.000000	129.220000	143.200000	146.850000	143.670000	144.240000	142.480000	137.260000	129.350000	40.000000	47.840000	39.600000	50.160000	48.920000	46.200000	38.400000	40.000000	221.200000	481.760000	60.000000	29.280000	26.800000	28.120000	26.000000	52.880000	97.760000	104.760000	18.360000	20.000000	20.000000	14.520000	26.040000	60.280000	122.410000	112.190000	91.800000	92.990000	89.530000	88.260000	95.000000	106.530000	121.060000	117.970000	108.180000	103.180000	94.000000	100.700000	100.830000	112.000000	124.240000	143.200000	146.790000	141.270000	141.250000	137.730000	134.550000	126.860000	110.000000	122.495000	116.197000	102.597000	105.228000	106.823000	118.948000	150.509000	145.740000	128.661000	109.329000	92.139600	99.209800	104.162000	109.608000	110.983000	135.510000	144.405000	167.637000	172.555000	155.491000	148.732000	147.388000	128.063000	0.478000	0.000000	0.398066	0.000000	0.319240	0.000000	0.176406	0.000000	0.149680	0.000000	0.107985	0.000000	0.080177	0.000000	0.000000	0.004800	0.000000	0.089400	0.000000	0.633200	89.000000	81.731300	81.216600	97.366200	107.938000	140.796000	126.399000	172.008000	173.640000	176.968000	165.695000	156.821000	0.000000	0.880900	0.017706	0.768800	0.168885	0.469600	0.259317	0.426300	0.270250	0.414900	0.283348	0.177100	0.394056	0.002100	0.562034	0.000000	0.627434	0.000000	0.629089	0.000000	0.613932	0.000000	0.609610	0.000000	0.584308	0.000000	0.542852	0.000000	4.203330	5.420480	6.193140	4.638010	2.150370	7.284130	7.058300	2.970300	4.430230	14.571200	97.410100	29.765100	71.253700	984.080000	72.098900	20.821800	56.548100	2.475890	22.799300	3.061880	3.921020	3.641070	3.205300	3.263850	
   10	129.000000	117.190000	100.800000	94.990000	92.530000	91.210000	100.000000	110.030000	125.070000	120.730000	111.070000	105.670000	94.000000	100.700000	100.830000	112.000000	129.220000	143.200000	146.850000	143.670000	144.240000	142.480000	137.260000	129.350000	40.000000	47.840000	39.600000	50.160000	48.920000	46.200000	38.400000	40.000000	221.200000	481.760000	60.000000	29.280000	26.800000	28.120000	26.000000	52.880000	97.760000	104.760000	18.360000	20.000000	20.000000	14.520000	26.040000	60.280000	122.410000	112.190000	91.800000	92.990000	89.530000	88.260000	95.000000	106.530000	121.060000	117.970000	108.180000	103.180000	94.000000	100.700000	100.830000	112.000000	124.240000	143.200000	146.790000	141.270000	141.250000	137.730000	134.550000	126.860000	110.000000	122.268000	108.816000	96.987000	101.050000	95.314600	112.842000	136.004000	152.771000	119.398000	106.717000	91.198800	94.911200	106.402000	107.738000	108.009000	106.155000	130.906000	146.056000	159.912000	144.425000	163.232000	139.545000	123.425000	0.478000	0.000000	0.369992	0.000000	0.361726	0.000000	0.273213	0.000000	0.226629	0.000000	0.182770	0.000000	0.182142	0.000000	0.153488	0.005000	0.211526	0.067800	0.181605	0.331000	89.000000	129.566000	135.361000	147.053000	171.179000	180.385000	179.761000	178.889000	192.172000	177.997000	167.851000	146.664000	0.128845	0.544200	0.270319	0.863100	0.412693	0.800500	0.421678	0.765600	0.432777	0.543200	0.537948	0.284900	0.573357	0.005100	0.625772	0.000000	0.636218	0.000000	0.576708	0.000000	0.546213	0.000000	0.529976	0.000000	0.497598	0.000000	0.483961	0.000000	4.203330	5.924280	6.693070	5.173020	2.484890	6.727830	7.745200	2.963940	3.929140	15.385600	18.416800	67.203100	128.664000	134.658000	4.046690	4.452530	46.246000	0.000000	18.654200	1.893780	1.801410	2.781270	3.979250	3.821410	
   11	129.000000	117.190000	100.800000	94.990000	92.530000	91.210000	100.000000	110.030000	125.070000	120.730000	111.070000	105.670000	94.000000	100.700000	100.830000	112.000000	129.220000	143.200000	146.850000	143.670000	144.240000	142.480000	137.260000	129.350000	40.000000	47.840000	39.600000	50.160000	48.920000	46.200000	38.400000	40.000000	221.200000	481.760000	60.000000	29.280000	26.800000	28.120000	26.000000	52.880000	97.760000	104.760000	18.360000	20.000000	20.000000	14.520000	26.040000	60.280000	122.410000	112.190000	91.800000	92.990000	89.530000	88.260000	95.000000	106.530000	121.060000	117.970000	108.180000	103.180000	94.000000	100.700000	100.830000	112.000000	124.240000	143.200000	146.790000	141.270000	141.250000	137.730000	134.550000	126.860000	110.000000	124.753000	102.612000	93.903100	96.897800	102.770000	124.724000	143.298000	146.837000	134.679000	110.186000	95.997400	101.072000	106.544000	112.375000	114.636000	98.843000	123.092000	137.882000	144.912000	141.618000	153.820000	134.644000	121.817000	0.478000	0.000000	0.351753	0.000000	0.306946	0.000000	0.264455	0.000000	0.246456	0.000000	0.193521	0.000000	0.154500	0.000000	0.141806	0.003200	0.110411	0.088600	0.129626	0.441500	89.000000	126.909000	124.915000	142.306000	160.630000	192.724000	133.779000	167.467000	160.493000	177.701000	166.174000	159.659000	0.094077	0.620600	0.189706	0.841300	0.266259	0.480100	0.304637	0.480800	0.329060	0.469600	0.323017	0.282700	0.482933	0.004900	0.522864	0.000000	0.557380	0.000000	0.588247	0.000000	0.582972	0.000000	0.561188	0.000000	0.518759	0.000000	0.461306	0.000000	4.203330	6.141650	6.912290	4.934660	2.181580	7.689440	8.154610	3.016290	4.111980	14.861700	10.072500	57.332900	115.594000	117.307000	7.480590	2.596100	60.255100	0.793487	38.261100	2.215650	2.115840	3.032710	3.345970	3.247980	
   12	129.000000	117.190000	100.800000	94.990000	92.530000	91.210000	100.000000	110.030000	125.070000	120.730000	111.070000	105.670000	94.000000	100.700000	100.830000	112.000000	129.220000	143.200000	146.850000	143.670000	144.240000	142.480000	137.260000	129.350000	40.000000	47.840000	39.600000	50.160000	48.920000	46.200000	38.400000	40.000000	221.200000	481.760000	60.000000	29.280000	26.800000	28.120000	26.000000	52.880000	97.760000	104.760000	18.360000	20.000000	20.000000	14.520000	26.040000	60.280000	122.410000	112.190000	91.800000	92.990000	89.530000	88.260000	95.000000	106.530000	121.060000	117.970000	108.180000	103.180000	94.000000	100.700000	100.830000	112.000000	124.240000	143.200000	146.790000	141.270000	141.250000	137.730000	134.550000	126.860000	110.000000	124.753000	102.612000	93.903100	96.897800	102.770000	124.724000	143.298000	146.837000	134.679000	110.186000	95.997400	101.072000	106.544000	112.375000	114.636000	98.843000	123.092000	137.882000	144.912000	141.618000	153.820000	134.644000	121.817000	0.478000	0.000000	0.351753	0.000000	0.306946	0.000000	0.264455	0.000000	0.246456	0.000000	0.193521	0.000000	0.154500	0.000000	0.141806	0.003200	0.110411	0.088600	0.129626	0.441500	89.000000	129.258000	127.964000	141.553000	193.576000	222.202000	208.545000	200.299000	214.830000	222.851000	207.810000	188.443000	0.055282	1.353700	0.235380	0.447800	0.324541	0.593400	0.383619	0.678400	0.432777	0.554100	0.486808	0.378400	0.689923	0.009300	0.746092	0.000000	0.717393	0.000000	0.663469	0.000000	0.598521	0.000000	0.569983	0.000000	0.497598	0.000000	0.473304	0.000000	4.203330	6.266010	7.800360	4.903830	2.632460	8.314220	8.846410	3.312680	3.859940	15.644300	9.594190	66.874500	128.340000	91.889700	23.886100	8.509130	32.535200	0.000000	14.145800	2.212670	2.029720	3.123630	3.684460	5.036180	
   13	129.000000	117.190000	100.800000	94.990000	92.530000	91.210000	100.000000	110.030000	125.070000	120.730000	111.070000	105.670000	94.000000	100.700000	100.830000	112.000000	129.220000	143.200000	146.850000	143.670000	144.240000	142.480000	137.260000	129.350000	40.000000	47.840000	39.600000	50.160000	48.920000	46.200000	38.400000	40.000000	221.200000	481.760000	60.000000	29.280000	26.800000	28.120000	26.000000	52.880000	97.760000	104.760000	18.360000	20.000000	20.000000	14.520000	26.040000	60.280000	122.410000	112.190000	91.800000	92.990000	89.530000	88.260000	95.000000	106.530000	121.060000	117.970000	108.180000	103.180000	94.000000	100.700000	100.830000	112.000000	124.240000	143.200000	146.790000	141.270000	141.250000	137.730000	134.550000	126.860000	110.000000	111.844000	98.385900	93.459000	97.305700	100.430000	109.877000	144.892000	144.788000	116.796000	116.665000	101.872000	104.918000	113.331000	110.455000	112.764000	117.167000	139.568000	164.738000	165.570000	162.128000	159.462000	147.698000	127.096000	0.478000	0.000000	0.390638	0.000000	0.391017	0.000000	0.335895	0.000000	0.289962	0.000000	0.234376	0.000000	0.193739	0.000000	0.186632	0.003300	0.124385	0.103100	0.122778	0.367500	89.000000	120.909000	119.758000	137.185000	138.319000	170.341000	192.860000	170.843000	173.530000	182.757000	165.995000	167.414000	0.156877	0.566000	0.230205	0.773400	0.378265	0.645300	0.394039	0.501400	0.428747	0.546700	0.461799	0.271800	0.465802	0.007500	0.462852	0.000000	0.459403	0.000000	0.436895	0.000000	0.394662	0.000000	0.496086	0.000000	0.354894	0.000000	0.328959	0.000000	4.203330	6.346530	7.314010	5.138580	2.785230	7.838970	8.308930	3.069710	3.926830	14.730500	21.433500	55.376500	110.742000	197.100000	0.360572	0.000000	66.263200	0.000000	29.691600	2.099750	1.837400	3.137970	3.772910	3.658080	
   14	129.000000	117.190000	100.800000	94.990000	92.530000	91.210000	100.000000	110.030000	125.070000	120.730000	111.070000	105.670000	94.000000	100.700000	100.830000	112.000000	129.220000	143.200000	146.850000	143.670000	144.240000	142.480000	137.260000	129.350000	40.000000	47.840000	39.600000	50.160000	48.920000	46.200000	38.400000	40.000000	221.200000	481.760000	60.000000	29.280000	26.800000	28.120000	26.000000	52.880000	97.760000	104.760000	18.360000	20.000000	20.000000	14.520000	26.040000	60.280000	122.410000	112.190000	91.800000	92.990000	89.530000	88.260000	95.000000	106.530000	121.060000	117.970000	108.180000	103.180000	94.000000	100.700000	100.830000	112.000000	124.240000	143.200000	146.790000	141.270000	141.250000	137.730000	134.550000	126.860000	110.000000	120.635000	101.164000	90.547100	99.807100	102.643000	122.975000	147.442000	132.336000	131.345000	121.193000	102.283000	112.674000	106.818000	105.717000	106.571000	110.181000	136.276000	151.717000	167.813000	173.393000	154.230000	134.044000	130.174000	0.478000	0.000000	0.369992	0.000000	0.331981	0.000000	0.264259	0.000000	0.229790	0.000000	0.181641	0.000000	0.126766	0.000000	0.096886	0.003300	0.057579	0.069600	0.000000	0.493000	89.000000	104.103000	114.708000	131.083000	140.129000	160.479000	151.488000	168.515000	166.390000	182.850000	169.286000	161.079000	0.000000	0.802500	0.000000	0.979600	0.069183	0.891700	0.428695	0.757100	0.460242	0.688200	0.479671	0.521500	0.514028	0.010100	0.550916	0.000000	0.567723	0.000000	0.560134	0.000000	0.549600	0.000000	0.540960	0.000000	0.509247	0.000000	0.461688	0.000000	4.203330	5.945100	7.073690	4.846930	2.412930	10.482100	7.908240	2.819370	3.490970	12.778200	23.592800	61.950600	116.433000	905.782000	37.689300	31.309400	93.319000	0.000000	18.586300	2.187190	1.904930	3.119250	3.777740	3.687600	
   15	129.000000	117.190000	100.800000	94.990000	92.530000	91.210000	100.000000	110.030000	125.070000	120.730000	111.070000	105.670000	94.000000	100.700000	100.830000	112.000000	129.220000	143.200000	146.850000	143.670000	144.240000	142.480000	137.260000	129.350000	40.000000	47.840000	39.600000	50.160000	48.920000	46.200000	38.400000	40.000000	221.200000	481.760000	60.000000	29.280000	26.800000	28.120000	26.000000	52.880000	97.760000	104.760000	18.360000	20.000000	20.000000	14.520000	26.040000	60.280000	122.410000	112.190000	91.800000	92.990000	89.530000	88.260000	95.000000	106.530000	121.060000	117.970000	108.180000	103.180000	94.000000	100.700000	100.830000	112.000000	124.240000	143.200000	146.790000	141.270000	141.250000	137.730000	134.550000	126.860000	110.000000	122.495000	116.197000	102.597000	105.228000	106.823000	118.948000	150.509000	145.740000	128.661000	109.329000	92.139600	99.209800	104.162000	109.608000	110.983000	135.510000	144.405000	167.637000	172.555000	155.491000	148.732000	147.388000	128.063000	0.478000	0.000000	0.398066	0.000000	0.319240	0.000000	0.176406	0.000000	0.018790	0.000000	0.000000	0.000000	0.000000	0.000000	0.000000	0.004200	0.000000	0.108900	0.000000	0.424800	89.000000	94.043300	95.951800	110.962000	112.554000	141.114000	144.610000	151.064000	153.590000	171.585000	140.241000	120.641000	0.000000	0.709400	0.051234	1.117300	0.106448	0.979700	0.158342	1.168300	0.212945	0.687800	0.253339	0.432300	0.283976	0.006700	0.279873	0.000000	0.267075	0.000000	0.249126	0.000000	0.234184	0.000000	0.230188	0.000000	0.216716	0.000000	0.200244	0.000000	4.203330	6.155240	7.235310	4.566220	1.255200	8.664870	8.683110	3.183780	4.274430	16.560700	0.000000	50.932100	80.149100	133.824000	0.000000	45.531000	45.859700	0.000000	0.000000	2.608680	1.948390	3.194770	3.898370	3.871440	
   16	129.000000	117.190000	100.800000	94.990000	92.530000	91.210000	100.000000	110.030000	125.070000	120.730000	111.070000	105.670000	94.000000	100.700000	100.830000	112.000000	129.220000	143.200000	146.850000	143.670000	144.240000	142.480000	137.260000	129.350000	40.000000	47.840000	39.600000	50.160000	48.920000	46.200000	38.400000	40.000000	221.200000	481.760000	60.000000	29.280000	26.800000	28.120000	26.000000	52.880000	97.760000	104.760000	18.360000	20.000000	20.000000	14.520000	26.040000	60.280000	122.410000	112.190000	91.800000	92.990000	89.530000	88.260000	95.000000	106.530000	121.060000	117.970000	108.180000	103.180000	94.000000	100.700000	100.830000	112.000000	124.240000	143.200000	146.790000	141.270000	141.250000	137.730000	134.550000	126.860000	110.000000	128.700000	112.685000	101.296000	101.737000	85.900200	121.010000	142.321000	143.470000	112.584000	109.356000	98.031300	103.107000	108.612000	108.430000	117.309000	125.103000	142.992000	154.183000	162.561000	162.416000	168.970000	147.143000	135.510000	0.478000	0.000000	0.384691	0.000000	0.384579	0.000000	0.330482	0.000000	0.322360	0.000000	0.288866	0.000000	0.240053	0.000000	0.194314	0.006400	0.217083	0.069400	0.228523	0.632700	89.000000	126.554000	129.039000	136.806000	146.392000	167.682000	147.995000	149.022000	152.336000	176.666000	159.871000	145.737000	0.194131	1.085600	0.221644	1.116200	0.289355	1.034400	0.368012	0.873900	0.445508	0.932700	0.510491	0.626200	0.563137	0.006900	0.604303	0.000000	0.634857	0.000000	0.218857	0.000000	0.171392	0.000000	0.155303	0.000000	0.150449	0.000000	0.152778	0.000000	4.203330	6.206450	7.077380	5.107380	2.639180	7.913900	8.218650	3.032600	4.030780	14.569500	12.026200	58.989000	114.406000	152.864000	14.361300	0.257063	59.661100	0.000000	27.818300	2.297100	1.960000	3.293060	3.819150	3.761410	
   17	129.000000	117.190000	100.800000	94.990000	92.530000	91.210000	100.000000	110.030000	125.070000	120.730000	111.070000	105.670000	94.000000	100.700000	100.830000	112.000000	129.220000	143.200000	146.850000	143.670000	144.240000	142.480000	137.260000	129.350000	40.000000	47.840000	39.600000	50.160000	48.920000	46.200000	38.400000	40.000000	221.200000	481.760000	60.000000	29.280000	26.800000	28.120000	26.000000	52.880000	97.760000	104.760000	18.360000	20.000000	20.000000	14.520000	26.040000	60.280000	122.410000	112.190000	91.800000	92.990000	89.530000	88.260000	95.000000	106.530000	121.060000	117.970000	108.180000	103.180000	94.000000	100.700000	100.830000	112.000000	124.240000	143.200000	146.790000	141.270000	141.250000	137.730000	134.550000	126.860000	110.000000	111.844000	98.385900	93.459000	97.305700	100.430000	109.877000	144.892000	144.788000	116.796000	116.665000	101.872000	104.918000	113.331000	110.455000	112.764000	117.167000	139.568000	164.738000	165.570000	162.128000	159.462000	147.698000	127.096000	0.478000	0.000000	0.390638	0.000000	0.391017	0.000000	0.335895	0.000000	0.289962	0.000000	0.234376	0.000000	0.193739	0.000000	0.186632	0.003300	0.124385	0.103100	0.122778	0.367500	89.000000	120.909000	119.758000	137.185000	138.319000	170.341000	192.860000	170.843000	173.530000	182.757000	165.995000	167.414000	0.156877	0.566000	0.230205	0.773400	0.378265	0.645300	0.394039	0.501400	0.428747	0.546700	0.461799	0.271800	0.465802	0.007500	0.462852	0.000000	0.459403	0.000000	0.436895	0.000000	0.394662	0.000000	0.496086	0.000000	0.354894	0.000000	0.328959	0.000000	4.203330	6.346530	7.314010	5.138580	2.785230	7.838970	8.308930	3.069710	3.926830	14.730500	21.433500	55.376500	110.742000	197.100000	0.360572	0.000000	66.263200	0.000000	29.691600	2.099750	1.837400	3.137970	3.772910	3.658080	
   18	129.000000	117.190000	100.800000	94.990000	92.530000	91.210000	100.000000	110.030000	125.070000	120.730000	111.070000	105.670000	94.000000	100.700000	100.830000	112.000000	129.220000	143.200000	146.850000	143.670000	144.240000	142.480000	137.260000	129.350000	40.000000	47.840000	39.600000	50.160000	48.920000	46.200000	38.400000	40.000000	221.200000	481.760000	60.000000	29.280000	26.800000	28.120000	26.000000	52.880000	97.760000	104.760000	18.360000	20.000000	20.000000	14.520000	26.040000	60.280000	122.410000	112.190000	91.800000	92.990000	89.530000	88.260000	95.000000	106.530000	121.060000	117.970000	108.180000	103.180000	94.000000	100.700000	100.830000	112.000000	124.240000	143.200000	146.790000	141.270000	141.250000	137.730000	134.550000	126.860000	110.000000	122.495000	116.197000	102.597000	105.228000	106.823000	118.948000	150.509000	145.740000	128.661000	109.329000	92.139600	99.209800	104.162000	109.608000	110.983000	135.510000	144.405000	167.637000	172.555000	155.491000	148.732000	147.388000	128.063000	0.478000	0.000000	0.398066	0.000000	0.391655	0.000000	0.436131	0.000000	0.331470	0.000000	0.219684	0.000000	0.240053	0.000000	0.194314	0.004000	0.217083	0.077200	0.145123	0.259100	89.000000	136.198000	135.125000	148.085000	155.784000	158.568000	152.214000	159.703000	159.537000	177.152000	163.896000	141.605000	0.202679	0.485200	0.299967	0.646000	0.414658	0.648200	0.566399	0.535400	0.676356	0.675600	0.665977	0.364200	0.716901	0.010000	0.818761	0.000000	0.868762	0.000000	0.876994	0.000000	0.872609	0.000000	0.886175	0.000000	0.859752	0.000000	0.828738	0.000000	4.203330	6.582390	7.446990	5.395020	3.011440	5.273430	7.961680	3.024410	3.912860	14.649000	11.704800	66.093500	115.193000	226.070000	33.122500	3.742710	64.224200	0.000000	26.146700	2.444330	2.294870	3.173710	3.916640	3.677490	
   19	129.000000	117.190000	100.800000	94.990000	92.530000	91.210000	100.000000	110.030000	125.070000	120.730000	111.070000	105.670000	94.000000	100.700000	100.830000	112.000000	129.220000	143.200000	146.850000	143.670000	144.240000	142.480000	137.260000	129.350000	40.000000	47.840000	39.600000	50.160000	48.920000	46.200000	38.400000	40.000000	221.200000	481.760000	60.000000	29.280000	26.800000	28.120000	26.000000	52.880000	97.760000	104.760000	18.360000	20.000000	20.000000	14.520000	26.040000	60.280000	122.410000	112.190000	91.800000	92.990000	89.530000	88.260000	95.000000	106.530000	121.060000	117.970000	108.180000	103.180000	94.000000	100.700000	100.830000	112.000000	124.240000	143.200000	146.790000	141.270000	141.250000	137.730000	134.550000	126.860000	110.000000	122.495000	116.197000	102.597000	105.228000	106.823000	118.948000	150.509000	145.740000	128.661000	109.329000	92.139600	99.209800	104.162000	109.608000	110.983000	135.510000	144.405000	167.637000	172.555000	155.491000	148.732000	147.388000	128.063000	0.478000	0.000000	0.398066	0.000000	0.391655	0.000000	0.436131	0.000000	0.409572	0.000000	0.411479	0.000000	0.376126	0.000000	0.383146	0.007400	0.412908	0.056800	0.353251	0.288200	89.000000	129.758000	135.927000	155.754000	162.369000	186.206000	179.167000	193.555000	197.240000	201.412000	172.619000	144.364000	0.526743	0.616500	0.586096	0.722400	0.633697	0.956100	0.644636	0.937700	0.586252	0.666300	0.598795	0.211600	0.624952	0.002300	0.639544	0.000000	0.611373	0.000000	0.589150	0.000000	0.601492	0.000000	0.593777	0.000000	0.610950	0.000000	0.648390	0.000000	4.203330	5.602190	6.467700	5.707580	3.546340	6.662220	7.339190	2.917640	3.740050	13.577000	23.919000	66.186100	124.726000	122.393000	22.570300	12.440300	68.044700	3.357910	4.554320	2.929830	2.381560	3.076520	3.711930	3.415210	
   20	129.000000	117.190000	100.800000	94.990000	92.530000	91.210000	100.000000	110.030000	125.070000	120.730000	111.070000	105.670000	94.000000	100.700000	100.830000	112.000000	129.220000	143.200000	146.850000	143.670000	144.240000	142.480000	137.260000	129.350000	40.000000	47.840000	39.600000	50.160000	48.920000	46.200000	38.400000	40.000000	221.200000	481.760000	60.000000	29.280000	26.800000	28.120000	26.000000	52.880000	97.760000	104.760000	18.360000	20.000000	20.000000	14.520000	26.040000	60.280000	122.410000	112.190000	91.800000	92.990000	89.530000	88.260000	95.000000	106.530000	121.060000	117.970000	108.180000	103.180000	94.000000	100.700000	100.830000	112.000000	124.240000	143.200000	146.790000	141.270000	141.250000	137.730000	134.550000	126.860000	110.000000	122.268000	108.816000	96.987000	101.050000	95.314600	112.842000	136.004000	152.771000	119.398000	106.717000	91.198800	94.911200	106.402000	107.738000	108.009000	106.155000	130.906000	146.056000	159.912000	144.425000	163.232000	139.545000	123.425000	0.478000	0.000000	0.369992	0.000000	0.361726	0.000000	0.273213	0.000000	0.226629	0.000000	0.182770	0.000000	0.182142	0.000000	0.153488	0.005000	0.211526	0.067800	0.181605	0.331000	89.000000	129.566000	135.361000	147.053000	171.179000	180.385000	179.761000	178.889000	192.172000	177.997000	167.851000	146.664000	0.128845	0.544200	0.270319	0.863100	0.412693	0.800500	0.421678	0.765600	0.432777	0.543200	0.537948	0.284900	0.573357	0.005100	0.625772	0.000000	0.636218	0.000000	0.576708	0.000000	0.546213	0.000000	0.529976	0.000000	0.497598	0.000000	0.483961	0.000000	4.203330	5.924280	6.693070	5.173020	2.484890	6.727830	7.745200	2.963940	3.929140	15.385600	18.416800	67.203100	128.664000	134.658000	4.046690	4.452530	46.246000	0.000000	18.654200	1.893780	1.801410	2.781270	3.979250	3.821410	
   21	129.000000	117.190000	100.800000	94.990000	92.530000	91.210000	100.000000	110.030000	125.070000	120.730000	111.070000	105.670000	94.000000	100.700000	100.830000	112.000000	129.220000	143.200000	146.850000	143.670000	144.240000	142.480000	137.260000	129.350000	40.000000	47.840000	39.600000	50.160000	48.920000	46.200000	38.400000	40.000000	221.200000	481.760000	60.000000	29.280000	26.800000	28.120000	26.000000	52.880000	97.760000	104.760000	18.360000	20.000000	20.000000	14.520000	26.040000	60.280000	122.410000	112.190000	91.800000	92.990000	89.530000	88.260000	95.000000	106.530000	121.060000	117.970000	108.180000	103.180000	94.000000	100.700000	100.830000	112.000000	124.240000	143.200000	146.790000	141.270000	141.250000	137.730000	134.550000	126.860000	110.000000	121.156000	115.624000	99.756400	96.171500	93.946500	126.069000	137.460000	156.476000	121.209000	129.580000	98.463000	110.666000	113.135000	113.363000	112.545000	120.864000	139.289000	149.036000	148.902000	151.989000	150.034000	143.238000	131.998000	0.478000	0.000000	0.359675	0.000000	0.322112	0.000000	0.243500	0.000000	0.186508	0.000000	0.157316	0.000000	0.088409	0.000000	0.062458	0.002100	0.018055	0.076000	0.010503	0.375300	89.000000	98.405700	96.882700	110.491000	137.497000	170.823000	177.770000	172.008000	173.640000	176.968000	165.695000	156.821000	0.064315	0.667100	0.146249	0.749900	0.205356	0.678900	0.324784	0.743100	0.378688	0.487200	0.428739	0.241500	0.457056	0.005800	0.527389	0.000000	0.562923	0.000000	0.532663	0.000000	0.503038	0.000000	0.460347	0.000000	0.458578	0.000000	0.433092	0.000000	4.203330	5.591840	6.695430	4.840930	2.540930	8.803190	7.906390	3.034320	3.991380	14.295900	24.000100	59.476100	111.580000	175.814000	9.180980	0.096992	59.197600	0.000000	28.054200	2.376480	1.992760	3.111030	3.776810	3.641610	
   22	129.000000	117.190000	100.800000	94.990000	92.530000	91.210000	100.000000	110.030000	125.070000	120.730000	111.070000	105.670000	94.000000	100.700000	100.830000	112.000000	129.220000	143.200000	146.850000	143.670000	144.240000	142.480000	137.260000	129.350000	40.000000	47.840000	39.600000	50.160000	48.920000	46.200000	38.400000	40.000000	221.200000	481.760000	60.000000	29.280000	26.800000	28.120000	26.000000	52.880000	97.760000	104.760000	18.360000	20.000000	20.000000	14.520000	26.040000	60.280000	122.410000	112.190000	91.800000	92.990000	89.530000	88.260000	95.000000	106.530000	121.060000	117.970000	108.180000	103.180000	94.000000	100.700000	100.830000	112.000000	124.240000	143.200000	146.790000	141.270000	141.250000	137.730000	134.550000	126.860000	110.000000	121.156000	115.624000	99.756400	96.171500	93.946500	126.069000	137.460000	156.476000	121.209000	129.580000	98.463000	110.666000	113.135000	113.363000	112.545000	120.864000	139.289000	149.036000	148.902000	151.989000	150.034000	143.238000	131.998000	0.478000	0.000000	0.359675	0.000000	0.322112	0.000000	0.243500	0.000000	0.186508	0.000000	0.157316	0.000000	0.088409	0.000000	0.062458	0.002100	0.018055	0.076000	0.010503	0.375300	89.000000	98.405700	96.882700	110.491000	137.497000	170.823000	177.770000	172.008000	173.640000	176.968000	165.695000	156.821000	0.064315	0.667100	0.146249	0.749900	0.205356	0.678900	0.324784	0.743100	0.378688	0.487200	0.428739	0.241500	0.457056	0.005800	0.527389	0.000000	0.562923	0.000000	0.532663	0.000000	0.503038	0.000000	0.460347	0.000000	0.458578	0.000000	0.433092	0.000000	4.203330	5.591840	6.695430	4.840930	2.540930	8.803190	7.906390	3.034320	3.991380	14.295900	24.000100	59.476100	111.580000	175.814000	9.180980	0.096992	59.197600	0.000000	28.054200	2.376480	1.992760	3.111030	3.776810	3.641610	
   23	129.000000	117.190000	100.800000	94.990000	92.530000	91.210000	100.000000	110.030000	125.070000	120.730000	111.070000	105.670000	94.000000	100.700000	100.830000	112.000000	129.220000	143.200000	146.850000	143.670000	144.240000	142.480000	137.260000	129.350000	40.000000	47.840000	39.600000	50.160000	48.920000	46.200000	38.400000	40.000000	221.200000	481.760000	60.000000	29.280000	26.800000	28.120000	26.000000	52.880000	97.760000	104.760000	18.360000	20.000000	20.000000	14.520000	26.040000	60.280000	122.410000	112.190000	91.800000	92.990000	89.530000	88.260000	95.000000	106.530000	121.060000	117.970000	108.180000	103.180000	94.000000	100.700000	100.830000	112.000000	124.240000	143.200000	146.790000	141.270000	141.250000	137.730000	134.550000	126.860000	110.000000	122.495000	116.197000	102.597000	105.228000	106.823000	118.948000	150.509000	145.740000	128.661000	109.329000	92.139600	99.209800	104.162000	109.608000	110.983000	135.510000	144.405000	167.637000	172.555000	155.491000	148.732000	147.388000	128.063000	0.478000	0.000000	0.398066	0.000000	0.368542	0.000000	0.310718	0.000000	0.270217	0.000000	0.233555	0.000000	0.187437	0.000000	0.168523	0.004900	0.185436	0.090000	0.200625	0.642300	89.000000	115.760000	98.486400	97.243700	100.546000	147.825000	144.418000	165.647000	162.442000	186.389000	166.894000	159.750000	0.279338	0.630000	0.404909	0.515100	0.530490	0.934800	0.628931	0.749500	0.693182	0.542800	0.323017	0.442900	0.317091	0.009400	0.355723	0.000000	0.375123	0.000000	0.367000	0.000000	0.348641	0.000000	0.341496	0.000000	0.329825	0.000000	0.301782	0.000000	4.203330	5.845560	6.611820	5.065270	2.650550	7.211980	7.969240	3.094380	3.981920	14.212000	15.420000	63.411400	113.465000	138.763000	19.737500	2.596100	59.731200	0.128856	29.154000	2.449570	2.007940	3.100730	3.855820	3.446530	
   24	129.000000	117.190000	100.800000	94.990000	92.530000	91.210000	100.000000	110.030000	125.070000	120.730000	111.070000	105.670000	94.000000	100.700000	100.830000	112.000000	129.220000	143.200000	146.850000	143.670000	144.240000	142.480000	137.260000	129.350000	40.000000	47.840000	39.600000	50.160000	48.920000	46.200000	38.400000	40.000000	221.200000	481.760000	60.000000	29.280000	26.800000	28.120000	26.000000	52.880000	97.760000	104.760000	18.360000	20.000000	20.000000	14.520000	26.040000	60.280000	122.410000	112.190000	91.800000	92.990000	89.530000	88.260000	95.000000	106.530000	121.060000	117.970000	108.180000	103.180000	94.000000	100.700000	100.830000	112.000000	124.240000	143.200000	146.790000	141.270000	141.250000	137.730000	134.550000	126.860000	110.000000	124.781000	114.668000	105.442000	95.602100	103.918000	114.012000	135.545000	141.520000	120.743000	94.752600	99.591500	103.768000	104.244000	108.767000	110.283000	118.764000	133.883000	166.981000	164.962000	151.991000	150.667000	148.277000	133.631000	0.478000	0.000000	0.335667	0.000000	0.354804	0.000000	0.269288	0.000000	0.203720	0.000000	0.133369	0.000000	0.087408	0.000000	0.086138	0.003100	0.051326	0.074200	0.050251	0.373400	89.000000	130.944000	120.216000	138.978000	148.465000	169.856000	169.238000	168.515000	166.390000	182.850000	169.286000	161.079000	0.119045	0.560000	0.182400	0.594600	0.284183	0.847800	0.371374	0.473500	0.322831	0.360000	0.357235	0.331100	0.433368	0.006700	0.495662	0.000000	0.593000	0.000000	0.583285	0.000000	0.530840	0.000000	0.460347	0.000000	0.420884	0.000000	0.379907	0.000000	4.203330	6.148470	7.183560	5.844250	3.535960	8.377330	8.227920	2.921090	3.943960	13.669700	15.970500	81.087600	147.208000	110.483000	27.550100	10.599600	42.845300	0.000000	62.931200	1.984950	1.807570	3.203170	3.536590	3.276500	
   25	129.000000	117.190000	100.800000	94.990000	92.530000	91.210000	100.000000	110.030000	125.070000	120.730000	111.070000	105.670000	94.000000	100.700000	100.830000	112.000000	129.220000	143.200000	146.850000	143.670000	144.240000	142.480000	137.260000	129.350000	40.000000	47.840000	39.600000	50.160000	48.920000	46.200000	38.400000	40.000000	221.200000	481.760000	60.000000	29.280000	26.800000	28.120000	26.000000	52.880000	97.760000	104.760000	18.360000	20.000000	20.000000	14.520000	26.040000	60.280000	122.410000	112.190000	91.800000	92.990000	89.530000	88.260000	95.000000	106.530000	121.060000	117.970000	108.180000	103.180000	94.000000	100.700000	100.830000	112.000000	124.240000	143.200000	146.790000	141.270000	141.250000	137.730000	134.550000	126.860000	110.000000	111.844000	98.385900	93.459000	97.305700	100.430000	109.877000	144.892000	144.788000	116.796000	116.665000	101.872000	104.918000	113.331000	110.455000	112.764000	117.167000	139.568000	164.738000	165.570000	162.128000	159.462000	147.698000	127.096000	0.478000	0.000000	0.390638	0.000000	0.391017	0.000000	0.335895	0.000000	0.289962	0.000000	0.234376	0.000000	0.193739	0.000000	0.186632	0.003300	0.124385	0.103100	0.122778	0.367500	89.000000	120.909000	119.758000	137.185000	138.319000	170.341000	192.860000	170.843000	173.530000	182.757000	165.995000	167.414000	0.156877	0.566000	0.230205	0.773400	0.378265	0.645300	0.394039	0.501400	0.428747	0.546700	0.461799	0.271800	0.465802	0.007500	0.462852	0.000000	0.459403	0.000000	0.436895	0.000000	0.394662	0.000000	0.496086	0.000000	0.354894	0.000000	0.328959	0.000000	4.203330	6.346530	7.314010	5.138580	2.785230	7.838970	8.308930	3.069710	3.926830	14.730500	21.433500	55.376500	110.742000	197.100000	0.360572	0.000000	66.263200	0.000000	29.691600	2.099750	1.837400	3.137970	3.772910	3.658080	
   26	129.000000	117.190000	100.800000	94.990000	92.530000	91.210000	100.000000	110.030000	125.070000	120.730000	111.070000	105.670000	94.000000	100.700000	100.830000	112.000000	129.220000	143.200000	146.850000	143.670000	144.240000	142.480000	137.260000	129.350000	40.000000	47.840000	39.600000	50.160000	48.920000	46.200000	38.400000	40.000000	221.200000	481.760000	60.000000	29.280000	26.800000	28.120000	26.000000	52.880000	97.760000	104.760000	18.360000	20.000000	20.000000	14.520000	26.040000	60.280000	122.410000	112.190000	91.800000	92.990000	89.530000	88.260000	95.000000	106.530000	121.060000	117.970000	108.180000	103.180000	94.000000	100.700000	100.830000	112.000000	124.240000	143.200000	146.790000	141.270000	141.250000	137.730000	134.550000	126.860000	110.000000	122.495000	116.197000	102.597000	105.228000	106.823000	118.948000	150.509000	145.740000	128.661000	109.329000	92.139600	99.209800	104.162000	109.608000	110.983000	135.510000	144.405000	167.637000	172.555000	155.491000	148.732000	147.388000	128.063000	0.478000	0.000000	0.398066	0.000000	0.319240	0.000000	0.176406	0.000000	0.141451	0.000000	0.108673	0.000000	0.093900	0.000000	0.099180	0.003500	0.095924	0.078600	0.107372	0.353000	89.000000	115.917000	120.219000	129.019000	138.985000	168.845000	133.779000	167.467000	160.493000	177.701000	166.174000	159.659000	0.159237	0.745800	0.261364	1.653800	0.414658	1.043600	0.566399	0.577400	0.676356	0.695600	0.665977	0.265600	0.716901	0.004100	0.818761	0.000000	0.868762	0.000000	0.876994	0.000000	0.872609	0.000000	0.886175	0.000000	0.859752	0.000000	0.814074	0.000000	4.203330	6.632060	7.775110	4.998470	1.969000	7.510050	8.593480	2.994990	3.204750	15.787500	0.000000	51.886400	115.193000	226.070000	33.122500	3.742710	64.224200	0.000000	26.146700	2.444330	2.294870	3.173710	3.916640	3.157330	
   27	129.000000	117.190000	100.800000	94.990000	92.530000	91.210000	100.000000	110.030000	125.070000	120.730000	111.070000	105.670000	94.000000	100.700000	100.830000	112.000000	129.220000	143.200000	146.850000	143.670000	144.240000	142.480000	137.260000	129.350000	40.000000	47.840000	39.600000	50.160000	48.920000	46.200000	38.400000	40.000000	221.200000	481.760000	60.000000	29.280000	26.800000	28.120000	26.000000	52.880000	97.760000	104.760000	18.360000	20.000000	20.000000	14.520000	26.040000	60.280000	122.410000	112.190000	91.800000	92.990000	89.530000	88.260000	95.000000	106.530000	121.060000	117.970000	108.180000	103.180000	94.000000	100.700000	100.830000	112.000000	124.240000	143.200000	146.790000	141.270000	141.250000	137.730000	134.550000	126.860000	110.000000	123.163000	108.788000	99.890900	100.729000	107.807000	123.558000	145.387000	159.582000	137.518000	127.735000	101.717000	109.575000	89.589400	92.261500	97.094500	108.853000	128.035000	150.371000	156.206000	149.471000	158.064000	141.725000	124.971000	0.478000	0.000000	0.395226	0.000000	0.352973	0.000000	0.299420	0.000000	0.255718	0.000000	0.162902	0.000000	0.052098	0.000000	0.000000	0.005900	0.000000	0.067700	0.000000	0.509900	89.000000	124.510000	119.716000	129.271000	144.687000	179.497000	179.167000	193.555000	197.240000	201.412000	172.619000	160.726000	0.054543	0.566200	0.174246	0.441500	0.297077	0.484400	0.427716	0.486200	0.464850	0.481100	0.470677	0.276800	0.446424	0.005400	0.395268	0.000000	0.363156	0.000000	0.350739	0.000000	0.346366	0.000000	0.350777	0.000000	0.348599	0.000000	0.309115	0.000000	4.203330	6.304270	7.525450	6.979570	11.964900	19.861400	7.084150	2.598480	3.237740	17.985100	0.000000	50.312500	100.705000	133.271000	13.770100	0.000000	59.850600	0.106936	5.521170	2.188220	1.823520	2.841860	3.443510	3.192180	
   28	129.000000	117.190000	100.800000	94.990000	92.530000	91.210000	100.000000	110.030000	125.070000	120.730000	111.070000	105.670000	94.000000	100.700000	100.830000	112.000000	129.220000	143.200000	146.850000	143.670000	144.240000	142.480000	137.260000	129.350000	40.000000	47.840000	39.600000	50.160000	48.920000	46.200000	38.400000	40.000000	221.200000	481.760000	60.000000	29.280000	26.800000	28.120000	26.000000	52.880000	97.760000	104.760000	18.360000	20.000000	20.000000	14.520000	26.040000	60.280000	122.410000	112.190000	91.800000	92.990000	89.530000	88.260000	95.000000	106.530000	121.060000	117.970000	108.180000	103.180000	94.000000	100.700000	100.830000	112.000000	124.240000	143.200000	146.790000	141.270000	141.250000	137.730000	134.550000	126.860000	110.000000	124.753000	102.612000	93.903100	96.897800	102.770000	124.724000	143.298000	146.837000	134.679000	110.186000	95.997400	101.072000	106.544000	112.375000	114.636000	98.843000	123.092000	137.882000	144.912000	141.618000	153.820000	134.644000	121.817000	0.478000	0.000000	0.351753	0.000000	0.306946	0.000000	0.264455	0.000000	0.246456	0.000000	0.193521	0.000000	0.154500	0.000000	0.141806	0.003200	0.110411	0.088600	0.129626	0.441500	89.000000	159.891000	156.779000	171.148000	175.138000	196.740000	189.664000	186.862000	207.973000	228.967000	184.772000	172.566000	0.709231	0.609500	0.761096	0.991100	0.811518	1.063000	0.841427	0.745000	0.858274	0.387100	0.724053	0.285100	0.733831	0.004700	0.746134	0.000000	0.770662	0.000000	0.776786	0.000000	0.775327	0.000000	0.768612	0.000000	0.751960	0.000000	0.743522	0.000000	4.203330	6.976010	7.939140	5.738700	3.379810	8.761010	9.695150	4.680700	3.458910	7.949260	14.680100	59.313500	102.125000	175.379000	20.615000	0.000000	75.910700	3.005130	27.361200	2.083290	2.070280	2.848840	3.518030	3.346360	
   29	129.000000	117.190000	100.800000	94.990000	92.530000	91.210000	100.000000	110.030000	125.070000	120.730000	111.070000	105.670000	94.000000	100.700000	100.830000	112.000000	129.220000	143.200000	146.850000	143.670000	144.240000	142.480000	137.260000	129.350000	40.000000	47.840000	39.600000	50.160000	48.920000	46.200000	38.400000	40.000000	221.200000	481.760000	60.000000	29.280000	26.800000	28.120000	26.000000	52.880000	97.760000	104.760000	18.360000	20.000000	20.000000	14.520000	26.040000	60.280000	122.410000	112.190000	91.800000	92.990000	89.530000	88.260000	95.000000	106.530000	121.060000	117.970000	108.180000	103.180000	94.000000	100.700000	100.830000	112.000000	124.240000	143.200000	146.790000	141.270000	141.250000	137.730000	134.550000	126.860000	110.000000	122.495000	116.197000	102.597000	105.228000	106.823000	118.948000	150.509000	145.740000	128.661000	109.329000	92.139600	99.209800	104.162000	109.608000	110.983000	135.510000	144.405000	167.637000	172.555000	155.491000	148.732000	147.388000	128.063000	0.478000	0.000000	0.398066	0.000000	0.385644	0.000000	0.346212	0.000000	0.305725	0.000000	0.258217	0.000000	0.215133	0.000000	0.185843	0.003700	0.220039	0.077400	0.203503	0.437700	89.000000	112.367000	114.286000	122.921000	159.312000	179.332000	190.324000	199.507000	219.901000	240.128000	177.390000	165.708000	0.340438	1.058500	0.422049	0.845900	0.506259	0.650700	0.564641	0.662700	0.574528	0.722100	0.514341	0.346800	0.493273	0.006600	0.505133	0.000000	0.452892	0.000000	0.406964	0.000000	0.371697	0.000000	0.356288	0.000000	0.352654	0.000000	0.341768	0.000000	4.203330	6.141650	6.912290	4.934660	2.181580	7.689440	8.154610	3.016290	4.394360	14.924100	0.984860	65.345200	113.372000	20.455800	14.286300	0.000000	57.212800	0.000000	53.193800	2.271780	1.985260	3.142800	4.003840	4.023980	
   30	129.000000	117.190000	100.800000	94.990000	92.530000	91.210000	100.000000	110.030000	125.070000	120.730000	111.070000	105.670000	94.000000	100.700000	100.830000	112.000000	129.220000	143.200000	146.850000	143.670000	144.240000	142.480000	137.260000	129.350000	40.000000	47.840000	39.600000	50.160000	48.920000	46.200000	38.400000	40.000000	221.200000	481.760000	60.000000	29.280000	26.800000	28.120000	26.000000	52.880000	97.760000	104.760000	18.360000	20.000000	20.000000	14.520000	26.040000	60.280000	122.410000	112.190000	91.800000	92.990000	89.530000	88.260000	95.000000	106.530000	121.060000	117.970000	108.180000	103.180000	94.000000	100.700000	100.830000	112.000000	124.240000	143.200000	146.790000	141.270000	141.250000	137.730000	134.550000	126.860000	110.000000	123.163000	108.788000	99.890900	100.729000	107.807000	123.558000	145.387000	159.582000	137.518000	127.735000	101.717000	109.575000	89.589400	92.261500	97.094500	108.853000	128.035000	150.371000	156.206000	149.471000	158.064000	141.725000	124.971000	0.478000	0.000000	0.395226	0.000000	0.356153	0.000000	0.325711	0.000000	0.317684	0.000000	0.298522	0.000000	0.272876	0.000000	0.244343	0.005100	0.145330	0.070600	0.127827	0.340700	89.000000	134.887000	145.534000	138.698000	160.688000	192.456000	192.668000	184.103000	167.405000	172.321000	156.616000	152.723000	0.172014	0.558600	0.163930	0.480200	0.272886	0.899900	0.359519	0.685400	0.404656	0.888200	0.418760	0.535200	0.424715	0.007800	0.433382	0.000000	0.442927	0.000000	0.444798	0.000000	0.429210	0.000000	0.418066	0.000000	0.403783	0.000000	0.375936	0.000000	4.203330	6.358940	7.131560	4.916700	1.592050	8.296920	7.057250	3.108020	4.708950	14.272100	93.323700	62.816100	118.250000	138.378000	0.813665	2.784380	56.580700	1.156420	14.952800	2.479130	1.974270	3.090270	3.697010	3.602010	
   31	129.000000	117.190000	100.800000	94.990000	92.530000	91.210000	100.000000	110.030000	125.070000	120.730000	111.070000	105.670000	94.000000	100.700000	100.830000	112.000000	129.220000	143.200000	146.850000	143.670000	144.240000	142.480000	137.260000	129.350000	40.000000	47.840000	39.600000	50.160000	48.920000	46.200000	38.400000	40.000000	221.200000	481.760000	60.000000	29.280000	26.800000	28.120000	26.000000	52.880000	97.760000	104.760000	18.360000	20.000000	20.000000	14.520000	26.040000	60.280000	122.410000	112.190000	91.800000	92.990000	89.530000	88.260000	95.000000	106.530000	121.060000	117.970000	108.180000	103.180000	94.000000	100.700000	100.830000	112.000000	124.240000	143.200000	146.790000	141.270000	141.250000	137.730000	134.550000	126.860000	110.000000	124.753000	102.612000	93.903100	96.897800	102.770000	124.724000	143.298000	146.837000	134.679000	110.186000	95.997400	101.072000	106.544000	112.375000	114.636000	98.843000	123.092000	137.882000	144.912000	141.618000	153.820000	134.644000	121.817000	0.478000	0.000000	0.351753	0.000000	0.306946	0.000000	0.264455	0.000000	0.246456	0.000000	0.193521	0.000000	0.154500	0.000000	0.141806	0.003200	0.110411	0.088600	0.129626	0.441500	89.000000	129.039000	131.358000	119.026000	127.679000	197.048000	196.078000	205.537000	197.092000	201.742000	187.032000	170.062000	0.094400	0.270800	0.163930	0.347300	0.272886	0.424800	0.359519	0.506000	0.404656	0.438500	0.418760	0.214200	0.424715	0.004700	0.839570	0.000000	0.780510	0.000000	0.699724	0.000000	0.586066	0.000000	0.457653	0.000000	0.472566	0.000000	0.439287	0.000000	4.203330	6.291160	7.215490	5.304950	2.865160	7.681050	8.286230	3.021160	3.968800	13.462400	27.767000	62.816100	118.250000	138.378000	0.813665	2.784380	56.580700	0.000000	654.057000	3.155970	1.601050	3.096180	3.742960	3.679550	
   32	129.000000	117.190000	100.800000	94.990000	92.530000	91.210000	100.000000	110.030000	125.070000	120.730000	111.070000	105.670000	94.000000	100.700000	100.830000	112.000000	129.220000	143.200000	146.850000	143.670000	144.240000	142.480000	137.260000	129.350000	40.000000	47.840000	39.600000	50.160000	48.920000	46.200000	38.400000	40.000000	221.200000	481.760000	60.000000	29.280000	26.800000	28.120000	26.000000	52.880000	97.760000	104.760000	18.360000	20.000000	20.000000	14.520000	26.040000	60.280000	122.410000	112.190000	91.800000	92.990000	89.530000	88.260000	95.000000	106.530000	121.060000	117.970000	108.180000	103.180000	94.000000	100.700000	100.830000	112.000000	124.240000	143.200000	146.790000	141.270000	141.250000	137.730000	134.550000	126.860000	110.000000	124.781000	114.668000	105.442000	95.602100	103.918000	114.012000	135.545000	141.520000	120.743000	94.752600	99.591500	103.768000	104.244000	108.767000	110.283000	118.764000	133.883000	166.981000	164.962000	151.991000	150.667000	148.277000	133.631000	0.478000	0.000000	0.335667	0.000000	0.354804	0.000000	0.269288	0.000000	0.203720	0.000000	0.133369	0.000000	0.087408	0.000000	0.086138	0.003100	0.051326	0.074200	0.050251	0.373400	89.000000	130.944000	120.216000	138.978000	148.465000	169.856000	169.238000	168.515000	166.390000	182.850000	169.286000	161.079000	0.119045	0.560000	0.182400	0.594600	0.284183	0.847800	0.371374	0.473500	0.322831	0.360000	0.357235	0.331100	0.433368	0.006700	0.495662	0.000000	0.593000	0.000000	0.583285	0.000000	0.530840	0.000000	0.460347	0.000000	0.420884	0.000000	0.379907	0.000000	4.203330	6.148470	7.183560	5.844250	3.535960	8.377330	8.227920	2.921090	3.943960	13.669700	15.970500	81.087600	147.208000	110.483000	27.550100	10.599600	42.845300	0.000000	62.931200	1.984950	1.807570	3.203170	3.536590	3.276500	
   33	129.000000	117.190000	100.800000	94.990000	92.530000	91.210000	100.000000	110.030000	125.070000	120.730000	111.070000	105.670000	94.000000	100.700000	100.830000	112.000000	129.220000	143.200000	146.850000	143.670000	144.240000	142.480000	137.260000	129.350000	40.000000	47.840000	39.600000	50.160000	48.920000	46.200000	38.400000	40.000000	221.200000	481.760000	60.000000	29.280000	26.800000	28.120000	26.000000	52.880000	97.760000	104.760000	18.360000	20.000000	20.000000	14.520000	26.040000	60.280000	122.410000	112.190000	91.800000	92.990000	89.530000	88.260000	95.000000	106.530000	121.060000	117.970000	108.180000	103.180000	94.000000	100.700000	100.830000	112.000000	124.240000	143.200000	146.790000	141.270000	141.250000	137.730000	134.550000	126.860000	110.000000	122.268000	108.816000	96.987000	101.050000	95.314600	112.842000	136.004000	152.771000	119.398000	106.717000	91.198800	94.911200	106.402000	107.738000	108.009000	106.155000	130.906000	146.056000	159.912000	144.425000	163.232000	139.545000	123.425000	0.478000	0.000000	0.369992	0.000000	0.361726	0.000000	0.273213	0.000000	0.226629	0.000000	0.182770	0.000000	0.182142	0.000000	0.153488	0.005000	0.211526	0.067800	0.181605	0.331000	89.000000	129.566000	135.361000	147.053000	171.179000	180.385000	179.761000	178.889000	192.172000	177.997000	167.851000	146.664000	0.128845	0.544200	0.270319	0.863100	0.412693	0.800500	0.421678	0.765600	0.432777	0.543200	0.537948	0.284900	0.573357	0.005100	0.625772	0.000000	0.636218	0.000000	0.576708	0.000000	0.546213	0.000000	0.529976	0.000000	0.497598	0.000000	0.483961	0.000000	4.203330	5.924280	6.693070	5.173020	2.484890	6.727830	7.745200	2.963940	3.929140	15.385600	18.416800	67.203100	128.664000	134.658000	4.046690	4.452530	46.246000	0.000000	18.654200	1.893780	1.801410	2.781270	3.979250	3.821410	
   34	129.000000	117.190000	100.800000	94.990000	92.530000	91.210000	100.000000	110.030000	125.070000	120.730000	111.070000	105.670000	94.000000	100.700000	100.830000	112.000000	129.220000	143.200000	146.850000	143.670000	144.240000	142.480000	137.260000	129.350000	40.000000	47.840000	39.600000	50.160000	48.920000	46.200000	38.400000	40.000000	221.200000	481.760000	60.000000	29.280000	26.800000	28.120000	26.000000	52.880000	97.760000	104.760000	18.360000	20.000000	20.000000	14.520000	26.040000	60.280000	122.410000	112.190000	91.800000	92.990000	89.530000	88.260000	95.000000	106.530000	121.060000	117.970000	108.180000	103.180000	94.000000	100.700000	100.830000	112.000000	124.240000	143.200000	146.790000	141.270000	141.250000	137.730000	134.550000	126.860000	110.000000	124.781000	114.668000	105.442000	95.602100	103.918000	114.012000	135.545000	141.520000	120.743000	94.752600	99.591500	103.768000	104.244000	108.767000	110.283000	118.764000	133.883000	166.981000	164.962000	151.991000	150.667000	148.277000	133.631000	0.478000	0.000000	0.335667	0.000000	0.354804	0.000000	0.269288	0.000000	0.203720	0.000000	0.133369	0.000000	0.087408	0.000000	0.086138	0.003100	0.051326	0.074200	0.050251	0.373400	89.000000	130.944000	120.216000	138.978000	148.465000	169.856000	169.238000	168.515000	166.390000	182.850000	169.286000	161.079000	0.119045	0.560000	0.182400	0.594600	0.284183	0.847800	0.371374	0.473500	0.322831	0.360000	0.357235	0.331100	0.433368	0.006700	0.495662	0.000000	0.593000	0.000000	0.583285	0.000000	0.530840	0.000000	0.460347	0.000000	0.420884	0.000000	0.379907	0.000000	4.203330	6.148470	7.183560	5.844250	3.535960	8.377330	8.227920	2.921090	3.943960	13.669700	15.970500	81.087600	147.208000	110.483000	27.550100	10.599600	42.845300	0.000000	62.931200	1.984950	1.807570	3.203170	3.536590	3.276500	
   35	129.000000	117.190000	100.800000	94.990000	92.530000	91.210000	100.000000	110.030000	125.070000	120.730000	111.070000	105.670000	94.000000	100.700000	100.830000	112.000000	129.220000	143.200000	146.850000	143.670000	144.240000	142.480000	137.260000	129.350000	40.000000	47.840000	39.600000	50.160000	48.920000	46.200000	38.400000	40.000000	221.200000	481.760000	60.000000	29.280000	26.800000	28.120000	26.000000	52.880000	97.760000	104.760000	18.360000	20.000000	20.000000	14.520000	26.040000	60.280000	122.410000	112.190000	91.800000	92.990000	89.530000	88.260000	95.000000	106.530000	121.060000	117.970000	108.180000	103.180000	94.000000	100.700000	100.830000	112.000000	124.240000	143.200000	146.790000	141.270000	141.250000	137.730000	134.550000	126.860000	110.000000	124.753000	102.612000	93.903100	96.897800	102.770000	124.724000	143.298000	146.837000	134.679000	110.186000	95.997400	101.072000	106.544000	112.375000	114.636000	98.843000	123.092000	137.882000	144.912000	141.618000	153.820000	134.644000	121.817000	0.478000	0.000000	0.351753	0.000000	0.306946	0.000000	0.264455	0.000000	0.246456	0.000000	0.193521	0.000000	0.154500	0.000000	0.141806	0.003200	0.110411	0.088600	0.129626	0.441500	89.000000	124.775000	114.057000	124.197000	130.468000	161.630000	157.492000	190.059000	197.765000	171.611000	160.236000	148.506000	0.000000	0.850500	0.038385	0.739300	0.397571	0.688200	0.413844	0.361300	0.423588	0.299600	0.368005	0.236700	0.289580	0.004700	0.291566	0.000000	0.345727	0.000000	0.383189	0.000000	0.373631	0.000000	0.325911	0.000000	0.263649	0.000000	0.193692	0.000000	4.203330	5.420480	6.193140	4.638010	2.150370	7.284130	7.058300	2.915130	3.781640	14.925100	39.109100	57.939000	112.968000	131.840000	1.195740	3.885040	57.175000	0.064871	7.766950	2.768600	2.119720	3.278560	3.682640	3.456570	
   36	129.000000	117.190000	100.800000	94.990000	92.530000	91.210000	100.000000	110.030000	125.070000	120.730000	111.070000	105.670000	94.000000	100.700000	100.830000	112.000000	129.220000	143.200000	146.850000	143.670000	144.240000	142.480000	137.260000	129.350000	40.000000	47.840000	39.600000	50.160000	48.920000	46.200000	38.400000	40.000000	221.200000	481.760000	60.000000	29.280000	26.800000	28.120000	26.000000	52.880000	97.760000	104.760000	18.360000	20.000000	20.000000	14.520000	26.040000	60.280000	122.410000	112.190000	91.800000	92.990000	89.530000	88.260000	95.000000	106.530000	121.060000	117.970000	108.180000	103.180000	94.000000	100.700000	100.830000	112.000000	124.240000	143.200000	146.790000	141.270000	141.250000	137.730000	134.550000	126.860000	110.000000	123.163000	108.788000	99.890900	100.729000	107.807000	123.558000	145.387000	159.582000	137.518000	127.735000	101.717000	109.575000	89.589400	92.261500	97.094500	108.853000	128.035000	150.371000	156.206000	149.471000	158.064000	141.725000	124.971000	0.478000	0.000000	0.395226	0.000000	0.367017	0.000000	0.314833	0.000000	0.288200	0.000000	0.238536	0.000000	0.169089	0.000000	0.142242	0.002700	0.116698	0.053800	0.102916	0.213900	89.000000	118.168000	117.250000	129.918000	139.443000	173.085000	181.319000	173.901000	186.025000	199.351000	164.473000	151.824000	0.116203	0.310200	0.172988	0.474000	0.247819	0.471600	0.309598	0.662200	0.373096	0.465800	0.443452	0.300200	0.543544	0.005200	0.598257	0.000000	0.647421	0.000000	0.640661	0.000000	0.610658	0.000000	0.598631	0.000000	0.610950	0.000000	0.648390	0.000000	4.203330	5.980170	6.902570	5.374400	2.929030	5.779250	7.658140	2.982300	3.826090	15.111900	6.490350	48.209400	89.841500	212.049000	25.086200	0.125372	57.326200	0.000000	0.000000	2.292300	1.872570	3.035400	3.711930	3.415210	
   37	129.000000	117.190000	100.800000	94.990000	92.530000	91.210000	100.000000	110.030000	125.070000	120.730000	111.070000	105.670000	94.000000	100.700000	100.830000	112.000000	129.220000	143.200000	146.850000	143.670000	144.240000	142.480000	137.260000	129.350000	40.000000	47.840000	39.600000	50.160000	48.920000	46.200000	38.400000	40.000000	221.200000	481.760000	60.000000	29.280000	26.800000	28.120000	26.000000	52.880000	97.760000	104.760000	18.360000	20.000000	20.000000	14.520000	26.040000	60.280000	122.410000	112.190000	91.800000	92.990000	89.530000	88.260000	95.000000	106.530000	121.060000	117.970000	108.180000	103.180000	94.000000	100.700000	100.830000	112.000000	124.240000	143.200000	146.790000	141.270000	141.250000	137.730000	134.550000	126.860000	110.000000	122.495000	116.197000	102.597000	105.228000	106.823000	118.948000	150.509000	145.740000	128.661000	109.329000	92.139600	99.209800	104.162000	109.608000	110.983000	135.510000	144.405000	167.637000	172.555000	155.491000	148.732000	147.388000	128.063000	0.478000	0.000000	0.398066	0.000000	0.391655	0.000000	0.436131	0.000000	0.331470	0.000000	0.219684	0.000000	0.240053	0.000000	0.194314	0.004000	0.217083	0.077200	0.203503	0.413400	89.000000	124.510000	141.271000	160.447000	168.567000	197.354000	201.450000	194.287000	197.927000	202.680000	180.052000	176.785000	0.340438	0.578700	0.422049	0.399900	0.506259	0.544200	0.564641	0.733300	0.574528	0.630800	0.514341	0.245400	0.493273	0.006700	0.505133	0.000000	0.452892	0.000000	0.406964	0.000000	0.371697	0.000000	0.356288	0.000000	0.463514	0.000000	0.427312	0.000000	4.203330	6.976800	7.739120	4.469250	1.036700	8.212600	9.248760	3.335550	4.394360	14.924100	0.984860	65.345200	113.372000	20.455800	14.286300	0.000000	57.212800	0.000000	53.193800	2.271780	1.985260	3.142800	3.958990	3.487070	
   38	129.000000	117.190000	100.800000	94.990000	92.530000	91.210000	100.000000	110.030000	125.070000	120.730000	111.070000	105.670000	94.000000	100.700000	100.830000	112.000000	129.220000	143.200000	146.850000	143.670000	144.240000	142.480000	137.260000	129.350000	40.000000	47.840000	39.600000	50.160000	48.920000	46.200000	38.400000	40.000000	221.200000	481.760000	60.000000	29.280000	26.800000	28.120000	26.000000	52.880000	97.760000	104.760000	18.360000	20.000000	20.000000	14.520000	26.040000	60.280000	122.410000	112.190000	91.800000	92.990000	89.530000	88.260000	95.000000	106.530000	121.060000	117.970000	108.180000	103.180000	94.000000	100.700000	100.830000	112.000000	124.240000	143.200000	146.790000	141.270000	141.250000	137.730000	134.550000	126.860000	110.000000	121.156000	115.624000	99.756400	96.171500	93.946500	126.069000	137.460000	156.476000	121.209000	129.580000	98.463000	110.666000	113.135000	113.363000	112.545000	120.864000	139.289000	149.036000	148.902000	151.989000	150.034000	143.238000	131.998000	0.478000	0.000000	0.359675	0.000000	0.322112	0.000000	0.243500	0.000000	0.186508	0.000000	0.157316	0.000000	0.088409	0.000000	0.062458	0.002100	0.018055	0.076000	0.010503	0.375300	89.000000	98.405700	96.882700	110.491000	137.497000	170.823000	177.770000	172.008000	173.640000	176.968000	165.695000	156.821000	0.064315	0.667100	0.146249	0.749900	0.205356	0.678900	0.324784	0.743100	0.378688	0.487200	0.428739	0.241500	0.457056	0.005800	0.527389	0.000000	0.562923	0.000000	0.532663	0.000000	0.503038	0.000000	0.460347	0.000000	0.458578	0.000000	0.433092	0.000000	4.203330	5.591840	6.695430	4.840930	2.540930	8.803190	7.906390	3.034320	3.991380	14.295900	24.000100	59.476100	111.580000	175.814000	9.180980	0.096992	59.197600	0.000000	28.054200	2.376480	1.992760	3.111030	3.776810	3.641610	
   39	129.000000	117.190000	100.800000	94.990000	92.530000	91.210000	100.000000	110.030000	125.070000	120.730000	111.070000	105.670000	94.000000	100.700000	100.830000	112.000000	129.220000	143.200000	146.850000	143.670000	144.240000	142.480000	137.260000	129.350000	40.000000	47.840000	39.600000	50.160000	48.920000	46.200000	38.400000	40.000000	221.200000	481.760000	60.000000	29.280000	26.800000	28.120000	26.000000	52.880000	97.760000	104.760000	18.360000	20.000000	20.000000	14.520000	26.040000	60.280000	122.410000	112.190000	91.800000	92.990000	89.530000	88.260000	95.000000	106.530000	121.060000	117.970000	108.180000	103.180000	94.000000	100.700000	100.830000	112.000000	124.240000	143.200000	146.790000	141.270000	141.250000	137.730000	134.550000	126.860000	110.000000	122.268000	108.816000	96.987000	101.050000	95.314600	112.842000	136.004000	152.771000	119.398000	106.717000	91.198800	94.911200	106.402000	107.738000	108.009000	106.155000	130.906000	146.056000	159.912000	144.425000	163.232000	139.545000	123.425000	0.478000	0.000000	0.369992	0.000000	0.361726	0.000000	0.273213	0.000000	0.226629	0.000000	0.182770	0.000000	0.182142	0.000000	0.153488	0.005000	0.211526	0.067800	0.181605	0.331000	89.000000	129.566000	135.361000	147.053000	171.179000	180.385000	179.761000	178.889000	192.172000	177.997000	167.851000	146.664000	0.128845	0.544200	0.270319	0.863100	0.412693	0.800500	0.421678	0.765600	0.432777	0.543200	0.537948	0.284900	0.573357	0.005100	0.625772	0.000000	0.636218	0.000000	0.576708	0.000000	0.546213	0.000000	0.529976	0.000000	0.497598	0.000000	0.483961	0.000000	4.203330	5.924280	6.693070	5.173020	2.484890	6.727830	7.745200	2.963940	3.929140	15.385600	18.416800	67.203100	128.664000	134.658000	4.046690	4.452530	46.246000	0.000000	18.654200	1.893780	1.801410	2.781270	3.979250	3.821410	
   40	129.000000	117.190000	100.800000	94.990000	92.530000	91.210000	100.000000	110.030000	125.070000	120.730000	111.070000	105.670000	94.000000	100.700000	100.830000	112.000000	129.220000	143.200000	146.850000	143.670000	144.240000	142.480000	137.260000	129.350000	40.000000	47.840000	39.600000	50.160000	48.920000	46.200000	38.400000	40.000000	221.200000	481.760000	60.000000	29.280000	26.800000	28.120000	26.000000	52.880000	97.760000	104.760000	18.360000	20.000000	20.000000	14.520000	26.040000	60.280000	122.410000	112.190000	91.800000	92.990000	89.530000	88.260000	95.000000	106.530000	121.060000	117.970000	108.180000	103.180000	94.000000	100.700000	100.830000	112.000000	124.240000	143.200000	146.790000	141.270000	141.250000	137.730000	134.550000	126.860000	110.000000	121.156000	115.624000	99.756400	96.171500	93.946500	126.069000	137.460000	156.476000	121.209000	129.580000	98.463000	110.666000	113.135000	113.363000	112.545000	120.864000	139.289000	149.036000	148.902000	151.989000	150.034000	143.238000	131.998000	0.478000	0.000000	0.359675	0.000000	0.322112	0.000000	0.243500	0.000000	0.186508	0.000000	0.157316	0.000000	0.088409	0.000000	0.062458	0.002100	0.018055	0.076000	0.010503	0.375300	89.000000	98.405700	96.882700	110.491000	137.497000	170.823000	177.770000	172.008000	173.640000	176.968000	165.695000	156.821000	0.064315	0.667100	0.146249	0.749900	0.205356	0.678900	0.324784	0.743100	0.378688	0.487200	0.428739	0.241500	0.457056	0.005800	0.527389	0.000000	0.562923	0.000000	0.532663	0.000000	0.503038	0.000000	0.460347	0.000000	0.458578	0.000000	0.433092	0.000000	4.203330	5.591840	6.695430	4.840930	2.540930	8.803190	7.906390	3.034320	3.991380	14.295900	24.000100	59.476100	111.580000	175.814000	9.180980	0.096992	59.197600	0.000000	28.054200	2.376480	1.992760	3.111030	3.776810	3.641610	
   41	129.000000	117.190000	100.800000	94.990000	92.530000	91.210000	100.000000	110.030000	125.070000	120.730000	111.070000	105.670000	94.000000	100.700000	100.830000	112.000000	129.220000	143.200000	146.850000	143.670000	144.240000	142.480000	137.260000	129.350000	40.000000	47.840000	39.600000	50.160000	48.920000	46.200000	38.400000	40.000000	221.200000	481.760000	60.000000	29.280000	26.800000	28.120000	26.000000	52.880000	97.760000	104.760000	18.360000	20.000000	20.000000	14.520000	26.040000	60.280000	122.410000	112.190000	91.800000	92.990000	89.530000	88.260000	95.000000	106.530000	121.060000	117.970000	108.180000	103.180000	94.000000	100.700000	100.830000	112.000000	124.240000	143.200000	146.790000	141.270000	141.250000	137.730000	134.550000	126.860000	110.000000	122.268000	108.816000	96.987000	101.050000	95.314600	112.842000	136.004000	152.771000	119.398000	106.717000	91.198800	94.911200	106.402000	107.738000	108.009000	106.155000	130.906000	146.056000	159.912000	144.425000	163.232000	139.545000	123.425000	0.478000	0.000000	0.369992	0.000000	0.361726	0.000000	0.273213	0.000000	0.226629	0.000000	0.182770	0.000000	0.182142	0.000000	0.153488	0.005000	0.211526	0.067800	0.181605	0.331000	89.000000	129.566000	135.361000	147.053000	171.179000	180.385000	179.761000	178.889000	192.172000	177.997000	167.851000	146.664000	0.128845	0.544200	0.270319	0.863100	0.412693	0.800500	0.421678	0.765600	0.432777	0.543200	0.537948	0.284900	0.573357	0.005100	0.625772	0.000000	0.636218	0.000000	0.576708	0.000000	0.546213	0.000000	0.529976	0.000000	0.497598	0.000000	0.483961	0.000000	4.203330	5.924280	6.693070	5.173020	2.484890	6.727830	7.745200	2.963940	3.929140	15.385600	18.416800	67.203100	128.664000	134.658000	4.046690	4.452530	46.246000	0.000000	18.654200	1.893780	1.801410	2.781270	3.979250	3.821410	
   42	129.000000	117.190000	100.800000	94.990000	92.530000	91.210000	100.000000	110.030000	125.070000	120.730000	111.070000	105.670000	94.000000	100.700000	100.830000	112.000000	129.220000	143.200000	146.850000	143.670000	144.240000	142.480000	137.260000	129.350000	40.000000	47.840000	39.600000	50.160000	48.920000	46.200000	38.400000	40.000000	221.200000	481.760000	60.000000	29.280000	26.800000	28.120000	26.000000	52.880000	97.760000	104.760000	18.360000	20.000000	20.000000	14.520000	26.040000	60.280000	122.410000	112.190000	91.800000	92.990000	89.530000	88.260000	95.000000	106.530000	121.060000	117.970000	108.180000	103.180000	94.000000	100.700000	100.830000	112.000000	124.240000	143.200000	146.790000	141.270000	141.250000	137.730000	134.550000	126.860000	110.000000	123.163000	108.788000	99.890900	100.729000	107.807000	123.558000	145.387000	159.582000	137.518000	127.735000	101.717000	109.575000	89.589400	92.261500	97.094500	108.853000	128.035000	150.371000	156.206000	149.471000	158.064000	141.725000	124.971000	0.478000	0.000000	0.395226	0.000000	0.271369	0.000000	0.202556	0.000000	0.167243	0.000000	0.126762	0.000000	0.079352	0.000000	0.000000	0.004800	0.000000	0.084700	0.000000	0.668500	89.000000	120.434000	120.281000	144.388000	156.709000	184.358000	181.127000	186.141000	177.632000	178.423000	164.734000	151.478000	0.000000	0.465900	0.000000	0.676400	0.061382	0.720700	0.139962	0.613600	0.206915	0.370200	0.261281	0.331400	0.336486	0.006700	0.412774	0.000000	0.435652	0.000000	0.455588	0.000000	0.486243	0.000000	0.512980	0.000000	0.508271	0.000000	0.475946	0.000000	4.203330	6.163030	7.271220	4.908900	2.827850	8.225080	8.242020	3.281530	3.972980	15.627500	0.000000	56.663000	101.978000	104.721000	0.000000	0.000000	71.496100	0.000000	39.224900	2.543770	2.230920	3.126460	3.762820	3.309630	
   43	129.000000	117.190000	100.800000	94.990000	92.530000	91.210000	100.000000	110.030000	125.070000	120.730000	111.070000	105.670000	94.000000	100.700000	100.830000	112.000000	129.220000	143.200000	146.850000	143.670000	144.240000	142.480000	137.260000	129.350000	40.000000	47.840000	39.600000	50.160000	48.920000	46.200000	38.400000	40.000000	221.200000	481.760000	60.000000	29.280000	26.800000	28.120000	26.000000	52.880000	97.760000	104.760000	18.360000	20.000000	20.000000	14.520000	26.040000	60.280000	122.410000	112.190000	91.800000	92.990000	89.530000	88.260000	95.000000	106.530000	121.060000	117.970000	108.180000	103.180000	94.000000	100.700000	100.830000	112.000000	124.240000	143.200000	146.790000	141.270000	141.250000	137.730000	134.550000	126.860000	110.000000	122.268000	108.816000	96.987000	101.050000	95.314600	112.842000	136.004000	152.771000	119.398000	106.717000	91.198800	94.911200	106.402000	107.738000	108.009000	106.155000	130.906000	146.056000	159.912000	144.425000	163.232000	139.545000	123.425000	0.478000	0.000000	0.369992	0.000000	0.361726	0.000000	0.273213	0.000000	0.226629	0.000000	0.182770	0.000000	0.182142	0.000000	0.153488	0.005000	0.211526	0.067800	0.181605	0.331000	89.000000	129.566000	135.361000	147.053000	171.179000	180.385000	179.761000	178.889000	192.172000	177.997000	167.851000	146.664000	0.128845	0.544200	0.270319	0.863100	0.412693	0.800500	0.421678	0.765600	0.432777	0.543200	0.537948	0.284900	0.573357	0.005100	0.625772	0.000000	0.636218	0.000000	0.576708	0.000000	0.546213	0.000000	0.529976	0.000000	0.497598	0.000000	0.483961	0.000000	4.203330	5.924280	6.693070	5.173020	2.484890	6.727830	7.745200	2.963940	3.929140	15.385600	18.416800	67.203100	128.664000	134.658000	4.046690	4.452530	46.246000	0.000000	18.654200	1.893780	1.801410	2.781270	3.979250	3.821410	
   44	129.000000	117.190000	100.800000	94.990000	92.530000	91.210000	100.000000	110.030000	125.070000	120.730000	111.070000	105.670000	94.000000	100.700000	100.830000	112.000000	129.220000	143.200000	146.850000	143.670000	144.240000	142.480000	137.260000	129.350000	40.000000	47.840000	39.600000	50.160000	48.920000	46.200000	38.400000	40.000000	221.200000	481.760000	60.000000	29.280000	26.800000	28.120000	26.000000	52.880000	97.760000	104.760000	18.360000	20.000000	20.000000	14.520000	26.040000	60.280000	122.410000	112.190000	91.800000	92.990000	89.530000	88.260000	95.000000	106.530000	121.060000	117.970000	108.180000	103.180000	94.000000	100.700000	100.830000	112.000000	124.240000	143.200000	146.790000	141.270000	141.250000	137.730000	134.550000	126.860000	110.000000	124.753000	102.612000	93.903100	96.897800	102.770000	124.724000	143.298000	146.837000	134.679000	110.186000	95.997400	101.072000	106.544000	112.375000	114.636000	98.843000	123.092000	137.882000	144.912000	141.618000	153.820000	134.644000	121.817000	0.478000	0.000000	0.351753	0.000000	0.306946	0.000000	0.264455	0.000000	0.246456	0.000000	0.193521	0.000000	0.154500	0.000000	0.141806	0.003200	0.110411	0.088600	0.129626	0.441500	89.000000	126.909000	124.915000	142.306000	160.630000	192.724000	133.779000	167.467000	160.493000	177.701000	166.174000	159.659000	0.094077	0.620600	0.189706	0.841300	0.266259	0.480100	0.304637	0.480800	0.329060	0.469600	0.323017	0.282700	0.482933	0.004900	0.522864	0.000000	0.557380	0.000000	0.588247	0.000000	0.582972	0.000000	0.561188	0.000000	0.518759	0.000000	0.461306	0.000000	4.203330	6.141650	6.912290	4.934660	2.181580	7.689440	8.154610	3.016290	4.111980	14.861700	10.072500	57.332900	115.594000	117.307000	7.480590	2.596100	60.255100	0.793487	38.261100	2.215650	2.115840	3.032710	3.345970	3.247980	
   45	129.000000	117.190000	100.800000	94.990000	92.530000	91.210000	100.000000	110.030000	125.070000	120.730000	111.070000	105.670000	94.000000	100.700000	100.830000	112.000000	129.220000	143.200000	146.850000	143.670000	144.240000	142.480000	137.260000	129.350000	40.000000	47.840000	39.600000	50.160000	48.920000	46.200000	38.400000	40.000000	221.200000	481.760000	60.000000	29.280000	26.800000	28.120000	26.000000	52.880000	97.760000	104.760000	18.360000	20.000000	20.000000	14.520000	26.040000	60.280000	122.410000	112.190000	91.800000	92.990000	89.530000	88.260000	95.000000	106.530000	121.060000	117.970000	108.180000	103.180000	94.000000	100.700000	100.830000	112.000000	124.240000	143.200000	146.790000	141.270000	141.250000	137.730000	134.550000	126.860000	110.000000	124.753000	102.612000	93.903100	96.897800	102.770000	124.724000	143.298000	146.837000	134.679000	110.186000	95.997400	101.072000	106.544000	112.375000	114.636000	98.843000	123.092000	137.882000	144.912000	141.618000	153.820000	134.644000	121.817000	0.478000	0.000000	0.351753	0.000000	0.306946	0.000000	0.264455	0.000000	0.246456	0.000000	0.193521	0.000000	0.154500	0.000000	0.141806	0.003200	0.110411	0.088600	0.129626	0.441500	89.000000	130.145000	131.982000	147.726000	140.033000	170.937000	165.829000	173.430000	173.389000	184.273000	165.893000	149.201000	0.000000	0.446300	0.078983	0.587400	0.203377	0.388600	0.326123	0.627500	0.425892	0.422900	0.502646	0.222400	0.646106	0.005500	0.691872	0.000000	0.752394	0.000000	0.780950	0.000000	0.760252	0.000000	0.731207	0.000000	0.669274	0.000000	0.590355	0.000000	4.203330	6.678480	7.652090	5.508180	3.038480	7.285390	8.606840	3.133380	4.110290	16.105500	8.285750	54.704700	105.276000	158.191000	24.783400	8.236670	59.070500	0.139341	28.459000	15.881700	2.043370	3.076330	3.726760	3.455100	
   46	129.000000	117.190000	100.800000	94.990000	92.530000	91.210000	100.000000	110.030000	125.070000	120.730000	111.070000	105.670000	94.000000	100.700000	100.830000	112.000000	129.220000	143.200000	146.850000	143.670000	144.240000	142.480000	137.260000	129.350000	40.000000	47.840000	39.600000	50.160000	48.920000	46.200000	38.400000	40.000000	221.200000	481.760000	60.000000	29.280000	26.800000	28.120000	26.000000	52.880000	97.760000	104.760000	18.360000	20.000000	20.000000	14.520000	26.040000	60.280000	122.410000	112.190000	91.800000	92.990000	89.530000	88.260000	95.000000	106.530000	121.060000	117.970000	108.180000	103.180000	94.000000	100.700000	100.830000	112.000000	124.240000	143.200000	146.790000	141.270000	141.250000	137.730000	134.550000	126.860000	110.000000	123.163000	108.788000	99.890900	100.729000	107.807000	123.558000	145.387000	159.582000	137.518000	127.735000	101.717000	109.575000	89.589400	92.261500	97.094500	108.853000	128.035000	150.371000	156.206000	149.471000	158.064000	141.725000	124.971000	0.478000	0.000000	0.395226	0.000000	0.377204	0.000000	0.306004	0.000000	0.226344	0.000000	0.157217	0.000000	0.104706	0.000000	0.079007	0.004400	0.092227	0.089600	0.125100	0.462200	89.000000	114.717000	100.878000	107.344000	106.539000	125.983000	134.193000	135.470000	138.271000	150.608000	127.635000	103.027000	0.207292	0.919500	0.373715	0.929800	0.584218	0.648900	0.688052	0.667600	0.706667	0.656500	0.193798	0.351200	0.223612	0.005500	0.272431	0.000000	0.348123	0.000000	0.398759	0.000000	0.415204	0.000000	0.416010	0.000000	0.392677	0.000000	0.364128	0.000000	4.203330	6.574080	7.151290	4.591440	1.556880	8.975440	8.144880	2.784360	4.332700	14.196300	16.486700	51.089200	137.570000	205.312000	0.000000	0.000000	51.266600	0.000000	33.786200	2.147980	1.915140	3.121790	3.816340	3.758560	
   47	129.000000	117.190000	100.800000	94.990000	92.530000	91.210000	100.000000	110.030000	125.070000	120.730000	111.070000	105.670000	94.000000	100.700000	100.830000	112.000000	129.220000	143.200000	146.850000	143.670000	144.240000	142.480000	137.260000	129.350000	40.000000	47.840000	39.600000	50.160000	48.920000	46.200000	38.400000	40.000000	221.200000	481.760000	60.000000	29.280000	26.800000	28.120000	26.000000	52.880000	97.760000	104.760000	18.360000	20.000000	20.000000	14.520000	26.040000	60.280000	122.410000	112.190000	91.800000	92.990000	89.530000	88.260000	95.000000	106.530000	121.060000	117.970000	108.180000	103.180000	94.000000	100.700000	100.830000	112.000000	124.240000	143.200000	146.790000	141.270000	141.250000	137.730000	134.550000	126.860000	110.000000	123.163000	108.788000	99.890900	100.729000	107.807000	123.558000	145.387000	159.582000	137.518000	127.735000	101.717000	109.575000	89.589400	92.261500	97.094500	108.853000	128.035000	150.371000	156.206000	149.471000	158.064000	141.725000	124.971000	0.478000	0.000000	0.395226	0.000000	0.367017	0.000000	0.314833	0.000000	0.288200	0.000000	0.238536	0.000000	0.169089	0.000000	0.142242	0.002700	0.116698	0.053800	0.102916	0.595000	89.000000	105.351000	114.252000	119.653000	121.045000	207.779000	197.051000	201.636000	191.791000	212.189000	184.619000	160.158000	0.116203	0.567000	0.172988	0.494700	0.247819	0.587600	0.309598	0.795500	0.373096	0.639500	0.443452	0.464500	0.543544	0.004900	0.598257	0.000000	0.647421	0.000000	0.640661	0.000000	0.610658	0.000000	0.598631	0.000000	0.576412	0.000000	0.555825	0.000000	4.203330	5.980170	6.902570	5.374400	2.929030	5.779250	7.658140	2.982300	3.826090	15.111900	6.490350	48.209400	89.841500	212.049000	25.086200	0.125372	57.326200	0.000000	0.000000	2.292300	1.872570	3.035400	3.702250	3.631600	
   48	129.000000	117.190000	100.800000	94.990000	92.530000	91.210000	100.000000	110.030000	125.070000	120.730000	111.070000	105.670000	94.000000	100.700000	100.830000	112.000000	129.220000	143.200000	146.850000	143.670000	144.240000	142.480000	137.260000	129.350000	40.000000	47.840000	39.600000	50.160000	48.920000	46.200000	38.400000	40.000000	221.200000	481.760000	60.000000	29.280000	26.800000	28.120000	26.000000	52.880000	97.760000	104.760000	18.360000	20.000000	20.000000	14.520000	26.040000	60.280000	122.410000	112.190000	91.800000	92.990000	89.530000	88.260000	95.000000	106.530000	121.060000	117.970000	108.180000	103.180000	94.000000	100.700000	100.830000	112.000000	124.240000	143.200000	146.790000	141.270000	141.250000	137.730000	134.550000	126.860000	110.000000	111.844000	98.385900	93.459000	97.305700	100.430000	109.877000	144.892000	144.788000	116.796000	116.665000	101.872000	104.918000	113.331000	110.455000	112.764000	117.167000	139.568000	164.738000	165.570000	162.128000	159.462000	147.698000	127.096000	0.478000	0.000000	0.390638	0.000000	0.391017	0.000000	0.335895	0.000000	0.289962	0.000000	0.234376	0.000000	0.193739	0.000000	0.186632	0.003300	0.124385	0.103100	0.122778	0.367500	89.000000	120.909000	119.758000	137.185000	138.319000	170.341000	192.860000	170.843000	173.530000	182.757000	165.995000	167.414000	0.156877	0.566000	0.230205	0.773400	0.378265	0.645300	0.394039	0.501400	0.428747	0.546700	0.461799	0.271800	0.465802	0.007500	0.462852	0.000000	0.459403	0.000000	0.436895	0.000000	0.394662	0.000000	0.496086	0.000000	0.354894	0.000000	0.328959	0.000000	4.203330	6.346530	7.314010	5.138580	2.785230	7.838970	8.308930	3.069710	3.926830	14.730500	21.433500	55.376500	110.742000	197.100000	0.360572	0.000000	66.263200	0.000000	29.691600	2.099750	1.837400	3.137970	3.772910	3.658080	
   49	129.000000	117.190000	100.800000	94.990000	92.530000	91.210000	100.000000	110.030000	125.070000	120.730000	111.070000	105.670000	94.000000	100.700000	100.830000	112.000000	129.220000	143.200000	146.850000	143.670000	144.240000	142.480000	137.260000	129.350000	40.000000	47.840000	39.600000	50.160000	48.920000	46.200000	38.400000	40.000000	221.200000	481.760000	60.000000	29.280000	26.800000	28.120000	26.000000	52.880000	97.760000	104.760000	18.360000	20.000000	20.000000	14.520000	26.040000	60.280000	122.410000	112.190000	91.800000	92.990000	89.530000	88.260000	95.000000	106.530000	121.060000	117.970000	108.180000	103.180000	94.000000	100.700000	100.830000	112.000000	124.240000	143.200000	146.790000	141.270000	141.250000	137.730000	134.550000	126.860000	110.000000	111.844000	98.385900	93.459000	97.305700	100.430000	109.877000	144.892000	144.788000	116.796000	116.665000	101.872000	104.918000	113.331000	110.455000	112.764000	117.167000	139.568000	164.738000	165.570000	162.128000	159.462000	147.698000	127.096000	0.478000	0.000000	0.390638	0.000000	0.391017	0.000000	0.335895	0.000000	0.289962	0.000000	0.234376	0.000000	0.193739	0.000000	0.186632	0.003300	0.124385	0.103100	0.122778	0.367500	89.000000	120.909000	119.758000	137.185000	138.319000	170.341000	192.860000	170.843000	173.530000	182.757000	165.995000	167.414000	0.156877	0.566000	0.230205	0.773400	0.378265	0.645300	0.394039	0.501400	0.428747	0.546700	0.461799	0.271800	0.465802	0.007500	0.462852	0.000000	0.459403	0.000000	0.436895	0.000000	0.394662	0.000000	0.496086	0.000000	0.354894	0.000000	0.328959	0.000000	4.203330	6.346530	7.314010	5.138580	2.785230	7.838970	8.308930	3.069710	3.926830	14.730500	21.433500	55.376500	110.742000	197.100000	0.360572	0.000000	66.263200	0.000000	29.691600	2.099750	1.837400	3.137970	3.772910	3.658080	
   50	129.000000	117.190000	100.800000	94.990000	92.530000	91.210000	100.000000	110.030000	125.070000	120.730000	111.070000	105.670000	94.000000	100.700000	100.830000	112.000000	129.220000	143.200000	146.850000	143.670000	144.240000	142.480000	137.260000	129.350000	40.000000	47.840000	39.600000	50.160000	48.920000	46.200000	38.400000	40.000000	221.200000	481.760000	60.000000	29.280000	26.800000	28.120000	26.000000	52.880000	97.760000	104.760000	18.360000	20.000000	20.000000	14.520000	26.040000	60.280000	122.410000	112.190000	91.800000	92.990000	89.530000	88.260000	95.000000	106.530000	121.060000	117.970000	108.180000	103.180000	94.000000	100.700000	100.830000	112.000000	124.240000	143.200000	146.790000	141.270000	141.250000	137.730000	134.550000	126.860000	110.000000	121.156000	115.624000	99.756400	96.171500	93.946500	126.069000	137.460000	156.476000	121.209000	129.580000	98.463000	110.666000	113.135000	113.363000	112.545000	120.864000	139.289000	149.036000	148.902000	151.989000	150.034000	143.238000	131.998000	0.478000	0.000000	0.359675	0.000000	0.322112	0.000000	0.243500	0.000000	0.186508	0.000000	0.157316	0.000000	0.088409	0.000000	0.062458	0.002100	0.018055	0.076000	0.010503	0.375300	89.000000	98.405700	96.882700	110.491000	137.497000	170.823000	177.770000	172.008000	173.640000	176.968000	165.695000	156.821000	0.064315	0.667100	0.146249	0.749900	0.205356	0.678900	0.324784	0.743100	0.378688	0.487200	0.428739	0.241500	0.457056	0.005800	0.527389	0.000000	0.562923	0.000000	0.532663	0.000000	0.503038	0.000000	0.460347	0.000000	0.458578	0.000000	0.433092	0.000000	4.203330	5.591840	6.695430	4.840930	2.540930	8.803190	7.906390	3.034320	3.991380	14.295900	24.000100	59.476100	111.580000	175.814000	9.180980	0.096992	59.197600	0.000000	28.054200	2.376480	1.992760	3.111030	3.776810	3.641610	
   51	129.000000	117.190000	100.800000	94.990000	92.530000	91.210000	100.000000	110.030000	125.070000	120.730000	111.070000	105.670000	94.000000	100.700000	100.830000	112.000000	129.220000	143.200000	146.850000	143.670000	144.240000	142.480000	137.260000	129.350000	40.000000	47.840000	39.600000	50.160000	48.920000	46.200000	38.400000	40.000000	221.200000	481.760000	60.000000	29.280000	26.800000	28.120000	26.000000	52.880000	97.760000	104.760000	18.360000	20.000000	20.000000	14.520000	26.040000	60.280000	122.410000	112.190000	91.800000	92.990000	89.530000	88.260000	95.000000	106.530000	121.060000	117.970000	108.180000	103.180000	94.000000	100.700000	100.830000	112.000000	124.240000	143.200000	146.790000	141.270000	141.250000	137.730000	134.550000	126.860000	110.000000	123.163000	108.788000	99.890900	100.729000	107.807000	123.558000	145.387000	159.582000	137.518000	127.735000	101.717000	109.575000	89.589400	92.261500	97.094500	108.853000	128.035000	150.371000	156.206000	149.471000	158.064000	141.725000	124.971000	0.478000	0.000000	0.395226	0.000000	0.427945	0.000000	0.342803	0.000000	0.277398	0.000000	0.227400	0.000000	0.196237	0.000000	0.189739	0.004600	0.225769	0.089500	0.264801	0.491900	89.000000	149.246000	151.394000	159.535000	169.630000	177.396000	176.526000	187.746000	182.822000	181.698000	175.042000	103.027000	0.323613	0.782100	0.375769	0.715800	0.399420	0.954000	0.489769	0.494300	0.599158	0.333900	0.641904	0.157900	0.650106	0.003800	0.629529	0.000000	0.550246	0.000000	0.456584	0.000000	0.366516	0.000000	0.311132	0.000000	0.280192	0.000000	0.265141	0.000000	4.203330	5.602050	6.443170	5.097470	2.496220	7.935100	7.719910	3.039780	3.608300	14.567900	20.081200	64.940300	113.059000	161.322000	12.699300	0.000000	60.894600	0.000000	23.940600	2.207500	1.871310	3.027950	3.893610	3.615970	
   52	129.000000	117.190000	100.800000	94.990000	92.530000	91.210000	100.000000	110.030000	125.070000	120.730000	111.070000	105.670000	94.000000	100.700000	100.830000	112.000000	129.220000	143.200000	146.850000	143.670000	144.240000	142.480000	137.260000	129.350000	40.000000	47.840000	39.600000	50.160000	48.920000	46.200000	38.400000	40.000000	221.200000	481.760000	60.000000	29.280000	26.800000	28.120000	26.000000	52.880000	97.760000	104.760000	18.360000	20.000000	20.000000	14.520000	26.040000	60.280000	122.410000	112.190000	91.800000	92.990000	89.530000	88.260000	95.000000	106.530000	121.060000	117.970000	108.180000	103.180000	94.000000	100.700000	100.830000	112.000000	124.240000	143.200000	146.790000	141.270000	141.250000	137.730000	134.550000	126.860000	110.000000	111.844000	98.385900	93.459000	97.305700	100.430000	109.877000	144.892000	144.788000	116.796000	116.665000	101.872000	104.918000	113.331000	110.455000	112.764000	117.167000	139.568000	164.738000	165.570000	162.128000	159.462000	147.698000	127.096000	0.478000	0.000000	0.390638	0.000000	0.391017	0.000000	0.335895	0.000000	0.289962	0.000000	0.234376	0.000000	0.193739	0.000000	0.186632	0.003300	0.124385	0.103100	0.122778	0.367500	89.000000	120.909000	119.758000	137.185000	138.319000	170.341000	192.860000	170.843000	173.530000	182.757000	165.995000	167.414000	0.156877	0.566000	0.230205	0.773400	0.378265	0.645300	0.394039	0.501400	0.428747	0.546700	0.461799	0.271800	0.465802	0.007500	0.462852	0.000000	0.459403	0.000000	0.436895	0.000000	0.394662	0.000000	0.496086	0.000000	0.354894	0.000000	0.328959	0.000000	4.203330	6.346530	7.314010	5.138580	2.785230	7.838970	8.308930	3.069710	3.926830	14.730500	21.433500	55.376500	110.742000	197.100000	0.360572	0.000000	66.263200	0.000000	29.691600	2.099750	1.837400	3.137970	3.772910	3.658080	
   53	129.000000	117.190000	100.800000	94.990000	92.530000	91.210000	100.000000	110.030000	125.070000	120.730000	111.070000	105.670000	94.000000	100.700000	100.830000	112.000000	129.220000	143.200000	146.850000	143.670000	144.240000	142.480000	137.260000	129.350000	40.000000	47.840000	39.600000	50.160000	48.920000	46.200000	38.400000	40.000000	221.200000	481.760000	60.000000	29.280000	26.800000	28.120000	26.000000	52.880000	97.760000	104.760000	18.360000	20.000000	20.000000	14.520000	26.040000	60.280000	122.410000	112.190000	91.800000	92.990000	89.530000	88.260000	95.000000	106.530000	121.060000	117.970000	108.180000	103.180000	94.000000	100.700000	100.830000	112.000000	124.240000	143.200000	146.790000	141.270000	141.250000	137.730000	134.550000	126.860000	110.000000	128.700000	112.685000	101.296000	101.737000	85.900200	121.010000	142.321000	143.470000	112.584000	109.356000	98.031300	103.107000	108.612000	108.430000	117.309000	125.103000	142.992000	154.183000	162.561000	162.416000	168.970000	147.143000	135.510000	0.478000	0.000000	0.384691	0.000000	0.384579	0.000000	0.330482	0.000000	0.322360	0.000000	0.288866	0.000000	0.240053	0.000000	0.194314	0.006400	0.217083	0.069400	0.210074	0.409200	89.000000	150.688000	141.823000	151.764000	166.516000	193.911000	193.535000	211.059000	166.326000	191.793000	163.038000	144.608000	0.222255	0.783900	0.286520	0.881200	0.366739	1.043300	0.439998	0.952500	0.487619	0.745100	0.508448	0.508500	0.539899	0.009800	0.585045	0.000000	0.605955	0.000000	0.589978	0.000000	0.540273	0.000000	0.523688	0.000000	0.537667	0.000000	0.524260	0.000000	4.203330	6.466040	7.013620	5.108020	2.405090	7.823410	7.499050	3.031040	4.148110	14.676100	0.000000	57.768200	110.697000	82.248900	13.974800	1.133510	59.312600	0.010013	26.139600	2.081180	1.633780	2.965190	3.970270	3.350100	
   54	129.000000	117.190000	100.800000	94.990000	92.530000	91.210000	100.000000	110.030000	125.070000	120.730000	111.070000	105.670000	94.000000	100.700000	100.830000	112.000000	129.220000	143.200000	146.850000	143.670000	144.240000	142.480000	137.260000	129.350000	40.000000	47.840000	39.600000	50.160000	48.920000	46.200000	38.400000	40.000000	221.200000	481.760000	60.000000	29.280000	26.800000	28.120000	26.000000	52.880000	97.760000	104.760000	18.360000	20.000000	20.000000	14.520000	26.040000	60.280000	122.410000	112.190000	91.800000	92.990000	89.530000	88.260000	95.000000	106.530000	121.060000	117.970000	108.180000	103.180000	94.000000	100.700000	100.830000	112.000000	124.240000	143.200000	146.790000	141.270000	141.250000	137.730000	134.550000	126.860000	110.000000	128.700000	112.685000	101.296000	101.737000	85.900200	121.010000	142.321000	143.470000	112.584000	109.356000	98.031300	103.107000	108.612000	108.430000	117.309000	125.103000	142.992000	154.183000	162.561000	162.416000	168.970000	147.143000	135.510000	0.478000	0.000000	0.384691	0.000000	0.384579	0.000000	0.330482	0.000000	0.322360	0.000000	0.100845	0.000000	0.073190	0.000000	0.086571	0.005300	0.108206	0.104900	0.154836	0.423900	89.000000	107.822000	100.760000	115.694000	130.552000	156.713000	146.254000	160.022000	146.626000	138.521000	132.009000	116.490000	0.233856	0.561400	0.327208	0.548300	0.403522	0.613400	0.446439	0.794100	0.461589	1.336000	0.448246	0.443900	0.437303	0.006500	0.462922	0.000000	0.511451	0.000000	0.510919	0.000000	0.439174	0.000000	0.374714	0.000000	0.331354	0.000000	0.291419	0.000000	4.203330	6.486850	7.346920	5.339850	2.398630	7.325000	8.080910	2.904830	3.578160	13.670400	29.545200	66.924000	106.034000	113.216000	0.000000	0.000000	89.031300	0.000000	28.415900	1.826240	1.636290	3.057990	3.712330	3.426150	
   55	129.000000	117.190000	100.800000	94.990000	92.530000	91.210000	100.000000	110.030000	125.070000	120.730000	111.070000	105.670000	94.000000	100.700000	100.830000	112.000000	129.220000	143.200000	146.850000	143.670000	144.240000	142.480000	137.260000	129.350000	40.000000	47.840000	39.600000	50.160000	48.920000	46.200000	38.400000	40.000000	221.200000	481.760000	60.000000	29.280000	26.800000	28.120000	26.000000	52.880000	97.760000	104.760000	18.360000	20.000000	20.000000	14.520000	26.040000	60.280000	122.410000	112.190000	91.800000	92.990000	89.530000	88.260000	95.000000	106.530000	121.060000	117.970000	108.180000	103.180000	94.000000	100.700000	100.830000	112.000000	124.240000	143.200000	146.790000	141.270000	141.250000	137.730000	134.550000	126.860000	110.000000	121.156000	115.624000	99.756400	96.171500	93.946500	126.069000	137.460000	156.476000	121.209000	129.580000	98.463000	110.666000	113.135000	113.363000	112.545000	120.864000	139.289000	149.036000	148.902000	151.989000	150.034000	143.238000	131.998000	0.478000	0.000000	0.359675	0.000000	0.322112	0.000000	0.243500	0.000000	0.186508	0.000000	0.157316	0.000000	0.088409	0.000000	0.062458	0.002100	0.018055	0.076000	0.010503	0.375300	89.000000	98.405700	96.882700	110.491000	137.497000	170.823000	177.770000	172.008000	173.640000	176.968000	165.695000	156.821000	0.064315	0.667100	0.146249	0.749900	0.205356	0.678900	0.324784	0.743100	0.378688	0.487200	0.428739	0.241500	0.457056	0.005800	0.527389	0.000000	0.562923	0.000000	0.532663	0.000000	0.503038	0.000000	0.460347	0.000000	0.458578	0.000000	0.433092	0.000000	4.203330	5.591840	6.695430	4.840930	2.540930	8.803190	7.906390	3.034320	3.991380	14.295900	24.000100	59.476100	111.580000	175.814000	9.180980	0.096992	59.197600	0.000000	28.054200	2.376480	1.992760	3.111030	3.776810	3.641610	
   56	129.000000	117.190000	100.800000	94.990000	92.530000	91.210000	100.000000	110.030000	125.070000	120.730000	111.070000	105.670000	94.000000	100.700000	100.830000	112.000000	129.220000	143.200000	146.850000	143.670000	144.240000	142.480000	137.260000	129.350000	40.000000	47.840000	39.600000	50.160000	48.920000	46.200000	38.400000	40.000000	221.200000	481.760000	60.000000	29.280000	26.800000	28.120000	26.000000	52.880000	97.760000	104.760000	18.360000	20.000000	20.000000	14.520000	26.040000	60.280000	122.410000	112.190000	91.800000	92.990000	89.530000	88.260000	95.000000	106.530000	121.060000	117.970000	108.180000	103.180000	94.000000	100.700000	100.830000	112.000000	124.240000	143.200000	146.790000	141.270000	141.250000	137.730000	134.550000	126.860000	110.000000	119.290000	108.541000	96.800700	95.446100	99.576400	123.484000	141.333000	146.166000	122.008000	116.396000	99.378200	100.365000	108.022000	112.437000	109.263000	111.951000	133.356000	158.084000	146.317000	150.034000	164.160000	139.016000	114.634000	0.478000	0.000000	0.380359	0.000000	0.351009	0.000000	0.269013	0.000000	0.229050	0.000000	0.186665	0.000000	0.132599	0.000000	0.129553	0.004400	0.130679	0.075500	0.125540	0.442800	89.000000	107.822000	100.760000	115.694000	153.005000	173.875000	161.593000	197.240000	195.669000	207.097000	171.263000	171.429000	0.156611	0.701500	0.237096	0.641400	0.327642	0.498300	0.388382	0.560900	0.425044	0.658300	0.474854	0.301700	0.488246	0.007000	0.506850	0.000000	0.519347	0.000000	0.494785	0.000000	0.420114	0.000000	0.355572	0.000000	0.294798	0.000000	0.287398	0.000000	4.203330	6.212540	7.098070	5.285560	2.671600	7.967690	8.213740	3.023860	3.883700	14.550700	8.546430	59.713000	120.830000	81.493500	10.856500	0.305171	54.188300	0.000000	20.467700	2.424940	1.943060	3.248070	3.704660	3.693880	
   57	129.000000	117.190000	100.800000	94.990000	92.530000	91.210000	100.000000	110.030000	125.070000	120.730000	111.070000	105.670000	94.000000	100.700000	100.830000	112.000000	129.220000	143.200000	146.850000	143.670000	144.240000	142.480000	137.260000	129.350000	40.000000	47.840000	39.600000	50.160000	48.920000	46.200000	38.400000	40.000000	221.200000	481.760000	60.000000	29.280000	26.800000	28.120000	26.000000	52.880000	97.760000	104.760000	18.360000	20.000000	20.000000	14.520000	26.040000	60.280000	122.410000	112.190000	91.800000	92.990000	89.530000	88.260000	95.000000	106.530000	121.060000	117.970000	108.180000	103.180000	94.000000	100.700000	100.830000	112.000000	124.240000	143.200000	146.790000	141.270000	141.250000	137.730000	134.550000	126.860000	110.000000	128.700000	112.685000	101.296000	101.737000	85.900200	121.010000	142.321000	143.470000	112.584000	109.356000	98.031300	103.107000	108.612000	108.430000	117.309000	125.103000	142.992000	154.183000	162.561000	162.416000	168.970000	147.143000	135.510000	0.478000	0.000000	0.384691	0.000000	0.384579	0.000000	0.319691	0.000000	0.287842	0.000000	0.091673	0.000000	0.042157	0.000000	0.140367	0.004000	0.135796	0.073900	0.169922	0.320500	89.000000	113.217000	109.827000	118.037000	146.591000	172.468000	142.280000	160.626000	171.485000	174.773000	163.812000	153.366000	0.220301	0.395500	0.296885	0.527500	0.376764	0.734900	0.428404	0.634900	0.437098	0.669800	0.431637	0.331600	0.455033	0.005300	0.498025	0.000000	0.430419	0.000000	0.285724	0.000000	0.172770	0.000000	0.164699	0.000000	0.186915	0.000000	0.211447	0.000000	4.203330	5.553510	6.620010	4.943720	2.146160	10.096400	8.096360	3.343180	4.172080	14.865900	0.000000	57.379300	109.936000	100.839000	0.000000	0.000000	68.655700	0.939353	42.969100	2.588770	2.303890	3.426890	4.127730	4.184680	
   58	129.000000	117.190000	100.800000	94.990000	92.530000	91.210000	100.000000	110.030000	125.070000	120.730000	111.070000	105.670000	94.000000	100.700000	100.830000	112.000000	129.220000	143.200000	146.850000	143.670000	144.240000	142.480000	137.260000	129.350000	40.000000	47.840000	39.600000	50.160000	48.920000	46.200000	38.400000	40.000000	221.200000	481.760000	60.000000	29.280000	26.800000	28.120000	26.000000	52.880000	97.760000	104.760000	18.360000	20.000000	20.000000	14.520000	26.040000	60.280000	122.410000	112.190000	91.800000	92.990000	89.530000	88.260000	95.000000	106.530000	121.060000	117.970000	108.180000	103.180000	94.000000	100.700000	100.830000	112.000000	124.240000	143.200000	146.790000	141.270000	141.250000	137.730000	134.550000	126.860000	110.000000	122.268000	108.816000	96.987000	101.050000	95.314600	112.842000	136.004000	152.771000	119.398000	106.717000	91.198800	94.911200	106.402000	107.738000	108.009000	106.155000	130.906000	146.056000	159.912000	144.425000	163.232000	139.545000	123.425000	0.478000	0.000000	0.369992	0.000000	0.361726	0.000000	0.273213	0.000000	0.226629	0.000000	0.182770	0.000000	0.182142	0.000000	0.153488	0.005000	0.211526	0.067800	0.181605	0.331000	89.000000	129.566000	135.361000	147.053000	171.179000	180.385000	179.761000	178.889000	192.172000	177.997000	167.851000	146.664000	0.128845	0.544200	0.270319	0.863100	0.412693	0.800500	0.421678	0.765600	0.432777	0.543200	0.537948	0.284900	0.573357	0.005100	0.625772	0.000000	0.636218	0.000000	0.576708	0.000000	0.546213	0.000000	0.529976	0.000000	0.497598	0.000000	0.483961	0.000000	4.203330	5.924280	6.693070	5.173020	2.484890	6.727830	7.745200	2.963940	3.929140	15.385600	18.416800	67.203100	128.664000	134.658000	4.046690	4.452530	46.246000	0.000000	18.654200	1.893780	1.801410	2.781270	3.979250	3.821410	
   59	129.000000	117.190000	100.800000	94.990000	92.530000	91.210000	100.000000	110.030000	125.070000	120.730000	111.070000	105.670000	94.000000	100.700000	100.830000	112.000000	129.220000	143.200000	146.850000	143.670000	144.240000	142.480000	137.260000	129.350000	40.000000	47.840000	39.600000	50.160000	48.920000	46.200000	38.400000	40.000000	221.200000	481.760000	60.000000	29.280000	26.800000	28.120000	26.000000	52.880000	97.760000	104.760000	18.360000	20.000000	20.000000	14.520000	26.040000	60.280000	122.410000	112.190000	91.800000	92.990000	89.530000	88.260000	95.000000	106.530000	121.060000	117.970000	108.180000	103.180000	94.000000	100.700000	100.830000	112.000000	124.240000	143.200000	146.790000	141.270000	141.250000	137.730000	134.550000	126.860000	110.000000	121.156000	115.624000	99.756400	96.171500	93.946500	126.069000	137.460000	156.476000	121.209000	129.580000	98.463000	110.666000	113.135000	113.363000	112.545000	120.864000	139.289000	149.036000	148.902000	151.989000	150.034000	143.238000	131.998000	0.478000	0.000000	0.359675	0.000000	0.322112	0.000000	0.243500	0.000000	0.186508	0.000000	0.157316	0.000000	0.088409	0.000000	0.062458	0.002100	0.018055	0.076000	0.010503	0.375300	89.000000	98.405700	96.882700	110.491000	137.497000	170.823000	177.770000	172.008000	173.640000	176.968000	165.695000	156.821000	0.064315	0.667100	0.146249	0.749900	0.205356	0.678900	0.324784	0.743100	0.378688	0.487200	0.428739	0.241500	0.457056	0.005800	0.527389	0.000000	0.562923	0.000000	0.532663	0.000000	0.503038	0.000000	0.460347	0.000000	0.458578	0.000000	0.433092	0.000000	4.203330	5.591840	6.695430	4.840930	2.540930	8.803190	7.906390	3.034320	3.991380	14.295900	24.000100	59.476100	111.580000	175.814000	9.180980	0.096992	59.197600	0.000000	28.054200	2.376480	1.992760	3.111030	3.776810	3.641610	
   60	129.000000	117.190000	100.800000	94.990000	92.530000	91.210000	100.000000	110.030000	125.070000	120.730000	111.070000	105.670000	94.000000	100.700000	100.830000	112.000000	129.220000	143.200000	146.850000	143.670000	144.240000	142.480000	137.260000	129.350000	40.000000	47.840000	39.600000	50.160000	48.920000	46.200000	38.400000	40.000000	221.200000	481.760000	60.000000	29.280000	26.800000	28.120000	26.000000	52.880000	97.760000	104.760000	18.360000	20.000000	20.000000	14.520000	26.040000	60.280000	122.410000	112.190000	91.800000	92.990000	89.530000	88.260000	95.000000	106.530000	121.060000	117.970000	108.180000	103.180000	94.000000	100.700000	100.830000	112.000000	124.240000	143.200000	146.790000	141.270000	141.250000	137.730000	134.550000	126.860000	110.000000	111.844000	98.385900	93.459000	97.305700	100.430000	109.877000	144.892000	144.788000	116.796000	116.665000	101.872000	104.918000	113.331000	110.455000	112.764000	117.167000	139.568000	164.738000	165.570000	162.128000	159.462000	147.698000	127.096000	0.478000	0.000000	0.390638	0.000000	0.391017	0.000000	0.335895	0.000000	0.289962	0.000000	0.234376	0.000000	0.193739	0.000000	0.186632	0.003300	0.124385	0.103100	0.122778	0.367500	89.000000	120.909000	119.758000	137.185000	138.319000	170.341000	192.860000	170.843000	173.530000	182.757000	165.995000	167.414000	0.156877	0.566000	0.230205	0.773400	0.378265	0.645300	0.394039	0.501400	0.428747	0.546700	0.461799	0.271800	0.465802	0.007500	0.462852	0.000000	0.459403	0.000000	0.436895	0.000000	0.394662	0.000000	0.496086	0.000000	0.354894	0.000000	0.328959	0.000000	4.203330	6.346530	7.314010	5.138580	2.785230	7.838970	8.308930	3.069710	3.926830	14.730500	21.433500	55.376500	110.742000	197.100000	0.360572	0.000000	66.263200	0.000000	29.691600	2.099750	1.837400	3.137970	3.772910	3.658080	
   61	129.000000	117.190000	100.800000	94.990000	92.530000	91.210000	100.000000	110.030000	125.070000	120.730000	111.070000	105.670000	94.000000	100.700000	100.830000	112.000000	129.220000	143.200000	146.850000	143.670000	144.240000	142.480000	137.260000	129.350000	40.000000	47.840000	39.600000	50.160000	48.920000	46.200000	38.400000	40.000000	221.200000	481.760000	60.000000	29.280000	26.800000	28.120000	26.000000	52.880000	97.760000	104.760000	18.360000	20.000000	20.000000	14.520000	26.040000	60.280000	122.410000	112.190000	91.800000	92.990000	89.530000	88.260000	95.000000	106.530000	121.060000	117.970000	108.180000	103.180000	94.000000	100.700000	100.830000	112.000000	124.240000	143.200000	146.790000	141.270000	141.250000	137.730000	134.550000	126.860000	110.000000	123.163000	108.788000	99.890900	100.729000	107.807000	123.558000	145.387000	159.582000	137.518000	127.735000	101.717000	109.575000	89.589400	92.261500	97.094500	108.853000	128.035000	150.371000	156.206000	149.471000	158.064000	141.725000	124.971000	0.478000	0.000000	0.395226	0.000000	0.427945	0.000000	0.342803	0.000000	0.277398	0.000000	0.227400	0.000000	0.196237	0.000000	0.189739	0.004600	0.225769	0.089500	0.264801	0.398000	89.000000	133.654000	133.129000	145.530000	150.979000	174.759000	155.284000	162.606000	157.760000	168.892000	146.747000	159.659000	0.323613	0.673800	0.375769	0.966500	0.399420	1.166700	0.416694	0.948200	0.435407	0.714400	0.241856	0.357300	0.281110	0.005900	0.314129	0.000000	0.313539	0.000000	0.289850	0.000000	0.253019	0.000000	0.234390	0.000000	0.210988	0.000000	0.181318	0.000000	4.203330	5.602050	6.443170	5.097470	2.496220	7.935100	7.719910	3.039780	3.608300	14.567900	20.081200	64.940300	113.059000	119.986000	0.000000	0.000000	64.082500	0.000000	24.797900	2.422810	2.282370	3.170960	3.688810	3.664060	
   62	129.000000	117.190000	100.800000	94.990000	92.530000	91.210000	100.000000	110.030000	125.070000	120.730000	111.070000	105.670000	94.000000	100.700000	100.830000	112.000000	129.220000	143.200000	146.850000	143.670000	144.240000	142.480000	137.260000	129.350000	40.000000	47.840000	39.600000	50.160000	48.920000	46.200000	38.400000	40.000000	221.200000	481.760000	60.000000	29.280000	26.800000	28.120000	26.000000	52.880000	97.760000	104.760000	18.360000	20.000000	20.000000	14.520000	26.040000	60.280000	122.410000	112.190000	91.800000	92.990000	89.530000	88.260000	95.000000	106.530000	121.060000	117.970000	108.180000	103.180000	94.000000	100.700000	100.830000	112.000000	124.240000	143.200000	146.790000	141.270000	141.250000	137.730000	134.550000	126.860000	110.000000	128.700000	112.685000	101.296000	101.737000	85.900200	121.010000	142.321000	143.470000	112.584000	109.356000	98.031300	103.107000	108.612000	108.430000	117.309000	125.103000	142.992000	154.183000	162.561000	162.416000	168.970000	147.143000	135.510000	0.478000	0.000000	0.384691	0.000000	0.384579	0.000000	0.319691	0.000000	0.287842	0.000000	0.272873	0.000000	0.252927	0.000000	0.241523	0.002800	0.277606	0.053000	0.298676	0.251800	89.000000	104.555000	103.233000	102.573000	95.251400	132.089000	142.280000	201.040000	202.042000	202.076000	179.889000	167.230000	0.332136	0.789800	0.372786	0.684300	0.387117	0.559100	0.394039	0.410700	0.423712	0.351600	0.424652	0.212300	0.412965	0.004200	0.383023	0.000000	0.384426	0.000000	0.370760	0.000000	0.349450	0.000000	0.337437	0.000000	0.332502	0.000000	0.308886	0.000000	4.203330	6.091220	6.962060	5.184130	2.488120	8.086960	8.407280	3.000430	3.883310	14.807700	9.519510	58.715700	117.943000	209.387000	0.000000	0.000000	58.150300	0.000000	6.617140	2.504840	1.951540	2.986840	3.649910	3.902830	
   63	129.000000	117.190000	100.800000	94.990000	92.530000	91.210000	100.000000	110.030000	125.070000	120.730000	111.070000	105.670000	94.000000	100.700000	100.830000	112.000000	129.220000	143.200000	146.850000	143.670000	144.240000	142.480000	137.260000	129.350000	40.000000	47.840000	39.600000	50.160000	48.920000	46.200000	38.400000	40.000000	221.200000	481.760000	60.000000	29.280000	26.800000	28.120000	26.000000	52.880000	97.760000	104.760000	18.360000	20.000000	20.000000	14.520000	26.040000	60.280000	122.410000	112.190000	91.800000	92.990000	89.530000	88.260000	95.000000	106.530000	121.060000	117.970000	108.180000	103.180000	94.000000	100.700000	100.830000	112.000000	124.240000	143.200000	146.790000	141.270000	141.250000	137.730000	134.550000	126.860000	110.000000	122.495000	116.197000	102.597000	105.228000	106.823000	118.948000	150.509000	145.740000	128.661000	109.329000	92.139600	99.209800	104.162000	109.608000	110.983000	135.510000	144.405000	167.637000	172.555000	155.491000	148.732000	147.388000	128.063000	0.478000	0.000000	0.398066	0.000000	0.391655	0.000000	0.436131	0.000000	0.409572	0.000000	0.411479	0.000000	0.376126	0.000000	0.383146	0.007400	0.412908	0.056800	0.239824	0.596500	89.000000	116.841000	113.712000	129.591000	129.940000	159.377000	160.625000	175.502000	203.527000	181.498000	170.126000	176.777000	0.286459	0.490600	0.385720	0.615000	0.465855	1.126200	0.538364	0.635300	0.542048	0.269400	0.535120	0.175500	0.536933	0.003700	0.528931	0.000000	0.516024	0.000000	0.506446	0.000000	0.509174	0.000000	0.525057	0.000000	0.504210	0.000000	0.460627	0.000000	4.203330	6.135880	7.100140	5.232880	2.844050	7.907810	8.223130	2.933480	4.051430	14.444900	21.160100	68.878000	121.807000	94.166500	11.237400	0.000000	58.245400	0.000000	28.077900	2.463840	2.136230	3.130170	3.565730	3.045610	
   64	129.000000	117.190000	100.800000	94.990000	92.530000	91.210000	100.000000	110.030000	125.070000	120.730000	111.070000	105.670000	94.000000	100.700000	100.830000	112.000000	129.220000	143.200000	146.850000	143.670000	144.240000	142.480000	137.260000	129.350000	40.000000	47.840000	39.600000	50.160000	48.920000	46.200000	38.400000	40.000000	221.200000	481.760000	60.000000	29.280000	26.800000	28.120000	26.000000	52.880000	97.760000	104.760000	18.360000	20.000000	20.000000	14.520000	26.040000	60.280000	122.410000	112.190000	91.800000	92.990000	89.530000	88.260000	95.000000	106.530000	121.060000	117.970000	108.180000	103.180000	94.000000	100.700000	100.830000	112.000000	124.240000	143.200000	146.790000	141.270000	141.250000	137.730000	134.550000	126.860000	110.000000	123.163000	108.788000	99.890900	100.729000	107.807000	123.558000	145.387000	159.582000	137.518000	127.735000	101.717000	109.575000	89.589400	92.261500	97.094500	108.853000	128.035000	150.371000	156.206000	149.471000	158.064000	141.725000	124.971000	0.478000	0.000000	0.395226	0.000000	0.262663	0.000000	0.099748	0.000000	0.011291	0.000000	0.000000	0.000000	0.000000	0.000000	0.000000	0.003300	0.000000	0.079500	0.000000	0.620800	89.000000	119.047000	113.000000	128.474000	135.442000	144.258000	131.205000	131.609000	131.746000	175.565000	158.771000	153.621000	0.000000	0.880900	0.000000	0.909100	0.061382	0.696000	0.139962	0.950100	0.206915	0.701800	0.261281	0.230400	0.336486	0.005900	0.412774	0.000000	0.435652	0.000000	0.455588	0.000000	0.455021	0.000000	0.456809	0.000000	0.457595	0.000000	0.466610	0.000000	4.203330	5.295040	6.161270	4.236420	1.056520	6.160970	7.897990	3.281530	3.972980	15.627500	0.000000	56.663000	101.978000	104.721000	0.000000	0.000000	71.496100	0.000000	39.224900	2.543770	1.894660	3.069780	3.817240	3.816720	
   65	129.000000	117.190000	100.800000	94.990000	92.530000	91.210000	100.000000	110.030000	125.070000	120.730000	111.070000	105.670000	94.000000	100.700000	100.830000	112.000000	129.220000	143.200000	146.850000	143.670000	144.240000	142.480000	137.260000	129.350000	40.000000	47.840000	39.600000	50.160000	48.920000	46.200000	38.400000	40.000000	221.200000	481.760000	60.000000	29.280000	26.800000	28.120000	26.000000	52.880000	97.760000	104.760000	18.360000	20.000000	20.000000	14.520000	26.040000	60.280000	122.410000	112.190000	91.800000	92.990000	89.530000	88.260000	95.000000	106.530000	121.060000	117.970000	108.180000	103.180000	94.000000	100.700000	100.830000	112.000000	124.240000	143.200000	146.790000	141.270000	141.250000	137.730000	134.550000	126.860000	110.000000	124.753000	103.920000	97.166400	96.024100	98.907700	123.171000	136.945000	144.225000	134.325000	114.041000	94.972000	105.665000	107.404000	108.843000	109.360000	114.254000	143.241000	152.779000	152.709000	149.499000	174.059000	138.321000	130.452000	0.478000	0.000000	0.376044	0.000000	0.321203	0.000000	0.267343	0.000000	0.256011	0.000000	0.203876	0.000000	0.147086	0.000000	0.121779	0.003900	0.111087	0.084900	0.113989	0.393200	89.000000	121.312000	117.543000	134.148000	143.001000	170.873000	151.764000	138.388000	141.130000	159.824000	150.484000	136.863000	0.157490	0.621700	0.249495	0.938000	0.334914	0.912800	0.386464	0.756700	0.423710	0.593800	0.453918	0.481800	0.489368	0.006700	0.520512	0.000000	0.530797	0.000000	0.508344	0.000000	0.459427	0.000000	0.461158	0.000000	0.478638	0.000000	0.455710	0.000000	4.203330	6.280300	7.114950	5.534270	2.578240	7.953900	8.516990	3.025590	3.370060	14.590900	18.185700	59.525500	121.544000	139.152000	0.000000	0.000000	60.067000	0.000000	27.644100	2.666470	1.329490	3.355320	3.668840	3.849050	
   66	129.000000	117.190000	100.800000	94.990000	92.530000	91.210000	100.000000	110.030000	125.070000	120.730000	111.070000	105.670000	94.000000	100.700000	100.830000	112.000000	129.220000	143.200000	146.850000	143.670000	144.240000	142.480000	137.260000	129.350000	40.000000	47.840000	39.600000	50.160000	48.920000	46.200000	38.400000	40.000000	221.200000	481.760000	60.000000	29.280000	26.800000	28.120000	26.000000	52.880000	97.760000	104.760000	18.360000	20.000000	20.000000	14.520000	26.040000	60.280000	122.410000	112.190000	91.800000	92.990000	89.530000	88.260000	95.000000	106.530000	121.060000	117.970000	108.180000	103.180000	94.000000	100.700000	100.830000	112.000000	124.240000	143.200000	146.790000	141.270000	141.250000	137.730000	134.550000	126.860000	110.000000	111.844000	98.385900	93.459000	97.305700	100.430000	109.877000	144.892000	144.788000	116.796000	116.665000	101.872000	104.918000	113.331000	110.455000	112.764000	117.167000	139.568000	164.738000	165.570000	162.128000	159.462000	147.698000	127.096000	0.478000	0.000000	0.390638	0.000000	0.391017	0.000000	0.335895	0.000000	0.289962	0.000000	0.234376	0.000000	0.193739	0.000000	0.186632	0.003300	0.124385	0.103100	0.122778	0.367500	89.000000	120.909000	119.758000	137.185000	138.319000	170.341000	192.860000	170.843000	173.530000	182.757000	165.995000	167.414000	0.156877	0.566000	0.230205	0.773400	0.378265	0.645300	0.394039	0.501400	0.428747	0.546700	0.461799	0.271800	0.465802	0.007500	0.462852	0.000000	0.459403	0.000000	0.436895	0.000000	0.394662	0.000000	0.496086	0.000000	0.354894	0.000000	0.328959	0.000000	4.203330	6.346530	7.314010	5.138580	2.785230	7.838970	8.308930	3.069710	3.926830	14.730500	21.433500	55.376500	110.742000	197.100000	0.360572	0.000000	66.263200	0.000000	29.691600	2.099750	1.837400	3.137970	3.772910	3.658080	
   67	129.000000	117.190000	100.800000	94.990000	92.530000	91.210000	100.000000	110.030000	125.070000	120.730000	111.070000	105.670000	94.000000	100.700000	100.830000	112.000000	129.220000	143.200000	146.850000	143.670000	144.240000	142.480000	137.260000	129.350000	40.000000	47.840000	39.600000	50.160000	48.920000	46.200000	38.400000	40.000000	221.200000	481.760000	60.000000	29.280000	26.800000	28.120000	26.000000	52.880000	97.760000	104.760000	18.360000	20.000000	20.000000	14.520000	26.040000	60.280000	122.410000	112.190000	91.800000	92.990000	89.530000	88.260000	95.000000	106.530000	121.060000	117.970000	108.180000	103.180000	94.000000	100.700000	100.830000	112.000000	124.240000	143.200000	146.790000	141.270000	141.250000	137.730000	134.550000	126.860000	110.000000	121.156000	115.624000	99.756400	96.171500	93.946500	126.069000	137.460000	156.476000	121.209000	129.580000	98.463000	110.666000	113.135000	113.363000	112.545000	120.864000	139.289000	149.036000	148.902000	151.989000	150.034000	143.238000	131.998000	0.478000	0.000000	0.359675	0.000000	0.322112	0.000000	0.243500	0.000000	0.186508	0.000000	0.157316	0.000000	0.088409	0.000000	0.062458	0.002100	0.018055	0.076000	0.010503	0.375300	89.000000	98.405700	96.882700	110.491000	137.497000	170.823000	177.770000	172.008000	173.640000	176.968000	165.695000	156.821000	0.064315	0.667100	0.146249	0.749900	0.205356	0.678900	0.324784	0.743100	0.378688	0.487200	0.428739	0.241500	0.457056	0.005800	0.527389	0.000000	0.562923	0.000000	0.532663	0.000000	0.503038	0.000000	0.460347	0.000000	0.458578	0.000000	0.433092	0.000000	4.203330	5.591840	6.695430	4.840930	2.540930	8.803190	7.906390	3.034320	3.991380	14.295900	24.000100	59.476100	111.580000	175.814000	9.180980	0.096992	59.197600	0.000000	28.054200	2.376480	1.992760	3.111030	3.776810	3.641610	
   68	129.000000	117.190000	100.800000	94.990000	92.530000	91.210000	100.000000	110.030000	125.070000	120.730000	111.070000	105.670000	94.000000	100.700000	100.830000	112.000000	129.220000	143.200000	146.850000	143.670000	144.240000	142.480000	137.260000	129.350000	40.000000	47.840000	39.600000	50.160000	48.920000	46.200000	38.400000	40.000000	221.200000	481.760000	60.000000	29.280000	26.800000	28.120000	26.000000	52.880000	97.760000	104.760000	18.360000	20.000000	20.000000	14.520000	26.040000	60.280000	122.410000	112.190000	91.800000	92.990000	89.530000	88.260000	95.000000	106.530000	121.060000	117.970000	108.180000	103.180000	94.000000	100.700000	100.830000	112.000000	124.240000	143.200000	146.790000	141.270000	141.250000	137.730000	134.550000	126.860000	110.000000	122.495000	116.197000	102.597000	105.228000	106.823000	118.948000	150.509000	145.740000	128.661000	109.329000	92.139600	99.209800	104.162000	109.608000	110.983000	135.510000	144.405000	167.637000	172.555000	155.491000	148.732000	147.388000	128.063000	0.478000	0.000000	0.398066	0.000000	0.319240	0.000000	0.176406	0.000000	0.223021	0.000000	0.199258	0.000000	0.164440	0.000000	0.163356	0.002500	0.164268	0.071600	0.148203	0.564200	89.000000	104.915000	106.107000	120.358000	193.576000	222.202000	208.545000	200.299000	214.830000	222.851000	207.810000	188.443000	0.195856	0.537400	0.294963	0.794800	0.389815	0.643200	0.473622	0.636500	0.535962	0.602600	0.559178	0.381600	0.558533	0.004600	0.544904	0.000000	0.539002	0.000000	0.591232	0.000000	0.626366	0.000000	0.631323	0.000000	0.388314	0.000000	0.344430	0.000000	4.203330	7.148080	8.229300	5.179480	2.243880	6.129190	9.026780	3.510520	3.752710	15.435100	7.829830	44.341700	91.561900	246.201000	14.785100	0.375799	69.829000	0.000000	29.534300	2.010520	1.916200	3.159690	3.578490	3.708250	
   69	129.000000	117.190000	100.800000	94.990000	92.530000	91.210000	100.000000	110.030000	125.070000	120.730000	111.070000	105.670000	94.000000	100.700000	100.830000	112.000000	129.220000	143.200000	146.850000	143.670000	144.240000	142.480000	137.260000	129.350000	40.000000	47.840000	39.600000	50.160000	48.920000	46.200000	38.400000	40.000000	221.200000	481.760000	60.000000	29.280000	26.800000	28.120000	26.000000	52.880000	97.760000	104.760000	18.360000	20.000000	20.000000	14.520000	26.040000	60.280000	122.410000	112.190000	91.800000	92.990000	89.530000	88.260000	95.000000	106.530000	121.060000	117.970000	108.180000	103.180000	94.000000	100.700000	100.830000	112.000000	124.240000	143.200000	146.790000	141.270000	141.250000	137.730000	134.550000	126.860000	110.000000	124.753000	103.920000	97.166400	96.024100	98.907700	123.171000	136.945000	144.225000	134.325000	114.041000	94.972000	105.665000	107.404000	108.843000	109.360000	114.254000	143.241000	152.779000	152.709000	149.499000	174.059000	138.321000	130.452000	0.478000	0.000000	0.376044	0.000000	0.321203	0.000000	0.267343	0.000000	0.256011	0.000000	0.203876	0.000000	0.147086	0.000000	0.121779	0.003900	0.111087	0.084900	0.113989	0.393200	89.000000	121.312000	117.543000	134.148000	143.001000	170.873000	151.764000	138.388000	141.130000	159.824000	150.484000	136.863000	0.157490	0.621700	0.249495	0.938000	0.334914	0.912800	0.386464	0.756700	0.423710	0.593800	0.453918	0.481800	0.489368	0.006700	0.520512	0.000000	0.530797	0.000000	0.508344	0.000000	0.459427	0.000000	0.461158	0.000000	0.478638	0.000000	0.455710	0.000000	4.203330	6.280300	7.114950	5.534270	2.578240	7.953900	8.516990	3.025590	3.370060	14.590900	18.185700	59.525500	121.544000	139.152000	0.000000	0.000000	60.067000	0.000000	27.644100	2.666470	1.329490	3.355320	3.668840	3.849050	
   70	129.000000	117.190000	100.800000	94.990000	92.530000	91.210000	100.000000	110.030000	125.070000	120.730000	111.070000	105.670000	94.000000	100.700000	100.830000	112.000000	129.220000	143.200000	146.850000	143.670000	144.240000	142.480000	137.260000	129.350000	40.000000	47.840000	39.600000	50.160000	48.920000	46.200000	38.400000	40.000000	221.200000	481.760000	60.000000	29.280000	26.800000	28.120000	26.000000	52.880000	97.760000	104.760000	18.360000	20.000000	20.000000	14.520000	26.040000	60.280000	122.410000	112.190000	91.800000	92.990000	89.530000	88.260000	95.000000	106.530000	121.060000	117.970000	108.180000	103.180000	94.000000	100.700000	100.830000	112.000000	124.240000	143.200000	146.790000	141.270000	141.250000	137.730000	134.550000	126.860000	110.000000	124.753000	102.612000	93.903100	96.897800	102.770000	124.724000	143.298000	146.837000	134.679000	110.186000	95.997400	101.072000	106.544000	112.375000	114.636000	98.843000	123.092000	137.882000	144.912000	141.618000	153.820000	134.644000	121.817000	0.478000	0.000000	0.351753	0.000000	0.306946	0.000000	0.264455	0.000000	0.246456	0.000000	0.193521	0.000000	0.154500	0.000000	0.141806	0.003200	0.110411	0.088600	0.129626	0.441500	89.000000	121.580000	86.905600	112.077000	139.437000	180.076000	183.516000	190.466000	189.196000	171.697000	181.223000	159.864000	0.168459	0.551500	0.218071	0.622800	0.277887	0.653200	0.345358	0.766500	0.417555	0.501200	0.473243	0.315100	0.533218	0.007000	0.590835	0.000000	0.574840	0.000000	0.519379	0.000000	0.468755	0.000000	0.482122	0.000000	0.537765	0.000000	0.604228	0.000000	4.203330	5.945100	7.073690	4.846930	2.412930	10.482100	7.908240	2.819370	3.746420	15.012500	32.036300	90.420100	119.766000	70.601700	32.723800	0.000000	107.468000	10.116800	31.505700	4.275500	4.482160	3.085250	3.646070	3.335590	
   71	129.000000	117.190000	100.800000	94.990000	92.530000	91.210000	100.000000	110.030000	125.070000	120.730000	111.070000	105.670000	94.000000	100.700000	100.830000	112.000000	129.220000	143.200000	146.850000	143.670000	144.240000	142.480000	137.260000	129.350000	40.000000	47.840000	39.600000	50.160000	48.920000	46.200000	38.400000	40.000000	221.200000	481.760000	60.000000	29.280000	26.800000	28.120000	26.000000	52.880000	97.760000	104.760000	18.360000	20.000000	20.000000	14.520000	26.040000	60.280000	122.410000	112.190000	91.800000	92.990000	89.530000	88.260000	95.000000	106.530000	121.060000	117.970000	108.180000	103.180000	94.000000	100.700000	100.830000	112.000000	124.240000	143.200000	146.790000	141.270000	141.250000	137.730000	134.550000	126.860000	110.000000	122.495000	116.197000	102.597000	105.228000	106.823000	118.948000	150.509000	145.740000	128.661000	109.329000	92.139600	99.209800	104.162000	109.608000	110.983000	135.510000	144.405000	167.637000	172.555000	155.491000	148.732000	147.388000	128.063000	0.478000	0.000000	0.398066	0.000000	0.319240	0.000000	0.176406	0.000000	0.018790	0.000000	0.000000	0.000000	0.000000	0.000000	0.000000	0.004200	0.000000	0.108900	0.000000	0.424800	89.000000	82.496300	74.569300	74.313100	72.957600	130.488000	148.215000	178.843000	171.897000	198.182000	177.986000	172.653000	0.108956	0.603800	0.171906	0.413800	0.230689	0.611200	0.289624	0.514800	0.338106	0.296500	0.373649	0.145800	0.419053	0.004000	0.446358	0.000000	0.464464	0.000000	0.458260	0.000000	0.459900	0.000000	0.476343	0.000000	0.505965	0.000000	0.547866	0.000000	4.203330	6.439500	7.289700	5.750300	2.767590	10.070000	8.367340	3.241680	4.117830	14.299400	3.095550	75.614900	126.303000	0.000000	13.862500	0.000000	37.860400	0.000000	10.957700	2.056790	2.138000	3.390790	4.256520	3.704030	
   72	129.000000	117.190000	100.800000	94.990000	92.530000	91.210000	100.000000	110.030000	125.070000	120.730000	111.070000	105.670000	94.000000	100.700000	100.830000	112.000000	129.220000	143.200000	146.850000	143.670000	144.240000	142.480000	137.260000	129.350000	40.000000	47.840000	39.600000	50.160000	48.920000	46.200000	38.400000	40.000000	221.200000	481.760000	60.000000	29.280000	26.800000	28.120000	26.000000	52.880000	97.760000	104.760000	18.360000	20.000000	20.000000	14.520000	26.040000	60.280000	122.410000	112.190000	91.800000	92.990000	89.530000	88.260000	95.000000	106.530000	121.060000	117.970000	108.180000	103.180000	94.000000	100.700000	100.830000	112.000000	124.240000	143.200000	146.790000	141.270000	141.250000	137.730000	134.550000	126.860000	110.000000	122.495000	116.197000	102.597000	105.228000	106.823000	118.948000	150.509000	145.740000	128.661000	109.329000	92.139600	99.209800	104.162000	109.608000	110.983000	135.510000	144.405000	167.637000	172.555000	155.491000	148.732000	147.388000	128.063000	0.478000	0.000000	0.398066	0.000000	0.391655	0.000000	0.436131	0.000000	0.331470	0.000000	0.219684	0.000000	0.240053	0.000000	0.194314	0.004000	0.217083	0.077200	0.000000	0.399400	89.000000	129.566000	135.361000	147.053000	171.179000	180.385000	157.825000	160.767000	153.088000	181.750000	158.524000	150.734000	0.000000	0.374500	0.000000	0.684400	0.088843	0.845800	0.165499	0.748300	0.234797	0.581800	0.300142	0.200100	0.379058	0.005100	0.435591	0.000000	0.441508	0.000000	0.418535	0.000000	0.375158	0.000000	0.341501	0.000000	0.310866	0.000000	0.284127	0.000000	4.203330	5.591840	6.695430	4.840930	2.540930	8.803190	7.906390	3.034320	4.117830	14.299400	18.840600	64.018400	129.333000	93.135500	0.000000	11.668100	48.259200	0.000000	59.204000	2.174270	1.866770	3.266770	3.862380	3.831940	
   73	129.000000	117.190000	100.800000	94.990000	92.530000	91.210000	100.000000	110.030000	125.070000	120.730000	111.070000	105.670000	94.000000	100.700000	100.830000	112.000000	129.220000	143.200000	146.850000	143.670000	144.240000	142.480000	137.260000	129.350000	40.000000	47.840000	39.600000	50.160000	48.920000	46.200000	38.400000	40.000000	221.200000	481.760000	60.000000	29.280000	26.800000	28.120000	26.000000	52.880000	97.760000	104.760000	18.360000	20.000000	20.000000	14.520000	26.040000	60.280000	122.410000	112.190000	91.800000	92.990000	89.530000	88.260000	95.000000	106.530000	121.060000	117.970000	108.180000	103.180000	94.000000	100.700000	100.830000	112.000000	124.240000	143.200000	146.790000	141.270000	141.250000	137.730000	134.550000	126.860000	110.000000	120.635000	101.164000	90.547100	99.807100	102.643000	122.975000	147.442000	132.336000	131.345000	121.193000	102.283000	112.674000	106.818000	105.717000	106.571000	110.181000	136.276000	151.717000	167.813000	173.393000	154.230000	134.044000	130.174000	0.478000	0.000000	0.369992	0.000000	0.331981	0.000000	0.264259	0.000000	0.229790	0.000000	0.398647	0.000000	0.088409	0.000000	0.050408	0.005200	0.049909	0.102800	0.062582	0.328800	89.000000	126.909000	124.915000	142.306000	160.630000	192.724000	171.028000	183.670000	166.369000	170.309000	159.956000	150.317000	0.105821	0.654600	0.188354	0.549500	0.276744	0.412100	0.337664	0.435300	0.361660	0.479400	0.345725	0.181400	0.335583	0.003800	0.393918	0.000000	0.441876	0.000000	0.444180	0.000000	0.428323	0.000000	0.416249	0.000000	0.396274	0.000000	0.367874	0.000000	4.203330	6.883440	7.999720	4.507890	1.175610	8.674240	8.717650	2.949560	4.153940	14.524800	0.000000	69.210200	74.619500	0.000000	71.436700	0.000000	65.131900	0.000000	27.853100	1.935760	1.601410	2.985000	3.751550	3.805010	
   74	129.000000	117.190000	100.800000	94.990000	92.530000	91.210000	100.000000	110.030000	125.070000	120.730000	111.070000	105.670000	94.000000	100.700000	100.830000	112.000000	129.220000	143.200000	146.850000	143.670000	144.240000	142.480000	137.260000	129.350000	40.000000	47.840000	39.600000	50.160000	48.920000	46.200000	38.400000	40.000000	221.200000	481.760000	60.000000	29.280000	26.800000	28.120000	26.000000	52.880000	97.760000	104.760000	18.360000	20.000000	20.000000	14.520000	26.040000	60.280000	122.410000	112.190000	91.800000	92.990000	89.530000	88.260000	95.000000	106.530000	121.060000	117.970000	108.180000	103.180000	94.000000	100.700000	100.830000	112.000000	124.240000	143.200000	146.790000	141.270000	141.250000	137.730000	134.550000	126.860000	110.000000	124.781000	114.668000	105.442000	95.602100	103.918000	114.012000	135.545000	141.520000	120.743000	94.752600	99.591500	103.768000	104.244000	108.767000	110.283000	118.764000	133.883000	166.981000	164.962000	151.991000	150.667000	148.277000	133.631000	0.478000	0.000000	0.335667	0.000000	0.354804	0.000000	0.269288	0.000000	0.203720	0.000000	0.133369	0.000000	0.087408	0.000000	0.086138	0.003100	0.051326	0.074200	0.050251	0.373400	89.000000	130.944000	120.216000	138.978000	148.465000	169.856000	169.238000	168.515000	166.390000	182.850000	169.286000	161.079000	0.119045	0.560000	0.182400	0.594600	0.284183	0.847800	0.371374	0.473500	0.322831	0.360000	0.357235	0.331100	0.433368	0.006700	0.495662	0.000000	0.593000	0.000000	0.583285	0.000000	0.530840	0.000000	0.460347	0.000000	0.420884	0.000000	0.379907	0.000000	4.203330	6.148470	7.183560	5.844250	3.535960	8.377330	8.227920	2.921090	3.943960	13.669700	15.970500	81.087600	147.208000	110.483000	27.550100	10.599600	42.845300	0.000000	62.931200	1.984950	1.807570	3.203170	3.536590	3.276500	
   75	129.000000	117.190000	100.800000	94.990000	92.530000	91.210000	100.000000	110.030000	125.070000	120.730000	111.070000	105.670000	94.000000	100.700000	100.830000	112.000000	129.220000	143.200000	146.850000	143.670000	144.240000	142.480000	137.260000	129.350000	40.000000	47.840000	39.600000	50.160000	48.920000	46.200000	38.400000	40.000000	221.200000	481.760000	60.000000	29.280000	26.800000	28.120000	26.000000	52.880000	97.760000	104.760000	18.360000	20.000000	20.000000	14.520000	26.040000	60.280000	122.410000	112.190000	91.800000	92.990000	89.530000	88.260000	95.000000	106.530000	121.060000	117.970000	108.180000	103.180000	94.000000	100.700000	100.830000	112.000000	124.240000	143.200000	146.790000	141.270000	141.250000	137.730000	134.550000	126.860000	110.000000	133.233000	119.220000	99.556000	97.544000	102.605000	114.568000	141.876000	142.889000	116.517000	124.700000	107.292000	103.867000	104.443000	100.116000	102.683000	105.694000	133.801000	139.147000	156.530000	140.069000	151.069000	142.727000	129.445000	0.478000	0.000000	0.431346	0.000000	0.437265	0.000000	0.362445	0.000000	0.211976	0.000000	0.156707	0.000000	0.118276	0.000000	0.083428	0.002500	0.124385	0.037800	0.167217	0.326800	89.000000	126.886000	127.168000	135.710000	160.391000	194.792000	176.850000	176.752000	166.438000	177.497000	165.345000	153.808000	0.219011	0.426900	0.318127	0.500200	0.420519	0.647400	0.489416	0.567600	0.531144	0.642400	0.529531	0.455500	0.521556	0.006200	0.554011	0.000000	0.549165	0.000000	0.520915	0.000000	0.511696	0.000000	0.513125	0.000000	0.505034	0.000000	0.463106	0.000000	4.203330	5.956630	6.758970	4.373280	2.565470	8.161070	8.474910	3.072210	3.858810	14.779400	0.000000	51.931200	56.456300	124.042000	101.736000	2.660330	60.264800	20.207000	32.106500	1.686360	1.910420	3.082900	3.705320	3.736550	
   76	129.000000	117.190000	100.800000	94.990000	92.530000	91.210000	100.000000	110.030000	125.070000	120.730000	111.070000	105.670000	94.000000	100.700000	100.830000	112.000000	129.220000	143.200000	146.850000	143.670000	144.240000	142.480000	137.260000	129.350000	40.000000	47.840000	39.600000	50.160000	48.920000	46.200000	38.400000	40.000000	221.200000	481.760000	60.000000	29.280000	26.800000	28.120000	26.000000	52.880000	97.760000	104.760000	18.360000	20.000000	20.000000	14.520000	26.040000	60.280000	122.410000	112.190000	91.800000	92.990000	89.530000	88.260000	95.000000	106.530000	121.060000	117.970000	108.180000	103.180000	94.000000	100.700000	100.830000	112.000000	124.240000	143.200000	146.790000	141.270000	141.250000	137.730000	134.550000	126.860000	110.000000	122.495000	116.197000	102.597000	105.228000	106.823000	118.948000	150.509000	145.740000	128.661000	109.329000	92.139600	99.209800	104.162000	109.608000	110.983000	135.510000	144.405000	167.637000	172.555000	155.491000	148.732000	147.388000	128.063000	0.478000	0.000000	0.398066	0.000000	0.379831	0.000000	0.176406	0.000000	0.141451	0.000000	0.108673	0.000000	0.093900	0.000000	0.099180	0.003700	0.095924	0.068900	0.107372	0.674000	89.000000	128.132000	130.221000	143.611000	144.443000	172.480000	148.218000	172.001000	173.695000	175.899000	165.885000	154.476000	0.159237	0.616100	0.261364	0.548300	0.414658	1.348000	0.566399	0.596300	0.676356	0.446600	0.665977	0.367000	0.716901	0.005000	0.818761	0.000000	0.868762	0.000000	0.876994	0.000000	0.872609	0.000000	0.886175	0.000000	0.859752	0.000000	0.828738	0.000000	4.203330	5.924280	6.693070	4.998470	1.969000	7.510050	8.593480	2.994990	3.204750	15.787500	0.000000	51.886400	115.193000	226.070000	33.122500	3.742710	64.224200	0.000000	26.146700	2.444330	2.294870	3.173710	3.916640	3.677490	
   77	129.000000	117.190000	100.800000	94.990000	92.530000	91.210000	100.000000	110.030000	125.070000	120.730000	111.070000	105.670000	94.000000	100.700000	100.830000	112.000000	129.220000	143.200000	146.850000	143.670000	144.240000	142.480000	137.260000	129.350000	40.000000	47.840000	39.600000	50.160000	48.920000	46.200000	38.400000	40.000000	221.200000	481.760000	60.000000	29.280000	26.800000	28.120000	26.000000	52.880000	97.760000	104.760000	18.360000	20.000000	20.000000	14.520000	26.040000	60.280000	122.410000	112.190000	91.800000	92.990000	89.530000	88.260000	95.000000	106.530000	121.060000	117.970000	108.180000	103.180000	94.000000	100.700000	100.830000	112.000000	124.240000	143.200000	146.790000	141.270000	141.250000	137.730000	134.550000	126.860000	110.000000	122.268000	108.816000	96.987000	101.050000	95.314600	112.842000	136.004000	152.771000	119.398000	106.717000	91.198800	94.911200	106.402000	107.738000	108.009000	106.155000	130.906000	146.056000	159.912000	144.425000	163.232000	139.545000	123.425000	0.478000	0.000000	0.369992	0.000000	0.361726	0.000000	0.273213	0.000000	0.226629	0.000000	0.182770	0.000000	0.182142	0.000000	0.153488	0.005000	0.211526	0.067800	0.181605	0.331000	89.000000	129.566000	135.361000	147.053000	171.179000	180.385000	179.761000	178.889000	192.172000	177.997000	167.851000	146.664000	0.128845	0.544200	0.270319	0.863100	0.412693	0.800500	0.421678	0.765600	0.432777	0.543200	0.537948	0.284900	0.573357	0.005100	0.625772	0.000000	0.636218	0.000000	0.576708	0.000000	0.546213	0.000000	0.529976	0.000000	0.497598	0.000000	0.483961	0.000000	4.203330	5.924280	6.693070	5.173020	2.484890	6.727830	7.745200	2.963940	3.929140	15.385600	18.416800	67.203100	128.664000	134.658000	4.046690	4.452530	46.246000	0.000000	18.654200	1.893780	1.801410	2.781270	3.979250	3.821410	
   78	129.000000	117.190000	100.800000	94.990000	92.530000	91.210000	100.000000	110.030000	125.070000	120.730000	111.070000	105.670000	94.000000	100.700000	100.830000	112.000000	129.220000	143.200000	146.850000	143.670000	144.240000	142.480000	137.260000	129.350000	40.000000	47.840000	39.600000	50.160000	48.920000	46.200000	38.400000	40.000000	221.200000	481.760000	60.000000	29.280000	26.800000	28.120000	26.000000	52.880000	97.760000	104.760000	18.360000	20.000000	20.000000	14.520000	26.040000	60.280000	122.410000	112.190000	91.800000	92.990000	89.530000	88.260000	95.000000	106.530000	121.060000	117.970000	108.180000	103.180000	94.000000	100.700000	100.830000	112.000000	124.240000	143.200000	146.790000	141.270000	141.250000	137.730000	134.550000	126.860000	110.000000	124.753000	102.612000	93.903100	96.897800	102.770000	124.724000	143.298000	146.837000	134.679000	110.186000	95.997400	101.072000	106.544000	112.375000	114.636000	98.843000	123.092000	137.882000	144.912000	141.618000	153.820000	134.644000	121.817000	0.478000	0.000000	0.351753	0.000000	0.306946	0.000000	0.264455	0.000000	0.246456	0.000000	0.193521	0.000000	0.154500	0.000000	0.141806	0.003200	0.110411	0.088600	0.129626	0.441500	89.000000	126.909000	124.915000	142.306000	160.630000	192.724000	133.779000	167.467000	160.493000	177.701000	166.174000	159.659000	0.094077	0.620600	0.189706	0.841300	0.266259	0.480100	0.304637	0.480800	0.329060	0.469600	0.323017	0.282700	0.482933	0.004900	0.522864	0.000000	0.557380	0.000000	0.588247	0.000000	0.582972	0.000000	0.561188	0.000000	0.518759	0.000000	0.461306	0.000000	4.203330	6.141650	6.912290	4.934660	2.181580	7.689440	8.154610	3.016290	4.111980	14.861700	10.072500	57.332900	115.594000	117.307000	7.480590	2.596100	60.255100	0.793487	38.261100	2.215650	2.115840	3.032710	3.345970	3.247980	
   79	129.000000	117.190000	100.800000	94.990000	92.530000	91.210000	100.000000	110.030000	125.070000	120.730000	111.070000	105.670000	94.000000	100.700000	100.830000	112.000000	129.220000	143.200000	146.850000	143.670000	144.240000	142.480000	137.260000	129.350000	40.000000	47.840000	39.600000	50.160000	48.920000	46.200000	38.400000	40.000000	221.200000	481.760000	60.000000	29.280000	26.800000	28.120000	26.000000	52.880000	97.760000	104.760000	18.360000	20.000000	20.000000	14.520000	26.040000	60.280000	122.410000	112.190000	91.800000	92.990000	89.530000	88.260000	95.000000	106.530000	121.060000	117.970000	108.180000	103.180000	94.000000	100.700000	100.830000	112.000000	124.240000	143.200000	146.790000	141.270000	141.250000	137.730000	134.550000	126.860000	110.000000	122.495000	116.197000	102.597000	105.228000	106.823000	118.948000	150.509000	145.740000	128.661000	109.329000	92.139600	99.209800	104.162000	109.608000	110.983000	135.510000	144.405000	167.637000	172.555000	155.491000	148.732000	147.388000	128.063000	0.478000	0.000000	0.398066	0.000000	0.319240	0.000000	0.176406	0.000000	0.141451	0.000000	0.108673	0.000000	0.093900	0.000000	0.099180	0.003500	0.095924	0.078600	0.107372	0.353000	89.000000	115.917000	120.219000	129.019000	138.985000	168.845000	133.779000	167.467000	160.493000	177.701000	166.174000	159.659000	0.159237	0.745800	0.261364	0.726200	0.414658	0.530700	0.566399	0.466200	0.676356	0.486500	0.665977	0.325400	0.716901	0.005000	0.818761	0.000000	0.868762	0.000000	0.876994	0.000000	0.872609	0.000000	0.886175	0.000000	0.859752	0.000000	0.287398	0.000000	4.203330	6.632060	7.775110	4.998470	1.969000	7.510050	8.593480	2.994990	3.204750	15.787500	0.000000	51.886400	115.193000	226.070000	33.122500	3.742710	64.224200	0.000000	26.146700	2.444330	2.294870	3.173710	3.916640	3.761030	
   80	129.000000	117.190000	100.800000	94.990000	92.530000	91.210000	100.000000	110.030000	125.070000	120.730000	111.070000	105.670000	94.000000	100.700000	100.830000	112.000000	129.220000	143.200000	146.850000	143.670000	144.240000	142.480000	137.260000	129.350000	40.000000	47.840000	39.600000	50.160000	48.920000	46.200000	38.400000	40.000000	221.200000	481.760000	60.000000	29.280000	26.800000	28.120000	26.000000	52.880000	97.760000	104.760000	18.360000	20.000000	20.000000	14.520000	26.040000	60.280000	122.410000	112.190000	91.800000	92.990000	89.530000	88.260000	95.000000	106.530000	121.060000	117.970000	108.180000	103.180000	94.000000	100.700000	100.830000	112.000000	124.240000	143.200000	146.790000	141.270000	141.250000	137.730000	134.550000	126.860000	110.000000	111.844000	98.385900	93.459000	97.305700	100.430000	109.877000	144.892000	144.788000	116.796000	116.665000	101.872000	104.918000	113.331000	110.455000	112.764000	117.167000	139.568000	164.738000	165.570000	162.128000	159.462000	147.698000	127.096000	0.478000	0.000000	0.390638	0.000000	0.391017	0.000000	0.335895	0.000000	0.289962	0.000000	0.234376	0.000000	0.193739	0.000000	0.186632	0.003300	0.124385	0.103100	0.122778	0.367500	89.000000	120.909000	119.758000	137.185000	138.319000	170.341000	192.860000	170.843000	173.530000	182.757000	165.995000	167.414000	0.156877	0.566000	0.230205	0.773400	0.378265	0.645300	0.394039	0.501400	0.428747	0.546700	0.461799	0.271800	0.465802	0.007500	0.462852	0.000000	0.459403	0.000000	0.436895	0.000000	0.394662	0.000000	0.496086	0.000000	0.354894	0.000000	0.328959	0.000000	4.203330	6.346530	7.314010	5.138580	2.785230	7.838970	8.308930	3.069710	3.926830	14.730500	21.433500	55.376500	110.742000	197.100000	0.360572	0.000000	66.263200	0.000000	29.691600	2.099750	1.837400	3.137970	3.772910	3.658080	
   81	129.000000	117.190000	100.800000	94.990000	92.530000	91.210000	100.000000	110.030000	125.070000	120.730000	111.070000	105.670000	94.000000	100.700000	100.830000	112.000000	129.220000	143.200000	146.850000	143.670000	144.240000	142.480000	137.260000	129.350000	40.000000	47.840000	39.600000	50.160000	48.920000	46.200000	38.400000	40.000000	221.200000	481.760000	60.000000	29.280000	26.800000	28.120000	26.000000	52.880000	97.760000	104.760000	18.360000	20.000000	20.000000	14.520000	26.040000	60.280000	122.410000	112.190000	91.800000	92.990000	89.530000	88.260000	95.000000	106.530000	121.060000	117.970000	108.180000	103.180000	94.000000	100.700000	100.830000	112.000000	124.240000	143.200000	146.790000	141.270000	141.250000	137.730000	134.550000	126.860000	110.000000	124.753000	102.612000	93.903100	96.897800	102.770000	124.724000	143.298000	146.837000	134.679000	110.186000	95.997400	101.072000	106.544000	112.375000	114.636000	98.843000	123.092000	137.882000	144.912000	141.618000	153.820000	134.644000	121.817000	0.478000	0.000000	0.351753	0.000000	0.306946	0.000000	0.264455	0.000000	0.246456	0.000000	0.193521	0.000000	0.154500	0.000000	0.141806	0.003200	0.110411	0.088600	0.129626	0.441500	89.000000	129.258000	127.964000	141.553000	193.576000	222.202000	208.545000	200.299000	214.830000	222.851000	207.810000	188.443000	0.055282	1.353700	0.135108	1.433300	0.200372	0.711800	0.247894	0.763600	0.289312	0.578200	0.323815	0.297000	0.576780	0.005000	0.709129	0.000000	0.811169	0.000000	0.875403	0.000000	0.896311	0.000000	0.907637	0.000000	0.895675	0.000000	0.872827	0.000000	4.203330	6.413030	7.286860	5.494360	3.716600	7.633130	8.268160	2.846140	3.927980	14.856100	33.264300	78.682100	133.723000	15.562600	0.000000	0.000000	65.534900	0.799329	26.984700	1.653830	1.813360	2.863370	3.622200	3.319360	
   82	129.000000	117.190000	100.800000	94.990000	92.530000	91.210000	100.000000	110.030000	125.070000	120.730000	111.070000	105.670000	94.000000	100.700000	100.830000	112.000000	129.220000	143.200000	146.850000	143.670000	144.240000	142.480000	137.260000	129.350000	40.000000	47.840000	39.600000	50.160000	48.920000	46.200000	38.400000	40.000000	221.200000	481.760000	60.000000	29.280000	26.800000	28.120000	26.000000	52.880000	97.760000	104.760000	18.360000	20.000000	20.000000	14.520000	26.040000	60.280000	122.410000	112.190000	91.800000	92.990000	89.530000	88.260000	95.000000	106.530000	121.060000	117.970000	108.180000	103.180000	94.000000	100.700000	100.830000	112.000000	124.240000	143.200000	146.790000	141.270000	141.250000	137.730000	134.550000	126.860000	110.000000	123.163000	108.788000	99.890900	100.729000	107.807000	123.558000	145.387000	159.582000	137.518000	127.735000	101.717000	109.575000	89.589400	92.261500	97.094500	108.853000	128.035000	150.371000	156.206000	149.471000	158.064000	141.725000	124.971000	0.478000	0.000000	0.395226	0.000000	0.262663	0.000000	0.219039	0.000000	0.199588	0.000000	0.164818	0.000000	0.118859	0.000000	0.031002	0.004600	0.000000	0.070300	0.000000	0.287300	89.000000	122.657000	145.534000	138.698000	160.688000	192.456000	192.668000	184.103000	167.405000	172.321000	158.541000	153.668000	0.018416	0.380300	0.086634	0.630900	0.148131	0.454700	0.194445	0.291400	0.229049	0.392900	0.256123	0.193000	0.296671	0.004100	0.327592	0.000000	0.348247	0.000000	0.315614	0.000000	0.265323	0.000000	0.247521	0.000000	0.280361	0.000000	0.386264	0.000000	4.203330	6.179370	6.885430	4.896430	2.490940	7.371120	8.154090	3.192240	3.739480	13.951200	20.528700	44.375000	96.085300	246.228000	21.493600	21.886100	34.303200	0.000000	42.976600	1.768110	1.993940	3.143720	3.798010	3.575050	
   83	129.000000	117.190000	100.800000	94.990000	92.530000	91.210000	100.000000	110.030000	125.070000	120.730000	111.070000	105.670000	94.000000	100.700000	100.830000	112.000000	129.220000	143.200000	146.850000	143.670000	144.240000	142.480000	137.260000	129.350000	40.000000	47.840000	39.600000	50.160000	48.920000	46.200000	38.400000	40.000000	221.200000	481.760000	60.000000	29.280000	26.800000	28.120000	26.000000	52.880000	97.760000	104.760000	18.360000	20.000000	20.000000	14.520000	26.040000	60.280000	122.410000	112.190000	91.800000	92.990000	89.530000	88.260000	95.000000	106.530000	121.060000	117.970000	108.180000	103.180000	94.000000	100.700000	100.830000	112.000000	124.240000	143.200000	146.790000	141.270000	141.250000	137.730000	134.550000	126.860000	110.000000	123.163000	108.788000	99.890900	100.729000	107.807000	123.558000	145.387000	159.582000	137.518000	127.735000	101.717000	109.575000	89.589400	92.261500	97.094500	108.853000	128.035000	150.371000	156.206000	149.471000	158.064000	141.725000	124.971000	0.478000	0.000000	0.395226	0.000000	0.377204	0.000000	0.306004	0.000000	0.226344	0.000000	0.157217	0.000000	0.104706	0.000000	0.079007	0.004400	0.092227	0.089600	0.125100	0.462200	89.000000	83.407900	86.334200	105.916000	108.346000	141.267000	155.270000	168.519000	178.770000	195.770000	171.155000	154.467000	0.207292	0.559800	0.373715	0.700600	0.584218	0.460500	0.688052	0.373900	0.706667	0.294700	0.724053	0.233500	0.733831	0.004800	0.746134	0.000000	0.770662	0.000000	0.510930	0.000000	0.483393	0.000000	0.448895	0.000000	0.441558	0.000000	0.483961	0.000000	4.203330	6.574080	7.151290	4.591440	1.556880	8.975440	8.144880	2.784360	4.332700	14.196300	16.486700	51.089200	137.570000	205.312000	0.000000	0.000000	75.910700	3.005130	27.361200	1.829780	1.327500	2.985930	3.962920	3.878680	
   84	129.000000	117.190000	100.800000	94.990000	92.530000	91.210000	100.000000	110.030000	125.070000	120.730000	111.070000	105.670000	94.000000	100.700000	100.830000	112.000000	129.220000	143.200000	146.850000	143.670000	144.240000	142.480000	137.260000	129.350000	40.000000	47.840000	39.600000	50.160000	48.920000	46.200000	38.400000	40.000000	221.200000	481.760000	60.000000	29.280000	26.800000	28.120000	26.000000	52.880000	97.760000	104.760000	18.360000	20.000000	20.000000	14.520000	26.040000	60.280000	122.410000	112.190000	91.800000	92.990000	89.530000	88.260000	95.000000	106.530000	121.060000	117.970000	108.180000	103.180000	94.000000	100.700000	100.830000	112.000000	124.240000	143.200000	146.790000	141.270000	141.250000	137.730000	134.550000	126.860000	110.000000	111.844000	98.385900	93.459000	97.305700	100.430000	109.877000	144.892000	144.788000	116.796000	116.665000	101.872000	104.918000	113.331000	110.455000	112.764000	117.167000	139.568000	164.738000	165.570000	162.128000	159.462000	147.698000	127.096000	0.478000	0.000000	0.390638	0.000000	0.391017	0.000000	0.335895	0.000000	0.289962	0.000000	0.234376	0.000000	0.193739	0.000000	0.186632	0.003300	0.124385	0.103100	0.122778	0.367500	89.000000	120.909000	119.758000	137.185000	138.319000	170.341000	192.860000	170.843000	173.530000	182.757000	165.995000	167.414000	0.156877	0.566000	0.230205	0.773400	0.378265	0.645300	0.394039	0.501400	0.428747	0.546700	0.461799	0.271800	0.465802	0.007500	0.462852	0.000000	0.459403	0.000000	0.436895	0.000000	0.394662	0.000000	0.496086	0.000000	0.354894	0.000000	0.328959	0.000000	4.203330	6.346530	7.314010	5.138580	2.785230	7.838970	8.308930	3.069710	3.926830	14.730500	21.433500	55.376500	110.742000	197.100000	0.360572	0.000000	66.263200	0.000000	29.691600	2.099750	1.837400	3.137970	3.772910	3.658080	
   85	129.000000	117.190000	100.800000	94.990000	92.530000	91.210000	100.000000	110.030000	125.070000	120.730000	111.070000	105.670000	94.000000	100.700000	100.830000	112.000000	129.220000	143.200000	146.850000	143.670000	144.240000	142.480000	137.260000	129.350000	40.000000	47.840000	39.600000	50.160000	48.920000	46.200000	38.400000	40.000000	221.200000	481.760000	60.000000	29.280000	26.800000	28.120000	26.000000	52.880000	97.760000	104.760000	18.360000	20.000000	20.000000	14.520000	26.040000	60.280000	122.410000	112.190000	91.800000	92.990000	89.530000	88.260000	95.000000	106.530000	121.060000	117.970000	108.180000	103.180000	94.000000	100.700000	100.830000	112.000000	124.240000	143.200000	146.790000	141.270000	141.250000	137.730000	134.550000	126.860000	110.000000	123.163000	108.788000	99.890900	100.729000	107.807000	123.558000	145.387000	159.582000	137.518000	127.735000	101.717000	109.575000	89.589400	92.261500	97.094500	108.853000	128.035000	150.371000	156.206000	149.471000	158.064000	141.725000	124.971000	0.478000	0.000000	0.395226	0.000000	0.262663	0.000000	0.163102	0.000000	0.254733	0.000000	0.209906	0.000000	0.171145	0.000000	0.162724	0.005400	0.163820	0.107600	0.175975	0.532800	89.000000	112.367000	114.286000	122.921000	160.527000	190.471000	155.475000	144.621000	159.872000	183.575000	170.011000	164.696000	0.210630	0.676800	0.261921	0.701500	0.341194	0.835900	0.425329	1.209800	0.487315	0.606000	0.528731	0.336100	0.574062	0.004500	0.599803	0.000000	0.593000	0.000000	0.583285	0.000000	0.530840	0.000000	0.460347	0.000000	0.388314	0.000000	0.344430	0.000000	4.203330	6.387510	6.923360	5.333930	1.997180	7.533830	8.155200	3.029510	3.896020	13.814200	25.367200	56.129000	113.208000	194.322000	30.471300	19.959300	27.993000	0.000000	32.468300	1.709540	1.852590	3.056800	3.578490	3.708250	
   86	129.000000	117.190000	100.800000	94.990000	92.530000	91.210000	100.000000	110.030000	125.070000	120.730000	111.070000	105.670000	94.000000	100.700000	100.830000	112.000000	129.220000	143.200000	146.850000	143.670000	144.240000	142.480000	137.260000	129.350000	40.000000	47.840000	39.600000	50.160000	48.920000	46.200000	38.400000	40.000000	221.200000	481.760000	60.000000	29.280000	26.800000	28.120000	26.000000	52.880000	97.760000	104.760000	18.360000	20.000000	20.000000	14.520000	26.040000	60.280000	122.410000	112.190000	91.800000	92.990000	89.530000	88.260000	95.000000	106.530000	121.060000	117.970000	108.180000	103.180000	94.000000	100.700000	100.830000	112.000000	124.240000	143.200000	146.790000	141.270000	141.250000	137.730000	134.550000	126.860000	110.000000	124.753000	102.612000	93.903100	96.897800	102.770000	124.724000	143.298000	146.837000	134.679000	110.186000	95.997400	101.072000	106.544000	112.375000	114.636000	98.843000	123.092000	137.882000	144.912000	141.618000	153.820000	134.644000	121.817000	0.478000	0.000000	0.351753	0.000000	0.306946	0.000000	0.264455	0.000000	0.246456	0.000000	0.193521	0.000000	0.154500	0.000000	0.141806	0.003200	0.110411	0.088600	0.129626	0.441500	89.000000	129.758000	135.927000	155.754000	162.369000	186.206000	179.167000	193.555000	197.240000	201.412000	172.619000	160.726000	0.158315	1.199000	0.228007	0.759000	0.321474	1.065800	0.422157	0.550800	0.493995	0.440700	0.504568	0.433000	0.576780	0.005000	0.709129	0.000000	0.811169	0.000000	0.875403	0.000000	0.896311	0.000000	0.907637	0.000000	0.186915	0.000000	0.211447	0.000000	4.203330	6.113300	6.898440	5.186650	3.074640	6.130250	7.695160	2.914310	3.782170	12.924800	14.217300	61.398300	123.400000	193.684000	3.224230	0.587026	65.534900	0.799329	26.984700	1.653830	1.813360	2.863370	4.127730	4.184680	
   87	129.000000	117.190000	100.800000	94.990000	92.530000	91.210000	100.000000	110.030000	125.070000	120.730000	111.070000	105.670000	94.000000	100.700000	100.830000	112.000000	129.220000	143.200000	146.850000	143.670000	144.240000	142.480000	137.260000	129.350000	40.000000	47.840000	39.600000	50.160000	48.920000	46.200000	38.400000	40.000000	221.200000	481.760000	60.000000	29.280000	26.800000	28.120000	26.000000	52.880000	97.760000	104.760000	18.360000	20.000000	20.000000	14.520000	26.040000	60.280000	122.410000	112.190000	91.800000	92.990000	89.530000	88.260000	95.000000	106.530000	121.060000	117.970000	108.180000	103.180000	94.000000	100.700000	100.830000	112.000000	124.240000	143.200000	146.790000	141.270000	141.250000	137.730000	134.550000	126.860000	110.000000	120.635000	101.164000	90.547100	99.807100	102.643000	122.975000	147.442000	132.336000	131.345000	121.193000	102.283000	112.674000	106.818000	105.717000	106.571000	110.181000	136.276000	151.717000	167.813000	173.393000	154.230000	134.044000	130.174000	0.478000	0.000000	0.369992	0.000000	0.331981	0.000000	0.264259	0.000000	0.229790	0.000000	0.199077	0.000000	0.176448	0.000000	0.156540	0.002300	0.130492	0.041400	0.116270	0.236100	89.000000	141.206000	137.212000	146.572000	147.141000	178.036000	182.802000	166.898000	177.416000	188.107000	170.771000	159.417000	0.134558	0.700300	0.208448	0.477300	0.299807	0.410800	0.374545	0.459700	0.436227	0.474600	0.465486	0.217300	0.483023	0.004600	0.525524	0.000000	0.536369	0.000000	0.517387	0.000000	0.441633	0.000000	0.378653	0.000000	0.338035	0.000000	0.281150	0.000000	4.203330	6.164740	7.109580	5.210910	2.693690	8.023600	8.182080	3.026740	3.981490	14.578500	18.043000	59.672800	114.311000	165.457000	14.509800	0.848261	58.423700	0.087351	5.930490	2.037100	1.949620	3.043640	3.769460	3.586500	
   88	129.000000	117.190000	100.800000	94.990000	92.530000	91.210000	100.000000	110.030000	125.070000	120.730000	111.070000	105.670000	94.000000	100.700000	100.830000	112.000000	129.220000	143.200000	146.850000	143.670000	144.240000	142.480000	137.260000	129.350000	40.000000	47.840000	39.600000	50.160000	48.920000	46.200000	38.400000	40.000000	221.200000	481.760000	60.000000	29.280000	26.800000	28.120000	26.000000	52.880000	97.760000	104.760000	18.360000	20.000000	20.000000	14.520000	26.040000	60.280000	122.410000	112.190000	91.800000	92.990000	89.530000	88.260000	95.000000	106.530000	121.060000	117.970000	108.180000	103.180000	94.000000	100.700000	100.830000	112.000000	124.240000	143.200000	146.790000	141.270000	141.250000	137.730000	134.550000	126.860000	110.000000	122.495000	116.197000	102.597000	105.228000	106.823000	118.948000	150.509000	145.740000	128.661000	109.329000	92.139600	99.209800	104.162000	109.608000	110.983000	135.510000	144.405000	167.637000	172.555000	155.491000	148.732000	147.388000	128.063000	0.478000	0.000000	0.398066	0.000000	0.319240	0.000000	0.176406	0.000000	0.223021	0.000000	0.199258	0.000000	0.164440	0.000000	0.163356	0.002500	0.164268	0.071600	0.148203	0.564200	89.000000	94.043300	95.951800	110.962000	112.554000	141.114000	144.610000	151.064000	153.590000	202.076000	179.889000	167.230000	0.206259	0.735300	0.267189	0.883900	0.334536	0.717800	0.429152	0.534200	0.512908	0.306800	0.502796	0.127100	0.479982	0.002700	0.525410	0.000000	0.534700	0.000000	0.519460	0.000000	0.485300	0.000000	0.477104	0.000000	0.280361	0.000000	0.336683	0.000000	4.203330	5.732040	6.553270	5.385180	2.958950	8.910600	8.149980	2.993720	4.269900	17.771600	22.157600	57.870400	118.177000	121.530000	0.000000	1.818220	63.577300	0.000000	28.491200	2.697920	2.005680	3.056340	3.798010	3.780870	
   89	129.000000	117.190000	100.800000	94.990000	92.530000	91.210000	100.000000	110.030000	125.070000	120.730000	111.070000	105.670000	94.000000	100.700000	100.830000	112.000000	129.220000	143.200000	146.850000	143.670000	144.240000	142.480000	137.260000	129.350000	40.000000	47.840000	39.600000	50.160000	48.920000	46.200000	38.400000	40.000000	221.200000	481.760000	60.000000	29.280000	26.800000	28.120000	26.000000	52.880000	97.760000	104.760000	18.360000	20.000000	20.000000	14.520000	26.040000	60.280000	122.410000	112.190000	91.800000	92.990000	89.530000	88.260000	95.000000	106.530000	121.060000	117.970000	108.180000	103.180000	94.000000	100.700000	100.830000	112.000000	124.240000	143.200000	146.790000	141.270000	141.250000	137.730000	134.550000	126.860000	110.000000	111.844000	98.385900	93.459000	97.305700	100.430000	109.877000	144.892000	144.788000	116.796000	116.665000	101.872000	104.918000	113.331000	110.455000	112.764000	117.167000	139.568000	164.738000	165.570000	162.128000	159.462000	147.698000	127.096000	0.478000	0.000000	0.390638	0.000000	0.391017	0.000000	0.335895	0.000000	0.289962	0.000000	0.234376	0.000000	0.193739	0.000000	0.186632	0.003300	0.124385	0.103100	0.122778	0.367500	89.000000	120.909000	119.758000	137.185000	138.319000	170.341000	192.860000	170.843000	173.530000	182.757000	165.995000	167.414000	0.156877	0.566000	0.230205	0.773400	0.378265	0.645300	0.394039	0.501400	0.428747	0.546700	0.461799	0.271800	0.465802	0.007500	0.462852	0.000000	0.459403	0.000000	0.436895	0.000000	0.394662	0.000000	0.496086	0.000000	0.354894	0.000000	0.328959	0.000000	4.203330	6.346530	7.314010	5.138580	2.785230	7.838970	8.308930	3.069710	3.926830	14.730500	21.433500	55.376500	110.742000	197.100000	0.360572	0.000000	66.263200	0.000000	29.691600	2.099750	1.837400	3.137970	3.772910	3.658080	
   90	129.000000	117.190000	100.800000	94.990000	92.530000	91.210000	100.000000	110.030000	125.070000	120.730000	111.070000	105.670000	94.000000	100.700000	100.830000	112.000000	129.220000	143.200000	146.850000	143.670000	144.240000	142.480000	137.260000	129.350000	40.000000	47.840000	39.600000	50.160000	48.920000	46.200000	38.400000	40.000000	221.200000	481.760000	60.000000	29.280000	26.800000	28.120000	26.000000	52.880000	97.760000	104.760000	18.360000	20.000000	20.000000	14.520000	26.040000	60.280000	122.410000	112.190000	91.800000	92.990000	89.530000	88.260000	95.000000	106.530000	121.060000	117.970000	108.180000	103.180000	94.000000	100.700000	100.830000	112.000000	124.240000	143.200000	146.790000	141.270000	141.250000	137.730000	134.550000	126.860000	110.000000	133.233000	119.220000	99.556000	97.544000	102.605000	114.568000	141.876000	142.889000	116.517000	124.700000	107.292000	103.867000	104.443000	100.116000	102.683000	105.694000	133.801000	139.147000	156.530000	140.069000	151.069000	142.727000	129.445000	0.478000	0.000000	0.431346	0.000000	0.437265	0.000000	0.362445	0.000000	0.211976	0.000000	0.156707	0.000000	0.118276	0.000000	0.083428	0.002500	0.124385	0.037800	0.167217	0.326800	89.000000	126.886000	127.168000	135.710000	160.391000	194.792000	176.850000	176.752000	166.438000	177.497000	165.345000	153.808000	0.219011	0.426900	0.318127	0.500200	0.420519	0.647400	0.489416	0.567600	0.531144	0.642400	0.529531	0.455500	0.521556	0.006200	0.554011	0.000000	0.549165	0.000000	0.520915	0.000000	0.511696	0.000000	0.513125	0.000000	0.505034	0.000000	0.463106	0.000000	4.203330	5.956630	6.758970	4.373280	2.565470	8.161070	8.474910	3.072210	3.858810	14.779400	0.000000	51.931200	56.456300	124.042000	101.736000	2.660330	60.264800	20.207000	32.106500	1.686360	1.910420	3.082900	3.705320	3.736550	
   91	129.000000	117.190000	100.800000	94.990000	92.530000	91.210000	100.000000	110.030000	125.070000	120.730000	111.070000	105.670000	94.000000	100.700000	100.830000	112.000000	129.220000	143.200000	146.850000	143.670000	144.240000	142.480000	137.260000	129.350000	40.000000	47.840000	39.600000	50.160000	48.920000	46.200000	38.400000	40.000000	221.200000	481.760000	60.000000	29.280000	26.800000	28.120000	26.000000	52.880000	97.760000	104.760000	18.360000	20.000000	20.000000	14.520000	26.040000	60.280000	122.410000	112.190000	91.800000	92.990000	89.530000	88.260000	95.000000	106.530000	121.060000	117.970000	108.180000	103.180000	94.000000	100.700000	100.830000	112.000000	124.240000	143.200000	146.790000	141.270000	141.250000	137.730000	134.550000	126.860000	110.000000	122.268000	108.816000	96.987000	101.050000	95.314600	112.842000	136.004000	152.771000	119.398000	106.717000	91.198800	94.911200	106.402000	107.738000	108.009000	106.155000	130.906000	146.056000	159.912000	144.425000	163.232000	139.545000	123.425000	0.478000	0.000000	0.369992	0.000000	0.361726	0.000000	0.273213	0.000000	0.226629	0.000000	0.182770	0.000000	0.182142	0.000000	0.153488	0.005000	0.211526	0.067800	0.181605	0.331000	89.000000	129.566000	135.361000	147.053000	171.179000	180.385000	179.761000	178.889000	192.172000	177.997000	167.851000	146.664000	0.128845	0.544200	0.270319	0.863100	0.412693	0.800500	0.421678	0.765600	0.432777	0.543200	0.537948	0.284900	0.573357	0.005100	0.625772	0.000000	0.636218	0.000000	0.576708	0.000000	0.546213	0.000000	0.529976	0.000000	0.497598	0.000000	0.483961	0.000000	4.203330	5.924280	6.693070	5.173020	2.484890	6.727830	7.745200	2.963940	3.929140	15.385600	18.416800	67.203100	128.664000	134.658000	4.046690	4.452530	46.246000	0.000000	18.654200	1.893780	1.801410	2.781270	3.979250	3.821410	
   92	129.000000	117.190000	100.800000	94.990000	92.530000	91.210000	100.000000	110.030000	125.070000	120.730000	111.070000	105.670000	94.000000	100.700000	100.830000	112.000000	129.220000	143.200000	146.850000	143.670000	144.240000	142.480000	137.260000	129.350000	40.000000	47.840000	39.600000	50.160000	48.920000	46.200000	38.400000	40.000000	221.200000	481.760000	60.000000	29.280000	26.800000	28.120000	26.000000	52.880000	97.760000	104.760000	18.360000	20.000000	20.000000	14.520000	26.040000	60.280000	122.410000	112.190000	91.800000	92.990000	89.530000	88.260000	95.000000	106.530000	121.060000	117.970000	108.180000	103.180000	94.000000	100.700000	100.830000	112.000000	124.240000	143.200000	146.790000	141.270000	141.250000	137.730000	134.550000	126.860000	110.000000	122.495000	116.197000	102.597000	105.228000	106.823000	118.948000	150.509000	145.740000	128.661000	109.329000	92.139600	99.209800	104.162000	109.608000	110.983000	135.510000	144.405000	167.637000	172.555000	155.491000	148.732000	147.388000	128.063000	0.478000	0.000000	0.398066	0.000000	0.346877	0.000000	0.294180	0.000000	0.251079	0.000000	0.163099	0.000000	0.119661	0.000000	0.122994	0.004100	0.162577	0.075700	0.216900	0.266900	89.000000	151.372000	154.688000	166.830000	179.673000	196.830000	202.897000	174.923000	171.289000	177.737000	165.657000	150.054000	0.275821	0.579600	0.357530	0.793500	0.456564	0.541900	0.531371	0.774500	0.586252	0.812300	0.598795	0.453100	0.624952	0.007600	0.639544	0.000000	0.611373	0.000000	0.589150	0.000000	0.601492	0.000000	0.593777	0.000000	0.610950	0.000000	0.648390	0.000000	4.203330	6.221380	7.405970	5.060370	3.005200	26.026700	13.847300	2.808910	4.137900	14.415200	9.152300	38.135800	86.374800	357.932000	22.570300	12.440300	68.044700	3.357910	4.554320	2.929830	2.381560	3.076520	3.711930	3.415210	
   93	129.000000	117.190000	100.800000	94.990000	92.530000	91.210000	100.000000	110.030000	125.070000	120.730000	111.070000	105.670000	94.000000	100.700000	100.830000	112.000000	129.220000	143.200000	146.850000	143.670000	144.240000	142.480000	137.260000	129.350000	40.000000	47.840000	39.600000	50.160000	48.920000	46.200000	38.400000	40.000000	221.200000	481.760000	60.000000	29.280000	26.800000	28.120000	26.000000	52.880000	97.760000	104.760000	18.360000	20.000000	20.000000	14.520000	26.040000	60.280000	122.410000	112.190000	91.800000	92.990000	89.530000	88.260000	95.000000	106.530000	121.060000	117.970000	108.180000	103.180000	94.000000	100.700000	100.830000	112.000000	124.240000	143.200000	146.790000	141.270000	141.250000	137.730000	134.550000	126.860000	110.000000	119.111000	107.386000	96.672600	98.456000	95.258600	124.806000	141.239000	144.194000	127.753000	120.041000	93.368600	103.930000	108.538000	107.732000	109.791000	112.336000	139.445000	150.209000	158.005000	149.647000	163.017000	138.717000	103.008000	0.478000	0.000000	0.378963	0.000000	0.358120	0.000000	0.281816	0.000000	0.217965	0.000000	0.181571	0.000000	0.157338	0.000000	0.142429	0.003900	0.127712	0.143700	0.117194	1.151700	89.000000	111.047000	114.799000	133.301000	137.279000	160.852000	152.732000	170.873000	168.702000	182.480000	163.308000	151.033000	0.165727	1.065700	0.240981	0.885900	0.302562	0.711700	0.381805	0.324500	0.453687	0.379600	0.476709	0.285700	0.484311	0.004300	0.498264	0.000000	0.519099	0.000000	0.516818	0.000000	0.487424	0.000000	0.461491	0.000000	0.423503	0.000000	0.193692	0.000000	4.203330	5.870630	6.756910	4.082630	0.622706	8.553210	8.221460	3.228280	3.105610	18.765700	16.886300	53.438800	107.638000	200.206000	0.000000	0.000000	79.616200	0.000000	0.000000	1.710130	1.577930	3.059210	4.032380	3.456570	
   94	129.000000	117.190000	100.800000	94.990000	92.530000	91.210000	100.000000	110.030000	125.070000	120.730000	111.070000	105.670000	94.000000	100.700000	100.830000	112.000000	129.220000	143.200000	146.850000	143.670000	144.240000	142.480000	137.260000	129.350000	40.000000	47.840000	39.600000	50.160000	48.920000	46.200000	38.400000	40.000000	221.200000	481.760000	60.000000	29.280000	26.800000	28.120000	26.000000	52.880000	97.760000	104.760000	18.360000	20.000000	20.000000	14.520000	26.040000	60.280000	122.410000	112.190000	91.800000	92.990000	89.530000	88.260000	95.000000	106.530000	121.060000	117.970000	108.180000	103.180000	94.000000	100.700000	100.830000	112.000000	124.240000	143.200000	146.790000	141.270000	141.250000	137.730000	134.550000	126.860000	110.000000	124.753000	103.920000	97.166400	96.024100	98.907700	123.171000	136.945000	144.225000	134.325000	114.041000	94.972000	105.665000	107.404000	108.843000	109.360000	114.254000	143.241000	152.779000	152.709000	149.499000	174.059000	138.321000	130.452000	0.478000	0.000000	0.376044	0.000000	0.321203	0.000000	0.267343	0.000000	0.256011	0.000000	0.203876	0.000000	0.147086	0.000000	0.121779	0.003900	0.111087	0.084900	0.113989	0.393200	89.000000	121.312000	117.543000	134.148000	143.001000	170.873000	151.764000	138.388000	141.130000	159.824000	150.484000	136.863000	0.157490	0.621700	0.249495	0.938000	0.334914	0.912800	0.386464	0.756700	0.423710	0.593800	0.453918	0.481800	0.489368	0.006700	0.520512	0.000000	0.530797	0.000000	0.508344	0.000000	0.459427	0.000000	0.461158	0.000000	0.478638	0.000000	0.455710	0.000000	4.203330	6.280300	7.114950	5.534270	2.578240	7.953900	8.516990	3.025590	3.370060	14.590900	18.185700	59.525500	121.544000	139.152000	0.000000	0.000000	60.067000	0.000000	27.644100	2.666470	1.329490	3.355320	3.668840	3.849050	
   95	129.000000	117.190000	100.800000	94.990000	92.530000	91.210000	100.000000	110.030000	125.070000	120.730000	111.070000	105.670000	94.000000	100.700000	100.830000	112.000000	129.220000	143.200000	146.850000	143.670000	144.240000	142.480000	137.260000	129.350000	40.000000	47.840000	39.600000	50.160000	48.920000	46.200000	38.400000	40.000000	221.200000	481.760000	60.000000	29.280000	26.800000	28.120000	26.000000	52.880000	97.760000	104.760000	18.360000	20.000000	20.000000	14.520000	26.040000	60.280000	122.410000	112.190000	91.800000	92.990000	89.530000	88.260000	95.000000	106.530000	121.060000	117.970000	108.180000	103.180000	94.000000	100.700000	100.830000	112.000000	124.240000	143.200000	146.790000	141.270000	141.250000	137.730000	134.550000	126.860000	110.000000	111.844000	98.385900	93.459000	97.305700	100.430000	109.877000	144.892000	144.788000	116.796000	116.665000	101.872000	104.918000	113.331000	110.455000	112.764000	117.167000	139.568000	164.738000	165.570000	162.128000	159.462000	147.698000	127.096000	0.478000	0.000000	0.390638	0.000000	0.391017	0.000000	0.335895	0.000000	0.289962	0.000000	0.234376	0.000000	0.193739	0.000000	0.186632	0.003300	0.124385	0.103100	0.122778	0.367500	89.000000	120.909000	119.758000	137.185000	138.319000	170.341000	192.860000	170.843000	173.530000	182.757000	165.995000	167.414000	0.156877	0.566000	0.230205	0.773400	0.378265	0.645300	0.394039	0.501400	0.428747	0.546700	0.461799	0.271800	0.465802	0.007500	0.462852	0.000000	0.459403	0.000000	0.436895	0.000000	0.394662	0.000000	0.496086	0.000000	0.354894	0.000000	0.328959	0.000000	4.203330	6.346530	7.314010	5.138580	2.785230	7.838970	8.308930	3.069710	3.926830	14.730500	21.433500	55.376500	110.742000	197.100000	0.360572	0.000000	66.263200	0.000000	29.691600	2.099750	1.837400	3.137970	3.772910	3.658080	
   96	129.000000	117.190000	100.800000	94.990000	92.530000	91.210000	100.000000	110.030000	125.070000	120.730000	111.070000	105.670000	94.000000	100.700000	100.830000	112.000000	129.220000	143.200000	146.850000	143.670000	144.240000	142.480000	137.260000	129.350000	40.000000	47.840000	39.600000	50.160000	48.920000	46.200000	38.400000	40.000000	221.200000	481.760000	60.000000	29.280000	26.800000	28.120000	26.000000	52.880000	97.760000	104.760000	18.360000	20.000000	20.000000	14.520000	26.040000	60.280000	122.410000	112.190000	91.800000	92.990000	89.530000	88.260000	95.000000	106.530000	121.060000	117.970000	108.180000	103.180000	94.000000	100.700000	100.830000	112.000000	124.240000	143.200000	146.790000	141.270000	141.250000	137.730000	134.550000	126.860000	110.000000	123.163000	108.788000	99.890900	100.729000	107.807000	123.558000	145.387000	159.582000	137.518000	127.735000	101.717000	109.575000	89.589400	92.261500	97.094500	108.853000	128.035000	150.371000	156.206000	149.471000	158.064000	141.725000	124.971000	0.478000	0.000000	0.395226	0.000000	0.427945	0.000000	0.505613	0.000000	0.466193	0.000000	0.411479	0.000000	0.376126	0.000000	0.383146	0.006300	0.328416	0.170200	0.119371	0.471600	89.000000	135.646000	136.094000	150.701000	162.086000	187.395000	171.202000	153.702000	160.999000	171.567000	163.248000	153.136000	0.155996	1.029200	0.257727	0.911200	0.366098	0.998000	0.448124	0.881000	0.512764	0.614900	0.556205	0.338600	0.624953	0.006600	0.692579	0.000000	0.654563	0.000000	0.572860	0.000000	0.506295	0.000000	0.479910	0.000000	0.463514	0.000000	0.427312	0.000000	4.203330	6.135880	7.100140	5.232880	2.844050	7.907810	8.223130	2.933480	4.051430	13.048200	11.043100	23.110200	79.625100	253.358000	159.574000	117.033000	0.000000	1.225550	22.883900	2.324030	2.040180	3.241080	3.958990	3.487070	
   97	129.000000	117.190000	100.800000	94.990000	92.530000	91.210000	100.000000	110.030000	125.070000	120.730000	111.070000	105.670000	94.000000	100.700000	100.830000	112.000000	129.220000	143.200000	146.850000	143.670000	144.240000	142.480000	137.260000	129.350000	40.000000	47.840000	39.600000	50.160000	48.920000	46.200000	38.400000	40.000000	221.200000	481.760000	60.000000	29.280000	26.800000	28.120000	26.000000	52.880000	97.760000	104.760000	18.360000	20.000000	20.000000	14.520000	26.040000	60.280000	122.410000	112.190000	91.800000	92.990000	89.530000	88.260000	95.000000	106.530000	121.060000	117.970000	108.180000	103.180000	94.000000	100.700000	100.830000	112.000000	124.240000	143.200000	146.790000	141.270000	141.250000	137.730000	134.550000	126.860000	110.000000	121.156000	115.624000	99.756400	96.171500	93.946500	126.069000	137.460000	156.476000	121.209000	129.580000	98.463000	110.666000	113.135000	113.363000	112.545000	120.864000	139.289000	149.036000	148.902000	151.989000	150.034000	143.238000	131.998000	0.478000	0.000000	0.359675	0.000000	0.322112	0.000000	0.243500	0.000000	0.186508	0.000000	0.157316	0.000000	0.088409	0.000000	0.062458	0.002100	0.018055	0.076000	0.010503	0.375300	89.000000	98.405700	96.882700	110.491000	137.497000	170.823000	177.770000	172.008000	173.640000	176.968000	165.695000	156.821000	0.064315	0.667100	0.146249	0.749900	0.205356	0.678900	0.324784	0.743100	0.378688	0.487200	0.428739	0.241500	0.457056	0.005800	0.527389	0.000000	0.562923	0.000000	0.532663	0.000000	0.503038	0.000000	0.460347	0.000000	0.458578	0.000000	0.433092	0.000000	4.203330	5.591840	6.695430	4.840930	2.540930	8.803190	7.906390	3.034320	3.991380	14.295900	24.000100	59.476100	111.580000	175.814000	9.180980	0.096992	59.197600	0.000000	28.054200	2.376480	1.992760	3.111030	3.776810	3.641610	
   98	129.000000	117.190000	100.800000	94.990000	92.530000	91.210000	100.000000	110.030000	125.070000	120.730000	111.070000	105.670000	94.000000	100.700000	100.830000	112.000000	129.220000	143.200000	146.850000	143.670000	144.240000	142.480000	137.260000	129.350000	40.000000	47.840000	39.600000	50.160000	48.920000	46.200000	38.400000	40.000000	221.200000	481.760000	60.000000	29.280000	26.800000	28.120000	26.000000	52.880000	97.760000	104.760000	18.360000	20.000000	20.000000	14.520000	26.040000	60.280000	122.410000	112.190000	91.800000	92.990000	89.530000	88.260000	95.000000	106.530000	121.060000	117.970000	108.180000	103.180000	94.000000	100.700000	100.830000	112.000000	124.240000	143.200000	146.790000	141.270000	141.250000	137.730000	134.550000	126.860000	110.000000	121.156000	115.624000	99.756400	96.171500	93.946500	126.069000	137.460000	156.476000	121.209000	129.580000	98.463000	110.666000	113.135000	113.363000	112.545000	120.864000	139.289000	149.036000	148.902000	151.989000	150.034000	143.238000	131.998000	0.478000	0.000000	0.359675	0.000000	0.322112	0.000000	0.243500	0.000000	0.186508	0.000000	0.157316	0.000000	0.088409	0.000000	0.062458	0.002100	0.018055	0.076000	0.010503	0.375300	89.000000	98.405700	96.882700	110.491000	137.497000	170.823000	177.770000	172.008000	173.640000	176.968000	165.695000	156.821000	0.064315	0.667100	0.146249	0.749900	0.205356	0.678900	0.324784	0.743100	0.378688	0.487200	0.428739	0.241500	0.457056	0.005800	0.527389	0.000000	0.562923	0.000000	0.532663	0.000000	0.503038	0.000000	0.460347	0.000000	0.458578	0.000000	0.433092	0.000000	4.203330	5.591840	6.695430	4.840930	2.540930	8.803190	7.906390	3.034320	3.991380	14.295900	24.000100	59.476100	111.580000	175.814000	9.180980	0.096992	59.197600	0.000000	28.054200	2.376480	1.992760	3.111030	3.776810	3.641610	
   99	129.000000	117.190000	100.800000	94.990000	92.530000	91.210000	100.000000	110.030000	125.070000	120.730000	111.070000	105.670000	94.000000	100.700000	100.830000	112.000000	129.220000	143.200000	146.850000	143.670000	144.240000	142.480000	137.260000	129.350000	40.000000	47.840000	39.600000	50.160000	48.920000	46.200000	38.400000	40.000000	221.200000	481.760000	60.000000	29.280000	26.800000	28.120000	26.000000	52.880000	97.760000	104.760000	18.360000	20.000000	20.000000	14.520000	26.040000	60.280000	122.410000	112.190000	91.800000	92.990000	89.530000	88.260000	95.000000	106.530000	121.060000	117.970000	108.180000	103.180000	94.000000	100.700000	100.830000	112.000000	124.240000	143.200000	146.790000	141.270000	141.250000	137.730000	134.550000	126.860000	110.000000	119.290000	108.541000	96.800700	95.446100	99.576400	123.484000	141.333000	146.166000	122.008000	116.396000	99.378200	100.365000	108.022000	112.437000	109.263000	111.951000	133.356000	158.084000	146.317000	150.034000	164.160000	139.016000	114.634000	0.478000	0.000000	0.380359	0.000000	0.351009	0.000000	0.269013	0.000000	0.229050	0.000000	0.186665	0.000000	0.132599	0.000000	0.129553	0.004400	0.130679	0.075500	0.125540	0.442800	89.000000	107.822000	100.760000	115.694000	153.005000	173.875000	161.593000	197.240000	195.669000	207.097000	171.263000	171.429000	0.156611	0.701500	0.237096	0.641400	0.327642	0.498300	0.388382	0.560900	0.425044	0.658300	0.474854	0.301700	0.488246	0.007000	0.506850	0.000000	0.519347	0.000000	0.494785	0.000000	0.420114	0.000000	0.355572	0.000000	0.294798	0.000000	0.287398	0.000000	4.203330	6.212540	7.098070	5.285560	2.671600	7.967690	8.213740	3.023860	3.883700	14.550700	8.546430	59.713000	120.830000	81.493500	10.856500	0.305171	54.188300	0.000000	20.467700	2.424940	1.943060	3.248070	3.704660	3.693880	
  100	129.000000	117.190000	100.800000	94.990000	92.530000	91.210000	100.000000	110.030000	125.070000	120.730000	111.070000	105.670000	94.000000	100.700000	100.830000	112.000000	129.220000	143.200000	146.850000	143.670000	144.240000	142.480000	137.260000	129.350000	40.000000	47.840000	39.600000	50.160000	48.920000	46.200000	38.400000	40.000000	221.200000	481.760000	60.000000	29.280000	26.800000	28.120000	26.000000	52.880000	97.760000	104.760000	18.360000	20.000000	20.000000	14.520000	26.040000	60.280000	122.410000	112.190000	91.800000	92.990000	89.530000	88.260000	95.000000	106.530000	121.060000	117.970000	108.180000	103.180000	94.000000	100.700000	100.830000	112.000000	124.240000	143.200000	146.790000	141.270000	141.250000	137.730000	134.550000	126.860000	110.000000	119.111000	107.386000	96.672600	98.456000	95.258600	124.806000	141.239000	144.194000	127.753000	120.041000	93.368600	103.930000	108.538000	107.732000	109.791000	112.336000	139.445000	150.209000	158.005000	149.647000	163.017000	138.717000	103.008000	0.478000	0.000000	0.378963	0.000000	0.358120	0.000000	0.281816	0.000000	0.217965	0.000000	0.181571	0.000000	0.157338	0.000000	0.142429	0.003900	0.127712	0.143700	0.117194	1.151700	89.000000	111.047000	114.799000	133.301000	137.279000	160.852000	152.732000	170.873000	168.702000	182.480000	163.308000	151.033000	0.165727	1.065700	0.240981	0.885900	0.302562	0.711700	0.381805	0.324500	0.453687	0.379600	0.476709	0.285700	0.484311	0.004300	0.498264	0.000000	0.519099	0.000000	0.516818	0.000000	0.487424	0.000000	0.461491	0.000000	0.423503	0.000000	0.193692	0.000000	4.203330	5.870630	6.756910	4.082630	0.622706	8.553210	8.221460	3.228280	3.105610	18.765700	16.886300	53.438800	107.638000	200.206000	0.000000	0.000000	79.616200	0.000000	0.000000	1.710130	1.577930	3.059210	4.032380	3.456570	
;
param Prob0 :=
    1	0.010
    2	0.010
    3	0.020
    4	0.000
    5	0.010
    6	0.000
    7	0.000
    8	0.000
    9	0.010
   10	0.000
   11	0.000
   12	0.010
   13	0.000
   14	0.010
   15	0.010
   16	0.010
   17	0.000
   18	0.010
   19	0.010
   20	0.000
   21	0.000
   22	0.000
   23	0.010
   24	0.000
   25	0.000
   26	0.010
   27	0.010
   28	0.010
   29	0.010
   30	0.010
   31	0.010
   32	0.000
   33	0.000
   34	0.000
   35	0.010
   36	0.010
   37	0.010
   38	0.000
   39	0.000
   40	0.000
   41	0.000
   42	0.010
   43	0.000
   44	0.000
   45	0.010
   46	0.010
   47	0.010
   48	0.000
   49	0.000
   50	0.000
   51	0.010
   52	0.000
   53	0.010
   54	0.010
   55	0.000
   56	0.030
   57	0.010
   58	0.000
   59	0.000
   60	0.000
   61	0.010
   62	0.010
   63	0.010
   64	0.010
   65	0.030
   66	0.000
   67	0.000
   68	0.010
   69	0.000
   70	0.010
   71	0.010
   72	0.010
   73	0.010
   74	0.050
   75	0.000
   76	0.010
   77	0.090
   78	0.030
   79	0.010
   80	0.000
   81	0.010
   82	0.010
   83	0.010
   84	0.000
   85	0.010
   86	0.010
   87	0.010
   88	0.010
   89	0.130
   90	0.020
   91	0.000
   92	0.010
   93	0.020
   94	0.000
   95	0.000
   96	0.010
   97	0.000
   98	0.100
   99	0.000
  100	0.000
;
set c[0,50] :=
50    8     16    24    32    40    48    57    65    73    81    89    97
1     9     17    25    33    41    49    58    66    74    82    90    98
2     10    18    26    34    42    51    59    67    75    83    91    99
3     11    19    27    35    43    52    60    68    76    84    92    100
4     12    20    28    36    44    53    61    69    77    85    93
5     13    21    29    37    45    54    62    70    78    86    94
6     14    22    30    38    46    55    63    71    79    87    95
7     15    23    31    39    47    56    64    72    80    88    96;
set c[1,50] :=
50    8     16    24    32    40    48    57    65    73    81    89    97
1     9     17    25    33    41    49    58    66    74    82    90    98
2     10    18    26    34    42    51    59    67    75    83    91    99
3     11    19    27    35    43    52    60    68    76    84    92    100
4     12    20    28    36    44    53    61    69    77    85    93
5     13    21    29    37    45    54    62    70    78    86    94
6     14    22    30    38    46    55    63    71    79    87    95
7     15    23    31    39    47    56    64    72    80    88    96;
set c[2,50] :=
50    8     16    24    32    40    48    57    65    73    81    89    97
1     9     17    25    33    41    49    58    66    74    82    90    98
2     10    18    26    34    42    51    59    67    75    83    91    99
3     11    19    27    35    43    52    60    68    76    84    92    100
4     12    20    28    36    44    53    61    69    77    85    93
5     13    21    29    37    45    54    62    70    78    86    94
6     14    22    30    38    46    55    63    71    79    87    95
7     15    23    31    39    47    56    64    72    80    88    96;
set c[3,50] :=
50    8     16    24    32    40    48    57    65    73    81    89    97
1     9     17    25    33    41    49    58    66    74    82    90    98
2     10    18    26    34    42    51    59    67    75    83    91    99
3     11    19    27    35    43    52    60    68    76    84    92    100
4     12    20    28    36    44    53    61    69    77    85    93
5     13    21    29    37    45    54    62    70    78    86    94
6     14    22    30    38    46    55    63    71    79    87    95
7     15    23    31    39    47    56    64    72    80    88    96;
set c[4,4] := 4 56 99;
set c[4,65] := 65 69 94;
set c[4,93] := 93 100;
set c[4,77] := 77 10 20 33 39 41 43 58 91;
set c[4,50] := 50 21 22 38 40 55 59 67 97 98;
set c[4,24] := 24 6 32 34 74;
set c[4,90] := 90 75;
set c[4,89] := 89 8 13 17 25 48 49 52 60 66 80 84 95;
set c[4,11] := 11 2 12 28 31 35 44 45 70 78 81 86;
set c[4,3] := 3 7 14 73 87;
set c[4,9] := 9 1 5 15 18 19 23 26 29 37 63 68 71 72 76 79 88 92;
set c[4,54] := 54 16 53 57 62;
set c[4,51] := 51 27 30 36 42 46 47 61 64 82 83 85 96;
set c[5,4] := 4 56 99;
set c[5,65] := 65 69 94;
set c[5,93] := 93 100;
set c[5,77] := 77 10 20 33 39 41 43 58 91;
set c[5,50] := 50 21 22 38 40 55 59 67 97 98;
set c[5,24] := 24 6 32 34 74;
set c[5,90] := 90 75;
set c[5,89] := 89 8 13 17 25 48 49 52 60 66 80 84 95;
set c[5,11] := 11 2 12 28 31 35 44 45 70 78 81 86;
set c[5,3] := 3 7 14 73 87;
set c[5,9] := 9 1 5 15 18 19 23 26 29 37 63 68 71 72 76 79 88 92;
set c[5,54] := 54 16 53 57 62;
set c[5,51] := 51 27 30 36 42 46 47 61 64 82 83 85 96;
set c[6,4] := 4 56 99;
set c[6,94] := 94 65 69;
set c[6,93] := 93 100;
set c[6,41] := 41 77 10 20 33 39 43 58 91;
set c[6,50] := 50 21 22 38 40 55 59 67 97 98;
set c[6,34] := 34 24 6 32 74;
set c[6,90] := 90 75;
set c[6,17] := 17 89 8 13 25 48 49 52 60 66 80 84 95;
set c[6,12] := 12 11 2 28 31 35 44 45 70 78 81 86;
set c[6,3] := 3 7 14 73 87;
set c[6,15] := 15 9 1 5 18 19 23 26 29 37 63 68 71 72 76 79 88 92;
set c[6,57] := 57 54 16 53 62;
set c[6,36] := 36 51 27 30 42 46 47 61 64 82 83 85 96;
set c[7,56] := 56 4 99;
set c[7,94] := 94 65 69;
set c[7,93] := 93 100;
set c[7,39] := 39 41 77 10 20 33 43 58 91;
set c[7,67] := 67 50 21 22 38 40 55 59 97 98;
set c[7,6] := 6 34 24 32 74;
set c[7,90] := 90 75;
set c[7,84] := 84 17 89 8 13 25 48 49 52 60 66 80 95;
set c[7,12] := 12 11 2 28 31 35 44 45 70 78 81 86;
set c[7,3] := 3 7 14 73 87;
set c[7,23] := 23;
set c[7,92] := 92;
set c[7,76] := 76;
set c[7,29] := 29;
set c[7,37] := 37 1 5 18 19 63 72;
set c[7,88] := 88 15 9 26 68 71 79;
set c[7,62] := 62 57 54 16 53;
set c[7,30] := 30;
set c[7,27] := 27;
set c[7,36] := 36 47;
set c[7,46] := 46 83;
set c[7,51] := 51 61 96;
set c[7,42] := 42;
set c[7,85] := 85 64 82;
set c[8,56] := 56 4 99;
set c[8,94] := 94 65 69;
set c[8,93] := 93 100;
set c[8,39] := 39 41 77 10 20 33 43 58 91;
set c[8,97] := 97 67 50 21 22 38 40 55 59 98;
set c[8,6] := 6 34 24 32 74;
set c[8,90] := 90 75;
set c[8,60] := 60 84 17 89 8 13 25 48 49 52 66 80 95;
set c[8,31] := 31 12 11 2 28 35 44 45 70 78 81 86;
set c[8,87] := 87 3 7 14 73;
set c[8,23] := 23;
set c[8,92] := 92;
set c[8,76] := 76;
set c[8,29] := 29;
set c[8,19] := 19 37 1 5 18 63 72;
set c[8,26] := 26 88 15 9 68 71 79;
set c[8,54] := 54 16 53;
set c[8,62] := 62 57;
set c[8,30] := 30;
set c[8,27] := 27;
set c[8,36] := 36 47;
set c[8,46] := 46 83;
set c[8,51] := 51 61;
set c[8,96] := 96;
set c[8,42] := 42;
set c[8,85] := 85;
set c[8,64] := 64;
set c[8,82] := 82;
set c[9,4] := 4 56 99;
set c[9,94] := 94 65 69;
set c[9,93] := 93 100;
set c[9,41] := 41 39 77 10 20 33 43 58 91;
set c[9,22] := 22 97 67 50 21 38 40 55 59 98;
set c[9,6] := 6 34 24 32 74;
set c[9,90] := 90 75;
set c[9,84] := 84 60 17 89 8 13 25 48 49 52 66 80 95;
set c[9,11] := 11 31 12 2 28 35 44 45 70 78 81 86;
set c[9,87] := 87 3 7 14 73;
set c[9,23] := 23;
set c[9,92] := 92;
set c[9,76] := 76;
set c[9,29] := 29;
set c[9,19] := 19 1 63;
set c[9,37] := 37 5 18 72;
set c[9,26] := 26 79;
set c[9,9] := 9;
set c[9,68] := 68 88;
set c[9,71] := 71 15;
set c[9,53] := 53 54 16;
set c[9,62] := 62 57;
set c[9,30] := 30;
set c[9,27] := 27;
set c[9,36] := 36 47;
set c[9,46] := 46 83;
set c[9,51] := 51 61;
set c[9,96] := 96;
set c[9,42] := 42;
set c[9,85] := 85;
set c[9,64] := 64;
set c[9,82] := 82;
set c[10,56] := 56 4 99;
set c[10,94] := 94 65 69;
set c[10,93] := 93 100;
set c[10,41] := 41 39 77 10 20 33 43 58 91;
set c[10,67] := 67 22 97 50 21 38 40 55 59 98;
set c[10,24] := 24 6 34 32 74;
set c[10,90] := 90 75;
set c[10,84] := 84 60 17 89 8 13 25 48 49 52 66 80 95;
set c[10,11] := 11 31 12 2 28 35 44 45 70 78 81 86;
set c[10,87] := 87;
set c[10,14] := 14;
set c[10,3] := 3 7;
set c[10,73] := 73;
set c[10,23] := 23;
set c[10,92] := 92;
set c[10,76] := 76;
set c[10,29] := 29;
set c[10,63] := 63 19 1;
set c[10,72] := 72 37 5 18;
set c[10,26] := 26 79;
set c[10,9] := 9;
set c[10,68] := 68 88;
set c[10,71] := 71 15;
set c[10,53] := 53 16;
set c[10,54] := 54;
set c[10,62] := 62;
set c[10,57] := 57;
set c[10,30] := 30;
set c[10,27] := 27;
set c[10,36] := 36 47;
set c[10,46] := 46 83;
set c[10,51] := 51 61;
set c[10,96] := 96;
set c[10,42] := 42;
set c[10,85] := 85;
set c[10,64] := 64;
set c[10,82] := 82;
set c[11,56] := 56 4 99;
set c[11,94] := 94 65 69;
set c[11,93] := 93 100;
set c[11,77] := 77 41 39 10 20 33 43 58 91;
set c[11,22] := 22 67 97 50 21 38 40 55 59 98;
set c[11,24] := 24 6 34 32 74;
set c[11,90] := 90 75;
set c[11,52] := 52 84 60 17 89 8 13 25 48 49 66 80 95;
set c[11,11] := 11 31 12 2 28 35 44 45 70 78 81 86;
set c[11,87] := 87;
set c[11,14] := 14;
set c[11,3] := 3 7;
set c[11,73] := 73;
set c[11,23] := 23;
set c[11,92] := 92;
set c[11,76] := 76;
set c[11,29] := 29;
set c[11,63] := 63 19 1;
set c[11,5] := 5 72 37 18;
set c[11,26] := 26 79;
set c[11,9] := 9;
set c[11,68] := 68 88;
set c[11,71] := 71 15;
set c[11,53] := 53 16;
set c[11,54] := 54;
set c[11,62] := 62;
set c[11,57] := 57;
set c[11,30] := 30;
set c[11,27] := 27;
set c[11,36] := 36 47;
set c[11,46] := 46 83;
set c[11,51] := 51 61;
set c[11,96] := 96;
set c[11,42] := 42;
set c[11,85] := 85;
set c[11,64] := 64;
set c[11,82] := 82;
set c[12,4] := 4 56 99;
set c[12,94] := 94 65 69;
set c[12,93] := 93 100;
set c[12,39] := 39 77 41 10 20 33 43 58 91;
set c[12,98] := 98 22 67 97 50 21 38 40 55 59;
set c[12,24] := 24 6 34 32 74;
set c[12,90] := 90 75;
set c[12,52] := 52 84 60 17 89 8 13 25 48 49 66 80 95;
set c[12,11] := 11 31 12 2 28 35 44 45 70 78 81 86;
set c[12,87] := 87;
set c[12,14] := 14;
set c[12,3] := 3 7;
set c[12,73] := 73;
set c[12,23] := 23;
set c[12,92] := 92;
set c[12,76] := 76;
set c[12,29] := 29;
set c[12,63] := 63 19 1;
set c[12,5] := 5 72 37 18;
set c[12,26] := 26 79;
set c[12,9] := 9;
set c[12,68] := 68 88;
set c[12,71] := 71 15;
set c[12,53] := 53 16;
set c[12,54] := 54;
set c[12,62] := 62;
set c[12,57] := 57;
set c[12,30] := 30;
set c[12,27] := 27;
set c[12,36] := 36 47;
set c[12,46] := 46 83;
set c[12,51] := 51 61;
set c[12,96] := 96;
set c[12,42] := 42;
set c[12,85] := 85;
set c[12,64] := 64;
set c[12,82] := 82;
set c[13,4] := 4 56 99;
set c[13,94] := 94 65 69;
set c[13,93] := 93 100;
set c[13,10] := 10 39 77 41 20 33 43 58 91;
set c[13,38] := 38 98 22 67 97 50 21 40 55 59;
set c[13,32] := 32 24 6 34 74;
set c[13,90] := 90 75;
set c[13,48] := 48 52 84 60 17 89 8 13 25 49 66 80 95;
set c[13,70] := 70 11 31 12 2 28 35 44 45 78 81 86;
set c[13,87] := 87;
set c[13,14] := 14;
set c[13,3] := 3 7;
set c[13,73] := 73;
set c[13,23] := 23;
set c[13,92] := 92;
set c[13,76] := 76;
set c[13,29] := 29;
set c[13,1] := 1 63 19;
set c[13,5] := 5 72 37 18;
set c[13,26] := 26 79;
set c[13,9] := 9;
set c[13,68] := 68 88;
set c[13,71] := 71 15;
set c[13,53] := 53 16;
set c[13,54] := 54;
set c[13,62] := 62;
set c[13,57] := 57;
set c[13,30] := 30;
set c[13,27] := 27;
set c[13,36] := 36 47;
set c[13,46] := 46 83;
set c[13,51] := 51 61;
set c[13,96] := 96;
set c[13,42] := 42;
set c[13,85] := 85;
set c[13,64] := 64;
set c[13,82] := 82;
set c[14,4] := 4 56 99;
set c[14,65] := 65 94 69;
set c[14,93] := 93 100;
set c[14,33] := 33 10 39 77 41 20 43 58 91;
set c[14,55] := 55 38 98 22 67 97 50 21 40 59;
set c[14,74] := 74 32 24 6 34;
set c[14,90] := 90 75;
set c[14,95] := 95 48 52 84 60 17 89 8 13 25 49 66 80;
set c[14,70] := 70 11 31 12 2 28 35 44 45 78 81 86;
set c[14,87] := 87;
set c[14,14] := 14;
set c[14,3] := 3 7;
set c[14,73] := 73;
set c[14,23] := 23;
set c[14,92] := 92;
set c[14,76] := 76;
set c[14,29] := 29;
set c[14,1] := 1 19;
set c[14,63] := 63;
set c[14,37] := 37;
set c[14,5] := 5;
set c[14,72] := 72;
set c[14,18] := 18;
set c[14,26] := 26 79;
set c[14,9] := 9;
set c[14,68] := 68 88;
set c[14,71] := 71 15;
set c[14,53] := 53;
set c[14,16] := 16;
set c[14,54] := 54;
set c[14,62] := 62;
set c[14,57] := 57;
set c[14,30] := 30;
set c[14,27] := 27;
set c[14,36] := 36;
set c[14,47] := 47;
set c[14,46] := 46 83;
set c[14,51] := 51;
set c[14,61] := 61;
set c[14,96] := 96;
set c[14,42] := 42;
set c[14,85] := 85;
set c[14,64] := 64;
set c[14,82] := 82;
set c[15,99] := 99 4 56;
set c[15,69] := 69 65 94;
set c[15,93] := 93 100;
set c[15,39] := 39 33 10 77 41 20 43 58 91;
set c[15,59] := 59 55 38 98 22 67 97 50 21 40;
set c[15,6] := 6 74 32 24 34;
set c[15,90] := 90 75;
set c[15,80] := 80 95 48 52 84 60 17 89 8 13 25 49 66;
set c[15,86] := 86;
set c[15,45] := 45;
set c[15,31] := 31;
set c[15,44] := 44 11 78;
set c[15,70] := 70;
set c[15,28] := 28;
set c[15,35] := 35;
set c[15,2] := 2;
set c[15,81] := 81 12;
set c[15,87] := 87;
set c[15,14] := 14;
set c[15,3] := 3 7;
set c[15,73] := 73;
set c[15,23] := 23;
set c[15,92] := 92;
set c[15,76] := 76;
set c[15,29] := 29;
set c[15,1] := 1;
set c[15,19] := 19;
set c[15,63] := 63;
set c[15,37] := 37;
set c[15,5] := 5;
set c[15,72] := 72;
set c[15,18] := 18;
set c[15,26] := 26 79;
set c[15,9] := 9;
set c[15,68] := 68;
set c[15,88] := 88;
set c[15,71] := 71;
set c[15,15] := 15;
set c[15,53] := 53;
set c[15,16] := 16;
set c[15,54] := 54;
set c[15,62] := 62;
set c[15,57] := 57;
set c[15,30] := 30;
set c[15,27] := 27;
set c[15,36] := 36;
set c[15,47] := 47;
set c[15,46] := 46;
set c[15,83] := 83;
set c[15,51] := 51;
set c[15,61] := 61;
set c[15,96] := 96;
set c[15,42] := 42;
set c[15,85] := 85;
set c[15,64] := 64;
set c[15,82] := 82;
set c[16,4] := 4 99 56;
set c[16,65] := 65 69 94;
set c[16,93] := 93 100;
set c[16,41] := 41 39 33 10 77 20 43 58 91;
set c[16,55] := 55 59 38 98 22 67 97 50 21 40;
set c[16,32] := 32 6 74 24 34;
set c[16,90] := 90 75;
set c[16,8] := 8 80 95 48 52 84 60 17 89 13 25 49 66;
set c[16,86] := 86;
set c[16,45] := 45;
set c[16,31] := 31;
set c[16,11] := 11 44 78;
set c[16,70] := 70;
set c[16,28] := 28;
set c[16,35] := 35;
set c[16,2] := 2;
set c[16,81] := 81 12;
set c[16,87] := 87;
set c[16,14] := 14;
set c[16,3] := 3 7;
set c[16,73] := 73;
set c[16,23] := 23;
set c[16,92] := 92;
set c[16,76] := 76;
set c[16,29] := 29;
set c[16,1] := 1;
set c[16,19] := 19;
set c[16,63] := 63;
set c[16,37] := 37;
set c[16,5] := 5;
set c[16,72] := 72;
set c[16,18] := 18;
set c[16,26] := 26 79;
set c[16,9] := 9;
set c[16,68] := 68;
set c[16,88] := 88;
set c[16,71] := 71;
set c[16,15] := 15;
set c[16,53] := 53;
set c[16,16] := 16;
set c[16,54] := 54;
set c[16,62] := 62;
set c[16,57] := 57;
set c[16,30] := 30;
set c[16,27] := 27;
set c[16,36] := 36;
set c[16,47] := 47;
set c[16,46] := 46;
set c[16,83] := 83;
set c[16,51] := 51;
set c[16,61] := 61;
set c[16,96] := 96;
set c[16,42] := 42;
set c[16,85] := 85;
set c[16,64] := 64;
set c[16,82] := 82;
set c[17,4] := 4 99 56;
set c[17,65] := 65 69 94;
set c[17,93] := 93 100;
set c[17,43] := 43 41 39 33 10 77 20 58 91;
set c[17,55] := 55 59 38 98 22 67 97 50 21 40;
set c[17,6] := 6 32 74 24 34;
set c[17,90] := 90 75;
set c[17,89] := 89 8 80 95 48 52 84 60 17 13 25 49 66;
set c[17,86] := 86;
set c[17,45] := 45;
set c[17,31] := 31;
set c[17,11] := 11 44 78;
set c[17,70] := 70;
set c[17,28] := 28;
set c[17,35] := 35;
set c[17,2] := 2;
set c[17,81] := 81;
set c[17,12] := 12;
set c[17,87] := 87;
set c[17,14] := 14;
set c[17,3] := 3 7;
set c[17,73] := 73;
set c[17,23] := 23;
set c[17,92] := 92;
set c[17,76] := 76;
set c[17,29] := 29;
set c[17,1] := 1;
set c[17,19] := 19;
set c[17,63] := 63;
set c[17,37] := 37;
set c[17,5] := 5;
set c[17,72] := 72;
set c[17,18] := 18;
set c[17,26] := 26;
set c[17,79] := 79;
set c[17,9] := 9;
set c[17,68] := 68;
set c[17,88] := 88;
set c[17,71] := 71;
set c[17,15] := 15;
set c[17,53] := 53;
set c[17,16] := 16;
set c[17,54] := 54;
set c[17,62] := 62;
set c[17,57] := 57;
set c[17,30] := 30;
set c[17,27] := 27;
set c[17,36] := 36;
set c[17,47] := 47;
set c[17,46] := 46;
set c[17,83] := 83;
set c[17,51] := 51;
set c[17,61] := 61;
set c[17,96] := 96;
set c[17,42] := 42;
set c[17,85] := 85;
set c[17,64] := 64;
set c[17,82] := 82;
set c[18,4] := 4 99 56;
set c[18,65] := 65 69 94;
set c[18,93] := 93 100;
set c[18,39] := 39 43 41 33 10 77 20 58 91;
set c[18,21] := 21 55 59 38 98 22 67 97 50 40;
set c[18,74] := 74 6 32 24 34;
set c[18,90] := 90 75;
set c[18,8] := 8 89 80 95 48 52 84 60 17 13 25 49 66;
set c[18,86] := 86;
set c[18,45] := 45;
set c[18,31] := 31;
set c[18,78] := 78 11 44;
set c[18,70] := 70;
set c[18,28] := 28;
set c[18,35] := 35;
set c[18,2] := 2;
set c[18,81] := 81;
set c[18,12] := 12;
set c[18,87] := 87;
set c[18,14] := 14;
set c[18,3] := 3 7;
set c[18,73] := 73;
set c[18,23] := 23;
set c[18,92] := 92;
set c[18,76] := 76;
set c[18,29] := 29;
set c[18,1] := 1;
set c[18,19] := 19;
set c[18,63] := 63;
set c[18,37] := 37;
set c[18,5] := 5;
set c[18,72] := 72;
set c[18,18] := 18;
set c[18,26] := 26;
set c[18,79] := 79;
set c[18,9] := 9;
set c[18,68] := 68;
set c[18,88] := 88;
set c[18,71] := 71;
set c[18,15] := 15;
set c[18,53] := 53;
set c[18,16] := 16;
set c[18,54] := 54;
set c[18,62] := 62;
set c[18,57] := 57;
set c[18,30] := 30;
set c[18,27] := 27;
set c[18,36] := 36;
set c[18,47] := 47;
set c[18,46] := 46;
set c[18,83] := 83;
set c[18,51] := 51;
set c[18,61] := 61;
set c[18,96] := 96;
set c[18,42] := 42;
set c[18,85] := 85;
set c[18,64] := 64;
set c[18,82] := 82;
set c[19,4] := 4 99 56;
set c[19,65] := 65 69 94;
set c[19,93] := 93 100;
set c[19,20] := 20 39 43 41 33 10 77 58 91;
set c[19,55] := 55 21 59 38 98 22 67 97 50 40;
set c[19,32] := 32 74 6 24 34;
set c[19,90] := 90 75;
set c[19,52] := 52 8 89 80 95 48 84 60 17 13 25 49 66;
set c[19,86] := 86;
set c[19,45] := 45;
set c[19,31] := 31;
set c[19,78] := 78 11 44;
set c[19,70] := 70;
set c[19,28] := 28;
set c[19,35] := 35;
set c[19,2] := 2;
set c[19,81] := 81;
set c[19,12] := 12;
set c[19,87] := 87;
set c[19,14] := 14;
set c[19,3] := 3 7;
set c[19,73] := 73;
set c[19,23] := 23;
set c[19,92] := 92;
set c[19,76] := 76;
set c[19,29] := 29;
set c[19,1] := 1;
set c[19,19] := 19;
set c[19,63] := 63;
set c[19,37] := 37;
set c[19,5] := 5;
set c[19,72] := 72;
set c[19,18] := 18;
set c[19,26] := 26;
set c[19,79] := 79;
set c[19,9] := 9;
set c[19,68] := 68;
set c[19,88] := 88;
set c[19,71] := 71;
set c[19,15] := 15;
set c[19,53] := 53;
set c[19,16] := 16;
set c[19,54] := 54;
set c[19,62] := 62;
set c[19,57] := 57;
set c[19,30] := 30;
set c[19,27] := 27;
set c[19,36] := 36;
set c[19,47] := 47;
set c[19,46] := 46;
set c[19,83] := 83;
set c[19,51] := 51;
set c[19,61] := 61;
set c[19,96] := 96;
set c[19,42] := 42;
set c[19,85] := 85;
set c[19,64] := 64;
set c[19,82] := 82;
set c[20,4] := 4 99 56;
set c[20,69] := 69 65 94;
set c[20,93] := 93 100;
set c[20,41] := 41 20 39 43 33 10 77 58 91;
set c[20,97] := 97 55 21 59 38 98 22 67 50 40;
set c[20,6] := 6 32 74 24 34;
set c[20,90] := 90 75;
set c[20,49] := 49 52 8 89 80 95 48 84 60 17 13 25 66;
set c[20,86] := 86;
set c[20,45] := 45;
set c[20,31] := 31;
set c[20,78] := 78 11 44;
set c[20,70] := 70;
set c[20,28] := 28;
set c[20,35] := 35;
set c[20,2] := 2;
set c[20,81] := 81;
set c[20,12] := 12;
set c[20,87] := 87;
set c[20,14] := 14;
set c[20,3] := 3 7;
set c[20,73] := 73;
set c[20,23] := 23;
set c[20,92] := 92;
set c[20,76] := 76;
set c[20,29] := 29;
set c[20,1] := 1;
set c[20,19] := 19;
set c[20,63] := 63;
set c[20,37] := 37;
set c[20,5] := 5;
set c[20,72] := 72;
set c[20,18] := 18;
set c[20,26] := 26;
set c[20,79] := 79;
set c[20,9] := 9;
set c[20,68] := 68;
set c[20,88] := 88;
set c[20,71] := 71;
set c[20,15] := 15;
set c[20,53] := 53;
set c[20,16] := 16;
set c[20,54] := 54;
set c[20,62] := 62;
set c[20,57] := 57;
set c[20,30] := 30;
set c[20,27] := 27;
set c[20,36] := 36;
set c[20,47] := 47;
set c[20,46] := 46;
set c[20,83] := 83;
set c[20,51] := 51;
set c[20,61] := 61;
set c[20,96] := 96;
set c[20,42] := 42;
set c[20,85] := 85;
set c[20,64] := 64;
set c[20,82] := 82;
set c[21,4] := 4 99 56;
set c[21,65] := 65 69 94;
set c[21,93] := 93 100;
set c[21,20] := 20 41 39 43 33 10 77 58 91;
set c[21,97] := 97 55 21 59 38 98 22 67 50 40;
set c[21,6] := 6 32 74 24 34;
set c[21,90] := 90 75;
set c[21,49] := 49 52 8 89 80 95 48 84 60 17 13 25 66;
set c[21,86] := 86;
set c[21,45] := 45;
set c[21,31] := 31;
set c[21,78] := 78 11 44;
set c[21,70] := 70;
set c[21,28] := 28;
set c[21,35] := 35;
set c[21,2] := 2;
set c[21,81] := 81;
set c[21,12] := 12;
set c[21,87] := 87;
set c[21,14] := 14;
set c[21,3] := 3 7;
set c[21,73] := 73;
set c[21,23] := 23;
set c[21,92] := 92;
set c[21,76] := 76;
set c[21,29] := 29;
set c[21,1] := 1;
set c[21,19] := 19;
set c[21,63] := 63;
set c[21,37] := 37;
set c[21,5] := 5;
set c[21,72] := 72;
set c[21,18] := 18;
set c[21,26] := 26;
set c[21,79] := 79;
set c[21,9] := 9;
set c[21,68] := 68;
set c[21,88] := 88;
set c[21,71] := 71;
set c[21,15] := 15;
set c[21,53] := 53;
set c[21,16] := 16;
set c[21,54] := 54;
set c[21,62] := 62;
set c[21,57] := 57;
set c[21,30] := 30;
set c[21,27] := 27;
set c[21,36] := 36;
set c[21,47] := 47;
set c[21,46] := 46;
set c[21,83] := 83;
set c[21,51] := 51;
set c[21,61] := 61;
set c[21,96] := 96;
set c[21,42] := 42;
set c[21,85] := 85;
set c[21,64] := 64;
set c[21,82] := 82;
set c[22,4] := 4 99 56;
set c[22,65] := 65 69 94;
set c[22,93] := 93 100;
set c[22,43] := 43 20 41 39 33 10 77 58 91;
set c[22,40] := 40 97 55 21 59 38 98 22 67 50;
set c[22,24] := 24 6 32 74 34;
set c[22,90] := 90 75;
set c[22,49] := 49 52 8 89 80 95 48 84 60 17 13 25 66;
set c[22,86] := 86;
set c[22,45] := 45;
set c[22,31] := 31;
set c[22,78] := 78 11 44;
set c[22,70] := 70;
set c[22,28] := 28;
set c[22,35] := 35;
set c[22,2] := 2;
set c[22,81] := 81;
set c[22,12] := 12;
set c[22,87] := 87;
set c[22,14] := 14;
set c[22,3] := 3 7;
set c[22,73] := 73;
set c[22,23] := 23;
set c[22,92] := 92;
set c[22,76] := 76;
set c[22,29] := 29;
set c[22,1] := 1;
set c[22,19] := 19;
set c[22,63] := 63;
set c[22,37] := 37;
set c[22,5] := 5;
set c[22,72] := 72;
set c[22,18] := 18;
set c[22,26] := 26;
set c[22,79] := 79;
set c[22,9] := 9;
set c[22,68] := 68;
set c[22,88] := 88;
set c[22,71] := 71;
set c[22,15] := 15;
set c[22,53] := 53;
set c[22,16] := 16;
set c[22,54] := 54;
set c[22,62] := 62;
set c[22,57] := 57;
set c[22,30] := 30;
set c[22,27] := 27;
set c[22,36] := 36;
set c[22,47] := 47;
set c[22,46] := 46;
set c[22,83] := 83;
set c[22,51] := 51;
set c[22,61] := 61;
set c[22,96] := 96;
set c[22,42] := 42;
set c[22,85] := 85;
set c[22,64] := 64;
set c[22,82] := 82;
set c[23,4] := 4 99 56;
set c[23,65] := 65 69 94;
set c[23,93] := 93 100;
set c[23,43] := 43 20 41 39 33 10 77 58 91;
set c[23,98] := 98 40 97 55 21 59 38 22 67 50;
set c[23,24] := 24 6 32 74 34;
set c[23,90] := 90 75;
set c[23,49] := 49 52 8 89 80 95 48 84 60 17 13 25 66;
set c[23,86] := 86;
set c[23,45] := 45;
set c[23,31] := 31;
set c[23,78] := 78 11 44;
set c[23,70] := 70;
set c[23,28] := 28;
set c[23,35] := 35;
set c[23,2] := 2;
set c[23,81] := 81;
set c[23,12] := 12;
set c[23,87] := 87;
set c[23,14] := 14;
set c[23,3] := 3 7;
set c[23,73] := 73;
set c[23,23] := 23;
set c[23,92] := 92;
set c[23,76] := 76;
set c[23,29] := 29;
set c[23,1] := 1;
set c[23,19] := 19;
set c[23,63] := 63;
set c[23,37] := 37;
set c[23,5] := 5;
set c[23,72] := 72;
set c[23,18] := 18;
set c[23,26] := 26;
set c[23,79] := 79;
set c[23,9] := 9;
set c[23,68] := 68;
set c[23,88] := 88;
set c[23,71] := 71;
set c[23,15] := 15;
set c[23,53] := 53;
set c[23,16] := 16;
set c[23,54] := 54;
set c[23,62] := 62;
set c[23,57] := 57;
set c[23,30] := 30;
set c[23,27] := 27;
set c[23,36] := 36;
set c[23,47] := 47;
set c[23,46] := 46;
set c[23,83] := 83;
set c[23,51] := 51;
set c[23,61] := 61;
set c[23,96] := 96;
set c[23,42] := 42;
set c[23,85] := 85;
set c[23,64] := 64;
set c[23,82] := 82;
set c[24,4] := 4 99 56;
set c[24,65] := 65 69 94;
set c[24,93] := 93 100;
set c[24,20] := 20 43 41 39 33 10 77 58 91;
set c[24,98] := 98 40 97 55 21 59 38 22 67 50;
set c[24,32] := 32 24 6 74 34;
set c[24,90] := 90 75;
set c[24,49] := 49 52 8 89 80 95 48 84 60 17 13 25 66;
set c[24,86] := 86;
set c[24,45] := 45;
set c[24,31] := 31;
set c[24,78] := 78 11 44;
set c[24,70] := 70;
set c[24,28] := 28;
set c[24,35] := 35;
set c[24,2] := 2;
set c[24,81] := 81;
set c[24,12] := 12;
set c[24,87] := 87;
set c[24,14] := 14;
set c[24,3] := 3 7;
set c[24,73] := 73;
set c[24,23] := 23;
set c[24,92] := 92;
set c[24,76] := 76;
set c[24,29] := 29;
set c[24,1] := 1;
set c[24,19] := 19;
set c[24,63] := 63;
set c[24,37] := 37;
set c[24,5] := 5;
set c[24,72] := 72;
set c[24,18] := 18;
set c[24,26] := 26;
set c[24,79] := 79;
set c[24,9] := 9;
set c[24,68] := 68;
set c[24,88] := 88;
set c[24,71] := 71;
set c[24,15] := 15;
set c[24,53] := 53;
set c[24,16] := 16;
set c[24,54] := 54;
set c[24,62] := 62;
set c[24,57] := 57;
set c[24,30] := 30;
set c[24,27] := 27;
set c[24,36] := 36;
set c[24,47] := 47;
set c[24,46] := 46;
set c[24,83] := 83;
set c[24,51] := 51;
set c[24,61] := 61;
set c[24,96] := 96;
set c[24,42] := 42;
set c[24,85] := 85;
set c[24,64] := 64;
set c[24,82] := 82;
set c[25,56] := 56 4 99;
set c[25,65] := 65 69 94;
set c[25,93] := 93 100;
set c[25,43] := 43 20 41 39 33 10 77 58 91;
set c[25,98] := 98 40 97 55 21 59 38 22 67 50;
set c[25,32] := 32 24 6 74 34;
set c[25,90] := 90 75;
set c[25,49] := 49 52 8 89 80 95 48 84 60 17 13 25 66;
set c[25,86] := 86;
set c[25,45] := 45;
set c[25,31] := 31;
set c[25,78] := 78 11 44;
set c[25,70] := 70;
set c[25,28] := 28;
set c[25,35] := 35;
set c[25,2] := 2;
set c[25,81] := 81;
set c[25,12] := 12;
set c[25,87] := 87;
set c[25,14] := 14;
set c[25,3] := 3 7;
set c[25,73] := 73;
set c[25,23] := 23;
set c[25,92] := 92;
set c[25,76] := 76;
set c[25,29] := 29;
set c[25,1] := 1;
set c[25,19] := 19;
set c[25,63] := 63;
set c[25,37] := 37;
set c[25,5] := 5;
set c[25,72] := 72;
set c[25,18] := 18;
set c[25,26] := 26;
set c[25,79] := 79;
set c[25,9] := 9;
set c[25,68] := 68;
set c[25,88] := 88;
set c[25,71] := 71;
set c[25,15] := 15;
set c[25,53] := 53;
set c[25,16] := 16;
set c[25,54] := 54;
set c[25,62] := 62;
set c[25,57] := 57;
set c[25,30] := 30;
set c[25,27] := 27;
set c[25,36] := 36;
set c[25,47] := 47;
set c[25,46] := 46;
set c[25,83] := 83;
set c[25,51] := 51;
set c[25,61] := 61;
set c[25,96] := 96;
set c[25,42] := 42;
set c[25,85] := 85;
set c[25,64] := 64;
set c[25,82] := 82;
set c[26,56] := 56 4 99;
set c[26,65] := 65 69 94;
set c[26,93] := 93 100;
set c[26,58] := 58 43 20 41 39 33 10 77 91;
set c[26,22] := 22 98 40 97 55 21 59 38 67 50;
set c[26,32] := 32 24 6 74 34;
set c[26,90] := 90 75;
set c[26,49] := 49 52 8 89 80 95 48 84 60 17 13 25 66;
set c[26,86] := 86;
set c[26,45] := 45;
set c[26,31] := 31;
set c[26,11] := 11 78 44;
set c[26,70] := 70;
set c[26,28] := 28;
set c[26,35] := 35;
set c[26,2] := 2;
set c[26,81] := 81;
set c[26,12] := 12;
set c[26,87] := 87;
set c[26,14] := 14;
set c[26,3] := 3 7;
set c[26,73] := 73;
set c[26,23] := 23;
set c[26,92] := 92;
set c[26,76] := 76;
set c[26,29] := 29;
set c[26,1] := 1;
set c[26,19] := 19;
set c[26,63] := 63;
set c[26,37] := 37;
set c[26,5] := 5;
set c[26,72] := 72;
set c[26,18] := 18;
set c[26,26] := 26;
set c[26,79] := 79;
set c[26,9] := 9;
set c[26,68] := 68;
set c[26,88] := 88;
set c[26,71] := 71;
set c[26,15] := 15;
set c[26,53] := 53;
set c[26,16] := 16;
set c[26,54] := 54;
set c[26,62] := 62;
set c[26,57] := 57;
set c[26,30] := 30;
set c[26,27] := 27;
set c[26,36] := 36;
set c[26,47] := 47;
set c[26,46] := 46;
set c[26,83] := 83;
set c[26,51] := 51;
set c[26,61] := 61;
set c[26,96] := 96;
set c[26,42] := 42;
set c[26,85] := 85;
set c[26,64] := 64;
set c[26,82] := 82;
set c[27,56] := 56 4 99;
set c[27,65] := 65 69 94;
set c[27,93] := 93 100;
set c[27,58] := 58 43 20 41 39 33 10 77 91;
set c[27,50] := 50 22 98 40 97 55 21 59 38 67;
set c[27,32] := 32 24 6 74 34;
set c[27,90] := 90 75;
set c[27,8] := 8 49 52 89 80 95 48 84 60 17 13 25 66;
set c[27,86] := 86;
set c[27,45] := 45;
set c[27,31] := 31;
set c[27,11] := 11 78 44;
set c[27,70] := 70;
set c[27,28] := 28;
set c[27,35] := 35;
set c[27,2] := 2;
set c[27,81] := 81;
set c[27,12] := 12;
set c[27,87] := 87;
set c[27,14] := 14;
set c[27,3] := 3 7;
set c[27,73] := 73;
set c[27,23] := 23;
set c[27,92] := 92;
set c[27,76] := 76;
set c[27,29] := 29;
set c[27,1] := 1;
set c[27,19] := 19;
set c[27,63] := 63;
set c[27,37] := 37;
set c[27,5] := 5;
set c[27,72] := 72;
set c[27,18] := 18;
set c[27,26] := 26;
set c[27,79] := 79;
set c[27,9] := 9;
set c[27,68] := 68;
set c[27,88] := 88;
set c[27,71] := 71;
set c[27,15] := 15;
set c[27,53] := 53;
set c[27,16] := 16;
set c[27,54] := 54;
set c[27,62] := 62;
set c[27,57] := 57;
set c[27,30] := 30;
set c[27,27] := 27;
set c[27,36] := 36;
set c[27,47] := 47;
set c[27,46] := 46;
set c[27,83] := 83;
set c[27,51] := 51;
set c[27,61] := 61;
set c[27,96] := 96;
set c[27,42] := 42;
set c[27,85] := 85;
set c[27,64] := 64;
set c[27,82] := 82;
set c[28,56] := 56 4 99;
set c[28,65] := 65 69 94;
set c[28,93] := 93 100;
set c[28,39] := 39 58 43 20 41 33 10 77 91;
set c[28,22] := 22 50 98 40 97 55 21 59 38 67;
set c[28,24] := 24 32 6 74 34;
set c[28,90] := 90 75;
set c[28,49] := 49 8 52 89 80 95 48 84 60 17 13 25 66;
set c[28,86] := 86;
set c[28,45] := 45;
set c[28,31] := 31;
set c[28,11] := 11 78 44;
set c[28,70] := 70;
set c[28,28] := 28;
set c[28,35] := 35;
set c[28,2] := 2;
set c[28,81] := 81;
set c[28,12] := 12;
set c[28,87] := 87;
set c[28,14] := 14;
set c[28,3] := 3 7;
set c[28,73] := 73;
set c[28,23] := 23;
set c[28,92] := 92;
set c[28,76] := 76;
set c[28,29] := 29;
set c[28,1] := 1;
set c[28,19] := 19;
set c[28,63] := 63;
set c[28,37] := 37;
set c[28,5] := 5;
set c[28,72] := 72;
set c[28,18] := 18;
set c[28,26] := 26;
set c[28,79] := 79;
set c[28,9] := 9;
set c[28,68] := 68;
set c[28,88] := 88;
set c[28,71] := 71;
set c[28,15] := 15;
set c[28,53] := 53;
set c[28,16] := 16;
set c[28,54] := 54;
set c[28,62] := 62;
set c[28,57] := 57;
set c[28,30] := 30;
set c[28,27] := 27;
set c[28,36] := 36;
set c[28,47] := 47;
set c[28,46] := 46;
set c[28,83] := 83;
set c[28,51] := 51;
set c[28,61] := 61;
set c[28,96] := 96;
set c[28,42] := 42;
set c[28,85] := 85;
set c[28,64] := 64;
set c[28,82] := 82;
set c[29,99] := 99 56 4;
set c[29,65] := 65 69 94;
set c[29,93] := 93 100;
set c[29,33] := 33 39 58 43 20 41 10 77 91;
set c[29,22] := 22 50 98 40 97 55 21 59 38 67;
set c[29,24] := 24 32 6 74 34;
set c[29,90] := 90 75;
set c[29,48] := 48 49 8 52 89 80 95 84 60 17 13 25 66;
set c[29,86] := 86;
set c[29,45] := 45;
set c[29,31] := 31;
set c[29,11] := 11 78 44;
set c[29,70] := 70;
set c[29,28] := 28;
set c[29,35] := 35;
set c[29,2] := 2;
set c[29,81] := 81;
set c[29,12] := 12;
set c[29,87] := 87;
set c[29,14] := 14;
set c[29,3] := 3 7;
set c[29,73] := 73;
set c[29,23] := 23;
set c[29,92] := 92;
set c[29,76] := 76;
set c[29,29] := 29;
set c[29,1] := 1;
set c[29,19] := 19;
set c[29,63] := 63;
set c[29,37] := 37;
set c[29,5] := 5;
set c[29,72] := 72;
set c[29,18] := 18;
set c[29,26] := 26;
set c[29,79] := 79;
set c[29,9] := 9;
set c[29,68] := 68;
set c[29,88] := 88;
set c[29,71] := 71;
set c[29,15] := 15;
set c[29,53] := 53;
set c[29,16] := 16;
set c[29,54] := 54;
set c[29,62] := 62;
set c[29,57] := 57;
set c[29,30] := 30;
set c[29,27] := 27;
set c[29,36] := 36;
set c[29,47] := 47;
set c[29,46] := 46;
set c[29,83] := 83;
set c[29,51] := 51;
set c[29,61] := 61;
set c[29,96] := 96;
set c[29,42] := 42;
set c[29,85] := 85;
set c[29,64] := 64;
set c[29,82] := 82;
set c[30,56] := 56 99 4;
set c[30,65] := 65 69 94;
set c[30,93] := 93 100;
set c[30,77] := 77 33 39 58 43 20 41 10 91;
set c[30,98] := 98 22 50 40 97 55 21 59 38 67;
set c[30,74] := 74 24 32 6 34;
set c[30,90] := 90 75;
set c[30,89] := 89 48 49 8 52 80 95 84 60 17 13 25 66;
set c[30,86] := 86;
set c[30,45] := 45;
set c[30,31] := 31;
set c[30,78] := 78 11 44;
set c[30,70] := 70;
set c[30,28] := 28;
set c[30,35] := 35;
set c[30,2] := 2;
set c[30,81] := 81;
set c[30,12] := 12;
set c[30,87] := 87;
set c[30,14] := 14;
set c[30,3] := 3 7;
set c[30,73] := 73;
set c[30,23] := 23;
set c[30,92] := 92;
set c[30,76] := 76;
set c[30,29] := 29;
set c[30,1] := 1;
set c[30,19] := 19;
set c[30,63] := 63;
set c[30,37] := 37;
set c[30,5] := 5;
set c[30,72] := 72;
set c[30,18] := 18;
set c[30,26] := 26;
set c[30,79] := 79;
set c[30,9] := 9;
set c[30,68] := 68;
set c[30,88] := 88;
set c[30,71] := 71;
set c[30,15] := 15;
set c[30,53] := 53;
set c[30,16] := 16;
set c[30,54] := 54;
set c[30,62] := 62;
set c[30,57] := 57;
set c[30,30] := 30;
set c[30,27] := 27;
set c[30,36] := 36;
set c[30,47] := 47;
set c[30,46] := 46;
set c[30,83] := 83;
set c[30,51] := 51;
set c[30,61] := 61;
set c[30,96] := 96;
set c[30,42] := 42;
set c[30,85] := 85;
set c[30,64] := 64;
set c[30,82] := 82;

