#erel:= 0.800;
#emax:= 779.433;
#q:= 0.000;
#nesce:=    49;
#etime:= 1.096;
#snodes:=   782;
param nS:=   100;
param nSG:=    30;
param nRVSG :=
 1 24    4 24    7  2   10  2   13  2   16  2   19  2   22  2   25  2   28  2
 2 24    5  2    8  2   11  2   14  2   17  2   20  2   23  2   26  2   29  2
 3 24    6  2    9  2   12  2   15 12   18  2   21  2   24  2   27  2   30 24
;

param ScenF :=
  1 123.661       46   0           91 157.072      136   0.4313
  2 134.244       47   0           92 145.232      137   0.529904
  3 127.311       48   0           93 147.931      138   0.3299
  4 126.924       49 114.324       94 148.041      139   0.555439
  5 125.61        50 119.158       95 139.645      140   0.1401
  6 120.133       51 111.658       96 128.114      141   0.547767
  7 120.985       52 104.469       97   0.575804   142   0.0082
  8 150.698       53 105.084       98   0          143   0.503715
  9 159.865       54 102.545       99   0.610726   144   0
 10 140.755       55 111.651      100   0          145   0.448805
 11 120.062       56 135.525      101   0.646314   146   0
 12  96.9204      57 144.28       102   0          147   0.419749
 13  87.1732      58 134.519      103   0.627915   148   0
 14  79.0534      59 119.451      104   0          149   0.42308
 15  73.9453      60  95.8193     105   0.582335   150   0
 16  75.5822      61  91.6968     106   0          151   0.441365
 17 104.215       62  93.1309     107   0.534512   152   0
 18 136.604       63  94.6844     108   0          153   0.44761
 19 150.006       64 104.959      109   0.523074   154   0
 20 147.407       65 134.08       110   0          155   0.417449
 21 155.119       66 157.545      111   0.544747   156   0
 22 157.701       67 152.186      112   0.0181     157   3.71553
 23 146.335       68 129.847      113   0.581564   158   3.27898
 24 132.954       69 136.175      114   0.1811     159   4.58054
 25  21.37        70 146.888      115   0.583356   160   0
 26  21.3872      71 139.385      116   0.3892     161   0
 27  21.2798      72 124.625      117 115.533      162   2.90896
 28  22.2819      73  96.1233     118 121.248      163   7.45453
 29  18.7809      74 119.642      119 120.179      164   4.6542
 30  18.6177      75 119.615      120 136.005      165   3.44008
 31  17.1457      76 115.814      121 128.541      166   0
 32  22.8332      77 113.935      122 157.323      167   0
 33   0           78 114.899      123 155.396      168 210.065
 34   0           79 118.238      124 162.17       169 208.786
 35   0           80 136.67       125 158.1        170   0
 36  10.342       81 164.661      126 172.257      171   0
 37  13.1018      82 137.664      127 148.269      172   0
 38  17.0234      83 126.264      128 137.892      173  50.2554
 39  16.8096      84 120.922      129   0.556243   174   0.116225
 40  25.6337      85 109.966      130   0.5237     175 210.183
 41   0           86 116.838      131   0.530853   176   0
 42   0           87 114.089      132   0.5347     177   0.469818
 43   0           88 117.148      133   0.511808   178   1.6872
 44   0           89 127.495      134   0.4973     179   2.00573
 45   8.5394      90 157.426      135   0.511354   180   2.4394
;

param ScenO :=
  1 124.12        46   5.16        91 176          136   0.631
  2 116.66        47   7.16        92 173.77       137   0.266
  3 112.79        48  10.72        93 155.64       138   0.513
  4 108.9         49 124.1         94 154.47       139   0.285
  5 106.98        50 116.66        95 153.03       140   0.32
  6 110.72        51 113.5         96 134.1        141   0.401
  7 132.55        52 108.9         97   0.436      142   0.023
  8 149.23        53 106.83        98   0          143   0.574
  9 155.52        54 109.72        99   0.445      144   0
 10 150.16        55 127.55       100   0          145   0.663
 11 137.94        56 149.23       101   0.483      146   0
 12 108.9         57 155.52       102   0          147   0.695
 13 108.25        58 147.66       103   0.492      148   0
 14 108.51        59 137.94       104   0          149   0.712
 15 108.9         60 108.9        105   0.447      150   0
 16 121.12        61 108.25       106   0          151   0.726
 17 147.53        62 112.72       107   0.343      152   0
 18 152.94        63 117.02       108   0          153   0.702
 19 174.99        64 121.12       109   0.255      154   0
 20 171.45        65 151.53       110   0          155   0.651
 21 153.02        66 157.16       111   0.187      156   0
 22 152.48        67 179.49       112   0.006      157   2.65557
 23 148.03        68 174.01       113   0.126      158   3.79505
 24 139.1         69 153.02       114   0.145      159   3.18876
 25  53.6         70 152.48       115   0.07       160   2.24196
 26  50           71 150          116   0.373      161   0.871378
 27  28.04        72 139.1        117 103.2        162   4.06765
 28  28           73 118.34       118 105.51       163   4.02075
 29  30.36        74 116.7        119 108.4        164   4.27635
 30  28           75 111.59       120 118.12       165   3.92342
 31  37.92        76  98.8        121 155          166   2.35356
 32  13.64        77  99.98       122 182.94       167   1.69596
 33  13.64        78 105          123 190.5        168   4.99431
 34  13.64        79 112.55       124 179.78       169   5.37284
 35  14.4         80 157.17       125 165          170   5.36356
 36  29.08        81 160.52       126 158.15       171   4.60679
 37  24           82 142          127 158.03       172   0.42429
 38  24.36        83 124.15       128 139.1        173   2.77347
 39  24.16        84 104          129   0.087      174   3.81476
 40  40           85 106.07       130   0.576      175   3.92594
 41  30.32        86 108.78       131   0.134      176   3.70609
 42  10           87 112.79       132   0.676      177   4.0051
 43   5.16        88 118.52       133   0.223      178   3.67537
 44   5           89 148          134   0.683      179   3.14011
 45   5           90 156.93       135   0.274      180   3.62998
;

param Scen0 (tr)
 :    1	    2	    3	    4	    5	    6	    7	    8	    9	   10	   11	   12	   13	   14	   15	   16	   17	   18	   19	   20	   21	   22	   23	   24	   25	   26	   27	   28	   29	   30	   31	   32	   33	   34	   35	   36	   37	   38	   39	   40	   41	   42	   43	   44	   45	   46	   47	   48	   49	   50	   51	   52	   53	   54	   55	   56	   57	   58	   59	   60	   61	   62	   63	   64	   65	   66	   67	   68	   69	   70	   71	   72	   73	   74	   75	   76	   77	   78	   79	   80	   81	   82	   83	   84	   85	   86	   87	   88	   89	   90	   91	   92	   93	   94	   95	   96	   97	   98	   99	  100	  101	  102	  103	  104	  105	  106	  107	  108	  109	  110	  111	  112	  113	  114	  115	  116	  117	  118	  119	  120	  121	  122	  123	  124	  125	  126	  127	  128	  129	  130	  131	  132	  133	  134	  135	  136	  137	  138	  139	  140	  141	  142	  143	  144	  145	  146	  147	  148	  149	  150	  151	  152	  153	  154	  155	  156	  157	  158	  159	  160	  161	  162	  163	  164	  165	  166	  167	  168	  169	  170	  171	  172	  173	  174	  175	  176	  177	  178	  179	  180	:=
    1	124.120000	116.660000	112.790000	108.900000	106.980000	110.720000	132.550000	149.230000	155.520000	150.160000	137.940000	108.900000	108.250000	108.510000	108.900000	121.120000	147.530000	152.940000	174.990000	171.450000	153.020000	152.480000	148.030000	139.100000	53.600000	50.000000	28.040000	28.000000	30.360000	28.000000	37.920000	13.640000	13.640000	13.640000	14.400000	29.080000	24.000000	24.360000	24.160000	40.000000	30.320000	10.000000	5.160000	5.000000	5.000000	5.160000	7.160000	10.720000	124.100000	116.660000	113.500000	108.900000	106.830000	109.720000	127.550000	149.230000	155.520000	147.660000	137.940000	108.900000	108.250000	112.720000	117.020000	121.120000	151.530000	157.160000	179.490000	174.010000	153.020000	152.480000	150.000000	139.100000	118.340000	115.112000	117.128000	119.125000	115.617000	108.746000	121.862000	145.503000	166.133000	153.959000	130.950000	116.148000	113.721000	110.240000	106.989000	117.389000	130.419000	149.937000	155.530000	152.084000	147.456000	147.489000	139.961000	125.004000	0.436000	0.000000	0.621067	0.000000	0.652831	0.000000	0.633704	0.000000	0.585885	0.000000	0.539678	0.000000	0.523989	0.000000	0.557702	0.022200	0.586672	0.162700	0.595459	0.431800	103.200000	113.910000	110.730000	129.395000	141.187000	149.198000	162.505000	156.387000	143.690000	155.964000	147.871000	143.722000	0.550117	0.601800	0.505996	0.607800	0.431205	0.534700	0.484609	0.401900	0.522904	0.319000	0.538040	0.164100	0.547732	0.006100	0.517168	0.000000	0.461216	0.000000	0.427227	0.000000	0.421440	0.000000	0.451890	0.000000	0.457842	0.000000	0.463164	0.000000	2.655570	2.476570	3.694170	0.000000	0.000000	2.369390	5.878310	4.640570	3.488110	0.557102	17.473000	207.565000	203.045000	191.595000	12.990800	0.762893	50.269100	0.000000	204.344000	0.000000	0.710520	1.743940	1.884540	2.458560	
    2	124.120000	116.660000	112.790000	108.900000	106.980000	110.720000	132.550000	149.230000	155.520000	150.160000	137.940000	108.900000	108.250000	108.510000	108.900000	121.120000	147.530000	152.940000	174.990000	171.450000	153.020000	152.480000	148.030000	139.100000	53.600000	50.000000	28.040000	28.000000	30.360000	28.000000	37.920000	13.640000	13.640000	13.640000	14.400000	29.080000	24.000000	24.360000	24.160000	40.000000	30.320000	10.000000	5.160000	5.000000	5.000000	5.160000	7.160000	10.720000	124.100000	116.660000	113.500000	108.900000	106.830000	109.720000	127.550000	149.230000	155.520000	147.660000	137.940000	108.900000	108.250000	112.720000	117.020000	121.120000	151.530000	157.160000	179.490000	174.010000	153.020000	152.480000	150.000000	139.100000	118.340000	123.295000	111.353000	111.966000	115.680000	112.731000	122.255000	146.582000	158.552000	148.586000	127.977000	112.897000	112.293000	114.321000	117.188000	122.074000	126.028000	146.027000	154.670000	162.495000	157.288000	162.317000	135.767000	125.539000	0.436000	0.000000	0.603494	0.000000	0.617179	0.000000	0.601917	0.000000	0.570636	0.000000	0.527234	0.000000	0.507635	0.000000	0.508299	0.018100	0.519861	0.197400	0.547218	0.416400	103.200000	154.847000	165.674000	153.545000	171.935000	192.565000	174.709000	168.263000	147.752000	169.116000	150.166000	129.061000	0.427488	0.438900	0.347921	0.688200	0.288045	0.661400	0.275120	0.620900	0.347417	0.399600	0.432102	0.135700	0.499555	0.007200	0.503763	0.000000	0.465310	0.000000	0.426508	0.000000	0.378263	0.000000	0.354218	0.000000	0.348745	0.000000	0.300921	0.000000	2.655570	2.476570	3.694170	0.000000	0.000000	2.369390	5.878310	4.473470	3.339260	0.817850	38.324600	207.803000	209.656000	237.951000	15.214400	0.000000	49.950100	0.000000	181.844000	0.000000	0.788946	1.679460	1.901440	2.296790	
    3	124.120000	116.660000	112.790000	108.900000	106.980000	110.720000	132.550000	149.230000	155.520000	150.160000	137.940000	108.900000	108.250000	108.510000	108.900000	121.120000	147.530000	152.940000	174.990000	171.450000	153.020000	152.480000	148.030000	139.100000	53.600000	50.000000	28.040000	28.000000	30.360000	28.000000	37.920000	13.640000	13.640000	13.640000	14.400000	29.080000	24.000000	24.360000	24.160000	40.000000	30.320000	10.000000	5.160000	5.000000	5.000000	5.160000	7.160000	10.720000	124.100000	116.660000	113.500000	108.900000	106.830000	109.720000	127.550000	149.230000	155.520000	147.660000	137.940000	108.900000	108.250000	112.720000	117.020000	121.120000	151.530000	157.160000	179.490000	174.010000	153.020000	152.480000	150.000000	139.100000	118.340000	121.590000	112.734000	110.977000	120.864000	108.648000	122.765000	143.847000	158.798000	136.708000	136.550000	116.983000	111.457000	116.035000	117.127000	116.909000	125.951000	147.365000	160.584000	141.724000	147.345000	167.133000	139.992000	117.382000	0.436000	0.000000	0.621444	0.000000	0.648635	0.000000	0.650129	0.000000	0.608648	0.000000	0.555711	0.000000	0.553815	0.000000	0.586462	0.016200	0.638604	0.228600	0.625844	0.370100	103.200000	125.708000	124.650000	136.581000	133.478000	184.797000	184.600000	178.879000	195.958000	196.296000	171.437000	152.582000	0.554619	0.764900	0.523347	0.461400	0.514712	0.437800	0.515496	0.449700	0.521486	0.467200	0.567197	0.242000	0.543664	0.005900	0.496331	0.000000	0.450637	0.000000	0.426793	0.000000	0.419121	0.000000	0.438607	0.000000	0.450794	0.000000	0.421685	0.000000	2.655570	2.932380	4.942420	0.000000	0.000000	2.904980	7.558020	4.654380	3.190560	0.005171	2.169130	210.075000	205.506000	115.113000	0.000000	0.000000	50.231600	0.000000	210.135000	0.000000	0.599051	1.816320	1.922090	2.442320	
    4	124.120000	116.660000	112.790000	108.900000	106.980000	110.720000	132.550000	149.230000	155.520000	150.160000	137.940000	108.900000	108.250000	108.510000	108.900000	121.120000	147.530000	152.940000	174.990000	171.450000	153.020000	152.480000	148.030000	139.100000	53.600000	50.000000	28.040000	28.000000	30.360000	28.000000	37.920000	13.640000	13.640000	13.640000	14.400000	29.080000	24.000000	24.360000	24.160000	40.000000	30.320000	10.000000	5.160000	5.000000	5.000000	5.160000	7.160000	10.720000	124.100000	116.660000	113.500000	108.900000	106.830000	109.720000	127.550000	149.230000	155.520000	147.660000	137.940000	108.900000	108.250000	112.720000	117.020000	121.120000	151.530000	157.160000	179.490000	174.010000	153.020000	152.480000	150.000000	139.100000	118.340000	119.006000	114.059000	116.901000	115.973000	108.520000	122.301000	140.002000	156.741000	148.912000	133.548000	112.616000	117.035000	115.324000	113.603000	117.341000	126.649000	154.942000	154.395000	148.377000	146.376000	176.296000	139.308000	127.503000	0.436000	0.000000	0.642726	0.000000	0.670166	0.000000	0.654902	0.000000	0.608507	0.000000	0.566372	0.000000	0.553331	0.000000	0.572926	0.020200	0.605157	0.205700	0.631952	0.388400	103.200000	119.316000	119.779000	138.163000	142.671000	156.173000	156.810000	157.962000	151.082000	162.746000	152.107000	145.798000	0.841439	0.836800	0.806452	0.508100	0.773310	0.518000	0.767798	0.545800	0.772313	0.374200	0.766674	0.183100	0.727970	0.018700	0.683355	0.000000	0.643053	0.000000	0.603950	0.000000	0.608299	0.000000	0.689745	0.000000	0.759282	0.000000	0.776160	0.000000	2.655570	2.462430	3.919660	0.000000	0.000000	3.022830	6.692470	4.096330	3.197870	0.000000	7.110490	231.013000	271.026000	30.086900	103.892000	33.747400	52.785700	0.000000	157.707000	0.000000	0.702405	1.790360	1.671090	1.987570	
    5	124.120000	116.660000	112.790000	108.900000	106.980000	110.720000	132.550000	149.230000	155.520000	150.160000	137.940000	108.900000	108.250000	108.510000	108.900000	121.120000	147.530000	152.940000	174.990000	171.450000	153.020000	152.480000	148.030000	139.100000	53.600000	50.000000	28.040000	28.000000	30.360000	28.000000	37.920000	13.640000	13.640000	13.640000	14.400000	29.080000	24.000000	24.360000	24.160000	40.000000	30.320000	10.000000	5.160000	5.000000	5.000000	5.160000	7.160000	10.720000	124.100000	116.660000	113.500000	108.900000	106.830000	109.720000	127.550000	149.230000	155.520000	147.660000	137.940000	108.900000	108.250000	112.720000	117.020000	121.120000	151.530000	157.160000	179.490000	174.010000	153.020000	152.480000	150.000000	139.100000	118.340000	115.112000	117.128000	119.125000	115.617000	108.746000	121.862000	145.503000	166.133000	153.959000	130.950000	116.148000	113.721000	110.240000	106.989000	117.389000	130.419000	149.937000	155.530000	152.084000	147.456000	147.489000	139.961000	125.004000	0.436000	0.000000	0.621067	0.000000	0.652831	0.000000	0.633704	0.000000	0.585885	0.000000	0.539678	0.000000	0.523989	0.000000	0.557702	0.022200	0.586672	0.162700	0.595459	0.431800	103.200000	113.910000	110.730000	129.395000	141.187000	149.198000	162.505000	156.387000	143.690000	155.964000	147.871000	143.722000	0.550117	0.601800	0.505996	0.607800	0.431205	0.534700	0.484609	0.401900	0.522904	0.319000	0.538040	0.164100	0.547732	0.006100	0.517168	0.000000	0.461216	0.000000	0.427227	0.000000	0.421440	0.000000	0.451890	0.000000	0.457842	0.000000	0.463164	0.000000	2.655570	2.476570	3.694170	0.000000	0.000000	2.369390	5.878310	4.640570	3.488110	0.557102	17.473000	207.565000	203.045000	191.595000	12.990800	0.762893	50.269100	0.000000	204.344000	0.000000	0.710520	1.743940	1.884540	2.458560	
    6	124.120000	116.660000	112.790000	108.900000	106.980000	110.720000	132.550000	149.230000	155.520000	150.160000	137.940000	108.900000	108.250000	108.510000	108.900000	121.120000	147.530000	152.940000	174.990000	171.450000	153.020000	152.480000	148.030000	139.100000	53.600000	50.000000	28.040000	28.000000	30.360000	28.000000	37.920000	13.640000	13.640000	13.640000	14.400000	29.080000	24.000000	24.360000	24.160000	40.000000	30.320000	10.000000	5.160000	5.000000	5.000000	5.160000	7.160000	10.720000	124.100000	116.660000	113.500000	108.900000	106.830000	109.720000	127.550000	149.230000	155.520000	147.660000	137.940000	108.900000	108.250000	112.720000	117.020000	121.120000	151.530000	157.160000	179.490000	174.010000	153.020000	152.480000	150.000000	139.100000	118.340000	115.112000	117.128000	119.125000	115.617000	108.746000	121.862000	145.503000	166.133000	153.959000	130.950000	116.148000	113.721000	110.240000	106.989000	117.389000	130.419000	149.937000	155.530000	152.084000	147.456000	147.489000	139.961000	125.004000	0.436000	0.000000	0.621067	0.000000	0.652831	0.000000	0.633704	0.000000	0.585885	0.000000	0.539678	0.000000	0.523989	0.000000	0.557702	0.022200	0.586672	0.162700	0.595459	0.431800	103.200000	113.910000	110.730000	129.395000	141.187000	149.198000	162.505000	156.387000	143.690000	155.964000	147.871000	143.722000	0.550117	0.601800	0.505996	0.607800	0.431205	0.534700	0.484609	0.401900	0.522904	0.319000	0.538040	0.164100	0.547732	0.006100	0.517168	0.000000	0.461216	0.000000	0.427227	0.000000	0.421440	0.000000	0.451890	0.000000	0.457842	0.000000	0.463164	0.000000	2.655570	2.476570	3.694170	0.000000	0.000000	2.369390	5.878310	4.640570	3.488110	0.557102	17.473000	207.565000	203.045000	191.595000	12.990800	0.762893	50.269100	0.000000	204.344000	0.000000	0.710520	1.743940	1.884540	2.458560	
    7	124.120000	116.660000	112.790000	108.900000	106.980000	110.720000	132.550000	149.230000	155.520000	150.160000	137.940000	108.900000	108.250000	108.510000	108.900000	121.120000	147.530000	152.940000	174.990000	171.450000	153.020000	152.480000	148.030000	139.100000	53.600000	50.000000	28.040000	28.000000	30.360000	28.000000	37.920000	13.640000	13.640000	13.640000	14.400000	29.080000	24.000000	24.360000	24.160000	40.000000	30.320000	10.000000	5.160000	5.000000	5.000000	5.160000	7.160000	10.720000	124.100000	116.660000	113.500000	108.900000	106.830000	109.720000	127.550000	149.230000	155.520000	147.660000	137.940000	108.900000	108.250000	112.720000	117.020000	121.120000	151.530000	157.160000	179.490000	174.010000	153.020000	152.480000	150.000000	139.100000	118.340000	123.295000	111.353000	111.966000	115.680000	112.731000	122.255000	146.582000	158.552000	148.586000	127.977000	112.897000	112.293000	114.321000	117.188000	122.074000	126.028000	146.027000	154.670000	162.495000	157.288000	162.317000	135.767000	125.539000	0.436000	0.000000	0.603494	0.000000	0.617179	0.000000	0.601917	0.000000	0.570636	0.000000	0.527234	0.000000	0.507635	0.000000	0.508299	0.018100	0.519861	0.197400	0.547218	0.416400	103.200000	119.316000	119.779000	138.163000	142.671000	156.173000	156.810000	157.962000	151.082000	162.746000	152.107000	141.652000	0.295444	0.791000	0.259130	0.926500	0.253761	0.497400	0.283484	0.473300	0.347417	0.463700	0.432102	0.256600	0.660045	0.009100	0.610203	0.000000	0.543519	0.000000	0.497063	0.000000	0.478910	0.000000	0.485754	0.000000	0.486983	0.000000	0.450849	0.000000	2.655570	3.104960	4.716120	0.613310	0.639141	2.710100	6.737440	4.562560	3.160370	0.761174	22.254000	207.555000	201.948000	168.007000	15.214400	0.000000	53.664800	0.000000	220.961000	0.000000	0.745138	1.830220	2.015800	2.540070	
    8	124.120000	116.660000	112.790000	108.900000	106.980000	110.720000	132.550000	149.230000	155.520000	150.160000	137.940000	108.900000	108.250000	108.510000	108.900000	121.120000	147.530000	152.940000	174.990000	171.450000	153.020000	152.480000	148.030000	139.100000	53.600000	50.000000	28.040000	28.000000	30.360000	28.000000	37.920000	13.640000	13.640000	13.640000	14.400000	29.080000	24.000000	24.360000	24.160000	40.000000	30.320000	10.000000	5.160000	5.000000	5.000000	5.160000	7.160000	10.720000	124.100000	116.660000	113.500000	108.900000	106.830000	109.720000	127.550000	149.230000	155.520000	147.660000	137.940000	108.900000	108.250000	112.720000	117.020000	121.120000	151.530000	157.160000	179.490000	174.010000	153.020000	152.480000	150.000000	139.100000	118.340000	115.112000	117.128000	119.125000	115.617000	108.746000	121.862000	145.503000	166.133000	153.959000	130.950000	116.148000	113.721000	110.240000	106.989000	117.389000	130.419000	149.937000	155.530000	152.084000	147.456000	147.489000	139.961000	125.004000	0.436000	0.000000	0.621067	0.000000	0.652831	0.000000	0.633704	0.000000	0.585885	0.000000	0.539678	0.000000	0.523989	0.000000	0.557702	0.022200	0.586672	0.162700	0.595459	0.431800	103.200000	113.910000	110.730000	129.395000	141.187000	149.198000	162.505000	156.387000	143.690000	155.964000	147.871000	143.722000	0.550117	0.601800	0.505996	0.607800	0.431205	0.534700	0.484609	0.401900	0.522904	0.319000	0.538040	0.164100	0.547732	0.006100	0.517168	0.000000	0.461216	0.000000	0.427227	0.000000	0.421440	0.000000	0.451890	0.000000	0.457842	0.000000	0.463164	0.000000	2.655570	2.476570	3.694170	0.000000	0.000000	2.369390	5.878310	4.640570	3.488110	0.557102	17.473000	207.565000	203.045000	191.595000	12.990800	0.762893	50.269100	0.000000	204.344000	0.000000	0.710520	1.743940	1.884540	2.458560	
    9	124.120000	116.660000	112.790000	108.900000	106.980000	110.720000	132.550000	149.230000	155.520000	150.160000	137.940000	108.900000	108.250000	108.510000	108.900000	121.120000	147.530000	152.940000	174.990000	171.450000	153.020000	152.480000	148.030000	139.100000	53.600000	50.000000	28.040000	28.000000	30.360000	28.000000	37.920000	13.640000	13.640000	13.640000	14.400000	29.080000	24.000000	24.360000	24.160000	40.000000	30.320000	10.000000	5.160000	5.000000	5.000000	5.160000	7.160000	10.720000	124.100000	116.660000	113.500000	108.900000	106.830000	109.720000	127.550000	149.230000	155.520000	147.660000	137.940000	108.900000	108.250000	112.720000	117.020000	121.120000	151.530000	157.160000	179.490000	174.010000	153.020000	152.480000	150.000000	139.100000	118.340000	115.112000	117.128000	119.125000	115.617000	108.746000	121.862000	145.503000	166.133000	153.959000	130.950000	116.148000	113.721000	110.240000	106.989000	117.389000	130.419000	149.937000	155.530000	152.084000	147.456000	147.489000	139.961000	125.004000	0.436000	0.000000	0.621067	0.000000	0.652831	0.000000	0.633704	0.000000	0.585885	0.000000	0.539678	0.000000	0.523989	0.000000	0.557702	0.022200	0.586672	0.162700	0.595459	0.431800	103.200000	113.910000	110.730000	129.395000	141.187000	149.198000	162.505000	156.387000	143.690000	155.964000	147.871000	143.722000	0.550117	0.601800	0.505996	0.607800	0.431205	0.534700	0.484609	0.401900	0.522904	0.319000	0.538040	0.164100	0.547732	0.006100	0.517168	0.000000	0.461216	0.000000	0.427227	0.000000	0.421440	0.000000	0.451890	0.000000	0.457842	0.000000	0.463164	0.000000	2.655570	2.476570	3.694170	0.000000	0.000000	2.369390	5.878310	4.640570	3.488110	0.557102	17.473000	207.565000	203.045000	191.595000	12.990800	0.762893	50.269100	0.000000	204.344000	0.000000	0.710520	1.743940	1.884540	2.458560	
   10	124.120000	116.660000	112.790000	108.900000	106.980000	110.720000	132.550000	149.230000	155.520000	150.160000	137.940000	108.900000	108.250000	108.510000	108.900000	121.120000	147.530000	152.940000	174.990000	171.450000	153.020000	152.480000	148.030000	139.100000	53.600000	50.000000	28.040000	28.000000	30.360000	28.000000	37.920000	13.640000	13.640000	13.640000	14.400000	29.080000	24.000000	24.360000	24.160000	40.000000	30.320000	10.000000	5.160000	5.000000	5.000000	5.160000	7.160000	10.720000	124.100000	116.660000	113.500000	108.900000	106.830000	109.720000	127.550000	149.230000	155.520000	147.660000	137.940000	108.900000	108.250000	112.720000	117.020000	121.120000	151.530000	157.160000	179.490000	174.010000	153.020000	152.480000	150.000000	139.100000	118.340000	121.590000	112.734000	110.977000	120.864000	108.648000	122.765000	143.847000	158.798000	136.708000	136.550000	116.983000	111.457000	116.035000	117.127000	116.909000	125.951000	147.365000	160.584000	141.724000	147.345000	167.133000	139.992000	117.382000	0.436000	0.000000	0.621444	0.000000	0.648635	0.000000	0.650129	0.000000	0.608648	0.000000	0.555711	0.000000	0.553815	0.000000	0.586462	0.016200	0.638604	0.228600	0.625844	0.370100	103.200000	170.996000	173.510000	175.822000	188.828000	209.190000	195.803000	189.370000	198.874000	202.719000	190.575000	172.879000	0.638010	0.320600	0.651448	0.565200	0.637076	0.625200	0.625296	0.481200	0.643276	0.634100	0.733389	0.188800	0.783242	0.007500	0.762804	0.000000	0.664510	0.000000	0.581470	0.000000	0.538404	0.000000	0.546409	0.000000	0.513246	0.000000	0.503385	0.000000	2.655570	2.152210	3.280570	0.112338	0.000000	0.000000	4.981730	4.670360	3.214550	0.000000	0.000000	227.613000	235.438000	0.000000	15.709200	10.077800	31.175300	0.000000	213.133000	0.000000	0.812626	1.667860	1.709750	3.658240	
   11	124.120000	116.660000	112.790000	108.900000	106.980000	110.720000	132.550000	149.230000	155.520000	150.160000	137.940000	108.900000	108.250000	108.510000	108.900000	121.120000	147.530000	152.940000	174.990000	171.450000	153.020000	152.480000	148.030000	139.100000	53.600000	50.000000	28.040000	28.000000	30.360000	28.000000	37.920000	13.640000	13.640000	13.640000	14.400000	29.080000	24.000000	24.360000	24.160000	40.000000	30.320000	10.000000	5.160000	5.000000	5.000000	5.160000	7.160000	10.720000	124.100000	116.660000	113.500000	108.900000	106.830000	109.720000	127.550000	149.230000	155.520000	147.660000	137.940000	108.900000	108.250000	112.720000	117.020000	121.120000	151.530000	157.160000	179.490000	174.010000	153.020000	152.480000	150.000000	139.100000	118.340000	123.295000	111.353000	111.966000	115.680000	112.731000	122.255000	146.582000	158.552000	148.586000	127.977000	112.897000	112.293000	114.321000	117.188000	122.074000	126.028000	146.027000	154.670000	162.495000	157.288000	162.317000	135.767000	125.539000	0.436000	0.000000	0.603494	0.000000	0.617179	0.000000	0.601917	0.000000	0.570636	0.000000	0.527234	0.000000	0.507635	0.000000	0.508299	0.018100	0.519861	0.197400	0.547218	0.416400	103.200000	126.900000	124.483000	140.397000	143.849000	175.524000	145.347000	151.594000	139.372000	162.915000	141.971000	136.192000	0.509678	0.726100	0.499747	0.690400	0.499985	0.711500	0.514204	0.850400	0.542043	0.577100	0.578736	0.152300	0.582826	0.008400	0.535176	0.000000	0.476488	0.000000	0.437960	0.000000	0.452791	0.000000	0.487069	0.000000	0.500430	0.000000	0.468027	0.000000	2.655570	3.239710	4.596520	0.000000	0.000000	2.451750	7.003690	4.638590	3.746080	0.208341	8.618540	235.745000	236.509000	0.000000	4.496380	0.000000	71.875600	0.000000	217.698000	0.000000	0.684521	1.717270	1.854140	2.394780	
   12	124.120000	116.660000	112.790000	108.900000	106.980000	110.720000	132.550000	149.230000	155.520000	150.160000	137.940000	108.900000	108.250000	108.510000	108.900000	121.120000	147.530000	152.940000	174.990000	171.450000	153.020000	152.480000	148.030000	139.100000	53.600000	50.000000	28.040000	28.000000	30.360000	28.000000	37.920000	13.640000	13.640000	13.640000	14.400000	29.080000	24.000000	24.360000	24.160000	40.000000	30.320000	10.000000	5.160000	5.000000	5.000000	5.160000	7.160000	10.720000	124.100000	116.660000	113.500000	108.900000	106.830000	109.720000	127.550000	149.230000	155.520000	147.660000	137.940000	108.900000	108.250000	112.720000	117.020000	121.120000	151.530000	157.160000	179.490000	174.010000	153.020000	152.480000	150.000000	139.100000	118.340000	123.295000	111.353000	111.966000	115.680000	112.731000	122.255000	146.582000	158.552000	148.586000	127.977000	112.897000	112.293000	114.321000	117.188000	122.074000	126.028000	146.027000	154.670000	162.495000	157.288000	162.317000	135.767000	125.539000	0.436000	0.000000	0.603494	0.000000	0.617179	0.000000	0.601917	0.000000	0.570636	0.000000	0.527234	0.000000	0.507635	0.000000	0.508299	0.018100	0.519861	0.197400	0.547218	0.416400	103.200000	114.384000	119.779000	138.163000	142.671000	156.173000	156.810000	157.962000	151.082000	162.746000	152.107000	145.798000	0.553495	0.410800	0.545583	0.358300	0.531840	0.389000	0.528484	0.433600	0.547600	0.355600	0.597222	0.139400	0.582826	0.010100	0.535176	0.000000	0.476488	0.000000	0.437960	0.000000	0.452791	0.000000	0.487069	0.000000	0.500430	0.000000	0.468027	0.000000	2.655570	2.878200	4.767770	0.000000	0.000000	2.310000	7.055720	4.850430	3.283320	0.800782	7.262480	205.629000	209.699000	200.169000	26.949800	15.151100	71.875600	0.000000	217.698000	0.000000	0.684521	1.717270	1.854140	2.394780	
   13	124.120000	116.660000	112.790000	108.900000	106.980000	110.720000	132.550000	149.230000	155.520000	150.160000	137.940000	108.900000	108.250000	108.510000	108.900000	121.120000	147.530000	152.940000	174.990000	171.450000	153.020000	152.480000	148.030000	139.100000	53.600000	50.000000	28.040000	28.000000	30.360000	28.000000	37.920000	13.640000	13.640000	13.640000	14.400000	29.080000	24.000000	24.360000	24.160000	40.000000	30.320000	10.000000	5.160000	5.000000	5.000000	5.160000	7.160000	10.720000	124.100000	116.660000	113.500000	108.900000	106.830000	109.720000	127.550000	149.230000	155.520000	147.660000	137.940000	108.900000	108.250000	112.720000	117.020000	121.120000	151.530000	157.160000	179.490000	174.010000	153.020000	152.480000	150.000000	139.100000	118.340000	119.006000	114.059000	116.901000	115.973000	108.520000	122.301000	140.002000	156.741000	148.912000	133.548000	112.616000	117.035000	115.324000	113.603000	117.341000	126.649000	154.942000	154.395000	148.377000	146.376000	176.296000	139.308000	127.503000	0.436000	0.000000	0.642726	0.000000	0.670166	0.000000	0.654902	0.000000	0.608507	0.000000	0.566372	0.000000	0.553331	0.000000	0.572926	0.020200	0.605157	0.205700	0.631952	0.388400	103.200000	98.118400	136.379000	150.694000	155.277000	171.739000	157.527000	141.763000	145.803000	150.977000	140.258000	128.542000	0.524106	0.697500	0.496064	0.855600	0.484230	0.543000	0.483776	0.466300	0.479322	0.362300	0.459701	0.151500	0.410230	0.007900	0.396553	0.000000	0.381137	0.000000	0.359890	0.000000	0.369814	0.000000	0.689745	0.000000	0.252818	0.000000	0.242372	0.000000	2.655570	2.462430	3.919660	0.000000	0.000000	3.022830	6.692470	4.096330	3.197870	0.000000	7.110490	231.013000	271.026000	30.086900	103.892000	33.747400	52.785700	0.000000	157.707000	0.000000	0.702405	1.790360	2.080640	2.648680	
   14	124.120000	116.660000	112.790000	108.900000	106.980000	110.720000	132.550000	149.230000	155.520000	150.160000	137.940000	108.900000	108.250000	108.510000	108.900000	121.120000	147.530000	152.940000	174.990000	171.450000	153.020000	152.480000	148.030000	139.100000	53.600000	50.000000	28.040000	28.000000	30.360000	28.000000	37.920000	13.640000	13.640000	13.640000	14.400000	29.080000	24.000000	24.360000	24.160000	40.000000	30.320000	10.000000	5.160000	5.000000	5.000000	5.160000	7.160000	10.720000	124.100000	116.660000	113.500000	108.900000	106.830000	109.720000	127.550000	149.230000	155.520000	147.660000	137.940000	108.900000	108.250000	112.720000	117.020000	121.120000	151.530000	157.160000	179.490000	174.010000	153.020000	152.480000	150.000000	139.100000	118.340000	123.295000	111.353000	111.966000	115.680000	112.731000	122.255000	146.582000	158.552000	148.586000	127.977000	112.897000	112.293000	114.321000	117.188000	122.074000	126.028000	146.027000	154.670000	162.495000	157.288000	162.317000	135.767000	125.539000	0.436000	0.000000	0.603494	0.000000	0.617179	0.000000	0.601917	0.000000	0.570636	0.000000	0.527234	0.000000	0.507635	0.000000	0.508299	0.018100	0.519861	0.197400	0.547218	0.416400	103.200000	104.397000	115.924000	132.154000	135.693000	148.297000	140.493000	139.421000	138.508000	157.627000	143.282000	131.084000	0.361812	1.023400	0.299669	0.830800	0.271994	0.583800	0.246231	0.341900	0.238099	0.259900	0.260023	0.116200	0.261934	0.004900	0.234953	0.000000	0.199897	0.000000	0.143370	0.000000	0.118276	0.000000	0.138162	0.000000	0.169019	0.000000	0.178711	0.000000	2.655570	3.016350	4.611860	0.000000	0.000000	5.018340	6.712000	4.479200	3.021760	0.000000	19.881300	210.509000	206.790000	323.040000	3.531740	12.218200	60.455100	0.231316	208.455000	0.000000	0.772767	1.923190	1.947270	2.462280	
   15	124.120000	116.660000	112.790000	108.900000	106.980000	110.720000	132.550000	149.230000	155.520000	150.160000	137.940000	108.900000	108.250000	108.510000	108.900000	121.120000	147.530000	152.940000	174.990000	171.450000	153.020000	152.480000	148.030000	139.100000	53.600000	50.000000	28.040000	28.000000	30.360000	28.000000	37.920000	13.640000	13.640000	13.640000	14.400000	29.080000	24.000000	24.360000	24.160000	40.000000	30.320000	10.000000	5.160000	5.000000	5.000000	5.160000	7.160000	10.720000	124.100000	116.660000	113.500000	108.900000	106.830000	109.720000	127.550000	149.230000	155.520000	147.660000	137.940000	108.900000	108.250000	112.720000	117.020000	121.120000	151.530000	157.160000	179.490000	174.010000	153.020000	152.480000	150.000000	139.100000	118.340000	115.112000	117.128000	119.125000	115.617000	108.746000	121.862000	145.503000	166.133000	153.959000	130.950000	116.148000	113.721000	110.240000	106.989000	117.389000	130.419000	149.937000	155.530000	152.084000	147.456000	147.489000	139.961000	125.004000	0.436000	0.000000	0.621067	0.000000	0.652831	0.000000	0.633704	0.000000	0.585885	0.000000	0.539678	0.000000	0.523989	0.000000	0.557702	0.022200	0.586672	0.162700	0.595459	0.431800	103.200000	113.910000	110.730000	129.395000	141.187000	149.198000	162.505000	156.387000	143.690000	155.964000	147.871000	143.722000	0.550117	0.601800	0.505996	0.607800	0.431205	0.534700	0.484609	0.401900	0.522904	0.319000	0.538040	0.164100	0.547732	0.006100	0.517168	0.000000	0.461216	0.000000	0.427227	0.000000	0.421440	0.000000	0.451890	0.000000	0.457842	0.000000	0.463164	0.000000	2.655570	2.476570	3.694170	0.000000	0.000000	2.369390	5.878310	4.640570	3.488110	0.557102	17.473000	207.565000	203.045000	191.595000	12.990800	0.762893	50.269100	0.000000	204.344000	0.000000	0.710520	1.743940	1.884540	2.458560	
   16	124.120000	116.660000	112.790000	108.900000	106.980000	110.720000	132.550000	149.230000	155.520000	150.160000	137.940000	108.900000	108.250000	108.510000	108.900000	121.120000	147.530000	152.940000	174.990000	171.450000	153.020000	152.480000	148.030000	139.100000	53.600000	50.000000	28.040000	28.000000	30.360000	28.000000	37.920000	13.640000	13.640000	13.640000	14.400000	29.080000	24.000000	24.360000	24.160000	40.000000	30.320000	10.000000	5.160000	5.000000	5.000000	5.160000	7.160000	10.720000	124.100000	116.660000	113.500000	108.900000	106.830000	109.720000	127.550000	149.230000	155.520000	147.660000	137.940000	108.900000	108.250000	112.720000	117.020000	121.120000	151.530000	157.160000	179.490000	174.010000	153.020000	152.480000	150.000000	139.100000	118.340000	121.590000	112.734000	110.977000	120.864000	108.648000	122.765000	143.847000	158.798000	136.708000	136.550000	116.983000	111.457000	116.035000	117.127000	116.909000	125.951000	147.365000	160.584000	141.724000	147.345000	167.133000	139.992000	117.382000	0.436000	0.000000	0.621444	0.000000	0.648635	0.000000	0.650129	0.000000	0.608648	0.000000	0.555711	0.000000	0.553815	0.000000	0.586462	0.016200	0.638604	0.228600	0.625844	0.370100	103.200000	102.323000	96.237900	98.764500	135.401000	144.668000	140.793000	150.747000	144.081000	156.316000	146.446000	125.453000	0.581589	0.836800	0.504231	0.582400	0.475400	0.624600	0.494171	0.391700	0.545138	0.216800	0.607652	0.112600	0.626658	0.006300	0.605415	0.000000	0.584796	0.000000	0.812388	0.000000	0.835724	0.000000	0.884700	0.000000	0.888113	0.000000	0.861975	0.000000	2.655570	3.284770	4.585280	0.000000	0.000000	2.857300	7.097610	4.663810	3.568340	0.000000	10.173400	209.484000	207.060000	151.702000	17.362500	0.438527	49.656900	0.000000	210.355000	0.153870	1.146060	1.797680	2.042260	2.391370	
   17	124.120000	116.660000	112.790000	108.900000	106.980000	110.720000	132.550000	149.230000	155.520000	150.160000	137.940000	108.900000	108.250000	108.510000	108.900000	121.120000	147.530000	152.940000	174.990000	171.450000	153.020000	152.480000	148.030000	139.100000	53.600000	50.000000	28.040000	28.000000	30.360000	28.000000	37.920000	13.640000	13.640000	13.640000	14.400000	29.080000	24.000000	24.360000	24.160000	40.000000	30.320000	10.000000	5.160000	5.000000	5.000000	5.160000	7.160000	10.720000	124.100000	116.660000	113.500000	108.900000	106.830000	109.720000	127.550000	149.230000	155.520000	147.660000	137.940000	108.900000	108.250000	112.720000	117.020000	121.120000	151.530000	157.160000	179.490000	174.010000	153.020000	152.480000	150.000000	139.100000	118.340000	123.295000	111.353000	111.966000	115.680000	112.731000	122.255000	146.582000	158.552000	148.586000	127.977000	112.897000	112.293000	114.321000	117.188000	122.074000	126.028000	146.027000	154.670000	162.495000	157.288000	162.317000	135.767000	125.539000	0.436000	0.000000	0.603494	0.000000	0.617179	0.000000	0.601917	0.000000	0.570636	0.000000	0.527234	0.000000	0.507635	0.000000	0.508299	0.018100	0.519861	0.197400	0.547218	0.416400	103.200000	111.558000	112.834000	125.759000	135.489000	153.840000	180.412000	161.524000	150.990000	167.760000	135.023000	127.733000	0.673102	0.663300	0.641272	0.632800	0.635356	0.436100	0.644322	0.295900	0.670615	0.190700	0.681026	0.073700	0.670572	0.005300	0.616276	0.000000	0.531025	0.000000	0.489509	0.000000	0.529294	0.000000	0.561311	0.000000	0.617900	0.000000	0.668047	0.000000	2.655570	2.152210	3.280570	0.112338	0.000000	0.000000	4.981730	4.355890	3.634370	0.163509	3.835190	184.616000	176.457000	397.501000	31.245700	17.362600	55.889600	3.333000	192.739000	0.626269	1.210630	1.684830	1.806950	2.075530	
   18	124.120000	116.660000	112.790000	108.900000	106.980000	110.720000	132.550000	149.230000	155.520000	150.160000	137.940000	108.900000	108.250000	108.510000	108.900000	121.120000	147.530000	152.940000	174.990000	171.450000	153.020000	152.480000	148.030000	139.100000	53.600000	50.000000	28.040000	28.000000	30.360000	28.000000	37.920000	13.640000	13.640000	13.640000	14.400000	29.080000	24.000000	24.360000	24.160000	40.000000	30.320000	10.000000	5.160000	5.000000	5.000000	5.160000	7.160000	10.720000	124.100000	116.660000	113.500000	108.900000	106.830000	109.720000	127.550000	149.230000	155.520000	147.660000	137.940000	108.900000	108.250000	112.720000	117.020000	121.120000	151.530000	157.160000	179.490000	174.010000	153.020000	152.480000	150.000000	139.100000	118.340000	115.112000	117.128000	119.125000	115.617000	108.746000	121.862000	145.503000	166.133000	153.959000	130.950000	116.148000	113.721000	110.240000	106.989000	117.389000	130.419000	149.937000	155.530000	152.084000	147.456000	147.489000	139.961000	125.004000	0.436000	0.000000	0.621067	0.000000	0.652831	0.000000	0.633704	0.000000	0.585885	0.000000	0.539678	0.000000	0.523989	0.000000	0.557702	0.022200	0.586672	0.162700	0.595459	0.431800	103.200000	113.910000	110.730000	129.395000	141.187000	149.198000	162.505000	156.387000	143.690000	155.964000	147.871000	143.722000	0.550117	0.601800	0.505996	0.607800	0.431205	0.534700	0.484609	0.401900	0.522904	0.319000	0.538040	0.164100	0.547732	0.006100	0.517168	0.000000	0.461216	0.000000	0.427227	0.000000	0.421440	0.000000	0.451890	0.000000	0.457842	0.000000	0.463164	0.000000	2.655570	2.476570	3.694170	0.000000	0.000000	2.369390	5.878310	4.640570	3.488110	0.557102	17.473000	207.565000	203.045000	191.595000	12.990800	0.762893	50.269100	0.000000	204.344000	0.000000	0.710520	1.743940	1.884540	2.458560	
   19	124.120000	116.660000	112.790000	108.900000	106.980000	110.720000	132.550000	149.230000	155.520000	150.160000	137.940000	108.900000	108.250000	108.510000	108.900000	121.120000	147.530000	152.940000	174.990000	171.450000	153.020000	152.480000	148.030000	139.100000	53.600000	50.000000	28.040000	28.000000	30.360000	28.000000	37.920000	13.640000	13.640000	13.640000	14.400000	29.080000	24.000000	24.360000	24.160000	40.000000	30.320000	10.000000	5.160000	5.000000	5.000000	5.160000	7.160000	10.720000	124.100000	116.660000	113.500000	108.900000	106.830000	109.720000	127.550000	149.230000	155.520000	147.660000	137.940000	108.900000	108.250000	112.720000	117.020000	121.120000	151.530000	157.160000	179.490000	174.010000	153.020000	152.480000	150.000000	139.100000	118.340000	123.295000	111.353000	111.966000	115.680000	112.731000	122.255000	146.582000	158.552000	148.586000	127.977000	112.897000	112.293000	114.321000	117.188000	122.074000	126.028000	146.027000	154.670000	162.495000	157.288000	162.317000	135.767000	125.539000	0.436000	0.000000	0.603494	0.000000	0.617179	0.000000	0.601917	0.000000	0.570636	0.000000	0.527234	0.000000	0.507635	0.000000	0.508299	0.018100	0.519861	0.197400	0.547218	0.416400	103.200000	127.637000	134.788000	154.603000	155.568000	172.254000	166.728000	182.957000	181.620000	180.756000	155.038000	106.538000	0.880175	0.797600	0.834342	0.929200	0.787635	0.859700	0.740875	0.479300	0.367999	0.326300	0.410576	0.103400	0.436749	0.005500	0.462850	0.000000	0.418641	0.000000	0.370307	0.000000	0.393796	0.000000	0.453250	0.000000	0.503188	0.000000	0.482390	0.000000	2.655570	2.621330	3.898370	0.370529	0.582545	1.778340	6.163560	4.548780	3.292430	0.000000	27.408800	205.335000	206.287000	210.628000	0.000000	0.000000	50.948800	0.082634	214.155000	0.387805	0.788585	1.583560	1.964780	2.365920	
   20	124.120000	116.660000	112.790000	108.900000	106.980000	110.720000	132.550000	149.230000	155.520000	150.160000	137.940000	108.900000	108.250000	108.510000	108.900000	121.120000	147.530000	152.940000	174.990000	171.450000	153.020000	152.480000	148.030000	139.100000	53.600000	50.000000	28.040000	28.000000	30.360000	28.000000	37.920000	13.640000	13.640000	13.640000	14.400000	29.080000	24.000000	24.360000	24.160000	40.000000	30.320000	10.000000	5.160000	5.000000	5.000000	5.160000	7.160000	10.720000	124.100000	116.660000	113.500000	108.900000	106.830000	109.720000	127.550000	149.230000	155.520000	147.660000	137.940000	108.900000	108.250000	112.720000	117.020000	121.120000	151.530000	157.160000	179.490000	174.010000	153.020000	152.480000	150.000000	139.100000	118.340000	115.112000	117.128000	119.125000	115.617000	108.746000	121.862000	145.503000	166.133000	153.959000	130.950000	116.148000	113.721000	110.240000	106.989000	117.389000	130.419000	149.937000	155.530000	152.084000	147.456000	147.489000	139.961000	125.004000	0.436000	0.000000	0.621067	0.000000	0.652831	0.000000	0.633704	0.000000	0.585885	0.000000	0.539678	0.000000	0.523989	0.000000	0.557702	0.022200	0.586672	0.162700	0.595459	0.431800	103.200000	113.910000	110.730000	129.395000	141.187000	149.198000	162.505000	156.387000	143.690000	155.964000	147.871000	143.722000	0.550117	0.601800	0.505996	0.607800	0.431205	0.534700	0.484609	0.401900	0.522904	0.319000	0.538040	0.164100	0.547732	0.006100	0.517168	0.000000	0.461216	0.000000	0.427227	0.000000	0.421440	0.000000	0.451890	0.000000	0.457842	0.000000	0.463164	0.000000	2.655570	2.476570	3.694170	0.000000	0.000000	2.369390	5.878310	4.640570	3.488110	0.557102	17.473000	207.565000	203.045000	191.595000	12.990800	0.762893	50.269100	0.000000	204.344000	0.000000	0.710520	1.743940	1.884540	2.458560	
   21	124.120000	116.660000	112.790000	108.900000	106.980000	110.720000	132.550000	149.230000	155.520000	150.160000	137.940000	108.900000	108.250000	108.510000	108.900000	121.120000	147.530000	152.940000	174.990000	171.450000	153.020000	152.480000	148.030000	139.100000	53.600000	50.000000	28.040000	28.000000	30.360000	28.000000	37.920000	13.640000	13.640000	13.640000	14.400000	29.080000	24.000000	24.360000	24.160000	40.000000	30.320000	10.000000	5.160000	5.000000	5.000000	5.160000	7.160000	10.720000	124.100000	116.660000	113.500000	108.900000	106.830000	109.720000	127.550000	149.230000	155.520000	147.660000	137.940000	108.900000	108.250000	112.720000	117.020000	121.120000	151.530000	157.160000	179.490000	174.010000	153.020000	152.480000	150.000000	139.100000	118.340000	115.112000	117.128000	119.125000	115.617000	108.746000	121.862000	145.503000	166.133000	153.959000	130.950000	116.148000	113.721000	110.240000	106.989000	117.389000	130.419000	149.937000	155.530000	152.084000	147.456000	147.489000	139.961000	125.004000	0.436000	0.000000	0.621067	0.000000	0.652831	0.000000	0.633704	0.000000	0.585885	0.000000	0.539678	0.000000	0.523989	0.000000	0.557702	0.022200	0.586672	0.162700	0.595459	0.431800	103.200000	113.910000	110.730000	129.395000	141.187000	149.198000	162.505000	156.387000	143.690000	155.964000	147.871000	143.722000	0.550117	0.601800	0.505996	0.607800	0.431205	0.534700	0.484609	0.401900	0.522904	0.319000	0.538040	0.164100	0.547732	0.006100	0.517168	0.000000	0.461216	0.000000	0.427227	0.000000	0.421440	0.000000	0.451890	0.000000	0.457842	0.000000	0.463164	0.000000	2.655570	2.476570	3.694170	0.000000	0.000000	2.369390	5.878310	4.640570	3.488110	0.557102	17.473000	207.565000	203.045000	191.595000	12.990800	0.762893	50.269100	0.000000	204.344000	0.000000	0.710520	1.743940	1.884540	2.458560	
   22	124.120000	116.660000	112.790000	108.900000	106.980000	110.720000	132.550000	149.230000	155.520000	150.160000	137.940000	108.900000	108.250000	108.510000	108.900000	121.120000	147.530000	152.940000	174.990000	171.450000	153.020000	152.480000	148.030000	139.100000	53.600000	50.000000	28.040000	28.000000	30.360000	28.000000	37.920000	13.640000	13.640000	13.640000	14.400000	29.080000	24.000000	24.360000	24.160000	40.000000	30.320000	10.000000	5.160000	5.000000	5.000000	5.160000	7.160000	10.720000	124.100000	116.660000	113.500000	108.900000	106.830000	109.720000	127.550000	149.230000	155.520000	147.660000	137.940000	108.900000	108.250000	112.720000	117.020000	121.120000	151.530000	157.160000	179.490000	174.010000	153.020000	152.480000	150.000000	139.100000	118.340000	115.112000	117.128000	119.125000	115.617000	108.746000	121.862000	145.503000	166.133000	153.959000	130.950000	116.148000	113.721000	110.240000	106.989000	117.389000	130.419000	149.937000	155.530000	152.084000	147.456000	147.489000	139.961000	125.004000	0.436000	0.000000	0.621067	0.000000	0.652831	0.000000	0.633704	0.000000	0.585885	0.000000	0.539678	0.000000	0.523989	0.000000	0.557702	0.022200	0.586672	0.162700	0.595459	0.431800	103.200000	113.910000	110.730000	129.395000	141.187000	149.198000	162.505000	156.387000	143.690000	155.964000	147.871000	143.722000	0.550117	0.601800	0.505996	0.607800	0.431205	0.534700	0.484609	0.401900	0.522904	0.319000	0.538040	0.164100	0.547732	0.006100	0.517168	0.000000	0.461216	0.000000	0.427227	0.000000	0.421440	0.000000	0.451890	0.000000	0.457842	0.000000	0.463164	0.000000	2.655570	2.476570	3.694170	0.000000	0.000000	2.369390	5.878310	4.640570	3.488110	0.557102	17.473000	207.565000	203.045000	191.595000	12.990800	0.762893	50.269100	0.000000	204.344000	0.000000	0.710520	1.743940	1.884540	2.458560	
   23	124.120000	116.660000	112.790000	108.900000	106.980000	110.720000	132.550000	149.230000	155.520000	150.160000	137.940000	108.900000	108.250000	108.510000	108.900000	121.120000	147.530000	152.940000	174.990000	171.450000	153.020000	152.480000	148.030000	139.100000	53.600000	50.000000	28.040000	28.000000	30.360000	28.000000	37.920000	13.640000	13.640000	13.640000	14.400000	29.080000	24.000000	24.360000	24.160000	40.000000	30.320000	10.000000	5.160000	5.000000	5.000000	5.160000	7.160000	10.720000	124.100000	116.660000	113.500000	108.900000	106.830000	109.720000	127.550000	149.230000	155.520000	147.660000	137.940000	108.900000	108.250000	112.720000	117.020000	121.120000	151.530000	157.160000	179.490000	174.010000	153.020000	152.480000	150.000000	139.100000	118.340000	115.112000	117.128000	119.125000	115.617000	108.746000	121.862000	145.503000	166.133000	153.959000	130.950000	116.148000	113.721000	110.240000	106.989000	117.389000	130.419000	149.937000	155.530000	152.084000	147.456000	147.489000	139.961000	125.004000	0.436000	0.000000	0.621067	0.000000	0.652831	0.000000	0.633704	0.000000	0.585885	0.000000	0.539678	0.000000	0.523989	0.000000	0.557702	0.022200	0.586672	0.162700	0.595459	0.431800	103.200000	113.910000	110.730000	129.395000	141.187000	149.198000	162.505000	156.387000	143.690000	155.964000	147.871000	143.722000	0.550117	0.601800	0.505996	0.607800	0.431205	0.534700	0.484609	0.401900	0.522904	0.319000	0.538040	0.164100	0.547732	0.006100	0.517168	0.000000	0.461216	0.000000	0.427227	0.000000	0.421440	0.000000	0.451890	0.000000	0.457842	0.000000	0.463164	0.000000	2.655570	2.476570	3.694170	0.000000	0.000000	2.369390	5.878310	4.640570	3.488110	0.557102	17.473000	207.565000	203.045000	191.595000	12.990800	0.762893	50.269100	0.000000	204.344000	0.000000	0.710520	1.743940	1.884540	2.458560	
   24	124.120000	116.660000	112.790000	108.900000	106.980000	110.720000	132.550000	149.230000	155.520000	150.160000	137.940000	108.900000	108.250000	108.510000	108.900000	121.120000	147.530000	152.940000	174.990000	171.450000	153.020000	152.480000	148.030000	139.100000	53.600000	50.000000	28.040000	28.000000	30.360000	28.000000	37.920000	13.640000	13.640000	13.640000	14.400000	29.080000	24.000000	24.360000	24.160000	40.000000	30.320000	10.000000	5.160000	5.000000	5.000000	5.160000	7.160000	10.720000	124.100000	116.660000	113.500000	108.900000	106.830000	109.720000	127.550000	149.230000	155.520000	147.660000	137.940000	108.900000	108.250000	112.720000	117.020000	121.120000	151.530000	157.160000	179.490000	174.010000	153.020000	152.480000	150.000000	139.100000	118.340000	115.112000	117.128000	119.125000	115.617000	108.746000	121.862000	145.503000	166.133000	153.959000	130.950000	116.148000	113.721000	110.240000	106.989000	117.389000	130.419000	149.937000	155.530000	152.084000	147.456000	147.489000	139.961000	125.004000	0.436000	0.000000	0.621067	0.000000	0.652831	0.000000	0.633704	0.000000	0.585885	0.000000	0.539678	0.000000	0.523989	0.000000	0.557702	0.022200	0.586672	0.162700	0.595459	0.431800	103.200000	113.910000	110.730000	129.395000	141.187000	149.198000	162.505000	156.387000	143.690000	155.964000	147.871000	143.722000	0.550117	0.601800	0.505996	0.607800	0.431205	0.534700	0.484609	0.401900	0.522904	0.319000	0.538040	0.164100	0.547732	0.006100	0.517168	0.000000	0.461216	0.000000	0.427227	0.000000	0.421440	0.000000	0.451890	0.000000	0.457842	0.000000	0.463164	0.000000	2.655570	2.476570	3.694170	0.000000	0.000000	2.369390	5.878310	4.640570	3.488110	0.557102	17.473000	207.565000	203.045000	191.595000	12.990800	0.762893	50.269100	0.000000	204.344000	0.000000	0.710520	1.743940	1.884540	2.458560	
   25	124.120000	116.660000	112.790000	108.900000	106.980000	110.720000	132.550000	149.230000	155.520000	150.160000	137.940000	108.900000	108.250000	108.510000	108.900000	121.120000	147.530000	152.940000	174.990000	171.450000	153.020000	152.480000	148.030000	139.100000	53.600000	50.000000	28.040000	28.000000	30.360000	28.000000	37.920000	13.640000	13.640000	13.640000	14.400000	29.080000	24.000000	24.360000	24.160000	40.000000	30.320000	10.000000	5.160000	5.000000	5.000000	5.160000	7.160000	10.720000	124.100000	116.660000	113.500000	108.900000	106.830000	109.720000	127.550000	149.230000	155.520000	147.660000	137.940000	108.900000	108.250000	112.720000	117.020000	121.120000	151.530000	157.160000	179.490000	174.010000	153.020000	152.480000	150.000000	139.100000	118.340000	119.006000	114.059000	116.901000	115.973000	108.520000	122.301000	140.002000	156.741000	148.912000	133.548000	112.616000	117.035000	115.324000	113.603000	117.341000	126.649000	154.942000	154.395000	148.377000	146.376000	176.296000	139.308000	127.503000	0.436000	0.000000	0.642726	0.000000	0.670166	0.000000	0.654902	0.000000	0.608507	0.000000	0.566372	0.000000	0.553331	0.000000	0.572926	0.020200	0.605157	0.205700	0.631952	0.388400	103.200000	127.637000	134.788000	154.603000	155.568000	172.254000	166.728000	182.957000	181.620000	180.756000	155.038000	145.354000	0.563911	0.487200	0.569602	0.434900	0.494389	0.440200	0.532346	0.403400	0.540964	0.390000	0.544721	0.168800	0.489576	0.006200	0.487943	0.000000	0.436964	0.000000	0.419769	0.000000	0.301970	0.000000	0.341550	0.000000	0.353686	0.000000	0.339444	0.000000	2.655570	3.215430	4.610430	0.136799	0.000000	2.906410	7.386760	4.655960	2.882760	0.011052	22.270200	210.114000	213.792000	143.033000	0.000000	0.000000	50.281500	0.000000	210.107000	0.408461	0.177022	1.998510	1.814830	2.177170	
   26	124.120000	116.660000	112.790000	108.900000	106.980000	110.720000	132.550000	149.230000	155.520000	150.160000	137.940000	108.900000	108.250000	108.510000	108.900000	121.120000	147.530000	152.940000	174.990000	171.450000	153.020000	152.480000	148.030000	139.100000	53.600000	50.000000	28.040000	28.000000	30.360000	28.000000	37.920000	13.640000	13.640000	13.640000	14.400000	29.080000	24.000000	24.360000	24.160000	40.000000	30.320000	10.000000	5.160000	5.000000	5.000000	5.160000	7.160000	10.720000	124.100000	116.660000	113.500000	108.900000	106.830000	109.720000	127.550000	149.230000	155.520000	147.660000	137.940000	108.900000	108.250000	112.720000	117.020000	121.120000	151.530000	157.160000	179.490000	174.010000	153.020000	152.480000	150.000000	139.100000	118.340000	123.295000	111.353000	111.966000	115.680000	112.731000	122.255000	146.582000	158.552000	148.586000	127.977000	112.897000	112.293000	114.321000	117.188000	122.074000	126.028000	146.027000	154.670000	162.495000	157.288000	162.317000	135.767000	125.539000	0.436000	0.000000	0.603494	0.000000	0.617179	0.000000	0.601917	0.000000	0.570636	0.000000	0.527234	0.000000	0.507635	0.000000	0.508299	0.018100	0.519861	0.197400	0.547218	0.416400	103.200000	112.685000	118.400000	127.664000	132.633000	154.422000	175.702000	175.326000	191.426000	207.258000	166.116000	156.055000	0.525210	0.301800	0.522965	0.447800	0.581733	0.572200	0.675567	0.478900	0.757839	0.482600	0.744312	0.290400	0.763941	0.010300	0.809926	0.000000	0.815660	0.000000	0.812388	0.000000	0.835724	0.000000	0.884700	0.000000	0.888113	0.000000	0.771361	0.000000	2.655570	3.583600	5.067420	0.000000	0.000000	2.231630	7.308120	4.537140	2.633530	0.653502	0.000000	198.598000	202.624000	250.152000	36.036800	9.536360	50.624900	0.149821	218.089000	0.153870	1.146060	1.797680	2.042260	2.048130	
   27	124.120000	116.660000	112.790000	108.900000	106.980000	110.720000	132.550000	149.230000	155.520000	150.160000	137.940000	108.900000	108.250000	108.510000	108.900000	121.120000	147.530000	152.940000	174.990000	171.450000	153.020000	152.480000	148.030000	139.100000	53.600000	50.000000	28.040000	28.000000	30.360000	28.000000	37.920000	13.640000	13.640000	13.640000	14.400000	29.080000	24.000000	24.360000	24.160000	40.000000	30.320000	10.000000	5.160000	5.000000	5.000000	5.160000	7.160000	10.720000	124.100000	116.660000	113.500000	108.900000	106.830000	109.720000	127.550000	149.230000	155.520000	147.660000	137.940000	108.900000	108.250000	112.720000	117.020000	121.120000	151.530000	157.160000	179.490000	174.010000	153.020000	152.480000	150.000000	139.100000	118.340000	121.590000	112.734000	110.977000	120.864000	108.648000	122.765000	143.847000	158.798000	136.708000	136.550000	116.983000	111.457000	116.035000	117.127000	116.909000	125.951000	147.365000	160.584000	141.724000	147.345000	167.133000	139.992000	117.382000	0.436000	0.000000	0.621444	0.000000	0.648635	0.000000	0.650129	0.000000	0.608648	0.000000	0.555711	0.000000	0.553815	0.000000	0.586462	0.016200	0.638604	0.228600	0.625844	0.370100	103.200000	124.502000	120.601000	129.538000	138.583000	164.358000	177.159000	189.067000	204.631000	219.914000	159.954000	150.228000	0.456137	0.426500	0.463535	0.502200	0.482044	0.362500	0.689910	0.396500	0.670868	0.261500	0.607787	0.118000	0.549428	0.006700	0.492043	0.000000	0.380877	0.000000	0.314144	0.000000	0.305349	0.000000	0.328674	0.000000	0.362916	0.000000	0.363539	0.000000	2.655570	3.483040	5.131160	1.762130	9.088070	14.308400	5.937540	4.272990	2.751480	2.778570	0.000000	204.473000	196.093000	0.000000	15.117700	0.000000	46.493100	0.000000	252.805000	0.000000	0.781004	1.712550	2.057670	2.662260	
   28	124.120000	116.660000	112.790000	108.900000	106.980000	110.720000	132.550000	149.230000	155.520000	150.160000	137.940000	108.900000	108.250000	108.510000	108.900000	121.120000	147.530000	152.940000	174.990000	171.450000	153.020000	152.480000	148.030000	139.100000	53.600000	50.000000	28.040000	28.000000	30.360000	28.000000	37.920000	13.640000	13.640000	13.640000	14.400000	29.080000	24.000000	24.360000	24.160000	40.000000	30.320000	10.000000	5.160000	5.000000	5.000000	5.160000	7.160000	10.720000	124.100000	116.660000	113.500000	108.900000	106.830000	109.720000	127.550000	149.230000	155.520000	147.660000	137.940000	108.900000	108.250000	112.720000	117.020000	121.120000	151.530000	157.160000	179.490000	174.010000	153.020000	152.480000	150.000000	139.100000	118.340000	115.112000	117.128000	119.125000	115.617000	108.746000	121.862000	145.503000	166.133000	153.959000	130.950000	116.148000	113.721000	110.240000	106.989000	117.389000	130.419000	149.937000	155.530000	152.084000	147.456000	147.489000	139.961000	125.004000	0.436000	0.000000	0.621067	0.000000	0.652831	0.000000	0.633704	0.000000	0.585885	0.000000	0.539678	0.000000	0.523989	0.000000	0.557702	0.022200	0.586672	0.162700	0.595459	0.431800	103.200000	113.910000	110.730000	129.395000	141.187000	149.198000	162.505000	156.387000	143.690000	155.964000	147.871000	143.722000	0.550117	0.601800	0.505996	0.607800	0.431205	0.534700	0.484609	0.401900	0.522904	0.319000	0.538040	0.164100	0.547732	0.006100	0.517168	0.000000	0.461216	0.000000	0.427227	0.000000	0.421440	0.000000	0.451890	0.000000	0.457842	0.000000	0.463164	0.000000	2.655570	2.476570	3.694170	0.000000	0.000000	2.369390	5.878310	4.640570	3.488110	0.557102	17.473000	207.565000	203.045000	191.595000	12.990800	0.762893	50.269100	0.000000	204.344000	0.000000	0.710520	1.743940	1.884540	2.458560	
   29	124.120000	116.660000	112.790000	108.900000	106.980000	110.720000	132.550000	149.230000	155.520000	150.160000	137.940000	108.900000	108.250000	108.510000	108.900000	121.120000	147.530000	152.940000	174.990000	171.450000	153.020000	152.480000	148.030000	139.100000	53.600000	50.000000	28.040000	28.000000	30.360000	28.000000	37.920000	13.640000	13.640000	13.640000	14.400000	29.080000	24.000000	24.360000	24.160000	40.000000	30.320000	10.000000	5.160000	5.000000	5.000000	5.160000	7.160000	10.720000	124.100000	116.660000	113.500000	108.900000	106.830000	109.720000	127.550000	149.230000	155.520000	147.660000	137.940000	108.900000	108.250000	112.720000	117.020000	121.120000	151.530000	157.160000	179.490000	174.010000	153.020000	152.480000	150.000000	139.100000	118.340000	121.590000	112.734000	110.977000	120.864000	108.648000	122.765000	143.847000	158.798000	136.708000	136.550000	116.983000	111.457000	116.035000	117.127000	116.909000	125.951000	147.365000	160.584000	141.724000	147.345000	167.133000	139.992000	117.382000	0.436000	0.000000	0.621444	0.000000	0.648635	0.000000	0.650129	0.000000	0.608648	0.000000	0.555711	0.000000	0.553815	0.000000	0.586462	0.016200	0.638604	0.228600	0.625844	0.370100	103.200000	132.057000	143.514000	136.001000	121.219000	182.753000	183.663000	195.114000	182.136000	181.423000	169.507000	154.453000	1.120030	0.558800	1.066830	0.628000	1.022790	0.335900	0.996173	0.335500	0.986644	0.354700	0.994742	0.192800	0.954517	0.008700	0.858645	0.000000	0.740016	0.000000	0.636743	0.000000	0.546095	0.000000	0.453129	0.000000	0.501272	0.000000	0.473310	0.000000	2.655570	3.256360	4.472430	0.000000	0.000000	2.826760	7.104910	4.656400	3.029530	0.000000	20.607800	204.853000	190.328000	220.575000	16.934000	0.000000	59.270900	0.000000	833.523000	0.954304	0.472355	1.774470	1.938690	2.432930	
   30	124.120000	116.660000	112.790000	108.900000	106.980000	110.720000	132.550000	149.230000	155.520000	150.160000	137.940000	108.900000	108.250000	108.510000	108.900000	121.120000	147.530000	152.940000	174.990000	171.450000	153.020000	152.480000	148.030000	139.100000	53.600000	50.000000	28.040000	28.000000	30.360000	28.000000	37.920000	13.640000	13.640000	13.640000	14.400000	29.080000	24.000000	24.360000	24.160000	40.000000	30.320000	10.000000	5.160000	5.000000	5.000000	5.160000	7.160000	10.720000	124.100000	116.660000	113.500000	108.900000	106.830000	109.720000	127.550000	149.230000	155.520000	147.660000	137.940000	108.900000	108.250000	112.720000	117.020000	121.120000	151.530000	157.160000	179.490000	174.010000	153.020000	152.480000	150.000000	139.100000	118.340000	115.112000	117.128000	119.125000	115.617000	108.746000	121.862000	145.503000	166.133000	153.959000	130.950000	116.148000	113.721000	110.240000	106.989000	117.389000	130.419000	149.937000	155.530000	152.084000	147.456000	147.489000	139.961000	125.004000	0.436000	0.000000	0.621067	0.000000	0.652831	0.000000	0.633704	0.000000	0.585885	0.000000	0.539678	0.000000	0.523989	0.000000	0.557702	0.022200	0.586672	0.162700	0.595459	0.431800	103.200000	113.910000	110.730000	129.395000	141.187000	149.198000	162.505000	156.387000	143.690000	155.964000	147.871000	143.722000	0.550117	0.601800	0.505996	0.607800	0.431205	0.534700	0.484609	0.401900	0.522904	0.319000	0.538040	0.164100	0.547732	0.006100	0.517168	0.000000	0.461216	0.000000	0.427227	0.000000	0.421440	0.000000	0.451890	0.000000	0.457842	0.000000	0.463164	0.000000	2.655570	2.476570	3.694170	0.000000	0.000000	2.369390	5.878310	4.640570	3.488110	0.557102	17.473000	207.565000	203.045000	191.595000	12.990800	0.762893	50.269100	0.000000	204.344000	0.000000	0.710520	1.743940	1.884540	2.458560	
   31	124.120000	116.660000	112.790000	108.900000	106.980000	110.720000	132.550000	149.230000	155.520000	150.160000	137.940000	108.900000	108.250000	108.510000	108.900000	121.120000	147.530000	152.940000	174.990000	171.450000	153.020000	152.480000	148.030000	139.100000	53.600000	50.000000	28.040000	28.000000	30.360000	28.000000	37.920000	13.640000	13.640000	13.640000	14.400000	29.080000	24.000000	24.360000	24.160000	40.000000	30.320000	10.000000	5.160000	5.000000	5.000000	5.160000	7.160000	10.720000	124.100000	116.660000	113.500000	108.900000	106.830000	109.720000	127.550000	149.230000	155.520000	147.660000	137.940000	108.900000	108.250000	112.720000	117.020000	121.120000	151.530000	157.160000	179.490000	174.010000	153.020000	152.480000	150.000000	139.100000	118.340000	115.112000	117.128000	119.125000	115.617000	108.746000	121.862000	145.503000	166.133000	153.959000	130.950000	116.148000	113.721000	110.240000	106.989000	117.389000	130.419000	149.937000	155.530000	152.084000	147.456000	147.489000	139.961000	125.004000	0.436000	0.000000	0.621067	0.000000	0.652831	0.000000	0.633704	0.000000	0.585885	0.000000	0.539678	0.000000	0.523989	0.000000	0.557702	0.022200	0.586672	0.162700	0.595459	0.431800	103.200000	113.910000	110.730000	129.395000	141.187000	149.198000	162.505000	156.387000	143.690000	155.964000	147.871000	143.722000	0.550117	0.601800	0.505996	0.607800	0.431205	0.534700	0.484609	0.401900	0.522904	0.319000	0.538040	0.164100	0.547732	0.006100	0.517168	0.000000	0.461216	0.000000	0.427227	0.000000	0.421440	0.000000	0.451890	0.000000	0.457842	0.000000	0.463164	0.000000	2.655570	2.476570	3.694170	0.000000	0.000000	2.369390	5.878310	4.640570	3.488110	0.557102	17.473000	207.565000	203.045000	191.595000	12.990800	0.762893	50.269100	0.000000	204.344000	0.000000	0.710520	1.743940	1.884540	2.458560	
   32	124.120000	116.660000	112.790000	108.900000	106.980000	110.720000	132.550000	149.230000	155.520000	150.160000	137.940000	108.900000	108.250000	108.510000	108.900000	121.120000	147.530000	152.940000	174.990000	171.450000	153.020000	152.480000	148.030000	139.100000	53.600000	50.000000	28.040000	28.000000	30.360000	28.000000	37.920000	13.640000	13.640000	13.640000	14.400000	29.080000	24.000000	24.360000	24.160000	40.000000	30.320000	10.000000	5.160000	5.000000	5.000000	5.160000	7.160000	10.720000	124.100000	116.660000	113.500000	108.900000	106.830000	109.720000	127.550000	149.230000	155.520000	147.660000	137.940000	108.900000	108.250000	112.720000	117.020000	121.120000	151.530000	157.160000	179.490000	174.010000	153.020000	152.480000	150.000000	139.100000	118.340000	119.006000	114.059000	116.901000	115.973000	108.520000	122.301000	140.002000	156.741000	148.912000	133.548000	112.616000	117.035000	115.324000	113.603000	117.341000	126.649000	154.942000	154.395000	148.377000	146.376000	176.296000	139.308000	127.503000	0.436000	0.000000	0.642726	0.000000	0.670166	0.000000	0.654902	0.000000	0.608507	0.000000	0.566372	0.000000	0.553331	0.000000	0.572926	0.020200	0.605157	0.205700	0.631952	0.388400	103.200000	113.980000	106.926000	128.180000	126.026000	142.407000	161.315000	168.878000	158.412000	168.876000	146.674000	140.847000	0.630068	0.514600	0.611359	0.514500	0.598938	0.490700	0.602569	0.415200	0.648896	0.351100	0.721084	0.138600	0.648135	0.009100	0.579014	0.000000	0.474542	0.000000	0.427255	0.000000	0.397969	0.000000	0.429014	0.000000	0.396993	0.000000	0.335699	0.000000	2.655570	3.238960	4.611320	0.000000	0.000000	2.977140	7.055960	4.657390	3.514280	0.008449	17.228500	208.356000	204.423000	176.684000	14.407800	0.000000	51.491400	0.000000	206.014000	0.000000	0.721190	1.671800	2.037370	2.348170	
   33	124.120000	116.660000	112.790000	108.900000	106.980000	110.720000	132.550000	149.230000	155.520000	150.160000	137.940000	108.900000	108.250000	108.510000	108.900000	121.120000	147.530000	152.940000	174.990000	171.450000	153.020000	152.480000	148.030000	139.100000	53.600000	50.000000	28.040000	28.000000	30.360000	28.000000	37.920000	13.640000	13.640000	13.640000	14.400000	29.080000	24.000000	24.360000	24.160000	40.000000	30.320000	10.000000	5.160000	5.000000	5.000000	5.160000	7.160000	10.720000	124.100000	116.660000	113.500000	108.900000	106.830000	109.720000	127.550000	149.230000	155.520000	147.660000	137.940000	108.900000	108.250000	112.720000	117.020000	121.120000	151.530000	157.160000	179.490000	174.010000	153.020000	152.480000	150.000000	139.100000	118.340000	121.590000	112.734000	110.977000	120.864000	108.648000	122.765000	143.847000	158.798000	136.708000	136.550000	116.983000	111.457000	116.035000	117.127000	116.909000	125.951000	147.365000	160.584000	141.724000	147.345000	167.133000	139.992000	117.382000	0.436000	0.000000	0.621444	0.000000	0.648635	0.000000	0.650129	0.000000	0.608648	0.000000	0.555711	0.000000	0.553815	0.000000	0.586462	0.016200	0.638604	0.228600	0.625844	0.370100	103.200000	117.640000	114.840000	124.541000	126.330000	147.582000	144.179000	180.200000	182.979000	151.950000	143.060000	133.220000	0.557389	0.985000	0.481331	0.751200	0.431205	0.404100	0.417450	0.453700	0.430664	0.330100	0.452046	0.139400	0.437498	0.010600	0.383881	0.000000	0.330066	0.000000	0.301096	0.000000	0.310695	0.000000	0.346252	0.000000	0.394058	0.000000	0.218866	0.000000	2.655570	3.187450	4.311800	0.063715	0.107849	3.694100	8.225110	5.422150	3.086870	0.000000	14.142900	202.067000	193.740000	191.148000	23.202100	0.056266	53.516000	0.000000	241.643000	0.000000	0.386667	1.864300	1.911480	2.210990	
   34	124.120000	116.660000	112.790000	108.900000	106.980000	110.720000	132.550000	149.230000	155.520000	150.160000	137.940000	108.900000	108.250000	108.510000	108.900000	121.120000	147.530000	152.940000	174.990000	171.450000	153.020000	152.480000	148.030000	139.100000	53.600000	50.000000	28.040000	28.000000	30.360000	28.000000	37.920000	13.640000	13.640000	13.640000	14.400000	29.080000	24.000000	24.360000	24.160000	40.000000	30.320000	10.000000	5.160000	5.000000	5.000000	5.160000	7.160000	10.720000	124.100000	116.660000	113.500000	108.900000	106.830000	109.720000	127.550000	149.230000	155.520000	147.660000	137.940000	108.900000	108.250000	112.720000	117.020000	121.120000	151.530000	157.160000	179.490000	174.010000	153.020000	152.480000	150.000000	139.100000	118.340000	115.112000	117.128000	119.125000	115.617000	108.746000	121.862000	145.503000	166.133000	153.959000	130.950000	116.148000	113.721000	110.240000	106.989000	117.389000	130.419000	149.937000	155.530000	152.084000	147.456000	147.489000	139.961000	125.004000	0.436000	0.000000	0.621067	0.000000	0.652831	0.000000	0.633704	0.000000	0.585885	0.000000	0.539678	0.000000	0.523989	0.000000	0.557702	0.022200	0.586672	0.162700	0.595459	0.431800	103.200000	113.910000	110.730000	129.395000	141.187000	149.198000	162.505000	156.387000	143.690000	155.964000	147.871000	143.722000	0.550117	0.601800	0.505996	0.607800	0.431205	0.534700	0.484609	0.401900	0.522904	0.319000	0.538040	0.164100	0.547732	0.006100	0.517168	0.000000	0.461216	0.000000	0.427227	0.000000	0.421440	0.000000	0.451890	0.000000	0.457842	0.000000	0.463164	0.000000	2.655570	2.476570	3.694170	0.000000	0.000000	2.369390	5.878310	4.640570	3.488110	0.557102	17.473000	207.565000	203.045000	191.595000	12.990800	0.762893	50.269100	0.000000	204.344000	0.000000	0.710520	1.743940	1.884540	2.458560	
   35	124.120000	116.660000	112.790000	108.900000	106.980000	110.720000	132.550000	149.230000	155.520000	150.160000	137.940000	108.900000	108.250000	108.510000	108.900000	121.120000	147.530000	152.940000	174.990000	171.450000	153.020000	152.480000	148.030000	139.100000	53.600000	50.000000	28.040000	28.000000	30.360000	28.000000	37.920000	13.640000	13.640000	13.640000	14.400000	29.080000	24.000000	24.360000	24.160000	40.000000	30.320000	10.000000	5.160000	5.000000	5.000000	5.160000	7.160000	10.720000	124.100000	116.660000	113.500000	108.900000	106.830000	109.720000	127.550000	149.230000	155.520000	147.660000	137.940000	108.900000	108.250000	112.720000	117.020000	121.120000	151.530000	157.160000	179.490000	174.010000	153.020000	152.480000	150.000000	139.100000	118.340000	115.112000	117.128000	119.125000	115.617000	108.746000	121.862000	145.503000	166.133000	153.959000	130.950000	116.148000	113.721000	110.240000	106.989000	117.389000	130.419000	149.937000	155.530000	152.084000	147.456000	147.489000	139.961000	125.004000	0.436000	0.000000	0.621067	0.000000	0.652831	0.000000	0.633704	0.000000	0.585885	0.000000	0.539678	0.000000	0.523989	0.000000	0.557702	0.022200	0.586672	0.162700	0.595459	0.431800	103.200000	113.910000	110.730000	129.395000	141.187000	149.198000	162.505000	156.387000	143.690000	155.964000	147.871000	143.722000	0.550117	0.601800	0.505996	0.607800	0.431205	0.534700	0.484609	0.401900	0.522904	0.319000	0.538040	0.164100	0.547732	0.006100	0.517168	0.000000	0.461216	0.000000	0.427227	0.000000	0.421440	0.000000	0.451890	0.000000	0.457842	0.000000	0.463164	0.000000	2.655570	2.476570	3.694170	0.000000	0.000000	2.369390	5.878310	4.640570	3.488110	0.557102	17.473000	207.565000	203.045000	191.595000	12.990800	0.762893	50.269100	0.000000	204.344000	0.000000	0.710520	1.743940	1.884540	2.458560	
   36	124.120000	116.660000	112.790000	108.900000	106.980000	110.720000	132.550000	149.230000	155.520000	150.160000	137.940000	108.900000	108.250000	108.510000	108.900000	121.120000	147.530000	152.940000	174.990000	171.450000	153.020000	152.480000	148.030000	139.100000	53.600000	50.000000	28.040000	28.000000	30.360000	28.000000	37.920000	13.640000	13.640000	13.640000	14.400000	29.080000	24.000000	24.360000	24.160000	40.000000	30.320000	10.000000	5.160000	5.000000	5.000000	5.160000	7.160000	10.720000	124.100000	116.660000	113.500000	108.900000	106.830000	109.720000	127.550000	149.230000	155.520000	147.660000	137.940000	108.900000	108.250000	112.720000	117.020000	121.120000	151.530000	157.160000	179.490000	174.010000	153.020000	152.480000	150.000000	139.100000	118.340000	119.006000	114.059000	116.901000	115.973000	108.520000	122.301000	140.002000	156.741000	148.912000	133.548000	112.616000	117.035000	115.324000	113.603000	117.341000	126.649000	154.942000	154.395000	148.377000	146.376000	176.296000	139.308000	127.503000	0.436000	0.000000	0.642726	0.000000	0.670166	0.000000	0.654902	0.000000	0.608507	0.000000	0.566372	0.000000	0.553331	0.000000	0.572926	0.020200	0.605157	0.205700	0.631952	0.388400	103.200000	124.502000	120.601000	129.538000	138.583000	164.358000	158.584000	164.567000	165.038000	156.023000	166.116000	156.055000	0.541489	0.264000	0.477752	0.401600	0.441693	0.607700	0.434214	0.876600	0.466684	0.463000	0.532351	0.110400	0.588630	0.008700	0.563899	0.000000	0.544504	0.000000	0.512102	0.000000	0.510104	0.000000	0.541734	0.000000	0.417320	0.000000	0.398491	0.000000	2.655570	3.215380	4.599800	0.139985	0.056045	1.468730	6.874050	4.652880	3.422590	1.014000	5.032220	203.614000	187.012000	176.660000	22.361900	0.000000	54.170000	0.000000	184.442000	0.000000	0.678770	1.673880	1.870160	2.350670	
   37	124.120000	116.660000	112.790000	108.900000	106.980000	110.720000	132.550000	149.230000	155.520000	150.160000	137.940000	108.900000	108.250000	108.510000	108.900000	121.120000	147.530000	152.940000	174.990000	171.450000	153.020000	152.480000	148.030000	139.100000	53.600000	50.000000	28.040000	28.000000	30.360000	28.000000	37.920000	13.640000	13.640000	13.640000	14.400000	29.080000	24.000000	24.360000	24.160000	40.000000	30.320000	10.000000	5.160000	5.000000	5.000000	5.160000	7.160000	10.720000	124.100000	116.660000	113.500000	108.900000	106.830000	109.720000	127.550000	149.230000	155.520000	147.660000	137.940000	108.900000	108.250000	112.720000	117.020000	121.120000	151.530000	157.160000	179.490000	174.010000	153.020000	152.480000	150.000000	139.100000	118.340000	121.590000	112.734000	110.977000	120.864000	108.648000	122.765000	143.847000	158.798000	136.708000	136.550000	116.983000	111.457000	116.035000	117.127000	116.909000	125.951000	147.365000	160.584000	141.724000	147.345000	167.133000	139.992000	117.382000	0.436000	0.000000	0.621444	0.000000	0.648635	0.000000	0.650129	0.000000	0.608648	0.000000	0.555711	0.000000	0.553815	0.000000	0.586462	0.016200	0.638604	0.228600	0.625844	0.370100	103.200000	140.958000	113.653000	125.588000	129.408000	160.040000	159.972000	152.367000	146.737000	158.472000	151.013000	132.064000	0.744557	0.609200	0.714060	0.519300	0.695450	0.463200	0.689910	0.369900	0.670868	0.321800	0.607787	0.177100	0.549428	0.006000	0.492043	0.000000	0.380877	0.000000	0.314144	0.000000	0.305349	0.000000	0.328674	0.000000	0.513246	0.000000	0.503385	0.000000	2.655570	3.928750	5.203420	0.000000	0.000000	2.545870	7.983100	4.988260	3.944350	0.000000	0.000000	231.231000	222.863000	0.000000	15.117700	0.000000	46.493100	0.000000	252.805000	0.000000	0.781004	1.712550	1.709750	3.658240	
   38	124.120000	116.660000	112.790000	108.900000	106.980000	110.720000	132.550000	149.230000	155.520000	150.160000	137.940000	108.900000	108.250000	108.510000	108.900000	121.120000	147.530000	152.940000	174.990000	171.450000	153.020000	152.480000	148.030000	139.100000	53.600000	50.000000	28.040000	28.000000	30.360000	28.000000	37.920000	13.640000	13.640000	13.640000	14.400000	29.080000	24.000000	24.360000	24.160000	40.000000	30.320000	10.000000	5.160000	5.000000	5.000000	5.160000	7.160000	10.720000	124.100000	116.660000	113.500000	108.900000	106.830000	109.720000	127.550000	149.230000	155.520000	147.660000	137.940000	108.900000	108.250000	112.720000	117.020000	121.120000	151.530000	157.160000	179.490000	174.010000	153.020000	152.480000	150.000000	139.100000	118.340000	123.295000	111.353000	111.966000	115.680000	112.731000	122.255000	146.582000	158.552000	148.586000	127.977000	112.897000	112.293000	114.321000	117.188000	122.074000	126.028000	146.027000	154.670000	162.495000	157.288000	162.317000	135.767000	125.539000	0.436000	0.000000	0.603494	0.000000	0.617179	0.000000	0.601917	0.000000	0.570636	0.000000	0.527234	0.000000	0.507635	0.000000	0.508299	0.018100	0.519861	0.197400	0.547218	0.416400	103.200000	127.880000	134.442000	145.426000	165.794000	181.478000	177.431000	197.029000	202.529000	217.062000	174.952000	158.213000	0.428194	0.310900	0.373672	0.384100	0.341197	0.304300	0.341506	0.323700	0.373448	0.201200	0.418970	0.100700	0.438830	0.007000	0.475131	0.000000	0.407391	0.000000	0.344253	0.000000	0.325382	0.000000	0.329608	0.000000	0.331419	0.000000	0.319292	0.000000	2.655570	3.444100	4.855650	0.000000	0.000000	4.537310	7.754940	4.631220	3.631760	0.642749	12.878000	235.332000	245.222000	0.000000	0.000000	0.000000	35.650000	0.475131	199.894000	0.280795	0.909859	1.771440	2.060150	2.610510	
   39	124.120000	116.660000	112.790000	108.900000	106.980000	110.720000	132.550000	149.230000	155.520000	150.160000	137.940000	108.900000	108.250000	108.510000	108.900000	121.120000	147.530000	152.940000	174.990000	171.450000	153.020000	152.480000	148.030000	139.100000	53.600000	50.000000	28.040000	28.000000	30.360000	28.000000	37.920000	13.640000	13.640000	13.640000	14.400000	29.080000	24.000000	24.360000	24.160000	40.000000	30.320000	10.000000	5.160000	5.000000	5.000000	5.160000	7.160000	10.720000	124.100000	116.660000	113.500000	108.900000	106.830000	109.720000	127.550000	149.230000	155.520000	147.660000	137.940000	108.900000	108.250000	112.720000	117.020000	121.120000	151.530000	157.160000	179.490000	174.010000	153.020000	152.480000	150.000000	139.100000	118.340000	115.112000	117.128000	119.125000	115.617000	108.746000	121.862000	145.503000	166.133000	153.959000	130.950000	116.148000	113.721000	110.240000	106.989000	117.389000	130.419000	149.937000	155.530000	152.084000	147.456000	147.489000	139.961000	125.004000	0.436000	0.000000	0.621067	0.000000	0.652831	0.000000	0.633704	0.000000	0.585885	0.000000	0.539678	0.000000	0.523989	0.000000	0.557702	0.022200	0.586672	0.162700	0.595459	0.431800	103.200000	113.910000	110.730000	129.395000	141.187000	149.198000	162.505000	156.387000	143.690000	155.964000	147.871000	143.722000	0.550117	0.601800	0.505996	0.607800	0.431205	0.534700	0.484609	0.401900	0.522904	0.319000	0.538040	0.164100	0.547732	0.006100	0.517168	0.000000	0.461216	0.000000	0.427227	0.000000	0.421440	0.000000	0.451890	0.000000	0.457842	0.000000	0.463164	0.000000	2.655570	2.476570	3.694170	0.000000	0.000000	2.369390	5.878310	4.640570	3.488110	0.557102	17.473000	207.565000	203.045000	191.595000	12.990800	0.762893	50.269100	0.000000	204.344000	0.000000	0.710520	1.743940	1.884540	2.458560	
   40	124.120000	116.660000	112.790000	108.900000	106.980000	110.720000	132.550000	149.230000	155.520000	150.160000	137.940000	108.900000	108.250000	108.510000	108.900000	121.120000	147.530000	152.940000	174.990000	171.450000	153.020000	152.480000	148.030000	139.100000	53.600000	50.000000	28.040000	28.000000	30.360000	28.000000	37.920000	13.640000	13.640000	13.640000	14.400000	29.080000	24.000000	24.360000	24.160000	40.000000	30.320000	10.000000	5.160000	5.000000	5.000000	5.160000	7.160000	10.720000	124.100000	116.660000	113.500000	108.900000	106.830000	109.720000	127.550000	149.230000	155.520000	147.660000	137.940000	108.900000	108.250000	112.720000	117.020000	121.120000	151.530000	157.160000	179.490000	174.010000	153.020000	152.480000	150.000000	139.100000	118.340000	115.112000	117.128000	119.125000	115.617000	108.746000	121.862000	145.503000	166.133000	153.959000	130.950000	116.148000	113.721000	110.240000	106.989000	117.389000	130.419000	149.937000	155.530000	152.084000	147.456000	147.489000	139.961000	125.004000	0.436000	0.000000	0.621067	0.000000	0.652831	0.000000	0.633704	0.000000	0.585885	0.000000	0.539678	0.000000	0.523989	0.000000	0.557702	0.022200	0.586672	0.162700	0.595459	0.431800	103.200000	113.910000	110.730000	129.395000	141.187000	149.198000	162.505000	156.387000	143.690000	155.964000	147.871000	143.722000	0.550117	0.601800	0.505996	0.607800	0.431205	0.534700	0.484609	0.401900	0.522904	0.319000	0.538040	0.164100	0.547732	0.006100	0.517168	0.000000	0.461216	0.000000	0.427227	0.000000	0.421440	0.000000	0.451890	0.000000	0.457842	0.000000	0.463164	0.000000	2.655570	2.476570	3.694170	0.000000	0.000000	2.369390	5.878310	4.640570	3.488110	0.557102	17.473000	207.565000	203.045000	191.595000	12.990800	0.762893	50.269100	0.000000	204.344000	0.000000	0.710520	1.743940	1.884540	2.458560	
   41	124.120000	116.660000	112.790000	108.900000	106.980000	110.720000	132.550000	149.230000	155.520000	150.160000	137.940000	108.900000	108.250000	108.510000	108.900000	121.120000	147.530000	152.940000	174.990000	171.450000	153.020000	152.480000	148.030000	139.100000	53.600000	50.000000	28.040000	28.000000	30.360000	28.000000	37.920000	13.640000	13.640000	13.640000	14.400000	29.080000	24.000000	24.360000	24.160000	40.000000	30.320000	10.000000	5.160000	5.000000	5.000000	5.160000	7.160000	10.720000	124.100000	116.660000	113.500000	108.900000	106.830000	109.720000	127.550000	149.230000	155.520000	147.660000	137.940000	108.900000	108.250000	112.720000	117.020000	121.120000	151.530000	157.160000	179.490000	174.010000	153.020000	152.480000	150.000000	139.100000	118.340000	119.006000	114.059000	116.901000	115.973000	108.520000	122.301000	140.002000	156.741000	148.912000	133.548000	112.616000	117.035000	115.324000	113.603000	117.341000	126.649000	154.942000	154.395000	148.377000	146.376000	176.296000	139.308000	127.503000	0.436000	0.000000	0.642726	0.000000	0.670166	0.000000	0.654902	0.000000	0.608507	0.000000	0.566372	0.000000	0.553331	0.000000	0.572926	0.020200	0.605157	0.205700	0.631952	0.388400	103.200000	119.429000	120.164000	136.709000	131.418000	156.972000	161.900000	186.488000	180.736000	175.363000	146.419000	136.039000	0.643000	0.766400	0.591563	0.602200	0.542735	0.578500	0.530203	0.565800	0.556627	0.278800	0.600297	0.158400	0.598768	0.010400	0.585021	0.000000	0.541987	0.000000	0.464015	0.000000	0.432104	0.000000	0.427584	0.000000	0.421039	0.000000	0.390905	0.000000	2.655570	2.932380	4.942420	0.000000	0.000000	5.726550	7.907360	4.753410	3.466740	0.000000	24.974700	200.487000	198.014000	209.369000	8.187120	2.844100	55.786900	0.000000	231.527000	0.000000	0.617278	1.811580	1.985620	2.517800	
   42	124.120000	116.660000	112.790000	108.900000	106.980000	110.720000	132.550000	149.230000	155.520000	150.160000	137.940000	108.900000	108.250000	108.510000	108.900000	121.120000	147.530000	152.940000	174.990000	171.450000	153.020000	152.480000	148.030000	139.100000	53.600000	50.000000	28.040000	28.000000	30.360000	28.000000	37.920000	13.640000	13.640000	13.640000	14.400000	29.080000	24.000000	24.360000	24.160000	40.000000	30.320000	10.000000	5.160000	5.000000	5.000000	5.160000	7.160000	10.720000	124.100000	116.660000	113.500000	108.900000	106.830000	109.720000	127.550000	149.230000	155.520000	147.660000	137.940000	108.900000	108.250000	112.720000	117.020000	121.120000	151.530000	157.160000	179.490000	174.010000	153.020000	152.480000	150.000000	139.100000	118.340000	121.590000	112.734000	110.977000	120.864000	108.648000	122.765000	143.847000	158.798000	136.708000	136.550000	116.983000	111.457000	116.035000	117.127000	116.909000	125.951000	147.365000	160.584000	141.724000	147.345000	167.133000	139.992000	117.382000	0.436000	0.000000	0.621444	0.000000	0.648635	0.000000	0.650129	0.000000	0.608648	0.000000	0.555711	0.000000	0.553815	0.000000	0.586462	0.016200	0.638604	0.228600	0.625844	0.370100	103.200000	102.323000	96.237900	98.764500	135.401000	144.668000	140.793000	150.747000	144.081000	156.316000	146.446000	125.453000	0.581589	0.836800	0.504231	0.582400	0.475400	0.624600	0.494171	0.391700	0.545138	0.216800	0.607652	0.112600	0.626658	0.006300	0.605415	0.000000	0.584796	0.000000	0.311919	0.000000	0.322749	0.000000	0.334674	0.000000	0.332233	0.000000	0.290934	0.000000	2.655570	3.185640	4.747770	0.000000	0.020705	3.126260	7.069090	4.498710	3.455610	0.911005	0.000000	209.384000	207.977000	132.046000	10.544600	0.000000	61.713900	0.017003	219.814000	0.000000	0.739222	1.763420	1.973030	2.338280	
   43	124.120000	116.660000	112.790000	108.900000	106.980000	110.720000	132.550000	149.230000	155.520000	150.160000	137.940000	108.900000	108.250000	108.510000	108.900000	121.120000	147.530000	152.940000	174.990000	171.450000	153.020000	152.480000	148.030000	139.100000	53.600000	50.000000	28.040000	28.000000	30.360000	28.000000	37.920000	13.640000	13.640000	13.640000	14.400000	29.080000	24.000000	24.360000	24.160000	40.000000	30.320000	10.000000	5.160000	5.000000	5.000000	5.160000	7.160000	10.720000	124.100000	116.660000	113.500000	108.900000	106.830000	109.720000	127.550000	149.230000	155.520000	147.660000	137.940000	108.900000	108.250000	112.720000	117.020000	121.120000	151.530000	157.160000	179.490000	174.010000	153.020000	152.480000	150.000000	139.100000	118.340000	121.590000	112.734000	110.977000	120.864000	108.648000	122.765000	143.847000	158.798000	136.708000	136.550000	116.983000	111.457000	116.035000	117.127000	116.909000	125.951000	147.365000	160.584000	141.724000	147.345000	167.133000	139.992000	117.382000	0.436000	0.000000	0.621444	0.000000	0.648635	0.000000	0.650129	0.000000	0.608648	0.000000	0.555711	0.000000	0.553815	0.000000	0.586462	0.016200	0.638604	0.228600	0.625844	0.370100	103.200000	126.214000	125.397000	143.123000	133.533000	157.122000	153.684000	162.283000	158.276000	164.052000	148.627000	134.006000	0.557781	0.798200	0.554198	0.589100	0.550859	0.668700	0.602569	0.700600	0.681073	0.674000	0.695853	0.227300	0.690665	0.020500	0.659357	0.000000	0.654950	0.000000	0.659526	0.000000	0.665801	0.000000	0.678698	0.000000	0.660150	0.000000	0.595780	0.000000	2.655570	3.282250	4.619010	0.335891	0.021627	3.557560	7.171050	4.640840	3.361940	0.402354	17.224200	208.356000	204.423000	176.684000	14.407800	0.000000	49.057800	0.147239	208.387000	13.704300	0.905563	1.722880	1.878670	2.211710	
   44	124.120000	116.660000	112.790000	108.900000	106.980000	110.720000	132.550000	149.230000	155.520000	150.160000	137.940000	108.900000	108.250000	108.510000	108.900000	121.120000	147.530000	152.940000	174.990000	171.450000	153.020000	152.480000	148.030000	139.100000	53.600000	50.000000	28.040000	28.000000	30.360000	28.000000	37.920000	13.640000	13.640000	13.640000	14.400000	29.080000	24.000000	24.360000	24.160000	40.000000	30.320000	10.000000	5.160000	5.000000	5.000000	5.160000	7.160000	10.720000	124.100000	116.660000	113.500000	108.900000	106.830000	109.720000	127.550000	149.230000	155.520000	147.660000	137.940000	108.900000	108.250000	112.720000	117.020000	121.120000	151.530000	157.160000	179.490000	174.010000	153.020000	152.480000	150.000000	139.100000	118.340000	123.295000	111.353000	111.966000	115.680000	112.731000	122.255000	146.582000	158.552000	148.586000	127.977000	112.897000	112.293000	114.321000	117.188000	122.074000	126.028000	146.027000	154.670000	162.495000	157.288000	162.317000	135.767000	125.539000	0.436000	0.000000	0.603494	0.000000	0.617179	0.000000	0.601917	0.000000	0.570636	0.000000	0.527234	0.000000	0.507635	0.000000	0.508299	0.018100	0.519861	0.197400	0.547218	0.416400	103.200000	128.979000	131.850000	146.913000	153.243000	167.716000	123.817000	127.541000	124.998000	132.204000	111.533000	88.624200	0.352118	0.433300	0.308304	0.419800	0.289484	0.391100	0.288667	0.356100	0.296978	0.286500	0.295649	0.116800	0.290296	0.005000	0.266998	0.000000	0.280286	0.000000	0.307738	0.000000	0.349630	0.000000	0.389306	0.000000	0.403848	0.000000	0.385209	0.000000	2.655570	3.632330	4.683100	0.000000	0.000000	3.060190	7.350710	4.632690	3.646470	0.362062	1.107970	210.564000	208.640000	168.480000	13.963800	0.000000	44.742300	0.000000	218.715000	0.000000	0.744989	1.711700	1.891890	2.413280	
   45	124.120000	116.660000	112.790000	108.900000	106.980000	110.720000	132.550000	149.230000	155.520000	150.160000	137.940000	108.900000	108.250000	108.510000	108.900000	121.120000	147.530000	152.940000	174.990000	171.450000	153.020000	152.480000	148.030000	139.100000	53.600000	50.000000	28.040000	28.000000	30.360000	28.000000	37.920000	13.640000	13.640000	13.640000	14.400000	29.080000	24.000000	24.360000	24.160000	40.000000	30.320000	10.000000	5.160000	5.000000	5.000000	5.160000	7.160000	10.720000	124.100000	116.660000	113.500000	108.900000	106.830000	109.720000	127.550000	149.230000	155.520000	147.660000	137.940000	108.900000	108.250000	112.720000	117.020000	121.120000	151.530000	157.160000	179.490000	174.010000	153.020000	152.480000	150.000000	139.100000	118.340000	123.295000	111.353000	111.966000	115.680000	112.731000	122.255000	146.582000	158.552000	148.586000	127.977000	112.897000	112.293000	114.321000	117.188000	122.074000	126.028000	146.027000	154.670000	162.495000	157.288000	162.317000	135.767000	125.539000	0.436000	0.000000	0.603494	0.000000	0.617179	0.000000	0.601917	0.000000	0.570636	0.000000	0.527234	0.000000	0.507635	0.000000	0.508299	0.018100	0.519861	0.197400	0.547218	0.416400	103.200000	112.014000	113.490000	129.286000	155.293000	192.818000	183.311000	190.495000	178.250000	193.185000	167.574000	145.368000	0.407854	0.617400	0.382450	0.655100	0.400950	0.693700	0.458228	0.472900	0.528601	0.309700	0.600995	0.185100	0.588630	0.011400	0.563899	0.000000	0.544504	0.000000	0.512102	0.000000	0.510104	0.000000	0.541734	0.000000	0.563852	0.000000	0.558055	0.000000	2.655570	3.769390	5.164020	0.380958	0.186417	2.119590	7.452330	4.701580	3.633800	1.406480	4.308340	203.400000	197.024000	164.245000	32.766800	13.236100	54.170000	0.000000	184.442000	0.000000	0.678770	1.673880	1.837060	2.348800	
   46	124.120000	116.660000	112.790000	108.900000	106.980000	110.720000	132.550000	149.230000	155.520000	150.160000	137.940000	108.900000	108.250000	108.510000	108.900000	121.120000	147.530000	152.940000	174.990000	171.450000	153.020000	152.480000	148.030000	139.100000	53.600000	50.000000	28.040000	28.000000	30.360000	28.000000	37.920000	13.640000	13.640000	13.640000	14.400000	29.080000	24.000000	24.360000	24.160000	40.000000	30.320000	10.000000	5.160000	5.000000	5.000000	5.160000	7.160000	10.720000	124.100000	116.660000	113.500000	108.900000	106.830000	109.720000	127.550000	149.230000	155.520000	147.660000	137.940000	108.900000	108.250000	112.720000	117.020000	121.120000	151.530000	157.160000	179.490000	174.010000	153.020000	152.480000	150.000000	139.100000	118.340000	123.295000	111.353000	111.966000	115.680000	112.731000	122.255000	146.582000	158.552000	148.586000	127.977000	112.897000	112.293000	114.321000	117.188000	122.074000	126.028000	146.027000	154.670000	162.495000	157.288000	162.317000	135.767000	125.539000	0.436000	0.000000	0.603494	0.000000	0.617179	0.000000	0.601917	0.000000	0.570636	0.000000	0.527234	0.000000	0.507635	0.000000	0.508299	0.018100	0.519861	0.197400	0.547218	0.416400	103.200000	102.698000	112.285000	116.536000	115.955000	127.741000	190.344000	180.193000	167.176000	172.864000	164.197000	149.567000	0.629962	0.523500	0.688180	0.472500	0.800762	0.408200	0.846892	0.524900	0.840338	0.386500	0.371175	0.177800	0.386282	0.006200	0.367192	0.000000	0.340973	0.000000	0.323923	0.000000	0.330043	0.000000	0.352300	0.000000	0.360302	0.000000	0.349449	0.000000	2.655570	3.459390	4.492010	0.000000	0.000000	3.310050	6.768260	4.334100	3.869750	0.000000	6.313260	210.854000	244.183000	125.636000	0.000000	0.467172	57.195200	0.209328	205.278000	0.168520	0.859942	1.715410	1.819210	2.121060	
   47	124.120000	116.660000	112.790000	108.900000	106.980000	110.720000	132.550000	149.230000	155.520000	150.160000	137.940000	108.900000	108.250000	108.510000	108.900000	121.120000	147.530000	152.940000	174.990000	171.450000	153.020000	152.480000	148.030000	139.100000	53.600000	50.000000	28.040000	28.000000	30.360000	28.000000	37.920000	13.640000	13.640000	13.640000	14.400000	29.080000	24.000000	24.360000	24.160000	40.000000	30.320000	10.000000	5.160000	5.000000	5.000000	5.160000	7.160000	10.720000	124.100000	116.660000	113.500000	108.900000	106.830000	109.720000	127.550000	149.230000	155.520000	147.660000	137.940000	108.900000	108.250000	112.720000	117.020000	121.120000	151.530000	157.160000	179.490000	174.010000	153.020000	152.480000	150.000000	139.100000	118.340000	121.590000	112.734000	110.977000	120.864000	108.648000	122.765000	143.847000	158.798000	136.708000	136.550000	116.983000	111.457000	116.035000	117.127000	116.909000	125.951000	147.365000	160.584000	141.724000	147.345000	167.133000	139.992000	117.382000	0.436000	0.000000	0.621444	0.000000	0.648635	0.000000	0.650129	0.000000	0.608648	0.000000	0.555711	0.000000	0.553815	0.000000	0.586462	0.016200	0.638604	0.228600	0.625844	0.370100	103.200000	161.106000	166.715000	175.412000	172.204000	144.295000	147.268000	167.618000	191.761000	202.682000	155.606000	147.006000	0.593526	1.043500	0.536182	0.667900	0.484173	0.703800	0.472591	0.405300	0.522098	0.317100	0.551635	0.101700	0.517577	0.006300	0.445193	0.000000	0.381952	0.000000	0.338619	0.000000	0.324021	0.000000	0.337489	0.000000	0.361482	0.000000	0.345780	0.000000	2.655570	3.148380	4.620650	0.124035	0.000000	2.803920	7.035900	4.673130	3.206130	0.218159	11.790300	211.695000	208.817000	118.360000	5.092340	0.000000	52.222300	0.120150	213.555000	0.000000	0.542539	1.785770	2.003450	2.301970	
   48	124.120000	116.660000	112.790000	108.900000	106.980000	110.720000	132.550000	149.230000	155.520000	150.160000	137.940000	108.900000	108.250000	108.510000	108.900000	121.120000	147.530000	152.940000	174.990000	171.450000	153.020000	152.480000	148.030000	139.100000	53.600000	50.000000	28.040000	28.000000	30.360000	28.000000	37.920000	13.640000	13.640000	13.640000	14.400000	29.080000	24.000000	24.360000	24.160000	40.000000	30.320000	10.000000	5.160000	5.000000	5.000000	5.160000	7.160000	10.720000	124.100000	116.660000	113.500000	108.900000	106.830000	109.720000	127.550000	149.230000	155.520000	147.660000	137.940000	108.900000	108.250000	112.720000	117.020000	121.120000	151.530000	157.160000	179.490000	174.010000	153.020000	152.480000	150.000000	139.100000	118.340000	121.590000	112.734000	110.977000	120.864000	108.648000	122.765000	143.847000	158.798000	136.708000	136.550000	116.983000	111.457000	116.035000	117.127000	116.909000	125.951000	147.365000	160.584000	141.724000	147.345000	167.133000	139.992000	117.382000	0.436000	0.000000	0.621444	0.000000	0.648635	0.000000	0.650129	0.000000	0.608648	0.000000	0.555711	0.000000	0.553815	0.000000	0.586462	0.016200	0.638604	0.228600	0.625844	0.370100	103.200000	93.107900	98.129500	94.173500	103.968000	148.921000	139.637000	165.756000	163.702000	166.274000	130.519000	115.809000	0.641423	0.759700	0.625398	0.746800	0.556613	0.513200	0.577295	0.631500	0.610482	0.411600	0.646109	0.167400	0.648135	0.009900	0.597243	0.000000	0.523588	0.000000	0.487728	0.000000	0.459596	0.000000	0.429014	0.000000	0.396993	0.000000	0.361758	0.000000	2.655570	3.277590	4.628120	0.000000	0.000000	3.154770	7.416200	4.707810	3.367500	0.174312	0.000000	203.437000	206.193000	193.821000	32.820800	17.608100	20.794900	0.000000	216.383000	0.000000	0.647637	1.633370	1.630760	2.309080	
   49	124.120000	116.660000	112.790000	108.900000	106.980000	110.720000	132.550000	149.230000	155.520000	150.160000	137.940000	108.900000	108.250000	108.510000	108.900000	121.120000	147.530000	152.940000	174.990000	171.450000	153.020000	152.480000	148.030000	139.100000	53.600000	50.000000	28.040000	28.000000	30.360000	28.000000	37.920000	13.640000	13.640000	13.640000	14.400000	29.080000	24.000000	24.360000	24.160000	40.000000	30.320000	10.000000	5.160000	5.000000	5.000000	5.160000	7.160000	10.720000	124.100000	116.660000	113.500000	108.900000	106.830000	109.720000	127.550000	149.230000	155.520000	147.660000	137.940000	108.900000	108.250000	112.720000	117.020000	121.120000	151.530000	157.160000	179.490000	174.010000	153.020000	152.480000	150.000000	139.100000	118.340000	119.006000	114.059000	116.901000	115.973000	108.520000	122.301000	140.002000	156.741000	148.912000	133.548000	112.616000	117.035000	115.324000	113.603000	117.341000	126.649000	154.942000	154.395000	148.377000	146.376000	176.296000	139.308000	127.503000	0.436000	0.000000	0.642726	0.000000	0.670166	0.000000	0.654902	0.000000	0.608507	0.000000	0.566372	0.000000	0.553331	0.000000	0.572926	0.020200	0.605157	0.205700	0.631952	0.388400	103.200000	113.980000	106.926000	128.180000	126.026000	142.407000	161.315000	168.878000	158.412000	168.876000	146.674000	140.847000	0.630068	0.514600	0.611359	0.514500	0.598938	0.490700	0.602569	0.415200	0.648896	0.351100	0.721084	0.138600	0.648135	0.009100	0.579014	0.000000	0.474542	0.000000	0.427255	0.000000	0.397969	0.000000	0.429014	0.000000	0.396993	0.000000	0.335699	0.000000	2.655570	3.238960	4.611320	0.000000	0.000000	2.977140	7.055960	4.657390	3.514280	0.008449	17.228500	208.356000	204.423000	176.684000	14.407800	0.000000	51.491400	0.000000	206.014000	0.000000	0.721190	1.671800	2.037370	2.348170	
   50	124.120000	116.660000	112.790000	108.900000	106.980000	110.720000	132.550000	149.230000	155.520000	150.160000	137.940000	108.900000	108.250000	108.510000	108.900000	121.120000	147.530000	152.940000	174.990000	171.450000	153.020000	152.480000	148.030000	139.100000	53.600000	50.000000	28.040000	28.000000	30.360000	28.000000	37.920000	13.640000	13.640000	13.640000	14.400000	29.080000	24.000000	24.360000	24.160000	40.000000	30.320000	10.000000	5.160000	5.000000	5.000000	5.160000	7.160000	10.720000	124.100000	116.660000	113.500000	108.900000	106.830000	109.720000	127.550000	149.230000	155.520000	147.660000	137.940000	108.900000	108.250000	112.720000	117.020000	121.120000	151.530000	157.160000	179.490000	174.010000	153.020000	152.480000	150.000000	139.100000	118.340000	119.006000	114.059000	116.901000	115.973000	108.520000	122.301000	140.002000	156.741000	148.912000	133.548000	112.616000	117.035000	115.324000	113.603000	117.341000	126.649000	154.942000	154.395000	148.377000	146.376000	176.296000	139.308000	127.503000	0.436000	0.000000	0.642726	0.000000	0.670166	0.000000	0.654902	0.000000	0.608507	0.000000	0.566372	0.000000	0.553331	0.000000	0.572926	0.020200	0.605157	0.205700	0.631952	0.388400	103.200000	127.880000	134.442000	145.426000	165.794000	166.116000	166.605000	167.567000	175.262000	152.092000	143.798000	135.652000	0.628107	0.576400	0.496064	0.627200	0.484230	0.549500	0.534983	0.567800	0.573366	0.708100	0.530588	0.100300	0.482822	0.005300	0.442522	0.000000	0.381137	0.000000	0.359890	0.000000	0.369814	0.000000	0.347794	0.000000	0.353686	0.000000	0.341481	0.000000	2.655570	3.159670	4.528420	0.000000	0.000000	2.851420	7.073860	4.410630	3.425390	0.000000	14.611200	213.018000	212.523000	135.412000	28.111500	13.093900	27.662500	0.300508	201.014000	0.061477	0.785652	1.587580	1.742610	2.528320	
   51	124.120000	116.660000	112.790000	108.900000	106.980000	110.720000	132.550000	149.230000	155.520000	150.160000	137.940000	108.900000	108.250000	108.510000	108.900000	121.120000	147.530000	152.940000	174.990000	171.450000	153.020000	152.480000	148.030000	139.100000	53.600000	50.000000	28.040000	28.000000	30.360000	28.000000	37.920000	13.640000	13.640000	13.640000	14.400000	29.080000	24.000000	24.360000	24.160000	40.000000	30.320000	10.000000	5.160000	5.000000	5.000000	5.160000	7.160000	10.720000	124.100000	116.660000	113.500000	108.900000	106.830000	109.720000	127.550000	149.230000	155.520000	147.660000	137.940000	108.900000	108.250000	112.720000	117.020000	121.120000	151.530000	157.160000	179.490000	174.010000	153.020000	152.480000	150.000000	139.100000	118.340000	115.112000	117.128000	119.125000	115.617000	108.746000	121.862000	145.503000	166.133000	153.959000	130.950000	116.148000	113.721000	110.240000	106.989000	117.389000	130.419000	149.937000	155.530000	152.084000	147.456000	147.489000	139.961000	125.004000	0.436000	0.000000	0.621067	0.000000	0.652831	0.000000	0.633704	0.000000	0.585885	0.000000	0.539678	0.000000	0.523989	0.000000	0.557702	0.022200	0.586672	0.162700	0.595459	0.431800	103.200000	113.910000	110.730000	129.395000	141.187000	149.198000	162.505000	156.387000	143.690000	155.964000	147.871000	143.722000	0.550117	0.601800	0.505996	0.607800	0.431205	0.534700	0.484609	0.401900	0.522904	0.319000	0.538040	0.164100	0.547732	0.006100	0.517168	0.000000	0.461216	0.000000	0.427227	0.000000	0.421440	0.000000	0.451890	0.000000	0.457842	0.000000	0.463164	0.000000	2.655570	2.476570	3.694170	0.000000	0.000000	2.369390	5.878310	4.640570	3.488110	0.557102	17.473000	207.565000	203.045000	191.595000	12.990800	0.762893	50.269100	0.000000	204.344000	0.000000	0.710520	1.743940	1.884540	2.458560	
   52	124.120000	116.660000	112.790000	108.900000	106.980000	110.720000	132.550000	149.230000	155.520000	150.160000	137.940000	108.900000	108.250000	108.510000	108.900000	121.120000	147.530000	152.940000	174.990000	171.450000	153.020000	152.480000	148.030000	139.100000	53.600000	50.000000	28.040000	28.000000	30.360000	28.000000	37.920000	13.640000	13.640000	13.640000	14.400000	29.080000	24.000000	24.360000	24.160000	40.000000	30.320000	10.000000	5.160000	5.000000	5.000000	5.160000	7.160000	10.720000	124.100000	116.660000	113.500000	108.900000	106.830000	109.720000	127.550000	149.230000	155.520000	147.660000	137.940000	108.900000	108.250000	112.720000	117.020000	121.120000	151.530000	157.160000	179.490000	174.010000	153.020000	152.480000	150.000000	139.100000	118.340000	119.006000	114.059000	116.901000	115.973000	108.520000	122.301000	140.002000	156.741000	148.912000	133.548000	112.616000	117.035000	115.324000	113.603000	117.341000	126.649000	154.942000	154.395000	148.377000	146.376000	176.296000	139.308000	127.503000	0.436000	0.000000	0.642726	0.000000	0.670166	0.000000	0.654902	0.000000	0.608507	0.000000	0.566372	0.000000	0.553331	0.000000	0.572926	0.020200	0.605157	0.205700	0.631952	0.388400	103.200000	127.880000	134.442000	145.426000	165.794000	166.116000	166.605000	167.567000	175.262000	152.092000	143.798000	135.652000	0.628107	0.576400	0.496064	0.627200	0.484230	0.549500	0.534983	0.567800	0.573366	0.708100	0.530588	0.100300	0.482822	0.005300	0.442522	0.000000	0.381137	0.000000	0.359890	0.000000	0.369814	0.000000	0.347794	0.000000	0.353686	0.000000	0.341481	0.000000	2.655570	3.159670	4.528420	0.000000	0.000000	2.851420	7.073860	4.410630	3.425390	0.000000	14.611200	213.018000	212.523000	135.412000	28.111500	13.093900	27.662500	0.300508	201.014000	0.061477	0.785652	1.587580	1.742610	2.528320	
   53	124.120000	116.660000	112.790000	108.900000	106.980000	110.720000	132.550000	149.230000	155.520000	150.160000	137.940000	108.900000	108.250000	108.510000	108.900000	121.120000	147.530000	152.940000	174.990000	171.450000	153.020000	152.480000	148.030000	139.100000	53.600000	50.000000	28.040000	28.000000	30.360000	28.000000	37.920000	13.640000	13.640000	13.640000	14.400000	29.080000	24.000000	24.360000	24.160000	40.000000	30.320000	10.000000	5.160000	5.000000	5.000000	5.160000	7.160000	10.720000	124.100000	116.660000	113.500000	108.900000	106.830000	109.720000	127.550000	149.230000	155.520000	147.660000	137.940000	108.900000	108.250000	112.720000	117.020000	121.120000	151.530000	157.160000	179.490000	174.010000	153.020000	152.480000	150.000000	139.100000	118.340000	115.112000	117.128000	119.125000	115.617000	108.746000	121.862000	145.503000	166.133000	153.959000	130.950000	116.148000	113.721000	110.240000	106.989000	117.389000	130.419000	149.937000	155.530000	152.084000	147.456000	147.489000	139.961000	125.004000	0.436000	0.000000	0.621067	0.000000	0.652831	0.000000	0.633704	0.000000	0.585885	0.000000	0.539678	0.000000	0.523989	0.000000	0.557702	0.022200	0.586672	0.162700	0.595459	0.431800	103.200000	113.910000	110.730000	129.395000	141.187000	149.198000	162.505000	156.387000	143.690000	155.964000	147.871000	143.722000	0.550117	0.601800	0.505996	0.607800	0.431205	0.534700	0.484609	0.401900	0.522904	0.319000	0.538040	0.164100	0.547732	0.006100	0.517168	0.000000	0.461216	0.000000	0.427227	0.000000	0.421440	0.000000	0.451890	0.000000	0.457842	0.000000	0.463164	0.000000	2.655570	2.476570	3.694170	0.000000	0.000000	2.369390	5.878310	4.640570	3.488110	0.557102	17.473000	207.565000	203.045000	191.595000	12.990800	0.762893	50.269100	0.000000	204.344000	0.000000	0.710520	1.743940	1.884540	2.458560	
   54	124.120000	116.660000	112.790000	108.900000	106.980000	110.720000	132.550000	149.230000	155.520000	150.160000	137.940000	108.900000	108.250000	108.510000	108.900000	121.120000	147.530000	152.940000	174.990000	171.450000	153.020000	152.480000	148.030000	139.100000	53.600000	50.000000	28.040000	28.000000	30.360000	28.000000	37.920000	13.640000	13.640000	13.640000	14.400000	29.080000	24.000000	24.360000	24.160000	40.000000	30.320000	10.000000	5.160000	5.000000	5.000000	5.160000	7.160000	10.720000	124.100000	116.660000	113.500000	108.900000	106.830000	109.720000	127.550000	149.230000	155.520000	147.660000	137.940000	108.900000	108.250000	112.720000	117.020000	121.120000	151.530000	157.160000	179.490000	174.010000	153.020000	152.480000	150.000000	139.100000	118.340000	115.112000	117.128000	119.125000	115.617000	108.746000	121.862000	145.503000	166.133000	153.959000	130.950000	116.148000	113.721000	110.240000	106.989000	117.389000	130.419000	149.937000	155.530000	152.084000	147.456000	147.489000	139.961000	125.004000	0.436000	0.000000	0.621067	0.000000	0.652831	0.000000	0.633704	0.000000	0.585885	0.000000	0.539678	0.000000	0.523989	0.000000	0.557702	0.022200	0.586672	0.162700	0.595459	0.431800	103.200000	113.910000	110.730000	129.395000	141.187000	149.198000	162.505000	156.387000	143.690000	155.964000	147.871000	143.722000	0.550117	0.601800	0.505996	0.607800	0.431205	0.534700	0.484609	0.401900	0.522904	0.319000	0.538040	0.164100	0.547732	0.006100	0.517168	0.000000	0.461216	0.000000	0.427227	0.000000	0.421440	0.000000	0.451890	0.000000	0.457842	0.000000	0.463164	0.000000	2.655570	2.476570	3.694170	0.000000	0.000000	2.369390	5.878310	4.640570	3.488110	0.557102	17.473000	207.565000	203.045000	191.595000	12.990800	0.762893	50.269100	0.000000	204.344000	0.000000	0.710520	1.743940	1.884540	2.458560	
   55	124.120000	116.660000	112.790000	108.900000	106.980000	110.720000	132.550000	149.230000	155.520000	150.160000	137.940000	108.900000	108.250000	108.510000	108.900000	121.120000	147.530000	152.940000	174.990000	171.450000	153.020000	152.480000	148.030000	139.100000	53.600000	50.000000	28.040000	28.000000	30.360000	28.000000	37.920000	13.640000	13.640000	13.640000	14.400000	29.080000	24.000000	24.360000	24.160000	40.000000	30.320000	10.000000	5.160000	5.000000	5.000000	5.160000	7.160000	10.720000	124.100000	116.660000	113.500000	108.900000	106.830000	109.720000	127.550000	149.230000	155.520000	147.660000	137.940000	108.900000	108.250000	112.720000	117.020000	121.120000	151.530000	157.160000	179.490000	174.010000	153.020000	152.480000	150.000000	139.100000	118.340000	115.112000	117.128000	119.125000	115.617000	108.746000	121.862000	145.503000	166.133000	153.959000	130.950000	116.148000	113.721000	110.240000	106.989000	117.389000	130.419000	149.937000	155.530000	152.084000	147.456000	147.489000	139.961000	125.004000	0.436000	0.000000	0.621067	0.000000	0.652831	0.000000	0.633704	0.000000	0.585885	0.000000	0.539678	0.000000	0.523989	0.000000	0.557702	0.022200	0.586672	0.162700	0.595459	0.431800	103.200000	113.910000	110.730000	129.395000	141.187000	149.198000	162.505000	156.387000	143.690000	155.964000	147.871000	143.722000	0.550117	0.601800	0.505996	0.607800	0.431205	0.534700	0.484609	0.401900	0.522904	0.319000	0.538040	0.164100	0.547732	0.006100	0.517168	0.000000	0.461216	0.000000	0.427227	0.000000	0.421440	0.000000	0.451890	0.000000	0.457842	0.000000	0.463164	0.000000	2.655570	2.476570	3.694170	0.000000	0.000000	2.369390	5.878310	4.640570	3.488110	0.557102	17.473000	207.565000	203.045000	191.595000	12.990800	0.762893	50.269100	0.000000	204.344000	0.000000	0.710520	1.743940	1.884540	2.458560	
   56	124.120000	116.660000	112.790000	108.900000	106.980000	110.720000	132.550000	149.230000	155.520000	150.160000	137.940000	108.900000	108.250000	108.510000	108.900000	121.120000	147.530000	152.940000	174.990000	171.450000	153.020000	152.480000	148.030000	139.100000	53.600000	50.000000	28.040000	28.000000	30.360000	28.000000	37.920000	13.640000	13.640000	13.640000	14.400000	29.080000	24.000000	24.360000	24.160000	40.000000	30.320000	10.000000	5.160000	5.000000	5.000000	5.160000	7.160000	10.720000	124.100000	116.660000	113.500000	108.900000	106.830000	109.720000	127.550000	149.230000	155.520000	147.660000	137.940000	108.900000	108.250000	112.720000	117.020000	121.120000	151.530000	157.160000	179.490000	174.010000	153.020000	152.480000	150.000000	139.100000	118.340000	115.112000	117.128000	119.125000	115.617000	108.746000	121.862000	145.503000	166.133000	153.959000	130.950000	116.148000	113.721000	110.240000	106.989000	117.389000	130.419000	149.937000	155.530000	152.084000	147.456000	147.489000	139.961000	125.004000	0.436000	0.000000	0.621067	0.000000	0.652831	0.000000	0.633704	0.000000	0.585885	0.000000	0.539678	0.000000	0.523989	0.000000	0.557702	0.022200	0.586672	0.162700	0.595459	0.431800	103.200000	113.910000	110.730000	129.395000	141.187000	149.198000	162.505000	156.387000	143.690000	155.964000	147.871000	143.722000	0.550117	0.601800	0.505996	0.607800	0.431205	0.534700	0.484609	0.401900	0.522904	0.319000	0.538040	0.164100	0.547732	0.006100	0.517168	0.000000	0.461216	0.000000	0.427227	0.000000	0.421440	0.000000	0.451890	0.000000	0.457842	0.000000	0.463164	0.000000	2.655570	2.476570	3.694170	0.000000	0.000000	2.369390	5.878310	4.640570	3.488110	0.557102	17.473000	207.565000	203.045000	191.595000	12.990800	0.762893	50.269100	0.000000	204.344000	0.000000	0.710520	1.743940	1.884540	2.458560	
   57	124.120000	116.660000	112.790000	108.900000	106.980000	110.720000	132.550000	149.230000	155.520000	150.160000	137.940000	108.900000	108.250000	108.510000	108.900000	121.120000	147.530000	152.940000	174.990000	171.450000	153.020000	152.480000	148.030000	139.100000	53.600000	50.000000	28.040000	28.000000	30.360000	28.000000	37.920000	13.640000	13.640000	13.640000	14.400000	29.080000	24.000000	24.360000	24.160000	40.000000	30.320000	10.000000	5.160000	5.000000	5.000000	5.160000	7.160000	10.720000	124.100000	116.660000	113.500000	108.900000	106.830000	109.720000	127.550000	149.230000	155.520000	147.660000	137.940000	108.900000	108.250000	112.720000	117.020000	121.120000	151.530000	157.160000	179.490000	174.010000	153.020000	152.480000	150.000000	139.100000	118.340000	123.295000	111.353000	111.966000	115.680000	112.731000	122.255000	146.582000	158.552000	148.586000	127.977000	112.897000	112.293000	114.321000	117.188000	122.074000	126.028000	146.027000	154.670000	162.495000	157.288000	162.317000	135.767000	125.539000	0.436000	0.000000	0.603494	0.000000	0.617179	0.000000	0.601917	0.000000	0.570636	0.000000	0.527234	0.000000	0.507635	0.000000	0.508299	0.018100	0.519861	0.197400	0.547218	0.416400	103.200000	90.676500	82.205300	96.172600	90.856300	117.930000	164.348000	159.782000	158.518000	157.251000	148.419000	141.652000	0.638607	0.470300	0.645885	0.505200	0.651831	0.663700	0.691591	0.463800	0.741354	0.464200	0.791294	0.172900	0.796673	0.007000	0.746628	0.000000	0.656964	0.000000	0.576998	0.000000	0.558943	0.000000	0.580095	0.000000	0.611886	0.000000	0.616434	0.000000	2.655570	3.187450	4.311800	0.063715	0.107849	3.694100	8.225110	4.635360	3.483310	0.921421	19.715300	209.099000	196.667000	148.138000	0.000000	0.000000	71.689900	0.000000	198.020000	0.060094	0.756124	1.500410	1.777490	2.234070	
   58	124.120000	116.660000	112.790000	108.900000	106.980000	110.720000	132.550000	149.230000	155.520000	150.160000	137.940000	108.900000	108.250000	108.510000	108.900000	121.120000	147.530000	152.940000	174.990000	171.450000	153.020000	152.480000	148.030000	139.100000	53.600000	50.000000	28.040000	28.000000	30.360000	28.000000	37.920000	13.640000	13.640000	13.640000	14.400000	29.080000	24.000000	24.360000	24.160000	40.000000	30.320000	10.000000	5.160000	5.000000	5.000000	5.160000	7.160000	10.720000	124.100000	116.660000	113.500000	108.900000	106.830000	109.720000	127.550000	149.230000	155.520000	147.660000	137.940000	108.900000	108.250000	112.720000	117.020000	121.120000	151.530000	157.160000	179.490000	174.010000	153.020000	152.480000	150.000000	139.100000	118.340000	123.295000	111.353000	111.966000	115.680000	112.731000	122.255000	146.582000	158.552000	148.586000	127.977000	112.897000	112.293000	114.321000	117.188000	122.074000	126.028000	146.027000	154.670000	162.495000	157.288000	162.317000	135.767000	125.539000	0.436000	0.000000	0.603494	0.000000	0.617179	0.000000	0.601917	0.000000	0.570636	0.000000	0.527234	0.000000	0.507635	0.000000	0.508299	0.018100	0.519861	0.197400	0.547218	0.416400	103.200000	97.165500	96.530300	110.007000	110.027000	118.573000	113.123000	113.898000	127.423000	142.514000	134.745000	145.264000	0.623950	0.727100	0.601581	0.560300	0.588067	0.467000	0.580036	0.349000	0.580877	0.258700	0.595035	0.086200	0.582826	0.006000	0.535176	0.000000	0.476488	0.000000	0.437960	0.000000	0.452791	0.000000	0.487069	0.000000	0.500430	0.000000	0.468027	0.000000	2.655570	3.473990	4.793320	0.000000	0.000000	2.542300	7.140340	4.726010	3.420720	0.000000	19.005300	135.638000	116.635000	739.455000	47.460400	24.642500	71.875600	0.000000	217.698000	0.000000	0.684521	1.717270	1.854140	2.394780	
   59	124.120000	116.660000	112.790000	108.900000	106.980000	110.720000	132.550000	149.230000	155.520000	150.160000	137.940000	108.900000	108.250000	108.510000	108.900000	121.120000	147.530000	152.940000	174.990000	171.450000	153.020000	152.480000	148.030000	139.100000	53.600000	50.000000	28.040000	28.000000	30.360000	28.000000	37.920000	13.640000	13.640000	13.640000	14.400000	29.080000	24.000000	24.360000	24.160000	40.000000	30.320000	10.000000	5.160000	5.000000	5.000000	5.160000	7.160000	10.720000	124.100000	116.660000	113.500000	108.900000	106.830000	109.720000	127.550000	149.230000	155.520000	147.660000	137.940000	108.900000	108.250000	112.720000	117.020000	121.120000	151.530000	157.160000	179.490000	174.010000	153.020000	152.480000	150.000000	139.100000	118.340000	115.112000	117.128000	119.125000	115.617000	108.746000	121.862000	145.503000	166.133000	153.959000	130.950000	116.148000	113.721000	110.240000	106.989000	117.389000	130.419000	149.937000	155.530000	152.084000	147.456000	147.489000	139.961000	125.004000	0.436000	0.000000	0.621067	0.000000	0.652831	0.000000	0.633704	0.000000	0.585885	0.000000	0.539678	0.000000	0.523989	0.000000	0.557702	0.022200	0.586672	0.162700	0.595459	0.431800	103.200000	113.910000	110.730000	129.395000	141.187000	149.198000	162.505000	156.387000	143.690000	155.964000	147.871000	143.722000	0.550117	0.601800	0.505996	0.607800	0.431205	0.534700	0.484609	0.401900	0.522904	0.319000	0.538040	0.164100	0.547732	0.006100	0.517168	0.000000	0.461216	0.000000	0.427227	0.000000	0.421440	0.000000	0.451890	0.000000	0.457842	0.000000	0.463164	0.000000	2.655570	2.476570	3.694170	0.000000	0.000000	2.369390	5.878310	4.640570	3.488110	0.557102	17.473000	207.565000	203.045000	191.595000	12.990800	0.762893	50.269100	0.000000	204.344000	0.000000	0.710520	1.743940	1.884540	2.458560	
   60	124.120000	116.660000	112.790000	108.900000	106.980000	110.720000	132.550000	149.230000	155.520000	150.160000	137.940000	108.900000	108.250000	108.510000	108.900000	121.120000	147.530000	152.940000	174.990000	171.450000	153.020000	152.480000	148.030000	139.100000	53.600000	50.000000	28.040000	28.000000	30.360000	28.000000	37.920000	13.640000	13.640000	13.640000	14.400000	29.080000	24.000000	24.360000	24.160000	40.000000	30.320000	10.000000	5.160000	5.000000	5.000000	5.160000	7.160000	10.720000	124.100000	116.660000	113.500000	108.900000	106.830000	109.720000	127.550000	149.230000	155.520000	147.660000	137.940000	108.900000	108.250000	112.720000	117.020000	121.120000	151.530000	157.160000	179.490000	174.010000	153.020000	152.480000	150.000000	139.100000	118.340000	119.006000	114.059000	116.901000	115.973000	108.520000	122.301000	140.002000	156.741000	148.912000	133.548000	112.616000	117.035000	115.324000	113.603000	117.341000	126.649000	154.942000	154.395000	148.377000	146.376000	176.296000	139.308000	127.503000	0.436000	0.000000	0.642726	0.000000	0.670166	0.000000	0.654902	0.000000	0.608507	0.000000	0.566372	0.000000	0.553331	0.000000	0.572926	0.020200	0.605157	0.205700	0.631952	0.388400	103.200000	127.637000	134.788000	154.603000	155.568000	172.254000	166.728000	182.957000	181.620000	180.756000	155.038000	145.354000	0.563911	0.487200	0.569602	0.434900	0.494389	0.440200	0.532346	0.403400	0.540964	0.390000	0.544721	0.168800	0.489576	0.006200	0.487943	0.000000	0.436964	0.000000	0.419769	0.000000	0.301970	0.000000	0.341550	0.000000	0.353686	0.000000	0.339444	0.000000	2.655570	3.215430	4.610430	0.136799	0.000000	2.906410	7.386760	4.655960	2.882760	0.011052	22.270200	210.114000	213.792000	143.033000	0.000000	0.000000	50.281500	0.000000	210.107000	0.408461	0.177022	1.998510	1.814830	2.177170	
   61	124.120000	116.660000	112.790000	108.900000	106.980000	110.720000	132.550000	149.230000	155.520000	150.160000	137.940000	108.900000	108.250000	108.510000	108.900000	121.120000	147.530000	152.940000	174.990000	171.450000	153.020000	152.480000	148.030000	139.100000	53.600000	50.000000	28.040000	28.000000	30.360000	28.000000	37.920000	13.640000	13.640000	13.640000	14.400000	29.080000	24.000000	24.360000	24.160000	40.000000	30.320000	10.000000	5.160000	5.000000	5.000000	5.160000	7.160000	10.720000	124.100000	116.660000	113.500000	108.900000	106.830000	109.720000	127.550000	149.230000	155.520000	147.660000	137.940000	108.900000	108.250000	112.720000	117.020000	121.120000	151.530000	157.160000	179.490000	174.010000	153.020000	152.480000	150.000000	139.100000	118.340000	119.006000	114.059000	116.901000	115.973000	108.520000	122.301000	140.002000	156.741000	148.912000	133.548000	112.616000	117.035000	115.324000	113.603000	117.341000	126.649000	154.942000	154.395000	148.377000	146.376000	176.296000	139.308000	127.503000	0.436000	0.000000	0.642726	0.000000	0.670166	0.000000	0.654902	0.000000	0.608507	0.000000	0.566372	0.000000	0.553331	0.000000	0.572926	0.020200	0.605157	0.205700	0.631952	0.388400	103.200000	113.980000	106.926000	128.180000	126.026000	142.407000	161.315000	168.878000	158.412000	168.876000	146.674000	140.847000	0.630068	0.514600	0.611359	0.514500	0.598938	0.490700	0.602569	0.415200	0.648896	0.351100	0.721084	0.138600	0.648135	0.009100	0.579014	0.000000	0.474542	0.000000	0.427255	0.000000	0.397969	0.000000	0.429014	0.000000	0.491782	0.000000	0.480452	0.000000	2.655570	4.325980	5.871150	0.000000	0.000000	1.373480	8.140990	5.123370	3.303200	0.948666	1.203300	202.531000	191.533000	190.155000	17.008200	0.000000	61.369300	0.000000	210.107000	0.408461	0.177022	1.998510	1.814830	2.553330	
   62	124.120000	116.660000	112.790000	108.900000	106.980000	110.720000	132.550000	149.230000	155.520000	150.160000	137.940000	108.900000	108.250000	108.510000	108.900000	121.120000	147.530000	152.940000	174.990000	171.450000	153.020000	152.480000	148.030000	139.100000	53.600000	50.000000	28.040000	28.000000	30.360000	28.000000	37.920000	13.640000	13.640000	13.640000	14.400000	29.080000	24.000000	24.360000	24.160000	40.000000	30.320000	10.000000	5.160000	5.000000	5.000000	5.160000	7.160000	10.720000	124.100000	116.660000	113.500000	108.900000	106.830000	109.720000	127.550000	149.230000	155.520000	147.660000	137.940000	108.900000	108.250000	112.720000	117.020000	121.120000	151.530000	157.160000	179.490000	174.010000	153.020000	152.480000	150.000000	139.100000	118.340000	123.295000	111.353000	111.966000	115.680000	112.731000	122.255000	146.582000	158.552000	148.586000	127.977000	112.897000	112.293000	114.321000	117.188000	122.074000	126.028000	146.027000	154.670000	162.495000	157.288000	162.317000	135.767000	125.539000	0.436000	0.000000	0.603494	0.000000	0.617179	0.000000	0.601917	0.000000	0.570636	0.000000	0.527234	0.000000	0.507635	0.000000	0.508299	0.018100	0.519861	0.197400	0.547218	0.416400	103.200000	138.750000	142.301000	156.430000	155.094000	174.895000	166.004000	142.683000	145.139000	155.041000	141.105000	137.738000	0.700811	0.506100	0.688292	0.723200	0.665259	0.584400	0.506457	0.492100	0.477604	0.273200	0.483994	0.146700	0.459180	0.004100	0.428298	0.000000	0.392810	0.000000	0.370788	0.000000	0.402850	0.000000	0.441692	0.000000	0.476239	0.000000	0.494401	0.000000	2.655570	3.195760	4.591270	0.074168	0.076520	2.686400	7.040680	4.579830	3.589530	0.000000	19.683500	220.168000	215.754000	111.283000	11.544100	0.000000	50.613700	0.000000	201.643000	0.088371	0.740384	1.708010	1.956030	2.543050	
   63	124.120000	116.660000	112.790000	108.900000	106.980000	110.720000	132.550000	149.230000	155.520000	150.160000	137.940000	108.900000	108.250000	108.510000	108.900000	121.120000	147.530000	152.940000	174.990000	171.450000	153.020000	152.480000	148.030000	139.100000	53.600000	50.000000	28.040000	28.000000	30.360000	28.000000	37.920000	13.640000	13.640000	13.640000	14.400000	29.080000	24.000000	24.360000	24.160000	40.000000	30.320000	10.000000	5.160000	5.000000	5.000000	5.160000	7.160000	10.720000	124.100000	116.660000	113.500000	108.900000	106.830000	109.720000	127.550000	149.230000	155.520000	147.660000	137.940000	108.900000	108.250000	112.720000	117.020000	121.120000	151.530000	157.160000	179.490000	174.010000	153.020000	152.480000	150.000000	139.100000	118.340000	115.112000	117.128000	119.125000	115.617000	108.746000	121.862000	145.503000	166.133000	153.959000	130.950000	116.148000	113.721000	110.240000	106.989000	117.389000	130.419000	149.937000	155.530000	152.084000	147.456000	147.489000	139.961000	125.004000	0.436000	0.000000	0.621067	0.000000	0.652831	0.000000	0.633704	0.000000	0.585885	0.000000	0.539678	0.000000	0.523989	0.000000	0.557702	0.022200	0.586672	0.162700	0.595459	0.431800	103.200000	113.910000	110.730000	129.395000	141.187000	149.198000	162.505000	156.387000	143.690000	155.964000	147.871000	143.722000	0.550117	0.601800	0.505996	0.607800	0.431205	0.534700	0.484609	0.401900	0.522904	0.319000	0.538040	0.164100	0.547732	0.006100	0.517168	0.000000	0.461216	0.000000	0.427227	0.000000	0.421440	0.000000	0.451890	0.000000	0.457842	0.000000	0.463164	0.000000	2.655570	2.476570	3.694170	0.000000	0.000000	2.369390	5.878310	4.640570	3.488110	0.557102	17.473000	207.565000	203.045000	191.595000	12.990800	0.762893	50.269100	0.000000	204.344000	0.000000	0.710520	1.743940	1.884540	2.458560	
   64	124.120000	116.660000	112.790000	108.900000	106.980000	110.720000	132.550000	149.230000	155.520000	150.160000	137.940000	108.900000	108.250000	108.510000	108.900000	121.120000	147.530000	152.940000	174.990000	171.450000	153.020000	152.480000	148.030000	139.100000	53.600000	50.000000	28.040000	28.000000	30.360000	28.000000	37.920000	13.640000	13.640000	13.640000	14.400000	29.080000	24.000000	24.360000	24.160000	40.000000	30.320000	10.000000	5.160000	5.000000	5.000000	5.160000	7.160000	10.720000	124.100000	116.660000	113.500000	108.900000	106.830000	109.720000	127.550000	149.230000	155.520000	147.660000	137.940000	108.900000	108.250000	112.720000	117.020000	121.120000	151.530000	157.160000	179.490000	174.010000	153.020000	152.480000	150.000000	139.100000	118.340000	123.295000	111.353000	111.966000	115.680000	112.731000	122.255000	146.582000	158.552000	148.586000	127.977000	112.897000	112.293000	114.321000	117.188000	122.074000	126.028000	146.027000	154.670000	162.495000	157.288000	162.317000	135.767000	125.539000	0.436000	0.000000	0.603494	0.000000	0.617179	0.000000	0.601917	0.000000	0.570636	0.000000	0.527234	0.000000	0.507635	0.000000	0.508299	0.018100	0.519861	0.197400	0.547218	0.416400	103.200000	96.520400	98.805200	93.622900	112.324000	123.362000	138.445000	131.381000	142.516000	151.585000	136.421000	130.515000	0.509678	0.374800	0.499747	0.380300	0.499985	0.394400	0.514204	0.348100	0.542043	0.344300	0.578736	0.208800	0.577804	0.007700	0.531467	0.000000	0.453477	0.000000	0.394796	0.000000	0.257521	0.000000	0.256981	0.000000	0.262575	0.000000	0.248557	0.000000	2.655570	3.239710	4.596520	0.000000	0.000000	2.451750	7.003690	4.638590	3.746080	0.208341	8.618540	235.745000	236.509000	0.000000	4.496380	0.000000	41.711600	0.625427	211.043000	0.120677	0.675909	1.784250	1.916900	2.383380	
   65	124.120000	116.660000	112.790000	108.900000	106.980000	110.720000	132.550000	149.230000	155.520000	150.160000	137.940000	108.900000	108.250000	108.510000	108.900000	121.120000	147.530000	152.940000	174.990000	171.450000	153.020000	152.480000	148.030000	139.100000	53.600000	50.000000	28.040000	28.000000	30.360000	28.000000	37.920000	13.640000	13.640000	13.640000	14.400000	29.080000	24.000000	24.360000	24.160000	40.000000	30.320000	10.000000	5.160000	5.000000	5.000000	5.160000	7.160000	10.720000	124.100000	116.660000	113.500000	108.900000	106.830000	109.720000	127.550000	149.230000	155.520000	147.660000	137.940000	108.900000	108.250000	112.720000	117.020000	121.120000	151.530000	157.160000	179.490000	174.010000	153.020000	152.480000	150.000000	139.100000	118.340000	123.295000	111.353000	111.966000	115.680000	112.731000	122.255000	146.582000	158.552000	148.586000	127.977000	112.897000	112.293000	114.321000	117.188000	122.074000	126.028000	146.027000	154.670000	162.495000	157.288000	162.317000	135.767000	125.539000	0.436000	0.000000	0.603494	0.000000	0.617179	0.000000	0.601917	0.000000	0.570636	0.000000	0.527234	0.000000	0.507635	0.000000	0.508299	0.018100	0.519861	0.197400	0.547218	0.416400	103.200000	149.064000	152.117000	159.736000	164.766000	163.925000	164.842000	146.329000	127.940000	156.477000	147.950000	130.954000	0.623950	0.624800	0.601581	0.542000	0.588067	0.626800	0.580036	0.421400	0.580877	0.272400	0.595035	0.092700	0.582826	0.008300	0.535176	0.000000	0.476488	0.000000	0.437960	0.000000	0.452791	0.000000	0.487069	0.000000	0.500430	0.000000	0.468027	0.000000	2.655570	4.029210	4.685180	0.122095	0.000000	5.033870	7.553240	4.726010	3.420720	0.000000	19.005300	135.638000	116.635000	739.455000	47.460400	24.642500	71.875600	0.000000	217.698000	0.000000	0.684521	1.717270	1.854140	2.394780	
   66	124.120000	116.660000	112.790000	108.900000	106.980000	110.720000	132.550000	149.230000	155.520000	150.160000	137.940000	108.900000	108.250000	108.510000	108.900000	121.120000	147.530000	152.940000	174.990000	171.450000	153.020000	152.480000	148.030000	139.100000	53.600000	50.000000	28.040000	28.000000	30.360000	28.000000	37.920000	13.640000	13.640000	13.640000	14.400000	29.080000	24.000000	24.360000	24.160000	40.000000	30.320000	10.000000	5.160000	5.000000	5.000000	5.160000	7.160000	10.720000	124.100000	116.660000	113.500000	108.900000	106.830000	109.720000	127.550000	149.230000	155.520000	147.660000	137.940000	108.900000	108.250000	112.720000	117.020000	121.120000	151.530000	157.160000	179.490000	174.010000	153.020000	152.480000	150.000000	139.100000	118.340000	115.112000	117.128000	119.125000	115.617000	108.746000	121.862000	145.503000	166.133000	153.959000	130.950000	116.148000	113.721000	110.240000	106.989000	117.389000	130.419000	149.937000	155.530000	152.084000	147.456000	147.489000	139.961000	125.004000	0.436000	0.000000	0.621067	0.000000	0.652831	0.000000	0.633704	0.000000	0.585885	0.000000	0.539678	0.000000	0.523989	0.000000	0.557702	0.022200	0.586672	0.162700	0.595459	0.431800	103.200000	113.910000	110.730000	129.395000	141.187000	149.198000	162.505000	156.387000	143.690000	155.964000	147.871000	143.722000	0.550117	0.601800	0.505996	0.607800	0.431205	0.534700	0.484609	0.401900	0.522904	0.319000	0.538040	0.164100	0.547732	0.006100	0.517168	0.000000	0.461216	0.000000	0.427227	0.000000	0.421440	0.000000	0.451890	0.000000	0.457842	0.000000	0.463164	0.000000	2.655570	2.476570	3.694170	0.000000	0.000000	2.369390	5.878310	4.640570	3.488110	0.557102	17.473000	207.565000	203.045000	191.595000	12.990800	0.762893	50.269100	0.000000	204.344000	0.000000	0.710520	1.743940	1.884540	2.458560	
   67	124.120000	116.660000	112.790000	108.900000	106.980000	110.720000	132.550000	149.230000	155.520000	150.160000	137.940000	108.900000	108.250000	108.510000	108.900000	121.120000	147.530000	152.940000	174.990000	171.450000	153.020000	152.480000	148.030000	139.100000	53.600000	50.000000	28.040000	28.000000	30.360000	28.000000	37.920000	13.640000	13.640000	13.640000	14.400000	29.080000	24.000000	24.360000	24.160000	40.000000	30.320000	10.000000	5.160000	5.000000	5.000000	5.160000	7.160000	10.720000	124.100000	116.660000	113.500000	108.900000	106.830000	109.720000	127.550000	149.230000	155.520000	147.660000	137.940000	108.900000	108.250000	112.720000	117.020000	121.120000	151.530000	157.160000	179.490000	174.010000	153.020000	152.480000	150.000000	139.100000	118.340000	119.006000	114.059000	116.901000	115.973000	108.520000	122.301000	140.002000	156.741000	148.912000	133.548000	112.616000	117.035000	115.324000	113.603000	117.341000	126.649000	154.942000	154.395000	148.377000	146.376000	176.296000	139.308000	127.503000	0.436000	0.000000	0.642726	0.000000	0.670166	0.000000	0.654902	0.000000	0.608507	0.000000	0.566372	0.000000	0.553331	0.000000	0.572926	0.020200	0.605157	0.205700	0.631952	0.388400	103.200000	113.980000	106.926000	128.180000	126.026000	142.407000	161.315000	168.878000	158.412000	168.876000	146.674000	140.847000	0.630068	0.514600	0.611359	0.514500	0.598938	0.490700	0.602569	0.415200	0.648896	0.351100	0.721084	0.138600	0.648135	0.009100	0.579014	0.000000	0.474542	0.000000	0.427255	0.000000	0.397969	0.000000	0.429014	0.000000	0.491782	0.000000	0.480452	0.000000	2.655570	4.325980	5.871150	0.000000	0.000000	1.373480	8.140990	5.123370	3.303200	0.948666	1.203300	202.531000	191.533000	190.155000	17.008200	0.000000	61.369300	0.000000	210.107000	0.408461	0.177022	1.998510	1.814830	2.553330	
   68	124.120000	116.660000	112.790000	108.900000	106.980000	110.720000	132.550000	149.230000	155.520000	150.160000	137.940000	108.900000	108.250000	108.510000	108.900000	121.120000	147.530000	152.940000	174.990000	171.450000	153.020000	152.480000	148.030000	139.100000	53.600000	50.000000	28.040000	28.000000	30.360000	28.000000	37.920000	13.640000	13.640000	13.640000	14.400000	29.080000	24.000000	24.360000	24.160000	40.000000	30.320000	10.000000	5.160000	5.000000	5.000000	5.160000	7.160000	10.720000	124.100000	116.660000	113.500000	108.900000	106.830000	109.720000	127.550000	149.230000	155.520000	147.660000	137.940000	108.900000	108.250000	112.720000	117.020000	121.120000	151.530000	157.160000	179.490000	174.010000	153.020000	152.480000	150.000000	139.100000	118.340000	121.590000	112.734000	110.977000	120.864000	108.648000	122.765000	143.847000	158.798000	136.708000	136.550000	116.983000	111.457000	116.035000	117.127000	116.909000	125.951000	147.365000	160.584000	141.724000	147.345000	167.133000	139.992000	117.382000	0.436000	0.000000	0.621444	0.000000	0.648635	0.000000	0.650129	0.000000	0.608648	0.000000	0.555711	0.000000	0.553815	0.000000	0.586462	0.016200	0.638604	0.228600	0.625844	0.370100	103.200000	120.255000	117.547000	134.078000	129.403000	163.467000	169.318000	177.177000	173.259000	151.440000	164.203000	144.861000	0.469243	0.512200	0.455639	0.486300	0.456759	0.485300	0.476963	0.703600	0.506989	0.357400	0.547540	0.110000	0.565475	0.006200	0.524451	0.000000	0.432147	0.000000	0.364091	0.000000	0.337157	0.000000	0.334499	0.000000	0.546161	0.000000	0.623483	0.000000	2.655570	3.030320	4.502260	0.816665	0.783090	2.549230	6.766420	4.563410	3.458140	0.000000	10.724300	229.885000	240.143000	17.088300	0.708898	0.000000	49.251600	1.969080	242.295000	0.042093	0.969424	1.750390	1.716270	2.031610	
   69	124.120000	116.660000	112.790000	108.900000	106.980000	110.720000	132.550000	149.230000	155.520000	150.160000	137.940000	108.900000	108.250000	108.510000	108.900000	121.120000	147.530000	152.940000	174.990000	171.450000	153.020000	152.480000	148.030000	139.100000	53.600000	50.000000	28.040000	28.000000	30.360000	28.000000	37.920000	13.640000	13.640000	13.640000	14.400000	29.080000	24.000000	24.360000	24.160000	40.000000	30.320000	10.000000	5.160000	5.000000	5.000000	5.160000	7.160000	10.720000	124.100000	116.660000	113.500000	108.900000	106.830000	109.720000	127.550000	149.230000	155.520000	147.660000	137.940000	108.900000	108.250000	112.720000	117.020000	121.120000	151.530000	157.160000	179.490000	174.010000	153.020000	152.480000	150.000000	139.100000	118.340000	123.295000	111.353000	111.966000	115.680000	112.731000	122.255000	146.582000	158.552000	148.586000	127.977000	112.897000	112.293000	114.321000	117.188000	122.074000	126.028000	146.027000	154.670000	162.495000	157.288000	162.317000	135.767000	125.539000	0.436000	0.000000	0.603494	0.000000	0.617179	0.000000	0.601917	0.000000	0.570636	0.000000	0.527234	0.000000	0.507635	0.000000	0.508299	0.018100	0.519861	0.197400	0.547218	0.416400	103.200000	120.533000	119.436000	134.714000	133.533000	157.122000	177.585000	169.401000	179.864000	177.640000	160.516000	157.008000	0.361812	0.376400	0.299669	0.480600	0.271994	0.357600	0.284125	0.358200	0.441758	0.357200	0.475364	0.094300	0.487025	0.005400	0.450922	0.000000	0.416094	0.000000	0.392127	0.000000	0.418754	0.000000	0.470715	0.000000	0.534494	0.000000	0.584862	0.000000	2.655570	3.016350	4.611860	0.000000	0.000000	5.018340	6.712000	4.479200	3.021760	0.000000	19.881300	210.509000	206.790000	109.120000	16.031000	1.191200	23.735000	0.000000	182.704000	0.019770	1.050210	2.080170	2.464310	2.504150	
   70	124.120000	116.660000	112.790000	108.900000	106.980000	110.720000	132.550000	149.230000	155.520000	150.160000	137.940000	108.900000	108.250000	108.510000	108.900000	121.120000	147.530000	152.940000	174.990000	171.450000	153.020000	152.480000	148.030000	139.100000	53.600000	50.000000	28.040000	28.000000	30.360000	28.000000	37.920000	13.640000	13.640000	13.640000	14.400000	29.080000	24.000000	24.360000	24.160000	40.000000	30.320000	10.000000	5.160000	5.000000	5.000000	5.160000	7.160000	10.720000	124.100000	116.660000	113.500000	108.900000	106.830000	109.720000	127.550000	149.230000	155.520000	147.660000	137.940000	108.900000	108.250000	112.720000	117.020000	121.120000	151.530000	157.160000	179.490000	174.010000	153.020000	152.480000	150.000000	139.100000	118.340000	115.112000	117.128000	119.125000	115.617000	108.746000	121.862000	145.503000	166.133000	153.959000	130.950000	116.148000	113.721000	110.240000	106.989000	117.389000	130.419000	149.937000	155.530000	152.084000	147.456000	147.489000	139.961000	125.004000	0.436000	0.000000	0.621067	0.000000	0.652831	0.000000	0.633704	0.000000	0.585885	0.000000	0.539678	0.000000	0.523989	0.000000	0.557702	0.022200	0.586672	0.162700	0.595459	0.431800	103.200000	113.910000	110.730000	129.395000	141.187000	149.198000	162.505000	156.387000	143.690000	155.964000	147.871000	143.722000	0.550117	0.601800	0.505996	0.607800	0.431205	0.534700	0.484609	0.401900	0.522904	0.319000	0.538040	0.164100	0.547732	0.006100	0.517168	0.000000	0.461216	0.000000	0.427227	0.000000	0.421440	0.000000	0.451890	0.000000	0.457842	0.000000	0.463164	0.000000	2.655570	2.476570	3.694170	0.000000	0.000000	2.369390	5.878310	4.640570	3.488110	0.557102	17.473000	207.565000	203.045000	191.595000	12.990800	0.762893	50.269100	0.000000	204.344000	0.000000	0.710520	1.743940	1.884540	2.458560	
   71	124.120000	116.660000	112.790000	108.900000	106.980000	110.720000	132.550000	149.230000	155.520000	150.160000	137.940000	108.900000	108.250000	108.510000	108.900000	121.120000	147.530000	152.940000	174.990000	171.450000	153.020000	152.480000	148.030000	139.100000	53.600000	50.000000	28.040000	28.000000	30.360000	28.000000	37.920000	13.640000	13.640000	13.640000	14.400000	29.080000	24.000000	24.360000	24.160000	40.000000	30.320000	10.000000	5.160000	5.000000	5.000000	5.160000	7.160000	10.720000	124.100000	116.660000	113.500000	108.900000	106.830000	109.720000	127.550000	149.230000	155.520000	147.660000	137.940000	108.900000	108.250000	112.720000	117.020000	121.120000	151.530000	157.160000	179.490000	174.010000	153.020000	152.480000	150.000000	139.100000	118.340000	119.006000	114.059000	116.901000	115.973000	108.520000	122.301000	140.002000	156.741000	148.912000	133.548000	112.616000	117.035000	115.324000	113.603000	117.341000	126.649000	154.942000	154.395000	148.377000	146.376000	176.296000	139.308000	127.503000	0.436000	0.000000	0.642726	0.000000	0.670166	0.000000	0.654902	0.000000	0.608507	0.000000	0.566372	0.000000	0.553331	0.000000	0.572926	0.020200	0.605157	0.205700	0.631952	0.388400	103.200000	127.880000	134.442000	145.426000	165.794000	166.116000	166.605000	167.567000	175.262000	152.092000	143.798000	135.652000	0.628107	0.576400	0.496064	0.627200	0.484230	0.549500	0.534983	0.567800	0.573366	0.708100	0.530588	0.100300	0.482822	0.005300	0.442522	0.000000	0.381137	0.000000	0.359890	0.000000	0.369814	0.000000	0.347794	0.000000	0.353686	0.000000	0.341481	0.000000	2.655570	3.159670	4.528420	0.000000	0.000000	2.851420	7.073860	4.410630	3.425390	0.000000	14.611200	213.018000	212.523000	135.412000	28.111500	13.093900	27.662500	0.300508	201.014000	0.061477	0.785652	1.587580	1.742610	2.528320	
   72	124.120000	116.660000	112.790000	108.900000	106.980000	110.720000	132.550000	149.230000	155.520000	150.160000	137.940000	108.900000	108.250000	108.510000	108.900000	121.120000	147.530000	152.940000	174.990000	171.450000	153.020000	152.480000	148.030000	139.100000	53.600000	50.000000	28.040000	28.000000	30.360000	28.000000	37.920000	13.640000	13.640000	13.640000	14.400000	29.080000	24.000000	24.360000	24.160000	40.000000	30.320000	10.000000	5.160000	5.000000	5.000000	5.160000	7.160000	10.720000	124.100000	116.660000	113.500000	108.900000	106.830000	109.720000	127.550000	149.230000	155.520000	147.660000	137.940000	108.900000	108.250000	112.720000	117.020000	121.120000	151.530000	157.160000	179.490000	174.010000	153.020000	152.480000	150.000000	139.100000	118.340000	121.590000	112.734000	110.977000	120.864000	108.648000	122.765000	143.847000	158.798000	136.708000	136.550000	116.983000	111.457000	116.035000	117.127000	116.909000	125.951000	147.365000	160.584000	141.724000	147.345000	167.133000	139.992000	117.382000	0.436000	0.000000	0.621444	0.000000	0.648635	0.000000	0.650129	0.000000	0.608648	0.000000	0.555711	0.000000	0.553815	0.000000	0.586462	0.016200	0.638604	0.228600	0.625844	0.370100	103.200000	126.214000	125.397000	143.123000	155.103000	179.643000	145.132000	147.935000	146.398000	164.454000	144.941000	133.141000	0.825982	0.441300	0.812886	0.460600	0.793904	0.473400	0.781437	0.291400	0.770932	0.225300	0.739462	0.066400	0.724136	0.005600	0.715515	0.000000	0.692960	0.000000	0.694706	0.000000	0.723407	0.000000	0.744459	0.000000	0.772686	0.000000	0.817260	0.000000	2.655570	3.788600	5.330690	0.000000	0.000000	3.224820	7.659740	4.853250	3.591540	0.000000	0.000000	218.733000	215.492000	20.835500	21.246600	0.792190	36.567900	0.000000	233.095000	0.000000	0.647020	1.856000	1.690130	2.030650	
   73	124.120000	116.660000	112.790000	108.900000	106.980000	110.720000	132.550000	149.230000	155.520000	150.160000	137.940000	108.900000	108.250000	108.510000	108.900000	121.120000	147.530000	152.940000	174.990000	171.450000	153.020000	152.480000	148.030000	139.100000	53.600000	50.000000	28.040000	28.000000	30.360000	28.000000	37.920000	13.640000	13.640000	13.640000	14.400000	29.080000	24.000000	24.360000	24.160000	40.000000	30.320000	10.000000	5.160000	5.000000	5.000000	5.160000	7.160000	10.720000	124.100000	116.660000	113.500000	108.900000	106.830000	109.720000	127.550000	149.230000	155.520000	147.660000	137.940000	108.900000	108.250000	112.720000	117.020000	121.120000	151.530000	157.160000	179.490000	174.010000	153.020000	152.480000	150.000000	139.100000	118.340000	121.590000	112.734000	110.977000	120.864000	108.648000	122.765000	143.847000	158.798000	136.708000	136.550000	116.983000	111.457000	116.035000	117.127000	116.909000	125.951000	147.365000	160.584000	141.724000	147.345000	167.133000	139.992000	117.382000	0.436000	0.000000	0.621444	0.000000	0.648635	0.000000	0.650129	0.000000	0.608648	0.000000	0.555711	0.000000	0.553815	0.000000	0.586462	0.016200	0.638604	0.228600	0.625844	0.370100	103.200000	161.106000	166.715000	175.412000	172.204000	177.088000	174.385000	191.748000	150.785000	156.776000	147.736000	138.304000	0.548163	0.400300	0.485251	0.373400	0.441917	0.466800	0.445171	0.609400	0.489328	0.393000	0.542776	0.143800	0.567390	0.006300	0.559322	0.000000	0.490209	0.000000	0.418779	0.000000	0.397634	0.000000	0.451890	0.000000	0.546161	0.000000	0.623483	0.000000	2.655570	3.030320	4.502260	0.816665	0.783090	2.549230	7.303590	4.548430	3.321330	0.427698	22.265800	251.579000	222.297000	0.000000	39.413300	0.000000	90.965600	9.667750	225.110000	1.880300	3.254420	1.677550	1.716270	2.031610	
   74	124.120000	116.660000	112.790000	108.900000	106.980000	110.720000	132.550000	149.230000	155.520000	150.160000	137.940000	108.900000	108.250000	108.510000	108.900000	121.120000	147.530000	152.940000	174.990000	171.450000	153.020000	152.480000	148.030000	139.100000	53.600000	50.000000	28.040000	28.000000	30.360000	28.000000	37.920000	13.640000	13.640000	13.640000	14.400000	29.080000	24.000000	24.360000	24.160000	40.000000	30.320000	10.000000	5.160000	5.000000	5.000000	5.160000	7.160000	10.720000	124.100000	116.660000	113.500000	108.900000	106.830000	109.720000	127.550000	149.230000	155.520000	147.660000	137.940000	108.900000	108.250000	112.720000	117.020000	121.120000	151.530000	157.160000	179.490000	174.010000	153.020000	152.480000	150.000000	139.100000	118.340000	115.112000	117.128000	119.125000	115.617000	108.746000	121.862000	145.503000	166.133000	153.959000	130.950000	116.148000	113.721000	110.240000	106.989000	117.389000	130.419000	149.937000	155.530000	152.084000	147.456000	147.489000	139.961000	125.004000	0.436000	0.000000	0.621067	0.000000	0.652831	0.000000	0.633704	0.000000	0.585885	0.000000	0.539678	0.000000	0.523989	0.000000	0.557702	0.022200	0.586672	0.162700	0.595459	0.431800	103.200000	113.910000	110.730000	129.395000	141.187000	149.198000	162.505000	156.387000	143.690000	155.964000	147.871000	143.722000	0.550117	0.601800	0.505996	0.607800	0.431205	0.534700	0.484609	0.401900	0.522904	0.319000	0.538040	0.164100	0.547732	0.006100	0.517168	0.000000	0.461216	0.000000	0.427227	0.000000	0.421440	0.000000	0.451890	0.000000	0.457842	0.000000	0.463164	0.000000	2.655570	2.476570	3.694170	0.000000	0.000000	2.369390	5.878310	4.640570	3.488110	0.557102	17.473000	207.565000	203.045000	191.595000	12.990800	0.762893	50.269100	0.000000	204.344000	0.000000	0.710520	1.743940	1.884540	2.458560	
   75	124.120000	116.660000	112.790000	108.900000	106.980000	110.720000	132.550000	149.230000	155.520000	150.160000	137.940000	108.900000	108.250000	108.510000	108.900000	121.120000	147.530000	152.940000	174.990000	171.450000	153.020000	152.480000	148.030000	139.100000	53.600000	50.000000	28.040000	28.000000	30.360000	28.000000	37.920000	13.640000	13.640000	13.640000	14.400000	29.080000	24.000000	24.360000	24.160000	40.000000	30.320000	10.000000	5.160000	5.000000	5.000000	5.160000	7.160000	10.720000	124.100000	116.660000	113.500000	108.900000	106.830000	109.720000	127.550000	149.230000	155.520000	147.660000	137.940000	108.900000	108.250000	112.720000	117.020000	121.120000	151.530000	157.160000	179.490000	174.010000	153.020000	152.480000	150.000000	139.100000	118.340000	119.006000	114.059000	116.901000	115.973000	108.520000	122.301000	140.002000	156.741000	148.912000	133.548000	112.616000	117.035000	115.324000	113.603000	117.341000	126.649000	154.942000	154.395000	148.377000	146.376000	176.296000	139.308000	127.503000	0.436000	0.000000	0.642726	0.000000	0.670166	0.000000	0.654902	0.000000	0.608507	0.000000	0.566372	0.000000	0.553331	0.000000	0.572926	0.020200	0.605157	0.205700	0.631952	0.388400	103.200000	126.316000	129.341000	142.549000	138.703000	167.716000	169.760000	162.968000	164.107000	170.001000	150.375000	133.885000	0.798794	0.500200	0.770461	0.478000	0.756539	0.391000	0.767809	0.355900	0.795482	0.289100	0.829299	0.150000	0.848514	0.012300	0.839116	0.000000	0.794766	0.000000	0.764268	0.000000	0.773491	0.000000	0.796866	0.000000	0.796238	0.000000	0.762364	0.000000	2.655570	3.009650	4.206380	0.000000	0.483758	3.896570	9.762940	4.690810	3.484730	0.000000	14.587500	211.239000	215.969000	197.294000	10.214100	7.678660	39.314300	0.000000	207.094000	0.000000	0.623630	1.376180	2.085270	2.431550	
   76	124.120000	116.660000	112.790000	108.900000	106.980000	110.720000	132.550000	149.230000	155.520000	150.160000	137.940000	108.900000	108.250000	108.510000	108.900000	121.120000	147.530000	152.940000	174.990000	171.450000	153.020000	152.480000	148.030000	139.100000	53.600000	50.000000	28.040000	28.000000	30.360000	28.000000	37.920000	13.640000	13.640000	13.640000	14.400000	29.080000	24.000000	24.360000	24.160000	40.000000	30.320000	10.000000	5.160000	5.000000	5.000000	5.160000	7.160000	10.720000	124.100000	116.660000	113.500000	108.900000	106.830000	109.720000	127.550000	149.230000	155.520000	147.660000	137.940000	108.900000	108.250000	112.720000	117.020000	121.120000	151.530000	157.160000	179.490000	174.010000	153.020000	152.480000	150.000000	139.100000	118.340000	121.590000	112.734000	110.977000	120.864000	108.648000	122.765000	143.847000	158.798000	136.708000	136.550000	116.983000	111.457000	116.035000	117.127000	116.909000	125.951000	147.365000	160.584000	141.724000	147.345000	167.133000	139.992000	117.382000	0.436000	0.000000	0.621444	0.000000	0.648635	0.000000	0.650129	0.000000	0.608648	0.000000	0.555711	0.000000	0.553815	0.000000	0.586462	0.016200	0.638604	0.228600	0.625844	0.370100	103.200000	169.125000	172.588000	189.493000	182.305000	198.794000	176.283000	167.618000	191.761000	202.682000	155.606000	147.006000	0.704770	0.595400	0.654829	0.482600	0.631007	0.504400	0.621136	0.496400	0.623243	0.299100	0.585989	0.091900	0.537669	0.005900	0.502214	0.000000	0.472005	0.000000	0.478913	0.000000	0.537362	0.000000	0.610192	0.000000	0.687500	0.000000	0.734608	0.000000	2.655570	3.009650	4.206380	0.000000	0.000000	2.805170	7.033680	4.606970	3.435430	0.000000	29.476000	207.550000	204.445000	209.814000	9.410930	3.802900	48.825500	0.557657	208.135000	0.111597	0.982875	1.745880	1.570040	2.058700	
   77	124.120000	116.660000	112.790000	108.900000	106.980000	110.720000	132.550000	149.230000	155.520000	150.160000	137.940000	108.900000	108.250000	108.510000	108.900000	121.120000	147.530000	152.940000	174.990000	171.450000	153.020000	152.480000	148.030000	139.100000	53.600000	50.000000	28.040000	28.000000	30.360000	28.000000	37.920000	13.640000	13.640000	13.640000	14.400000	29.080000	24.000000	24.360000	24.160000	40.000000	30.320000	10.000000	5.160000	5.000000	5.000000	5.160000	7.160000	10.720000	124.100000	116.660000	113.500000	108.900000	106.830000	109.720000	127.550000	149.230000	155.520000	147.660000	137.940000	108.900000	108.250000	112.720000	117.020000	121.120000	151.530000	157.160000	179.490000	174.010000	153.020000	152.480000	150.000000	139.100000	118.340000	115.112000	117.128000	119.125000	115.617000	108.746000	121.862000	145.503000	166.133000	153.959000	130.950000	116.148000	113.721000	110.240000	106.989000	117.389000	130.419000	149.937000	155.530000	152.084000	147.456000	147.489000	139.961000	125.004000	0.436000	0.000000	0.621067	0.000000	0.652831	0.000000	0.633704	0.000000	0.585885	0.000000	0.539678	0.000000	0.523989	0.000000	0.557702	0.022200	0.586672	0.162700	0.595459	0.431800	103.200000	113.910000	110.730000	129.395000	141.187000	149.198000	162.505000	156.387000	143.690000	155.964000	147.871000	143.722000	0.550117	0.601800	0.505996	0.607800	0.431205	0.534700	0.484609	0.401900	0.522904	0.319000	0.538040	0.164100	0.547732	0.006100	0.517168	0.000000	0.461216	0.000000	0.427227	0.000000	0.421440	0.000000	0.451890	0.000000	0.457842	0.000000	0.463164	0.000000	2.655570	2.476570	3.694170	0.000000	0.000000	2.369390	5.878310	4.640570	3.488110	0.557102	17.473000	207.565000	203.045000	191.595000	12.990800	0.762893	50.269100	0.000000	204.344000	0.000000	0.710520	1.743940	1.884540	2.458560	
   78	124.120000	116.660000	112.790000	108.900000	106.980000	110.720000	132.550000	149.230000	155.520000	150.160000	137.940000	108.900000	108.250000	108.510000	108.900000	121.120000	147.530000	152.940000	174.990000	171.450000	153.020000	152.480000	148.030000	139.100000	53.600000	50.000000	28.040000	28.000000	30.360000	28.000000	37.920000	13.640000	13.640000	13.640000	14.400000	29.080000	24.000000	24.360000	24.160000	40.000000	30.320000	10.000000	5.160000	5.000000	5.000000	5.160000	7.160000	10.720000	124.100000	116.660000	113.500000	108.900000	106.830000	109.720000	127.550000	149.230000	155.520000	147.660000	137.940000	108.900000	108.250000	112.720000	117.020000	121.120000	151.530000	157.160000	179.490000	174.010000	153.020000	152.480000	150.000000	139.100000	118.340000	119.006000	114.059000	116.901000	115.973000	108.520000	122.301000	140.002000	156.741000	148.912000	133.548000	112.616000	117.035000	115.324000	113.603000	117.341000	126.649000	154.942000	154.395000	148.377000	146.376000	176.296000	139.308000	127.503000	0.436000	0.000000	0.642726	0.000000	0.670166	0.000000	0.654902	0.000000	0.608507	0.000000	0.566372	0.000000	0.553331	0.000000	0.572926	0.020200	0.605157	0.205700	0.631952	0.388400	103.200000	113.980000	106.926000	128.180000	126.026000	142.407000	161.315000	168.878000	158.412000	168.876000	146.674000	140.847000	0.630068	0.514600	0.611359	0.514500	0.598938	0.490700	0.602569	0.415200	0.648896	0.351100	0.721084	0.138600	0.648135	0.009100	0.579014	0.000000	0.474542	0.000000	0.427255	0.000000	0.397969	0.000000	0.429014	0.000000	0.491782	0.000000	0.480452	0.000000	2.655570	4.325980	5.871150	0.000000	0.000000	1.373480	8.140990	5.123370	3.303200	0.948666	1.203300	202.531000	191.533000	190.155000	17.008200	0.000000	61.369300	0.000000	210.107000	0.408461	0.177022	1.998510	1.814830	2.553330	
   79	124.120000	116.660000	112.790000	108.900000	106.980000	110.720000	132.550000	149.230000	155.520000	150.160000	137.940000	108.900000	108.250000	108.510000	108.900000	121.120000	147.530000	152.940000	174.990000	171.450000	153.020000	152.480000	148.030000	139.100000	53.600000	50.000000	28.040000	28.000000	30.360000	28.000000	37.920000	13.640000	13.640000	13.640000	14.400000	29.080000	24.000000	24.360000	24.160000	40.000000	30.320000	10.000000	5.160000	5.000000	5.000000	5.160000	7.160000	10.720000	124.100000	116.660000	113.500000	108.900000	106.830000	109.720000	127.550000	149.230000	155.520000	147.660000	137.940000	108.900000	108.250000	112.720000	117.020000	121.120000	151.530000	157.160000	179.490000	174.010000	153.020000	152.480000	150.000000	139.100000	118.340000	115.112000	117.128000	119.125000	115.617000	108.746000	121.862000	145.503000	166.133000	153.959000	130.950000	116.148000	113.721000	110.240000	106.989000	117.389000	130.419000	149.937000	155.530000	152.084000	147.456000	147.489000	139.961000	125.004000	0.436000	0.000000	0.621067	0.000000	0.652831	0.000000	0.633704	0.000000	0.585885	0.000000	0.539678	0.000000	0.523989	0.000000	0.557702	0.022200	0.586672	0.162700	0.595459	0.431800	103.200000	113.910000	110.730000	129.395000	141.187000	149.198000	162.505000	156.387000	143.690000	155.964000	147.871000	143.722000	0.550117	0.601800	0.505996	0.607800	0.431205	0.534700	0.484609	0.401900	0.522904	0.319000	0.538040	0.164100	0.547732	0.006100	0.517168	0.000000	0.461216	0.000000	0.427227	0.000000	0.421440	0.000000	0.451890	0.000000	0.457842	0.000000	0.463164	0.000000	2.655570	2.476570	3.694170	0.000000	0.000000	2.369390	5.878310	4.640570	3.488110	0.557102	17.473000	207.565000	203.045000	191.595000	12.990800	0.762893	50.269100	0.000000	204.344000	0.000000	0.710520	1.743940	1.884540	2.458560	
   80	124.120000	116.660000	112.790000	108.900000	106.980000	110.720000	132.550000	149.230000	155.520000	150.160000	137.940000	108.900000	108.250000	108.510000	108.900000	121.120000	147.530000	152.940000	174.990000	171.450000	153.020000	152.480000	148.030000	139.100000	53.600000	50.000000	28.040000	28.000000	30.360000	28.000000	37.920000	13.640000	13.640000	13.640000	14.400000	29.080000	24.000000	24.360000	24.160000	40.000000	30.320000	10.000000	5.160000	5.000000	5.000000	5.160000	7.160000	10.720000	124.100000	116.660000	113.500000	108.900000	106.830000	109.720000	127.550000	149.230000	155.520000	147.660000	137.940000	108.900000	108.250000	112.720000	117.020000	121.120000	151.530000	157.160000	179.490000	174.010000	153.020000	152.480000	150.000000	139.100000	118.340000	119.006000	114.059000	116.901000	115.973000	108.520000	122.301000	140.002000	156.741000	148.912000	133.548000	112.616000	117.035000	115.324000	113.603000	117.341000	126.649000	154.942000	154.395000	148.377000	146.376000	176.296000	139.308000	127.503000	0.436000	0.000000	0.642726	0.000000	0.670166	0.000000	0.654902	0.000000	0.608507	0.000000	0.566372	0.000000	0.553331	0.000000	0.572926	0.020200	0.605157	0.205700	0.631952	0.388400	103.200000	119.316000	119.779000	138.163000	142.671000	156.173000	156.810000	157.962000	151.082000	162.746000	152.107000	145.798000	0.841439	0.836800	0.806452	0.508100	0.773310	0.518000	0.767798	0.545800	0.772313	0.374200	0.766674	0.183100	0.727970	0.018700	0.683355	0.000000	0.643053	0.000000	0.603950	0.000000	0.608299	0.000000	0.689745	0.000000	0.759282	0.000000	0.402260	0.000000	2.655570	3.618530	4.885650	0.047383	0.000000	0.000000	6.756910	4.618740	3.416260	0.000000	10.620800	215.406000	210.668000	99.087300	13.707600	0.000000	45.443500	1.201430	191.556000	0.045503	0.615107	1.689520	1.824740	2.279880	
   81	124.120000	116.660000	112.790000	108.900000	106.980000	110.720000	132.550000	149.230000	155.520000	150.160000	137.940000	108.900000	108.250000	108.510000	108.900000	121.120000	147.530000	152.940000	174.990000	171.450000	153.020000	152.480000	148.030000	139.100000	53.600000	50.000000	28.040000	28.000000	30.360000	28.000000	37.920000	13.640000	13.640000	13.640000	14.400000	29.080000	24.000000	24.360000	24.160000	40.000000	30.320000	10.000000	5.160000	5.000000	5.000000	5.160000	7.160000	10.720000	124.100000	116.660000	113.500000	108.900000	106.830000	109.720000	127.550000	149.230000	155.520000	147.660000	137.940000	108.900000	108.250000	112.720000	117.020000	121.120000	151.530000	157.160000	179.490000	174.010000	153.020000	152.480000	150.000000	139.100000	118.340000	115.112000	117.128000	119.125000	115.617000	108.746000	121.862000	145.503000	166.133000	153.959000	130.950000	116.148000	113.721000	110.240000	106.989000	117.389000	130.419000	149.937000	155.530000	152.084000	147.456000	147.489000	139.961000	125.004000	0.436000	0.000000	0.621067	0.000000	0.652831	0.000000	0.633704	0.000000	0.585885	0.000000	0.539678	0.000000	0.523989	0.000000	0.557702	0.022200	0.586672	0.162700	0.595459	0.431800	103.200000	113.910000	110.730000	129.395000	141.187000	149.198000	162.505000	156.387000	143.690000	155.964000	147.871000	143.722000	0.550117	0.601800	0.505996	0.607800	0.431205	0.534700	0.484609	0.401900	0.522904	0.319000	0.538040	0.164100	0.547732	0.006100	0.517168	0.000000	0.461216	0.000000	0.427227	0.000000	0.421440	0.000000	0.451890	0.000000	0.457842	0.000000	0.463164	0.000000	2.655570	2.476570	3.694170	0.000000	0.000000	2.369390	5.878310	4.640570	3.488110	0.557102	17.473000	207.565000	203.045000	191.595000	12.990800	0.762893	50.269100	0.000000	204.344000	0.000000	0.710520	1.743940	1.884540	2.458560	
   82	124.120000	116.660000	112.790000	108.900000	106.980000	110.720000	132.550000	149.230000	155.520000	150.160000	137.940000	108.900000	108.250000	108.510000	108.900000	121.120000	147.530000	152.940000	174.990000	171.450000	153.020000	152.480000	148.030000	139.100000	53.600000	50.000000	28.040000	28.000000	30.360000	28.000000	37.920000	13.640000	13.640000	13.640000	14.400000	29.080000	24.000000	24.360000	24.160000	40.000000	30.320000	10.000000	5.160000	5.000000	5.000000	5.160000	7.160000	10.720000	124.100000	116.660000	113.500000	108.900000	106.830000	109.720000	127.550000	149.230000	155.520000	147.660000	137.940000	108.900000	108.250000	112.720000	117.020000	121.120000	151.530000	157.160000	179.490000	174.010000	153.020000	152.480000	150.000000	139.100000	118.340000	115.112000	117.128000	119.125000	115.617000	108.746000	121.862000	145.503000	166.133000	153.959000	130.950000	116.148000	113.721000	110.240000	106.989000	117.389000	130.419000	149.937000	155.530000	152.084000	147.456000	147.489000	139.961000	125.004000	0.436000	0.000000	0.621067	0.000000	0.652831	0.000000	0.633704	0.000000	0.585885	0.000000	0.539678	0.000000	0.523989	0.000000	0.557702	0.022200	0.586672	0.162700	0.595459	0.431800	103.200000	113.910000	110.730000	129.395000	141.187000	149.198000	162.505000	156.387000	143.690000	155.964000	147.871000	143.722000	0.550117	0.601800	0.505996	0.607800	0.431205	0.534700	0.484609	0.401900	0.522904	0.319000	0.538040	0.164100	0.547732	0.006100	0.517168	0.000000	0.461216	0.000000	0.427227	0.000000	0.421440	0.000000	0.451890	0.000000	0.457842	0.000000	0.463164	0.000000	2.655570	2.476570	3.694170	0.000000	0.000000	2.369390	5.878310	4.640570	3.488110	0.557102	17.473000	207.565000	203.045000	191.595000	12.990800	0.762893	50.269100	0.000000	204.344000	0.000000	0.710520	1.743940	1.884540	2.458560	
   83	124.120000	116.660000	112.790000	108.900000	106.980000	110.720000	132.550000	149.230000	155.520000	150.160000	137.940000	108.900000	108.250000	108.510000	108.900000	121.120000	147.530000	152.940000	174.990000	171.450000	153.020000	152.480000	148.030000	139.100000	53.600000	50.000000	28.040000	28.000000	30.360000	28.000000	37.920000	13.640000	13.640000	13.640000	14.400000	29.080000	24.000000	24.360000	24.160000	40.000000	30.320000	10.000000	5.160000	5.000000	5.000000	5.160000	7.160000	10.720000	124.100000	116.660000	113.500000	108.900000	106.830000	109.720000	127.550000	149.230000	155.520000	147.660000	137.940000	108.900000	108.250000	112.720000	117.020000	121.120000	151.530000	157.160000	179.490000	174.010000	153.020000	152.480000	150.000000	139.100000	118.340000	115.112000	117.128000	119.125000	115.617000	108.746000	121.862000	145.503000	166.133000	153.959000	130.950000	116.148000	113.721000	110.240000	106.989000	117.389000	130.419000	149.937000	155.530000	152.084000	147.456000	147.489000	139.961000	125.004000	0.436000	0.000000	0.621067	0.000000	0.652831	0.000000	0.633704	0.000000	0.585885	0.000000	0.539678	0.000000	0.523989	0.000000	0.557702	0.022200	0.586672	0.162700	0.595459	0.431800	103.200000	113.910000	110.730000	129.395000	141.187000	149.198000	162.505000	156.387000	143.690000	155.964000	147.871000	143.722000	0.550117	0.601800	0.505996	0.607800	0.431205	0.534700	0.484609	0.401900	0.522904	0.319000	0.538040	0.164100	0.547732	0.006100	0.517168	0.000000	0.461216	0.000000	0.427227	0.000000	0.421440	0.000000	0.451890	0.000000	0.457842	0.000000	0.463164	0.000000	2.655570	2.476570	3.694170	0.000000	0.000000	2.369390	5.878310	4.640570	3.488110	0.557102	17.473000	207.565000	203.045000	191.595000	12.990800	0.762893	50.269100	0.000000	204.344000	0.000000	0.710520	1.743940	1.884540	2.458560	
   84	124.120000	116.660000	112.790000	108.900000	106.980000	110.720000	132.550000	149.230000	155.520000	150.160000	137.940000	108.900000	108.250000	108.510000	108.900000	121.120000	147.530000	152.940000	174.990000	171.450000	153.020000	152.480000	148.030000	139.100000	53.600000	50.000000	28.040000	28.000000	30.360000	28.000000	37.920000	13.640000	13.640000	13.640000	14.400000	29.080000	24.000000	24.360000	24.160000	40.000000	30.320000	10.000000	5.160000	5.000000	5.000000	5.160000	7.160000	10.720000	124.100000	116.660000	113.500000	108.900000	106.830000	109.720000	127.550000	149.230000	155.520000	147.660000	137.940000	108.900000	108.250000	112.720000	117.020000	121.120000	151.530000	157.160000	179.490000	174.010000	153.020000	152.480000	150.000000	139.100000	118.340000	119.006000	114.059000	116.901000	115.973000	108.520000	122.301000	140.002000	156.741000	148.912000	133.548000	112.616000	117.035000	115.324000	113.603000	117.341000	126.649000	154.942000	154.395000	148.377000	146.376000	176.296000	139.308000	127.503000	0.436000	0.000000	0.642726	0.000000	0.670166	0.000000	0.654902	0.000000	0.608507	0.000000	0.566372	0.000000	0.553331	0.000000	0.572926	0.020200	0.605157	0.205700	0.631952	0.388400	103.200000	127.637000	134.788000	154.603000	155.568000	172.254000	166.728000	182.957000	181.620000	180.756000	155.038000	145.354000	0.563911	0.487200	0.569602	0.434900	0.494389	0.440200	0.532346	0.403400	0.540964	0.390000	0.544721	0.168800	0.489576	0.006200	0.487943	0.000000	0.436964	0.000000	0.419769	0.000000	0.301970	0.000000	0.341550	0.000000	0.353686	0.000000	0.339444	0.000000	2.655570	3.215430	4.610430	0.136799	0.000000	2.906410	7.386760	4.655960	2.882760	0.011052	22.270200	210.114000	213.792000	143.033000	0.000000	0.000000	50.281500	0.000000	210.107000	0.408461	0.177022	1.998510	1.814830	2.177170	
   85	124.120000	116.660000	112.790000	108.900000	106.980000	110.720000	132.550000	149.230000	155.520000	150.160000	137.940000	108.900000	108.250000	108.510000	108.900000	121.120000	147.530000	152.940000	174.990000	171.450000	153.020000	152.480000	148.030000	139.100000	53.600000	50.000000	28.040000	28.000000	30.360000	28.000000	37.920000	13.640000	13.640000	13.640000	14.400000	29.080000	24.000000	24.360000	24.160000	40.000000	30.320000	10.000000	5.160000	5.000000	5.000000	5.160000	7.160000	10.720000	124.100000	116.660000	113.500000	108.900000	106.830000	109.720000	127.550000	149.230000	155.520000	147.660000	137.940000	108.900000	108.250000	112.720000	117.020000	121.120000	151.530000	157.160000	179.490000	174.010000	153.020000	152.480000	150.000000	139.100000	118.340000	123.295000	111.353000	111.966000	115.680000	112.731000	122.255000	146.582000	158.552000	148.586000	127.977000	112.897000	112.293000	114.321000	117.188000	122.074000	126.028000	146.027000	154.670000	162.495000	157.288000	162.317000	135.767000	125.539000	0.436000	0.000000	0.603494	0.000000	0.617179	0.000000	0.601917	0.000000	0.570636	0.000000	0.527234	0.000000	0.507635	0.000000	0.508299	0.018100	0.519861	0.197400	0.547218	0.416400	103.200000	141.419000	145.671000	158.607000	156.512000	169.977000	168.080000	155.145000	163.272000	170.118000	154.787000	144.840000	0.295444	0.549100	0.259130	0.722400	0.253761	0.941100	0.283484	1.185500	0.347417	0.805100	0.432102	0.245900	0.499555	0.014600	0.503763	0.000000	0.465310	0.000000	0.426508	0.000000	0.378263	0.000000	0.354218	0.000000	0.348745	0.000000	0.300921	0.000000	2.655570	3.156800	4.348970	0.065166	0.639141	2.710100	6.737440	4.562560	3.160370	0.761174	22.254000	207.555000	201.948000	168.007000	15.214400	0.000000	49.950100	0.000000	181.844000	0.000000	0.788946	1.679460	1.901440	2.296790	
   86	124.120000	116.660000	112.790000	108.900000	106.980000	110.720000	132.550000	149.230000	155.520000	150.160000	137.940000	108.900000	108.250000	108.510000	108.900000	121.120000	147.530000	152.940000	174.990000	171.450000	153.020000	152.480000	148.030000	139.100000	53.600000	50.000000	28.040000	28.000000	30.360000	28.000000	37.920000	13.640000	13.640000	13.640000	14.400000	29.080000	24.000000	24.360000	24.160000	40.000000	30.320000	10.000000	5.160000	5.000000	5.000000	5.160000	7.160000	10.720000	124.100000	116.660000	113.500000	108.900000	106.830000	109.720000	127.550000	149.230000	155.520000	147.660000	137.940000	108.900000	108.250000	112.720000	117.020000	121.120000	151.530000	157.160000	179.490000	174.010000	153.020000	152.480000	150.000000	139.100000	118.340000	119.006000	114.059000	116.901000	115.973000	108.520000	122.301000	140.002000	156.741000	148.912000	133.548000	112.616000	117.035000	115.324000	113.603000	117.341000	126.649000	154.942000	154.395000	148.377000	146.376000	176.296000	139.308000	127.503000	0.436000	0.000000	0.642726	0.000000	0.670166	0.000000	0.654902	0.000000	0.608507	0.000000	0.566372	0.000000	0.553331	0.000000	0.572926	0.020200	0.605157	0.205700	0.631952	0.388400	103.200000	127.637000	134.788000	154.603000	155.568000	172.254000	166.728000	182.957000	181.620000	180.756000	155.038000	145.354000	0.563911	0.487200	0.569602	0.434900	0.494389	0.440200	0.532346	0.403400	0.540964	0.390000	0.544721	0.168800	0.489576	0.006200	0.487943	0.000000	0.436964	0.000000	0.419769	0.000000	0.301970	0.000000	0.341550	0.000000	0.353686	0.000000	0.339444	0.000000	2.655570	3.215430	4.610430	0.136799	0.000000	2.906410	7.386760	4.655960	2.882760	0.011052	22.270200	210.114000	213.792000	143.033000	0.000000	0.000000	50.281500	0.000000	210.107000	0.408461	0.177022	1.998510	1.814830	2.177170	
   87	124.120000	116.660000	112.790000	108.900000	106.980000	110.720000	132.550000	149.230000	155.520000	150.160000	137.940000	108.900000	108.250000	108.510000	108.900000	121.120000	147.530000	152.940000	174.990000	171.450000	153.020000	152.480000	148.030000	139.100000	53.600000	50.000000	28.040000	28.000000	30.360000	28.000000	37.920000	13.640000	13.640000	13.640000	14.400000	29.080000	24.000000	24.360000	24.160000	40.000000	30.320000	10.000000	5.160000	5.000000	5.000000	5.160000	7.160000	10.720000	124.100000	116.660000	113.500000	108.900000	106.830000	109.720000	127.550000	149.230000	155.520000	147.660000	137.940000	108.900000	108.250000	112.720000	117.020000	121.120000	151.530000	157.160000	179.490000	174.010000	153.020000	152.480000	150.000000	139.100000	118.340000	123.295000	111.353000	111.966000	115.680000	112.731000	122.255000	146.582000	158.552000	148.586000	127.977000	112.897000	112.293000	114.321000	117.188000	122.074000	126.028000	146.027000	154.670000	162.495000	157.288000	162.317000	135.767000	125.539000	0.436000	0.000000	0.603494	0.000000	0.617179	0.000000	0.601917	0.000000	0.570636	0.000000	0.527234	0.000000	0.507635	0.000000	0.508299	0.018100	0.519861	0.197400	0.547218	0.416400	103.200000	124.500000	96.723700	116.564000	133.325000	155.639000	156.016000	159.420000	164.537000	176.308000	154.000000	139.026000	0.616259	0.446400	0.569668	0.515600	0.537930	0.664600	0.570917	0.410200	0.627726	0.281900	0.614709	0.132800	0.554150	0.009000	0.529300	0.000000	0.334270	0.000000	0.285018	0.000000	0.257521	0.000000	0.256981	0.000000	0.262575	0.000000	0.248557	0.000000	2.655570	2.830110	4.109670	0.017663	0.000000	3.963580	7.146090	4.635160	3.793870	2.715640	18.711200	209.241000	210.679000	110.966000	0.000000	4.905120	46.597100	0.000000	212.874000	0.000000	0.675909	1.784250	1.916900	2.383380	
   88	124.120000	116.660000	112.790000	108.900000	106.980000	110.720000	132.550000	149.230000	155.520000	150.160000	137.940000	108.900000	108.250000	108.510000	108.900000	121.120000	147.530000	152.940000	174.990000	171.450000	153.020000	152.480000	148.030000	139.100000	53.600000	50.000000	28.040000	28.000000	30.360000	28.000000	37.920000	13.640000	13.640000	13.640000	14.400000	29.080000	24.000000	24.360000	24.160000	40.000000	30.320000	10.000000	5.160000	5.000000	5.000000	5.160000	7.160000	10.720000	124.100000	116.660000	113.500000	108.900000	106.830000	109.720000	127.550000	149.230000	155.520000	147.660000	137.940000	108.900000	108.250000	112.720000	117.020000	121.120000	151.530000	157.160000	179.490000	174.010000	153.020000	152.480000	150.000000	139.100000	118.340000	115.112000	117.128000	119.125000	115.617000	108.746000	121.862000	145.503000	166.133000	153.959000	130.950000	116.148000	113.721000	110.240000	106.989000	117.389000	130.419000	149.937000	155.530000	152.084000	147.456000	147.489000	139.961000	125.004000	0.436000	0.000000	0.621067	0.000000	0.652831	0.000000	0.633704	0.000000	0.585885	0.000000	0.539678	0.000000	0.523989	0.000000	0.557702	0.022200	0.586672	0.162700	0.595459	0.431800	103.200000	113.910000	110.730000	129.395000	141.187000	149.198000	162.505000	156.387000	143.690000	155.964000	147.871000	143.722000	0.550117	0.601800	0.505996	0.607800	0.431205	0.534700	0.484609	0.401900	0.522904	0.319000	0.538040	0.164100	0.547732	0.006100	0.517168	0.000000	0.461216	0.000000	0.427227	0.000000	0.421440	0.000000	0.451890	0.000000	0.457842	0.000000	0.463164	0.000000	2.655570	2.476570	3.694170	0.000000	0.000000	2.369390	5.878310	4.640570	3.488110	0.557102	17.473000	207.565000	203.045000	191.595000	12.990800	0.762893	50.269100	0.000000	204.344000	0.000000	0.710520	1.743940	1.884540	2.458560	
   89	124.120000	116.660000	112.790000	108.900000	106.980000	110.720000	132.550000	149.230000	155.520000	150.160000	137.940000	108.900000	108.250000	108.510000	108.900000	121.120000	147.530000	152.940000	174.990000	171.450000	153.020000	152.480000	148.030000	139.100000	53.600000	50.000000	28.040000	28.000000	30.360000	28.000000	37.920000	13.640000	13.640000	13.640000	14.400000	29.080000	24.000000	24.360000	24.160000	40.000000	30.320000	10.000000	5.160000	5.000000	5.000000	5.160000	7.160000	10.720000	124.100000	116.660000	113.500000	108.900000	106.830000	109.720000	127.550000	149.230000	155.520000	147.660000	137.940000	108.900000	108.250000	112.720000	117.020000	121.120000	151.530000	157.160000	179.490000	174.010000	153.020000	152.480000	150.000000	139.100000	118.340000	115.112000	117.128000	119.125000	115.617000	108.746000	121.862000	145.503000	166.133000	153.959000	130.950000	116.148000	113.721000	110.240000	106.989000	117.389000	130.419000	149.937000	155.530000	152.084000	147.456000	147.489000	139.961000	125.004000	0.436000	0.000000	0.621067	0.000000	0.652831	0.000000	0.633704	0.000000	0.585885	0.000000	0.539678	0.000000	0.523989	0.000000	0.557702	0.022200	0.586672	0.162700	0.595459	0.431800	103.200000	113.910000	110.730000	129.395000	141.187000	149.198000	162.505000	156.387000	143.690000	155.964000	147.871000	143.722000	0.550117	0.601800	0.505996	0.607800	0.431205	0.534700	0.484609	0.401900	0.522904	0.319000	0.538040	0.164100	0.547732	0.006100	0.517168	0.000000	0.461216	0.000000	0.427227	0.000000	0.421440	0.000000	0.451890	0.000000	0.457842	0.000000	0.463164	0.000000	2.655570	2.476570	3.694170	0.000000	0.000000	2.369390	5.878310	4.640570	3.488110	0.557102	17.473000	207.565000	203.045000	191.595000	12.990800	0.762893	50.269100	0.000000	204.344000	0.000000	0.710520	1.743940	1.884540	2.458560	
   90	124.120000	116.660000	112.790000	108.900000	106.980000	110.720000	132.550000	149.230000	155.520000	150.160000	137.940000	108.900000	108.250000	108.510000	108.900000	121.120000	147.530000	152.940000	174.990000	171.450000	153.020000	152.480000	148.030000	139.100000	53.600000	50.000000	28.040000	28.000000	30.360000	28.000000	37.920000	13.640000	13.640000	13.640000	14.400000	29.080000	24.000000	24.360000	24.160000	40.000000	30.320000	10.000000	5.160000	5.000000	5.000000	5.160000	7.160000	10.720000	124.100000	116.660000	113.500000	108.900000	106.830000	109.720000	127.550000	149.230000	155.520000	147.660000	137.940000	108.900000	108.250000	112.720000	117.020000	121.120000	151.530000	157.160000	179.490000	174.010000	153.020000	152.480000	150.000000	139.100000	118.340000	123.295000	111.353000	111.966000	115.680000	112.731000	122.255000	146.582000	158.552000	148.586000	127.977000	112.897000	112.293000	114.321000	117.188000	122.074000	126.028000	146.027000	154.670000	162.495000	157.288000	162.317000	135.767000	125.539000	0.436000	0.000000	0.603494	0.000000	0.617179	0.000000	0.601917	0.000000	0.570636	0.000000	0.527234	0.000000	0.507635	0.000000	0.508299	0.018100	0.519861	0.197400	0.547218	0.416400	103.200000	151.260000	155.540000	167.373000	145.407000	163.579000	155.407000	163.000000	156.948000	158.523000	148.656000	135.200000	0.673102	0.464100	0.641272	0.589100	0.635356	0.704400	0.644322	0.624400	0.670615	0.531900	0.681026	0.278300	0.670572	0.014700	0.616276	0.000000	0.531025	0.000000	0.489509	0.000000	0.529294	0.000000	0.561311	0.000000	0.617900	0.000000	0.668047	0.000000	2.655570	3.131580	4.565610	0.160845	0.624036	20.695100	12.489200	4.355890	3.634370	0.163509	3.835190	184.616000	176.457000	397.501000	31.245700	17.362600	55.889600	3.333000	192.739000	0.626269	1.210630	1.684830	1.806950	2.075530	
   91	124.120000	116.660000	112.790000	108.900000	106.980000	110.720000	132.550000	149.230000	155.520000	150.160000	137.940000	108.900000	108.250000	108.510000	108.900000	121.120000	147.530000	152.940000	174.990000	171.450000	153.020000	152.480000	148.030000	139.100000	53.600000	50.000000	28.040000	28.000000	30.360000	28.000000	37.920000	13.640000	13.640000	13.640000	14.400000	29.080000	24.000000	24.360000	24.160000	40.000000	30.320000	10.000000	5.160000	5.000000	5.000000	5.160000	7.160000	10.720000	124.100000	116.660000	113.500000	108.900000	106.830000	109.720000	127.550000	149.230000	155.520000	147.660000	137.940000	108.900000	108.250000	112.720000	117.020000	121.120000	151.530000	157.160000	179.490000	174.010000	153.020000	152.480000	150.000000	139.100000	118.340000	115.112000	117.128000	119.125000	115.617000	108.746000	121.862000	145.503000	166.133000	153.959000	130.950000	116.148000	113.721000	110.240000	106.989000	117.389000	130.419000	149.937000	155.530000	152.084000	147.456000	147.489000	139.961000	125.004000	0.436000	0.000000	0.621067	0.000000	0.652831	0.000000	0.633704	0.000000	0.585885	0.000000	0.539678	0.000000	0.523989	0.000000	0.557702	0.022200	0.586672	0.162700	0.595459	0.431800	103.200000	113.910000	110.730000	129.395000	141.187000	149.198000	162.505000	156.387000	143.690000	155.964000	147.871000	143.722000	0.550117	0.601800	0.505996	0.607800	0.431205	0.534700	0.484609	0.401900	0.522904	0.319000	0.538040	0.164100	0.547732	0.006100	0.517168	0.000000	0.461216	0.000000	0.427227	0.000000	0.421440	0.000000	0.451890	0.000000	0.457842	0.000000	0.463164	0.000000	2.655570	2.476570	3.694170	0.000000	0.000000	2.369390	5.878310	4.640570	3.488110	0.557102	17.473000	207.565000	203.045000	191.595000	12.990800	0.762893	50.269100	0.000000	204.344000	0.000000	0.710520	1.743940	1.884540	2.458560	
   92	124.120000	116.660000	112.790000	108.900000	106.980000	110.720000	132.550000	149.230000	155.520000	150.160000	137.940000	108.900000	108.250000	108.510000	108.900000	121.120000	147.530000	152.940000	174.990000	171.450000	153.020000	152.480000	148.030000	139.100000	53.600000	50.000000	28.040000	28.000000	30.360000	28.000000	37.920000	13.640000	13.640000	13.640000	14.400000	29.080000	24.000000	24.360000	24.160000	40.000000	30.320000	10.000000	5.160000	5.000000	5.000000	5.160000	7.160000	10.720000	124.100000	116.660000	113.500000	108.900000	106.830000	109.720000	127.550000	149.230000	155.520000	147.660000	137.940000	108.900000	108.250000	112.720000	117.020000	121.120000	151.530000	157.160000	179.490000	174.010000	153.020000	152.480000	150.000000	139.100000	118.340000	115.112000	117.128000	119.125000	115.617000	108.746000	121.862000	145.503000	166.133000	153.959000	130.950000	116.148000	113.721000	110.240000	106.989000	117.389000	130.419000	149.937000	155.530000	152.084000	147.456000	147.489000	139.961000	125.004000	0.436000	0.000000	0.621067	0.000000	0.652831	0.000000	0.633704	0.000000	0.585885	0.000000	0.539678	0.000000	0.523989	0.000000	0.557702	0.022200	0.586672	0.162700	0.595459	0.431800	103.200000	113.910000	110.730000	129.395000	141.187000	149.198000	162.505000	156.387000	143.690000	155.964000	147.871000	143.722000	0.550117	0.601800	0.505996	0.607800	0.431205	0.534700	0.484609	0.401900	0.522904	0.319000	0.538040	0.164100	0.547732	0.006100	0.517168	0.000000	0.461216	0.000000	0.427227	0.000000	0.421440	0.000000	0.451890	0.000000	0.457842	0.000000	0.463164	0.000000	2.655570	2.476570	3.694170	0.000000	0.000000	2.369390	5.878310	4.640570	3.488110	0.557102	17.473000	207.565000	203.045000	191.595000	12.990800	0.762893	50.269100	0.000000	204.344000	0.000000	0.710520	1.743940	1.884540	2.458560	
   93	124.120000	116.660000	112.790000	108.900000	106.980000	110.720000	132.550000	149.230000	155.520000	150.160000	137.940000	108.900000	108.250000	108.510000	108.900000	121.120000	147.530000	152.940000	174.990000	171.450000	153.020000	152.480000	148.030000	139.100000	53.600000	50.000000	28.040000	28.000000	30.360000	28.000000	37.920000	13.640000	13.640000	13.640000	14.400000	29.080000	24.000000	24.360000	24.160000	40.000000	30.320000	10.000000	5.160000	5.000000	5.000000	5.160000	7.160000	10.720000	124.100000	116.660000	113.500000	108.900000	106.830000	109.720000	127.550000	149.230000	155.520000	147.660000	137.940000	108.900000	108.250000	112.720000	117.020000	121.120000	151.530000	157.160000	179.490000	174.010000	153.020000	152.480000	150.000000	139.100000	118.340000	119.006000	114.059000	116.901000	115.973000	108.520000	122.301000	140.002000	156.741000	148.912000	133.548000	112.616000	117.035000	115.324000	113.603000	117.341000	126.649000	154.942000	154.395000	148.377000	146.376000	176.296000	139.308000	127.503000	0.436000	0.000000	0.642726	0.000000	0.670166	0.000000	0.654902	0.000000	0.608507	0.000000	0.566372	0.000000	0.553331	0.000000	0.572926	0.020200	0.605157	0.205700	0.631952	0.388400	103.200000	127.637000	134.788000	154.603000	155.568000	172.254000	166.728000	182.957000	181.620000	180.756000	155.038000	145.354000	0.563911	0.487200	0.569602	0.434900	0.494389	0.440200	0.532346	0.403400	0.540964	0.390000	0.544721	0.168800	0.489576	0.006200	0.487943	0.000000	0.436964	0.000000	0.419769	0.000000	0.301970	0.000000	0.341550	0.000000	0.353686	0.000000	0.339444	0.000000	2.655570	3.215430	4.610430	0.136799	0.000000	2.906410	7.386760	4.655960	2.882760	0.011052	22.270200	210.114000	213.792000	143.033000	0.000000	0.000000	50.281500	0.000000	210.107000	0.408461	0.177022	1.998510	1.814830	2.177170	
   94	124.120000	116.660000	112.790000	108.900000	106.980000	110.720000	132.550000	149.230000	155.520000	150.160000	137.940000	108.900000	108.250000	108.510000	108.900000	121.120000	147.530000	152.940000	174.990000	171.450000	153.020000	152.480000	148.030000	139.100000	53.600000	50.000000	28.040000	28.000000	30.360000	28.000000	37.920000	13.640000	13.640000	13.640000	14.400000	29.080000	24.000000	24.360000	24.160000	40.000000	30.320000	10.000000	5.160000	5.000000	5.000000	5.160000	7.160000	10.720000	124.100000	116.660000	113.500000	108.900000	106.830000	109.720000	127.550000	149.230000	155.520000	147.660000	137.940000	108.900000	108.250000	112.720000	117.020000	121.120000	151.530000	157.160000	179.490000	174.010000	153.020000	152.480000	150.000000	139.100000	118.340000	115.112000	117.128000	119.125000	115.617000	108.746000	121.862000	145.503000	166.133000	153.959000	130.950000	116.148000	113.721000	110.240000	106.989000	117.389000	130.419000	149.937000	155.530000	152.084000	147.456000	147.489000	139.961000	125.004000	0.436000	0.000000	0.621067	0.000000	0.652831	0.000000	0.633704	0.000000	0.585885	0.000000	0.539678	0.000000	0.523989	0.000000	0.557702	0.022200	0.586672	0.162700	0.595459	0.431800	103.200000	113.910000	110.730000	129.395000	141.187000	149.198000	162.505000	156.387000	143.690000	155.964000	147.871000	143.722000	0.550117	0.601800	0.505996	0.607800	0.431205	0.534700	0.484609	0.401900	0.522904	0.319000	0.538040	0.164100	0.547732	0.006100	0.517168	0.000000	0.461216	0.000000	0.427227	0.000000	0.421440	0.000000	0.451890	0.000000	0.457842	0.000000	0.463164	0.000000	2.655570	2.476570	3.694170	0.000000	0.000000	2.369390	5.878310	4.640570	3.488110	0.557102	17.473000	207.565000	203.045000	191.595000	12.990800	0.762893	50.269100	0.000000	204.344000	0.000000	0.710520	1.743940	1.884540	2.458560	
   95	124.120000	116.660000	112.790000	108.900000	106.980000	110.720000	132.550000	149.230000	155.520000	150.160000	137.940000	108.900000	108.250000	108.510000	108.900000	121.120000	147.530000	152.940000	174.990000	171.450000	153.020000	152.480000	148.030000	139.100000	53.600000	50.000000	28.040000	28.000000	30.360000	28.000000	37.920000	13.640000	13.640000	13.640000	14.400000	29.080000	24.000000	24.360000	24.160000	40.000000	30.320000	10.000000	5.160000	5.000000	5.000000	5.160000	7.160000	10.720000	124.100000	116.660000	113.500000	108.900000	106.830000	109.720000	127.550000	149.230000	155.520000	147.660000	137.940000	108.900000	108.250000	112.720000	117.020000	121.120000	151.530000	157.160000	179.490000	174.010000	153.020000	152.480000	150.000000	139.100000	118.340000	115.112000	117.128000	119.125000	115.617000	108.746000	121.862000	145.503000	166.133000	153.959000	130.950000	116.148000	113.721000	110.240000	106.989000	117.389000	130.419000	149.937000	155.530000	152.084000	147.456000	147.489000	139.961000	125.004000	0.436000	0.000000	0.621067	0.000000	0.652831	0.000000	0.633704	0.000000	0.585885	0.000000	0.539678	0.000000	0.523989	0.000000	0.557702	0.022200	0.586672	0.162700	0.595459	0.431800	103.200000	113.910000	110.730000	129.395000	141.187000	149.198000	162.505000	156.387000	143.690000	155.964000	147.871000	143.722000	0.550117	0.601800	0.505996	0.607800	0.431205	0.534700	0.484609	0.401900	0.522904	0.319000	0.538040	0.164100	0.547732	0.006100	0.517168	0.000000	0.461216	0.000000	0.427227	0.000000	0.421440	0.000000	0.451890	0.000000	0.457842	0.000000	0.463164	0.000000	2.655570	2.476570	3.694170	0.000000	0.000000	2.369390	5.878310	4.640570	3.488110	0.557102	17.473000	207.565000	203.045000	191.595000	12.990800	0.762893	50.269100	0.000000	204.344000	0.000000	0.710520	1.743940	1.884540	2.458560	
   96	124.120000	116.660000	112.790000	108.900000	106.980000	110.720000	132.550000	149.230000	155.520000	150.160000	137.940000	108.900000	108.250000	108.510000	108.900000	121.120000	147.530000	152.940000	174.990000	171.450000	153.020000	152.480000	148.030000	139.100000	53.600000	50.000000	28.040000	28.000000	30.360000	28.000000	37.920000	13.640000	13.640000	13.640000	14.400000	29.080000	24.000000	24.360000	24.160000	40.000000	30.320000	10.000000	5.160000	5.000000	5.000000	5.160000	7.160000	10.720000	124.100000	116.660000	113.500000	108.900000	106.830000	109.720000	127.550000	149.230000	155.520000	147.660000	137.940000	108.900000	108.250000	112.720000	117.020000	121.120000	151.530000	157.160000	179.490000	174.010000	153.020000	152.480000	150.000000	139.100000	118.340000	121.590000	112.734000	110.977000	120.864000	108.648000	122.765000	143.847000	158.798000	136.708000	136.550000	116.983000	111.457000	116.035000	117.127000	116.909000	125.951000	147.365000	160.584000	141.724000	147.345000	167.133000	139.992000	117.382000	0.436000	0.000000	0.621444	0.000000	0.648635	0.000000	0.650129	0.000000	0.608648	0.000000	0.555711	0.000000	0.553815	0.000000	0.586462	0.016200	0.638604	0.228600	0.625844	0.370100	103.200000	112.673000	114.409000	122.562000	130.037000	143.752000	144.396000	134.986000	137.129000	136.860000	160.026000	157.167000	0.446953	0.342100	0.418207	0.387300	0.405176	0.333800	0.433251	0.403800	0.510953	0.379200	0.550210	0.143700	0.538635	0.006000	0.502411	0.000000	0.487565	0.000000	0.443324	0.000000	0.362484	0.000000	0.309281	0.000000	0.287581	0.000000	0.249323	0.000000	2.655570	4.325980	5.871150	0.000000	0.000000	1.373480	8.140990	5.123370	3.303200	0.032105	21.923700	209.775000	204.330000	178.445000	12.682900	0.247463	49.502900	0.000000	210.726000	0.128372	0.839015	1.753110	1.915400	2.356920	
   97	124.120000	116.660000	112.790000	108.900000	106.980000	110.720000	132.550000	149.230000	155.520000	150.160000	137.940000	108.900000	108.250000	108.510000	108.900000	121.120000	147.530000	152.940000	174.990000	171.450000	153.020000	152.480000	148.030000	139.100000	53.600000	50.000000	28.040000	28.000000	30.360000	28.000000	37.920000	13.640000	13.640000	13.640000	14.400000	29.080000	24.000000	24.360000	24.160000	40.000000	30.320000	10.000000	5.160000	5.000000	5.000000	5.160000	7.160000	10.720000	124.100000	116.660000	113.500000	108.900000	106.830000	109.720000	127.550000	149.230000	155.520000	147.660000	137.940000	108.900000	108.250000	112.720000	117.020000	121.120000	151.530000	157.160000	179.490000	174.010000	153.020000	152.480000	150.000000	139.100000	118.340000	115.112000	117.128000	119.125000	115.617000	108.746000	121.862000	145.503000	166.133000	153.959000	130.950000	116.148000	113.721000	110.240000	106.989000	117.389000	130.419000	149.937000	155.530000	152.084000	147.456000	147.489000	139.961000	125.004000	0.436000	0.000000	0.621067	0.000000	0.652831	0.000000	0.633704	0.000000	0.585885	0.000000	0.539678	0.000000	0.523989	0.000000	0.557702	0.022200	0.586672	0.162700	0.595459	0.431800	103.200000	113.910000	110.730000	129.395000	141.187000	149.198000	162.505000	156.387000	143.690000	155.964000	147.871000	143.722000	0.550117	0.601800	0.505996	0.607800	0.431205	0.534700	0.484609	0.401900	0.522904	0.319000	0.538040	0.164100	0.547732	0.006100	0.517168	0.000000	0.461216	0.000000	0.427227	0.000000	0.421440	0.000000	0.451890	0.000000	0.457842	0.000000	0.463164	0.000000	2.655570	2.476570	3.694170	0.000000	0.000000	2.369390	5.878310	4.640570	3.488110	0.557102	17.473000	207.565000	203.045000	191.595000	12.990800	0.762893	50.269100	0.000000	204.344000	0.000000	0.710520	1.743940	1.884540	2.458560	
   98	124.120000	116.660000	112.790000	108.900000	106.980000	110.720000	132.550000	149.230000	155.520000	150.160000	137.940000	108.900000	108.250000	108.510000	108.900000	121.120000	147.530000	152.940000	174.990000	171.450000	153.020000	152.480000	148.030000	139.100000	53.600000	50.000000	28.040000	28.000000	30.360000	28.000000	37.920000	13.640000	13.640000	13.640000	14.400000	29.080000	24.000000	24.360000	24.160000	40.000000	30.320000	10.000000	5.160000	5.000000	5.000000	5.160000	7.160000	10.720000	124.100000	116.660000	113.500000	108.900000	106.830000	109.720000	127.550000	149.230000	155.520000	147.660000	137.940000	108.900000	108.250000	112.720000	117.020000	121.120000	151.530000	157.160000	179.490000	174.010000	153.020000	152.480000	150.000000	139.100000	118.340000	115.112000	117.128000	119.125000	115.617000	108.746000	121.862000	145.503000	166.133000	153.959000	130.950000	116.148000	113.721000	110.240000	106.989000	117.389000	130.419000	149.937000	155.530000	152.084000	147.456000	147.489000	139.961000	125.004000	0.436000	0.000000	0.621067	0.000000	0.652831	0.000000	0.633704	0.000000	0.585885	0.000000	0.539678	0.000000	0.523989	0.000000	0.557702	0.022200	0.586672	0.162700	0.595459	0.431800	103.200000	113.910000	110.730000	129.395000	141.187000	149.198000	162.505000	156.387000	143.690000	155.964000	147.871000	143.722000	0.550117	0.601800	0.505996	0.607800	0.431205	0.534700	0.484609	0.401900	0.522904	0.319000	0.538040	0.164100	0.547732	0.006100	0.517168	0.000000	0.461216	0.000000	0.427227	0.000000	0.421440	0.000000	0.451890	0.000000	0.457842	0.000000	0.463164	0.000000	2.655570	2.476570	3.694170	0.000000	0.000000	2.369390	5.878310	4.640570	3.488110	0.557102	17.473000	207.565000	203.045000	191.595000	12.990800	0.762893	50.269100	0.000000	204.344000	0.000000	0.710520	1.743940	1.884540	2.458560	
   99	124.120000	116.660000	112.790000	108.900000	106.980000	110.720000	132.550000	149.230000	155.520000	150.160000	137.940000	108.900000	108.250000	108.510000	108.900000	121.120000	147.530000	152.940000	174.990000	171.450000	153.020000	152.480000	148.030000	139.100000	53.600000	50.000000	28.040000	28.000000	30.360000	28.000000	37.920000	13.640000	13.640000	13.640000	14.400000	29.080000	24.000000	24.360000	24.160000	40.000000	30.320000	10.000000	5.160000	5.000000	5.000000	5.160000	7.160000	10.720000	124.100000	116.660000	113.500000	108.900000	106.830000	109.720000	127.550000	149.230000	155.520000	147.660000	137.940000	108.900000	108.250000	112.720000	117.020000	121.120000	151.530000	157.160000	179.490000	174.010000	153.020000	152.480000	150.000000	139.100000	118.340000	119.006000	114.059000	116.901000	115.973000	108.520000	122.301000	140.002000	156.741000	148.912000	133.548000	112.616000	117.035000	115.324000	113.603000	117.341000	126.649000	154.942000	154.395000	148.377000	146.376000	176.296000	139.308000	127.503000	0.436000	0.000000	0.642726	0.000000	0.670166	0.000000	0.654902	0.000000	0.608507	0.000000	0.566372	0.000000	0.553331	0.000000	0.572926	0.020200	0.605157	0.205700	0.631952	0.388400	103.200000	113.980000	106.926000	128.180000	126.026000	142.407000	161.315000	168.878000	158.412000	168.876000	146.674000	140.847000	0.630068	0.514600	0.611359	0.514500	0.598938	0.490700	0.602569	0.415200	0.648896	0.351100	0.721084	0.138600	0.648135	0.009100	0.579014	0.000000	0.474542	0.000000	0.427255	0.000000	0.397969	0.000000	0.429014	0.000000	0.396993	0.000000	0.335699	0.000000	2.655570	3.238960	4.611320	0.000000	0.000000	2.977140	7.055960	4.657390	3.514280	0.008449	17.228500	208.356000	204.423000	176.684000	14.407800	0.000000	51.491400	0.000000	206.014000	0.000000	0.721190	1.671800	2.037370	2.348170	
  100	124.120000	116.660000	112.790000	108.900000	106.980000	110.720000	132.550000	149.230000	155.520000	150.160000	137.940000	108.900000	108.250000	108.510000	108.900000	121.120000	147.530000	152.940000	174.990000	171.450000	153.020000	152.480000	148.030000	139.100000	53.600000	50.000000	28.040000	28.000000	30.360000	28.000000	37.920000	13.640000	13.640000	13.640000	14.400000	29.080000	24.000000	24.360000	24.160000	40.000000	30.320000	10.000000	5.160000	5.000000	5.000000	5.160000	7.160000	10.720000	124.100000	116.660000	113.500000	108.900000	106.830000	109.720000	127.550000	149.230000	155.520000	147.660000	137.940000	108.900000	108.250000	112.720000	117.020000	121.120000	151.530000	157.160000	179.490000	174.010000	153.020000	152.480000	150.000000	139.100000	118.340000	119.006000	114.059000	116.901000	115.973000	108.520000	122.301000	140.002000	156.741000	148.912000	133.548000	112.616000	117.035000	115.324000	113.603000	117.341000	126.649000	154.942000	154.395000	148.377000	146.376000	176.296000	139.308000	127.503000	0.436000	0.000000	0.642726	0.000000	0.670166	0.000000	0.654902	0.000000	0.608507	0.000000	0.566372	0.000000	0.553331	0.000000	0.572926	0.020200	0.605157	0.205700	0.631952	0.388400	103.200000	98.118400	136.379000	150.694000	155.277000	171.739000	157.527000	141.763000	145.803000	150.977000	140.258000	128.542000	0.524106	0.697500	0.496064	0.855600	0.484230	0.543000	0.483776	0.466300	0.479322	0.362300	0.459701	0.151500	0.410230	0.007900	0.396553	0.000000	0.381137	0.000000	0.359890	0.000000	0.369814	0.000000	0.396576	0.000000	0.414015	0.000000	0.395960	0.000000	2.655570	2.924320	4.470230	0.010012	0.000000	3.272680	7.537550	4.587340	3.638800	0.000000	0.000000	216.558000	162.378000	0.000000	70.653600	0.000000	54.090800	0.000000	209.978000	0.000000	0.456629	1.624740	1.894450	2.548350	
;
param Prob0 :=
    1	0.000
    2	0.010
    3	0.010
    4	0.010
    5	0.000
    6	0.000
    7	0.010
    8	0.000
    9	0.420
   10	0.010
   11	0.010
   12	0.010
   13	0.010
   14	0.010
   15	0.000
   16	0.010
   17	0.010
   18	0.000
   19	0.010
   20	0.000
   21	0.000
   22	0.000
   23	0.000
   24	0.000
   25	0.000
   26	0.010
   27	0.010
   28	0.000
   29	0.010
   30	0.000
   31	0.000
   32	0.000
   33	0.010
   34	0.000
   35	0.000
   36	0.010
   37	0.010
   38	0.010
   39	0.000
   40	0.000
   41	0.010
   42	0.010
   43	0.010
   44	0.010
   45	0.010
   46	0.010
   47	0.010
   48	0.010
   49	0.030
   50	0.030
   51	0.000
   52	0.000
   53	0.000
   54	0.000
   55	0.000
   56	0.000
   57	0.010
   58	0.010
   59	0.000
   60	0.000
   61	0.000
   62	0.010
   63	0.000
   64	0.010
   65	0.010
   66	0.000
   67	0.030
   68	0.010
   69	0.010
   70	0.000
   71	0.000
   72	0.010
   73	0.010
   74	0.000
   75	0.010
   76	0.010
   77	0.000
   78	0.000
   79	0.000
   80	0.010
   81	0.000
   82	0.000
   83	0.000
   84	0.000
   85	0.010
   86	0.000
   87	0.010
   88	0.000
   89	0.000
   90	0.010
   91	0.000
   92	0.000
   93	0.050
   94	0.000
   95	0.000
   96	0.010
   97	0.000
   98	0.000
   99	0.000
  100	0.010
;
set c[0,50] :=
50    8     16    24    32    40    48    57    65    73    81    89    97
1     9     17    25    33    41    49    58    66    74    82    90    98
2     10    18    26    34    42    51    59    67    75    83    91    99
3     11    19    27    35    43    52    60    68    76    84    92    100
4     12    20    28    36    44    53    61    69    77    85    93
5     13    21    29    37    45    54    62    70    78    86    94
6     14    22    30    38    46    55    63    71    79    87    95
7     15    23    31    39    47    56    64    72    80    88    96;
set c[1,50] :=
50    8     16    24    32    40    48    57    65    73    81    89    97
1     9     17    25    33    41    49    58    66    74    82    90    98
2     10    18    26    34    42    51    59    67    75    83    91    99
3     11    19    27    35    43    52    60    68    76    84    92    100
4     12    20    28    36    44    53    61    69    77    85    93
5     13    21    29    37    45    54    62    70    78    86    94
6     14    22    30    38    46    55    63    71    79    87    95
7     15    23    31    39    47    56    64    72    80    88    96;
set c[2,50] :=
50    8     16    24    32    40    48    57    65    73    81    89    97
1     9     17    25    33    41    49    58    66    74    82    90    98
2     10    18    26    34    42    51    59    67    75    83    91    99
3     11    19    27    35    43    52    60    68    76    84    92    100
4     12    20    28    36    44    53    61    69    77    85    93
5     13    21    29    37    45    54    62    70    78    86    94
6     14    22    30    38    46    55    63    71    79    87    95
7     15    23    31    39    47    56    64    72    80    88    96;
set c[3,50] :=
50    8     16    24    32    40    48    57    65    73    81    89    97
1     9     17    25    33    41    49    58    66    74    82    90    98
2     10    18    26    34    42    51    59    67    75    83    91    99
3     11    19    27    35    43    52    60    68    76    84    92    100
4     12    20    28    36    44    53    61    69    77    85    93
5     13    21    29    37    45    54    62    70    78    86    94
6     14    22    30    38    46    55    63    71    79    87    95
7     15    23    31    39    47    56    64    72    80    88    96;
set c[4,31] :=
31   6    15   21   24   34   40   54   59   70   79   83   91   95
1    8    18   22   28   35   51   55   63   74   81   88   92   97
5    9    20   23   30   39   53   56   66   77   82   89   94   98;
set c[4,93] :=
93    4     25    36    49    60    67    75    80    86    100
50    13    32    41    52    61    71    78    84    99;
set c[4,11] := 11 2 7 12 14 17 19 26 38 44 45 46 57 58 62 64 65 69 85 87 90;
set c[4,3] := 3 10 16 27 29 33 37 42 43 47 48 68 72 73 76 96;
set c[5,31] :=
31   6    15   21   24   34   40   54   59   70   79   83   91   95
1    8    18   22   28   35   51   55   63   74   81   88   92   97
5    9    20   23   30   39   53   56   66   77   82   89   94   98;
set c[5,93] :=
93    4     25    36    49    60    67    75    80    86    100
50    13    32    41    52    61    71    78    84    99;
set c[5,11] := 11 2 7 12 14 17 19 26 38 44 45 46 57 58 62 64 65 69 85 87 90;
set c[5,3] := 3 10 16 27 29 33 37 42 43 47 48 68 72 73 76 96;
set c[6,56] :=
56   5    9    20   23   30   39   53   59   70   79   83   91   95
31   6    15   21   24   34   40   54   63   74   81   88   92   97
1    8    18   22   28   35   51   55   66   77   82   89   94   98;
set c[6,36] :=
36    50    13    32    49    60    67    75    80    86    100
93    4     25    41    52    61    71    78    84    99;
set c[6,87] := 87 11 2 7 12 14 17 19 26 38 44 45 46 57 58 62 64 65 69 85 90;
set c[6,29] := 29 3 10 16 27 33 37 42 43 47 48 68 72 73 76 96;
set c[7,92] :=
92   1    8    18   22   28   35   51   55   66   77   82   89   95
56   5    9    20   23   30   39   53   59   70   79   83   91   97
31   6    15   21   24   34   40   54   63   74   81   88   94   98;
set c[7,36] :=
36    50    13    32    49    60    67    75    80    86    100
93    4     25    41    52    61    71    78    84    99;
set c[7,87] := 87 11 2 7 12 14 17 19 26 38 44 45 46 57 58 62 64 65 69 85 90;
set c[7,27] := 27 29 3 10 16 33 37 42 43 47 48 68 72 73 76 96;
set c[8,92] :=
92   1    8    18   22   28   35   51   55   66   77   82   89   95
56   5    9    20   23   30   39   53   59   70   79   83   91   97
31   6    15   21   24   34   40   54   63   74   81   88   94   98;
set c[8,75] :=
75    93    4     25    41    52    61    71    80    86    100
36    50    13    32    49    60    67    78    84    99;
set c[8,14] := 14 87 11 2 7 12 17 19 26 38 44 45 46 57 58 62 64 65 69 85 90;
set c[8,27] := 27 29 3 10 16 33 37 42 43 47 48 68 72 73 76 96;
set c[9,39] :=
39   31   6    15   21   24   34   51   55   66   77   82   89   95
92   1    8    18   22   28   35   53   59   70   79   83   91   97
56   5    9    20   23   30   40   54   63   74   81   88   94   98;
set c[9,93] :=
93    36    4     25    41    52    61    71    80    86    100
75    50    13    32    49    60    67    78    84    99;
set c[9,14] := 14 87 11 2 7 12 17 19 26 38 44 45 46 57 58 62 64 65 69 85 90;
set c[9,27] := 27 29 3 10 16 33 37 42 43 47 48 68 72 73 76 96;
set c[10,31] :=
31   56   6    15   21   24   34   51   55   66   77   82   89   95
39   1    8    18   22   28   35   53   59   70   79   83   91   97
92   5    9    20   23   30   40   54   63   74   81   88   94   98;
set c[10,71] :=
71    75    50    13    32    49    60    67    80    86    100
93    36    4     25    41    52    61    78    84    99;
set c[10,58] := 58 14 87 11 2 7 12 17 19 26 38 44 45 46 57 62 64 65 69 85 90;
set c[10,10] := 10 27 29 3 16 33 37 42 43 47 48 68 72 73 76 96;
set c[11,31] :=
31   56   6    15   21   24   34   51   55   66   77   82   89   95
39   1    8    18   22   28   35   53   59   70   79   83   91   97
92   5    9    20   23   30   40   54   63   74   81   88   94   98;
set c[11,49] :=
49    93    36    4     25    41    60    67    80    86    100
71    75    50    13    32    52    61    78    84    99;
set c[11,12] := 12 58 14 87 11 2 7 17 19 26 38 44 45 46 57 62 64 65 69 85 90;
set c[11,96] := 96 10 27 29 3 16 33 37 42 43 47 48 68 72 73 76;
set c[12,23] :=
23   92   5    9    20   24   34   51   55   66   77   82   89   95
31   56   6    15   21   28   35   53   59   70   79   83   91   97
39   1    8    18   22   30   40   54   63   74   81   88   94   98;
set c[12,36] :=
36    71    75    4     25    41    60    67    80    86    100
49    93    50    13    32    52    61    78    84    99;
set c[12,69] := 69 12 58 14 87 11 2 7 17 19 26 38 44 45 46 57 62 64 65 85 90;
set c[12,10] := 10 96 27 29 3 16 33 37 42 43 47 48 68 72 73 76;
set c[13,30] :=
30   39   1    8    18   22   34   51   55   66   77   82   89   95
23   92   5    9    20   24   35   53   59   70   79   83   91   97
31   56   6    15   21   28   40   54   63   74   81   88   94   98;
set c[13,86] :=
86    49    93    50    13    32    52    61    78    84    100
36    71    75    4     25    41    60    67    80    99;
set c[13,69] := 69 12 58 14 87 11 2 7 17 19 26 38 44 45 46 57 62 64 65 85 90;
set c[13,47] := 47 10 96 27 29 3 16 33 37 42 43 48 68 72 73 76;
set c[14,55] :=
55   31   56   6    15   21   28   40   54   66   77   82   89   95
30   39   1    8    18   22   34   51   59   70   79   83   91   97
23   92   5    9    20   24   35   53   63   74   81   88   94   98;
set c[14,25] :=
25    36    71    75    4     32    52    61    78    84    100
86    49    93    50    13    41    60    67    80    99;
set c[14,12] := 12 69 58 14 87 11 2 7 17 19 26 38 44 45 46 57 62 64 65 85 90;
set c[14,10] := 10 47 96 27 29 3 16 33 37 42 43 48 68 72 73 76;
set c[15,8] :=
8    23   92   5    15   21   28   40   54   66   77   82   89   95
55   31   56   6    18   22   34   51   59   70   79   83   91   97
30   39   1    9    20   24   35   53   63   74   81   88   94   98;
set c[15,75] := 75;
set c[15,4] := 4 80;
set c[15,71] := 71 50 52;
set c[15,41] := 41;
set c[15,36] := 36;
set c[15,84] := 84 25 86 93 60;
set c[15,32] := 32 49 61 67 78 99;
set c[15,100] := 100 13;
set c[15,7] := 7;
set c[15,12] := 12;
set c[15,11] := 11;
set c[15,17] := 17;
set c[15,87] := 87;
set c[15,85] := 85;
set c[15,14] := 14;
set c[15,69] := 69;
set c[15,62] := 62;
set c[15,90] := 90;
set c[15,46] := 46;
set c[15,19] := 19;
set c[15,65] := 65;
set c[15,26] := 26;
set c[15,64] := 64;
set c[15,45] := 45;
set c[15,2] := 2;
set c[15,58] := 58;
set c[15,44] := 44;
set c[15,38] := 38;
set c[15,57] := 57;
set c[15,43] := 43;
set c[15,68] := 68;
set c[15,72] := 72;
set c[15,37] := 37;
set c[15,3] := 3;
set c[15,33] := 33;
set c[15,29] := 29;
set c[15,47] := 47;
set c[15,27] := 27;
set c[15,73] := 73;
set c[15,96] := 96;
set c[15,16] := 16 42;
set c[15,76] := 76;
set c[15,48] := 48;
set c[15,10] := 10;
set c[16,89] :=
89   30   39   1    9    20   24   35   53   63   74   81   88   95
8    23   92   5    15   21   28   40   54   66   77   82   91   97
55   31   56   6    18   22   34   51   59   70   79   83   94   98;
set c[16,75] := 75;
set c[16,4] := 4 80;
set c[16,52] := 52 71 50;
set c[16,41] := 41;
set c[16,36] := 36;
set c[16,25] := 25 84 86 93 60;
set c[16,67] := 67 32 49 61 78 99;
set c[16,100] := 100 13;
set c[16,7] := 7;
set c[16,12] := 12;
set c[16,11] := 11;
set c[16,17] := 17;
set c[16,87] := 87;
set c[16,85] := 85;
set c[16,14] := 14;
set c[16,69] := 69;
set c[16,62] := 62;
set c[16,90] := 90;
set c[16,46] := 46;
set c[16,19] := 19;
set c[16,65] := 65;
set c[16,26] := 26;
set c[16,64] := 64;
set c[16,45] := 45;
set c[16,2] := 2;
set c[16,58] := 58;
set c[16,44] := 44;
set c[16,38] := 38;
set c[16,57] := 57;
set c[16,43] := 43;
set c[16,68] := 68;
set c[16,72] := 72;
set c[16,37] := 37;
set c[16,3] := 3;
set c[16,33] := 33;
set c[16,29] := 29;
set c[16,47] := 47;
set c[16,27] := 27;
set c[16,73] := 73;
set c[16,96] := 96;
set c[16,16] := 16 42;
set c[16,76] := 76;
set c[16,48] := 48;
set c[16,10] := 10;
set c[17,56] :=
56   55   31   1    9    20   24   35   53   63   74   81   88   95
89   30   39   5    15   21   28   40   54   66   77   82   91   97
8    23   92   6    18   22   34   51   59   70   79   83   94   98;
set c[17,75] := 75;
set c[17,4] := 4 80;
set c[17,71] := 71 52 50;
set c[17,41] := 41;
set c[17,36] := 36;
set c[17,84] := 84 25 86 93 60;
set c[17,67] := 67 32 49 61 78 99;
set c[17,100] := 100 13;
set c[17,7] := 7;
set c[17,12] := 12;
set c[17,11] := 11;
set c[17,17] := 17;
set c[17,87] := 87;
set c[17,85] := 85;
set c[17,14] := 14;
set c[17,69] := 69;
set c[17,62] := 62;
set c[17,90] := 90;
set c[17,46] := 46;
set c[17,19] := 19;
set c[17,65] := 65;
set c[17,26] := 26;
set c[17,64] := 64;
set c[17,45] := 45;
set c[17,2] := 2;
set c[17,58] := 58;
set c[17,44] := 44;
set c[17,38] := 38;
set c[17,57] := 57;
set c[17,43] := 43;
set c[17,68] := 68;
set c[17,72] := 72;
set c[17,37] := 37;
set c[17,3] := 3;
set c[17,33] := 33;
set c[17,29] := 29;
set c[17,47] := 47;
set c[17,27] := 27;
set c[17,73] := 73;
set c[17,96] := 96;
set c[17,16] := 16 42;
set c[17,76] := 76;
set c[17,48] := 48;
set c[17,10] := 10;
set c[18,83] :=
83   8    23   92   6    18   22   34   51   59   70   79   88   95
56   55   31   1    9    20   24   35   53   63   74   81   91   97
89   30   39   5    15   21   28   40   54   66   77   82   94   98;
set c[18,75] := 75;
set c[18,4] := 4 80;
set c[18,71] := 71 52 50;
set c[18,41] := 41;
set c[18,36] := 36;
set c[18,86] := 86 84 25 93 60;
set c[18,67] := 67 32 49 61 78 99;
set c[18,100] := 100 13;
set c[18,7] := 7;
set c[18,12] := 12;
set c[18,11] := 11;
set c[18,17] := 17;
set c[18,87] := 87;
set c[18,85] := 85;
set c[18,14] := 14;
set c[18,69] := 69;
set c[18,62] := 62;
set c[18,90] := 90;
set c[18,46] := 46;
set c[18,19] := 19;
set c[18,65] := 65;
set c[18,26] := 26;
set c[18,64] := 64;
set c[18,45] := 45;
set c[18,2] := 2;
set c[18,58] := 58;
set c[18,44] := 44;
set c[18,38] := 38;
set c[18,57] := 57;
set c[18,43] := 43;
set c[18,68] := 68;
set c[18,72] := 72;
set c[18,37] := 37;
set c[18,3] := 3;
set c[18,33] := 33;
set c[18,29] := 29;
set c[18,47] := 47;
set c[18,27] := 27;
set c[18,73] := 73;
set c[18,96] := 96;
set c[18,16] := 16 42;
set c[18,76] := 76;
set c[18,48] := 48;
set c[18,10] := 10;
set c[19,31] :=
31   89   30   92   6    18   22   34   51   59   70   79   88   95
83   8    23   1    9    20   24   35   53   63   74   81   91   97
56   55   39   5    15   21   28   40   54   66   77   82   94   98;
set c[19,75] := 75;
set c[19,4] := 4 80;
set c[19,50] := 50 71 52;
set c[19,41] := 41;
set c[19,36] := 36;
set c[19,25] := 25 86 84 93 60;
set c[19,49] := 49 67 32 61 78 99;
set c[19,100] := 100 13;
set c[19,7] := 7;
set c[19,12] := 12;
set c[19,11] := 11;
set c[19,17] := 17;
set c[19,87] := 87;
set c[19,85] := 85;
set c[19,14] := 14;
set c[19,69] := 69;
set c[19,62] := 62;
set c[19,90] := 90;
set c[19,46] := 46;
set c[19,19] := 19;
set c[19,65] := 65;
set c[19,26] := 26;
set c[19,64] := 64;
set c[19,45] := 45;
set c[19,2] := 2;
set c[19,58] := 58;
set c[19,44] := 44;
set c[19,38] := 38;
set c[19,57] := 57;
set c[19,43] := 43;
set c[19,68] := 68;
set c[19,72] := 72;
set c[19,37] := 37;
set c[19,3] := 3;
set c[19,33] := 33;
set c[19,29] := 29;
set c[19,47] := 47;
set c[19,27] := 27;
set c[19,73] := 73;
set c[19,96] := 96;
set c[19,16] := 16 42;
set c[19,76] := 76;
set c[19,48] := 48;
set c[19,10] := 10;
set c[20,55] :=
55   56   30   92   6    18   22   34   51   59   70   79   88   95
31   89   23   1    9    20   24   35   53   63   74   81   91   97
83   8    39   5    15   21   28   40   54   66   77   82   94   98;
set c[20,75] := 75;
set c[20,4] := 4 80;
set c[20,50] := 50 71 52;
set c[20,41] := 41;
set c[20,36] := 36;
set c[20,25] := 25 86 84 93 60;
set c[20,67] := 67 49 32 61 78 99;
set c[20,100] := 100 13;
set c[20,7] := 7;
set c[20,12] := 12;
set c[20,11] := 11;
set c[20,17] := 17;
set c[20,87] := 87;
set c[20,85] := 85;
set c[20,14] := 14;
set c[20,69] := 69;
set c[20,62] := 62;
set c[20,90] := 90;
set c[20,46] := 46;
set c[20,19] := 19;
set c[20,65] := 65;
set c[20,26] := 26;
set c[20,64] := 64;
set c[20,45] := 45;
set c[20,2] := 2;
set c[20,58] := 58;
set c[20,44] := 44;
set c[20,38] := 38;
set c[20,57] := 57;
set c[20,43] := 43;
set c[20,68] := 68;
set c[20,72] := 72;
set c[20,37] := 37;
set c[20,3] := 3;
set c[20,33] := 33;
set c[20,29] := 29;
set c[20,47] := 47;
set c[20,27] := 27;
set c[20,73] := 73;
set c[20,96] := 96;
set c[20,16] := 16 42;
set c[20,76] := 76;
set c[20,48] := 48;
set c[20,10] := 10;
set c[21,95] :=
95   83   8    39   5    15   21   28   40   54   66   77   82   94
55   56   30   92   6    18   22   34   51   59   70   79   88   97
31   89   23   1    9    20   24   35   53   63   74   81   91   98;
set c[21,75] := 75;
set c[21,4] := 4 80;
set c[21,52] := 52 50 71;
set c[21,41] := 41;
set c[21,36] := 36;
set c[21,25] := 25 86 84 93 60;
set c[21,61] := 61 67 49 32 78 99;
set c[21,100] := 100 13;
set c[21,7] := 7;
set c[21,12] := 12;
set c[21,11] := 11;
set c[21,17] := 17;
set c[21,87] := 87;
set c[21,85] := 85;
set c[21,14] := 14;
set c[21,69] := 69;
set c[21,62] := 62;
set c[21,90] := 90;
set c[21,46] := 46;
set c[21,19] := 19;
set c[21,65] := 65;
set c[21,26] := 26;
set c[21,64] := 64;
set c[21,45] := 45;
set c[21,2] := 2;
set c[21,58] := 58;
set c[21,44] := 44;
set c[21,38] := 38;
set c[21,57] := 57;
set c[21,43] := 43;
set c[21,68] := 68;
set c[21,72] := 72;
set c[21,37] := 37;
set c[21,3] := 3;
set c[21,33] := 33;
set c[21,29] := 29;
set c[21,47] := 47;
set c[21,27] := 27;
set c[21,73] := 73;
set c[21,96] := 96;
set c[21,16] := 16 42;
set c[21,76] := 76;
set c[21,48] := 48;
set c[21,10] := 10;
set c[22,98] :=
98   31   89   23   1    9    20   24   35   53   63   74   81   91
95   83   8    39   5    15   21   28   40   54   66   77   82   94
55   56   30   92   6    18   22   34   51   59   70   79   88   97;
set c[22,75] := 75;
set c[22,4] := 4 80;
set c[22,52] := 52 50 71;
set c[22,41] := 41;
set c[22,36] := 36;
set c[22,25] := 25 86 84 93 60;
set c[22,32] := 32 61 67 49 78 99;
set c[22,100] := 100 13;
set c[22,7] := 7;
set c[22,12] := 12;
set c[22,11] := 11;
set c[22,17] := 17;
set c[22,87] := 87;
set c[22,85] := 85;
set c[22,14] := 14;
set c[22,69] := 69;
set c[22,62] := 62;
set c[22,90] := 90;
set c[22,46] := 46;
set c[22,19] := 19;
set c[22,65] := 65;
set c[22,26] := 26;
set c[22,64] := 64;
set c[22,45] := 45;
set c[22,2] := 2;
set c[22,58] := 58;
set c[22,44] := 44;
set c[22,38] := 38;
set c[22,57] := 57;
set c[22,43] := 43;
set c[22,68] := 68;
set c[22,72] := 72;
set c[22,37] := 37;
set c[22,3] := 3;
set c[22,33] := 33;
set c[22,29] := 29;
set c[22,47] := 47;
set c[22,27] := 27;
set c[22,73] := 73;
set c[22,96] := 96;
set c[22,16] := 16 42;
set c[22,76] := 76;
set c[22,48] := 48;
set c[22,10] := 10;
set c[23,31] :=
31   55   89   23   1    9    20   24   35   53   63   74   81   91
98   83   8    39   5    15   21   28   40   54   66   77   82   94
95   56   30   92   6    18   22   34   51   59   70   79   88   97;
set c[23,75] := 75;
set c[23,4] := 4 80;
set c[23,52] := 52 50 71;
set c[23,41] := 41;
set c[23,36] := 36;
set c[23,84] := 84 25 86 93 60;
set c[23,61] := 61 32 67 49 78 99;
set c[23,100] := 100 13;
set c[23,7] := 7;
set c[23,12] := 12;
set c[23,11] := 11;
set c[23,17] := 17;
set c[23,87] := 87;
set c[23,85] := 85;
set c[23,14] := 14;
set c[23,69] := 69;
set c[23,62] := 62;
set c[23,90] := 90;
set c[23,46] := 46;
set c[23,19] := 19;
set c[23,65] := 65;
set c[23,26] := 26;
set c[23,64] := 64;
set c[23,45] := 45;
set c[23,2] := 2;
set c[23,58] := 58;
set c[23,44] := 44;
set c[23,38] := 38;
set c[23,57] := 57;
set c[23,43] := 43;
set c[23,68] := 68;
set c[23,72] := 72;
set c[23,37] := 37;
set c[23,3] := 3;
set c[23,33] := 33;
set c[23,29] := 29;
set c[23,47] := 47;
set c[23,27] := 27;
set c[23,73] := 73;
set c[23,96] := 96;
set c[23,16] := 16 42;
set c[23,76] := 76;
set c[23,48] := 48;
set c[23,10] := 10;
set c[24,6] :=
6    95   56   30   92   9    20   24   35   53   63   74   81   91
31   55   89   23   1    15   21   28   40   54   66   77   82   94
98   83   8    39   5    18   22   34   51   59   70   79   88   97;
set c[24,75] := 75;
set c[24,4] := 4 80;
set c[24,71] := 71 52 50;
set c[24,41] := 41;
set c[24,36] := 36;
set c[24,60] := 60 84 25 86 93;
set c[24,61] := 61 32 67 49 78 99;
set c[24,100] := 100 13;
set c[24,7] := 7;
set c[24,12] := 12;
set c[24,11] := 11;
set c[24,17] := 17;
set c[24,87] := 87;
set c[24,85] := 85;
set c[24,14] := 14;
set c[24,69] := 69;
set c[24,62] := 62;
set c[24,90] := 90;
set c[24,46] := 46;
set c[24,19] := 19;
set c[24,65] := 65;
set c[24,26] := 26;
set c[24,64] := 64;
set c[24,45] := 45;
set c[24,2] := 2;
set c[24,58] := 58;
set c[24,44] := 44;
set c[24,38] := 38;
set c[24,57] := 57;
set c[24,43] := 43;
set c[24,68] := 68;
set c[24,72] := 72;
set c[24,37] := 37;
set c[24,3] := 3;
set c[24,33] := 33;
set c[24,29] := 29;
set c[24,47] := 47;
set c[24,27] := 27;
set c[24,73] := 73;
set c[24,96] := 96;
set c[24,16] := 16 42;
set c[24,76] := 76;
set c[24,48] := 48;
set c[24,10] := 10;
set c[25,8] :=
8    98   83   30   92   9    20   24   35   53   63   74   81   91
6    95   56   23   1    15   21   28   40   54   66   77   82   94
31   55   89   39   5    18   22   34   51   59   70   79   88   97;
set c[25,75] := 75;
set c[25,4] := 4 80;
set c[25,71] := 71 52 50;
set c[25,41] := 41;
set c[25,36] := 36;
set c[25,93] := 93 60 84 25 86;
set c[25,61] := 61 32 67 49 78 99;
set c[25,100] := 100 13;
set c[25,7] := 7;
set c[25,12] := 12;
set c[25,11] := 11;
set c[25,17] := 17;
set c[25,87] := 87;
set c[25,85] := 85;
set c[25,14] := 14;
set c[25,69] := 69;
set c[25,62] := 62;
set c[25,90] := 90;
set c[25,46] := 46;
set c[25,19] := 19;
set c[25,65] := 65;
set c[25,26] := 26;
set c[25,64] := 64;
set c[25,45] := 45;
set c[25,2] := 2;
set c[25,58] := 58;
set c[25,44] := 44;
set c[25,38] := 38;
set c[25,57] := 57;
set c[25,43] := 43;
set c[25,68] := 68;
set c[25,72] := 72;
set c[25,37] := 37;
set c[25,3] := 3;
set c[25,33] := 33;
set c[25,29] := 29;
set c[25,47] := 47;
set c[25,27] := 27;
set c[25,73] := 73;
set c[25,96] := 96;
set c[25,16] := 16;
set c[25,42] := 42;
set c[25,76] := 76;
set c[25,48] := 48;
set c[25,10] := 10;
set c[26,31] :=
31   98   83   30   92   9    20   24   35   53   63   74   81   91
8    95   56   23   1    15   21   28   40   54   66   77   82   94
6    55   89   39   5    18   22   34   51   59   70   79   88   97;
set c[26,75] := 75;
set c[26,4] := 4 80;
set c[26,71] := 71 52 50;
set c[26,41] := 41;
set c[26,36] := 36;
set c[26,25] := 25 93 60 84 86;
set c[26,67] := 67 61 32 49 78 99;
set c[26,100] := 100 13;
set c[26,7] := 7;
set c[26,12] := 12;
set c[26,11] := 11;
set c[26,17] := 17;
set c[26,87] := 87;
set c[26,85] := 85;
set c[26,14] := 14;
set c[26,69] := 69;
set c[26,62] := 62;
set c[26,90] := 90;
set c[26,46] := 46;
set c[26,19] := 19;
set c[26,65] := 65;
set c[26,26] := 26;
set c[26,64] := 64;
set c[26,45] := 45;
set c[26,2] := 2;
set c[26,58] := 58;
set c[26,44] := 44;
set c[26,38] := 38;
set c[26,57] := 57;
set c[26,43] := 43;
set c[26,68] := 68;
set c[26,72] := 72;
set c[26,37] := 37;
set c[26,3] := 3;
set c[26,33] := 33;
set c[26,29] := 29;
set c[26,47] := 47;
set c[26,27] := 27;
set c[26,73] := 73;
set c[26,96] := 96;
set c[26,16] := 16;
set c[26,42] := 42;
set c[26,76] := 76;
set c[26,48] := 48;
set c[26,10] := 10;
set c[27,1] :=
1    6    55   89   39   9    20   24   35   53   63   74   81   91
31   98   83   30   92   15   21   28   40   54   66   77   82   94
8    95   56   23   5    18   22   34   51   59   70   79   88   97;
set c[27,75] := 75;
set c[27,4] := 4 80;
set c[27,52] := 52 71 50;
set c[27,41] := 41;
set c[27,36] := 36;
set c[27,25] := 25 93 60 84 86;
set c[27,32] := 32 67 61 49 78 99;
set c[27,100] := 100;
set c[27,13] := 13;
set c[27,7] := 7;
set c[27,12] := 12;
set c[27,11] := 11;
set c[27,17] := 17;
set c[27,87] := 87;
set c[27,85] := 85;
set c[27,14] := 14;
set c[27,69] := 69;
set c[27,62] := 62;
set c[27,90] := 90;
set c[27,46] := 46;
set c[27,19] := 19;
set c[27,65] := 65;
set c[27,26] := 26;
set c[27,64] := 64;
set c[27,45] := 45;
set c[27,2] := 2;
set c[27,58] := 58;
set c[27,44] := 44;
set c[27,38] := 38;
set c[27,57] := 57;
set c[27,43] := 43;
set c[27,68] := 68;
set c[27,72] := 72;
set c[27,37] := 37;
set c[27,3] := 3;
set c[27,33] := 33;
set c[27,29] := 29;
set c[27,47] := 47;
set c[27,27] := 27;
set c[27,73] := 73;
set c[27,96] := 96;
set c[27,16] := 16;
set c[27,42] := 42;
set c[27,76] := 76;
set c[27,48] := 48;
set c[27,10] := 10;
set c[28,31] :=
31   6    55   89   39   9    20   24   35   53   63   74   81   91
1    98   83   30   92   15   21   28   40   54   66   77   82   94
8    95   56   23   5    18   22   34   51   59   70   79   88   97;
set c[28,75] := 75;
set c[28,4] := 4 80;
set c[28,50] := 50 52 71;
set c[28,41] := 41;
set c[28,36] := 36;
set c[28,60] := 60 25 93 84 86;
set c[28,32] := 32 49 99;
set c[28,67] := 67 61 78;
set c[28,100] := 100;
set c[28,13] := 13;
set c[28,7] := 7;
set c[28,12] := 12;
set c[28,11] := 11;
set c[28,17] := 17;
set c[28,87] := 87;
set c[28,85] := 85;
set c[28,14] := 14;
set c[28,69] := 69;
set c[28,62] := 62;
set c[28,90] := 90;
set c[28,46] := 46;
set c[28,19] := 19;
set c[28,65] := 65;
set c[28,26] := 26;
set c[28,64] := 64;
set c[28,45] := 45;
set c[28,2] := 2;
set c[28,58] := 58;
set c[28,44] := 44;
set c[28,38] := 38;
set c[28,57] := 57;
set c[28,43] := 43;
set c[28,68] := 68;
set c[28,72] := 72;
set c[28,37] := 37;
set c[28,3] := 3;
set c[28,33] := 33;
set c[28,29] := 29;
set c[28,47] := 47;
set c[28,27] := 27;
set c[28,73] := 73;
set c[28,96] := 96;
set c[28,16] := 16;
set c[28,42] := 42;
set c[28,76] := 76;
set c[28,48] := 48;
set c[28,10] := 10;
set c[29,18] :=
18   8    95   56   23   5    20   24   35   53   63   74   81   91
31   6    55   89   39   9    21   28   40   54   66   77   82   94
1    98   83   30   92   15   22   34   51   59   70   79   88   97;
set c[29,75] := 75;
set c[29,4] := 4;
set c[29,80] := 80;
set c[29,50] := 50 52 71;
set c[29,41] := 41;
set c[29,36] := 36;
set c[29,25] := 25 60 93 84 86;
set c[29,99] := 99 32 49;
set c[29,67] := 67 61 78;
set c[29,100] := 100;
set c[29,13] := 13;
set c[29,7] := 7;
set c[29,12] := 12;
set c[29,11] := 11;
set c[29,17] := 17;
set c[29,87] := 87;
set c[29,85] := 85;
set c[29,14] := 14;
set c[29,69] := 69;
set c[29,62] := 62;
set c[29,90] := 90;
set c[29,46] := 46;
set c[29,19] := 19;
set c[29,65] := 65;
set c[29,26] := 26;
set c[29,64] := 64;
set c[29,45] := 45;
set c[29,2] := 2;
set c[29,58] := 58;
set c[29,44] := 44;
set c[29,38] := 38;
set c[29,57] := 57;
set c[29,43] := 43;
set c[29,68] := 68;
set c[29,72] := 72;
set c[29,37] := 37;
set c[29,3] := 3;
set c[29,33] := 33;
set c[29,29] := 29;
set c[29,47] := 47;
set c[29,27] := 27;
set c[29,73] := 73;
set c[29,96] := 96;
set c[29,16] := 16;
set c[29,42] := 42;
set c[29,76] := 76;
set c[29,48] := 48;
set c[29,10] := 10;
set c[30,9] :=
9    1    98   83   30   92   20   24   35   53   63   74   81   91
18   8    95   56   23   5    21   28   40   54   66   77   82   94
31   6    55   89   39   15   22   34   51   59   70   79   88   97;
set c[30,75] := 75;
set c[30,4] := 4;
set c[30,80] := 80;
set c[30,50] := 50 52 71;
set c[30,41] := 41;
set c[30,36] := 36;
set c[30,93] := 93 25 60 84 86;
set c[30,49] := 49 99 32;
set c[30,67] := 67 61 78;
set c[30,100] := 100;
set c[30,13] := 13;
set c[30,7] := 7;
set c[30,12] := 12;
set c[30,11] := 11;
set c[30,17] := 17;
set c[30,87] := 87;
set c[30,85] := 85;
set c[30,14] := 14;
set c[30,69] := 69;
set c[30,62] := 62;
set c[30,90] := 90;
set c[30,46] := 46;
set c[30,19] := 19;
set c[30,65] := 65;
set c[30,26] := 26;
set c[30,64] := 64;
set c[30,45] := 45;
set c[30,2] := 2;
set c[30,58] := 58;
set c[30,44] := 44;
set c[30,38] := 38;
set c[30,57] := 57;
set c[30,43] := 43;
set c[30,68] := 68;
set c[30,72] := 72;
set c[30,37] := 37;
set c[30,3] := 3;
set c[30,33] := 33;
set c[30,29] := 29;
set c[30,47] := 47;
set c[30,27] := 27;
set c[30,73] := 73;
set c[30,96] := 96;
set c[30,16] := 16;
set c[30,42] := 42;
set c[30,76] := 76;
set c[30,48] := 48;
set c[30,10] := 10;

