#erel:= 0.800;
#emax:= 1283.308;
#q:= 0.000;
#nesce:=    51;
#etime:= 1.448;
#snodes:=  1110;
param nS:=   100;
param nSG:=    30;
param nRVSG :=
 1 24    4 24    7  2   10  2   13  2   16  2   19  2   22  2   25  2   28  2
 2 24    5  2    8  2   11  2   14  2   17  2   20  2   23  2   26  2   29  2
 3 24    6  2    9  2   12  2   15 12   18  2   21  2   24  2   27  2   30 24
;

param ScenF :=
  1  44.7101       46   6.28976      91 125.402       136   0.2618
  2  32.0117       47   0            92 123.148       137   0.55605
  3  18.8215       48   0            93 105.998       138   0.1813
  4  17.1705       49  93.6034       94  89.8436      139   0.547964
  5   9.28697      50 101.244        95  74.5221      140   0.0968
  6   3.83623      51  99.7658       96  62.6594      141   0.526797
  7  11.0674       52  96.7674       97   0.407328    142   0.0267
  8  45.8506       53  92.1089       98   0           143   0.512625
  9  35.4157       54  80.9613       99   0.445657    144   0
 10   6.41683      55  85.8769      100   0           145   0.512486
 11   0            56 104.009       101   0.519155    146   0
 12   0            57 111.429       102   0           147   0.507956
 13   0            58 103.668       103   0.566358    148   0
 14   0            59  82.2942      104   0           149   0.457817
 15   0            60  66.2771      105   0.571856    150   0
 16   0            61  60.8571      106   0           151   0.385476
 17   0            62  72.2851      107   0.562779    152   0
 18  23.6191       63  78.9248      108   0           153   0.308279
 19  56.3908       64  73.7248      109   0.569916    154   0
 20  40.1595       65  85.8439      110   0           155   0.236082
 21  46.0616       66 117.136       111   0.570127    156   0
 22  61.0045       67 119.101       112   0.033       157   0.579721
 23  66.4347       68 115.556       113   0.570355    158   1.46836
 24  56.3546       69 127.514       114   0.1332      159   1.33687
 25  35.7388       70 118.169       115   0.54067     160   0
 26  37.1175       71 101.939       116   0.2644      161   0.506777
 27  32.3225       72  86.5833      117  42.8762      162   0
 28  28.4784       73  62.5117      118  49.6444      163   1.73901
 29  23.5656       74  68.6186      119  40.5677      164   0.521601
 30  30.4694       75  72.796       120  46.0394      165   0.0539354
 31  18.466        76  60.962       121  38.5988      166   0
 32  29.1644       77  38.4237      122  72.1202      167   0
 33  10.1571       78  40.3187      123  92.5763      168   8.32898
 34   0            79  78.3059      124 124.972       169   6.62297
 35  67.7406       80  88.6022      125 118.358       170   0
 36  75.8517       81 108.321       126 118.554       171  12.3587
 37  78.5583       82  80.7885      127 127.052       172  30.7453
 38  89.2967       83  64.5434      128 113.682       173   0
 39  96.0964       84  76.2045      129   0.532762    174  11.01
 40  99.0941       85  70.8719      130   0.4082      175  44.6829
 41  93.6934       86  81.2383      131   0.543212    176   0.536167
 42 104.147        87  87.4659      132   0.3764      177   0.400829
 43  52.3087       88  93.0242      133   0.549951    178   0.486671
 44   0            89 100.983       134   0.2891      179   0.735066
 45   0            90 121.187       135   0.553356    180   0.966551
;

param ScenO :=
  1  92.04        46  12           91 161.91       136   0.488
  2  89.96        47  16.8         92 153          137   0.37
  3  90.07        48  14           93 126          138   0.393
  4  83.82        49  93.09        94 118.28       139   0.334
  5  85.36        50  89.72        95 108.84       140   0.23
  6  89.89        51  88.19        96 100          141   0.297
  7 104.14        52  82.14        97   0.547      142   0.044
  8 121.54        53  83.16        98   0          143   0.311
  9 124.08        54  86.4         99   0.532      144   0
 10 118.04        55  99.14       100   0          145   0.306
 11  99.88        56 115.46       101   0.522      146   0
 12  93.32        57 121.08       102   0          147   0.291
 13  91.39        58 113.04       103   0.522      148   0
 14  90.1         59  99.89       104   0          149   0.281
 15  92.4         60  93.04       105   0.516      150   0
 16 109.64        61  91.39       106   0          151   0.272
 17 120.94        62  87.1        107   0.512      152   0
 18 135.24        63  89.4        108   0          153   0.24
 19 160.54        64 106.6        109   0.51       154   0
 20 151.52        65 120.27       110   0          155   0.199
 21 123           66 132.64       111   0.513      156   0
 22 118.28        67 170          112   0.033      157   0.548783
 23 118.28        68 157.85       113   0.488      158   0.079813
 24 109.64        69 127.24       114   0.131      159   0.669035
 25  14.88        70 121.65       115   0.484      160   0.268671
 26  14.64        71 118.28       116   0.272      161   0.093252
 27  14.56        72 107.81       117  90.64       162   0.316943
 28  19           73  93.67       118  90.64       163   0.343192
 29  18.24        74  90          119  90.64       164   0.459602
 30  16           75  85.14       120  99.94       165   0.686251
 31  10.32        76  80.5        121 109          166   0.578533
 32  17.84        77  82.59       122 127.49       167   0.805867
 33  27           78  85.14       123 169.19       168   0.789434
 34  14           79  99.1        124 159.99       169   0.855892
 35  14           80 115.46       125 123          170   0.943285
 36  26.72        81 121.84       126 121.84       171   0.834416
 37  21.12        82 106.8        127 113.3        172   0.605892
 38  22           83  99.2        128 104.16       173   0.508847
 39  20.68        84  93.31       129   0.448      174   0.490979
 40  32.76        85  91.39       130   0.453      175   0.598667
 41  16.28        86  85.14       131   0.432      176   0.620116
 42  55.96        87  91.1        132   0.556      177   0.688374
 43  43.52        88 101.65       133   0.409      178   0.679236
 44  25.92        89 113          134   0.523      179   0.673148
 45  10.72        90 131.24       135   0.392      180   0.586556
;

param Scen0 (tr)
 :    1	    2	    3	    4	    5	    6	    7	    8	    9	   10	   11	   12	   13	   14	   15	   16	   17	   18	   19	   20	   21	   22	   23	   24	   25	   26	   27	   28	   29	   30	   31	   32	   33	   34	   35	   36	   37	   38	   39	   40	   41	   42	   43	   44	   45	   46	   47	   48	   49	   50	   51	   52	   53	   54	   55	   56	   57	   58	   59	   60	   61	   62	   63	   64	   65	   66	   67	   68	   69	   70	   71	   72	   73	   74	   75	   76	   77	   78	   79	   80	   81	   82	   83	   84	   85	   86	   87	   88	   89	   90	   91	   92	   93	   94	   95	   96	   97	   98	   99	  100	  101	  102	  103	  104	  105	  106	  107	  108	  109	  110	  111	  112	  113	  114	  115	  116	  117	  118	  119	  120	  121	  122	  123	  124	  125	  126	  127	  128	  129	  130	  131	  132	  133	  134	  135	  136	  137	  138	  139	  140	  141	  142	  143	  144	  145	  146	  147	  148	  149	  150	  151	  152	  153	  154	  155	  156	  157	  158	  159	  160	  161	  162	  163	  164	  165	  166	  167	  168	  169	  170	  171	  172	  173	  174	  175	  176	  177	  178	  179	  180	:=
    1	92.040000	89.960000	90.070000	83.820000	85.360000	89.890000	104.140000	121.540000	124.080000	118.040000	99.880000	93.320000	91.390000	90.100000	92.400000	109.640000	120.940000	135.240000	160.540000	151.520000	123.000000	118.280000	118.280000	109.640000	14.880000	14.640000	14.560000	19.000000	18.240000	16.000000	10.320000	17.840000	27.000000	14.000000	14.000000	26.720000	21.120000	22.000000	20.680000	32.760000	16.280000	55.960000	43.520000	25.920000	10.720000	12.000000	16.800000	14.000000	93.090000	89.720000	88.190000	82.140000	83.160000	86.400000	99.140000	115.460000	121.080000	113.040000	99.890000	93.040000	91.390000	87.100000	89.400000	106.600000	120.270000	132.640000	170.000000	157.850000	127.240000	121.650000	118.280000	107.810000	93.670000	68.080400	68.905500	61.038500	42.870100	35.077400	78.198600	108.437000	100.839000	80.561600	72.055900	63.900900	74.162900	92.042800	85.432500	90.630500	101.437000	121.713000	122.514000	125.523000	105.974000	88.340500	74.614700	64.133200	0.547000	0.000000	0.442452	0.000000	0.500137	0.000000	0.562006	0.000000	0.569973	0.000000	0.579054	0.000000	0.581725	0.000000	0.566129	0.027900	0.549608	0.126800	0.542049	0.405000	90.640000	50.554000	40.263300	41.269200	44.447400	85.011100	101.629000	143.470000	121.698000	117.814000	127.093000	116.110000	0.502933	0.667900	0.535810	0.362300	0.529983	0.188600	0.549430	0.166400	0.542140	0.173200	0.553043	0.060400	0.527155	0.035200	0.532351	0.000000	0.571066	0.000000	0.560496	0.000000	0.525778	0.000000	0.455669	0.000000	0.368440	0.000000	0.336340	0.000000	0.548783	0.811168	0.782864	0.000000	0.000000	0.512418	1.132110	0.986016	0.415495	0.000000	8.344380	22.610100	5.674860	246.588000	59.547100	13.839900	2.220940	11.561200	15.936300	0.466018	0.675424	0.699539	0.617228	0.721197	
    2	92.040000	89.960000	90.070000	83.820000	85.360000	89.890000	104.140000	121.540000	124.080000	118.040000	99.880000	93.320000	91.390000	90.100000	92.400000	109.640000	120.940000	135.240000	160.540000	151.520000	123.000000	118.280000	118.280000	109.640000	14.880000	14.640000	14.560000	19.000000	18.240000	16.000000	10.320000	17.840000	27.000000	14.000000	14.000000	26.720000	21.120000	22.000000	20.680000	32.760000	16.280000	55.960000	43.520000	25.920000	10.720000	12.000000	16.800000	14.000000	93.090000	89.720000	88.190000	82.140000	83.160000	86.400000	99.140000	115.460000	121.080000	113.040000	99.890000	93.040000	91.390000	87.100000	89.400000	106.600000	120.270000	132.640000	170.000000	157.850000	127.240000	121.650000	118.280000	107.810000	93.670000	72.967100	78.850300	67.125100	48.122500	40.657600	80.749100	97.622900	91.741000	75.399600	56.805200	66.289600	79.107300	90.132500	91.011800	94.758900	104.691000	109.372000	116.611000	119.714000	105.093000	104.294000	74.798300	59.938800	0.547000	0.000000	0.450371	0.000000	0.503586	0.000000	0.580763	0.000000	0.612381	0.000000	0.623433	0.000000	0.653807	0.000000	0.649237	0.039300	0.587073	0.099300	0.531100	0.516200	90.640000	60.001400	66.166800	43.336400	57.564900	80.195300	103.887000	127.484000	108.440000	116.861000	124.389000	116.854000	0.517688	0.427900	0.495521	0.640600	0.483799	0.340100	0.489321	0.159400	0.414143	0.169600	0.445619	0.638100	0.433995	0.017400	0.378726	0.000000	0.368484	0.000000	0.376187	0.000000	0.324899	0.000000	0.233352	0.000000	0.152305	0.000000	0.058992	0.000000	0.548783	0.744246	0.679960	0.000000	0.000000	1.358680	0.710195	0.530938	0.408928	0.000000	37.677700	10.965700	0.000000	299.692000	39.218300	20.355400	11.861400	7.764430	60.220500	0.000000	0.685041	0.683286	0.565390	1.147360	
    3	92.040000	89.960000	90.070000	83.820000	85.360000	89.890000	104.140000	121.540000	124.080000	118.040000	99.880000	93.320000	91.390000	90.100000	92.400000	109.640000	120.940000	135.240000	160.540000	151.520000	123.000000	118.280000	118.280000	109.640000	14.880000	14.640000	14.560000	19.000000	18.240000	16.000000	10.320000	17.840000	27.000000	14.000000	14.000000	26.720000	21.120000	22.000000	20.680000	32.760000	16.280000	55.960000	43.520000	25.920000	10.720000	12.000000	16.800000	14.000000	93.090000	89.720000	88.190000	82.140000	83.160000	86.400000	99.140000	115.460000	121.080000	113.040000	99.890000	93.040000	91.390000	87.100000	89.400000	106.600000	120.270000	132.640000	170.000000	157.850000	127.240000	121.650000	118.280000	107.810000	93.670000	72.967100	78.850300	67.125100	48.122500	40.657600	80.749100	97.622900	91.741000	75.399600	56.805200	66.289600	79.107300	90.132500	91.011800	94.758900	104.691000	109.372000	116.611000	119.714000	105.093000	104.294000	74.798300	59.938800	0.547000	0.000000	0.420669	0.000000	0.471804	0.000000	0.533000	0.000000	0.549142	0.000000	0.502889	0.000000	0.495849	0.000000	0.490918	0.066400	0.471687	0.207700	0.463063	0.426000	90.640000	53.543900	49.118300	54.013400	58.848600	70.923700	97.239400	124.478000	111.625000	115.306000	122.991000	112.612000	0.450022	0.473800	0.448645	0.420600	0.475737	0.154400	0.523696	0.247300	0.571772	0.134300	0.613900	0.053700	0.619717	0.023000	0.599235	0.000000	0.584583	0.000000	0.550536	0.000000	0.492589	0.000000	0.410091	0.000000	0.310540	0.000000	0.221283	0.000000	0.548783	1.530290	1.551110	0.000000	0.000000	0.295906	1.711970	0.740804	0.598674	1.992630	3.203650	15.802800	9.431770	265.883000	30.375600	24.150000	1.585520	8.658050	20.887500	0.140270	0.419730	0.668796	0.777265	0.717312	
    4	92.040000	89.960000	90.070000	83.820000	85.360000	89.890000	104.140000	121.540000	124.080000	118.040000	99.880000	93.320000	91.390000	90.100000	92.400000	109.640000	120.940000	135.240000	160.540000	151.520000	123.000000	118.280000	118.280000	109.640000	14.880000	14.640000	14.560000	19.000000	18.240000	16.000000	10.320000	17.840000	27.000000	14.000000	14.000000	26.720000	21.120000	22.000000	20.680000	32.760000	16.280000	55.960000	43.520000	25.920000	10.720000	12.000000	16.800000	14.000000	93.090000	89.720000	88.190000	82.140000	83.160000	86.400000	99.140000	115.460000	121.080000	113.040000	99.890000	93.040000	91.390000	87.100000	89.400000	106.600000	120.270000	132.640000	170.000000	157.850000	127.240000	121.650000	118.280000	107.810000	93.670000	71.023100	67.145200	61.465600	39.179800	31.763400	79.315000	101.140000	103.342000	83.343500	60.433900	62.582800	75.699800	89.847900	87.556400	85.453200	101.947000	115.569000	126.798000	113.858000	106.029000	109.432000	74.615800	55.758800	0.547000	0.000000	0.456623	0.000000	0.537228	0.000000	0.544192	0.000000	0.541268	0.000000	0.560079	0.000000	0.581381	0.000000	0.578986	0.007500	0.560177	0.079200	0.536506	0.251000	90.640000	54.930900	47.220500	41.710300	42.677800	64.689000	62.437700	124.082000	126.052000	120.919000	130.618000	124.535000	0.560449	1.307800	0.638403	0.839400	0.558307	0.064400	0.560190	0.187200	0.593308	0.171300	0.578980	0.209500	0.545135	0.011800	0.512348	0.000000	0.517919	0.000000	0.512982	0.000000	0.450986	0.000000	0.379790	0.000000	0.334393	0.000000	0.263442	0.000000	0.548783	1.155360	1.403280	0.000000	0.000000	1.043820	0.911102	0.748691	0.055559	0.000000	11.820700	12.062200	7.843210	305.347000	18.827400	22.275000	18.701700	12.555700	63.288600	0.000000	0.708867	0.543439	0.365247	0.115818	
    5	92.040000	89.960000	90.070000	83.820000	85.360000	89.890000	104.140000	121.540000	124.080000	118.040000	99.880000	93.320000	91.390000	90.100000	92.400000	109.640000	120.940000	135.240000	160.540000	151.520000	123.000000	118.280000	118.280000	109.640000	14.880000	14.640000	14.560000	19.000000	18.240000	16.000000	10.320000	17.840000	27.000000	14.000000	14.000000	26.720000	21.120000	22.000000	20.680000	32.760000	16.280000	55.960000	43.520000	25.920000	10.720000	12.000000	16.800000	14.000000	93.090000	89.720000	88.190000	82.140000	83.160000	86.400000	99.140000	115.460000	121.080000	113.040000	99.890000	93.040000	91.390000	87.100000	89.400000	106.600000	120.270000	132.640000	170.000000	157.850000	127.240000	121.650000	118.280000	107.810000	93.670000	68.080400	68.905500	61.038500	42.870100	35.077400	78.198600	108.437000	100.839000	80.561600	72.055900	63.900900	74.162900	92.042800	85.432500	95.283900	100.575000	112.064000	131.950000	147.130000	109.833000	107.295000	80.921800	74.493300	0.547000	0.000000	0.454112	0.000000	0.527710	0.000000	0.615082	0.000000	0.653136	0.000000	0.666788	0.000000	0.665942	0.000000	0.617470	0.007700	0.624954	0.054300	0.579022	0.500100	90.640000	79.903900	78.098800	83.490200	78.273100	103.075000	105.741000	162.391000	184.908000	179.367000	158.712000	134.625000	0.522390	0.676100	0.195454	0.400000	0.208923	0.209800	0.253990	0.758500	0.317818	0.376900	0.386841	0.147100	0.457825	0.065400	0.500037	0.000000	0.526062	0.000000	0.529123	0.000000	0.458943	0.000000	0.367182	0.000000	0.285065	0.000000	0.194796	0.000000	0.548783	1.739430	1.313750	0.000000	0.280621	0.000000	1.516950	0.791119	0.348392	0.000000	0.000000	7.712410	3.164100	372.189000	48.125100	32.131300	0.000000	10.893200	0.000000	0.290032	0.686616	0.581713	0.589353	0.602246	
    6	92.040000	89.960000	90.070000	83.820000	85.360000	89.890000	104.140000	121.540000	124.080000	118.040000	99.880000	93.320000	91.390000	90.100000	92.400000	109.640000	120.940000	135.240000	160.540000	151.520000	123.000000	118.280000	118.280000	109.640000	14.880000	14.640000	14.560000	19.000000	18.240000	16.000000	10.320000	17.840000	27.000000	14.000000	14.000000	26.720000	21.120000	22.000000	20.680000	32.760000	16.280000	55.960000	43.520000	25.920000	10.720000	12.000000	16.800000	14.000000	93.090000	89.720000	88.190000	82.140000	83.160000	86.400000	99.140000	115.460000	121.080000	113.040000	99.890000	93.040000	91.390000	87.100000	89.400000	106.600000	120.270000	132.640000	170.000000	157.850000	127.240000	121.650000	118.280000	107.810000	93.670000	61.934400	63.400600	57.723600	38.109100	25.763900	68.917700	88.852500	89.588200	83.428800	60.147200	76.063500	74.162900	92.042800	85.432500	90.630500	101.437000	121.713000	122.514000	125.523000	105.974000	88.340500	74.614700	63.942700	0.547000	0.000000	0.438241	0.000000	0.462437	0.000000	0.484227	0.000000	0.475400	0.000000	0.470169	0.000000	0.471932	0.000000	0.465858	0.037400	0.471687	0.099500	0.463063	0.094000	90.640000	53.654500	23.952400	26.941000	32.070900	48.886100	66.614400	88.650300	79.761000	82.129900	109.077000	92.665500	0.450022	0.617500	0.448645	0.902700	0.475737	0.248400	0.523696	0.273500	0.571772	0.245900	0.613900	0.156600	0.619717	0.082800	0.599235	0.000000	0.584583	0.000000	0.550536	0.000000	0.492589	0.000000	0.410091	0.000000	0.310540	0.000000	0.221283	0.000000	0.548783	1.023010	1.696090	0.419582	0.200724	0.295906	1.711970	0.740804	0.598674	1.992630	3.203650	15.802800	9.431770	265.883000	30.375600	24.150000	1.585520	8.658050	20.887500	0.140270	0.419730	0.668796	0.777265	0.717312	
    7	92.040000	89.960000	90.070000	83.820000	85.360000	89.890000	104.140000	121.540000	124.080000	118.040000	99.880000	93.320000	91.390000	90.100000	92.400000	109.640000	120.940000	135.240000	160.540000	151.520000	123.000000	118.280000	118.280000	109.640000	14.880000	14.640000	14.560000	19.000000	18.240000	16.000000	10.320000	17.840000	27.000000	14.000000	14.000000	26.720000	21.120000	22.000000	20.680000	32.760000	16.280000	55.960000	43.520000	25.920000	10.720000	12.000000	16.800000	14.000000	93.090000	89.720000	88.190000	82.140000	83.160000	86.400000	99.140000	115.460000	121.080000	113.040000	99.890000	93.040000	91.390000	87.100000	89.400000	106.600000	120.270000	132.640000	170.000000	157.850000	127.240000	121.650000	118.280000	107.810000	93.670000	68.080400	68.905500	61.038500	42.870100	35.077400	78.198600	108.437000	100.839000	80.561600	72.055900	63.900900	74.162900	92.042800	85.432500	90.630500	101.437000	121.713000	122.514000	125.523000	105.974000	88.340500	74.614700	64.133200	0.547000	0.000000	0.442452	0.000000	0.500137	0.000000	0.562006	0.000000	0.569973	0.000000	0.579054	0.000000	0.581725	0.000000	0.566129	0.027900	0.549608	0.126800	0.542049	0.405000	90.640000	50.554000	40.263300	41.269200	44.447400	85.011100	101.629000	143.470000	121.698000	117.814000	127.093000	116.110000	0.502933	0.667900	0.535810	0.362300	0.529983	0.188600	0.549430	0.166400	0.542140	0.173200	0.553043	0.060400	0.527155	0.035200	0.532351	0.000000	0.571066	0.000000	0.560496	0.000000	0.525778	0.000000	0.455669	0.000000	0.368440	0.000000	0.336340	0.000000	0.548783	0.811168	0.782864	0.000000	0.000000	0.512418	1.132110	0.986016	0.415495	0.000000	8.344380	22.610100	5.674860	246.588000	59.547100	13.839900	2.220940	11.561200	15.936300	0.466018	0.675424	0.699539	0.617228	0.721197	
    8	92.040000	89.960000	90.070000	83.820000	85.360000	89.890000	104.140000	121.540000	124.080000	118.040000	99.880000	93.320000	91.390000	90.100000	92.400000	109.640000	120.940000	135.240000	160.540000	151.520000	123.000000	118.280000	118.280000	109.640000	14.880000	14.640000	14.560000	19.000000	18.240000	16.000000	10.320000	17.840000	27.000000	14.000000	14.000000	26.720000	21.120000	22.000000	20.680000	32.760000	16.280000	55.960000	43.520000	25.920000	10.720000	12.000000	16.800000	14.000000	93.090000	89.720000	88.190000	82.140000	83.160000	86.400000	99.140000	115.460000	121.080000	113.040000	99.890000	93.040000	91.390000	87.100000	89.400000	106.600000	120.270000	132.640000	170.000000	157.850000	127.240000	121.650000	118.280000	107.810000	93.670000	68.352800	70.402000	61.169500	42.225000	30.122500	78.693800	101.332000	101.201000	91.809900	77.544800	61.704300	77.129900	83.167500	86.047000	94.210700	100.817000	122.914000	119.855000	127.923000	103.807000	103.414000	74.390700	68.504600	0.547000	0.000000	0.448613	0.000000	0.523177	0.000000	0.585191	0.000000	0.620404	0.000000	0.607658	0.000000	0.626590	0.000000	0.566014	0.027600	0.579687	0.150100	0.576469	0.370100	90.640000	48.802100	42.425700	43.859300	40.744300	71.836000	93.248700	125.082000	115.125000	102.991000	122.781000	113.913000	0.556405	0.554200	0.510453	0.412600	0.556145	0.288100	0.488656	0.336200	0.603102	0.130300	0.559725	0.091400	0.522716	0.027100	0.490519	0.000000	0.504159	0.000000	0.499688	0.000000	0.431107	0.000000	0.362298	0.000000	0.308127	0.000000	0.251727	0.000000	0.548783	1.405210	1.291290	0.000000	0.000000	0.392331	1.584580	0.759910	0.569902	0.000000	4.544420	7.152460	5.136100	303.201000	41.056200	31.359400	0.000000	11.016300	36.087600	0.352480	0.613038	0.616468	0.666702	0.859897	
    9	92.040000	89.960000	90.070000	83.820000	85.360000	89.890000	104.140000	121.540000	124.080000	118.040000	99.880000	93.320000	91.390000	90.100000	92.400000	109.640000	120.940000	135.240000	160.540000	151.520000	123.000000	118.280000	118.280000	109.640000	14.880000	14.640000	14.560000	19.000000	18.240000	16.000000	10.320000	17.840000	27.000000	14.000000	14.000000	26.720000	21.120000	22.000000	20.680000	32.760000	16.280000	55.960000	43.520000	25.920000	10.720000	12.000000	16.800000	14.000000	93.090000	89.720000	88.190000	82.140000	83.160000	86.400000	99.140000	115.460000	121.080000	113.040000	99.890000	93.040000	91.390000	87.100000	89.400000	106.600000	120.270000	132.640000	170.000000	157.850000	127.240000	121.650000	118.280000	107.810000	93.670000	68.080400	68.905500	61.038500	42.870100	35.077400	78.198600	108.437000	100.839000	80.561600	72.055900	63.900900	74.162900	92.042800	85.432500	90.630500	101.437000	121.713000	122.514000	125.523000	105.974000	88.340500	74.614700	64.133200	0.547000	0.000000	0.442452	0.000000	0.500137	0.000000	0.562006	0.000000	0.569973	0.000000	0.579054	0.000000	0.581725	0.000000	0.566129	0.027900	0.549608	0.126800	0.542049	0.405000	90.640000	50.554000	40.263300	41.269200	44.447400	85.011100	101.629000	143.470000	121.698000	117.814000	127.093000	116.110000	0.502933	0.667900	0.535810	0.362300	0.529983	0.188600	0.549430	0.166400	0.542140	0.173200	0.553043	0.060400	0.527155	0.035200	0.532351	0.000000	0.571066	0.000000	0.560496	0.000000	0.525778	0.000000	0.455669	0.000000	0.368440	0.000000	0.336340	0.000000	0.548783	0.811168	0.782864	0.000000	0.000000	0.512418	1.132110	0.986016	0.415495	0.000000	8.344380	22.610100	5.674860	246.588000	59.547100	13.839900	2.220940	11.561200	15.936300	0.466018	0.675424	0.699539	0.617228	0.721197	
   10	92.040000	89.960000	90.070000	83.820000	85.360000	89.890000	104.140000	121.540000	124.080000	118.040000	99.880000	93.320000	91.390000	90.100000	92.400000	109.640000	120.940000	135.240000	160.540000	151.520000	123.000000	118.280000	118.280000	109.640000	14.880000	14.640000	14.560000	19.000000	18.240000	16.000000	10.320000	17.840000	27.000000	14.000000	14.000000	26.720000	21.120000	22.000000	20.680000	32.760000	16.280000	55.960000	43.520000	25.920000	10.720000	12.000000	16.800000	14.000000	93.090000	89.720000	88.190000	82.140000	83.160000	86.400000	99.140000	115.460000	121.080000	113.040000	99.890000	93.040000	91.390000	87.100000	89.400000	106.600000	120.270000	132.640000	170.000000	157.850000	127.240000	121.650000	118.280000	107.810000	93.670000	68.080400	68.905500	61.038500	42.870100	35.077400	78.198600	108.437000	100.839000	80.561600	72.055900	63.900900	74.162900	92.042800	85.432500	90.630500	101.437000	121.713000	122.514000	125.523000	105.974000	88.340500	74.614700	64.133200	0.547000	0.000000	0.442452	0.000000	0.500137	0.000000	0.562006	0.000000	0.569973	0.000000	0.579054	0.000000	0.581725	0.000000	0.566129	0.027900	0.549608	0.126800	0.542049	0.405000	90.640000	50.554000	40.263300	41.269200	44.447400	85.011100	101.629000	143.470000	121.698000	117.814000	127.093000	116.110000	0.502933	0.667900	0.535810	0.362300	0.529983	0.188600	0.549430	0.166400	0.542140	0.173200	0.553043	0.060400	0.527155	0.035200	0.532351	0.000000	0.571066	0.000000	0.560496	0.000000	0.525778	0.000000	0.455669	0.000000	0.368440	0.000000	0.336340	0.000000	0.548783	0.811168	0.782864	0.000000	0.000000	0.512418	1.132110	0.986016	0.415495	0.000000	8.344380	22.610100	5.674860	246.588000	59.547100	13.839900	2.220940	11.561200	15.936300	0.466018	0.675424	0.699539	0.617228	0.721197	
   11	92.040000	89.960000	90.070000	83.820000	85.360000	89.890000	104.140000	121.540000	124.080000	118.040000	99.880000	93.320000	91.390000	90.100000	92.400000	109.640000	120.940000	135.240000	160.540000	151.520000	123.000000	118.280000	118.280000	109.640000	14.880000	14.640000	14.560000	19.000000	18.240000	16.000000	10.320000	17.840000	27.000000	14.000000	14.000000	26.720000	21.120000	22.000000	20.680000	32.760000	16.280000	55.960000	43.520000	25.920000	10.720000	12.000000	16.800000	14.000000	93.090000	89.720000	88.190000	82.140000	83.160000	86.400000	99.140000	115.460000	121.080000	113.040000	99.890000	93.040000	91.390000	87.100000	89.400000	106.600000	120.270000	132.640000	170.000000	157.850000	127.240000	121.650000	118.280000	107.810000	93.670000	68.080400	68.905500	61.038500	42.870100	35.077400	78.198600	108.437000	100.839000	80.561600	72.055900	63.900900	74.162900	92.042800	85.432500	95.283900	100.575000	112.064000	131.950000	147.130000	109.833000	107.295000	80.921800	74.493300	0.547000	0.000000	0.454112	0.000000	0.549462	0.000000	0.579320	0.000000	0.584487	0.000000	0.588954	0.000000	0.607785	0.000000	0.584592	0.018200	0.563361	0.030400	0.520038	0.166600	90.640000	23.361200	18.874000	12.218500	12.781100	37.117200	118.013000	124.309000	132.104000	116.066000	127.407000	110.480000	0.496272	0.114900	0.481925	0.249800	0.460829	0.122700	0.457848	0.177800	0.494741	0.136900	0.493959	0.123800	0.683921	0.017200	0.670367	0.000000	0.595115	0.000000	0.559969	0.000000	0.496764	0.000000	0.397607	0.000000	0.322672	0.000000	0.288105	0.000000	0.548783	1.480950	1.798900	0.000000	0.000000	0.466299	1.977240	1.032010	0.312190	0.000000	4.094980	14.842400	12.652700	290.198000	30.540700	23.381100	0.000000	10.644300	21.437500	0.846653	0.725825	0.633672	0.655535	0.667751	
   12	92.040000	89.960000	90.070000	83.820000	85.360000	89.890000	104.140000	121.540000	124.080000	118.040000	99.880000	93.320000	91.390000	90.100000	92.400000	109.640000	120.940000	135.240000	160.540000	151.520000	123.000000	118.280000	118.280000	109.640000	14.880000	14.640000	14.560000	19.000000	18.240000	16.000000	10.320000	17.840000	27.000000	14.000000	14.000000	26.720000	21.120000	22.000000	20.680000	32.760000	16.280000	55.960000	43.520000	25.920000	10.720000	12.000000	16.800000	14.000000	93.090000	89.720000	88.190000	82.140000	83.160000	86.400000	99.140000	115.460000	121.080000	113.040000	99.890000	93.040000	91.390000	87.100000	89.400000	106.600000	120.270000	132.640000	170.000000	157.850000	127.240000	121.650000	118.280000	107.810000	93.670000	68.080400	68.905500	61.038500	42.870100	35.077400	78.198600	108.437000	100.839000	80.561600	72.055900	63.900900	74.162900	92.042800	85.432500	95.283900	100.575000	112.064000	131.950000	147.130000	109.833000	107.295000	80.921800	74.493300	0.547000	0.000000	0.454112	0.000000	0.556748	0.000000	0.619194	0.000000	0.582863	0.000000	0.555035	0.000000	0.550278	0.000000	0.545343	0.043300	0.537909	0.080800	0.575633	0.547300	90.640000	50.111900	51.530300	47.304800	50.068400	77.064400	85.387900	108.306000	123.180000	123.179000	125.741000	109.112000	0.508612	0.360500	0.527459	0.225900	0.514571	0.740700	0.491684	0.357100	0.492178	0.115200	0.463176	0.037400	0.683921	0.014800	0.670367	0.000000	0.595115	0.000000	0.612592	0.000000	0.527919	0.000000	0.438671	0.000000	0.368736	0.000000	0.324069	0.000000	0.548783	1.581330	1.741790	0.000000	0.000000	0.485968	1.354490	0.368100	0.312753	0.507533	29.720800	12.280400	0.000000	253.773000	44.887600	10.890500	11.307500	11.663300	0.000000	0.968003	0.697228	0.459819	0.492300	0.555075	
   13	92.040000	89.960000	90.070000	83.820000	85.360000	89.890000	104.140000	121.540000	124.080000	118.040000	99.880000	93.320000	91.390000	90.100000	92.400000	109.640000	120.940000	135.240000	160.540000	151.520000	123.000000	118.280000	118.280000	109.640000	14.880000	14.640000	14.560000	19.000000	18.240000	16.000000	10.320000	17.840000	27.000000	14.000000	14.000000	26.720000	21.120000	22.000000	20.680000	32.760000	16.280000	55.960000	43.520000	25.920000	10.720000	12.000000	16.800000	14.000000	93.090000	89.720000	88.190000	82.140000	83.160000	86.400000	99.140000	115.460000	121.080000	113.040000	99.890000	93.040000	91.390000	87.100000	89.400000	106.600000	120.270000	132.640000	170.000000	157.850000	127.240000	121.650000	118.280000	107.810000	93.670000	68.352800	70.402000	61.169500	42.225000	30.122500	78.693800	101.332000	101.201000	91.809900	77.544800	61.704300	77.129900	83.167500	86.047000	94.210700	100.817000	122.914000	119.855000	127.923000	103.807000	103.414000	74.390700	68.504600	0.547000	0.000000	0.448613	0.000000	0.523177	0.000000	0.585191	0.000000	0.620404	0.000000	0.607658	0.000000	0.626590	0.000000	0.566014	0.027600	0.579687	0.150100	0.576469	0.370100	90.640000	48.802100	42.425700	43.859300	40.744300	71.836000	93.248700	125.082000	115.125000	102.991000	122.781000	113.913000	0.556405	0.554200	0.510453	0.412600	0.556145	0.288100	0.488656	0.336200	0.603102	0.130300	0.559725	0.091400	0.522716	0.027100	0.490519	0.000000	0.504159	0.000000	0.499688	0.000000	0.431107	0.000000	0.362298	0.000000	0.308127	0.000000	0.251727	0.000000	0.548783	1.405210	1.291290	0.000000	0.000000	0.392331	1.584580	0.759910	0.569902	0.000000	4.544420	7.152460	5.136100	303.201000	41.056200	31.359400	0.000000	11.016300	36.087600	0.352480	0.613038	0.616468	0.666702	0.859897	
   14	92.040000	89.960000	90.070000	83.820000	85.360000	89.890000	104.140000	121.540000	124.080000	118.040000	99.880000	93.320000	91.390000	90.100000	92.400000	109.640000	120.940000	135.240000	160.540000	151.520000	123.000000	118.280000	118.280000	109.640000	14.880000	14.640000	14.560000	19.000000	18.240000	16.000000	10.320000	17.840000	27.000000	14.000000	14.000000	26.720000	21.120000	22.000000	20.680000	32.760000	16.280000	55.960000	43.520000	25.920000	10.720000	12.000000	16.800000	14.000000	93.090000	89.720000	88.190000	82.140000	83.160000	86.400000	99.140000	115.460000	121.080000	113.040000	99.890000	93.040000	91.390000	87.100000	89.400000	106.600000	120.270000	132.640000	170.000000	157.850000	127.240000	121.650000	118.280000	107.810000	93.670000	68.080400	68.905500	61.038500	42.870100	35.077400	78.198600	108.437000	100.839000	80.561600	72.055900	63.900900	74.162900	92.042800	85.432500	95.283900	100.575000	112.064000	131.950000	147.130000	109.833000	107.295000	80.921800	74.493300	0.547000	0.000000	0.454112	0.000000	0.499810	0.000000	0.518806	0.000000	0.558651	0.000000	0.589326	0.000000	0.597714	0.000000	0.539910	0.059400	0.487430	0.319300	0.437043	0.505000	90.640000	54.151500	56.035700	59.514800	58.944200	82.347600	107.918000	130.449000	110.294000	136.928000	137.582000	134.340000	0.401775	0.193300	0.387852	0.268000	0.382433	0.525900	0.491684	0.237700	0.492178	0.279400	0.463176	0.192600	0.403074	0.054300	0.441430	0.000000	0.562316	0.000000	0.685121	0.000000	0.832576	0.000000	0.888623	0.000000	0.827780	0.000000	0.679976	0.000000	0.548783	0.863642	1.052450	0.001587	1.654710	0.000000	2.213900	0.746962	0.125377	2.200680	0.000000	21.073900	15.375200	381.581000	52.574300	40.542100	0.000000	12.236000	81.752700	0.000000	0.581123	0.747479	0.741334	0.971828	
   15	92.040000	89.960000	90.070000	83.820000	85.360000	89.890000	104.140000	121.540000	124.080000	118.040000	99.880000	93.320000	91.390000	90.100000	92.400000	109.640000	120.940000	135.240000	160.540000	151.520000	123.000000	118.280000	118.280000	109.640000	14.880000	14.640000	14.560000	19.000000	18.240000	16.000000	10.320000	17.840000	27.000000	14.000000	14.000000	26.720000	21.120000	22.000000	20.680000	32.760000	16.280000	55.960000	43.520000	25.920000	10.720000	12.000000	16.800000	14.000000	93.090000	89.720000	88.190000	82.140000	83.160000	86.400000	99.140000	115.460000	121.080000	113.040000	99.890000	93.040000	91.390000	87.100000	89.400000	106.600000	120.270000	132.640000	170.000000	157.850000	127.240000	121.650000	118.280000	107.810000	93.670000	68.080400	68.905500	61.038500	42.870100	35.077400	78.198600	108.437000	100.839000	80.561600	72.055900	63.900900	74.162900	92.042800	85.432500	95.283900	100.575000	112.064000	131.950000	147.130000	109.833000	107.295000	80.921800	74.493300	0.547000	0.000000	0.454112	0.000000	0.506649	0.000000	0.551957	0.000000	0.565603	0.000000	0.564157	0.000000	0.550283	0.000000	0.534024	0.037900	0.529433	0.165100	0.506929	0.425400	90.640000	4.144580	0.024549	1.131080	6.438420	39.570500	54.081400	91.014800	78.491400	84.425500	105.696000	93.059900	0.497394	0.829400	0.521167	2.897500	0.570173	0.996000	0.620209	0.396900	0.650476	0.230100	0.665786	0.155200	0.683921	0.026900	0.670367	0.000000	0.595115	0.000000	0.559969	0.000000	0.496764	0.000000	0.397607	0.000000	0.322672	0.000000	0.288105	0.000000	0.548783	1.581330	1.186840	0.000000	0.000000	0.249013	1.599090	0.767841	0.601671	0.000000	0.000000	9.735220	6.622260	277.169000	42.346700	35.488500	0.000000	10.644300	21.437500	0.846653	0.725825	0.633672	0.655535	0.667751	
   16	92.040000	89.960000	90.070000	83.820000	85.360000	89.890000	104.140000	121.540000	124.080000	118.040000	99.880000	93.320000	91.390000	90.100000	92.400000	109.640000	120.940000	135.240000	160.540000	151.520000	123.000000	118.280000	118.280000	109.640000	14.880000	14.640000	14.560000	19.000000	18.240000	16.000000	10.320000	17.840000	27.000000	14.000000	14.000000	26.720000	21.120000	22.000000	20.680000	32.760000	16.280000	55.960000	43.520000	25.920000	10.720000	12.000000	16.800000	14.000000	93.090000	89.720000	88.190000	82.140000	83.160000	86.400000	99.140000	115.460000	121.080000	113.040000	99.890000	93.040000	91.390000	87.100000	89.400000	106.600000	120.270000	132.640000	170.000000	157.850000	127.240000	121.650000	118.280000	107.810000	93.670000	72.967100	78.850300	67.125100	48.122500	40.657600	80.749100	97.622900	91.741000	75.399600	56.805200	66.289600	79.107300	90.132500	91.011800	94.758900	104.691000	109.372000	116.611000	119.714000	105.093000	104.294000	74.798300	59.938800	0.547000	0.000000	0.420669	0.000000	0.471804	0.000000	0.533000	0.000000	0.549142	0.000000	0.502889	0.000000	0.495849	0.000000	0.490918	0.066400	0.471687	0.207700	0.463063	0.426000	90.640000	45.503500	39.625800	38.842900	38.975100	65.475200	90.346800	121.767000	105.837000	107.079000	129.244000	112.552000	0.509643	0.194700	0.509053	0.500700	0.505008	2.931300	0.517667	0.616800	0.563405	0.128700	0.560253	0.097300	0.527797	0.010300	0.509734	0.000000	0.537395	0.000000	0.376187	0.000000	0.324899	0.000000	0.233352	0.000000	0.152305	0.000000	0.058992	0.000000	0.548783	1.370730	1.372190	0.010007	0.000000	0.663662	1.578800	0.863461	0.620115	0.000000	13.837500	7.085390	0.000000	431.886000	57.363800	30.824800	0.000000	10.962000	41.170800	0.000000	0.685041	0.683286	0.565390	1.147360	
   17	92.040000	89.960000	90.070000	83.820000	85.360000	89.890000	104.140000	121.540000	124.080000	118.040000	99.880000	93.320000	91.390000	90.100000	92.400000	109.640000	120.940000	135.240000	160.540000	151.520000	123.000000	118.280000	118.280000	109.640000	14.880000	14.640000	14.560000	19.000000	18.240000	16.000000	10.320000	17.840000	27.000000	14.000000	14.000000	26.720000	21.120000	22.000000	20.680000	32.760000	16.280000	55.960000	43.520000	25.920000	10.720000	12.000000	16.800000	14.000000	93.090000	89.720000	88.190000	82.140000	83.160000	86.400000	99.140000	115.460000	121.080000	113.040000	99.890000	93.040000	91.390000	87.100000	89.400000	106.600000	120.270000	132.640000	170.000000	157.850000	127.240000	121.650000	118.280000	107.810000	93.670000	68.080400	68.905500	61.038500	42.870100	35.077400	78.198600	108.437000	100.839000	80.561600	72.055900	63.900900	74.162900	92.042800	85.432500	90.630500	101.437000	121.713000	122.514000	125.523000	105.974000	88.340500	74.614700	64.133200	0.547000	0.000000	0.442452	0.000000	0.500137	0.000000	0.562006	0.000000	0.569973	0.000000	0.579054	0.000000	0.581725	0.000000	0.566129	0.027900	0.549608	0.126800	0.542049	0.405000	90.640000	50.554000	40.263300	41.269200	44.447400	85.011100	101.629000	143.470000	121.698000	117.814000	127.093000	116.110000	0.502933	0.667900	0.535810	0.362300	0.529983	0.188600	0.549430	0.166400	0.542140	0.173200	0.553043	0.060400	0.527155	0.035200	0.532351	0.000000	0.571066	0.000000	0.560496	0.000000	0.525778	0.000000	0.455669	0.000000	0.368440	0.000000	0.336340	0.000000	0.548783	0.811168	0.782864	0.000000	0.000000	0.512418	1.132110	0.986016	0.415495	0.000000	8.344380	22.610100	5.674860	246.588000	59.547100	13.839900	2.220940	11.561200	15.936300	0.466018	0.675424	0.699539	0.617228	0.721197	
   18	92.040000	89.960000	90.070000	83.820000	85.360000	89.890000	104.140000	121.540000	124.080000	118.040000	99.880000	93.320000	91.390000	90.100000	92.400000	109.640000	120.940000	135.240000	160.540000	151.520000	123.000000	118.280000	118.280000	109.640000	14.880000	14.640000	14.560000	19.000000	18.240000	16.000000	10.320000	17.840000	27.000000	14.000000	14.000000	26.720000	21.120000	22.000000	20.680000	32.760000	16.280000	55.960000	43.520000	25.920000	10.720000	12.000000	16.800000	14.000000	93.090000	89.720000	88.190000	82.140000	83.160000	86.400000	99.140000	115.460000	121.080000	113.040000	99.890000	93.040000	91.390000	87.100000	89.400000	106.600000	120.270000	132.640000	170.000000	157.850000	127.240000	121.650000	118.280000	107.810000	93.670000	61.934400	63.400600	57.723600	38.109100	25.763900	68.917700	88.852500	89.588200	83.428800	60.147200	76.063500	74.162900	92.042800	85.432500	90.630500	101.437000	121.713000	122.514000	125.523000	105.974000	88.340500	74.614700	63.942700	0.547000	0.000000	0.512466	0.000000	0.612201	0.000000	0.702490	0.000000	0.716073	0.000000	0.723654	0.000000	0.730187	0.000000	0.688452	0.019700	0.673033	0.104400	0.647980	0.130300	90.640000	26.104300	7.735120	0.000000	0.000000	56.188000	85.290200	120.460000	156.417000	120.922000	130.621000	137.717000	0.633096	0.135300	0.622267	0.071600	0.571933	0.194700	0.581313	0.339400	0.548404	0.052000	0.510462	0.277200	0.513719	0.054100	0.532351	0.000000	0.524481	0.000000	0.517042	0.000000	0.449874	0.000000	0.352863	0.000000	0.310005	0.000000	0.336340	0.000000	0.548783	0.183723	0.454860	0.000000	0.000000	0.000000	0.622110	0.270018	0.274807	0.000000	0.000000	11.226500	0.000000	100.179000	72.351000	30.608500	0.000000	10.865600	36.750600	0.400805	0.090800	0.627271	0.755439	1.011800	
   19	92.040000	89.960000	90.070000	83.820000	85.360000	89.890000	104.140000	121.540000	124.080000	118.040000	99.880000	93.320000	91.390000	90.100000	92.400000	109.640000	120.940000	135.240000	160.540000	151.520000	123.000000	118.280000	118.280000	109.640000	14.880000	14.640000	14.560000	19.000000	18.240000	16.000000	10.320000	17.840000	27.000000	14.000000	14.000000	26.720000	21.120000	22.000000	20.680000	32.760000	16.280000	55.960000	43.520000	25.920000	10.720000	12.000000	16.800000	14.000000	93.090000	89.720000	88.190000	82.140000	83.160000	86.400000	99.140000	115.460000	121.080000	113.040000	99.890000	93.040000	91.390000	87.100000	89.400000	106.600000	120.270000	132.640000	170.000000	157.850000	127.240000	121.650000	118.280000	107.810000	93.670000	68.080400	68.905500	61.038500	42.870100	35.077400	78.198600	108.437000	100.839000	80.561600	72.055900	63.900900	74.162900	92.042800	85.432500	90.630500	101.437000	121.713000	122.514000	125.523000	105.974000	88.340500	74.614700	64.133200	0.547000	0.000000	0.442452	0.000000	0.500137	0.000000	0.562006	0.000000	0.569973	0.000000	0.579054	0.000000	0.581725	0.000000	0.566129	0.027900	0.549608	0.126800	0.542049	0.405000	90.640000	50.554000	40.263300	41.269200	44.447400	85.011100	101.629000	143.470000	121.698000	117.814000	127.093000	116.110000	0.502933	0.667900	0.535810	0.362300	0.529983	0.188600	0.549430	0.166400	0.542140	0.173200	0.553043	0.060400	0.527155	0.035200	0.532351	0.000000	0.571066	0.000000	0.560496	0.000000	0.525778	0.000000	0.455669	0.000000	0.368440	0.000000	0.336340	0.000000	0.548783	0.811168	0.782864	0.000000	0.000000	0.512418	1.132110	0.986016	0.415495	0.000000	8.344380	22.610100	5.674860	246.588000	59.547100	13.839900	2.220940	11.561200	15.936300	0.466018	0.675424	0.699539	0.617228	0.721197	
   20	92.040000	89.960000	90.070000	83.820000	85.360000	89.890000	104.140000	121.540000	124.080000	118.040000	99.880000	93.320000	91.390000	90.100000	92.400000	109.640000	120.940000	135.240000	160.540000	151.520000	123.000000	118.280000	118.280000	109.640000	14.880000	14.640000	14.560000	19.000000	18.240000	16.000000	10.320000	17.840000	27.000000	14.000000	14.000000	26.720000	21.120000	22.000000	20.680000	32.760000	16.280000	55.960000	43.520000	25.920000	10.720000	12.000000	16.800000	14.000000	93.090000	89.720000	88.190000	82.140000	83.160000	86.400000	99.140000	115.460000	121.080000	113.040000	99.890000	93.040000	91.390000	87.100000	89.400000	106.600000	120.270000	132.640000	170.000000	157.850000	127.240000	121.650000	118.280000	107.810000	93.670000	68.080400	68.905500	61.038500	42.870100	35.077400	78.198600	108.437000	100.839000	80.561600	72.055900	63.900900	74.162900	92.042800	85.432500	90.630500	101.437000	121.713000	122.514000	125.523000	105.974000	88.340500	74.614700	64.133200	0.547000	0.000000	0.442452	0.000000	0.500137	0.000000	0.562006	0.000000	0.569973	0.000000	0.579054	0.000000	0.581725	0.000000	0.566129	0.027900	0.549608	0.126800	0.542049	0.405000	90.640000	50.554000	40.263300	41.269200	44.447400	85.011100	101.629000	143.470000	121.698000	117.814000	127.093000	116.110000	0.502933	0.667900	0.535810	0.362300	0.529983	0.188600	0.549430	0.166400	0.542140	0.173200	0.553043	0.060400	0.527155	0.035200	0.532351	0.000000	0.571066	0.000000	0.560496	0.000000	0.525778	0.000000	0.455669	0.000000	0.368440	0.000000	0.336340	0.000000	0.548783	0.811168	0.782864	0.000000	0.000000	0.512418	1.132110	0.986016	0.415495	0.000000	8.344380	22.610100	5.674860	246.588000	59.547100	13.839900	2.220940	11.561200	15.936300	0.466018	0.675424	0.699539	0.617228	0.721197	
   21	92.040000	89.960000	90.070000	83.820000	85.360000	89.890000	104.140000	121.540000	124.080000	118.040000	99.880000	93.320000	91.390000	90.100000	92.400000	109.640000	120.940000	135.240000	160.540000	151.520000	123.000000	118.280000	118.280000	109.640000	14.880000	14.640000	14.560000	19.000000	18.240000	16.000000	10.320000	17.840000	27.000000	14.000000	14.000000	26.720000	21.120000	22.000000	20.680000	32.760000	16.280000	55.960000	43.520000	25.920000	10.720000	12.000000	16.800000	14.000000	93.090000	89.720000	88.190000	82.140000	83.160000	86.400000	99.140000	115.460000	121.080000	113.040000	99.890000	93.040000	91.390000	87.100000	89.400000	106.600000	120.270000	132.640000	170.000000	157.850000	127.240000	121.650000	118.280000	107.810000	93.670000	68.352800	70.402000	61.169500	42.225000	30.122500	78.693800	101.332000	101.201000	91.809900	77.544800	61.704300	77.129900	83.167500	86.047000	94.210700	100.817000	122.914000	119.855000	127.923000	103.807000	103.414000	74.390700	68.504600	0.547000	0.000000	0.448613	0.000000	0.523177	0.000000	0.585191	0.000000	0.620404	0.000000	0.607658	0.000000	0.626590	0.000000	0.566014	0.027600	0.579687	0.150100	0.576469	0.370100	90.640000	48.802100	42.425700	43.859300	40.744300	71.836000	93.248700	125.082000	115.125000	102.991000	122.781000	113.913000	0.556405	0.554200	0.510453	0.412600	0.556145	0.288100	0.488656	0.336200	0.603102	0.130300	0.559725	0.091400	0.522716	0.027100	0.490519	0.000000	0.504159	0.000000	0.499688	0.000000	0.431107	0.000000	0.362298	0.000000	0.308127	0.000000	0.251727	0.000000	0.548783	1.405210	1.291290	0.000000	0.000000	0.392331	1.584580	0.759910	0.569902	0.000000	4.544420	7.152460	5.136100	303.201000	41.056200	31.359400	0.000000	11.016300	36.087600	0.352480	0.613038	0.616468	0.666702	0.859897	
   22	92.040000	89.960000	90.070000	83.820000	85.360000	89.890000	104.140000	121.540000	124.080000	118.040000	99.880000	93.320000	91.390000	90.100000	92.400000	109.640000	120.940000	135.240000	160.540000	151.520000	123.000000	118.280000	118.280000	109.640000	14.880000	14.640000	14.560000	19.000000	18.240000	16.000000	10.320000	17.840000	27.000000	14.000000	14.000000	26.720000	21.120000	22.000000	20.680000	32.760000	16.280000	55.960000	43.520000	25.920000	10.720000	12.000000	16.800000	14.000000	93.090000	89.720000	88.190000	82.140000	83.160000	86.400000	99.140000	115.460000	121.080000	113.040000	99.890000	93.040000	91.390000	87.100000	89.400000	106.600000	120.270000	132.640000	170.000000	157.850000	127.240000	121.650000	118.280000	107.810000	93.670000	68.080400	68.905500	61.038500	42.870100	35.077400	78.198600	108.437000	100.839000	80.561600	72.055900	63.900900	74.162900	92.042800	85.432500	95.283900	100.575000	112.064000	131.950000	147.130000	109.833000	107.295000	80.921800	74.493300	0.547000	0.000000	0.454112	0.000000	0.453417	0.000000	0.538663	0.000000	0.590596	0.000000	0.624872	0.000000	0.643709	0.000000	0.637379	0.035700	0.639863	0.211900	0.595929	0.234100	90.640000	29.767700	24.226200	27.768100	26.700100	57.504300	81.726500	107.253000	110.940000	111.395000	120.235000	112.612000	0.583805	0.340000	0.577379	3.465800	0.558244	1.276800	0.546509	0.821400	0.524316	0.164400	0.465449	0.109300	0.407739	0.059400	0.445978	0.000000	0.438871	0.000000	0.387644	0.000000	0.356411	0.000000	0.273926	0.000000	0.219219	0.000000	0.216194	0.000000	0.548783	1.593480	1.658740	0.000000	0.000000	0.817981	1.479010	0.936982	0.511029	0.000000	11.943300	7.264730	7.092680	262.146000	53.224600	34.731900	2.484370	11.741500	0.000000	1.192280	0.735888	0.632670	0.477282	0.470214	
   23	92.040000	89.960000	90.070000	83.820000	85.360000	89.890000	104.140000	121.540000	124.080000	118.040000	99.880000	93.320000	91.390000	90.100000	92.400000	109.640000	120.940000	135.240000	160.540000	151.520000	123.000000	118.280000	118.280000	109.640000	14.880000	14.640000	14.560000	19.000000	18.240000	16.000000	10.320000	17.840000	27.000000	14.000000	14.000000	26.720000	21.120000	22.000000	20.680000	32.760000	16.280000	55.960000	43.520000	25.920000	10.720000	12.000000	16.800000	14.000000	93.090000	89.720000	88.190000	82.140000	83.160000	86.400000	99.140000	115.460000	121.080000	113.040000	99.890000	93.040000	91.390000	87.100000	89.400000	106.600000	120.270000	132.640000	170.000000	157.850000	127.240000	121.650000	118.280000	107.810000	93.670000	61.934400	63.400600	57.723600	38.109100	25.763900	68.917700	88.852500	89.588200	83.428800	60.147200	76.063500	74.162900	92.042800	85.432500	90.630500	101.437000	121.713000	122.514000	125.523000	105.974000	88.340500	74.614700	63.942700	0.547000	0.000000	0.456623	0.000000	0.479306	0.000000	0.481329	0.000000	0.492503	0.000000	0.531150	0.000000	0.585275	0.000000	0.578986	0.065700	0.560177	0.446100	0.511968	0.162100	90.640000	59.568700	51.580700	50.669500	62.623700	96.763400	109.158000	146.333000	148.703000	138.964000	134.920000	127.896000	0.560449	0.203900	0.638403	0.208500	0.678120	0.275400	0.684367	0.996800	0.685096	0.475400	0.677650	0.116400	0.644189	0.058700	0.621334	0.000000	0.629622	0.000000	0.612798	0.000000	0.568682	0.000000	0.500830	0.000000	0.447392	0.000000	0.425406	0.000000	0.548783	1.120050	0.836048	0.438718	0.262645	0.000000	1.012730	0.540110	0.103250	0.000000	0.000000	16.912000	28.514000	145.092000	29.539300	15.091700	0.000000	12.161500	43.602500	0.421238	0.649595	0.538767	0.341498	0.382853	
   24	92.040000	89.960000	90.070000	83.820000	85.360000	89.890000	104.140000	121.540000	124.080000	118.040000	99.880000	93.320000	91.390000	90.100000	92.400000	109.640000	120.940000	135.240000	160.540000	151.520000	123.000000	118.280000	118.280000	109.640000	14.880000	14.640000	14.560000	19.000000	18.240000	16.000000	10.320000	17.840000	27.000000	14.000000	14.000000	26.720000	21.120000	22.000000	20.680000	32.760000	16.280000	55.960000	43.520000	25.920000	10.720000	12.000000	16.800000	14.000000	93.090000	89.720000	88.190000	82.140000	83.160000	86.400000	99.140000	115.460000	121.080000	113.040000	99.890000	93.040000	91.390000	87.100000	89.400000	106.600000	120.270000	132.640000	170.000000	157.850000	127.240000	121.650000	118.280000	107.810000	93.670000	68.352800	70.402000	61.169500	42.225000	30.122500	78.693800	101.332000	101.201000	91.809900	77.544800	61.704300	77.129900	83.167500	86.047000	94.210700	100.817000	122.914000	119.855000	127.923000	103.807000	103.414000	74.390700	68.504600	0.547000	0.000000	0.448613	0.000000	0.523177	0.000000	0.585191	0.000000	0.620404	0.000000	0.607658	0.000000	0.626590	0.000000	0.566014	0.027600	0.579687	0.150100	0.576469	0.370100	90.640000	48.802100	42.425700	43.859300	40.744300	71.836000	93.248700	125.082000	115.125000	102.991000	122.781000	113.913000	0.556405	0.554200	0.510453	0.412600	0.556145	0.288100	0.488656	0.336200	0.603102	0.130300	0.559725	0.091400	0.522716	0.027100	0.490519	0.000000	0.504159	0.000000	0.499688	0.000000	0.431107	0.000000	0.362298	0.000000	0.308127	0.000000	0.251727	0.000000	0.548783	1.405210	1.291290	0.000000	0.000000	0.392331	1.584580	0.759910	0.569902	0.000000	4.544420	7.152460	5.136100	303.201000	41.056200	31.359400	0.000000	11.016300	36.087600	0.352480	0.613038	0.616468	0.666702	0.859897	
   25	92.040000	89.960000	90.070000	83.820000	85.360000	89.890000	104.140000	121.540000	124.080000	118.040000	99.880000	93.320000	91.390000	90.100000	92.400000	109.640000	120.940000	135.240000	160.540000	151.520000	123.000000	118.280000	118.280000	109.640000	14.880000	14.640000	14.560000	19.000000	18.240000	16.000000	10.320000	17.840000	27.000000	14.000000	14.000000	26.720000	21.120000	22.000000	20.680000	32.760000	16.280000	55.960000	43.520000	25.920000	10.720000	12.000000	16.800000	14.000000	93.090000	89.720000	88.190000	82.140000	83.160000	86.400000	99.140000	115.460000	121.080000	113.040000	99.890000	93.040000	91.390000	87.100000	89.400000	106.600000	120.270000	132.640000	170.000000	157.850000	127.240000	121.650000	118.280000	107.810000	93.670000	66.404100	67.550500	58.796600	30.083000	42.557900	75.438200	96.950300	93.796500	82.207600	60.906000	59.444200	79.332800	85.772900	85.909700	92.022200	101.087000	122.565000	123.122000	122.170000	103.171000	119.482000	74.146700	70.855400	0.547000	0.000000	0.470230	0.000000	0.512005	0.000000	0.592717	0.000000	0.623113	0.000000	0.589326	0.000000	0.581599	0.000000	0.589366	0.005100	0.541318	0.120300	0.573668	0.192700	90.640000	46.759200	38.195300	30.414200	32.309700	58.029000	91.384800	129.690000	126.575000	107.079000	129.244000	112.552000	0.566754	0.586100	0.536281	0.569900	0.551528	0.496300	0.500739	0.419400	0.557607	0.240200	0.546758	0.027000	0.522468	0.037500	0.505885	0.000000	0.520725	0.000000	0.489739	0.000000	0.403504	0.000000	0.302080	0.000000	0.299356	0.000000	0.249595	0.000000	0.548783	1.917790	1.149950	0.000000	0.156293	0.623241	1.796410	1.075220	0.608199	0.000000	4.505430	14.969900	0.382964	196.089000	49.407600	30.364500	0.000000	12.250600	56.888900	0.593588	0.828114	0.790230	0.932745	1.050700	
   26	92.040000	89.960000	90.070000	83.820000	85.360000	89.890000	104.140000	121.540000	124.080000	118.040000	99.880000	93.320000	91.390000	90.100000	92.400000	109.640000	120.940000	135.240000	160.540000	151.520000	123.000000	118.280000	118.280000	109.640000	14.880000	14.640000	14.560000	19.000000	18.240000	16.000000	10.320000	17.840000	27.000000	14.000000	14.000000	26.720000	21.120000	22.000000	20.680000	32.760000	16.280000	55.960000	43.520000	25.920000	10.720000	12.000000	16.800000	14.000000	93.090000	89.720000	88.190000	82.140000	83.160000	86.400000	99.140000	115.460000	121.080000	113.040000	99.890000	93.040000	91.390000	87.100000	89.400000	106.600000	120.270000	132.640000	170.000000	157.850000	127.240000	121.650000	118.280000	107.810000	93.670000	68.352800	70.402000	61.169500	42.225000	30.122500	78.693800	101.332000	101.201000	91.809900	77.544800	61.704300	77.129900	83.167500	86.047000	94.210700	100.817000	122.914000	119.855000	127.923000	103.807000	103.414000	74.390700	68.504600	0.547000	0.000000	0.448613	0.000000	0.523177	0.000000	0.585191	0.000000	0.620404	0.000000	0.607658	0.000000	0.626590	0.000000	0.566014	0.027600	0.579687	0.150100	0.576469	0.370100	90.640000	48.802100	42.425700	43.859300	40.744300	71.836000	93.248700	125.082000	115.125000	102.991000	122.781000	113.913000	0.556405	0.554200	0.510453	0.412600	0.556145	0.288100	0.488656	0.336200	0.603102	0.130300	0.559725	0.091400	0.522716	0.027100	0.490519	0.000000	0.504159	0.000000	0.499688	0.000000	0.431107	0.000000	0.362298	0.000000	0.308127	0.000000	0.251727	0.000000	0.548783	1.405210	1.291290	0.000000	0.000000	0.392331	1.584580	0.759910	0.569902	0.000000	4.544420	7.152460	5.136100	303.201000	41.056200	31.359400	0.000000	11.016300	36.087600	0.352480	0.613038	0.616468	0.666702	0.859897	
   27	92.040000	89.960000	90.070000	83.820000	85.360000	89.890000	104.140000	121.540000	124.080000	118.040000	99.880000	93.320000	91.390000	90.100000	92.400000	109.640000	120.940000	135.240000	160.540000	151.520000	123.000000	118.280000	118.280000	109.640000	14.880000	14.640000	14.560000	19.000000	18.240000	16.000000	10.320000	17.840000	27.000000	14.000000	14.000000	26.720000	21.120000	22.000000	20.680000	32.760000	16.280000	55.960000	43.520000	25.920000	10.720000	12.000000	16.800000	14.000000	93.090000	89.720000	88.190000	82.140000	83.160000	86.400000	99.140000	115.460000	121.080000	113.040000	99.890000	93.040000	91.390000	87.100000	89.400000	106.600000	120.270000	132.640000	170.000000	157.850000	127.240000	121.650000	118.280000	107.810000	93.670000	68.352800	70.402000	61.169500	42.225000	30.122500	78.693800	101.332000	101.201000	91.809900	77.544800	61.704300	77.129900	83.167500	86.047000	94.210700	100.817000	122.914000	119.855000	127.923000	103.807000	103.414000	74.390700	68.504600	0.547000	0.000000	0.448613	0.000000	0.523177	0.000000	0.585191	0.000000	0.620404	0.000000	0.607658	0.000000	0.626590	0.000000	0.566014	0.027600	0.579687	0.150100	0.576469	0.370100	90.640000	48.802100	42.425700	43.859300	40.744300	71.836000	93.248700	125.082000	115.125000	102.991000	122.781000	113.913000	0.556405	0.554200	0.510453	0.412600	0.556145	0.288100	0.488656	0.336200	0.603102	0.130300	0.559725	0.091400	0.522716	0.027100	0.490519	0.000000	0.504159	0.000000	0.499688	0.000000	0.431107	0.000000	0.362298	0.000000	0.308127	0.000000	0.251727	0.000000	0.548783	1.405210	1.291290	0.000000	0.000000	0.392331	1.584580	0.759910	0.569902	0.000000	4.544420	7.152460	5.136100	303.201000	41.056200	31.359400	0.000000	11.016300	36.087600	0.352480	0.613038	0.616468	0.666702	0.859897	
   28	92.040000	89.960000	90.070000	83.820000	85.360000	89.890000	104.140000	121.540000	124.080000	118.040000	99.880000	93.320000	91.390000	90.100000	92.400000	109.640000	120.940000	135.240000	160.540000	151.520000	123.000000	118.280000	118.280000	109.640000	14.880000	14.640000	14.560000	19.000000	18.240000	16.000000	10.320000	17.840000	27.000000	14.000000	14.000000	26.720000	21.120000	22.000000	20.680000	32.760000	16.280000	55.960000	43.520000	25.920000	10.720000	12.000000	16.800000	14.000000	93.090000	89.720000	88.190000	82.140000	83.160000	86.400000	99.140000	115.460000	121.080000	113.040000	99.890000	93.040000	91.390000	87.100000	89.400000	106.600000	120.270000	132.640000	170.000000	157.850000	127.240000	121.650000	118.280000	107.810000	93.670000	68.080400	68.905500	61.038500	42.870100	35.077400	78.198600	108.437000	100.839000	80.561600	72.055900	63.900900	74.162900	92.042800	85.432500	90.630500	101.437000	121.713000	122.514000	125.523000	105.974000	88.340500	74.614700	64.133200	0.547000	0.000000	0.442452	0.000000	0.500137	0.000000	0.562006	0.000000	0.569973	0.000000	0.579054	0.000000	0.581725	0.000000	0.566129	0.027900	0.549608	0.126800	0.542049	0.405000	90.640000	50.554000	40.263300	41.269200	44.447400	85.011100	101.629000	143.470000	121.698000	117.814000	127.093000	116.110000	0.502933	0.667900	0.535810	0.362300	0.529983	0.188600	0.549430	0.166400	0.542140	0.173200	0.553043	0.060400	0.527155	0.035200	0.532351	0.000000	0.571066	0.000000	0.560496	0.000000	0.525778	0.000000	0.455669	0.000000	0.368440	0.000000	0.336340	0.000000	0.548783	0.811168	0.782864	0.000000	0.000000	0.512418	1.132110	0.986016	0.415495	0.000000	8.344380	22.610100	5.674860	246.588000	59.547100	13.839900	2.220940	11.561200	15.936300	0.466018	0.675424	0.699539	0.617228	0.721197	
   29	92.040000	89.960000	90.070000	83.820000	85.360000	89.890000	104.140000	121.540000	124.080000	118.040000	99.880000	93.320000	91.390000	90.100000	92.400000	109.640000	120.940000	135.240000	160.540000	151.520000	123.000000	118.280000	118.280000	109.640000	14.880000	14.640000	14.560000	19.000000	18.240000	16.000000	10.320000	17.840000	27.000000	14.000000	14.000000	26.720000	21.120000	22.000000	20.680000	32.760000	16.280000	55.960000	43.520000	25.920000	10.720000	12.000000	16.800000	14.000000	93.090000	89.720000	88.190000	82.140000	83.160000	86.400000	99.140000	115.460000	121.080000	113.040000	99.890000	93.040000	91.390000	87.100000	89.400000	106.600000	120.270000	132.640000	170.000000	157.850000	127.240000	121.650000	118.280000	107.810000	93.670000	72.967100	78.850300	67.125100	48.122500	40.657600	80.749100	97.622900	91.741000	75.399600	56.805200	66.289600	79.107300	90.132500	91.011800	94.758900	104.691000	109.372000	116.611000	119.714000	105.093000	104.294000	74.798300	59.938800	0.547000	0.000000	0.420669	0.000000	0.471804	0.000000	0.533000	0.000000	0.549142	0.000000	0.502889	0.000000	0.495849	0.000000	0.490918	0.066400	0.471687	0.207700	0.463063	0.426000	90.640000	55.396200	47.956800	46.440300	76.882800	106.370000	127.679000	145.600000	137.497000	163.051000	154.527000	132.797000	0.491925	0.699000	0.488706	0.442300	0.454547	0.067300	0.420601	0.046800	0.390407	0.018300	0.348950	0.080700	0.326926	0.020900	0.364470	0.000000	0.407730	0.000000	0.423593	0.000000	0.372838	0.000000	0.277466	0.000000	0.183214	0.000000	0.122666	0.000000	0.548783	1.482640	1.302700	0.439923	0.770126	1.014710	1.678400	0.727234	0.537240	0.000000	0.000000	41.962000	0.000000	2457.510000	0.000000	9.712550	0.000000	10.613700	16.790300	0.381625	0.781519	0.566604	0.742706	0.612520	
   30	92.040000	89.960000	90.070000	83.820000	85.360000	89.890000	104.140000	121.540000	124.080000	118.040000	99.880000	93.320000	91.390000	90.100000	92.400000	109.640000	120.940000	135.240000	160.540000	151.520000	123.000000	118.280000	118.280000	109.640000	14.880000	14.640000	14.560000	19.000000	18.240000	16.000000	10.320000	17.840000	27.000000	14.000000	14.000000	26.720000	21.120000	22.000000	20.680000	32.760000	16.280000	55.960000	43.520000	25.920000	10.720000	12.000000	16.800000	14.000000	93.090000	89.720000	88.190000	82.140000	83.160000	86.400000	99.140000	115.460000	121.080000	113.040000	99.890000	93.040000	91.390000	87.100000	89.400000	106.600000	120.270000	132.640000	170.000000	157.850000	127.240000	121.650000	118.280000	107.810000	93.670000	61.934400	63.400600	57.723600	38.109100	25.763900	68.917700	88.852500	89.588200	83.428800	60.147200	76.063500	74.162900	92.042800	85.432500	90.630500	101.437000	121.713000	122.514000	125.523000	105.974000	88.340500	74.614700	63.942700	0.547000	0.000000	0.413989	0.000000	0.419525	0.000000	0.445716	0.000000	0.446743	0.000000	0.437771	0.000000	0.423737	0.000000	0.406563	0.101900	0.414799	0.095000	0.427925	0.174900	90.640000	18.394700	10.341700	10.768600	11.767000	27.783600	51.021500	69.175800	84.889200	88.127000	158.712000	139.874000	0.460800	0.267400	0.489462	0.099100	0.482604	0.724400	0.445252	0.388700	0.356342	0.240200	0.251873	0.079800	0.189083	0.006500	0.173983	0.000000	0.208955	0.000000	0.271913	0.000000	0.290373	0.000000	0.245773	0.000000	0.226378	0.000000	0.251727	0.000000	0.548783	1.496920	1.539820	0.843160	0.055633	0.642443	1.609290	0.828807	0.410410	0.000000	3.375780	9.786280	14.594900	330.697000	27.799000	34.617300	4.553490	13.108400	70.868100	0.235342	0.730795	0.725930	0.678276	0.961515	
   31	92.040000	89.960000	90.070000	83.820000	85.360000	89.890000	104.140000	121.540000	124.080000	118.040000	99.880000	93.320000	91.390000	90.100000	92.400000	109.640000	120.940000	135.240000	160.540000	151.520000	123.000000	118.280000	118.280000	109.640000	14.880000	14.640000	14.560000	19.000000	18.240000	16.000000	10.320000	17.840000	27.000000	14.000000	14.000000	26.720000	21.120000	22.000000	20.680000	32.760000	16.280000	55.960000	43.520000	25.920000	10.720000	12.000000	16.800000	14.000000	93.090000	89.720000	88.190000	82.140000	83.160000	86.400000	99.140000	115.460000	121.080000	113.040000	99.890000	93.040000	91.390000	87.100000	89.400000	106.600000	120.270000	132.640000	170.000000	157.850000	127.240000	121.650000	118.280000	107.810000	93.670000	68.352800	70.402000	61.169500	42.225000	30.122500	78.693800	101.332000	101.201000	91.809900	77.544800	61.704300	77.129900	83.167500	86.047000	94.210700	100.817000	122.914000	119.855000	127.923000	103.807000	103.414000	74.390700	68.504600	0.547000	0.000000	0.448613	0.000000	0.523177	0.000000	0.585191	0.000000	0.620404	0.000000	0.607658	0.000000	0.626590	0.000000	0.566014	0.027600	0.579687	0.150100	0.576469	0.370100	90.640000	48.802100	42.425700	43.859300	40.744300	71.836000	93.248700	125.082000	115.125000	102.991000	122.781000	113.913000	0.556405	0.554200	0.510453	0.412600	0.556145	0.288100	0.488656	0.336200	0.603102	0.130300	0.559725	0.091400	0.522716	0.027100	0.490519	0.000000	0.504159	0.000000	0.499688	0.000000	0.431107	0.000000	0.362298	0.000000	0.308127	0.000000	0.251727	0.000000	0.548783	1.405210	1.291290	0.000000	0.000000	0.392331	1.584580	0.759910	0.569902	0.000000	4.544420	7.152460	5.136100	303.201000	41.056200	31.359400	0.000000	11.016300	36.087600	0.352480	0.613038	0.616468	0.666702	0.859897	
   32	92.040000	89.960000	90.070000	83.820000	85.360000	89.890000	104.140000	121.540000	124.080000	118.040000	99.880000	93.320000	91.390000	90.100000	92.400000	109.640000	120.940000	135.240000	160.540000	151.520000	123.000000	118.280000	118.280000	109.640000	14.880000	14.640000	14.560000	19.000000	18.240000	16.000000	10.320000	17.840000	27.000000	14.000000	14.000000	26.720000	21.120000	22.000000	20.680000	32.760000	16.280000	55.960000	43.520000	25.920000	10.720000	12.000000	16.800000	14.000000	93.090000	89.720000	88.190000	82.140000	83.160000	86.400000	99.140000	115.460000	121.080000	113.040000	99.890000	93.040000	91.390000	87.100000	89.400000	106.600000	120.270000	132.640000	170.000000	157.850000	127.240000	121.650000	118.280000	107.810000	93.670000	68.352800	70.402000	61.169500	42.225000	30.122500	78.693800	101.332000	101.201000	91.809900	77.544800	61.704300	77.129900	83.167500	86.047000	94.210700	100.817000	122.914000	119.855000	127.923000	103.807000	103.414000	74.390700	68.504600	0.547000	0.000000	0.448613	0.000000	0.523177	0.000000	0.585191	0.000000	0.620404	0.000000	0.607658	0.000000	0.626590	0.000000	0.566014	0.027600	0.579687	0.150100	0.576469	0.370100	90.640000	48.802100	42.425700	43.859300	40.744300	71.836000	93.248700	125.082000	115.125000	102.991000	122.781000	113.913000	0.556405	0.554200	0.510453	0.412600	0.556145	0.288100	0.488656	0.336200	0.603102	0.130300	0.559725	0.091400	0.522716	0.027100	0.490519	0.000000	0.504159	0.000000	0.499688	0.000000	0.431107	0.000000	0.362298	0.000000	0.308127	0.000000	0.251727	0.000000	0.548783	1.405210	1.291290	0.000000	0.000000	0.392331	1.584580	0.759910	0.569902	0.000000	4.544420	7.152460	5.136100	303.201000	41.056200	31.359400	0.000000	11.016300	36.087600	0.352480	0.613038	0.616468	0.666702	0.859897	
   33	92.040000	89.960000	90.070000	83.820000	85.360000	89.890000	104.140000	121.540000	124.080000	118.040000	99.880000	93.320000	91.390000	90.100000	92.400000	109.640000	120.940000	135.240000	160.540000	151.520000	123.000000	118.280000	118.280000	109.640000	14.880000	14.640000	14.560000	19.000000	18.240000	16.000000	10.320000	17.840000	27.000000	14.000000	14.000000	26.720000	21.120000	22.000000	20.680000	32.760000	16.280000	55.960000	43.520000	25.920000	10.720000	12.000000	16.800000	14.000000	93.090000	89.720000	88.190000	82.140000	83.160000	86.400000	99.140000	115.460000	121.080000	113.040000	99.890000	93.040000	91.390000	87.100000	89.400000	106.600000	120.270000	132.640000	170.000000	157.850000	127.240000	121.650000	118.280000	107.810000	93.670000	71.023100	67.145200	61.465600	39.179800	31.763400	79.315000	101.140000	103.342000	83.343500	60.433900	62.582800	75.699800	89.847900	87.556400	85.453200	101.947000	115.569000	126.798000	113.858000	106.029000	109.432000	74.615800	55.758800	0.547000	0.000000	0.456623	0.000000	0.537228	0.000000	0.544192	0.000000	0.541268	0.000000	0.560079	0.000000	0.581381	0.000000	0.578986	0.007500	0.560177	0.079200	0.536506	0.251000	90.640000	54.930900	47.220500	41.710300	42.677800	64.689000	62.437700	124.082000	126.052000	120.919000	130.618000	124.535000	0.560449	1.307800	0.638403	0.839400	0.558307	0.064400	0.560190	0.187200	0.593308	0.171300	0.578980	0.209500	0.545135	0.011800	0.512348	0.000000	0.517919	0.000000	0.512982	0.000000	0.450986	0.000000	0.379790	0.000000	0.334393	0.000000	0.263442	0.000000	0.548783	1.155360	1.403280	0.000000	0.000000	1.043820	0.911102	0.748691	0.055559	0.000000	11.820700	12.062200	7.843210	305.347000	18.827400	22.275000	18.701700	12.555700	63.288600	0.000000	0.708867	0.543439	0.365247	0.115818	
   34	92.040000	89.960000	90.070000	83.820000	85.360000	89.890000	104.140000	121.540000	124.080000	118.040000	99.880000	93.320000	91.390000	90.100000	92.400000	109.640000	120.940000	135.240000	160.540000	151.520000	123.000000	118.280000	118.280000	109.640000	14.880000	14.640000	14.560000	19.000000	18.240000	16.000000	10.320000	17.840000	27.000000	14.000000	14.000000	26.720000	21.120000	22.000000	20.680000	32.760000	16.280000	55.960000	43.520000	25.920000	10.720000	12.000000	16.800000	14.000000	93.090000	89.720000	88.190000	82.140000	83.160000	86.400000	99.140000	115.460000	121.080000	113.040000	99.890000	93.040000	91.390000	87.100000	89.400000	106.600000	120.270000	132.640000	170.000000	157.850000	127.240000	121.650000	118.280000	107.810000	93.670000	66.404100	67.550500	58.796600	30.083000	42.557900	75.438200	96.950300	93.796500	82.207600	60.906000	59.444200	79.332800	85.772900	85.909700	92.022200	101.087000	122.565000	123.122000	122.170000	103.171000	119.482000	74.146700	70.855400	0.547000	0.000000	0.470230	0.000000	0.512005	0.000000	0.592717	0.000000	0.623113	0.000000	0.589326	0.000000	0.581599	0.000000	0.589366	0.005100	0.541318	0.120300	0.573668	0.192700	90.640000	46.759200	38.195300	30.414200	32.309700	58.029000	91.384800	129.690000	126.575000	107.079000	129.244000	112.552000	0.566754	0.586100	0.536281	0.569900	0.551528	0.496300	0.500739	0.419400	0.557607	0.240200	0.546758	0.027000	0.522468	0.037500	0.505885	0.000000	0.520725	0.000000	0.489739	0.000000	0.403504	0.000000	0.302080	0.000000	0.299356	0.000000	0.249595	0.000000	0.548783	1.917790	1.149950	0.000000	0.156293	0.623241	1.796410	1.075220	0.608199	0.000000	4.505430	14.969900	0.382964	196.089000	49.407600	30.364500	0.000000	12.250600	56.888900	0.593588	0.828114	0.790230	0.932745	1.050700	
   35	92.040000	89.960000	90.070000	83.820000	85.360000	89.890000	104.140000	121.540000	124.080000	118.040000	99.880000	93.320000	91.390000	90.100000	92.400000	109.640000	120.940000	135.240000	160.540000	151.520000	123.000000	118.280000	118.280000	109.640000	14.880000	14.640000	14.560000	19.000000	18.240000	16.000000	10.320000	17.840000	27.000000	14.000000	14.000000	26.720000	21.120000	22.000000	20.680000	32.760000	16.280000	55.960000	43.520000	25.920000	10.720000	12.000000	16.800000	14.000000	93.090000	89.720000	88.190000	82.140000	83.160000	86.400000	99.140000	115.460000	121.080000	113.040000	99.890000	93.040000	91.390000	87.100000	89.400000	106.600000	120.270000	132.640000	170.000000	157.850000	127.240000	121.650000	118.280000	107.810000	93.670000	68.080400	68.905500	61.038500	42.870100	35.077400	78.198600	108.437000	100.839000	80.561600	72.055900	63.900900	74.162900	92.042800	85.432500	95.283900	100.575000	112.064000	131.950000	147.130000	109.833000	107.295000	80.921800	74.493300	0.547000	0.000000	0.454112	0.000000	0.428918	0.000000	0.486183	0.000000	0.520738	0.000000	0.534647	0.000000	0.532202	0.000000	0.476632	0.083600	0.610204	0.159700	0.584958	0.364800	90.640000	53.726900	65.666800	63.511000	64.675300	79.697800	69.216800	109.986000	110.005000	98.012500	113.171000	100.348000	0.477670	0.377100	0.580487	0.494300	0.616375	0.141900	0.519317	0.152500	0.538289	0.071700	0.546758	0.078400	0.511179	0.026900	0.488232	0.000000	0.515222	0.000000	0.491325	0.000000	0.427802	0.000000	0.344532	0.000000	0.244667	0.000000	0.156257	0.000000	0.548783	1.535420	1.398740	0.000000	0.000000	0.360909	1.803530	0.786988	0.508465	0.000000	23.080400	10.657500	1.724250	323.470000	46.067600	29.842000	0.322801	10.407900	9.858440	0.613290	0.748061	0.949394	0.754646	1.145800	
   36	92.040000	89.960000	90.070000	83.820000	85.360000	89.890000	104.140000	121.540000	124.080000	118.040000	99.880000	93.320000	91.390000	90.100000	92.400000	109.640000	120.940000	135.240000	160.540000	151.520000	123.000000	118.280000	118.280000	109.640000	14.880000	14.640000	14.560000	19.000000	18.240000	16.000000	10.320000	17.840000	27.000000	14.000000	14.000000	26.720000	21.120000	22.000000	20.680000	32.760000	16.280000	55.960000	43.520000	25.920000	10.720000	12.000000	16.800000	14.000000	93.090000	89.720000	88.190000	82.140000	83.160000	86.400000	99.140000	115.460000	121.080000	113.040000	99.890000	93.040000	91.390000	87.100000	89.400000	106.600000	120.270000	132.640000	170.000000	157.850000	127.240000	121.650000	118.280000	107.810000	93.670000	68.080400	68.905500	61.038500	42.870100	35.077400	78.198600	108.437000	100.839000	80.561600	72.055900	63.900900	74.162900	92.042800	85.432500	95.283900	100.575000	112.064000	131.950000	147.130000	109.833000	107.295000	80.921800	74.493300	0.547000	0.000000	0.454112	0.000000	0.485207	0.000000	0.543022	0.000000	0.557582	0.000000	0.515137	0.000000	0.454420	0.000000	0.413215	0.077800	0.431799	0.066500	0.433685	0.121100	90.640000	45.615100	42.532600	37.047100	38.349300	70.923700	97.239400	124.478000	111.625000	115.306000	116.425000	107.805000	0.430954	0.114900	0.436958	0.052600	0.435452	0.061000	0.427446	0.079700	0.430967	0.058700	0.420145	0.047400	0.380761	0.023300	0.353877	0.000000	0.375024	0.000000	0.398575	0.000000	0.382671	0.000000	0.345348	0.000000	0.211054	0.000000	0.170919	0.000000	0.548783	1.882590	2.307690	0.779114	7.144280	10.693500	0.597977	0.682006	0.000000	0.747095	0.000000	0.000000	0.000000	453.841000	64.717500	26.580000	6.549540	3.348470	61.961500	0.000000	0.639315	0.855178	0.637598	0.724045	
   37	92.040000	89.960000	90.070000	83.820000	85.360000	89.890000	104.140000	121.540000	124.080000	118.040000	99.880000	93.320000	91.390000	90.100000	92.400000	109.640000	120.940000	135.240000	160.540000	151.520000	123.000000	118.280000	118.280000	109.640000	14.880000	14.640000	14.560000	19.000000	18.240000	16.000000	10.320000	17.840000	27.000000	14.000000	14.000000	26.720000	21.120000	22.000000	20.680000	32.760000	16.280000	55.960000	43.520000	25.920000	10.720000	12.000000	16.800000	14.000000	93.090000	89.720000	88.190000	82.140000	83.160000	86.400000	99.140000	115.460000	121.080000	113.040000	99.890000	93.040000	91.390000	87.100000	89.400000	106.600000	120.270000	132.640000	170.000000	157.850000	127.240000	121.650000	118.280000	107.810000	93.670000	61.934400	63.400600	57.723600	38.109100	25.763900	68.917700	88.852500	89.588200	83.428800	60.147200	76.063500	74.162900	92.042800	85.432500	90.630500	101.437000	121.713000	122.514000	125.523000	105.974000	88.340500	74.614700	63.942700	0.547000	0.000000	0.512466	0.000000	0.801385	0.000000	1.019920	0.000000	1.086740	0.000000	1.108930	0.000000	1.147410	0.000000	1.122660	0.052800	1.075980	0.529300	1.021930	0.174900	90.640000	50.111900	48.075600	42.572200	49.725200	77.138600	101.750000	134.263000	140.106000	119.014000	130.484000	127.763000	1.001080	0.252300	0.992360	0.356700	0.979529	0.186400	0.959878	0.229100	0.937662	0.269600	0.920580	0.018300	0.882867	0.009700	0.833509	0.000000	0.788407	0.000000	0.724008	0.000000	0.600533	0.000000	0.438471	0.000000	0.216596	0.000000	0.138270	0.000000	0.548783	2.148450	2.269270	1.237130	1.643700	2.532110	3.017540	2.398880	0.159103	0.000000	16.892200	1.354230	0.000000	430.596000	56.161200	21.687700	8.786580	10.249600	579.809000	2.142950	0.397539	0.777350	0.586197	0.518537	
   38	92.040000	89.960000	90.070000	83.820000	85.360000	89.890000	104.140000	121.540000	124.080000	118.040000	99.880000	93.320000	91.390000	90.100000	92.400000	109.640000	120.940000	135.240000	160.540000	151.520000	123.000000	118.280000	118.280000	109.640000	14.880000	14.640000	14.560000	19.000000	18.240000	16.000000	10.320000	17.840000	27.000000	14.000000	14.000000	26.720000	21.120000	22.000000	20.680000	32.760000	16.280000	55.960000	43.520000	25.920000	10.720000	12.000000	16.800000	14.000000	93.090000	89.720000	88.190000	82.140000	83.160000	86.400000	99.140000	115.460000	121.080000	113.040000	99.890000	93.040000	91.390000	87.100000	89.400000	106.600000	120.270000	132.640000	170.000000	157.850000	127.240000	121.650000	118.280000	107.810000	93.670000	61.934400	63.400600	57.723600	38.109100	25.763900	68.917700	88.852500	89.588200	83.428800	60.147200	76.063500	74.162900	92.042800	85.432500	90.630500	101.437000	121.713000	122.514000	125.523000	105.974000	88.340500	74.614700	63.942700	0.547000	0.000000	0.512466	0.000000	0.612201	0.000000	0.702490	0.000000	0.716073	0.000000	0.723654	0.000000	0.730187	0.000000	0.688452	0.019700	0.673033	0.104400	0.647980	0.130300	90.640000	56.682000	48.075600	42.572200	49.725200	62.661400	104.746000	113.904000	107.514000	109.386000	120.205000	110.575000	0.633096	0.613900	0.622267	0.161900	0.619870	0.044400	0.630906	0.061100	0.634941	0.026200	0.613820	0.025800	0.585172	0.016600	0.735145	0.000000	0.718360	0.000000	0.668368	0.000000	0.589426	0.000000	0.501477	0.000000	0.427153	0.000000	0.356601	0.000000	0.548783	0.183723	0.454860	0.000000	0.000000	0.000000	0.622110	0.270018	0.274807	0.000000	0.000000	11.226500	32.133500	341.454000	168.133000	60.917800	12.289100	11.022500	42.279000	0.000000	1.033200	0.601120	0.611407	0.936873	
   39	92.040000	89.960000	90.070000	83.820000	85.360000	89.890000	104.140000	121.540000	124.080000	118.040000	99.880000	93.320000	91.390000	90.100000	92.400000	109.640000	120.940000	135.240000	160.540000	151.520000	123.000000	118.280000	118.280000	109.640000	14.880000	14.640000	14.560000	19.000000	18.240000	16.000000	10.320000	17.840000	27.000000	14.000000	14.000000	26.720000	21.120000	22.000000	20.680000	32.760000	16.280000	55.960000	43.520000	25.920000	10.720000	12.000000	16.800000	14.000000	93.090000	89.720000	88.190000	82.140000	83.160000	86.400000	99.140000	115.460000	121.080000	113.040000	99.890000	93.040000	91.390000	87.100000	89.400000	106.600000	120.270000	132.640000	170.000000	157.850000	127.240000	121.650000	118.280000	107.810000	93.670000	68.080400	68.905500	61.038500	42.870100	35.077400	78.198600	108.437000	100.839000	80.561600	72.055900	63.900900	74.162900	92.042800	85.432500	95.283900	100.575000	112.064000	131.950000	147.130000	109.833000	107.295000	80.921800	74.493300	0.547000	0.000000	0.454112	0.000000	0.556748	0.000000	0.619194	0.000000	0.582863	0.000000	0.555035	0.000000	0.550278	0.000000	0.545343	0.043300	0.537909	0.080800	0.575633	0.547300	90.640000	50.111900	51.530300	47.304800	50.068400	77.064400	85.387900	108.306000	123.180000	123.179000	125.741000	109.112000	0.508612	0.360500	0.527459	0.225900	0.514571	0.740700	0.491684	0.357100	0.492178	0.115200	0.463176	0.037400	0.683921	0.014800	0.670367	0.000000	0.595115	0.000000	0.612592	0.000000	0.527919	0.000000	0.438671	0.000000	0.368736	0.000000	0.324069	0.000000	0.548783	1.581330	1.741790	0.000000	0.000000	0.485968	1.354490	0.368100	0.312753	0.507533	29.720800	12.280400	0.000000	253.773000	44.887600	10.890500	11.307500	11.663300	0.000000	0.968003	0.697228	0.459819	0.492300	0.555075	
   40	92.040000	89.960000	90.070000	83.820000	85.360000	89.890000	104.140000	121.540000	124.080000	118.040000	99.880000	93.320000	91.390000	90.100000	92.400000	109.640000	120.940000	135.240000	160.540000	151.520000	123.000000	118.280000	118.280000	109.640000	14.880000	14.640000	14.560000	19.000000	18.240000	16.000000	10.320000	17.840000	27.000000	14.000000	14.000000	26.720000	21.120000	22.000000	20.680000	32.760000	16.280000	55.960000	43.520000	25.920000	10.720000	12.000000	16.800000	14.000000	93.090000	89.720000	88.190000	82.140000	83.160000	86.400000	99.140000	115.460000	121.080000	113.040000	99.890000	93.040000	91.390000	87.100000	89.400000	106.600000	120.270000	132.640000	170.000000	157.850000	127.240000	121.650000	118.280000	107.810000	93.670000	68.352800	70.402000	61.169500	42.225000	30.122500	78.693800	101.332000	101.201000	91.809900	77.544800	61.704300	77.129900	83.167500	86.047000	94.210700	100.817000	122.914000	119.855000	127.923000	103.807000	103.414000	74.390700	68.504600	0.547000	0.000000	0.448613	0.000000	0.523177	0.000000	0.585191	0.000000	0.620404	0.000000	0.607658	0.000000	0.626590	0.000000	0.566014	0.027600	0.579687	0.150100	0.576469	0.370100	90.640000	48.802100	42.425700	43.859300	40.744300	71.836000	93.248700	125.082000	115.125000	102.991000	122.781000	113.913000	0.556405	0.554200	0.510453	0.412600	0.556145	0.288100	0.488656	0.336200	0.603102	0.130300	0.559725	0.091400	0.522716	0.027100	0.490519	0.000000	0.504159	0.000000	0.499688	0.000000	0.431107	0.000000	0.362298	0.000000	0.308127	0.000000	0.251727	0.000000	0.548783	1.405210	1.291290	0.000000	0.000000	0.392331	1.584580	0.759910	0.569902	0.000000	4.544420	7.152460	5.136100	303.201000	41.056200	31.359400	0.000000	11.016300	36.087600	0.352480	0.613038	0.616468	0.666702	0.859897	
   41	92.040000	89.960000	90.070000	83.820000	85.360000	89.890000	104.140000	121.540000	124.080000	118.040000	99.880000	93.320000	91.390000	90.100000	92.400000	109.640000	120.940000	135.240000	160.540000	151.520000	123.000000	118.280000	118.280000	109.640000	14.880000	14.640000	14.560000	19.000000	18.240000	16.000000	10.320000	17.840000	27.000000	14.000000	14.000000	26.720000	21.120000	22.000000	20.680000	32.760000	16.280000	55.960000	43.520000	25.920000	10.720000	12.000000	16.800000	14.000000	93.090000	89.720000	88.190000	82.140000	83.160000	86.400000	99.140000	115.460000	121.080000	113.040000	99.890000	93.040000	91.390000	87.100000	89.400000	106.600000	120.270000	132.640000	170.000000	157.850000	127.240000	121.650000	118.280000	107.810000	93.670000	71.023100	67.145200	61.465600	39.179800	31.763400	79.315000	101.140000	103.342000	83.343500	60.433900	62.582800	75.699800	89.847900	87.556400	85.453200	101.947000	115.569000	126.798000	113.858000	106.029000	109.432000	74.615800	55.758800	0.547000	0.000000	0.456623	0.000000	0.537228	0.000000	0.544192	0.000000	0.541268	0.000000	0.560079	0.000000	0.581381	0.000000	0.578986	0.007500	0.560177	0.079200	0.536506	0.251000	90.640000	54.930900	47.220500	41.710300	42.677800	64.689000	62.437700	124.082000	126.052000	120.919000	130.618000	124.535000	0.560449	1.307800	0.638403	0.839400	0.558307	0.064400	0.560190	0.187200	0.593308	0.171300	0.578980	0.209500	0.545135	0.011800	0.512348	0.000000	0.517919	0.000000	0.512982	0.000000	0.450986	0.000000	0.379790	0.000000	0.334393	0.000000	0.263442	0.000000	0.548783	1.155360	1.403280	0.000000	0.000000	1.043820	0.911102	0.748691	0.055559	0.000000	11.820700	12.062200	7.843210	305.347000	18.827400	22.275000	18.701700	12.555700	63.288600	0.000000	0.708867	0.543439	0.365247	0.115818	
   42	92.040000	89.960000	90.070000	83.820000	85.360000	89.890000	104.140000	121.540000	124.080000	118.040000	99.880000	93.320000	91.390000	90.100000	92.400000	109.640000	120.940000	135.240000	160.540000	151.520000	123.000000	118.280000	118.280000	109.640000	14.880000	14.640000	14.560000	19.000000	18.240000	16.000000	10.320000	17.840000	27.000000	14.000000	14.000000	26.720000	21.120000	22.000000	20.680000	32.760000	16.280000	55.960000	43.520000	25.920000	10.720000	12.000000	16.800000	14.000000	93.090000	89.720000	88.190000	82.140000	83.160000	86.400000	99.140000	115.460000	121.080000	113.040000	99.890000	93.040000	91.390000	87.100000	89.400000	106.600000	120.270000	132.640000	170.000000	157.850000	127.240000	121.650000	118.280000	107.810000	93.670000	68.080400	68.905500	61.038500	42.870100	35.077400	78.198600	108.437000	100.839000	80.561600	72.055900	63.900900	74.162900	92.042800	85.432500	90.630500	101.437000	121.713000	122.514000	125.523000	105.974000	88.340500	74.614700	64.133200	0.547000	0.000000	0.442452	0.000000	0.500137	0.000000	0.562006	0.000000	0.569973	0.000000	0.579054	0.000000	0.581725	0.000000	0.566129	0.027900	0.549608	0.126800	0.542049	0.405000	90.640000	50.554000	40.263300	41.269200	44.447400	85.011100	101.629000	143.470000	121.698000	117.814000	127.093000	116.110000	0.502933	0.667900	0.535810	0.362300	0.529983	0.188600	0.549430	0.166400	0.542140	0.173200	0.553043	0.060400	0.527155	0.035200	0.532351	0.000000	0.571066	0.000000	0.560496	0.000000	0.525778	0.000000	0.455669	0.000000	0.368440	0.000000	0.336340	0.000000	0.548783	0.811168	0.782864	0.000000	0.000000	0.512418	1.132110	0.986016	0.415495	0.000000	8.344380	22.610100	5.674860	246.588000	59.547100	13.839900	2.220940	11.561200	15.936300	0.466018	0.675424	0.699539	0.617228	0.721197	
   43	92.040000	89.960000	90.070000	83.820000	85.360000	89.890000	104.140000	121.540000	124.080000	118.040000	99.880000	93.320000	91.390000	90.100000	92.400000	109.640000	120.940000	135.240000	160.540000	151.520000	123.000000	118.280000	118.280000	109.640000	14.880000	14.640000	14.560000	19.000000	18.240000	16.000000	10.320000	17.840000	27.000000	14.000000	14.000000	26.720000	21.120000	22.000000	20.680000	32.760000	16.280000	55.960000	43.520000	25.920000	10.720000	12.000000	16.800000	14.000000	93.090000	89.720000	88.190000	82.140000	83.160000	86.400000	99.140000	115.460000	121.080000	113.040000	99.890000	93.040000	91.390000	87.100000	89.400000	106.600000	120.270000	132.640000	170.000000	157.850000	127.240000	121.650000	118.280000	107.810000	93.670000	68.352800	70.402000	61.169500	42.225000	30.122500	78.693800	101.332000	101.201000	91.809900	77.544800	61.704300	77.129900	83.167500	86.047000	94.210700	100.817000	122.914000	119.855000	127.923000	103.807000	103.414000	74.390700	68.504600	0.547000	0.000000	0.448613	0.000000	0.523177	0.000000	0.585191	0.000000	0.620404	0.000000	0.607658	0.000000	0.626590	0.000000	0.566014	0.027600	0.579687	0.150100	0.576469	0.370100	90.640000	48.802100	42.425700	43.859300	40.744300	71.836000	93.248700	125.082000	115.125000	102.991000	122.781000	113.913000	0.556405	0.554200	0.510453	0.412600	0.556145	0.288100	0.488656	0.336200	0.603102	0.130300	0.559725	0.091400	0.522716	0.027100	0.490519	0.000000	0.504159	0.000000	0.499688	0.000000	0.431107	0.000000	0.362298	0.000000	0.308127	0.000000	0.251727	0.000000	0.548783	1.405210	1.291290	0.000000	0.000000	0.392331	1.584580	0.759910	0.569902	0.000000	4.544420	7.152460	5.136100	303.201000	41.056200	31.359400	0.000000	11.016300	36.087600	0.352480	0.613038	0.616468	0.666702	0.859897	
   44	92.040000	89.960000	90.070000	83.820000	85.360000	89.890000	104.140000	121.540000	124.080000	118.040000	99.880000	93.320000	91.390000	90.100000	92.400000	109.640000	120.940000	135.240000	160.540000	151.520000	123.000000	118.280000	118.280000	109.640000	14.880000	14.640000	14.560000	19.000000	18.240000	16.000000	10.320000	17.840000	27.000000	14.000000	14.000000	26.720000	21.120000	22.000000	20.680000	32.760000	16.280000	55.960000	43.520000	25.920000	10.720000	12.000000	16.800000	14.000000	93.090000	89.720000	88.190000	82.140000	83.160000	86.400000	99.140000	115.460000	121.080000	113.040000	99.890000	93.040000	91.390000	87.100000	89.400000	106.600000	120.270000	132.640000	170.000000	157.850000	127.240000	121.650000	118.280000	107.810000	93.670000	61.934400	63.400600	57.723600	38.109100	25.763900	68.917700	88.852500	89.588200	83.428800	60.147200	76.063500	74.162900	92.042800	85.432500	90.630500	101.437000	121.713000	122.514000	125.523000	105.974000	88.340500	74.614700	63.942700	0.547000	0.000000	0.413989	0.000000	0.419525	0.000000	0.445716	0.000000	0.446743	0.000000	0.437771	0.000000	0.423737	0.000000	0.406563	0.101900	0.414799	0.095000	0.427925	0.174900	90.640000	71.772600	74.263400	48.529700	70.840100	106.928000	100.445000	124.947000	128.417000	125.419000	130.159000	114.997000	0.460800	0.087900	0.463438	0.166400	0.459157	0.218200	0.496040	0.113300	0.545564	0.232800	0.544698	0.450300	0.582281	0.026300	0.536604	0.000000	0.542864	0.000000	0.512521	0.000000	0.437105	0.000000	0.362418	0.000000	0.314827	0.000000	0.249930	0.000000	0.548783	1.496920	1.539820	0.843160	0.055633	0.642443	1.609290	0.828807	0.410410	0.000000	3.375780	4.646280	5.577860	372.922000	52.057600	45.576900	0.680570	10.565800	13.804800	0.335824	0.662541	0.641246	0.697530	0.739813	
   45	92.040000	89.960000	90.070000	83.820000	85.360000	89.890000	104.140000	121.540000	124.080000	118.040000	99.880000	93.320000	91.390000	90.100000	92.400000	109.640000	120.940000	135.240000	160.540000	151.520000	123.000000	118.280000	118.280000	109.640000	14.880000	14.640000	14.560000	19.000000	18.240000	16.000000	10.320000	17.840000	27.000000	14.000000	14.000000	26.720000	21.120000	22.000000	20.680000	32.760000	16.280000	55.960000	43.520000	25.920000	10.720000	12.000000	16.800000	14.000000	93.090000	89.720000	88.190000	82.140000	83.160000	86.400000	99.140000	115.460000	121.080000	113.040000	99.890000	93.040000	91.390000	87.100000	89.400000	106.600000	120.270000	132.640000	170.000000	157.850000	127.240000	121.650000	118.280000	107.810000	93.670000	61.934400	63.400600	57.723600	38.109100	25.763900	68.917700	88.852500	89.588200	83.428800	60.147200	76.063500	74.162900	92.042800	85.432500	90.630500	101.437000	121.713000	122.514000	125.523000	105.974000	88.340500	74.614700	63.942700	0.547000	0.000000	0.470260	0.000000	0.576770	0.000000	0.652919	0.000000	0.662938	0.000000	0.643556	0.000000	0.669069	0.000000	0.677582	0.023900	0.645562	0.066800	0.577310	0.100800	90.640000	23.667400	24.007900	23.512100	37.024500	83.390000	105.637000	153.383000	130.671000	119.858000	135.483000	132.313000	0.517565	0.184900	0.484673	0.113900	0.471696	0.103400	0.468598	0.113900	0.468184	0.093400	0.457678	0.070800	0.828978	0.044100	0.762505	0.000000	0.725691	0.000000	0.671722	0.000000	0.591777	0.000000	0.548427	0.000000	0.522846	0.000000	0.494485	0.000000	0.548783	0.980458	0.769966	0.000000	0.000000	0.374464	1.938960	1.425600	0.054628	0.000000	1.408970	15.905800	5.627610	262.492000	50.359700	31.332200	10.617800	10.412200	64.069900	0.000000	0.664080	0.427750	0.957139	0.880033	
   46	92.040000	89.960000	90.070000	83.820000	85.360000	89.890000	104.140000	121.540000	124.080000	118.040000	99.880000	93.320000	91.390000	90.100000	92.400000	109.640000	120.940000	135.240000	160.540000	151.520000	123.000000	118.280000	118.280000	109.640000	14.880000	14.640000	14.560000	19.000000	18.240000	16.000000	10.320000	17.840000	27.000000	14.000000	14.000000	26.720000	21.120000	22.000000	20.680000	32.760000	16.280000	55.960000	43.520000	25.920000	10.720000	12.000000	16.800000	14.000000	93.090000	89.720000	88.190000	82.140000	83.160000	86.400000	99.140000	115.460000	121.080000	113.040000	99.890000	93.040000	91.390000	87.100000	89.400000	106.600000	120.270000	132.640000	170.000000	157.850000	127.240000	121.650000	118.280000	107.810000	93.670000	68.080400	68.905500	61.038500	42.870100	35.077400	78.198600	108.437000	100.839000	80.561600	72.055900	63.900900	74.162900	92.042800	85.432500	95.283900	100.575000	112.064000	131.950000	147.130000	109.833000	107.295000	80.921800	74.493300	0.547000	0.000000	0.454112	0.000000	0.495700	0.000000	0.516076	0.000000	0.560833	0.000000	0.579054	0.000000	0.581725	0.000000	0.610886	0.079700	0.609098	0.333000	0.524674	0.599300	90.640000	76.850200	35.372000	36.629400	37.132700	64.749300	79.740900	148.399000	137.400000	122.901000	136.018000	125.289000	0.507147	0.991400	0.535810	0.388700	0.571933	0.108900	0.581313	0.019800	0.548404	0.108600	0.406976	0.115400	0.393754	0.028200	0.404330	0.000000	0.449566	0.000000	0.449663	0.000000	0.391040	0.000000	0.286471	0.000000	0.212471	0.000000	0.176128	0.000000	0.548783	1.475990	1.422600	0.013787	0.000000	0.166687	1.587810	0.782569	0.183369	0.000000	10.253100	8.401060	0.000000	100.179000	72.351000	33.591600	0.000000	10.669400	45.187400	0.000000	0.692616	0.575148	0.763977	0.553975	
   47	92.040000	89.960000	90.070000	83.820000	85.360000	89.890000	104.140000	121.540000	124.080000	118.040000	99.880000	93.320000	91.390000	90.100000	92.400000	109.640000	120.940000	135.240000	160.540000	151.520000	123.000000	118.280000	118.280000	109.640000	14.880000	14.640000	14.560000	19.000000	18.240000	16.000000	10.320000	17.840000	27.000000	14.000000	14.000000	26.720000	21.120000	22.000000	20.680000	32.760000	16.280000	55.960000	43.520000	25.920000	10.720000	12.000000	16.800000	14.000000	93.090000	89.720000	88.190000	82.140000	83.160000	86.400000	99.140000	115.460000	121.080000	113.040000	99.890000	93.040000	91.390000	87.100000	89.400000	106.600000	120.270000	132.640000	170.000000	157.850000	127.240000	121.650000	118.280000	107.810000	93.670000	68.352800	70.402000	61.169500	42.225000	30.122500	78.693800	101.332000	101.201000	91.809900	77.544800	61.704300	77.129900	83.167500	86.047000	94.210700	100.817000	122.914000	119.855000	127.923000	103.807000	103.414000	74.390700	68.504600	0.547000	0.000000	0.448613	0.000000	0.523177	0.000000	0.585191	0.000000	0.620404	0.000000	0.607658	0.000000	0.626590	0.000000	0.566014	0.027600	0.579687	0.150100	0.576469	0.370100	90.640000	48.802100	42.425700	43.859300	40.744300	71.836000	93.248700	125.082000	115.125000	102.991000	122.781000	113.913000	0.556405	0.554200	0.510453	0.412600	0.556145	0.288100	0.488656	0.336200	0.603102	0.130300	0.559725	0.091400	0.522716	0.027100	0.490519	0.000000	0.504159	0.000000	0.499688	0.000000	0.431107	0.000000	0.362298	0.000000	0.308127	0.000000	0.251727	0.000000	0.548783	1.405210	1.291290	0.000000	0.000000	0.392331	1.584580	0.759910	0.569902	0.000000	4.544420	7.152460	5.136100	303.201000	41.056200	31.359400	0.000000	11.016300	36.087600	0.352480	0.613038	0.616468	0.666702	0.859897	
   48	92.040000	89.960000	90.070000	83.820000	85.360000	89.890000	104.140000	121.540000	124.080000	118.040000	99.880000	93.320000	91.390000	90.100000	92.400000	109.640000	120.940000	135.240000	160.540000	151.520000	123.000000	118.280000	118.280000	109.640000	14.880000	14.640000	14.560000	19.000000	18.240000	16.000000	10.320000	17.840000	27.000000	14.000000	14.000000	26.720000	21.120000	22.000000	20.680000	32.760000	16.280000	55.960000	43.520000	25.920000	10.720000	12.000000	16.800000	14.000000	93.090000	89.720000	88.190000	82.140000	83.160000	86.400000	99.140000	115.460000	121.080000	113.040000	99.890000	93.040000	91.390000	87.100000	89.400000	106.600000	120.270000	132.640000	170.000000	157.850000	127.240000	121.650000	118.280000	107.810000	93.670000	68.080400	68.905500	61.038500	42.870100	35.077400	78.198600	108.437000	100.839000	80.561600	72.055900	63.900900	74.162900	92.042800	85.432500	95.283900	100.575000	112.064000	131.950000	147.130000	109.833000	107.295000	80.921800	74.493300	0.547000	0.000000	0.454112	0.000000	0.521618	0.000000	0.605072	0.000000	0.657319	0.000000	0.677261	0.000000	0.674619	0.000000	0.664985	0.011200	0.627871	0.052200	0.578969	0.048500	90.640000	58.814300	57.895900	41.937400	46.266500	113.230000	130.454000	155.727000	138.062000	130.045000	142.256000	121.215000	0.551680	0.076500	0.553364	0.781400	0.208923	0.330100	0.253990	0.141700	0.317818	0.190700	0.386841	0.163600	0.457825	0.023200	0.500037	0.000000	0.526062	0.000000	0.529123	0.000000	0.458943	0.000000	0.367182	0.000000	0.285065	0.000000	0.194796	0.000000	0.548783	1.074740	1.050250	0.200895	0.000000	0.000000	1.360980	0.566966	0.336224	0.073368	0.000000	7.394410	3.164100	372.189000	48.125100	32.131300	0.000000	10.893200	0.000000	0.290032	0.686616	0.581713	0.589353	0.602246	
   49	92.040000	89.960000	90.070000	83.820000	85.360000	89.890000	104.140000	121.540000	124.080000	118.040000	99.880000	93.320000	91.390000	90.100000	92.400000	109.640000	120.940000	135.240000	160.540000	151.520000	123.000000	118.280000	118.280000	109.640000	14.880000	14.640000	14.560000	19.000000	18.240000	16.000000	10.320000	17.840000	27.000000	14.000000	14.000000	26.720000	21.120000	22.000000	20.680000	32.760000	16.280000	55.960000	43.520000	25.920000	10.720000	12.000000	16.800000	14.000000	93.090000	89.720000	88.190000	82.140000	83.160000	86.400000	99.140000	115.460000	121.080000	113.040000	99.890000	93.040000	91.390000	87.100000	89.400000	106.600000	120.270000	132.640000	170.000000	157.850000	127.240000	121.650000	118.280000	107.810000	93.670000	66.404100	67.550500	58.796600	30.083000	42.557900	75.438200	96.950300	93.796500	82.207600	60.906000	59.444200	79.332800	85.772900	85.909700	92.022200	101.087000	122.565000	123.122000	122.170000	103.171000	119.482000	74.146700	70.855400	0.547000	0.000000	0.470230	0.000000	0.512005	0.000000	0.592717	0.000000	0.623113	0.000000	0.589326	0.000000	0.581599	0.000000	0.589366	0.005100	0.541318	0.120300	0.573668	0.192700	90.640000	46.759200	38.195300	30.414200	32.309700	58.029000	91.384800	129.690000	126.575000	107.079000	129.244000	112.552000	0.566754	0.586100	0.536281	0.569900	0.551528	0.496300	0.500739	0.419400	0.557607	0.240200	0.546758	0.027000	0.522468	0.037500	0.505885	0.000000	0.520725	0.000000	0.489739	0.000000	0.403504	0.000000	0.302080	0.000000	0.299356	0.000000	0.249595	0.000000	0.548783	1.917790	1.149950	0.000000	0.156293	0.623241	1.796410	1.075220	0.608199	0.000000	4.505430	14.969900	0.382964	196.089000	49.407600	30.364500	0.000000	12.250600	56.888900	0.593588	0.828114	0.790230	0.932745	1.050700	
   50	92.040000	89.960000	90.070000	83.820000	85.360000	89.890000	104.140000	121.540000	124.080000	118.040000	99.880000	93.320000	91.390000	90.100000	92.400000	109.640000	120.940000	135.240000	160.540000	151.520000	123.000000	118.280000	118.280000	109.640000	14.880000	14.640000	14.560000	19.000000	18.240000	16.000000	10.320000	17.840000	27.000000	14.000000	14.000000	26.720000	21.120000	22.000000	20.680000	32.760000	16.280000	55.960000	43.520000	25.920000	10.720000	12.000000	16.800000	14.000000	93.090000	89.720000	88.190000	82.140000	83.160000	86.400000	99.140000	115.460000	121.080000	113.040000	99.890000	93.040000	91.390000	87.100000	89.400000	106.600000	120.270000	132.640000	170.000000	157.850000	127.240000	121.650000	118.280000	107.810000	93.670000	72.967100	78.850300	67.125100	48.122500	40.657600	80.749100	97.622900	91.741000	75.399600	56.805200	66.289600	79.107300	90.132500	91.011800	94.758900	104.691000	109.372000	116.611000	119.714000	105.093000	104.294000	74.798300	59.938800	0.547000	0.000000	0.468493	0.000000	0.516704	0.000000	0.569853	0.000000	0.605538	0.000000	0.593282	0.000000	0.583375	0.000000	0.541997	0.024400	0.534872	0.074000	0.531464	0.219900	90.640000	64.322000	49.242800	48.466900	48.269900	69.282600	81.726500	107.253000	110.940000	111.395000	120.235000	99.166800	0.406901	0.408000	0.402646	0.239400	0.411816	0.673700	0.425148	0.300500	0.441959	0.145600	0.445995	0.121500	0.448040	0.034600	0.476042	0.000000	0.566872	0.000000	0.562628	0.000000	0.525225	0.000000	0.436608	0.000000	0.348443	0.000000	0.286127	0.000000	0.548783	1.796820	1.865170	0.000000	0.000000	0.250823	2.294600	0.837369	0.574608	0.000000	0.000000	13.262600	3.227420	186.100000	56.571700	38.225600	0.000000	11.197200	0.000000	0.484379	0.691769	1.023740	0.639080	0.998757	
   51	92.040000	89.960000	90.070000	83.820000	85.360000	89.890000	104.140000	121.540000	124.080000	118.040000	99.880000	93.320000	91.390000	90.100000	92.400000	109.640000	120.940000	135.240000	160.540000	151.520000	123.000000	118.280000	118.280000	109.640000	14.880000	14.640000	14.560000	19.000000	18.240000	16.000000	10.320000	17.840000	27.000000	14.000000	14.000000	26.720000	21.120000	22.000000	20.680000	32.760000	16.280000	55.960000	43.520000	25.920000	10.720000	12.000000	16.800000	14.000000	93.090000	89.720000	88.190000	82.140000	83.160000	86.400000	99.140000	115.460000	121.080000	113.040000	99.890000	93.040000	91.390000	87.100000	89.400000	106.600000	120.270000	132.640000	170.000000	157.850000	127.240000	121.650000	118.280000	107.810000	93.670000	68.080400	68.905500	61.038500	42.870100	35.077400	78.198600	108.437000	100.839000	80.561600	72.055900	63.900900	74.162900	92.042800	85.432500	95.283900	100.575000	112.064000	131.950000	147.130000	109.833000	107.295000	80.921800	74.493300	0.547000	0.000000	0.454112	0.000000	0.428918	0.000000	0.486183	0.000000	0.520738	0.000000	0.534647	0.000000	0.532202	0.000000	0.476632	0.083600	0.610204	0.159700	0.584958	0.364800	90.640000	53.726900	65.666800	63.511000	64.675300	79.697800	69.216800	109.986000	110.005000	98.012500	113.171000	100.348000	0.477670	0.377100	0.580487	0.494300	0.616375	0.141900	0.519317	0.152500	0.538289	0.071700	0.546758	0.078400	0.511179	0.026900	0.488232	0.000000	0.515222	0.000000	0.491325	0.000000	0.427802	0.000000	0.344532	0.000000	0.244667	0.000000	0.156257	0.000000	0.548783	1.535420	1.398740	0.000000	0.000000	0.360909	1.803530	0.786988	0.508465	0.000000	23.080400	10.657500	1.724250	323.470000	46.067600	29.842000	0.322801	10.407900	9.858440	0.613290	0.748061	0.949394	0.754646	1.145800	
   52	92.040000	89.960000	90.070000	83.820000	85.360000	89.890000	104.140000	121.540000	124.080000	118.040000	99.880000	93.320000	91.390000	90.100000	92.400000	109.640000	120.940000	135.240000	160.540000	151.520000	123.000000	118.280000	118.280000	109.640000	14.880000	14.640000	14.560000	19.000000	18.240000	16.000000	10.320000	17.840000	27.000000	14.000000	14.000000	26.720000	21.120000	22.000000	20.680000	32.760000	16.280000	55.960000	43.520000	25.920000	10.720000	12.000000	16.800000	14.000000	93.090000	89.720000	88.190000	82.140000	83.160000	86.400000	99.140000	115.460000	121.080000	113.040000	99.890000	93.040000	91.390000	87.100000	89.400000	106.600000	120.270000	132.640000	170.000000	157.850000	127.240000	121.650000	118.280000	107.810000	93.670000	61.934400	63.400600	57.723600	38.109100	25.763900	68.917700	88.852500	89.588200	83.428800	60.147200	76.063500	74.162900	92.042800	85.432500	90.630500	101.437000	121.713000	122.514000	125.523000	105.974000	88.340500	74.614700	63.942700	0.547000	0.000000	0.456623	0.000000	0.479306	0.000000	0.481329	0.000000	0.492503	0.000000	0.531150	0.000000	0.585275	0.000000	0.578986	0.065700	0.560177	0.446100	0.511968	0.162100	90.640000	4.144580	0.024549	1.131080	6.438420	39.570500	56.246600	100.968000	125.748000	118.409000	122.415000	109.537000	0.572697	0.297100	0.592440	0.650300	0.617940	0.424000	0.635257	0.142500	0.639049	0.129500	0.612312	0.099900	0.557917	0.007700	0.536661	0.000000	0.544432	0.000000	0.502333	0.000000	0.409779	0.000000	0.345873	0.000000	0.301748	0.000000	0.263442	0.000000	0.548783	1.120050	0.836048	0.438718	0.262645	0.000000	1.012730	0.540110	0.103250	0.000000	10.427800	8.438250	0.000000	384.814000	64.192100	30.358800	0.000000	10.967800	39.470900	0.446835	0.659188	0.701358	0.618278	0.912939	
   53	92.040000	89.960000	90.070000	83.820000	85.360000	89.890000	104.140000	121.540000	124.080000	118.040000	99.880000	93.320000	91.390000	90.100000	92.400000	109.640000	120.940000	135.240000	160.540000	151.520000	123.000000	118.280000	118.280000	109.640000	14.880000	14.640000	14.560000	19.000000	18.240000	16.000000	10.320000	17.840000	27.000000	14.000000	14.000000	26.720000	21.120000	22.000000	20.680000	32.760000	16.280000	55.960000	43.520000	25.920000	10.720000	12.000000	16.800000	14.000000	93.090000	89.720000	88.190000	82.140000	83.160000	86.400000	99.140000	115.460000	121.080000	113.040000	99.890000	93.040000	91.390000	87.100000	89.400000	106.600000	120.270000	132.640000	170.000000	157.850000	127.240000	121.650000	118.280000	107.810000	93.670000	61.515300	68.795600	68.337200	47.877500	45.298800	74.180400	87.383400	100.863000	82.934900	78.625700	64.590500	76.772000	82.501100	87.373900	88.942700	101.428000	125.877000	125.805000	114.573000	105.639000	107.144000	74.295000	68.823000	0.547000	0.000000	0.418102	0.000000	0.468441	0.000000	0.513964	0.000000	0.516727	0.000000	0.508560	0.000000	0.516325	0.000000	0.490918	0.021000	0.564346	0.065800	0.549275	0.237000	90.640000	66.245900	62.031400	58.960400	65.569400	87.172600	100.309000	109.958000	123.075000	110.455000	119.888000	107.143000	0.539043	0.431500	0.475600	0.659200	0.547030	0.500900	0.486335	0.279900	0.556254	0.110700	0.493196	0.068500	0.525495	0.013700	0.510420	0.000000	0.504159	0.000000	0.512084	0.000000	0.455514	0.000000	0.379098	0.000000	0.311191	0.000000	0.253881	0.000000	0.548783	1.563680	1.782510	0.295977	0.000000	0.499890	1.873780	1.077020	0.222799	0.869327	0.546984	9.270630	11.088700	338.179000	20.252400	28.179400	10.688600	10.657400	23.302400	0.089933	0.525620	0.647014	0.621716	0.684237	
   54	92.040000	89.960000	90.070000	83.820000	85.360000	89.890000	104.140000	121.540000	124.080000	118.040000	99.880000	93.320000	91.390000	90.100000	92.400000	109.640000	120.940000	135.240000	160.540000	151.520000	123.000000	118.280000	118.280000	109.640000	14.880000	14.640000	14.560000	19.000000	18.240000	16.000000	10.320000	17.840000	27.000000	14.000000	14.000000	26.720000	21.120000	22.000000	20.680000	32.760000	16.280000	55.960000	43.520000	25.920000	10.720000	12.000000	16.800000	14.000000	93.090000	89.720000	88.190000	82.140000	83.160000	86.400000	99.140000	115.460000	121.080000	113.040000	99.890000	93.040000	91.390000	87.100000	89.400000	106.600000	120.270000	132.640000	170.000000	157.850000	127.240000	121.650000	118.280000	107.810000	93.670000	66.404100	67.550500	58.796600	30.083000	42.557900	75.438200	96.950300	93.796500	82.207600	60.906000	59.444200	79.332800	85.772900	85.909700	92.022200	101.087000	122.565000	123.122000	122.170000	103.171000	119.482000	74.146700	70.855400	0.547000	0.000000	0.470230	0.000000	0.512005	0.000000	0.592717	0.000000	0.623113	0.000000	0.589326	0.000000	0.581599	0.000000	0.589366	0.005100	0.541318	0.120300	0.573668	0.192700	90.640000	46.759200	38.195300	30.414200	32.309700	58.029000	91.384800	129.690000	126.575000	107.079000	129.244000	112.552000	0.566754	0.586100	0.536281	0.569900	0.551528	0.496300	0.500739	0.419400	0.557607	0.240200	0.546758	0.027000	0.522468	0.037500	0.505885	0.000000	0.520725	0.000000	0.489739	0.000000	0.403504	0.000000	0.302080	0.000000	0.299356	0.000000	0.249595	0.000000	0.548783	1.917790	1.149950	0.000000	0.156293	0.623241	1.796410	1.075220	0.608199	0.000000	4.505430	14.969900	0.382964	196.089000	49.407600	30.364500	0.000000	12.250600	56.888900	0.593588	0.828114	0.790230	0.932745	1.050700	
   55	92.040000	89.960000	90.070000	83.820000	85.360000	89.890000	104.140000	121.540000	124.080000	118.040000	99.880000	93.320000	91.390000	90.100000	92.400000	109.640000	120.940000	135.240000	160.540000	151.520000	123.000000	118.280000	118.280000	109.640000	14.880000	14.640000	14.560000	19.000000	18.240000	16.000000	10.320000	17.840000	27.000000	14.000000	14.000000	26.720000	21.120000	22.000000	20.680000	32.760000	16.280000	55.960000	43.520000	25.920000	10.720000	12.000000	16.800000	14.000000	93.090000	89.720000	88.190000	82.140000	83.160000	86.400000	99.140000	115.460000	121.080000	113.040000	99.890000	93.040000	91.390000	87.100000	89.400000	106.600000	120.270000	132.640000	170.000000	157.850000	127.240000	121.650000	118.280000	107.810000	93.670000	61.934400	63.400600	57.723600	38.109100	25.763900	68.917700	88.852500	89.588200	83.428800	60.147200	76.063500	74.162900	92.042800	85.432500	90.630500	101.437000	121.713000	122.514000	125.523000	105.974000	88.340500	74.614700	63.942700	0.547000	0.000000	0.501642	0.000000	0.571999	0.000000	0.652924	0.000000	0.636091	0.000000	0.592111	0.000000	0.637758	0.000000	0.624279	0.024200	0.569876	0.056800	0.491300	0.295800	90.640000	67.228500	60.063400	55.926400	56.479500	83.433800	109.722000	122.852000	125.474000	124.320000	132.624000	124.837000	0.460167	0.133300	0.481897	0.310600	0.512422	0.093100	0.532430	0.149300	0.543146	0.067600	0.251873	0.095600	0.189083	0.084000	0.173983	0.000000	0.208955	0.000000	0.271913	0.000000	0.290373	0.000000	0.245773	0.000000	0.226378	0.000000	0.251727	0.000000	0.548783	1.376970	1.165080	0.000000	0.304581	0.731763	1.479450	0.559972	0.367963	0.368128	11.433100	7.472720	21.005300	5472.200000	0.000000	34.617300	4.553490	13.108400	70.868100	0.235342	0.730795	0.725930	0.678276	0.961515	
   56	92.040000	89.960000	90.070000	83.820000	85.360000	89.890000	104.140000	121.540000	124.080000	118.040000	99.880000	93.320000	91.390000	90.100000	92.400000	109.640000	120.940000	135.240000	160.540000	151.520000	123.000000	118.280000	118.280000	109.640000	14.880000	14.640000	14.560000	19.000000	18.240000	16.000000	10.320000	17.840000	27.000000	14.000000	14.000000	26.720000	21.120000	22.000000	20.680000	32.760000	16.280000	55.960000	43.520000	25.920000	10.720000	12.000000	16.800000	14.000000	93.090000	89.720000	88.190000	82.140000	83.160000	86.400000	99.140000	115.460000	121.080000	113.040000	99.890000	93.040000	91.390000	87.100000	89.400000	106.600000	120.270000	132.640000	170.000000	157.850000	127.240000	121.650000	118.280000	107.810000	93.670000	72.967100	78.850300	67.125100	48.122500	40.657600	80.749100	97.622900	91.741000	75.399600	56.805200	66.289600	79.107300	90.132500	91.011800	94.758900	104.691000	109.372000	116.611000	119.714000	105.093000	104.294000	74.798300	59.938800	0.547000	0.000000	0.468493	0.000000	0.516704	0.000000	0.569853	0.000000	0.605538	0.000000	0.593282	0.000000	0.583375	0.000000	0.541997	0.024400	0.534872	0.074000	0.531464	0.219900	90.640000	64.322000	49.242800	48.466900	48.269900	69.282600	81.726500	107.253000	110.940000	111.395000	120.235000	99.166800	0.518211	1.211900	0.542647	1.435300	0.568871	0.986100	0.572668	0.281300	0.557999	0.263000	0.516819	0.047600	0.786473	0.028300	0.762514	0.000000	0.751040	0.000000	0.718101	0.000000	0.658999	0.000000	0.573922	0.000000	0.480618	0.000000	0.397055	0.000000	0.548783	1.287360	1.544200	0.026917	0.272148	0.267657	1.628770	0.758564	0.564800	0.000000	3.038640	8.221080	0.000000	266.808000	51.974200	30.503100	0.000000	11.054200	34.151900	0.138313	0.533461	0.774287	0.630462	0.677336	
   57	92.040000	89.960000	90.070000	83.820000	85.360000	89.890000	104.140000	121.540000	124.080000	118.040000	99.880000	93.320000	91.390000	90.100000	92.400000	109.640000	120.940000	135.240000	160.540000	151.520000	123.000000	118.280000	118.280000	109.640000	14.880000	14.640000	14.560000	19.000000	18.240000	16.000000	10.320000	17.840000	27.000000	14.000000	14.000000	26.720000	21.120000	22.000000	20.680000	32.760000	16.280000	55.960000	43.520000	25.920000	10.720000	12.000000	16.800000	14.000000	93.090000	89.720000	88.190000	82.140000	83.160000	86.400000	99.140000	115.460000	121.080000	113.040000	99.890000	93.040000	91.390000	87.100000	89.400000	106.600000	120.270000	132.640000	170.000000	157.850000	127.240000	121.650000	118.280000	107.810000	93.670000	68.352800	70.402000	61.169500	42.225000	30.122500	78.693800	101.332000	101.201000	91.809900	77.544800	61.704300	77.129900	83.167500	86.047000	94.210700	100.817000	122.914000	119.855000	127.923000	103.807000	103.414000	74.390700	68.504600	0.547000	0.000000	0.448613	0.000000	0.523177	0.000000	0.585191	0.000000	0.620404	0.000000	0.607658	0.000000	0.626590	0.000000	0.566014	0.027600	0.579687	0.150100	0.576469	0.370100	90.640000	48.802100	42.425700	43.859300	40.744300	71.836000	93.248700	125.082000	115.125000	102.991000	122.781000	113.913000	0.556405	0.554200	0.510453	0.412600	0.556145	0.288100	0.488656	0.336200	0.603102	0.130300	0.559725	0.091400	0.522716	0.027100	0.490519	0.000000	0.504159	0.000000	0.499688	0.000000	0.431107	0.000000	0.362298	0.000000	0.308127	0.000000	0.251727	0.000000	0.548783	1.405210	1.291290	0.000000	0.000000	0.392331	1.584580	0.759910	0.569902	0.000000	4.544420	7.152460	5.136100	303.201000	41.056200	31.359400	0.000000	11.016300	36.087600	0.352480	0.613038	0.616468	0.666702	0.859897	
   58	92.040000	89.960000	90.070000	83.820000	85.360000	89.890000	104.140000	121.540000	124.080000	118.040000	99.880000	93.320000	91.390000	90.100000	92.400000	109.640000	120.940000	135.240000	160.540000	151.520000	123.000000	118.280000	118.280000	109.640000	14.880000	14.640000	14.560000	19.000000	18.240000	16.000000	10.320000	17.840000	27.000000	14.000000	14.000000	26.720000	21.120000	22.000000	20.680000	32.760000	16.280000	55.960000	43.520000	25.920000	10.720000	12.000000	16.800000	14.000000	93.090000	89.720000	88.190000	82.140000	83.160000	86.400000	99.140000	115.460000	121.080000	113.040000	99.890000	93.040000	91.390000	87.100000	89.400000	106.600000	120.270000	132.640000	170.000000	157.850000	127.240000	121.650000	118.280000	107.810000	93.670000	68.352800	70.402000	61.169500	42.225000	30.122500	78.693800	101.332000	101.201000	91.809900	77.544800	61.704300	77.129900	83.167500	86.047000	94.210700	100.817000	122.914000	119.855000	127.923000	103.807000	103.414000	74.390700	68.504600	0.547000	0.000000	0.448613	0.000000	0.523177	0.000000	0.585191	0.000000	0.620404	0.000000	0.607658	0.000000	0.626590	0.000000	0.566014	0.027600	0.579687	0.150100	0.576469	0.370100	90.640000	48.802100	42.425700	43.859300	40.744300	71.836000	93.248700	125.082000	115.125000	102.991000	122.781000	113.913000	0.556405	0.554200	0.510453	0.412600	0.556145	0.288100	0.488656	0.336200	0.603102	0.130300	0.559725	0.091400	0.522716	0.027100	0.490519	0.000000	0.504159	0.000000	0.499688	0.000000	0.431107	0.000000	0.362298	0.000000	0.308127	0.000000	0.251727	0.000000	0.548783	1.405210	1.291290	0.000000	0.000000	0.392331	1.584580	0.759910	0.569902	0.000000	4.544420	7.152460	5.136100	303.201000	41.056200	31.359400	0.000000	11.016300	36.087600	0.352480	0.613038	0.616468	0.666702	0.859897	
   59	92.040000	89.960000	90.070000	83.820000	85.360000	89.890000	104.140000	121.540000	124.080000	118.040000	99.880000	93.320000	91.390000	90.100000	92.400000	109.640000	120.940000	135.240000	160.540000	151.520000	123.000000	118.280000	118.280000	109.640000	14.880000	14.640000	14.560000	19.000000	18.240000	16.000000	10.320000	17.840000	27.000000	14.000000	14.000000	26.720000	21.120000	22.000000	20.680000	32.760000	16.280000	55.960000	43.520000	25.920000	10.720000	12.000000	16.800000	14.000000	93.090000	89.720000	88.190000	82.140000	83.160000	86.400000	99.140000	115.460000	121.080000	113.040000	99.890000	93.040000	91.390000	87.100000	89.400000	106.600000	120.270000	132.640000	170.000000	157.850000	127.240000	121.650000	118.280000	107.810000	93.670000	68.352800	70.402000	61.169500	42.225000	30.122500	78.693800	101.332000	101.201000	91.809900	77.544800	61.704300	77.129900	83.167500	86.047000	94.210700	100.817000	122.914000	119.855000	127.923000	103.807000	103.414000	74.390700	68.504600	0.547000	0.000000	0.448613	0.000000	0.523177	0.000000	0.585191	0.000000	0.620404	0.000000	0.607658	0.000000	0.626590	0.000000	0.566014	0.027600	0.579687	0.150100	0.576469	0.370100	90.640000	48.802100	42.425700	43.859300	40.744300	71.836000	93.248700	125.082000	115.125000	102.991000	122.781000	113.913000	0.556405	0.554200	0.510453	0.412600	0.556145	0.288100	0.488656	0.336200	0.603102	0.130300	0.559725	0.091400	0.522716	0.027100	0.490519	0.000000	0.504159	0.000000	0.499688	0.000000	0.431107	0.000000	0.362298	0.000000	0.308127	0.000000	0.251727	0.000000	0.548783	1.405210	1.291290	0.000000	0.000000	0.392331	1.584580	0.759910	0.569902	0.000000	4.544420	7.152460	5.136100	303.201000	41.056200	31.359400	0.000000	11.016300	36.087600	0.352480	0.613038	0.616468	0.666702	0.859897	
   60	92.040000	89.960000	90.070000	83.820000	85.360000	89.890000	104.140000	121.540000	124.080000	118.040000	99.880000	93.320000	91.390000	90.100000	92.400000	109.640000	120.940000	135.240000	160.540000	151.520000	123.000000	118.280000	118.280000	109.640000	14.880000	14.640000	14.560000	19.000000	18.240000	16.000000	10.320000	17.840000	27.000000	14.000000	14.000000	26.720000	21.120000	22.000000	20.680000	32.760000	16.280000	55.960000	43.520000	25.920000	10.720000	12.000000	16.800000	14.000000	93.090000	89.720000	88.190000	82.140000	83.160000	86.400000	99.140000	115.460000	121.080000	113.040000	99.890000	93.040000	91.390000	87.100000	89.400000	106.600000	120.270000	132.640000	170.000000	157.850000	127.240000	121.650000	118.280000	107.810000	93.670000	66.404100	67.550500	58.796600	30.083000	42.557900	75.438200	96.950300	93.796500	82.207600	60.906000	59.444200	79.332800	85.772900	85.909700	92.022200	101.087000	122.565000	123.122000	122.170000	103.171000	119.482000	74.146700	70.855400	0.547000	0.000000	0.470230	0.000000	0.512005	0.000000	0.592717	0.000000	0.623113	0.000000	0.589326	0.000000	0.581599	0.000000	0.589366	0.005100	0.541318	0.120300	0.573668	0.192700	90.640000	46.759200	38.195300	30.414200	32.309700	58.029000	91.384800	129.690000	126.575000	107.079000	129.244000	112.552000	0.566754	0.586100	0.536281	0.569900	0.551528	0.496300	0.500739	0.419400	0.557607	0.240200	0.546758	0.027000	0.522468	0.037500	0.505885	0.000000	0.520725	0.000000	0.489739	0.000000	0.403504	0.000000	0.302080	0.000000	0.299356	0.000000	0.249595	0.000000	0.548783	1.917790	1.149950	0.000000	0.156293	0.623241	1.796410	1.075220	0.608199	0.000000	4.505430	14.969900	0.382964	196.089000	49.407600	30.364500	0.000000	12.250600	56.888900	0.593588	0.828114	0.790230	0.932745	1.050700	
   61	92.040000	89.960000	90.070000	83.820000	85.360000	89.890000	104.140000	121.540000	124.080000	118.040000	99.880000	93.320000	91.390000	90.100000	92.400000	109.640000	120.940000	135.240000	160.540000	151.520000	123.000000	118.280000	118.280000	109.640000	14.880000	14.640000	14.560000	19.000000	18.240000	16.000000	10.320000	17.840000	27.000000	14.000000	14.000000	26.720000	21.120000	22.000000	20.680000	32.760000	16.280000	55.960000	43.520000	25.920000	10.720000	12.000000	16.800000	14.000000	93.090000	89.720000	88.190000	82.140000	83.160000	86.400000	99.140000	115.460000	121.080000	113.040000	99.890000	93.040000	91.390000	87.100000	89.400000	106.600000	120.270000	132.640000	170.000000	157.850000	127.240000	121.650000	118.280000	107.810000	93.670000	61.934400	63.400600	57.723600	38.109100	25.763900	68.917700	88.852500	89.588200	83.428800	60.147200	76.063500	74.162900	92.042800	85.432500	90.630500	101.437000	121.713000	122.514000	125.523000	105.974000	88.340500	74.614700	63.942700	0.547000	0.000000	0.413989	0.000000	0.419525	0.000000	0.445716	0.000000	0.446743	0.000000	0.437771	0.000000	0.423737	0.000000	0.406563	0.101900	0.414799	0.095000	0.427925	0.174900	90.640000	45.615100	42.532600	37.047100	38.349300	70.923700	97.239400	124.478000	111.625000	115.306000	122.991000	140.892000	0.460800	0.728300	0.463438	1.034200	0.459157	0.520900	0.496040	0.258000	0.545564	0.107600	0.441801	0.229800	0.469243	0.040300	0.525578	0.000000	0.567015	0.000000	0.525019	0.000000	0.443645	0.000000	0.357139	0.000000	0.266457	0.000000	0.187755	0.000000	0.548783	1.496920	1.539820	0.843160	0.055633	0.642443	1.609290	0.828807	0.410410	0.000000	3.375780	4.646280	5.577860	372.922000	52.057600	40.505400	0.000000	9.815510	42.565900	0.000000	0.639092	0.738968	0.723000	0.880265	
   62	92.040000	89.960000	90.070000	83.820000	85.360000	89.890000	104.140000	121.540000	124.080000	118.040000	99.880000	93.320000	91.390000	90.100000	92.400000	109.640000	120.940000	135.240000	160.540000	151.520000	123.000000	118.280000	118.280000	109.640000	14.880000	14.640000	14.560000	19.000000	18.240000	16.000000	10.320000	17.840000	27.000000	14.000000	14.000000	26.720000	21.120000	22.000000	20.680000	32.760000	16.280000	55.960000	43.520000	25.920000	10.720000	12.000000	16.800000	14.000000	93.090000	89.720000	88.190000	82.140000	83.160000	86.400000	99.140000	115.460000	121.080000	113.040000	99.890000	93.040000	91.390000	87.100000	89.400000	106.600000	120.270000	132.640000	170.000000	157.850000	127.240000	121.650000	118.280000	107.810000	93.670000	68.080400	68.905500	61.038500	42.870100	35.077400	78.198600	108.437000	100.839000	80.561600	72.055900	63.900900	74.162900	92.042800	85.432500	95.283900	100.575000	112.064000	131.950000	147.130000	109.833000	107.295000	80.921800	74.493300	0.547000	0.000000	0.454112	0.000000	0.515164	0.000000	0.577093	0.000000	0.605538	0.000000	0.612410	0.000000	0.627759	0.000000	0.599790	0.012100	0.629075	0.240000	0.622863	0.199900	90.640000	63.435800	49.978900	53.065000	49.111000	83.638700	117.748000	84.327100	89.998100	88.040200	103.005000	95.636800	0.613924	0.930100	0.627223	0.385500	0.644001	0.522500	0.253990	0.325300	0.317818	0.121500	0.386841	0.105300	0.457825	0.024100	0.500037	0.000000	0.526062	0.000000	0.529123	0.000000	0.458943	0.000000	0.367182	0.000000	0.285065	0.000000	0.194796	0.000000	0.548783	1.330970	1.305670	0.000000	0.000000	0.660212	1.719220	0.689160	0.356317	9.694800	14.156300	6.921740	0.000000	372.189000	48.125100	32.131300	0.000000	10.893200	0.000000	0.290032	0.686616	0.581713	0.589353	0.602246	
   63	92.040000	89.960000	90.070000	83.820000	85.360000	89.890000	104.140000	121.540000	124.080000	118.040000	99.880000	93.320000	91.390000	90.100000	92.400000	109.640000	120.940000	135.240000	160.540000	151.520000	123.000000	118.280000	118.280000	109.640000	14.880000	14.640000	14.560000	19.000000	18.240000	16.000000	10.320000	17.840000	27.000000	14.000000	14.000000	26.720000	21.120000	22.000000	20.680000	32.760000	16.280000	55.960000	43.520000	25.920000	10.720000	12.000000	16.800000	14.000000	93.090000	89.720000	88.190000	82.140000	83.160000	86.400000	99.140000	115.460000	121.080000	113.040000	99.890000	93.040000	91.390000	87.100000	89.400000	106.600000	120.270000	132.640000	170.000000	157.850000	127.240000	121.650000	118.280000	107.810000	93.670000	61.515300	68.795600	68.337200	47.877500	45.298800	74.180400	87.383400	100.863000	82.934900	78.625700	64.590500	76.772000	82.501100	87.373900	88.942700	101.428000	125.877000	125.805000	114.573000	105.639000	107.144000	74.295000	68.823000	0.547000	0.000000	0.418102	0.000000	0.468441	0.000000	0.513964	0.000000	0.516727	0.000000	0.508560	0.000000	0.516325	0.000000	0.490918	0.021000	0.564346	0.065800	0.549275	0.237000	90.640000	66.245900	62.031400	58.960400	65.569400	87.172600	100.309000	109.958000	123.075000	110.455000	119.888000	107.143000	0.539043	0.431500	0.475600	0.659200	0.547030	0.500900	0.486335	0.279900	0.556254	0.110700	0.493196	0.068500	0.525495	0.013700	0.510420	0.000000	0.504159	0.000000	0.512084	0.000000	0.455514	0.000000	0.379098	0.000000	0.311191	0.000000	0.253881	0.000000	0.548783	1.563680	1.782510	0.295977	0.000000	0.499890	1.873780	1.077020	0.222799	0.869327	0.546984	9.270630	11.088700	338.179000	20.252400	28.179400	10.688600	10.657400	23.302400	0.089933	0.525620	0.647014	0.621716	0.684237	
   64	92.040000	89.960000	90.070000	83.820000	85.360000	89.890000	104.140000	121.540000	124.080000	118.040000	99.880000	93.320000	91.390000	90.100000	92.400000	109.640000	120.940000	135.240000	160.540000	151.520000	123.000000	118.280000	118.280000	109.640000	14.880000	14.640000	14.560000	19.000000	18.240000	16.000000	10.320000	17.840000	27.000000	14.000000	14.000000	26.720000	21.120000	22.000000	20.680000	32.760000	16.280000	55.960000	43.520000	25.920000	10.720000	12.000000	16.800000	14.000000	93.090000	89.720000	88.190000	82.140000	83.160000	86.400000	99.140000	115.460000	121.080000	113.040000	99.890000	93.040000	91.390000	87.100000	89.400000	106.600000	120.270000	132.640000	170.000000	157.850000	127.240000	121.650000	118.280000	107.810000	93.670000	68.352800	70.402000	61.169500	42.225000	30.122500	78.693800	101.332000	101.201000	91.809900	77.544800	61.704300	77.129900	83.167500	86.047000	94.210700	100.817000	122.914000	119.855000	127.923000	103.807000	103.414000	74.390700	68.504600	0.547000	0.000000	0.448613	0.000000	0.523177	0.000000	0.585191	0.000000	0.620404	0.000000	0.607658	0.000000	0.626590	0.000000	0.566014	0.027600	0.579687	0.150100	0.576469	0.370100	90.640000	48.802100	42.425700	43.859300	40.744300	71.836000	93.248700	125.082000	115.125000	102.991000	122.781000	113.913000	0.556405	0.554200	0.510453	0.412600	0.556145	0.288100	0.488656	0.336200	0.603102	0.130300	0.559725	0.091400	0.522716	0.027100	0.490519	0.000000	0.504159	0.000000	0.499688	0.000000	0.431107	0.000000	0.362298	0.000000	0.308127	0.000000	0.251727	0.000000	0.548783	1.405210	1.291290	0.000000	0.000000	0.392331	1.584580	0.759910	0.569902	0.000000	4.544420	7.152460	5.136100	303.201000	41.056200	31.359400	0.000000	11.016300	36.087600	0.352480	0.613038	0.616468	0.666702	0.859897	
   65	92.040000	89.960000	90.070000	83.820000	85.360000	89.890000	104.140000	121.540000	124.080000	118.040000	99.880000	93.320000	91.390000	90.100000	92.400000	109.640000	120.940000	135.240000	160.540000	151.520000	123.000000	118.280000	118.280000	109.640000	14.880000	14.640000	14.560000	19.000000	18.240000	16.000000	10.320000	17.840000	27.000000	14.000000	14.000000	26.720000	21.120000	22.000000	20.680000	32.760000	16.280000	55.960000	43.520000	25.920000	10.720000	12.000000	16.800000	14.000000	93.090000	89.720000	88.190000	82.140000	83.160000	86.400000	99.140000	115.460000	121.080000	113.040000	99.890000	93.040000	91.390000	87.100000	89.400000	106.600000	120.270000	132.640000	170.000000	157.850000	127.240000	121.650000	118.280000	107.810000	93.670000	61.934400	63.400600	57.723600	38.109100	25.763900	68.917700	88.852500	89.588200	83.428800	60.147200	76.063500	74.162900	92.042800	85.432500	90.630500	101.437000	121.713000	122.514000	125.523000	105.974000	88.340500	74.614700	63.942700	0.547000	0.000000	0.438739	0.000000	0.612201	0.000000	0.702490	0.000000	0.716073	0.000000	0.723654	0.000000	0.730187	0.000000	0.688452	0.064700	0.673033	0.058000	0.647980	0.304700	90.640000	23.667400	24.007900	23.512100	24.649900	52.123000	72.336000	124.309000	132.104000	116.066000	127.407000	110.480000	0.633096	0.275700	0.622267	0.146200	0.619870	0.233200	0.630906	0.221500	0.634941	0.058900	0.613820	0.013400	0.585172	0.005800	0.599316	0.000000	0.642928	0.000000	0.642265	0.000000	0.578723	0.000000	0.537557	0.000000	0.488875	0.000000	0.444818	0.000000	0.548783	1.563680	0.454860	0.000000	0.000000	0.000000	0.622110	0.270018	0.274807	0.000000	0.000000	11.226500	32.133500	341.454000	168.133000	60.917800	12.289100	11.044600	0.000000	0.164444	0.766450	0.728539	0.416588	0.411035	
   66	92.040000	89.960000	90.070000	83.820000	85.360000	89.890000	104.140000	121.540000	124.080000	118.040000	99.880000	93.320000	91.390000	90.100000	92.400000	109.640000	120.940000	135.240000	160.540000	151.520000	123.000000	118.280000	118.280000	109.640000	14.880000	14.640000	14.560000	19.000000	18.240000	16.000000	10.320000	17.840000	27.000000	14.000000	14.000000	26.720000	21.120000	22.000000	20.680000	32.760000	16.280000	55.960000	43.520000	25.920000	10.720000	12.000000	16.800000	14.000000	93.090000	89.720000	88.190000	82.140000	83.160000	86.400000	99.140000	115.460000	121.080000	113.040000	99.890000	93.040000	91.390000	87.100000	89.400000	106.600000	120.270000	132.640000	170.000000	157.850000	127.240000	121.650000	118.280000	107.810000	93.670000	66.404100	67.550500	58.796600	30.083000	42.557900	75.438200	96.950300	93.796500	82.207600	60.906000	59.444200	79.332800	85.772900	85.909700	92.022200	101.087000	122.565000	123.122000	122.170000	103.171000	119.482000	74.146700	70.855400	0.547000	0.000000	0.470230	0.000000	0.512005	0.000000	0.592717	0.000000	0.623113	0.000000	0.589326	0.000000	0.581599	0.000000	0.589366	0.005100	0.541318	0.120300	0.573668	0.192700	90.640000	46.759200	38.195300	30.414200	32.309700	58.029000	91.384800	129.690000	126.575000	107.079000	129.244000	112.552000	0.566754	0.586100	0.536281	0.569900	0.551528	0.496300	0.500739	0.419400	0.557607	0.240200	0.546758	0.027000	0.522468	0.037500	0.505885	0.000000	0.520725	0.000000	0.489739	0.000000	0.403504	0.000000	0.302080	0.000000	0.299356	0.000000	0.249595	0.000000	0.548783	1.917790	1.149950	0.000000	0.156293	0.623241	1.796410	1.075220	0.608199	0.000000	4.505430	14.969900	0.382964	196.089000	49.407600	30.364500	0.000000	12.250600	56.888900	0.593588	0.828114	0.790230	0.932745	1.050700	
   67	92.040000	89.960000	90.070000	83.820000	85.360000	89.890000	104.140000	121.540000	124.080000	118.040000	99.880000	93.320000	91.390000	90.100000	92.400000	109.640000	120.940000	135.240000	160.540000	151.520000	123.000000	118.280000	118.280000	109.640000	14.880000	14.640000	14.560000	19.000000	18.240000	16.000000	10.320000	17.840000	27.000000	14.000000	14.000000	26.720000	21.120000	22.000000	20.680000	32.760000	16.280000	55.960000	43.520000	25.920000	10.720000	12.000000	16.800000	14.000000	93.090000	89.720000	88.190000	82.140000	83.160000	86.400000	99.140000	115.460000	121.080000	113.040000	99.890000	93.040000	91.390000	87.100000	89.400000	106.600000	120.270000	132.640000	170.000000	157.850000	127.240000	121.650000	118.280000	107.810000	93.670000	68.080400	68.905500	61.038500	42.870100	35.077400	78.198600	108.437000	100.839000	80.561600	72.055900	63.900900	74.162900	92.042800	85.432500	95.283900	100.575000	112.064000	131.950000	147.130000	109.833000	107.295000	80.921800	74.493300	0.547000	0.000000	0.454112	0.000000	0.450181	0.000000	0.473817	0.000000	0.471594	0.000000	0.459998	0.000000	0.459022	0.000000	0.449434	0.028600	0.442339	0.099000	0.437833	0.326400	90.640000	48.073500	42.899300	42.949000	41.094300	71.791200	98.946500	124.391000	137.496000	115.827000	127.173000	112.617000	0.467628	0.425600	0.511759	0.486700	0.543201	0.863200	0.571080	0.164000	0.584854	0.131500	0.579318	0.072200	0.557676	0.022300	0.548348	0.000000	0.562316	0.000000	0.685121	0.000000	0.832576	0.000000	0.888623	0.000000	0.827780	0.000000	0.679976	0.000000	0.548783	1.292720	1.336060	0.000000	0.000000	0.552376	1.661210	0.615617	0.516439	0.000000	13.096200	20.263300	6.752590	214.242000	75.072700	35.918400	0.000000	12.839300	81.752700	0.000000	0.581123	0.747479	0.741334	0.971828	
   68	92.040000	89.960000	90.070000	83.820000	85.360000	89.890000	104.140000	121.540000	124.080000	118.040000	99.880000	93.320000	91.390000	90.100000	92.400000	109.640000	120.940000	135.240000	160.540000	151.520000	123.000000	118.280000	118.280000	109.640000	14.880000	14.640000	14.560000	19.000000	18.240000	16.000000	10.320000	17.840000	27.000000	14.000000	14.000000	26.720000	21.120000	22.000000	20.680000	32.760000	16.280000	55.960000	43.520000	25.920000	10.720000	12.000000	16.800000	14.000000	93.090000	89.720000	88.190000	82.140000	83.160000	86.400000	99.140000	115.460000	121.080000	113.040000	99.890000	93.040000	91.390000	87.100000	89.400000	106.600000	120.270000	132.640000	170.000000	157.850000	127.240000	121.650000	118.280000	107.810000	93.670000	68.080400	68.905500	61.038500	42.870100	35.077400	78.198600	108.437000	100.839000	80.561600	72.055900	63.900900	74.162900	92.042800	85.432500	95.283900	100.575000	112.064000	131.950000	147.130000	109.833000	107.295000	80.921800	74.493300	0.547000	0.000000	0.454112	0.000000	0.556748	0.000000	0.619194	0.000000	0.582863	0.000000	0.555035	0.000000	0.550278	0.000000	0.545343	0.043300	0.537909	0.080800	0.575633	0.547300	90.640000	50.111900	51.530300	47.304800	50.068400	77.064400	85.387900	108.306000	123.180000	123.179000	125.741000	109.112000	0.508612	0.360500	0.527459	0.225900	0.514571	0.740700	0.491684	0.357100	0.492178	0.115200	0.463176	0.037400	0.683921	0.014800	0.670367	0.000000	0.595115	0.000000	0.685121	0.000000	0.832576	0.000000	0.888623	0.000000	0.151671	0.000000	0.095904	0.000000	0.548783	1.052710	1.132360	0.000000	0.000000	0.172174	1.399380	0.985142	0.269519	0.000000	0.000000	0.000000	0.000000	381.581000	52.574300	40.542100	0.000000	12.236000	81.752700	0.000000	0.581123	0.747479	0.778259	1.091420	
   69	92.040000	89.960000	90.070000	83.820000	85.360000	89.890000	104.140000	121.540000	124.080000	118.040000	99.880000	93.320000	91.390000	90.100000	92.400000	109.640000	120.940000	135.240000	160.540000	151.520000	123.000000	118.280000	118.280000	109.640000	14.880000	14.640000	14.560000	19.000000	18.240000	16.000000	10.320000	17.840000	27.000000	14.000000	14.000000	26.720000	21.120000	22.000000	20.680000	32.760000	16.280000	55.960000	43.520000	25.920000	10.720000	12.000000	16.800000	14.000000	93.090000	89.720000	88.190000	82.140000	83.160000	86.400000	99.140000	115.460000	121.080000	113.040000	99.890000	93.040000	91.390000	87.100000	89.400000	106.600000	120.270000	132.640000	170.000000	157.850000	127.240000	121.650000	118.280000	107.810000	93.670000	61.934400	63.400600	57.723600	38.109100	25.763900	68.917700	88.852500	89.588200	83.428800	60.147200	76.063500	74.162900	92.042800	85.432500	90.630500	101.437000	121.713000	122.514000	125.523000	105.974000	88.340500	74.614700	63.942700	0.547000	0.000000	0.413989	0.000000	0.419525	0.000000	0.445716	0.000000	0.446743	0.000000	0.437771	0.000000	0.423737	0.000000	0.406563	0.101900	0.414799	0.095000	0.427925	0.174900	90.640000	54.930900	47.220500	41.710300	42.677800	64.689000	84.629800	128.276000	141.167000	144.979000	134.062000	131.344000	0.484781	0.421100	0.483798	0.318300	0.497175	0.379100	0.524892	0.669300	0.468184	0.310500	0.457678	0.196300	0.431038	0.106700	0.406442	0.000000	0.405532	0.000000	0.405475	0.000000	0.375032	0.000000	0.333534	0.000000	0.308127	0.000000	0.286493	0.000000	0.548783	1.564600	1.557210	0.663143	0.000000	0.663394	1.530990	0.754719	0.562825	0.000000	6.007000	0.000000	0.000000	640.485000	50.359700	31.332200	0.000000	0.000000	55.508600	0.000000	0.296232	0.765020	0.595084	0.614859	
   70	92.040000	89.960000	90.070000	83.820000	85.360000	89.890000	104.140000	121.540000	124.080000	118.040000	99.880000	93.320000	91.390000	90.100000	92.400000	109.640000	120.940000	135.240000	160.540000	151.520000	123.000000	118.280000	118.280000	109.640000	14.880000	14.640000	14.560000	19.000000	18.240000	16.000000	10.320000	17.840000	27.000000	14.000000	14.000000	26.720000	21.120000	22.000000	20.680000	32.760000	16.280000	55.960000	43.520000	25.920000	10.720000	12.000000	16.800000	14.000000	93.090000	89.720000	88.190000	82.140000	83.160000	86.400000	99.140000	115.460000	121.080000	113.040000	99.890000	93.040000	91.390000	87.100000	89.400000	106.600000	120.270000	132.640000	170.000000	157.850000	127.240000	121.650000	118.280000	107.810000	93.670000	68.080400	68.905500	61.038500	42.870100	35.077400	78.198600	108.437000	100.839000	80.561600	72.055900	63.900900	74.162900	92.042800	85.432500	95.283900	100.575000	112.064000	131.950000	147.130000	109.833000	107.295000	80.921800	74.493300	0.547000	0.000000	0.454112	0.000000	0.428918	0.000000	0.486183	0.000000	0.520738	0.000000	0.534647	0.000000	0.532202	0.000000	0.476632	0.083600	0.610204	0.159700	0.584958	0.364800	90.640000	53.726900	65.666800	63.511000	64.675300	79.697800	69.216800	109.986000	110.005000	98.012500	113.171000	100.348000	0.477670	0.377100	0.580487	0.494300	0.616375	0.141900	0.519317	0.152500	0.538289	0.071700	0.546758	0.078400	0.511179	0.026900	0.488232	0.000000	0.515222	0.000000	0.491325	0.000000	0.427802	0.000000	0.344532	0.000000	0.244667	0.000000	0.156257	0.000000	0.548783	1.535420	1.398740	0.000000	0.000000	0.360909	1.803530	0.786988	0.508465	0.000000	23.080400	10.657500	1.724250	323.470000	46.067600	29.842000	0.322801	10.407900	9.858440	0.613290	0.748061	0.949394	0.754646	1.145800	
   71	92.040000	89.960000	90.070000	83.820000	85.360000	89.890000	104.140000	121.540000	124.080000	118.040000	99.880000	93.320000	91.390000	90.100000	92.400000	109.640000	120.940000	135.240000	160.540000	151.520000	123.000000	118.280000	118.280000	109.640000	14.880000	14.640000	14.560000	19.000000	18.240000	16.000000	10.320000	17.840000	27.000000	14.000000	14.000000	26.720000	21.120000	22.000000	20.680000	32.760000	16.280000	55.960000	43.520000	25.920000	10.720000	12.000000	16.800000	14.000000	93.090000	89.720000	88.190000	82.140000	83.160000	86.400000	99.140000	115.460000	121.080000	113.040000	99.890000	93.040000	91.390000	87.100000	89.400000	106.600000	120.270000	132.640000	170.000000	157.850000	127.240000	121.650000	118.280000	107.810000	93.670000	68.352800	70.402000	61.169500	42.225000	30.122500	78.693800	101.332000	101.201000	91.809900	77.544800	61.704300	77.129900	83.167500	86.047000	94.210700	100.817000	122.914000	119.855000	127.923000	103.807000	103.414000	74.390700	68.504600	0.547000	0.000000	0.448613	0.000000	0.523177	0.000000	0.585191	0.000000	0.620404	0.000000	0.607658	0.000000	0.626590	0.000000	0.566014	0.027600	0.579687	0.150100	0.576469	0.370100	90.640000	48.802100	42.425700	43.859300	40.744300	71.836000	93.248700	125.082000	115.125000	102.991000	122.781000	113.913000	0.556405	0.554200	0.510453	0.412600	0.556145	0.288100	0.488656	0.336200	0.603102	0.130300	0.559725	0.091400	0.522716	0.027100	0.490519	0.000000	0.504159	0.000000	0.499688	0.000000	0.431107	0.000000	0.362298	0.000000	0.308127	0.000000	0.251727	0.000000	0.548783	1.405210	1.291290	0.000000	0.000000	0.392331	1.584580	0.759910	0.569902	0.000000	4.544420	7.152460	5.136100	303.201000	41.056200	31.359400	0.000000	11.016300	36.087600	0.352480	0.613038	0.616468	0.666702	0.859897	
   72	92.040000	89.960000	90.070000	83.820000	85.360000	89.890000	104.140000	121.540000	124.080000	118.040000	99.880000	93.320000	91.390000	90.100000	92.400000	109.640000	120.940000	135.240000	160.540000	151.520000	123.000000	118.280000	118.280000	109.640000	14.880000	14.640000	14.560000	19.000000	18.240000	16.000000	10.320000	17.840000	27.000000	14.000000	14.000000	26.720000	21.120000	22.000000	20.680000	32.760000	16.280000	55.960000	43.520000	25.920000	10.720000	12.000000	16.800000	14.000000	93.090000	89.720000	88.190000	82.140000	83.160000	86.400000	99.140000	115.460000	121.080000	113.040000	99.890000	93.040000	91.390000	87.100000	89.400000	106.600000	120.270000	132.640000	170.000000	157.850000	127.240000	121.650000	118.280000	107.810000	93.670000	68.080400	68.905500	61.038500	42.870100	35.077400	78.198600	108.437000	100.839000	80.561600	72.055900	63.900900	74.162900	92.042800	85.432500	90.630500	101.437000	121.713000	122.514000	125.523000	105.974000	88.340500	74.614700	64.133200	0.547000	0.000000	0.442452	0.000000	0.500137	0.000000	0.562006	0.000000	0.569973	0.000000	0.579054	0.000000	0.581725	0.000000	0.566129	0.027900	0.549608	0.126800	0.542049	0.405000	90.640000	50.554000	40.263300	41.269200	44.447400	85.011100	101.629000	143.470000	121.698000	117.814000	127.093000	116.110000	0.502933	0.667900	0.535810	0.362300	0.529983	0.188600	0.549430	0.166400	0.542140	0.173200	0.553043	0.060400	0.527155	0.035200	0.532351	0.000000	0.571066	0.000000	0.560496	0.000000	0.525778	0.000000	0.455669	0.000000	0.368440	0.000000	0.336340	0.000000	0.548783	0.811168	0.782864	0.000000	0.000000	0.512418	1.132110	0.986016	0.415495	0.000000	8.344380	22.610100	5.674860	246.588000	59.547100	13.839900	2.220940	11.561200	15.936300	0.466018	0.675424	0.699539	0.617228	0.721197	
   73	92.040000	89.960000	90.070000	83.820000	85.360000	89.890000	104.140000	121.540000	124.080000	118.040000	99.880000	93.320000	91.390000	90.100000	92.400000	109.640000	120.940000	135.240000	160.540000	151.520000	123.000000	118.280000	118.280000	109.640000	14.880000	14.640000	14.560000	19.000000	18.240000	16.000000	10.320000	17.840000	27.000000	14.000000	14.000000	26.720000	21.120000	22.000000	20.680000	32.760000	16.280000	55.960000	43.520000	25.920000	10.720000	12.000000	16.800000	14.000000	93.090000	89.720000	88.190000	82.140000	83.160000	86.400000	99.140000	115.460000	121.080000	113.040000	99.890000	93.040000	91.390000	87.100000	89.400000	106.600000	120.270000	132.640000	170.000000	157.850000	127.240000	121.650000	118.280000	107.810000	93.670000	61.934400	63.400600	57.723600	38.109100	25.763900	68.917700	88.852500	89.588200	83.428800	60.147200	76.063500	74.162900	92.042800	85.432500	90.630500	101.437000	121.713000	122.514000	125.523000	105.974000	88.340500	74.614700	63.942700	0.547000	0.000000	0.471339	0.000000	0.522183	0.000000	0.571794	0.000000	0.565606	0.000000	0.553522	0.000000	0.737253	0.000000	0.643748	0.047500	0.646273	0.482100	0.610261	0.791400	90.640000	55.396200	47.956800	46.440300	48.731200	77.436100	87.072700	113.767000	162.653000	144.975000	150.371000	131.051000	0.579998	0.801400	0.586469	1.004500	0.562252	0.182400	0.530392	0.075100	0.507031	0.066400	0.423298	0.077100	0.296070	0.019400	0.244549	0.000000	0.264133	0.000000	0.286255	0.000000	0.258805	0.000000	0.178047	0.000000	0.096061	0.000000	0.014275	0.000000	0.548783	1.396550	1.559600	0.000000	0.000000	0.000000	1.507210	0.851947	0.629486	1.080320	6.666220	5.993350	5.578320	280.259000	19.634400	33.289500	0.000000	11.014500	26.233900	0.684181	0.840299	0.766604	0.585255	0.513915	
   74	92.040000	89.960000	90.070000	83.820000	85.360000	89.890000	104.140000	121.540000	124.080000	118.040000	99.880000	93.320000	91.390000	90.100000	92.400000	109.640000	120.940000	135.240000	160.540000	151.520000	123.000000	118.280000	118.280000	109.640000	14.880000	14.640000	14.560000	19.000000	18.240000	16.000000	10.320000	17.840000	27.000000	14.000000	14.000000	26.720000	21.120000	22.000000	20.680000	32.760000	16.280000	55.960000	43.520000	25.920000	10.720000	12.000000	16.800000	14.000000	93.090000	89.720000	88.190000	82.140000	83.160000	86.400000	99.140000	115.460000	121.080000	113.040000	99.890000	93.040000	91.390000	87.100000	89.400000	106.600000	120.270000	132.640000	170.000000	157.850000	127.240000	121.650000	118.280000	107.810000	93.670000	68.352800	70.402000	61.169500	42.225000	30.122500	78.693800	101.332000	101.201000	91.809900	77.544800	61.704300	77.129900	83.167500	86.047000	94.210700	100.817000	122.914000	119.855000	127.923000	103.807000	103.414000	74.390700	68.504600	0.547000	0.000000	0.448613	0.000000	0.523177	0.000000	0.585191	0.000000	0.620404	0.000000	0.607658	0.000000	0.626590	0.000000	0.566014	0.027600	0.579687	0.150100	0.576469	0.370100	90.640000	48.802100	42.425700	43.859300	40.744300	71.836000	93.248700	125.082000	115.125000	102.991000	122.781000	113.913000	0.556405	0.554200	0.510453	0.412600	0.556145	0.288100	0.488656	0.336200	0.603102	0.130300	0.559725	0.091400	0.522716	0.027100	0.490519	0.000000	0.504159	0.000000	0.499688	0.000000	0.431107	0.000000	0.362298	0.000000	0.308127	0.000000	0.251727	0.000000	0.548783	1.405210	1.291290	0.000000	0.000000	0.392331	1.584580	0.759910	0.569902	0.000000	4.544420	7.152460	5.136100	303.201000	41.056200	31.359400	0.000000	11.016300	36.087600	0.352480	0.613038	0.616468	0.666702	0.859897	
   75	92.040000	89.960000	90.070000	83.820000	85.360000	89.890000	104.140000	121.540000	124.080000	118.040000	99.880000	93.320000	91.390000	90.100000	92.400000	109.640000	120.940000	135.240000	160.540000	151.520000	123.000000	118.280000	118.280000	109.640000	14.880000	14.640000	14.560000	19.000000	18.240000	16.000000	10.320000	17.840000	27.000000	14.000000	14.000000	26.720000	21.120000	22.000000	20.680000	32.760000	16.280000	55.960000	43.520000	25.920000	10.720000	12.000000	16.800000	14.000000	93.090000	89.720000	88.190000	82.140000	83.160000	86.400000	99.140000	115.460000	121.080000	113.040000	99.890000	93.040000	91.390000	87.100000	89.400000	106.600000	120.270000	132.640000	170.000000	157.850000	127.240000	121.650000	118.280000	107.810000	93.670000	68.352800	70.402000	61.169500	42.225000	30.122500	78.693800	101.332000	101.201000	91.809900	77.544800	61.704300	77.129900	83.167500	86.047000	94.210700	100.817000	122.914000	119.855000	127.923000	103.807000	103.414000	74.390700	68.504600	0.547000	0.000000	0.448613	0.000000	0.523177	0.000000	0.585191	0.000000	0.620404	0.000000	0.607658	0.000000	0.626590	0.000000	0.566014	0.027600	0.579687	0.150100	0.576469	0.370100	90.640000	48.802100	42.425700	43.859300	40.744300	71.836000	93.248700	125.082000	115.125000	102.991000	122.781000	113.913000	0.556405	0.554200	0.510453	0.412600	0.556145	0.288100	0.488656	0.336200	0.603102	0.130300	0.559725	0.091400	0.522716	0.027100	0.490519	0.000000	0.504159	0.000000	0.499688	0.000000	0.431107	0.000000	0.362298	0.000000	0.308127	0.000000	0.251727	0.000000	0.548783	1.405210	1.291290	0.000000	0.000000	0.392331	1.584580	0.759910	0.569902	0.000000	4.544420	7.152460	5.136100	303.201000	41.056200	31.359400	0.000000	11.016300	36.087600	0.352480	0.613038	0.616468	0.666702	0.859897	
   76	92.040000	89.960000	90.070000	83.820000	85.360000	89.890000	104.140000	121.540000	124.080000	118.040000	99.880000	93.320000	91.390000	90.100000	92.400000	109.640000	120.940000	135.240000	160.540000	151.520000	123.000000	118.280000	118.280000	109.640000	14.880000	14.640000	14.560000	19.000000	18.240000	16.000000	10.320000	17.840000	27.000000	14.000000	14.000000	26.720000	21.120000	22.000000	20.680000	32.760000	16.280000	55.960000	43.520000	25.920000	10.720000	12.000000	16.800000	14.000000	93.090000	89.720000	88.190000	82.140000	83.160000	86.400000	99.140000	115.460000	121.080000	113.040000	99.890000	93.040000	91.390000	87.100000	89.400000	106.600000	120.270000	132.640000	170.000000	157.850000	127.240000	121.650000	118.280000	107.810000	93.670000	68.080400	68.905500	61.038500	42.870100	35.077400	78.198600	108.437000	100.839000	80.561600	72.055900	63.900900	74.162900	92.042800	85.432500	90.630500	101.437000	121.713000	122.514000	125.523000	105.974000	88.340500	74.614700	64.133200	0.547000	0.000000	0.442452	0.000000	0.500137	0.000000	0.562006	0.000000	0.569973	0.000000	0.579054	0.000000	0.581725	0.000000	0.566129	0.027900	0.549608	0.126800	0.542049	0.405000	90.640000	50.554000	40.263300	41.269200	44.447400	85.011100	101.629000	143.470000	121.698000	117.814000	127.093000	116.110000	0.502933	0.667900	0.535810	0.362300	0.529983	0.188600	0.549430	0.166400	0.542140	0.173200	0.553043	0.060400	0.527155	0.035200	0.532351	0.000000	0.571066	0.000000	0.560496	0.000000	0.525778	0.000000	0.455669	0.000000	0.368440	0.000000	0.336340	0.000000	0.548783	0.811168	0.782864	0.000000	0.000000	0.512418	1.132110	0.986016	0.415495	0.000000	8.344380	22.610100	5.674860	246.588000	59.547100	13.839900	2.220940	11.561200	15.936300	0.466018	0.675424	0.699539	0.617228	0.721197	
   77	92.040000	89.960000	90.070000	83.820000	85.360000	89.890000	104.140000	121.540000	124.080000	118.040000	99.880000	93.320000	91.390000	90.100000	92.400000	109.640000	120.940000	135.240000	160.540000	151.520000	123.000000	118.280000	118.280000	109.640000	14.880000	14.640000	14.560000	19.000000	18.240000	16.000000	10.320000	17.840000	27.000000	14.000000	14.000000	26.720000	21.120000	22.000000	20.680000	32.760000	16.280000	55.960000	43.520000	25.920000	10.720000	12.000000	16.800000	14.000000	93.090000	89.720000	88.190000	82.140000	83.160000	86.400000	99.140000	115.460000	121.080000	113.040000	99.890000	93.040000	91.390000	87.100000	89.400000	106.600000	120.270000	132.640000	170.000000	157.850000	127.240000	121.650000	118.280000	107.810000	93.670000	61.934400	63.400600	57.723600	38.109100	25.763900	68.917700	88.852500	89.588200	83.428800	60.147200	76.063500	74.162900	92.042800	85.432500	90.630500	101.437000	121.713000	122.514000	125.523000	105.974000	88.340500	74.614700	63.942700	0.547000	0.000000	0.461472	0.000000	0.554818	0.000000	0.661200	0.000000	0.705842	0.000000	0.729265	0.000000	0.748313	0.000000	0.740740	0.012000	0.762191	0.223400	0.593855	0.236300	90.640000	59.758000	48.321600	43.210300	53.447300	76.100200	95.650200	129.528000	116.640000	110.738000	120.318000	115.995000	0.709418	0.566000	0.374126	1.183500	0.363878	0.357400	0.357405	0.390200	0.361975	0.508200	0.379591	0.240600	0.376164	0.072200	0.350424	0.000000	0.320904	0.000000	0.312984	0.000000	0.293344	0.000000	0.244952	0.000000	0.169969	0.000000	0.104108	0.000000	0.548783	1.114450	1.175660	0.499741	0.464435	0.594823	1.233530	0.653191	0.557933	0.500029	13.972500	18.738800	15.529400	200.571000	38.045600	37.706800	0.000000	10.511500	19.771000	0.758850	0.782255	0.746255	0.817632	0.772265	
   78	92.040000	89.960000	90.070000	83.820000	85.360000	89.890000	104.140000	121.540000	124.080000	118.040000	99.880000	93.320000	91.390000	90.100000	92.400000	109.640000	120.940000	135.240000	160.540000	151.520000	123.000000	118.280000	118.280000	109.640000	14.880000	14.640000	14.560000	19.000000	18.240000	16.000000	10.320000	17.840000	27.000000	14.000000	14.000000	26.720000	21.120000	22.000000	20.680000	32.760000	16.280000	55.960000	43.520000	25.920000	10.720000	12.000000	16.800000	14.000000	93.090000	89.720000	88.190000	82.140000	83.160000	86.400000	99.140000	115.460000	121.080000	113.040000	99.890000	93.040000	91.390000	87.100000	89.400000	106.600000	120.270000	132.640000	170.000000	157.850000	127.240000	121.650000	118.280000	107.810000	93.670000	68.080400	68.905500	61.038500	42.870100	35.077400	78.198600	108.437000	100.839000	80.561600	72.055900	63.900900	74.162900	92.042800	85.432500	90.630500	101.437000	121.713000	122.514000	125.523000	105.974000	88.340500	74.614700	64.133200	0.547000	0.000000	0.442452	0.000000	0.500137	0.000000	0.562006	0.000000	0.569973	0.000000	0.579054	0.000000	0.581725	0.000000	0.566129	0.027900	0.549608	0.126800	0.542049	0.405000	90.640000	50.554000	40.263300	41.269200	44.447400	85.011100	101.629000	143.470000	121.698000	117.814000	127.093000	116.110000	0.502933	0.667900	0.535810	0.362300	0.529983	0.188600	0.549430	0.166400	0.542140	0.173200	0.553043	0.060400	0.527155	0.035200	0.532351	0.000000	0.571066	0.000000	0.560496	0.000000	0.525778	0.000000	0.455669	0.000000	0.368440	0.000000	0.336340	0.000000	0.548783	0.811168	0.782864	0.000000	0.000000	0.512418	1.132110	0.986016	0.415495	0.000000	8.344380	22.610100	5.674860	246.588000	59.547100	13.839900	2.220940	11.561200	15.936300	0.466018	0.675424	0.699539	0.617228	0.721197	
   79	92.040000	89.960000	90.070000	83.820000	85.360000	89.890000	104.140000	121.540000	124.080000	118.040000	99.880000	93.320000	91.390000	90.100000	92.400000	109.640000	120.940000	135.240000	160.540000	151.520000	123.000000	118.280000	118.280000	109.640000	14.880000	14.640000	14.560000	19.000000	18.240000	16.000000	10.320000	17.840000	27.000000	14.000000	14.000000	26.720000	21.120000	22.000000	20.680000	32.760000	16.280000	55.960000	43.520000	25.920000	10.720000	12.000000	16.800000	14.000000	93.090000	89.720000	88.190000	82.140000	83.160000	86.400000	99.140000	115.460000	121.080000	113.040000	99.890000	93.040000	91.390000	87.100000	89.400000	106.600000	120.270000	132.640000	170.000000	157.850000	127.240000	121.650000	118.280000	107.810000	93.670000	68.080400	68.905500	61.038500	42.870100	35.077400	78.198600	108.437000	100.839000	80.561600	72.055900	63.900900	74.162900	92.042800	85.432500	90.630500	101.437000	121.713000	122.514000	125.523000	105.974000	88.340500	74.614700	64.133200	0.547000	0.000000	0.442452	0.000000	0.500137	0.000000	0.562006	0.000000	0.569973	0.000000	0.579054	0.000000	0.581725	0.000000	0.566129	0.027900	0.549608	0.126800	0.542049	0.405000	90.640000	50.554000	40.263300	41.269200	44.447400	85.011100	101.629000	143.470000	121.698000	117.814000	127.093000	116.110000	0.502933	0.667900	0.535810	0.362300	0.529983	0.188600	0.549430	0.166400	0.542140	0.173200	0.553043	0.060400	0.527155	0.035200	0.532351	0.000000	0.571066	0.000000	0.560496	0.000000	0.525778	0.000000	0.455669	0.000000	0.368440	0.000000	0.336340	0.000000	0.548783	0.811168	0.782864	0.000000	0.000000	0.512418	1.132110	0.986016	0.415495	0.000000	8.344380	22.610100	5.674860	246.588000	59.547100	13.839900	2.220940	11.561200	15.936300	0.466018	0.675424	0.699539	0.617228	0.721197	
   80	92.040000	89.960000	90.070000	83.820000	85.360000	89.890000	104.140000	121.540000	124.080000	118.040000	99.880000	93.320000	91.390000	90.100000	92.400000	109.640000	120.940000	135.240000	160.540000	151.520000	123.000000	118.280000	118.280000	109.640000	14.880000	14.640000	14.560000	19.000000	18.240000	16.000000	10.320000	17.840000	27.000000	14.000000	14.000000	26.720000	21.120000	22.000000	20.680000	32.760000	16.280000	55.960000	43.520000	25.920000	10.720000	12.000000	16.800000	14.000000	93.090000	89.720000	88.190000	82.140000	83.160000	86.400000	99.140000	115.460000	121.080000	113.040000	99.890000	93.040000	91.390000	87.100000	89.400000	106.600000	120.270000	132.640000	170.000000	157.850000	127.240000	121.650000	118.280000	107.810000	93.670000	71.023100	67.145200	61.465600	39.179800	31.763400	79.315000	101.140000	103.342000	83.343500	60.433900	62.582800	75.699800	89.847900	87.556400	85.453200	101.947000	115.569000	126.798000	113.858000	106.029000	109.432000	74.615800	55.758800	0.547000	0.000000	0.456623	0.000000	0.537228	0.000000	0.544192	0.000000	0.541268	0.000000	0.560079	0.000000	0.581381	0.000000	0.578986	0.007500	0.560177	0.079200	0.536506	0.251000	90.640000	54.930900	47.220500	41.710300	42.677800	64.689000	62.437700	124.082000	126.052000	120.919000	130.618000	124.535000	0.560449	1.307800	0.638403	0.839400	0.558307	0.064400	0.560190	0.187200	0.593308	0.171300	0.578980	0.209500	0.545135	0.011800	0.512348	0.000000	0.517919	0.000000	0.512982	0.000000	0.450986	0.000000	0.379790	0.000000	0.334393	0.000000	0.263442	0.000000	0.548783	1.155360	1.403280	0.000000	0.000000	1.043820	0.911102	0.748691	0.055559	0.000000	11.820700	12.062200	7.843210	305.347000	18.827400	22.275000	18.701700	12.555700	63.288600	0.000000	0.708867	0.543439	0.365247	0.115818	
   81	92.040000	89.960000	90.070000	83.820000	85.360000	89.890000	104.140000	121.540000	124.080000	118.040000	99.880000	93.320000	91.390000	90.100000	92.400000	109.640000	120.940000	135.240000	160.540000	151.520000	123.000000	118.280000	118.280000	109.640000	14.880000	14.640000	14.560000	19.000000	18.240000	16.000000	10.320000	17.840000	27.000000	14.000000	14.000000	26.720000	21.120000	22.000000	20.680000	32.760000	16.280000	55.960000	43.520000	25.920000	10.720000	12.000000	16.800000	14.000000	93.090000	89.720000	88.190000	82.140000	83.160000	86.400000	99.140000	115.460000	121.080000	113.040000	99.890000	93.040000	91.390000	87.100000	89.400000	106.600000	120.270000	132.640000	170.000000	157.850000	127.240000	121.650000	118.280000	107.810000	93.670000	72.967100	78.850300	67.125100	48.122500	40.657600	80.749100	97.622900	91.741000	75.399600	56.805200	66.289600	79.107300	90.132500	91.011800	94.758900	104.691000	109.372000	116.611000	119.714000	105.093000	104.294000	74.798300	59.938800	0.547000	0.000000	0.462906	0.000000	0.529949	0.000000	0.589888	0.000000	0.596508	0.000000	0.596511	0.000000	0.601173	0.000000	0.602866	0.010500	0.619232	0.207700	0.602142	0.176700	90.640000	59.758000	48.321600	43.210300	38.676000	78.427000	90.104500	100.036000	97.773700	92.054100	117.371000	104.209000	0.568482	0.453200	0.527208	0.554500	0.499889	0.251400	0.523084	0.417200	0.565654	0.422900	0.579879	0.289400	0.533455	0.058600	0.549893	0.000000	0.576844	0.000000	0.585113	0.000000	0.562718	0.000000	0.513322	0.000000	0.453875	0.000000	0.418011	0.000000	0.548783	2.103320	2.040620	0.000000	0.000000	0.383735	2.098840	0.858579	0.164428	0.000000	0.975142	0.000000	0.000000	372.311000	70.567700	46.680700	37.375300	13.042100	88.198400	0.018867	0.660177	0.797459	0.662881	0.629501	
   82	92.040000	89.960000	90.070000	83.820000	85.360000	89.890000	104.140000	121.540000	124.080000	118.040000	99.880000	93.320000	91.390000	90.100000	92.400000	109.640000	120.940000	135.240000	160.540000	151.520000	123.000000	118.280000	118.280000	109.640000	14.880000	14.640000	14.560000	19.000000	18.240000	16.000000	10.320000	17.840000	27.000000	14.000000	14.000000	26.720000	21.120000	22.000000	20.680000	32.760000	16.280000	55.960000	43.520000	25.920000	10.720000	12.000000	16.800000	14.000000	93.090000	89.720000	88.190000	82.140000	83.160000	86.400000	99.140000	115.460000	121.080000	113.040000	99.890000	93.040000	91.390000	87.100000	89.400000	106.600000	120.270000	132.640000	170.000000	157.850000	127.240000	121.650000	118.280000	107.810000	93.670000	61.934400	63.400600	57.723600	38.109100	25.763900	68.917700	88.852500	89.588200	83.428800	60.147200	76.063500	74.162900	92.042800	85.432500	90.630500	101.437000	121.713000	122.514000	125.523000	105.974000	88.340500	74.614700	63.942700	0.547000	0.000000	0.470260	0.000000	0.576770	0.000000	0.652919	0.000000	0.662938	0.000000	0.643556	0.000000	0.669069	0.000000	0.677582	0.023900	0.645562	0.066800	0.577310	0.100800	90.640000	23.667400	24.007900	23.512100	37.024500	83.390000	105.637000	153.383000	130.671000	119.858000	135.483000	132.313000	0.517565	0.184900	0.484673	0.113900	0.471696	0.103400	0.468598	0.113900	0.468184	0.093400	0.457678	0.070800	0.828978	0.044100	0.762505	0.000000	0.725691	0.000000	0.405475	0.000000	0.375032	0.000000	0.333534	0.000000	0.308127	0.000000	0.249595	0.000000	0.548783	0.980458	0.769966	0.000000	0.000000	0.374464	1.938960	1.425600	0.054628	0.000000	1.408970	15.905800	5.627610	262.492000	50.359700	31.332200	0.000000	0.000000	55.508600	0.000000	0.296232	0.765020	0.595084	0.773623	
   83	92.040000	89.960000	90.070000	83.820000	85.360000	89.890000	104.140000	121.540000	124.080000	118.040000	99.880000	93.320000	91.390000	90.100000	92.400000	109.640000	120.940000	135.240000	160.540000	151.520000	123.000000	118.280000	118.280000	109.640000	14.880000	14.640000	14.560000	19.000000	18.240000	16.000000	10.320000	17.840000	27.000000	14.000000	14.000000	26.720000	21.120000	22.000000	20.680000	32.760000	16.280000	55.960000	43.520000	25.920000	10.720000	12.000000	16.800000	14.000000	93.090000	89.720000	88.190000	82.140000	83.160000	86.400000	99.140000	115.460000	121.080000	113.040000	99.890000	93.040000	91.390000	87.100000	89.400000	106.600000	120.270000	132.640000	170.000000	157.850000	127.240000	121.650000	118.280000	107.810000	93.670000	68.080400	68.905500	61.038500	42.870100	35.077400	78.198600	108.437000	100.839000	80.561600	72.055900	63.900900	74.162900	92.042800	85.432500	95.283900	100.575000	112.064000	131.950000	147.130000	109.833000	107.295000	80.921800	74.493300	0.547000	0.000000	0.454112	0.000000	0.473592	0.000000	0.549198	0.000000	0.572649	0.000000	0.578315	0.000000	0.606889	0.000000	0.596298	0.020300	0.551624	0.057000	0.479271	0.189400	90.640000	22.204200	6.338380	4.753950	17.687000	42.365400	60.591500	137.216000	119.918000	124.102000	120.435000	117.882000	0.437977	0.093500	0.432285	0.664900	0.447733	0.310900	0.446915	0.259700	0.435562	0.412700	0.406976	0.262300	0.393754	0.027400	0.404330	0.000000	0.449566	0.000000	0.517095	0.000000	0.467971	0.000000	0.398798	0.000000	0.321967	0.000000	0.249595	0.000000	0.548783	1.111840	1.542320	0.026465	0.000000	0.536850	1.727400	0.644971	0.577377	0.000000	0.000000	7.942610	0.000000	256.371000	21.958800	33.591600	0.000000	10.669400	45.187400	0.208632	0.676083	0.683984	0.591921	0.773623	
   84	92.040000	89.960000	90.070000	83.820000	85.360000	89.890000	104.140000	121.540000	124.080000	118.040000	99.880000	93.320000	91.390000	90.100000	92.400000	109.640000	120.940000	135.240000	160.540000	151.520000	123.000000	118.280000	118.280000	109.640000	14.880000	14.640000	14.560000	19.000000	18.240000	16.000000	10.320000	17.840000	27.000000	14.000000	14.000000	26.720000	21.120000	22.000000	20.680000	32.760000	16.280000	55.960000	43.520000	25.920000	10.720000	12.000000	16.800000	14.000000	93.090000	89.720000	88.190000	82.140000	83.160000	86.400000	99.140000	115.460000	121.080000	113.040000	99.890000	93.040000	91.390000	87.100000	89.400000	106.600000	120.270000	132.640000	170.000000	157.850000	127.240000	121.650000	118.280000	107.810000	93.670000	68.080400	68.905500	61.038500	42.870100	35.077400	78.198600	108.437000	100.839000	80.561600	72.055900	63.900900	74.162900	92.042800	85.432500	95.283900	100.575000	112.064000	131.950000	147.130000	109.833000	107.295000	80.921800	74.493300	0.547000	0.000000	0.454112	0.000000	0.554037	0.000000	0.631362	0.000000	0.626184	0.000000	0.616435	0.000000	0.618405	0.000000	0.601204	0.038800	0.585657	0.061000	0.536430	0.168800	90.640000	7.621820	10.204000	11.014500	15.405900	35.771000	44.036700	84.327100	89.998100	88.040200	103.005000	95.636800	0.502933	0.455300	0.432285	0.100500	0.447733	0.113600	0.446915	0.155700	0.435562	0.110300	0.406976	0.172300	0.393754	0.040700	0.404330	0.000000	0.449566	0.000000	0.449663	0.000000	0.391040	0.000000	0.286471	0.000000	0.212471	0.000000	0.176128	0.000000	0.548783	1.581820	1.587810	0.427766	0.198039	0.374006	1.410200	0.718373	0.435539	0.768757	10.938900	7.942610	0.000000	256.371000	21.958800	33.591600	0.000000	10.669400	45.187400	0.000000	0.692616	0.575148	0.763977	0.553975	
   85	92.040000	89.960000	90.070000	83.820000	85.360000	89.890000	104.140000	121.540000	124.080000	118.040000	99.880000	93.320000	91.390000	90.100000	92.400000	109.640000	120.940000	135.240000	160.540000	151.520000	123.000000	118.280000	118.280000	109.640000	14.880000	14.640000	14.560000	19.000000	18.240000	16.000000	10.320000	17.840000	27.000000	14.000000	14.000000	26.720000	21.120000	22.000000	20.680000	32.760000	16.280000	55.960000	43.520000	25.920000	10.720000	12.000000	16.800000	14.000000	93.090000	89.720000	88.190000	82.140000	83.160000	86.400000	99.140000	115.460000	121.080000	113.040000	99.890000	93.040000	91.390000	87.100000	89.400000	106.600000	120.270000	132.640000	170.000000	157.850000	127.240000	121.650000	118.280000	107.810000	93.670000	61.934400	63.400600	57.723600	38.109100	25.763900	68.917700	88.852500	89.588200	83.428800	60.147200	76.063500	74.162900	92.042800	85.432500	90.630500	101.437000	121.713000	122.514000	125.523000	105.974000	88.340500	74.614700	63.942700	0.547000	0.000000	0.461472	0.000000	0.554818	0.000000	0.661200	0.000000	0.705842	0.000000	0.729265	0.000000	0.748313	0.000000	0.740740	0.012000	0.762191	0.223400	0.593855	0.236300	90.640000	59.758000	48.321600	43.210300	53.447300	76.100200	95.650200	129.528000	116.640000	110.738000	120.318000	115.995000	0.836833	0.188900	0.831514	0.306900	0.824390	0.527800	0.799693	0.401500	0.750645	0.414300	0.696578	0.154600	0.653387	0.054200	0.597537	0.000000	0.566872	0.000000	0.562628	0.000000	0.525225	0.000000	0.436608	0.000000	0.348443	0.000000	0.286127	0.000000	0.548783	1.114450	1.175660	0.499741	0.000000	0.621331	0.935143	0.631780	0.452294	0.000000	19.540200	13.331900	13.899100	369.371000	34.923800	26.985300	8.739000	11.281500	0.000000	0.484379	0.691769	1.023740	0.639080	0.998757	
   86	92.040000	89.960000	90.070000	83.820000	85.360000	89.890000	104.140000	121.540000	124.080000	118.040000	99.880000	93.320000	91.390000	90.100000	92.400000	109.640000	120.940000	135.240000	160.540000	151.520000	123.000000	118.280000	118.280000	109.640000	14.880000	14.640000	14.560000	19.000000	18.240000	16.000000	10.320000	17.840000	27.000000	14.000000	14.000000	26.720000	21.120000	22.000000	20.680000	32.760000	16.280000	55.960000	43.520000	25.920000	10.720000	12.000000	16.800000	14.000000	93.090000	89.720000	88.190000	82.140000	83.160000	86.400000	99.140000	115.460000	121.080000	113.040000	99.890000	93.040000	91.390000	87.100000	89.400000	106.600000	120.270000	132.640000	170.000000	157.850000	127.240000	121.650000	118.280000	107.810000	93.670000	68.080400	68.905500	61.038500	42.870100	35.077400	78.198600	108.437000	100.839000	80.561600	72.055900	63.900900	74.162900	92.042800	85.432500	95.283900	100.575000	112.064000	131.950000	147.130000	109.833000	107.295000	80.921800	74.493300	0.547000	0.000000	0.454112	0.000000	0.556748	0.000000	0.619194	0.000000	0.582863	0.000000	0.555035	0.000000	0.550278	0.000000	0.545343	0.043300	0.537909	0.080800	0.575633	0.547300	90.640000	50.111900	51.530300	47.304800	50.068400	77.064400	85.387900	108.306000	123.180000	123.179000	125.741000	109.112000	0.508612	0.360500	0.527459	0.225900	0.514571	0.740700	0.491684	0.357100	0.492178	0.115200	0.463176	0.037400	0.683921	0.014800	0.670367	0.000000	0.595115	0.000000	0.685121	0.000000	0.832576	0.000000	0.888623	0.000000	0.151671	0.000000	0.095904	0.000000	0.548783	1.052710	1.132360	0.000000	0.000000	0.172174	1.399380	0.985142	0.269519	0.000000	0.000000	0.000000	0.000000	381.581000	52.574300	40.542100	0.000000	12.236000	81.752700	0.000000	0.581123	0.747479	0.778259	1.091420	
   87	92.040000	89.960000	90.070000	83.820000	85.360000	89.890000	104.140000	121.540000	124.080000	118.040000	99.880000	93.320000	91.390000	90.100000	92.400000	109.640000	120.940000	135.240000	160.540000	151.520000	123.000000	118.280000	118.280000	109.640000	14.880000	14.640000	14.560000	19.000000	18.240000	16.000000	10.320000	17.840000	27.000000	14.000000	14.000000	26.720000	21.120000	22.000000	20.680000	32.760000	16.280000	55.960000	43.520000	25.920000	10.720000	12.000000	16.800000	14.000000	93.090000	89.720000	88.190000	82.140000	83.160000	86.400000	99.140000	115.460000	121.080000	113.040000	99.890000	93.040000	91.390000	87.100000	89.400000	106.600000	120.270000	132.640000	170.000000	157.850000	127.240000	121.650000	118.280000	107.810000	93.670000	68.080400	68.905500	61.038500	42.870100	35.077400	78.198600	108.437000	100.839000	80.561600	72.055900	63.900900	74.162900	92.042800	85.432500	95.283900	100.575000	112.064000	131.950000	147.130000	109.833000	107.295000	80.921800	74.493300	0.547000	0.000000	0.454112	0.000000	0.449885	0.000000	0.465022	0.000000	0.459050	0.000000	0.441855	0.000000	0.442806	0.000000	0.461034	0.034900	0.485992	0.312500	0.487346	0.287200	90.640000	60.001400	0.024549	1.131080	6.438420	39.570500	56.246600	100.968000	111.687000	116.321000	121.276000	110.804000	0.491190	0.309500	0.512316	0.366400	0.542000	0.107400	0.571691	0.167200	0.593791	0.030600	0.613881	0.026900	0.646110	0.033400	0.703602	0.000000	0.347161	0.000000	0.300983	0.000000	0.219355	0.000000	0.152891	0.000000	0.113526	0.000000	0.093892	0.000000	0.548783	1.322150	1.523820	0.000000	0.000000	0.277998	1.707450	0.960162	0.689836	0.000000	1.129640	8.314510	0.000000	489.383000	76.487600	37.753800	0.000000	10.557000	33.208800	0.372669	0.620051	0.803227	0.621239	0.708815	
   88	92.040000	89.960000	90.070000	83.820000	85.360000	89.890000	104.140000	121.540000	124.080000	118.040000	99.880000	93.320000	91.390000	90.100000	92.400000	109.640000	120.940000	135.240000	160.540000	151.520000	123.000000	118.280000	118.280000	109.640000	14.880000	14.640000	14.560000	19.000000	18.240000	16.000000	10.320000	17.840000	27.000000	14.000000	14.000000	26.720000	21.120000	22.000000	20.680000	32.760000	16.280000	55.960000	43.520000	25.920000	10.720000	12.000000	16.800000	14.000000	93.090000	89.720000	88.190000	82.140000	83.160000	86.400000	99.140000	115.460000	121.080000	113.040000	99.890000	93.040000	91.390000	87.100000	89.400000	106.600000	120.270000	132.640000	170.000000	157.850000	127.240000	121.650000	118.280000	107.810000	93.670000	61.934400	63.400600	57.723600	38.109100	25.763900	68.917700	88.852500	89.588200	83.428800	60.147200	76.063500	74.162900	92.042800	85.432500	90.630500	101.437000	121.713000	122.514000	125.523000	105.974000	88.340500	74.614700	63.942700	0.547000	0.000000	0.501642	0.000000	0.571999	0.000000	0.652924	0.000000	0.636091	0.000000	0.592111	0.000000	0.637758	0.000000	0.624279	0.024200	0.569876	0.056800	0.491300	0.295800	90.640000	67.228500	60.063400	55.926400	56.479500	83.433800	109.722000	122.852000	125.474000	124.320000	132.624000	124.837000	0.460167	0.133300	0.481897	0.310600	0.512422	0.093100	0.532430	0.149300	0.543146	0.067600	0.251873	0.095600	0.189083	0.084000	0.173983	0.000000	0.208955	0.000000	0.451541	0.000000	0.422551	0.000000	0.343622	0.000000	0.280949	0.000000	0.225874	0.000000	0.548783	1.376970	1.165080	0.000000	0.304581	0.731763	1.479450	0.559972	0.367963	0.368128	11.433100	7.472720	21.005300	5472.200000	0.000000	15.659400	27.338500	9.411540	17.690900	0.533488	0.786940	0.579847	0.651115	0.451339	
   89	92.040000	89.960000	90.070000	83.820000	85.360000	89.890000	104.140000	121.540000	124.080000	118.040000	99.880000	93.320000	91.390000	90.100000	92.400000	109.640000	120.940000	135.240000	160.540000	151.520000	123.000000	118.280000	118.280000	109.640000	14.880000	14.640000	14.560000	19.000000	18.240000	16.000000	10.320000	17.840000	27.000000	14.000000	14.000000	26.720000	21.120000	22.000000	20.680000	32.760000	16.280000	55.960000	43.520000	25.920000	10.720000	12.000000	16.800000	14.000000	93.090000	89.720000	88.190000	82.140000	83.160000	86.400000	99.140000	115.460000	121.080000	113.040000	99.890000	93.040000	91.390000	87.100000	89.400000	106.600000	120.270000	132.640000	170.000000	157.850000	127.240000	121.650000	118.280000	107.810000	93.670000	61.934400	63.400600	57.723600	38.109100	25.763900	68.917700	88.852500	89.588200	83.428800	60.147200	76.063500	74.162900	92.042800	85.432500	90.630500	101.437000	121.713000	122.514000	125.523000	105.974000	88.340500	74.614700	63.942700	0.547000	0.000000	0.461472	0.000000	0.554818	0.000000	0.661200	0.000000	0.705842	0.000000	0.729265	0.000000	0.748313	0.000000	0.740740	0.012000	0.762191	0.223400	0.593855	0.236300	90.640000	59.758000	48.321600	43.210300	53.447300	76.100200	95.650200	129.528000	116.640000	110.738000	120.318000	115.995000	0.585590	0.358800	0.582603	0.759900	0.582740	0.625100	0.587507	0.868300	0.589549	0.217500	0.577217	0.071100	0.557813	0.010800	0.558799	0.000000	0.590476	0.000000	0.593423	0.000000	0.546466	0.000000	0.454479	0.000000	0.342664	0.000000	0.267535	0.000000	0.548783	1.114450	1.175660	0.499741	0.464435	0.594823	1.233530	0.653191	0.580134	0.000000	17.884700	18.121000	10.007800	237.743000	60.201600	32.980100	0.000000	12.586100	25.900400	0.379482	0.719103	0.715576	0.660517	0.869558	
   90	92.040000	89.960000	90.070000	83.820000	85.360000	89.890000	104.140000	121.540000	124.080000	118.040000	99.880000	93.320000	91.390000	90.100000	92.400000	109.640000	120.940000	135.240000	160.540000	151.520000	123.000000	118.280000	118.280000	109.640000	14.880000	14.640000	14.560000	19.000000	18.240000	16.000000	10.320000	17.840000	27.000000	14.000000	14.000000	26.720000	21.120000	22.000000	20.680000	32.760000	16.280000	55.960000	43.520000	25.920000	10.720000	12.000000	16.800000	14.000000	93.090000	89.720000	88.190000	82.140000	83.160000	86.400000	99.140000	115.460000	121.080000	113.040000	99.890000	93.040000	91.390000	87.100000	89.400000	106.600000	120.270000	132.640000	170.000000	157.850000	127.240000	121.650000	118.280000	107.810000	93.670000	68.080400	68.905500	61.038500	42.870100	35.077400	78.198600	108.437000	100.839000	80.561600	72.055900	63.900900	74.162900	92.042800	85.432500	90.630500	101.437000	121.713000	122.514000	125.523000	105.974000	88.340500	74.614700	64.133200	0.547000	0.000000	0.442452	0.000000	0.500137	0.000000	0.562006	0.000000	0.569973	0.000000	0.579054	0.000000	0.581725	0.000000	0.566129	0.027900	0.549608	0.126800	0.542049	0.405000	90.640000	50.554000	40.263300	41.269200	44.447400	85.011100	101.629000	143.470000	121.698000	117.814000	127.093000	116.110000	0.502933	0.667900	0.535810	0.362300	0.529983	0.188600	0.549430	0.166400	0.542140	0.173200	0.553043	0.060400	0.527155	0.035200	0.532351	0.000000	0.571066	0.000000	0.560496	0.000000	0.525778	0.000000	0.455669	0.000000	0.368440	0.000000	0.336340	0.000000	0.548783	0.811168	0.782864	0.000000	0.000000	0.512418	1.132110	0.986016	0.415495	0.000000	8.344380	22.610100	5.674860	246.588000	59.547100	13.839900	2.220940	11.561200	15.936300	0.466018	0.675424	0.699539	0.617228	0.721197	
   91	92.040000	89.960000	90.070000	83.820000	85.360000	89.890000	104.140000	121.540000	124.080000	118.040000	99.880000	93.320000	91.390000	90.100000	92.400000	109.640000	120.940000	135.240000	160.540000	151.520000	123.000000	118.280000	118.280000	109.640000	14.880000	14.640000	14.560000	19.000000	18.240000	16.000000	10.320000	17.840000	27.000000	14.000000	14.000000	26.720000	21.120000	22.000000	20.680000	32.760000	16.280000	55.960000	43.520000	25.920000	10.720000	12.000000	16.800000	14.000000	93.090000	89.720000	88.190000	82.140000	83.160000	86.400000	99.140000	115.460000	121.080000	113.040000	99.890000	93.040000	91.390000	87.100000	89.400000	106.600000	120.270000	132.640000	170.000000	157.850000	127.240000	121.650000	118.280000	107.810000	93.670000	68.352800	70.402000	61.169500	42.225000	30.122500	78.693800	101.332000	101.201000	91.809900	77.544800	61.704300	77.129900	83.167500	86.047000	94.210700	100.817000	122.914000	119.855000	127.923000	103.807000	103.414000	74.390700	68.504600	0.547000	0.000000	0.448613	0.000000	0.523177	0.000000	0.585191	0.000000	0.620404	0.000000	0.607658	0.000000	0.626590	0.000000	0.566014	0.027600	0.579687	0.150100	0.576469	0.370100	90.640000	48.802100	42.425700	43.859300	40.744300	71.836000	93.248700	125.082000	115.125000	102.991000	122.781000	113.913000	0.556405	0.554200	0.510453	0.412600	0.556145	0.288100	0.488656	0.336200	0.603102	0.130300	0.559725	0.091400	0.522716	0.027100	0.490519	0.000000	0.504159	0.000000	0.499688	0.000000	0.431107	0.000000	0.362298	0.000000	0.308127	0.000000	0.251727	0.000000	0.548783	1.405210	1.291290	0.000000	0.000000	0.392331	1.584580	0.759910	0.569902	0.000000	4.544420	7.152460	5.136100	303.201000	41.056200	31.359400	0.000000	11.016300	36.087600	0.352480	0.613038	0.616468	0.666702	0.859897	
   92	92.040000	89.960000	90.070000	83.820000	85.360000	89.890000	104.140000	121.540000	124.080000	118.040000	99.880000	93.320000	91.390000	90.100000	92.400000	109.640000	120.940000	135.240000	160.540000	151.520000	123.000000	118.280000	118.280000	109.640000	14.880000	14.640000	14.560000	19.000000	18.240000	16.000000	10.320000	17.840000	27.000000	14.000000	14.000000	26.720000	21.120000	22.000000	20.680000	32.760000	16.280000	55.960000	43.520000	25.920000	10.720000	12.000000	16.800000	14.000000	93.090000	89.720000	88.190000	82.140000	83.160000	86.400000	99.140000	115.460000	121.080000	113.040000	99.890000	93.040000	91.390000	87.100000	89.400000	106.600000	120.270000	132.640000	170.000000	157.850000	127.240000	121.650000	118.280000	107.810000	93.670000	72.967100	78.850300	67.125100	48.122500	40.657600	80.749100	97.622900	91.741000	75.399600	56.805200	66.289600	79.107300	90.132500	91.011800	94.758900	104.691000	109.372000	116.611000	119.714000	105.093000	104.294000	74.798300	59.938800	0.547000	0.000000	0.459913	0.000000	0.531037	0.000000	0.601127	0.000000	0.621679	0.000000	0.451335	0.000000	0.437191	0.000000	0.425940	0.028000	0.416317	0.055300	0.398148	0.378700	90.640000	32.611400	25.268500	16.130700	16.064100	60.874800	87.150400	140.162000	154.328000	118.606000	127.748000	116.060000	0.373409	0.177400	0.365445	0.338000	0.385528	0.935600	0.428081	0.773600	0.484584	0.156100	0.519806	0.158800	0.520789	0.028400	0.535742	0.000000	0.585808	0.000000	0.586877	0.000000	0.515735	0.000000	0.429942	0.000000	0.335762	0.000000	0.253543	0.000000	0.548783	1.323360	1.293370	0.060020	0.000000	0.408976	1.815010	0.968408	0.081600	0.040081	0.000000	17.720600	21.212600	293.008000	41.450500	46.260700	0.000000	11.613300	72.942600	13.710100	0.906208	0.800965	0.815718	0.799149	
   93	92.040000	89.960000	90.070000	83.820000	85.360000	89.890000	104.140000	121.540000	124.080000	118.040000	99.880000	93.320000	91.390000	90.100000	92.400000	109.640000	120.940000	135.240000	160.540000	151.520000	123.000000	118.280000	118.280000	109.640000	14.880000	14.640000	14.560000	19.000000	18.240000	16.000000	10.320000	17.840000	27.000000	14.000000	14.000000	26.720000	21.120000	22.000000	20.680000	32.760000	16.280000	55.960000	43.520000	25.920000	10.720000	12.000000	16.800000	14.000000	93.090000	89.720000	88.190000	82.140000	83.160000	86.400000	99.140000	115.460000	121.080000	113.040000	99.890000	93.040000	91.390000	87.100000	89.400000	106.600000	120.270000	132.640000	170.000000	157.850000	127.240000	121.650000	118.280000	107.810000	93.670000	72.967100	78.850300	67.125100	48.122500	40.657600	80.749100	97.622900	91.741000	75.399600	56.805200	66.289600	79.107300	90.132500	91.011800	94.758900	104.691000	109.372000	116.611000	119.714000	105.093000	104.294000	74.798300	59.938800	0.547000	0.000000	0.468493	0.000000	0.516704	0.000000	0.569853	0.000000	0.605538	0.000000	0.593282	0.000000	0.583375	0.000000	0.541997	0.024400	0.534872	0.074000	0.531464	0.219900	90.640000	18.394700	10.341700	10.768600	11.767000	27.783600	51.021500	69.175800	84.889200	88.127000	112.529000	99.166800	0.613924	0.173900	0.627223	0.220000	0.644001	0.594200	0.650046	0.272300	0.647566	0.354700	0.624372	0.164700	0.594493	0.061200	0.608268	0.000000	0.603830	0.000000	0.569534	0.000000	0.516107	0.000000	0.445403	0.000000	0.377570	0.000000	0.280661	0.000000	0.548783	1.330970	1.305670	0.000000	0.000000	0.660212	1.719220	0.689160	0.356317	9.694800	14.156300	6.921740	0.000000	424.519000	94.660100	31.537900	0.000000	11.153000	47.205600	0.000000	0.738496	0.624159	0.593314	0.573603	
   94	92.040000	89.960000	90.070000	83.820000	85.360000	89.890000	104.140000	121.540000	124.080000	118.040000	99.880000	93.320000	91.390000	90.100000	92.400000	109.640000	120.940000	135.240000	160.540000	151.520000	123.000000	118.280000	118.280000	109.640000	14.880000	14.640000	14.560000	19.000000	18.240000	16.000000	10.320000	17.840000	27.000000	14.000000	14.000000	26.720000	21.120000	22.000000	20.680000	32.760000	16.280000	55.960000	43.520000	25.920000	10.720000	12.000000	16.800000	14.000000	93.090000	89.720000	88.190000	82.140000	83.160000	86.400000	99.140000	115.460000	121.080000	113.040000	99.890000	93.040000	91.390000	87.100000	89.400000	106.600000	120.270000	132.640000	170.000000	157.850000	127.240000	121.650000	118.280000	107.810000	93.670000	68.352800	70.402000	61.169500	42.225000	30.122500	78.693800	101.332000	101.201000	91.809900	77.544800	61.704300	77.129900	83.167500	86.047000	94.210700	100.817000	122.914000	119.855000	127.923000	103.807000	103.414000	74.390700	68.504600	0.547000	0.000000	0.448613	0.000000	0.523177	0.000000	0.585191	0.000000	0.620404	0.000000	0.607658	0.000000	0.626590	0.000000	0.566014	0.027600	0.579687	0.150100	0.576469	0.370100	90.640000	48.802100	42.425700	43.859300	40.744300	71.836000	93.248700	125.082000	115.125000	102.991000	122.781000	113.913000	0.556405	0.554200	0.510453	0.412600	0.556145	0.288100	0.488656	0.336200	0.603102	0.130300	0.559725	0.091400	0.522716	0.027100	0.490519	0.000000	0.504159	0.000000	0.499688	0.000000	0.431107	0.000000	0.362298	0.000000	0.308127	0.000000	0.251727	0.000000	0.548783	1.405210	1.291290	0.000000	0.000000	0.392331	1.584580	0.759910	0.569902	0.000000	4.544420	7.152460	5.136100	303.201000	41.056200	31.359400	0.000000	11.016300	36.087600	0.352480	0.613038	0.616468	0.666702	0.859897	
   95	92.040000	89.960000	90.070000	83.820000	85.360000	89.890000	104.140000	121.540000	124.080000	118.040000	99.880000	93.320000	91.390000	90.100000	92.400000	109.640000	120.940000	135.240000	160.540000	151.520000	123.000000	118.280000	118.280000	109.640000	14.880000	14.640000	14.560000	19.000000	18.240000	16.000000	10.320000	17.840000	27.000000	14.000000	14.000000	26.720000	21.120000	22.000000	20.680000	32.760000	16.280000	55.960000	43.520000	25.920000	10.720000	12.000000	16.800000	14.000000	93.090000	89.720000	88.190000	82.140000	83.160000	86.400000	99.140000	115.460000	121.080000	113.040000	99.890000	93.040000	91.390000	87.100000	89.400000	106.600000	120.270000	132.640000	170.000000	157.850000	127.240000	121.650000	118.280000	107.810000	93.670000	61.515300	68.795600	68.337200	47.877500	45.298800	74.180400	87.383400	100.863000	82.934900	78.625700	64.590500	76.772000	82.501100	87.373900	88.942700	101.428000	125.877000	125.805000	114.573000	105.639000	107.144000	74.295000	68.823000	0.547000	0.000000	0.418102	0.000000	0.468441	0.000000	0.513964	0.000000	0.516727	0.000000	0.508560	0.000000	0.516325	0.000000	0.490918	0.021000	0.564346	0.065800	0.549275	0.237000	90.640000	66.245900	62.031400	58.960400	65.569400	87.172600	100.309000	109.958000	123.075000	110.455000	119.888000	107.143000	0.539043	0.431500	0.475600	0.659200	0.547030	0.500900	0.486335	0.279900	0.556254	0.110700	0.493196	0.068500	0.525495	0.013700	0.510420	0.000000	0.504159	0.000000	0.512084	0.000000	0.455514	0.000000	0.379098	0.000000	0.311191	0.000000	0.253881	0.000000	0.548783	1.563680	1.782510	0.295977	0.000000	0.499890	1.873780	1.077020	0.222799	0.869327	0.546984	9.270630	11.088700	338.179000	20.252400	28.179400	10.688600	10.657400	23.302400	0.089933	0.525620	0.647014	0.621716	0.684237	
   96	92.040000	89.960000	90.070000	83.820000	85.360000	89.890000	104.140000	121.540000	124.080000	118.040000	99.880000	93.320000	91.390000	90.100000	92.400000	109.640000	120.940000	135.240000	160.540000	151.520000	123.000000	118.280000	118.280000	109.640000	14.880000	14.640000	14.560000	19.000000	18.240000	16.000000	10.320000	17.840000	27.000000	14.000000	14.000000	26.720000	21.120000	22.000000	20.680000	32.760000	16.280000	55.960000	43.520000	25.920000	10.720000	12.000000	16.800000	14.000000	93.090000	89.720000	88.190000	82.140000	83.160000	86.400000	99.140000	115.460000	121.080000	113.040000	99.890000	93.040000	91.390000	87.100000	89.400000	106.600000	120.270000	132.640000	170.000000	157.850000	127.240000	121.650000	118.280000	107.810000	93.670000	61.934400	63.400600	57.723600	38.109100	25.763900	68.917700	88.852500	89.588200	83.428800	60.147200	76.063500	74.162900	92.042800	85.432500	90.630500	101.437000	121.713000	122.514000	125.523000	105.974000	88.340500	74.614700	63.942700	0.547000	0.000000	0.512466	0.000000	0.583890	0.000000	0.667849	0.000000	0.732395	0.000000	0.752812	0.000000	0.737253	0.000000	0.643748	0.041600	0.646273	0.062700	0.591518	0.129500	90.640000	33.278300	34.205900	30.436400	32.027500	63.408400	96.976500	109.037000	110.114000	109.858000	127.248000	109.228000	0.556405	0.268700	0.521721	0.632800	0.492255	0.318600	0.481233	0.300600	0.474083	0.140600	0.441183	0.089400	0.392066	0.059500	0.391047	0.000000	0.396369	0.000000	0.375885	0.000000	0.303941	0.000000	0.212750	0.000000	0.131137	0.000000	0.062652	0.000000	0.548783	1.539300	1.339400	0.074677	0.000000	0.552238	1.507210	0.851947	0.629486	0.000000	1.422260	7.642930	1.668180	225.893000	43.924200	33.084700	0.000000	10.749400	39.811700	0.630502	0.676485	0.663644	0.679286	0.497442	
   97	92.040000	89.960000	90.070000	83.820000	85.360000	89.890000	104.140000	121.540000	124.080000	118.040000	99.880000	93.320000	91.390000	90.100000	92.400000	109.640000	120.940000	135.240000	160.540000	151.520000	123.000000	118.280000	118.280000	109.640000	14.880000	14.640000	14.560000	19.000000	18.240000	16.000000	10.320000	17.840000	27.000000	14.000000	14.000000	26.720000	21.120000	22.000000	20.680000	32.760000	16.280000	55.960000	43.520000	25.920000	10.720000	12.000000	16.800000	14.000000	93.090000	89.720000	88.190000	82.140000	83.160000	86.400000	99.140000	115.460000	121.080000	113.040000	99.890000	93.040000	91.390000	87.100000	89.400000	106.600000	120.270000	132.640000	170.000000	157.850000	127.240000	121.650000	118.280000	107.810000	93.670000	68.080400	68.905500	61.038500	42.870100	35.077400	78.198600	108.437000	100.839000	80.561600	72.055900	63.900900	74.162900	92.042800	85.432500	90.630500	101.437000	121.713000	122.514000	125.523000	105.974000	88.340500	74.614700	64.133200	0.547000	0.000000	0.442452	0.000000	0.500137	0.000000	0.562006	0.000000	0.569973	0.000000	0.579054	0.000000	0.581725	0.000000	0.566129	0.027900	0.549608	0.126800	0.542049	0.405000	90.640000	50.554000	40.263300	41.269200	44.447400	85.011100	101.629000	143.470000	121.698000	117.814000	127.093000	116.110000	0.502933	0.667900	0.535810	0.362300	0.529983	0.188600	0.549430	0.166400	0.542140	0.173200	0.553043	0.060400	0.527155	0.035200	0.532351	0.000000	0.571066	0.000000	0.560496	0.000000	0.525778	0.000000	0.455669	0.000000	0.368440	0.000000	0.336340	0.000000	0.548783	0.811168	0.782864	0.000000	0.000000	0.512418	1.132110	0.986016	0.415495	0.000000	8.344380	22.610100	5.674860	246.588000	59.547100	13.839900	2.220940	11.561200	15.936300	0.466018	0.675424	0.699539	0.617228	0.721197	
   98	92.040000	89.960000	90.070000	83.820000	85.360000	89.890000	104.140000	121.540000	124.080000	118.040000	99.880000	93.320000	91.390000	90.100000	92.400000	109.640000	120.940000	135.240000	160.540000	151.520000	123.000000	118.280000	118.280000	109.640000	14.880000	14.640000	14.560000	19.000000	18.240000	16.000000	10.320000	17.840000	27.000000	14.000000	14.000000	26.720000	21.120000	22.000000	20.680000	32.760000	16.280000	55.960000	43.520000	25.920000	10.720000	12.000000	16.800000	14.000000	93.090000	89.720000	88.190000	82.140000	83.160000	86.400000	99.140000	115.460000	121.080000	113.040000	99.890000	93.040000	91.390000	87.100000	89.400000	106.600000	120.270000	132.640000	170.000000	157.850000	127.240000	121.650000	118.280000	107.810000	93.670000	68.352800	70.402000	61.169500	42.225000	30.122500	78.693800	101.332000	101.201000	91.809900	77.544800	61.704300	77.129900	83.167500	86.047000	94.210700	100.817000	122.914000	119.855000	127.923000	103.807000	103.414000	74.390700	68.504600	0.547000	0.000000	0.448613	0.000000	0.523177	0.000000	0.585191	0.000000	0.620404	0.000000	0.607658	0.000000	0.626590	0.000000	0.566014	0.027600	0.579687	0.150100	0.576469	0.370100	90.640000	48.802100	42.425700	43.859300	40.744300	71.836000	93.248700	125.082000	115.125000	102.991000	122.781000	113.913000	0.556405	0.554200	0.510453	0.412600	0.556145	0.288100	0.488656	0.336200	0.603102	0.130300	0.559725	0.091400	0.522716	0.027100	0.490519	0.000000	0.504159	0.000000	0.499688	0.000000	0.431107	0.000000	0.362298	0.000000	0.308127	0.000000	0.251727	0.000000	0.548783	1.405210	1.291290	0.000000	0.000000	0.392331	1.584580	0.759910	0.569902	0.000000	4.544420	7.152460	5.136100	303.201000	41.056200	31.359400	0.000000	11.016300	36.087600	0.352480	0.613038	0.616468	0.666702	0.859897	
   99	92.040000	89.960000	90.070000	83.820000	85.360000	89.890000	104.140000	121.540000	124.080000	118.040000	99.880000	93.320000	91.390000	90.100000	92.400000	109.640000	120.940000	135.240000	160.540000	151.520000	123.000000	118.280000	118.280000	109.640000	14.880000	14.640000	14.560000	19.000000	18.240000	16.000000	10.320000	17.840000	27.000000	14.000000	14.000000	26.720000	21.120000	22.000000	20.680000	32.760000	16.280000	55.960000	43.520000	25.920000	10.720000	12.000000	16.800000	14.000000	93.090000	89.720000	88.190000	82.140000	83.160000	86.400000	99.140000	115.460000	121.080000	113.040000	99.890000	93.040000	91.390000	87.100000	89.400000	106.600000	120.270000	132.640000	170.000000	157.850000	127.240000	121.650000	118.280000	107.810000	93.670000	72.967100	78.850300	67.125100	48.122500	40.657600	80.749100	97.622900	91.741000	75.399600	56.805200	66.289600	79.107300	90.132500	91.011800	94.758900	104.691000	109.372000	116.611000	119.714000	105.093000	104.294000	74.798300	59.938800	0.547000	0.000000	0.468493	0.000000	0.516704	0.000000	0.569853	0.000000	0.605538	0.000000	0.593282	0.000000	0.583375	0.000000	0.541997	0.024400	0.534872	0.074000	0.531464	0.219900	90.640000	60.354500	54.617800	55.223000	15.405900	35.771000	44.036700	84.327100	89.998100	88.040200	103.005000	95.636800	0.523642	0.154800	0.519841	0.293500	0.523712	0.132200	0.522972	0.138800	0.501817	0.197400	0.458299	0.138100	0.375855	0.043800	0.294163	0.000000	0.286826	0.000000	0.310225	0.000000	0.298918	0.000000	0.249815	0.000000	0.186813	0.000000	0.108256	0.000000	0.548783	0.986934	0.860512	0.391775	0.000000	0.381734	1.989010	1.018120	0.605482	0.000000	0.000000	0.000000	0.000000	319.319000	43.192400	22.611900	21.985900	13.273300	76.271900	0.029851	0.588237	0.603739	0.455692	0.611205	
  100	92.040000	89.960000	90.070000	83.820000	85.360000	89.890000	104.140000	121.540000	124.080000	118.040000	99.880000	93.320000	91.390000	90.100000	92.400000	109.640000	120.940000	135.240000	160.540000	151.520000	123.000000	118.280000	118.280000	109.640000	14.880000	14.640000	14.560000	19.000000	18.240000	16.000000	10.320000	17.840000	27.000000	14.000000	14.000000	26.720000	21.120000	22.000000	20.680000	32.760000	16.280000	55.960000	43.520000	25.920000	10.720000	12.000000	16.800000	14.000000	93.090000	89.720000	88.190000	82.140000	83.160000	86.400000	99.140000	115.460000	121.080000	113.040000	99.890000	93.040000	91.390000	87.100000	89.400000	106.600000	120.270000	132.640000	170.000000	157.850000	127.240000	121.650000	118.280000	107.810000	93.670000	68.352800	70.402000	61.169500	42.225000	30.122500	78.693800	101.332000	101.201000	91.809900	77.544800	61.704300	77.129900	83.167500	86.047000	94.210700	100.817000	122.914000	119.855000	127.923000	103.807000	103.414000	74.390700	68.504600	0.547000	0.000000	0.448613	0.000000	0.523177	0.000000	0.585191	0.000000	0.620404	0.000000	0.607658	0.000000	0.626590	0.000000	0.566014	0.027600	0.579687	0.150100	0.576469	0.370100	90.640000	48.802100	42.425700	43.859300	40.744300	71.836000	93.248700	125.082000	115.125000	102.991000	122.781000	113.913000	0.556405	0.554200	0.510453	0.412600	0.556145	0.288100	0.488656	0.336200	0.603102	0.130300	0.559725	0.091400	0.522716	0.027100	0.490519	0.000000	0.504159	0.000000	0.499688	0.000000	0.431107	0.000000	0.362298	0.000000	0.308127	0.000000	0.251727	0.000000	0.548783	1.405210	1.291290	0.000000	0.000000	0.392331	1.584580	0.759910	0.569902	0.000000	4.544420	7.152460	5.136100	303.201000	41.056200	31.359400	0.000000	11.016300	36.087600	0.352480	0.613038	0.616468	0.666702	0.859897	
;
param Prob0 :=
    1	0.150
    2	0.010
    3	0.010
    4	0.040
    5	0.010
    6	0.010
    7	0.000
    8	0.000
    9	0.000
   10	0.000
   11	0.010
   12	0.000
   13	0.000
   14	0.010
   15	0.010
   16	0.010
   17	0.000
   18	0.010
   19	0.000
   20	0.000
   21	0.000
   22	0.010
   23	0.010
   24	0.000
   25	0.000
   26	0.000
   27	0.000
   28	0.000
   29	0.010
   30	0.010
   31	0.000
   32	0.000
   33	0.000
   34	0.000
   35	0.000
   36	0.010
   37	0.010
   38	0.010
   39	0.020
   40	0.220
   41	0.000
   42	0.000
   43	0.000
   44	0.010
   45	0.010
   46	0.010
   47	0.000
   48	0.010
   49	0.000
   50	0.010
   51	0.000
   52	0.010
   53	0.030
   54	0.060
   55	0.010
   56	0.010
   57	0.000
   58	0.000
   59	0.000
   60	0.000
   61	0.010
   62	0.010
   63	0.000
   64	0.000
   65	0.010
   66	0.000
   67	0.010
   68	0.000
   69	0.010
   70	0.030
   71	0.000
   72	0.000
   73	0.010
   74	0.000
   75	0.000
   76	0.000
   77	0.010
   78	0.000
   79	0.000
   80	0.000
   81	0.010
   82	0.010
   83	0.010
   84	0.010
   85	0.010
   86	0.020
   87	0.010
   88	0.010
   89	0.010
   90	0.000
   91	0.000
   92	0.010
   93	0.010
   94	0.000
   95	0.000
   96	0.010
   97	0.000
   98	0.000
   99	0.010
  100	0.000
;
set c[0,50] :=
50    8     16    24    32    40    48    57    65    73    81    89    97
1     9     17    25    33    41    49    58    66    74    82    90    98
2     10    18    26    34    42    51    59    67    75    83    91    99
3     11    19    27    35    43    52    60    68    76    84    92    100
4     12    20    28    36    44    53    61    69    77    85    93
5     13    21    29    37    45    54    62    70    78    86    94
6     14    22    30    38    46    55    63    71    79    87    95
7     15    23    31    39    47    56    64    72    80    88    96;
set c[1,50] :=
50    8     16    24    32    40    48    57    65    73    81    89    97
1     9     17    25    33    41    49    58    66    74    82    90    98
2     10    18    26    34    42    51    59    67    75    83    91    99
3     11    19    27    35    43    52    60    68    76    84    92    100
4     12    20    28    36    44    53    61    69    77    85    93
5     13    21    29    37    45    54    62    70    78    86    94
6     14    22    30    38    46    55    63    71    79    87    95
7     15    23    31    39    47    56    64    72    80    88    96;
set c[2,50] :=
50    8     16    24    32    40    48    57    65    73    81    89    97
1     9     17    25    33    41    49    58    66    74    82    90    98
2     10    18    26    34    42    51    59    67    75    83    91    99
3     11    19    27    35    43    52    60    68    76    84    92    100
4     12    20    28    36    44    53    61    69    77    85    93
5     13    21    29    37    45    54    62    70    78    86    94
6     14    22    30    38    46    55    63    71    79    87    95
7     15    23    31    39    47    56    64    72    80    88    96;
set c[3,50] :=
50    8     16    24    32    40    48    57    65    73    81    89    97
1     9     17    25    33    41    49    58    66    74    82    90    98
2     10    18    26    34    42    51    59    67    75    83    91    99
3     11    19    27    35    43    52    60    68    76    84    92    100
4     12    20    28    36    44    53    61    69    77    85    93
5     13    21    29    37    45    54    62    70    78    86    94
6     14    22    30    38    46    55    63    71    79    87    95
7     15    23    31    39    47    56    64    72    80    88    96;
set c[4,47] :=
47    13    24    27    32    43    58    64    74    91    98
8     21    26    31    40    57    59    71    75    94    100;
set c[4,79] := 79 1 7 9 10 17 19 20 28 42 72 76 78 90 97;
set c[4,41] := 41 4 33 80;
set c[4,49] := 49 25 34 54 60 66;
set c[4,95] := 95 53 63;
set c[4,46] := 46 5 11 12 14 15 22 35 36 39 48 51 62 67 68 70 83 84 86 87;
set c[4,18] := 18 6 23 30 37 38 44 45 52 55 61 65 69 73 77 82 85 88 89 96;
set c[4,2] := 2 50 3 16 29 56 81 92 93 99;
set c[5,47] :=
47    13    24    27    32    43    58    64    74    91    98
8     21    26    31    40    57    59    71    75    94    100;
set c[5,79] := 79 1 7 9 10 17 19 20 28 42 72 76 78 90 97;
set c[5,41] := 41 4 33 80;
set c[5,49] := 49 25 34 54 60 66;
set c[5,95] := 95 53 63;
set c[5,46] := 46 5 11 12 14 15 22 35 36 39 48 51 62 67 68 70 83 84 86 87;
set c[5,18] := 18 6 23 30 37 38 44 45 52 55 61 65 69 73 77 82 85 88 89 96;
set c[5,2] := 2 50 3 16 29 56 81 92 93 99;
set c[6,47] :=
47    13    24    27    32    43    58    64    74    91    98
8     21    26    31    40    57    59    71    75    94    100;
set c[6,10] := 10 79 1 7 9 17 19 20 28 42 72 76 78 90 97;
set c[6,80] := 80 41 4 33;
set c[6,49] := 49 25 34 54 60 66;
set c[6,95] := 95 53 63;
set c[6,46] := 46 5 11 12 14 15 22 35 36 39 48 51 62 67 68 70 83 84 86 87;
set c[6,45] := 45 82;
set c[6,77] := 77 85 89;
set c[6,73] := 73;
set c[6,23] := 23 52;
set c[6,65] := 65;
set c[6,6] := 6;
set c[6,55] := 55 88;
set c[6,18] := 18 37 38 96;
set c[6,69] := 69 30 44 61;
set c[6,2] := 2;
set c[6,92] := 92;
set c[6,81] := 81;
set c[6,93] := 93 50 56 99;
set c[6,3] := 3 16 29;
set c[7,47] :=
47    13    24    27    32    43    58    64    74    91    98
8     21    26    31    40    57    59    71    75    94    100;
set c[7,10] := 10 79 1 7 9 17 19 20 28 42 72 76 78 90 97;
set c[7,33] := 33 80 41 4;
set c[7,49] := 49 25 34 54 60 66;
set c[7,95] := 95 53 63;
set c[7,14] := 14;
set c[7,46] := 46;
set c[7,15] := 15;
set c[7,36] := 36;
set c[7,62] := 62;
set c[7,83] := 83;
set c[7,48] := 48;
set c[7,5] := 5;
set c[7,22] := 22;
set c[7,67] := 67;
set c[7,11] := 11;
set c[7,87] := 87;
set c[7,84] := 84;
set c[7,39] := 39 12 68 86;
set c[7,70] := 70 35 51;
set c[7,45] := 45 82;
set c[7,77] := 77 85 89;
set c[7,73] := 73;
set c[7,23] := 23 52;
set c[7,65] := 65;
set c[7,6] := 6;
set c[7,55] := 55 88;
set c[7,18] := 18 38;
set c[7,96] := 96;
set c[7,37] := 37;
set c[7,30] := 30 69 44 61;
set c[7,2] := 2;
set c[7,92] := 92;
set c[7,81] := 81;
set c[7,56] := 56 93 50 99;
set c[7,29] := 29 3 16;
set c[8,43] :=
43    8     21    26    31    40    58    64    74    91    98
47    13    24    27    32    57    59    71    75    94    100;
set c[8,78] := 78 10 79 1 7 9 17 19 20 28 42 72 76 90 97;
set c[8,41] := 41 33 80 4;
set c[8,49] := 49 25 34 54 60 66;
set c[8,95] := 95 53 63;
set c[8,14] := 14;
set c[8,46] := 46;
set c[8,15] := 15;
set c[8,36] := 36;
set c[8,62] := 62;
set c[8,83] := 83;
set c[8,48] := 48;
set c[8,5] := 5;
set c[8,22] := 22;
set c[8,67] := 67;
set c[8,11] := 11;
set c[8,87] := 87;
set c[8,84] := 84;
set c[8,39] := 39 12 68 86;
set c[8,51] := 51 70 35;
set c[8,45] := 45 82;
set c[8,77] := 77 85 89;
set c[8,73] := 73;
set c[8,23] := 23 52;
set c[8,65] := 65;
set c[8,6] := 6;
set c[8,55] := 55 88;
set c[8,18] := 18 38;
set c[8,96] := 96;
set c[8,37] := 37;
set c[8,30] := 30 69 44 61;
set c[8,2] := 2;
set c[8,92] := 92;
set c[8,81] := 81;
set c[8,56] := 56 93 50 99;
set c[8,29] := 29 3 16;
set c[9,71] :=
71    47    13    24    27    32    57    59    74    91    98
43    8     21    26    31    40    58    64    75    94    100;
set c[9,78] := 78 10 79 1 7 9 17 19 20 28 42 72 76 90 97;
set c[9,4] := 4 41 33 80;
set c[9,49] := 49 25 34 54 60 66;
set c[9,95] := 95 53 63;
set c[9,14] := 14;
set c[9,46] := 46;
set c[9,15] := 15;
set c[9,36] := 36;
set c[9,62] := 62;
set c[9,83] := 83;
set c[9,48] := 48;
set c[9,5] := 5;
set c[9,22] := 22;
set c[9,67] := 67;
set c[9,11] := 11;
set c[9,87] := 87;
set c[9,84] := 84;
set c[9,68] := 68 39 12 86;
set c[9,51] := 51 70 35;
set c[9,45] := 45 82;
set c[9,77] := 77 85 89;
set c[9,73] := 73;
set c[9,23] := 23 52;
set c[9,65] := 65;
set c[9,6] := 6;
set c[9,55] := 55 88;
set c[9,18] := 18 38;
set c[9,96] := 96;
set c[9,37] := 37;
set c[9,30] := 30 69 44 61;
set c[9,2] := 2;
set c[9,92] := 92;
set c[9,81] := 81;
set c[9,93] := 93 56 50 99;
set c[9,29] := 29 3 16;
set c[10,71] :=
71    47    13    24    27    32    57    59    74    91    98
43    8     21    26    31    40    58    64    75    94    100;
set c[10,79] := 79 78 10 1 7 9 17 19 20 28 42 72 76 90 97;
set c[10,4] := 4 41 33 80;
set c[10,34] := 34 49 25 54 60 66;
set c[10,63] := 63 95 53;
set c[10,14] := 14;
set c[10,46] := 46;
set c[10,15] := 15;
set c[10,36] := 36;
set c[10,62] := 62;
set c[10,83] := 83;
set c[10,48] := 48;
set c[10,5] := 5;
set c[10,22] := 22;
set c[10,67] := 67;
set c[10,11] := 11;
set c[10,87] := 87;
set c[10,84] := 84;
set c[10,68] := 68 39 12 86;
set c[10,51] := 51 70 35;
set c[10,45] := 45 82;
set c[10,77] := 77 85 89;
set c[10,73] := 73;
set c[10,23] := 23 52;
set c[10,65] := 65;
set c[10,6] := 6;
set c[10,55] := 55 88;
set c[10,18] := 18 38;
set c[10,96] := 96;
set c[10,37] := 37;
set c[10,30] := 30 69 44 61;
set c[10,2] := 2;
set c[10,92] := 92;
set c[10,81] := 81;
set c[10,99] := 99 93 56 50;
set c[10,16] := 16 29 3;
set c[11,8] :=
8     43    13    24    27    32    57    59    74    91    98
71    47    21    26    31    40    58    64    75    94    100;
set c[11,79] := 79 78 10 1 7 9 17 19 20 28 42 72 76 90 97;
set c[11,41] := 41 4 33 80;
set c[11,66] := 66 34 49 25 54 60;
set c[11,63] := 63 95 53;
set c[11,14] := 14;
set c[11,46] := 46;
set c[11,15] := 15;
set c[11,36] := 36;
set c[11,62] := 62;
set c[11,83] := 83;
set c[11,48] := 48;
set c[11,5] := 5;
set c[11,22] := 22;
set c[11,67] := 67;
set c[11,11] := 11;
set c[11,87] := 87;
set c[11,84] := 84;
set c[11,68] := 68 39 12 86;
set c[11,51] := 51 70 35;
set c[11,45] := 45 82;
set c[11,77] := 77 85 89;
set c[11,73] := 73;
set c[11,23] := 23 52;
set c[11,65] := 65;
set c[11,6] := 6;
set c[11,55] := 55 88;
set c[11,18] := 18 38;
set c[11,96] := 96;
set c[11,37] := 37;
set c[11,30] := 30 69 44 61;
set c[11,2] := 2;
set c[11,92] := 92;
set c[11,81] := 81;
set c[11,99] := 99 93 56 50;
set c[11,16] := 16 29 3;
set c[12,47] :=
47    71    13    24    27    32    57    59    74    91    98
8     43    21    26    31    40    58    64    75    94    100;
set c[12,10] := 10 79 78 1 7 9 17 19 20 28 42 72 76 90 97;
set c[12,80] := 80 41 4 33;
set c[12,66] := 66 34 49 25 54 60;
set c[12,95] := 95 63 53;
set c[12,14] := 14;
set c[12,46] := 46;
set c[12,15] := 15;
set c[12,36] := 36;
set c[12,62] := 62;
set c[12,83] := 83;
set c[12,48] := 48;
set c[12,5] := 5;
set c[12,22] := 22;
set c[12,67] := 67;
set c[12,11] := 11;
set c[12,87] := 87;
set c[12,84] := 84;
set c[12,68] := 68 39 12 86;
set c[12,35] := 35 51 70;
set c[12,45] := 45 82;
set c[12,89] := 89 77 85;
set c[12,73] := 73;
set c[12,23] := 23 52;
set c[12,65] := 65;
set c[12,6] := 6;
set c[12,55] := 55 88;
set c[12,18] := 18 38;
set c[12,96] := 96;
set c[12,37] := 37;
set c[12,44] := 44 30 69 61;
set c[12,2] := 2;
set c[12,92] := 92;
set c[12,81] := 81;
set c[12,99] := 99 93 56 50;
set c[12,16] := 16 29 3;
set c[13,94] :=
94    8     43    21    26    31    40    58    64    75    98
47    71    13    24    27    32    57    59    74    91    100;
set c[13,28] := 28 10 79 78 1 7 9 17 19 20 42 72 76 90 97;
set c[13,80] := 80 41 4 33;
set c[13,60] := 60 66 34 49 25 54;
set c[13,95] := 95 63 53;
set c[13,14] := 14;
set c[13,46] := 46;
set c[13,15] := 15;
set c[13,36] := 36;
set c[13,62] := 62;
set c[13,83] := 83;
set c[13,48] := 48;
set c[13,5] := 5;
set c[13,22] := 22;
set c[13,67] := 67;
set c[13,11] := 11;
set c[13,87] := 87;
set c[13,84] := 84;
set c[13,12] := 12 68 39 86;
set c[13,70] := 70 35 51;
set c[13,45] := 45 82;
set c[13,77] := 77 89 85;
set c[13,73] := 73;
set c[13,23] := 23 52;
set c[13,65] := 65;
set c[13,6] := 6;
set c[13,55] := 55 88;
set c[13,18] := 18 38;
set c[13,96] := 96;
set c[13,37] := 37;
set c[13,61] := 61 44 30 69;
set c[13,2] := 2;
set c[13,92] := 92;
set c[13,81] := 81;
set c[13,99] := 99 93 56 50;
set c[13,3] := 3 16 29;
set c[14,91] :=
91    47    71    13    24    27    32    57    59    74    98
94    8     43    21    26    31    40    58    64    75    100;
set c[14,42] := 42 28 10 79 78 1 7 9 17 19 20 72 76 90 97;
set c[14,41] := 41 80 4 33;
set c[14,66] := 66 60 34 49 25 54;
set c[14,95] := 95 63 53;
set c[14,14] := 14;
set c[14,46] := 46;
set c[14,15] := 15;
set c[14,36] := 36;
set c[14,62] := 62;
set c[14,83] := 83;
set c[14,48] := 48;
set c[14,5] := 5;
set c[14,22] := 22;
set c[14,67] := 67;
set c[14,11] := 11;
set c[14,87] := 87;
set c[14,84] := 84;
set c[14,86] := 86 12 68 39;
set c[14,70] := 70 35 51;
set c[14,45] := 45 82;
set c[14,89] := 89 77 85;
set c[14,73] := 73;
set c[14,23] := 23 52;
set c[14,65] := 65;
set c[14,6] := 6;
set c[14,55] := 55 88;
set c[14,18] := 18 38;
set c[14,96] := 96;
set c[14,37] := 37;
set c[14,44] := 44 61 30 69;
set c[14,2] := 2;
set c[14,92] := 92;
set c[14,81] := 81;
set c[14,99] := 99 93 56 50;
set c[14,3] := 3 16 29;
set c[15,64] :=
64    94    8     43    21    26    31    40    58    74    98
91    47    71    13    24    27    32    57    59    75    100;
set c[15,17] := 17 42 28 10 79 78 1 7 9 19 20 72 76 90 97;
set c[15,4] := 4 41 80 33;
set c[15,54] := 54 66 60 34 49 25;
set c[15,63] := 63 95 53;
set c[15,14] := 14;
set c[15,46] := 46;
set c[15,15] := 15;
set c[15,36] := 36;
set c[15,62] := 62;
set c[15,83] := 83;
set c[15,48] := 48;
set c[15,5] := 5;
set c[15,22] := 22;
set c[15,67] := 67;
set c[15,11] := 11;
set c[15,87] := 87;
set c[15,84] := 84;
set c[15,86] := 86 12 68 39;
set c[15,35] := 35 70 51;
set c[15,45] := 45 82;
set c[15,85] := 85 89 77;
set c[15,73] := 73;
set c[15,23] := 23;
set c[15,52] := 52;
set c[15,65] := 65;
set c[15,6] := 6;
set c[15,55] := 55 88;
set c[15,18] := 18;
set c[15,38] := 38;
set c[15,96] := 96;
set c[15,37] := 37;
set c[15,61] := 61;
set c[15,69] := 69;
set c[15,44] := 44;
set c[15,30] := 30;
set c[15,2] := 2;
set c[15,92] := 92;
set c[15,81] := 81;
set c[15,50] := 50 56;
set c[15,99] := 99;
set c[15,93] := 93;
set c[15,3] := 3;
set c[15,16] := 16;
set c[15,29] := 29;
set c[16,13] :=
13    91    47    71    21    26    31    40    58    74    98
64    94    8     43    24    27    32    57    59    75    100;
set c[16,9] := 9 17 42 28 10 79 78 1 7 19 20 72 76 90 97;
set c[16,80] := 80 4 41 33;
set c[16,60] := 60 54 66 34 49 25;
set c[16,95] := 95 63 53;
set c[16,14] := 14;
set c[16,46] := 46;
set c[16,15] := 15;
set c[16,36] := 36;
set c[16,62] := 62;
set c[16,83] := 83;
set c[16,48] := 48;
set c[16,5] := 5;
set c[16,22] := 22;
set c[16,67] := 67;
set c[16,11] := 11;
set c[16,87] := 87;
set c[16,84] := 84;
set c[16,12] := 12 86 68 39;
set c[16,35] := 35 70 51;
set c[16,45] := 45 82;
set c[16,89] := 89;
set c[16,85] := 85;
set c[16,77] := 77;
set c[16,73] := 73;
set c[16,23] := 23;
set c[16,52] := 52;
set c[16,65] := 65;
set c[16,6] := 6;
set c[16,55] := 55 88;
set c[16,18] := 18;
set c[16,38] := 38;
set c[16,96] := 96;
set c[16,37] := 37;
set c[16,61] := 61;
set c[16,69] := 69;
set c[16,44] := 44;
set c[16,30] := 30;
set c[16,2] := 2;
set c[16,92] := 92;
set c[16,81] := 81;
set c[16,50] := 50;
set c[16,56] := 56;
set c[16,99] := 99;
set c[16,93] := 93;
set c[16,3] := 3;
set c[16,16] := 16;
set c[16,29] := 29;
set c[17,71] :=
71    64    94    8     21    26    31    40    58    74    98
13    91    47    43    24    27    32    57    59    75    100;
set c[17,79] := 79 9 17 42 28 10 78 1 7 19 20 72 76 90 97;
set c[17,80] := 80 4 41 33;
set c[17,49] := 49 60 54 66 34 25;
set c[17,63] := 63 95 53;
set c[17,14] := 14;
set c[17,46] := 46;
set c[17,15] := 15;
set c[17,36] := 36;
set c[17,62] := 62;
set c[17,83] := 83;
set c[17,48] := 48;
set c[17,5] := 5;
set c[17,22] := 22;
set c[17,67] := 67;
set c[17,11] := 11;
set c[17,87] := 87;
set c[17,84] := 84;
set c[17,39] := 39 12 86 68;
set c[17,51] := 51 35 70;
set c[17,45] := 45 82;
set c[17,89] := 89;
set c[17,85] := 85;
set c[17,77] := 77;
set c[17,73] := 73;
set c[17,23] := 23;
set c[17,52] := 52;
set c[17,65] := 65;
set c[17,6] := 6;
set c[17,55] := 55 88;
set c[17,18] := 18;
set c[17,38] := 38;
set c[17,96] := 96;
set c[17,37] := 37;
set c[17,61] := 61;
set c[17,69] := 69;
set c[17,44] := 44;
set c[17,30] := 30;
set c[17,2] := 2;
set c[17,92] := 92;
set c[17,81] := 81;
set c[17,50] := 50;
set c[17,56] := 56;
set c[17,99] := 99;
set c[17,93] := 93;
set c[17,3] := 3;
set c[17,16] := 16;
set c[17,29] := 29;
set c[18,98] :=
98    13    91    47    43    24    27    32    57    59    75
71    64    94    8     21    26    31    40    58    74    100;
set c[18,72] := 72 79 9 17 42 28 10 78 1 7 19 20 76 90 97;
set c[18,41] := 41 80 4 33;
set c[18,49] := 49 60 54 66 34 25;
set c[18,95] := 95 63 53;
set c[18,14] := 14;
set c[18,46] := 46;
set c[18,15] := 15;
set c[18,36] := 36;
set c[18,62] := 62;
set c[18,83] := 83;
set c[18,48] := 48;
set c[18,5] := 5;
set c[18,22] := 22;
set c[18,67] := 67;
set c[18,11] := 11;
set c[18,87] := 87;
set c[18,84] := 84;
set c[18,86] := 86 39 12 68;
set c[18,70] := 70 51 35;
set c[18,45] := 45 82;
set c[18,89] := 89;
set c[18,85] := 85;
set c[18,77] := 77;
set c[18,73] := 73;
set c[18,23] := 23;
set c[18,52] := 52;
set c[18,65] := 65;
set c[18,6] := 6;
set c[18,55] := 55 88;
set c[18,18] := 18;
set c[18,38] := 38;
set c[18,96] := 96;
set c[18,37] := 37;
set c[18,61] := 61;
set c[18,69] := 69;
set c[18,44] := 44;
set c[18,30] := 30;
set c[18,2] := 2;
set c[18,92] := 92;
set c[18,81] := 81;
set c[18,50] := 50;
set c[18,56] := 56;
set c[18,99] := 99;
set c[18,93] := 93;
set c[18,3] := 3;
set c[18,16] := 16;
set c[18,29] := 29;
set c[19,32] :=
32    71    64    94    8     21    26    31    57    59    75
98    13    91    47    43    24    27    40    58    74    100;
set c[19,42] := 42 72 79 9 17 28 10 78 1 7 19 20 76 90 97;
set c[19,41] := 41 80 4 33;
set c[19,66] := 66 49 60 54 34 25;
set c[19,63] := 63 95 53;
set c[19,14] := 14;
set c[19,46] := 46;
set c[19,15] := 15;
set c[19,36] := 36;
set c[19,62] := 62;
set c[19,83] := 83;
set c[19,48] := 48;
set c[19,5] := 5;
set c[19,22] := 22;
set c[19,67] := 67;
set c[19,11] := 11;
set c[19,87] := 87;
set c[19,84] := 84;
set c[19,68] := 68 86 39 12;
set c[19,51] := 51 70 35;
set c[19,45] := 45 82;
set c[19,89] := 89;
set c[19,85] := 85;
set c[19,77] := 77;
set c[19,73] := 73;
set c[19,23] := 23;
set c[19,52] := 52;
set c[19,65] := 65;
set c[19,6] := 6;
set c[19,55] := 55 88;
set c[19,18] := 18;
set c[19,38] := 38;
set c[19,96] := 96;
set c[19,37] := 37;
set c[19,61] := 61;
set c[19,69] := 69;
set c[19,44] := 44;
set c[19,30] := 30;
set c[19,2] := 2;
set c[19,92] := 92;
set c[19,81] := 81;
set c[19,50] := 50;
set c[19,56] := 56;
set c[19,99] := 99;
set c[19,93] := 93;
set c[19,3] := 3;
set c[19,16] := 16;
set c[19,29] := 29;
set c[20,71] :=
71    98    64    94    8     21    26    31    57    59    75
32    13    91    47    43    24    27    40    58    74    100;
set c[20,17] := 17 42 72 79 9 28 10 78 1 7 19 20 76 90 97;
set c[20,33] := 33 41 80 4;
set c[20,49] := 49 66 60 54 34 25;
set c[20,95] := 95 63 53;
set c[20,14] := 14;
set c[20,46] := 46;
set c[20,15] := 15;
set c[20,36] := 36;
set c[20,62] := 62;
set c[20,83] := 83;
set c[20,48] := 48;
set c[20,5] := 5;
set c[20,22] := 22;
set c[20,67] := 67;
set c[20,11] := 11;
set c[20,87] := 87;
set c[20,84] := 84;
set c[20,86] := 86 68 39 12;
set c[20,51] := 51 70 35;
set c[20,45] := 45 82;
set c[20,89] := 89;
set c[20,85] := 85;
set c[20,77] := 77;
set c[20,73] := 73;
set c[20,23] := 23;
set c[20,52] := 52;
set c[20,65] := 65;
set c[20,6] := 6;
set c[20,55] := 55 88;
set c[20,18] := 18;
set c[20,38] := 38;
set c[20,96] := 96;
set c[20,37] := 37;
set c[20,61] := 61;
set c[20,69] := 69;
set c[20,44] := 44;
set c[20,30] := 30;
set c[20,2] := 2;
set c[20,92] := 92;
set c[20,81] := 81;
set c[20,50] := 50;
set c[20,56] := 56;
set c[20,99] := 99;
set c[20,93] := 93;
set c[20,3] := 3;
set c[20,16] := 16;
set c[20,29] := 29;
set c[21,47] :=
47    32    13    91    8     21    26    31    57    59    75
71    98    64    94    43    24    27    40    58    74    100;
set c[21,10] := 10 17 42 72 79 9 28 78 1 7 19 20 76 90 97;
set c[21,33] := 33 41 80 4;
set c[21,54] := 54 49 66 60 34 25;
set c[21,63] := 63 95 53;
set c[21,14] := 14;
set c[21,46] := 46;
set c[21,15] := 15;
set c[21,36] := 36;
set c[21,62] := 62;
set c[21,83] := 83;
set c[21,48] := 48;
set c[21,5] := 5;
set c[21,22] := 22;
set c[21,67] := 67;
set c[21,11] := 11;
set c[21,87] := 87;
set c[21,84] := 84;
set c[21,86] := 86 68 39 12;
set c[21,51] := 51 70 35;
set c[21,45] := 45 82;
set c[21,89] := 89;
set c[21,85] := 85;
set c[21,77] := 77;
set c[21,73] := 73;
set c[21,23] := 23;
set c[21,52] := 52;
set c[21,65] := 65;
set c[21,6] := 6;
set c[21,55] := 55 88;
set c[21,18] := 18;
set c[21,38] := 38;
set c[21,96] := 96;
set c[21,37] := 37;
set c[21,61] := 61;
set c[21,69] := 69;
set c[21,44] := 44;
set c[21,30] := 30;
set c[21,2] := 2;
set c[21,92] := 92;
set c[21,81] := 81;
set c[21,50] := 50;
set c[21,56] := 56;
set c[21,99] := 99;
set c[21,93] := 93;
set c[21,3] := 3;
set c[21,16] := 16;
set c[21,29] := 29;
set c[22,47] :=
47    32    13    91    8     21    26    31    57    59    75
71    98    64    94    43    24    27    40    58    74    100;
set c[22,42] := 42 10 17 72 79 9 28 78 1 7 19 20 76 90 97;
set c[22,33] := 33 41 80 4;
set c[22,49] := 49 54 66 60 34 25;
set c[22,95] := 95 63 53;
set c[22,14] := 14;
set c[22,46] := 46;
set c[22,15] := 15;
set c[22,36] := 36;
set c[22,62] := 62;
set c[22,83] := 83;
set c[22,48] := 48;
set c[22,5] := 5;
set c[22,22] := 22;
set c[22,67] := 67;
set c[22,11] := 11;
set c[22,87] := 87;
set c[22,84] := 84;
set c[22,12] := 12 86 68 39;
set c[22,70] := 70 51 35;
set c[22,45] := 45 82;
set c[22,89] := 89;
set c[22,85] := 85;
set c[22,77] := 77;
set c[22,73] := 73;
set c[22,23] := 23;
set c[22,52] := 52;
set c[22,65] := 65;
set c[22,6] := 6;
set c[22,55] := 55 88;
set c[22,18] := 18;
set c[22,38] := 38;
set c[22,96] := 96;
set c[22,37] := 37;
set c[22,61] := 61;
set c[22,69] := 69;
set c[22,44] := 44;
set c[22,30] := 30;
set c[22,2] := 2;
set c[22,92] := 92;
set c[22,81] := 81;
set c[22,50] := 50;
set c[22,56] := 56;
set c[22,99] := 99;
set c[22,93] := 93;
set c[22,3] := 3;
set c[22,16] := 16;
set c[22,29] := 29;
set c[23,57] :=
57    71    98    64    94    43    24    27    40    59    75
47    32    13    91    8     21    26    31    58    74    100;
set c[23,79] := 79 42 10 17 72 9 28 78 1 7 19 20 76 90 97;
set c[23,33] := 33 41 80 4;
set c[23,49] := 49 54 66 60 34 25;
set c[23,95] := 95 63 53;
set c[23,14] := 14;
set c[23,46] := 46;
set c[23,15] := 15;
set c[23,36] := 36;
set c[23,62] := 62;
set c[23,83] := 83;
set c[23,48] := 48;
set c[23,5] := 5;
set c[23,22] := 22;
set c[23,67] := 67;
set c[23,11] := 11;
set c[23,87] := 87;
set c[23,84] := 84;
set c[23,12] := 12 86 68 39;
set c[23,70] := 70 51 35;
set c[23,45] := 45 82;
set c[23,89] := 89;
set c[23,85] := 85;
set c[23,77] := 77;
set c[23,73] := 73;
set c[23,23] := 23;
set c[23,52] := 52;
set c[23,65] := 65;
set c[23,6] := 6;
set c[23,55] := 55 88;
set c[23,18] := 18;
set c[23,38] := 38;
set c[23,96] := 96;
set c[23,37] := 37;
set c[23,61] := 61;
set c[23,69] := 69;
set c[23,44] := 44;
set c[23,30] := 30;
set c[23,2] := 2;
set c[23,92] := 92;
set c[23,81] := 81;
set c[23,50] := 50;
set c[23,56] := 56;
set c[23,99] := 99;
set c[23,93] := 93;
set c[23,3] := 3;
set c[23,16] := 16;
set c[23,29] := 29;
set c[24,57] :=
57    71    98    64    94    43    24    27    40    59    75
47    32    13    91    8     21    26    31    58    74    100;
set c[24,97] := 97 79 42 10 17 72 9 28 78 1 7 19 20 76 90;
set c[24,41] := 41 33 80 4;
set c[24,49] := 49 54 66 60 34 25;
set c[24,63] := 63 95 53;
set c[24,14] := 14;
set c[24,46] := 46;
set c[24,15] := 15;
set c[24,36] := 36;
set c[24,62] := 62;
set c[24,83] := 83;
set c[24,48] := 48;
set c[24,5] := 5;
set c[24,22] := 22;
set c[24,67] := 67;
set c[24,11] := 11;
set c[24,87] := 87;
set c[24,84] := 84;
set c[24,12] := 12 86 68 39;
set c[24,70] := 70 51 35;
set c[24,45] := 45 82;
set c[24,89] := 89;
set c[24,85] := 85;
set c[24,77] := 77;
set c[24,73] := 73;
set c[24,23] := 23;
set c[24,52] := 52;
set c[24,65] := 65;
set c[24,6] := 6;
set c[24,55] := 55 88;
set c[24,18] := 18;
set c[24,38] := 38;
set c[24,96] := 96;
set c[24,37] := 37;
set c[24,61] := 61;
set c[24,69] := 69;
set c[24,44] := 44;
set c[24,30] := 30;
set c[24,2] := 2;
set c[24,92] := 92;
set c[24,81] := 81;
set c[24,50] := 50;
set c[24,56] := 56;
set c[24,99] := 99;
set c[24,93] := 93;
set c[24,3] := 3;
set c[24,16] := 16;
set c[24,29] := 29;
set c[25,40] :=
40    47    32    13    91    8     21    26    31    59    75
57    71    98    64    94    43    24    27    58    74    100;
set c[25,76] := 76 97 79 42 10 17 72 9 28 78 1 7 19 20 90;
set c[25,41] := 41 33 80 4;
set c[25,54] := 54 49 66 60 34 25;
set c[25,95] := 95 63 53;
set c[25,14] := 14;
set c[25,46] := 46;
set c[25,15] := 15;
set c[25,36] := 36;
set c[25,62] := 62;
set c[25,83] := 83;
set c[25,48] := 48;
set c[25,5] := 5;
set c[25,22] := 22;
set c[25,67] := 67;
set c[25,11] := 11;
set c[25,87] := 87;
set c[25,84] := 84;
set c[25,39] := 39 12;
set c[25,86] := 86 68;
set c[25,70] := 70 51 35;
set c[25,45] := 45;
set c[25,82] := 82;
set c[25,89] := 89;
set c[25,85] := 85;
set c[25,77] := 77;
set c[25,73] := 73;
set c[25,23] := 23;
set c[25,52] := 52;
set c[25,65] := 65;
set c[25,6] := 6;
set c[25,55] := 55;
set c[25,88] := 88;
set c[25,18] := 18;
set c[25,38] := 38;
set c[25,96] := 96;
set c[25,37] := 37;
set c[25,61] := 61;
set c[25,69] := 69;
set c[25,44] := 44;
set c[25,30] := 30;
set c[25,2] := 2;
set c[25,92] := 92;
set c[25,81] := 81;
set c[25,50] := 50;
set c[25,56] := 56;
set c[25,99] := 99;
set c[25,93] := 93;
set c[25,3] := 3;
set c[25,16] := 16;
set c[25,29] := 29;
set c[26,57] :=
57    47    32    13    91    8     21    26    31    59    75
40    71    98    64    94    43    24    27    58    74    100;
set c[26,97] := 97 76 79 42 10 17 72 9 28 78 1 7 19 20 90;
set c[26,41] := 41 33 80 4;
set c[26,54] := 54 49 66 60 34 25;
set c[26,95] := 95 63 53;
set c[26,14] := 14;
set c[26,46] := 46;
set c[26,15] := 15;
set c[26,36] := 36;
set c[26,62] := 62;
set c[26,83] := 83;
set c[26,48] := 48;
set c[26,5] := 5;
set c[26,22] := 22;
set c[26,67] := 67;
set c[26,11] := 11;
set c[26,87] := 87;
set c[26,84] := 84;
set c[26,39] := 39 12;
set c[26,86] := 86 68;
set c[26,70] := 70 51 35;
set c[26,45] := 45;
set c[26,82] := 82;
set c[26,89] := 89;
set c[26,85] := 85;
set c[26,77] := 77;
set c[26,73] := 73;
set c[26,23] := 23;
set c[26,52] := 52;
set c[26,65] := 65;
set c[26,6] := 6;
set c[26,55] := 55;
set c[26,88] := 88;
set c[26,18] := 18;
set c[26,38] := 38;
set c[26,96] := 96;
set c[26,37] := 37;
set c[26,61] := 61;
set c[26,69] := 69;
set c[26,44] := 44;
set c[26,30] := 30;
set c[26,2] := 2;
set c[26,92] := 92;
set c[26,81] := 81;
set c[26,50] := 50;
set c[26,56] := 56;
set c[26,99] := 99;
set c[26,93] := 93;
set c[26,3] := 3;
set c[26,16] := 16;
set c[26,29] := 29;
set c[27,57] :=
57    47    32    13    91    8     21    26    31    59    75
40    71    98    64    94    43    24    27    58    74    100;
set c[27,9] := 9 97 76 79 42 10 17 72 28 78 1 7 19 20 90;
set c[27,33] := 33 41 80 4;
set c[27,54] := 54 49 66 60 34 25;
set c[27,95] := 95 63 53;
set c[27,14] := 14;
set c[27,46] := 46;
set c[27,15] := 15;
set c[27,36] := 36;
set c[27,62] := 62;
set c[27,83] := 83;
set c[27,48] := 48;
set c[27,5] := 5;
set c[27,22] := 22;
set c[27,67] := 67;
set c[27,11] := 11;
set c[27,87] := 87;
set c[27,84] := 84;
set c[27,39] := 39 12;
set c[27,86] := 86 68;
set c[27,70] := 70 51 35;
set c[27,45] := 45;
set c[27,82] := 82;
set c[27,89] := 89;
set c[27,85] := 85;
set c[27,77] := 77;
set c[27,73] := 73;
set c[27,23] := 23;
set c[27,52] := 52;
set c[27,65] := 65;
set c[27,6] := 6;
set c[27,55] := 55;
set c[27,88] := 88;
set c[27,18] := 18;
set c[27,38] := 38;
set c[27,96] := 96;
set c[27,37] := 37;
set c[27,61] := 61;
set c[27,69] := 69;
set c[27,44] := 44;
set c[27,30] := 30;
set c[27,2] := 2;
set c[27,92] := 92;
set c[27,81] := 81;
set c[27,50] := 50;
set c[27,56] := 56;
set c[27,99] := 99;
set c[27,93] := 93;
set c[27,3] := 3;
set c[27,16] := 16;
set c[27,29] := 29;
set c[28,27] :=
27    40    71    98    64    94    43    24    31    59    75
57    47    32    13    91    8     21    26    58    74    100;
set c[28,97] := 97 9 76 79 42 10 17 72 28 78 1 7 19 20 90;
set c[28,33] := 33 41 80 4;
set c[28,60] := 60 54 49 66 34 25;
set c[28,63] := 63 95 53;
set c[28,14] := 14;
set c[28,46] := 46;
set c[28,15] := 15;
set c[28,36] := 36;
set c[28,62] := 62;
set c[28,83] := 83;
set c[28,48] := 48;
set c[28,5] := 5;
set c[28,22] := 22;
set c[28,67] := 67;
set c[28,11] := 11;
set c[28,87] := 87;
set c[28,84] := 84;
set c[28,39] := 39 12;
set c[28,86] := 86 68;
set c[28,70] := 70 51 35;
set c[28,45] := 45;
set c[28,82] := 82;
set c[28,89] := 89;
set c[28,85] := 85;
set c[28,77] := 77;
set c[28,73] := 73;
set c[28,23] := 23;
set c[28,52] := 52;
set c[28,65] := 65;
set c[28,6] := 6;
set c[28,55] := 55;
set c[28,88] := 88;
set c[28,18] := 18;
set c[28,38] := 38;
set c[28,96] := 96;
set c[28,37] := 37;
set c[28,61] := 61;
set c[28,69] := 69;
set c[28,44] := 44;
set c[28,30] := 30;
set c[28,2] := 2;
set c[28,92] := 92;
set c[28,81] := 81;
set c[28,50] := 50;
set c[28,56] := 56;
set c[28,99] := 99;
set c[28,93] := 93;
set c[28,3] := 3;
set c[28,16] := 16;
set c[28,29] := 29;
set c[29,91] :=
91    57    47    32    13    94    43    24    31    59    75
27    40    71    98    64    8     21    26    58    74    100;
set c[29,19] := 19 97 9 76 79 42 10 17 72 28 78 1 7 20 90;
set c[29,33] := 33 41 80 4;
set c[29,25] := 25 60 54 49 66 34;
set c[29,63] := 63 95 53;
set c[29,14] := 14;
set c[29,46] := 46;
set c[29,15] := 15;
set c[29,36] := 36;
set c[29,62] := 62;
set c[29,83] := 83;
set c[29,48] := 48;
set c[29,5] := 5;
set c[29,22] := 22;
set c[29,67] := 67;
set c[29,11] := 11;
set c[29,87] := 87;
set c[29,84] := 84;
set c[29,39] := 39 12;
set c[29,86] := 86 68;
set c[29,70] := 70 51 35;
set c[29,45] := 45;
set c[29,82] := 82;
set c[29,89] := 89;
set c[29,85] := 85;
set c[29,77] := 77;
set c[29,73] := 73;
set c[29,23] := 23;
set c[29,52] := 52;
set c[29,65] := 65;
set c[29,6] := 6;
set c[29,55] := 55;
set c[29,88] := 88;
set c[29,18] := 18;
set c[29,38] := 38;
set c[29,96] := 96;
set c[29,37] := 37;
set c[29,61] := 61;
set c[29,69] := 69;
set c[29,44] := 44;
set c[29,30] := 30;
set c[29,2] := 2;
set c[29,92] := 92;
set c[29,81] := 81;
set c[29,50] := 50;
set c[29,56] := 56;
set c[29,99] := 99;
set c[29,93] := 93;
set c[29,3] := 3;
set c[29,16] := 16;
set c[29,29] := 29;
set c[30,40] :=
40    27    47    32    13    94    43    24    31    59    75
91    57    71    98    64    8     21    26    58    74    100;
set c[30,1] := 1 19 97 9 76 79 42 10 17 72 28 78 7 20 90;
set c[30,4] := 4 33 41 80;
set c[30,54] := 54 25 60 49 66 34;
set c[30,53] := 53 63 95;
set c[30,14] := 14;
set c[30,46] := 46;
set c[30,15] := 15;
set c[30,36] := 36;
set c[30,62] := 62;
set c[30,83] := 83;
set c[30,48] := 48;
set c[30,5] := 5;
set c[30,22] := 22;
set c[30,67] := 67;
set c[30,11] := 11;
set c[30,87] := 87;
set c[30,84] := 84;
set c[30,39] := 39 12;
set c[30,86] := 86 68;
set c[30,70] := 70 51 35;
set c[30,45] := 45;
set c[30,82] := 82;
set c[30,89] := 89;
set c[30,85] := 85;
set c[30,77] := 77;
set c[30,73] := 73;
set c[30,23] := 23;
set c[30,52] := 52;
set c[30,65] := 65;
set c[30,6] := 6;
set c[30,55] := 55;
set c[30,88] := 88;
set c[30,18] := 18;
set c[30,38] := 38;
set c[30,96] := 96;
set c[30,37] := 37;
set c[30,61] := 61;
set c[30,69] := 69;
set c[30,44] := 44;
set c[30,30] := 30;
set c[30,2] := 2;
set c[30,92] := 92;
set c[30,81] := 81;
set c[30,50] := 50;
set c[30,56] := 56;
set c[30,99] := 99;
set c[30,93] := 93;
set c[30,3] := 3;
set c[30,16] := 16;
set c[30,29] := 29;

