#erel:= 0.800;
#emax:= 1564.799;
#q:= 0.000;
#nesce:=    67;
#etime:= 1.439;
#snodes:=  1264;
param nS:=   100;
param nSG:=    30;
param nRVSG :=
 1 24    4 24    7  2   10  2   13  2   16  2   19  2   22  2   25  2   28  2
 2 24    5  2    8  2   11  2   14  2   17  2   20  2   23  2   26  2   29  2
 3 24    6  2    9  2   12  2   15 12   18  2   21  2   24  2   27  2   30 24
;

param ScenF :=
  1  24.5753       46  23.3074       91   7.42179     136   0.3215
  2  27.9125       47  34.7507       92  44.3808      137   0.0947676
  3  29.2361       48  28.4202       93  71.4318      138   0.2398
  4  37.7225       49   0            94  97.5962      139   0.0430255
  5  45.0033       50   0            95  61.2082      140   0.1183
  6  45.4847       51   0            96  66.4442      141   0
  7  46.4473       52   0            97   0           142   0.0334
  8  60.9795       53   0            98   0           143   0
  9  70.8261       54   0            99   0           144   0
 10  62.8587       55   0           100   0           145   0.0534245
 11  65.8681       56   0           101   0           146   0
 12  76.4805       57   0           102   0           147   0.152445
 13  76.4417       58  16.1415      103   0           148   0
 14  75.3485       59  41.5943      104   0           149   0.251427
 15  57.1094       60  48.1833      105   0           150   0
 16  25.4029       61  34.8556      106   0           151   0.304657
 17  37.2032       62  14.6714      107   0           152   0
 18  61.457        63   0           108   0           153   0.287506
 19  67.6759       64   0           109   0.0226906   154   0
 20  37.7706       65   0           110   0.0106      155   0.248265
 21  37.2597       66   0           111   0.0356166   156   0
 22  32.9451       67  42.4651      112   0.0907      157   0.585794
 23  18.7678       68   0           113   0.0803153   158   0.766832
 24  20.7176       69   0           114   0.1718      159   3.08108
 25  37.9774       70   0           115   0.0826034   160  10.799
 26  39.633        71   0           116   0.2367      161  33.2756
 27  41.6619       72   0           117  13.4916      162  29.4212
 28  41.3249       73   0           118  26.2673      163   0
 29  43.1954       74   0           119  29.3628      164   0
 30  38.3219       75   0           120  34.9709      165   0
 31  16.1774       76   0           121  35.4205      166  44.2167
 32   0            77   0           122  62.2584      167 951.628
 33 108.082        78   0           123  93.3663      168 108.47
 34  33.6041       79   0           124  83.5801      169   0
 35  87.3327       80   0           125 103.213       170   0
 36  64.3383       81   0           126  87.7582      171 529.316
 37  43.8366       82   0           127  45.9332      172   0
 38  34.8424       83   0           128  43.5484      173   0
 39  35.3724       84   0           129   0.105177    174   0
 40  39.6338       85   0           130   0.2851      175   0
 41  47.2692       86   0           131   0.131957    176   9.43672
 42  78.796        87   0           132   0.3345      177   0
 43  76.0116       88   0           133   0.137452    178   0
 44 113.602        89   0           134   0.3404      179   0
 45   0            90   0           135   0.122229    180   0
;

param ScenO :=
  1   33.1         46   57.96        91   43.38       136    0.442
  2   24.35        47   38.76        92   83.9        137    0.618
  3   19.57        48   52.36        93   90          138    0.517
  4    7           49   34.47        94   78.29       139    0.462
  5    4.9         50   24.35        95   38.93       140    0.4
  6   21.54        51   19.57        96   26          141    0.287
  7   39.58        52    7           97    0.008      142    0.174
  8   52.98        53    4.9         98    0          143    0.198
  9   77.71        54   21.54        99    0.034      144    0.006
 10   48.38        55   39.58       100    0          145    0.227
 11   30.1         56   52.98       101    0.266      146    0
 12    3.32        57   80.7        102    0          147    0.3
 13    3.32        58   48.38       103    0.655      148    0
 14    0.97        59   30.1        104    0          149    0.36
 15    0.01        60    3.32       105    0.7        150    0
 16    0           61    3.32       106    0          151    0.387
 17    0.51        62    0.97       107    0.692      152    0
 18    5           63    0.01       108    0          153    0.359
 19   48.38        64    0          109    0.749      154    0
 20   79.9         65    0.51       110    0.028      155    0.301
 21   90           66    5          111    0.791      156    0
 22   83.19        67   48.38       112    0.231      157    0.302719
 23   46.08        68   79.9        113    0.889      158    0.832444
 24   33.1         69   90          114    0.46       159    0.2279
 25   40.88        70   83.19       115    0.91       160    0.03
 26   47.36        71   46.08       116    0.618      161    0
 27   50.88        72   33.1        117   -5          162    0.006964
 28   58.32        73   46.54       118   -5          163    0.144265
 29   59.68        74   24.59       119   -3          164    0.218007
 30   50.04        75   17          120   -1.01       165    0.476644
 31   34.72        76    7          121   -2          166    0.230674
 32   36.8         77    3.15       122    0          167    0.179734
 33   54.28        78   12.81       123   32          168    0.045181
 34   39.32        79   31.58       124   78          169    0
 35   30           80   52.98       125   86.7        170   -6.20619
 36    8.52        81   82.71       126   66.55       171 -337
 37    7.04        82   53.22       127   30.08       172    1
 38    5.36        83   49.5        128   20          173  -12.1765
 39    4.56        84   10          129    0.889      174    0.002
 40    7.04        85    3.32       130    0.715      175   -0.040306
 41    8.52        86    0.9        131    0.849      176    0.058198
 42   60.92        87    0.3        132    0.728      177    0.703778
 43   98.28        88    0          133    0.813      178    0.070201
 44   73.2         89    0.3        134    0.586      179    0.007595
 45   47.12        90    3.3        135    0.75       180    0.001511
;

param Scen0 (tr)
 :    1	    2	    3	    4	    5	    6	    7	    8	    9	   10	   11	   12	   13	   14	   15	   16	   17	   18	   19	   20	   21	   22	   23	   24	   25	   26	   27	   28	   29	   30	   31	   32	   33	   34	   35	   36	   37	   38	   39	   40	   41	   42	   43	   44	   45	   46	   47	   48	   49	   50	   51	   52	   53	   54	   55	   56	   57	   58	   59	   60	   61	   62	   63	   64	   65	   66	   67	   68	   69	   70	   71	   72	   73	   74	   75	   76	   77	   78	   79	   80	   81	   82	   83	   84	   85	   86	   87	   88	   89	   90	   91	   92	   93	   94	   95	   96	   97	   98	   99	  100	  101	  102	  103	  104	  105	  106	  107	  108	  109	  110	  111	  112	  113	  114	  115	  116	  117	  118	  119	  120	  121	  122	  123	  124	  125	  126	  127	  128	  129	  130	  131	  132	  133	  134	  135	  136	  137	  138	  139	  140	  141	  142	  143	  144	  145	  146	  147	  148	  149	  150	  151	  152	  153	  154	  155	  156	  157	  158	  159	  160	  161	  162	  163	  164	  165	  166	  167	  168	  169	  170	  171	  172	  173	  174	  175	  176	  177	  178	  179	  180	:=
    1	33.100000	22.935400	22.590800	35.739800	31.727300	46.987100	54.125900	62.675900	67.859500	64.998500	70.697700	67.241800	78.362400	77.105100	62.732100	24.593000	23.175300	46.220200	46.625000	35.276200	17.132600	31.704300	20.090000	23.410000	40.880000	40.396200	37.277400	39.179700	41.583900	51.440100	15.904300	0.000000	96.820100	44.108000	79.297700	59.361700	43.058600	32.819500	30.819100	38.676100	46.507100	79.818600	78.615400	164.256000	36.617600	29.269000	33.518000	22.342400	34.470000	0.000000	0.000000	8.000600	0.000000	0.685829	1.364380	1.266740	0.000000	0.000000	47.443200	44.750700	39.838400	11.579500	0.000000	0.000000	0.000000	0.000000	34.582400	0.000000	0.000000	10.720500	0.000000	13.392500	46.540000	0.000000	0.000000	0.000000	0.000000	0.000000	0.000000	9.916960	0.000000	0.000000	0.000000	0.000000	11.608700	0.000000	0.000000	0.000000	0.000000	0.000000	0.000000	39.217500	62.784600	99.152300	58.785000	65.424900	0.008000	0.000000	0.005734	0.000000	0.030868	0.000000	0.042824	0.000000	0.048150	0.000000	0.096284	0.000000	0.097208	0.014800	0.038400	0.122900	0.083857	0.171400	0.029451	0.192200	-5.000000	26.868000	48.334300	44.762300	46.551100	57.498700	87.505900	81.297100	103.358000	65.237700	45.342700	46.701300	0.216801	1.715200	0.236916	0.119300	0.229325	0.856200	0.209458	0.237400	0.206309	0.207100	0.177246	0.098500	0.115657	0.066800	0.000000	0.000000	0.012093	0.000000	0.085881	0.000000	0.174379	0.000000	0.242288	0.000000	0.274474	0.000000	0.296678	0.000000	0.302719	0.816807	2.994050	10.208800	32.321200	29.600000	0.000000	0.000000	0.173227	41.482700	939.704000	118.882000	0.000000	949.939000	690.878000	0.000000	0.000000	0.000000	4.325310	7.201720	0.000000	0.331525	0.000000	0.001926	
    2	33.100000	24.719300	26.273800	38.346800	34.280200	42.504500	52.609700	61.905500	58.018300	75.934700	74.362900	66.400000	80.513600	77.762400	65.448200	31.241600	26.088800	50.510100	61.182500	37.686300	31.760500	32.060800	18.539100	21.455200	40.880000	37.490800	26.759800	30.794400	35.343500	35.599300	11.934200	11.926200	135.384000	82.447800	78.403700	67.276500	38.029900	33.736700	33.932400	44.496100	44.262900	79.871700	82.327800	147.094000	50.162400	43.168400	37.556500	35.766400	34.470000	0.484140	4.501250	3.181740	1.788500	3.973250	3.131930	5.462150	16.421100	21.876700	43.826900	43.863600	42.775200	18.356500	0.000000	0.000000	0.000000	0.000000	38.245200	0.000000	2.621770	5.805090	3.201560	20.144300	46.540000	5.572860	2.626280	2.622240	13.639200	0.000000	0.000000	9.172120	0.000000	0.000000	3.148000	0.000000	13.185800	0.000000	0.738333	0.826750	2.487670	0.000000	0.000000	38.492000	82.213200	105.740000	55.624100	70.350000	0.008000	0.000000	0.000000	0.000000	0.000000	0.000000	0.000000	0.000000	0.000000	0.000000	0.000000	0.000000	0.000000	0.005300	0.000000	0.126000	0.000000	0.086400	0.000000	0.436600	-5.000000	1.783150	13.716200	22.170900	29.662900	46.751100	93.249400	86.836600	104.178000	65.387600	56.626900	58.796100	0.020409	0.524700	0.063193	0.281600	0.071585	0.190500	0.065782	0.092700	0.152048	0.562400	0.103819	0.082000	0.087010	0.019200	0.061928	0.000000	0.111361	0.000000	0.191970	0.000000	0.264052	0.000000	0.289213	0.000000	0.290742	0.000000	0.285853	0.000000	0.302719	0.755716	2.934240	10.347700	32.715100	30.014200	0.000000	0.022056	0.193669	38.659800	943.130000	109.043000	0.000000	957.112000	662.479000	0.000000	0.000000	0.018249	0.000000	8.332630	0.006212	0.138726	0.000000	0.000000	
    3	33.100000	25.801600	31.504900	37.944400	34.926000	41.508000	50.270000	59.076100	60.961500	71.373100	71.934200	59.008900	76.759900	80.454100	67.230100	27.821000	24.384800	51.663200	55.812700	36.394400	17.157700	28.607500	16.347400	15.142700	40.880000	36.420100	36.557200	37.202100	38.029100	38.050300	9.572500	0.000000	92.457600	30.555400	83.818500	58.483300	39.129200	42.853100	42.513600	43.105600	55.021700	83.105600	98.197900	192.537000	19.033900	30.007600	34.171000	23.810100	34.470000	0.000000	0.000000	9.466620	0.000000	0.000000	0.000000	0.000000	0.843057	22.521500	40.270200	37.611700	45.163400	14.707500	0.000000	2.675080	0.000000	0.000000	39.126100	7.667750	0.000000	0.000000	0.000000	15.747400	46.540000	0.000000	0.000000	0.000000	0.000000	0.000000	1.250530	13.410700	0.000000	5.277770	0.650146	0.000000	7.437320	0.000000	0.000000	0.000000	0.000000	0.000000	0.000000	44.332600	78.647500	109.735000	58.791000	75.505800	0.008000	0.000000	0.010668	0.000000	0.019280	0.000000	0.031806	0.000000	0.010821	0.000000	0.008853	0.000000	0.029933	0.016200	0.010068	0.092500	0.000000	0.166000	0.059781	0.107900	-5.000000	19.838600	34.732800	32.142800	34.676600	54.890400	85.918700	83.609200	105.808000	66.733700	48.325500	47.959700	0.085862	0.305800	0.093581	0.246100	0.054618	0.491600	0.192375	0.404600	0.106646	0.145200	0.018695	0.087000	0.034930	0.028600	0.002322	0.000000	0.069769	0.000000	0.162710	0.000000	0.259167	0.000000	0.304507	0.000000	0.290111	0.000000	0.251309	0.000000	0.302719	1.082710	3.030890	10.827000	33.050500	29.274400	0.000000	0.000000	0.261942	40.956800	900.170000	110.534000	0.000000	1166.150000	657.864000	5.335170	0.000000	0.000000	0.000000	7.948750	0.122704	0.423079	0.000000	0.293930	
    4	33.100000	27.375700	29.055800	37.773200	39.032900	43.665200	46.614800	60.607300	59.465800	67.553400	65.680500	55.960500	80.138600	73.322200	61.407700	23.958100	27.810500	39.541300	61.182500	37.686300	31.760500	32.060800	18.539100	21.455200	40.880000	43.440300	33.392600	36.696000	38.611100	34.809600	14.507100	0.000000	117.556000	33.415700	86.745400	69.203500	52.925700	42.194500	40.185800	42.172900	55.128200	82.697800	82.925800	89.873500	23.061800	31.596000	37.551000	27.897800	34.470000	0.000000	0.000000	3.532810	0.000000	1.343700	0.000000	0.000000	8.804170	19.928600	46.627000	47.184300	37.937400	14.751400	0.000000	0.000000	0.000000	0.000000	43.314900	13.343800	0.000000	7.763490	0.000000	4.170190	46.540000	0.000000	0.000000	0.000000	10.814100	0.000000	0.000000	5.688210	0.000000	7.186950	3.619960	0.000000	15.587000	2.057300	0.000000	0.920061	0.000000	0.000000	0.000000	48.506600	77.760500	100.764000	62.719100	74.819200	0.008000	0.000000	0.021649	0.000000	0.016269	0.000000	0.026105	0.000000	0.024010	0.000000	0.029478	0.000000	0.039298	0.007100	0.039644	0.074200	0.085316	0.262800	0.095788	0.308400	-5.000000	20.406900	30.079600	36.243500	35.485800	60.728800	101.388000	80.010300	103.348000	79.272900	45.723600	50.070400	0.106285	0.406500	0.151506	0.285100	0.183214	0.486200	0.093152	0.407700	0.068659	0.321200	0.014279	0.138500	0.000000	0.043300	0.000000	0.000000	0.025016	0.000000	0.125194	0.000000	0.200493	0.000000	0.242288	0.000000	0.252664	0.000000	0.256201	0.000000	0.302719	0.713128	3.198290	9.586250	31.827900	29.980000	0.000000	0.063581	0.229229	37.245800	937.340000	94.993600	0.000000	1296.610000	687.582000	4.715580	0.000000	1.244920	19.232100	7.660650	0.085513	0.151112	0.000000	0.224219	
    5	33.100000	24.719300	26.273800	38.346800	34.280200	42.504500	52.609700	61.905500	58.018300	75.934700	74.362900	66.400000	80.513600	77.762400	65.448200	31.241600	26.088800	50.510100	61.182500	37.686300	31.760500	32.060800	18.539100	21.455200	40.880000	38.350900	34.013900	41.267400	44.444700	56.407000	13.913100	0.000000	94.257000	36.420900	102.491000	61.479500	40.286800	31.365300	35.006400	36.717800	49.553200	77.323900	91.074900	83.532000	47.583300	32.082400	35.058400	25.236000	34.470000	0.000000	0.000000	2.830040	0.000000	0.000000	1.066190	0.000000	12.398000	22.528000	40.363800	36.553600	32.524300	11.554300	0.000000	0.000000	0.000000	0.000000	43.537700	2.045750	4.037310	2.790060	0.871012	19.080300	46.540000	0.000000	0.000000	0.000000	0.000000	0.000000	0.000000	5.540810	0.000000	0.000000	0.000000	0.000000	7.035970	3.423540	0.000000	0.112127	0.000000	0.000000	0.000000	44.018400	79.361000	105.148000	65.555900	78.461000	0.008000	0.000000	0.000000	0.000000	0.000000	0.000000	0.000000	0.000000	0.000000	0.000000	0.000000	0.000000	0.000000	0.008000	0.000000	0.320800	0.000000	0.479900	0.000000	0.186200	-5.000000	19.838600	34.732800	32.142800	34.676600	54.890400	85.918700	92.486300	108.422000	70.638700	45.378700	51.590700	0.001347	0.153200	0.070433	0.208600	0.102039	0.228800	0.137370	0.225700	0.143843	0.215800	0.090610	0.547100	0.098265	0.069900	0.186944	0.000000	0.304510	0.000000	0.432226	0.000000	0.522184	0.000000	0.567672	0.000000	0.581991	0.000000	0.590575	0.000000	0.302719	0.813790	3.074100	10.551200	32.758600	29.445300	0.000000	0.184614	0.249118	38.737700	916.999000	103.239000	0.000000	1282.370000	730.955000	0.000000	0.000000	1.010550	0.000000	7.653220	0.000000	0.085182	0.000000	0.000000	
    6	33.100000	22.935400	22.590800	35.739800	31.727300	46.987100	54.125900	62.675900	67.859500	64.998500	70.697700	67.241800	78.362400	77.105100	62.732100	24.593000	23.175300	46.220200	46.625000	35.276200	17.132600	31.704300	20.090000	23.410000	40.880000	40.396200	37.277400	39.179700	41.583900	51.440100	15.904300	0.000000	96.820100	44.108000	79.297700	59.361700	43.058600	32.819500	30.819100	38.676100	46.507100	79.818600	78.615400	164.256000	36.617600	29.269000	33.518000	22.342400	34.470000	0.000000	0.000000	8.000600	0.000000	0.685829	1.364380	1.266740	0.000000	0.000000	47.443200	44.750700	39.838400	11.579500	0.000000	0.000000	0.000000	0.000000	34.582400	0.000000	0.000000	10.720500	0.000000	13.392500	46.540000	0.000000	0.000000	0.000000	0.000000	0.000000	0.000000	9.916960	0.000000	0.000000	0.000000	0.000000	11.608700	0.000000	0.000000	0.000000	0.000000	0.000000	0.000000	39.217500	62.784600	99.152300	58.785000	65.424900	0.008000	0.000000	0.005734	0.000000	0.030868	0.000000	0.042824	0.000000	0.048150	0.000000	0.096284	0.000000	0.097208	0.014800	0.038400	0.122900	0.083857	0.171400	0.029451	0.192200	-5.000000	29.890200	69.051100	67.251800	79.909200	106.154000	138.624000	120.216000	112.429000	95.549900	57.579200	51.882000	0.001347	0.333500	0.002104	0.399500	0.000000	0.073600	0.000000	0.292500	0.000000	0.381400	0.000000	0.222600	0.000000	0.024200	0.000000	0.000000	0.000000	0.000000	0.000000	0.000000	0.000000	0.000000	0.048782	0.000000	0.076669	0.000000	0.083552	0.000000	0.302719	1.236570	3.074100	10.551200	32.758600	29.445300	0.000000	0.184614	0.249118	38.737700	916.999000	105.699000	0.000000	1205.270000	686.000000	0.000000	0.000000	0.999191	38.662400	7.053820	0.086036	0.209232	0.000000	0.049289	
    7	33.100000	22.935400	22.590800	35.739800	31.727300	46.987100	54.125900	62.675900	67.859500	64.998500	70.697700	67.241800	78.362400	77.105100	62.732100	24.593000	23.175300	46.220200	46.625000	35.276200	17.132600	31.704300	20.090000	23.410000	40.880000	40.396200	37.277400	39.179700	41.583900	51.440100	15.904300	0.000000	96.820100	44.108000	79.297700	59.361700	43.058600	32.819500	30.819100	38.676100	46.507100	79.818600	78.615400	164.256000	36.617600	29.269000	33.518000	22.342400	34.470000	0.000000	0.000000	8.000600	0.000000	0.685829	1.364380	1.266740	0.000000	0.000000	47.443200	44.750700	39.838400	11.579500	0.000000	0.000000	0.000000	0.000000	34.582400	0.000000	0.000000	10.720500	0.000000	13.392500	46.540000	0.000000	0.000000	0.000000	0.000000	0.000000	0.000000	9.916960	0.000000	0.000000	0.000000	0.000000	11.608700	0.000000	0.000000	0.000000	0.000000	0.000000	0.000000	39.217500	62.784600	99.152300	58.785000	65.424900	0.008000	0.000000	0.005734	0.000000	0.030868	0.000000	0.042824	0.000000	0.048150	0.000000	0.096284	0.000000	0.097208	0.014800	0.038400	0.122900	0.083857	0.171400	0.029451	0.192200	-5.000000	0.000000	12.981200	15.083200	17.765400	34.128700	84.554200	74.717500	99.444400	71.667200	55.861800	55.857900	0.000000	0.315600	0.008565	0.240000	0.000000	0.721800	0.000000	0.454200	0.000000	0.554000	0.000000	0.112800	0.000000	0.018500	0.023741	0.000000	0.130606	0.000000	0.220026	0.000000	0.286918	0.000000	0.354156	0.000000	0.379209	0.000000	0.373488	0.000000	0.302719	0.883836	3.045470	10.455200	32.390500	29.482900	0.000000	0.191728	0.836462	39.581600	920.084000	108.505000	0.000000	1211.340000	713.686000	0.000000	0.000000	0.000000	0.000000	7.888810	0.095290	0.166370	0.000000	0.287179	
    8	33.100000	27.627200	28.021100	39.649300	42.785000	44.573500	50.164100	63.288600	62.233300	76.970100	68.020900	58.599100	75.413600	73.183600	59.042300	18.982900	28.329500	50.574700	50.829800	42.330700	25.136400	32.045600	17.091100	21.554600	40.880000	42.334800	42.197300	44.408800	44.046000	43.804700	17.974000	0.000000	106.112000	48.225300	83.429600	65.631400	43.583800	37.646100	37.589400	43.762400	50.285700	81.314200	67.961000	120.189000	0.000000	25.926600	35.621500	15.034900	34.470000	0.000000	0.637012	7.631820	2.591970	5.379880	3.775730	0.000000	0.000000	21.373500	44.736500	35.154600	35.453600	11.579500	0.000000	0.000000	0.000000	0.000000	34.582400	0.000000	0.000000	10.720500	0.000000	13.392500	46.540000	0.000000	0.000000	0.000000	1.669020	0.000000	0.000000	2.199200	0.000000	3.479000	0.615470	0.000000	9.382050	4.397700	1.791560	5.687130	5.408590	0.000000	0.000000	49.465500	79.557800	102.072000	55.495100	68.635900	0.008000	0.000000	0.021649	0.000000	0.025982	0.000000	0.029251	0.000000	0.040266	0.000000	0.007128	0.000000	0.025046	0.014500	0.034872	0.133700	0.070186	0.240100	0.067557	0.443600	-5.000000	6.821390	21.994300	29.075400	35.602400	59.400600	93.421400	78.149700	97.542000	63.298100	50.080900	56.582300	0.061569	0.419800	0.078873	0.430700	0.098856	0.388500	0.089254	0.498000	0.070974	0.286400	0.009632	0.175200	0.000000	0.049300	0.000000	0.000000	0.065073	0.000000	0.139575	0.000000	0.237895	0.000000	0.284193	0.000000	0.284046	0.000000	0.248021	0.000000	0.302719	0.855192	3.122810	10.749700	32.471000	28.866000	0.000000	0.058586	0.391080	40.511500	909.223000	108.637000	0.000000	1070.160000	674.197000	0.000000	0.000000	0.000000	0.000000	8.011290	0.124379	0.155347	0.000000	0.097790	
    9	33.100000	24.719300	26.273800	38.346800	34.280200	42.504500	52.609700	61.905500	58.018300	75.934700	74.362900	66.400000	80.513600	77.762400	65.448200	31.241600	26.088800	50.510100	61.182500	37.686300	31.760500	32.060800	18.539100	21.455200	40.880000	37.393700	36.997100	43.211600	42.491000	38.140100	20.689000	0.000000	95.403300	42.066700	84.144300	59.837300	44.148100	40.192400	36.799200	44.838800	48.831200	77.275400	79.620100	142.897000	16.678300	40.273200	34.299800	22.354700	34.470000	0.000000	0.000000	5.662850	0.000000	0.000000	0.000000	0.000000	0.000000	0.000000	33.495400	43.280700	39.852000	15.749800	0.000000	3.585230	0.000000	0.000000	46.566000	3.898810	0.000000	17.576900	0.000000	17.671400	46.540000	0.000000	0.000000	0.039156	2.357500	0.000000	0.000000	20.230800	0.000000	5.768250	3.557480	0.000000	24.300700	14.511100	7.916480	14.240500	12.587900	0.000000	1.389840	52.103800	68.343300	120.742000	61.387400	78.591900	0.008000	0.000000	0.018859	0.000000	0.000000	0.000000	0.000000	0.000000	0.000000	0.000000	0.000000	0.000000	0.000000	0.004000	0.151594	0.157200	0.203693	0.178200	0.219701	0.234400	-5.000000	16.075400	29.024700	18.664100	44.013500	76.697500	95.488400	91.705100	138.581000	71.959500	49.617700	70.049700	0.254368	0.390700	0.270180	0.470000	0.274977	0.134700	0.283897	0.612000	0.277804	0.142900	0.235135	0.057100	0.202151	0.073800	0.216887	0.000000	0.292617	0.000000	0.392535	0.000000	0.482566	0.000000	0.523090	0.000000	0.497196	0.000000	0.456979	0.000000	0.302719	0.819621	3.158190	10.708800	33.006400	29.533900	0.000000	0.012749	0.004307	38.837500	879.012000	108.735000	0.000000	1220.430000	658.592000	0.000000	0.000000	0.083747	0.000000	7.404790	0.094200	0.103657	0.000000	0.432737	
   10	33.100000	27.375700	29.055800	37.773200	39.032900	43.665200	46.614800	60.607300	59.465800	67.553400	65.680500	55.960500	80.138600	73.322200	61.407700	23.958100	27.810500	39.541300	61.182500	37.686300	31.760500	32.060800	18.539100	21.455200	40.880000	43.440300	33.392600	36.696000	38.611100	34.809600	14.507100	0.000000	117.556000	33.415700	86.745400	69.203500	52.925700	42.194500	40.185800	42.172900	55.128200	82.697800	82.925800	89.873500	23.061800	31.596000	37.551000	27.897800	34.470000	0.000000	0.000000	3.532810	0.000000	1.343700	0.000000	0.000000	8.804170	19.928600	46.627000	47.184300	37.937400	14.751400	0.000000	0.000000	0.000000	0.000000	43.314900	13.343800	0.000000	7.763490	0.000000	4.170190	46.540000	0.000000	0.000000	0.000000	10.814100	0.000000	0.000000	5.688210	0.000000	7.186950	3.619960	0.000000	15.587000	2.057300	0.000000	0.920061	0.000000	0.000000	0.000000	48.506600	77.760500	100.764000	62.719100	74.819200	0.008000	0.000000	0.021649	0.000000	0.016269	0.000000	0.026105	0.000000	0.024010	0.000000	0.029478	0.000000	0.039298	0.007100	0.039644	0.074200	0.085316	0.262800	0.095788	0.308400	-5.000000	20.406900	30.079600	36.243500	35.485800	60.728800	101.388000	80.010300	103.348000	79.272900	45.723600	50.070400	0.106285	0.406500	0.151506	0.285100	0.183214	0.486200	0.093152	0.407700	0.068659	0.321200	0.014279	0.138500	0.000000	0.043300	0.000000	0.000000	0.025016	0.000000	0.125194	0.000000	0.200493	0.000000	0.242288	0.000000	0.252664	0.000000	0.256201	0.000000	0.302719	0.843733	3.064280	10.810500	33.114700	29.403300	0.000000	0.000000	0.125818	42.006600	931.323000	108.306000	0.000000	909.929000	650.622000	0.542162	0.000000	0.216887	0.000000	8.086150	0.104014	0.083869	0.000000	0.140002	
   11	33.100000	22.935400	22.590800	35.739800	31.727300	46.987100	54.125900	62.675900	67.859500	64.998500	70.697700	67.241800	78.362400	77.105100	62.732100	24.593000	23.175300	46.220200	46.625000	35.276200	17.132600	31.704300	20.090000	23.410000	40.880000	40.396200	37.277400	39.179700	41.583900	51.440100	15.904300	0.000000	96.820100	44.108000	79.297700	59.361700	43.058600	32.819500	30.819100	38.676100	46.507100	79.818600	78.615400	164.256000	36.617600	29.269000	33.518000	22.342400	34.470000	0.000000	0.000000	8.000600	0.000000	0.685829	1.364380	1.266740	0.000000	0.000000	47.443200	44.750700	39.838400	11.579500	0.000000	0.000000	0.000000	0.000000	34.582400	0.000000	0.000000	10.720500	0.000000	13.392500	46.540000	0.000000	0.000000	0.000000	0.000000	0.000000	0.000000	9.916960	0.000000	0.000000	0.000000	0.000000	11.608700	0.000000	0.000000	0.000000	0.000000	0.000000	0.000000	39.217500	62.784600	99.152300	58.785000	65.424900	0.008000	0.000000	0.005734	0.000000	0.030868	0.000000	0.042824	0.000000	0.048150	0.000000	0.096284	0.000000	0.097208	0.014800	0.038400	0.122900	0.096606	0.259200	0.099905	0.363400	-5.000000	10.053600	25.221000	23.723000	30.984200	54.225800	95.545800	96.569300	95.719300	60.685200	37.945700	42.270000	0.101872	0.437400	0.145549	0.240000	0.161200	0.344700	0.143064	0.201700	0.159190	0.323000	0.111775	0.202700	0.000000	0.022400	0.000000	0.000000	0.061425	0.000000	0.160384	0.000000	0.243977	0.000000	0.291621	0.000000	0.290207	0.000000	0.282586	0.000000	0.302719	1.048950	3.104780	10.867600	33.097400	29.441200	0.000000	0.019651	0.242961	39.042100	922.128000	108.885000	0.000000	1305.190000	696.585000	0.000000	0.000000	0.000000	0.000000	7.117890	0.000000	0.116725	0.000000	0.253739	
   12	33.100000	22.935400	22.590800	35.739800	31.727300	46.987100	54.125900	62.675900	67.859500	64.998500	70.697700	67.241800	78.362400	77.105100	62.732100	24.593000	23.175300	46.220200	46.625000	35.276200	17.132600	31.704300	20.090000	23.410000	40.880000	40.396200	37.277400	39.179700	41.583900	51.440100	15.904300	0.000000	96.820100	44.108000	79.297700	59.361700	43.058600	32.819500	30.819100	38.676100	46.507100	79.818600	78.615400	164.256000	36.617600	29.269000	33.518000	22.342400	34.470000	0.000000	0.000000	8.000600	0.000000	0.685829	1.364380	1.266740	0.000000	0.000000	47.443200	44.750700	39.838400	11.579500	0.000000	0.000000	0.000000	0.000000	34.582400	0.000000	0.000000	10.720500	0.000000	13.392500	46.540000	0.000000	0.000000	0.000000	0.000000	0.000000	0.000000	9.916960	0.000000	0.000000	0.000000	0.000000	11.608700	0.000000	0.000000	0.000000	0.000000	0.000000	0.000000	39.217500	62.784600	99.152300	58.785000	65.424900	0.008000	0.000000	0.005734	0.000000	0.030868	0.000000	0.042824	0.000000	0.048150	0.000000	0.096284	0.000000	0.097208	0.014800	0.038400	0.122900	0.096606	0.259200	0.099905	0.363400	-5.000000	10.053600	25.221000	23.723000	30.984200	54.225800	95.545800	96.569300	95.719300	60.685200	37.945700	42.270000	0.101872	0.437400	0.145549	0.240000	0.161200	0.344700	0.143064	0.201700	0.159190	0.323000	0.111775	0.202700	0.000000	0.022400	0.000000	0.000000	0.061425	0.000000	0.160384	0.000000	0.243977	0.000000	0.291621	0.000000	0.290207	0.000000	0.282586	0.000000	0.302719	1.048950	3.104780	10.867600	33.097400	29.441200	0.000000	0.019651	0.242961	39.042100	922.128000	108.885000	0.000000	1305.190000	696.585000	0.000000	0.000000	0.000000	0.000000	7.117890	0.000000	0.116725	0.000000	0.253739	
   13	33.100000	27.627200	28.021100	39.649300	42.785000	44.573500	50.164100	63.288600	62.233300	76.970100	68.020900	58.599100	75.413600	73.183600	59.042300	18.982900	28.329500	50.574700	50.829800	42.330700	25.136400	32.045600	17.091100	21.554600	40.880000	42.334800	42.197300	44.408800	44.046000	43.804700	17.974000	0.000000	106.112000	48.225300	83.429600	65.631400	43.583800	37.646100	37.589400	43.762400	50.285700	81.314200	67.961000	120.189000	0.000000	25.926600	35.621500	15.034900	34.470000	0.000000	0.637012	7.631820	2.591970	5.379880	3.775730	0.000000	0.000000	21.373500	44.736500	35.154600	35.453600	11.579500	0.000000	0.000000	0.000000	0.000000	34.582400	0.000000	0.000000	10.720500	0.000000	13.392500	46.540000	0.000000	0.000000	0.000000	1.669020	0.000000	0.000000	2.199200	0.000000	3.479000	0.615470	0.000000	9.382050	4.397700	1.791560	5.687130	5.408590	0.000000	0.000000	49.465500	79.557800	102.072000	55.495100	68.635900	0.008000	0.000000	0.021649	0.000000	0.025982	0.000000	0.029251	0.000000	0.040266	0.000000	0.007128	0.000000	0.025046	0.014500	0.034872	0.133700	0.070186	0.240100	0.067557	0.443600	-5.000000	6.821390	21.994300	29.075400	35.602400	59.400600	93.421400	78.149700	97.542000	63.298100	50.080900	56.582300	0.061569	0.419800	0.078873	0.430700	0.098856	0.388500	0.089254	0.498000	0.070974	0.286400	0.009632	0.175200	0.000000	0.049300	0.000000	0.000000	0.065073	0.000000	0.139575	0.000000	0.237895	0.000000	0.284193	0.000000	0.284046	0.000000	0.248021	0.000000	0.302719	0.855192	3.122810	10.749700	32.471000	28.866000	0.000000	0.058586	0.391080	40.511500	909.223000	108.637000	0.000000	1070.160000	674.197000	0.000000	0.000000	0.000000	0.000000	8.011290	0.124379	0.155347	0.000000	0.097790	
   14	33.100000	27.627200	28.021100	39.649300	42.785000	44.573500	50.164100	63.288600	62.233300	76.970100	68.020900	58.599100	75.413600	73.183600	59.042300	18.982900	28.329500	50.574700	50.829800	42.330700	25.136400	32.045600	17.091100	21.554600	40.880000	42.334800	42.197300	44.408800	44.046000	43.804700	17.974000	0.000000	106.112000	48.225300	83.429600	65.631400	43.583800	37.646100	37.589400	43.762400	50.285700	81.314200	67.961000	120.189000	0.000000	25.926600	35.621500	15.034900	34.470000	0.000000	0.637012	7.631820	2.591970	5.379880	3.775730	0.000000	0.000000	21.373500	44.736500	35.154600	35.453600	11.579500	0.000000	0.000000	0.000000	0.000000	34.582400	0.000000	0.000000	10.720500	0.000000	13.392500	46.540000	0.000000	0.000000	0.000000	1.669020	0.000000	0.000000	2.199200	0.000000	3.479000	0.615470	0.000000	9.382050	4.397700	1.791560	5.687130	5.408590	0.000000	0.000000	49.465500	79.557800	102.072000	55.495100	68.635900	0.008000	0.000000	0.021649	0.000000	0.025982	0.000000	0.029251	0.000000	0.040266	0.000000	0.007128	0.000000	0.025046	0.014500	0.034872	0.133700	0.070186	0.240100	0.067557	0.443600	-5.000000	6.821390	21.994300	29.075400	35.602400	59.400600	93.421400	78.149700	97.542000	63.298100	50.080900	56.582300	0.061569	0.419800	0.078873	0.430700	0.098856	0.388500	0.089254	0.498000	0.070974	0.286400	0.009632	0.175200	0.000000	0.049300	0.000000	0.000000	0.065073	0.000000	0.139575	0.000000	0.237895	0.000000	0.284193	0.000000	0.284046	0.000000	0.248021	0.000000	0.302719	0.855192	3.122810	10.749700	32.471000	28.866000	0.000000	0.058586	0.391080	40.511500	909.223000	108.637000	0.000000	1070.160000	674.197000	0.000000	0.000000	0.000000	0.000000	8.011290	0.124379	0.155347	0.000000	0.097790	
   15	33.100000	24.719300	26.273800	38.346800	34.280200	42.504500	52.609700	61.905500	58.018300	75.934700	74.362900	66.400000	80.513600	77.762400	65.448200	31.241600	26.088800	50.510100	61.182500	37.686300	31.760500	32.060800	18.539100	21.455200	40.880000	43.422500	40.689800	44.652700	49.011400	53.943800	19.050900	0.000000	114.267000	48.828800	99.121700	53.489200	38.286100	34.852200	33.233700	39.125000	47.277300	68.691500	94.205000	0.000000	43.823900	47.133500	38.203700	26.070400	34.470000	0.000000	0.000000	0.000000	0.000000	0.000000	0.474283	1.229180	4.141010	30.059000	44.678900	47.270300	42.492800	15.892500	3.575050	6.163410	0.000000	0.000000	30.673100	16.328800	0.000000	5.791800	0.000000	4.003560	46.540000	0.000000	0.476852	5.060730	8.658880	0.000000	0.062634	7.941730	0.000000	4.595440	0.000000	0.000000	1.631710	0.946907	0.000000	0.000000	3.124270	0.000000	5.043490	51.321800	65.005100	100.761000	55.243000	70.035100	0.008000	0.000000	0.008750	0.000000	0.001264	0.000000	0.018446	0.000000	0.035838	0.000000	0.050769	0.000000	0.061523	0.013000	0.001253	0.161600	0.137338	0.162700	0.179446	0.177800	-5.000000	7.385310	22.100600	20.147800	28.248700	55.662600	60.120500	68.353800	91.081100	66.741100	47.546400	49.394800	0.196868	0.560600	0.221195	0.268800	0.239053	0.132900	0.247266	0.292600	0.236372	0.444800	0.196309	0.063000	0.141461	0.016200	0.108525	0.000000	0.167202	0.000000	0.233427	0.000000	0.290921	0.000000	0.361195	0.000000	0.406616	0.000000	0.434130	0.000000	0.302719	0.924175	3.303850	12.986700	35.835200	28.266700	0.090937	0.000000	0.180773	37.475900	936.753000	119.656000	0.000000	1295.220000	693.173000	0.000000	0.000000	0.000000	0.000000	7.527040	0.188617	0.000000	0.353664	0.492847	
   16	33.100000	27.375700	29.055800	37.773200	39.032900	43.665200	46.614800	60.607300	59.465800	67.553400	65.680500	55.960500	80.138600	73.322200	61.407700	23.958100	27.810500	39.541300	61.182500	37.686300	31.760500	32.060800	18.539100	21.455200	40.880000	43.440300	33.392600	36.696000	38.611100	34.809600	14.507100	0.000000	117.556000	33.415700	86.745400	69.203500	52.925700	42.194500	40.185800	42.172900	55.128200	82.697800	82.925800	89.873500	23.061800	31.596000	37.551000	27.897800	34.470000	0.000000	0.000000	3.532810	0.000000	1.343700	0.000000	0.000000	8.804170	19.928600	46.627000	47.184300	37.937400	14.751400	0.000000	0.000000	0.000000	0.000000	43.314900	13.343800	0.000000	7.763490	0.000000	4.170190	46.540000	0.000000	0.000000	0.000000	10.814100	0.000000	0.000000	5.688210	0.000000	7.186950	3.619960	0.000000	15.587000	2.057300	0.000000	0.920061	0.000000	0.000000	0.000000	48.506600	77.760500	100.764000	62.719100	74.819200	0.008000	0.000000	0.021649	0.000000	0.016269	0.000000	0.026105	0.000000	0.024010	0.000000	0.029478	0.000000	0.039298	0.007100	0.039644	0.074200	0.085316	0.262800	0.095788	0.308400	-5.000000	20.406900	30.079600	36.243500	35.485800	60.728800	101.388000	80.010300	103.348000	79.272900	45.723600	50.070400	0.106285	0.406500	0.151506	0.285100	0.183214	0.486200	0.093152	0.407700	0.068659	0.321200	0.014279	0.138500	0.000000	0.043300	0.000000	0.000000	0.025016	0.000000	0.125194	0.000000	0.200493	0.000000	0.242288	0.000000	0.252664	0.000000	0.256201	0.000000	0.302719	1.498990	3.518740	10.421700	32.557300	29.934900	0.000000	0.177723	0.187938	37.062200	933.792000	104.840000	0.000000	993.012000	645.458000	1.675710	0.000000	0.000000	41.248500	6.573440	0.166220	0.029203	0.000000	0.024488	
   17	33.100000	27.627200	28.021100	39.649300	42.785000	44.573500	50.164100	63.288600	62.233300	76.970100	68.020900	69.252700	74.364400	76.314000	61.529200	26.240400	27.706500	51.657300	55.755900	38.152900	16.336600	33.752400	28.109100	19.499800	40.880000	39.748400	39.963900	39.095200	43.540900	40.700600	10.949200	9.472090	107.750000	31.582600	80.669800	66.454600	44.046000	35.383600	34.271500	39.729900	46.724500	79.011000	88.422700	159.064000	75.176900	23.627700	34.583000	23.436500	34.470000	0.000000	0.000000	0.000000	0.000000	0.000000	3.293350	1.926200	0.000000	3.472270	49.744600	43.248800	38.584900	14.790000	0.000000	1.097020	0.000000	0.000000	41.792300	0.000000	0.000000	12.843100	0.000000	15.436700	46.540000	0.000000	0.000000	0.000000	6.313710	0.000000	0.000000	20.133500	0.000000	17.898100	1.358150	0.000000	8.686760	1.266130	0.000000	0.821473	0.000000	3.794150	0.000000	35.791300	59.127100	106.653000	63.736200	71.969700	0.008000	0.000000	0.011552	0.000000	0.012672	0.000000	0.012240	0.000000	0.006291	0.000000	0.007128	0.000000	0.050069	0.003800	0.042765	0.021400	0.092037	0.252800	0.082664	0.321100	-5.000000	39.298800	47.844100	42.836900	48.886300	69.653400	99.859400	95.044000	84.771200	62.156600	42.723400	35.770100	0.106917	0.322900	0.134237	0.188300	0.123226	0.776500	0.118766	0.159600	0.107139	0.042100	0.053344	0.013300	0.000000	0.059100	0.000000	0.000000	0.058790	0.000000	0.158466	0.000000	0.249854	0.000000	0.299894	0.000000	0.285018	0.000000	0.265575	0.000000	0.302719	0.646471	3.034660	10.953600	32.525200	28.698500	0.000000	0.080976	0.000000	43.640000	933.441000	110.140000	0.000000	944.557000	705.431000	0.000000	0.000000	0.000000	2.624480	6.939900	0.000000	0.248665	0.075795	0.376042	
   18	33.100000	24.719300	26.273800	38.346800	34.280200	42.504500	52.609700	61.905500	58.018300	75.934700	74.362900	66.400000	80.513600	77.762400	65.448200	31.241600	26.088800	50.510100	61.182500	37.686300	31.760500	32.060800	18.539100	21.455200	40.880000	42.957200	38.367000	41.106600	44.595300	41.060700	14.030500	0.000000	82.345500	9.703480	84.969200	49.990900	46.254000	37.536400	36.611400	42.360600	48.523800	80.092500	86.916600	81.655700	70.210900	30.282400	33.852000	25.679900	34.470000	0.000000	0.000000	0.279777	0.000000	0.000000	0.000000	0.000000	0.000000	12.432500	46.251700	48.026800	36.817200	5.444250	0.000000	0.000000	0.000000	0.000000	40.802000	0.000000	0.000000	0.000000	0.000000	20.354500	46.540000	0.000000	0.000000	4.954830	4.652690	0.000000	2.018830	14.613000	2.987760	19.396700	3.348410	0.000000	15.055300	1.289010	0.000000	1.571460	2.824160	0.000000	0.000000	52.235900	90.932800	102.004000	60.321200	76.017400	0.008000	0.000000	0.013444	0.000000	0.012434	0.000000	0.010780	0.000000	0.001428	0.000000	0.000000	0.000000	0.000000	0.028300	0.000000	0.157100	0.020467	0.196300	0.011597	0.156200	-5.000000	20.077200	33.267600	37.187500	41.305600	53.830000	95.076400	88.043300	118.934000	67.240100	46.016600	52.004100	0.028010	0.480200	0.049660	0.080900	0.000000	0.293000	0.000000	0.147700	0.000000	0.215800	0.000000	0.105700	0.000000	0.015200	0.000000	0.000000	0.069769	0.000000	0.165534	0.000000	0.234390	0.000000	0.275943	0.000000	0.294480	0.000000	0.282990	0.000000	0.302719	1.177880	3.251160	10.583500	34.313600	31.147800	0.000000	0.000000	0.062305	41.537900	982.872000	95.773400	0.000000	1013.460000	687.709000	0.000000	0.000000	0.336041	0.000000	7.974950	0.114295	0.159577	0.000000	0.000000	
   19	33.100000	27.627200	28.021100	39.649300	42.785000	44.573500	50.164100	63.288600	62.233300	76.970100	68.020900	69.252700	74.364400	76.314000	61.529200	26.240400	27.706500	51.657300	55.755900	38.152900	16.336600	33.752400	28.109100	19.499800	40.880000	39.748400	39.963900	39.095200	43.540900	40.700600	10.949200	9.472090	107.750000	31.582600	80.669800	66.454600	44.046000	35.383600	34.271500	39.729900	46.724500	79.011000	88.422700	159.064000	75.176900	23.627700	34.583000	23.436500	34.470000	0.000000	0.000000	1.424950	0.000000	0.000000	0.979630	0.000000	5.555740	27.338500	48.224500	46.480800	41.530400	10.598100	0.000000	1.357310	0.000000	0.000000	45.258000	0.000000	0.000000	22.198600	0.000000	15.890100	46.540000	2.064430	0.000000	0.000000	9.887220	0.000000	2.874400	16.328100	0.000000	18.017100	5.271740	0.000000	21.749500	9.372910	0.000000	0.913420	0.000000	4.944000	0.598487	30.980600	46.678700	116.085000	62.541000	76.947600	0.008000	0.000000	0.066490	0.000000	0.033764	0.000000	0.031806	0.000000	0.064996	0.000000	0.067629	0.000000	0.009066	0.015000	0.010068	0.063100	0.122223	0.590900	0.154499	0.372700	-5.000000	36.795400	55.692600	58.148700	59.190600	76.453700	114.152000	109.979000	124.723000	75.176000	46.797700	45.930500	0.183190	0.708000	0.216262	0.448300	0.220715	0.364600	0.188102	0.608700	0.083458	1.512200	0.029847	0.717100	0.000000	0.013300	0.003871	0.000000	0.077171	0.000000	0.163920	0.000000	0.222884	0.000000	0.280981	0.000000	0.305509	0.000000	0.284506	0.000000	0.302719	0.486570	2.802780	10.762600	32.238400	28.173400	0.000000	0.000000	0.261942	40.956800	900.170000	110.534000	0.000000	1166.150000	631.009000	0.105552	0.000000	0.023232	0.000000	7.647260	0.000000	0.239936	0.000000	0.350681	
   20	33.100000	25.801600	31.504900	37.944400	34.926000	41.508000	50.270000	59.076100	60.961500	71.373100	71.934200	59.008900	76.759900	80.454100	67.230100	27.821000	24.384800	51.663200	55.812700	36.394400	17.157700	28.607500	16.347400	15.142700	40.880000	36.420100	36.557200	37.202100	38.029100	38.050300	9.572500	0.000000	92.457600	30.555400	83.818500	58.483300	39.129200	42.853100	42.513600	43.105600	55.021700	83.105600	98.197900	192.537000	19.033900	30.007600	34.171000	23.810100	34.470000	0.000000	0.000000	9.466620	0.000000	0.000000	0.000000	0.000000	0.843057	22.521500	40.270200	37.611700	45.163400	14.707500	0.000000	2.675080	0.000000	0.000000	39.126100	7.667750	0.000000	0.000000	0.000000	15.747400	46.540000	0.000000	0.000000	0.000000	0.000000	0.000000	1.250530	13.410700	0.000000	5.277770	0.650146	0.000000	7.437320	0.000000	0.000000	0.000000	0.000000	0.000000	0.000000	44.332600	78.647500	109.735000	58.791000	75.505800	0.008000	0.000000	0.010668	0.000000	0.019280	0.000000	0.031806	0.000000	0.010821	0.000000	0.008853	0.000000	0.029933	0.016200	0.010068	0.092500	0.000000	0.166000	0.059781	0.107900	-5.000000	19.838600	34.732800	32.142800	34.676600	54.890400	85.918700	83.609200	105.808000	66.733700	48.325500	47.959700	0.085862	0.305800	0.093581	0.246100	0.054618	0.491600	0.192375	0.404600	0.106646	0.145200	0.018695	0.087000	0.034930	0.028600	0.002322	0.000000	0.069769	0.000000	0.162710	0.000000	0.259167	0.000000	0.304507	0.000000	0.290111	0.000000	0.251309	0.000000	0.302719	1.082710	3.030890	10.827000	33.050500	29.274400	0.000000	0.000000	0.261942	40.956800	900.170000	110.534000	0.000000	1166.150000	657.864000	5.335170	0.000000	0.000000	0.000000	7.948750	0.122704	0.423079	0.000000	0.293930	
   21	33.100000	27.627200	28.021100	39.649300	42.785000	44.573500	50.164100	63.288600	62.233300	76.970100	68.020900	69.252700	74.364400	76.314000	61.529200	26.240400	27.706500	51.657300	55.755900	38.152900	16.336600	33.752400	28.109100	19.499800	40.880000	33.302200	36.599600	31.113700	34.684000	33.174900	7.932350	0.000000	99.938600	24.255300	90.854100	57.923000	39.601600	33.393800	32.654500	38.446500	48.090500	68.246600	81.527300	109.228000	31.881200	26.582700	31.592800	21.126300	34.470000	0.000000	3.945080	12.559500	3.688740	1.746530	0.000000	0.000000	6.110460	14.452500	50.171300	44.309400	40.981900	18.034000	5.090000	10.541800	0.000000	0.000000	38.157800	0.000000	0.163587	8.537750	0.754643	13.867300	46.540000	0.000000	0.000000	0.000000	0.000000	0.000000	3.970140	13.277000	0.000000	11.656300	4.991330	0.000000	8.445460	0.000000	0.000000	0.000000	0.000000	0.000000	0.000000	42.300700	71.237400	108.486000	67.062400	69.445700	0.008000	0.000000	0.000000	0.000000	0.000000	0.000000	0.000000	0.000000	0.000000	0.000000	0.000000	0.000000	0.000000	0.010100	0.018708	0.071000	0.097528	0.053200	0.122058	0.271200	-5.000000	34.516900	47.720400	45.355100	47.186600	71.780000	101.668000	99.390000	120.314000	94.633100	63.600500	71.190000	0.162500	0.727500	0.194223	1.134300	0.200347	0.771500	0.189552	0.258100	0.160338	0.301600	0.104543	0.258100	0.057818	0.032100	0.053464	0.000000	0.110689	0.000000	0.183886	0.000000	0.254664	0.000000	0.279207	0.000000	0.245668	0.000000	0.222680	0.000000	0.302719	1.082770	3.230170	11.180200	34.592900	30.721500	0.000000	0.100784	0.217232	41.244700	956.007000	111.307000	0.000000	1082.110000	686.790000	0.000000	0.000000	0.000000	3.184890	8.018700	0.158361	0.190263	0.000000	0.228740	
   22	33.100000	22.935400	22.590800	35.739800	31.727300	46.987100	54.125900	62.675900	67.859500	64.998500	70.697700	67.241800	78.362400	77.105100	62.732100	24.593000	23.175300	46.220200	46.625000	35.276200	17.132600	31.704300	20.090000	23.410000	40.880000	40.396200	37.277400	39.179700	41.583900	51.440100	15.904300	0.000000	96.820100	44.108000	79.297700	59.361700	43.058600	32.819500	30.819100	38.676100	46.507100	79.818600	78.615400	164.256000	36.617600	29.269000	33.518000	22.342400	34.470000	0.000000	0.000000	8.000600	0.000000	0.685829	1.364380	1.266740	0.000000	0.000000	47.443200	44.750700	39.838400	11.579500	0.000000	0.000000	0.000000	0.000000	34.582400	0.000000	0.000000	10.720500	0.000000	13.392500	46.540000	0.000000	0.000000	0.000000	0.000000	0.000000	0.000000	9.916960	0.000000	0.000000	0.000000	0.000000	11.608700	0.000000	0.000000	0.000000	0.000000	0.000000	0.000000	39.217500	62.784600	99.152300	58.785000	65.424900	0.008000	0.000000	0.005734	0.000000	0.030868	0.000000	0.042824	0.000000	0.048150	0.000000	0.096284	0.000000	0.097208	0.014800	0.038400	0.122900	0.091113	0.198700	0.073026	0.400000	-5.000000	36.795400	55.692600	58.148700	59.190600	76.453700	114.152000	109.979000	124.723000	75.176000	46.797700	47.764400	0.085358	0.101400	0.122512	0.208900	0.139807	0.589800	0.125929	0.302600	0.096765	0.204200	0.039911	0.154000	0.000000	0.018500	0.023741	0.000000	0.130606	0.000000	0.220026	0.000000	0.286918	0.000000	0.354156	0.000000	0.379209	0.000000	0.373488	0.000000	0.302719	0.702628	2.824780	10.784400	33.538000	30.314300	0.000000	0.026529	0.236952	39.375700	925.496000	109.025000	0.000000	1179.260000	691.340000	0.024479	0.000000	0.000000	0.000000	7.888810	0.095290	0.166370	0.000000	0.287179	
   23	33.100000	27.627200	28.021100	39.649300	42.785000	44.573500	50.164100	63.288600	62.233300	76.970100	68.020900	69.252700	74.364400	76.314000	61.529200	26.240400	27.706500	51.657300	55.755900	38.152900	16.336600	33.752400	28.109100	19.499800	40.880000	35.757400	36.340800	38.459400	38.186700	35.118000	12.270700	0.000000	88.999300	32.944400	64.389600	72.245200	47.566200	38.777200	39.334600	45.558100	58.917600	82.498700	90.273000	112.834000	45.549200	25.034700	31.878900	22.049400	34.470000	0.000000	0.000000	3.468870	0.000000	0.000000	5.316220	1.609610	10.608500	16.256700	54.420300	57.283100	55.128900	27.883400	12.887800	0.000000	0.000000	1.151010	50.706100	5.907650	7.476360	20.038200	4.764570	25.090000	46.540000	0.000000	0.000000	0.000000	0.000000	0.000000	0.000000	4.500180	0.000000	6.607180	0.000000	0.000000	4.449320	0.000000	0.000000	0.000000	0.000000	0.000000	0.000000	40.375600	59.437500	95.830800	56.454200	67.679300	0.008000	0.000000	0.000000	0.000000	0.000000	0.000000	0.000000	0.000000	0.000000	0.000000	0.000000	0.000000	0.000000	0.017100	0.000000	0.053200	0.000000	0.265000	0.000000	0.475800	-5.000000	14.784400	26.072400	21.350800	24.244700	52.586200	92.951000	91.322800	100.091000	57.806100	42.604700	46.855600	0.040772	0.171600	0.068081	1.140500	0.070425	0.138900	0.092971	0.090400	0.119056	0.439400	0.169075	0.180400	0.095990	0.067700	0.043725	0.000000	0.049087	0.000000	0.154526	0.000000	0.264509	0.000000	0.318241	0.000000	0.288810	0.000000	0.253772	0.000000	0.302719	0.944348	3.059850	10.913100	32.881800	29.121800	0.000000	0.056492	0.090455	39.046200	904.989000	109.162000	0.000000	1287.800000	692.103000	3.879740	0.000000	0.000000	0.000000	7.410950	0.037685	0.170311	0.000000	0.202007	
   24	33.100000	24.719300	26.273800	38.346800	34.280200	42.504500	52.609700	61.905500	58.018300	75.934700	74.362900	66.400000	80.513600	77.762400	65.448200	31.241600	26.088800	50.510100	61.182500	37.686300	31.760500	32.060800	18.539100	21.455200	40.880000	46.626400	44.975700	48.361800	50.628800	33.174900	7.932350	0.000000	99.938600	24.255300	90.854100	57.923000	39.601600	33.393800	32.654500	38.446500	48.090500	68.246600	81.527300	109.228000	31.881200	26.582700	31.592800	21.126300	34.470000	0.000000	0.000000	3.926750	0.000000	1.746530	0.000000	0.000000	6.110460	14.452500	50.171300	44.309400	40.981900	18.034000	5.090000	10.541800	0.000000	0.000000	38.157800	0.000000	0.163587	8.537750	0.754643	13.867300	46.540000	5.746300	6.803640	5.423830	10.171600	0.000000	3.970140	13.277000	0.000000	11.656300	4.991330	0.000000	8.445460	0.000000	0.000000	0.000000	0.000000	0.000000	0.000000	42.300700	71.237400	108.486000	67.062400	69.445700	0.008000	0.000000	0.037930	0.000000	0.032487	0.000000	0.045933	0.000000	0.054217	0.000000	0.000000	0.000000	0.000000	0.005300	0.018708	0.036200	0.097528	0.229000	0.122058	0.154800	-5.000000	31.081600	46.379900	55.181300	57.513300	81.744800	106.698000	80.752100	99.036800	42.732000	56.108100	47.228300	0.162500	0.203600	0.194223	1.283600	0.200347	0.323600	0.189552	0.147400	0.160338	0.183200	0.104543	0.562100	0.057818	0.045300	0.053464	0.000000	0.110689	0.000000	0.183886	0.000000	0.254664	0.000000	0.279207	0.000000	0.245668	0.000000	0.222680	0.000000	0.302719	1.060170	3.454170	11.054300	32.705600	30.721500	0.000000	0.100784	0.217232	41.244700	956.007000	111.307000	0.000000	1082.110000	686.790000	0.000000	0.000000	0.000000	3.184890	8.018700	0.158361	0.190263	0.000000	0.228740	
   25	33.100000	27.375700	29.055800	37.773200	39.032900	43.665200	46.614800	60.607300	59.465800	67.553400	65.680500	55.960500	80.138600	73.322200	61.407700	23.958100	27.810500	39.541300	61.182500	37.686300	31.760500	32.060800	18.539100	21.455200	40.880000	43.440300	33.392600	36.696000	38.611100	34.809600	14.507100	0.000000	117.556000	33.415700	86.745400	69.203500	52.925700	42.194500	40.185800	42.172900	55.128200	82.697800	82.925800	89.873500	23.061800	31.596000	37.551000	27.897800	34.470000	0.000000	0.000000	3.532810	0.000000	1.343700	0.000000	0.000000	8.804170	19.928600	46.627000	47.184300	37.937400	14.751400	0.000000	0.000000	0.000000	0.000000	43.314900	13.343800	0.000000	7.763490	0.000000	4.170190	46.540000	0.000000	0.000000	0.000000	10.814100	0.000000	0.000000	5.688210	0.000000	7.186950	3.619960	0.000000	15.587000	2.057300	0.000000	0.920061	0.000000	0.000000	0.000000	48.506600	77.760500	100.764000	62.719100	74.819200	0.008000	0.000000	0.021649	0.000000	0.016269	0.000000	0.026105	0.000000	0.024010	0.000000	0.029478	0.000000	0.039298	0.007100	0.039644	0.074200	0.085316	0.262800	0.095788	0.308400	-5.000000	20.406900	30.079600	36.243500	35.485800	60.728800	101.388000	80.010300	103.348000	79.272900	45.723600	50.070400	0.106285	0.406500	0.151506	0.285100	0.183214	0.486200	0.093152	0.407700	0.068659	0.321200	0.014279	0.138500	0.000000	0.043300	0.000000	0.000000	0.025016	0.000000	0.125194	0.000000	0.200493	0.000000	0.242288	0.000000	0.252664	0.000000	0.256201	0.000000	0.302719	0.913914	3.104830	10.835000	33.094500	29.404000	0.000000	0.000000	0.326097	39.893000	920.635000	94.993600	0.000000	1296.610000	687.582000	4.715580	0.000000	1.244920	19.232100	7.660650	0.085513	0.151112	0.000000	0.224219	
   26	33.100000	27.627200	28.021100	39.649300	42.785000	44.573500	50.164100	63.288600	62.233300	76.970100	68.020900	58.599100	75.413600	73.183600	59.042300	18.982900	28.329500	50.574700	50.829800	42.330700	25.136400	32.045600	17.091100	21.554600	40.880000	42.334800	42.197300	44.408800	44.046000	43.804700	17.974000	0.000000	106.112000	48.225300	83.429600	65.631400	43.583800	37.646100	37.589400	43.762400	50.285700	81.314200	67.961000	120.189000	0.000000	25.926600	35.621500	15.034900	34.470000	0.000000	0.637012	7.631820	2.591970	5.379880	3.775730	0.000000	0.000000	21.373500	44.736500	35.154600	35.453600	11.579500	0.000000	0.000000	0.000000	0.000000	34.582400	0.000000	0.000000	10.720500	0.000000	13.392500	46.540000	0.000000	0.000000	0.000000	1.669020	0.000000	0.000000	2.199200	0.000000	3.479000	0.615470	0.000000	9.382050	4.397700	1.791560	5.687130	5.408590	0.000000	0.000000	49.465500	79.557800	102.072000	55.495100	68.635900	0.008000	0.000000	0.021649	0.000000	0.025982	0.000000	0.029251	0.000000	0.040266	0.000000	0.007128	0.000000	0.025046	0.014500	0.034872	0.133700	0.070186	0.240100	0.067557	0.443600	-5.000000	6.821390	21.994300	29.075400	35.602400	59.400600	93.421400	78.149700	97.542000	63.298100	50.080900	56.582300	0.061569	0.419800	0.078873	0.430700	0.098856	0.388500	0.089254	0.498000	0.070974	0.286400	0.009632	0.175200	0.000000	0.049300	0.000000	0.000000	0.065073	0.000000	0.139575	0.000000	0.237895	0.000000	0.284193	0.000000	0.284046	0.000000	0.248021	0.000000	0.302719	0.855192	3.122810	10.749700	32.471000	28.866000	0.000000	0.058586	0.391080	40.511500	909.223000	108.637000	0.000000	1070.160000	674.197000	0.000000	0.000000	0.000000	0.000000	8.011290	0.124379	0.155347	0.000000	0.097790	
   27	33.100000	24.719300	26.273800	38.346800	34.280200	42.504500	52.609700	61.905500	58.018300	75.934700	74.362900	66.400000	80.513600	77.762400	65.448200	31.241600	26.088800	50.510100	61.182500	37.686300	31.760500	32.060800	18.539100	21.455200	40.880000	41.291100	34.388400	31.298500	41.028800	41.812200	13.676200	0.000000	102.837000	32.960000	83.581500	59.970600	41.576800	33.971100	31.460100	36.249600	43.381100	78.115700	95.401700	102.689000	0.255607	22.103600	27.502900	37.111100	34.470000	0.000000	0.000000	9.756810	0.000000	0.000000	0.000000	0.000000	0.000000	7.955130	33.584700	43.275500	40.051600	16.698600	0.794847	1.581890	0.000000	0.000000	49.144400	23.169600	4.811800	8.283460	3.272800	11.164100	46.540000	3.224330	0.000000	5.153380	2.055750	0.000000	6.869360	16.962000	0.000000	1.320800	8.041330	0.000000	14.529300	2.461740	0.000000	3.836720	1.573780	0.000000	0.000000	54.977000	77.561900	98.946100	61.333100	65.425600	0.008000	0.000000	0.038419	0.000000	0.035961	0.000000	0.065273	0.000000	0.094727	0.000000	0.091983	0.000000	0.059626	0.016700	0.021679	0.022500	0.060060	0.377400	0.056522	0.486400	-5.000000	16.099600	34.532500	38.510600	44.002200	64.935800	112.139000	105.522000	109.571000	54.509300	31.981700	35.321200	0.063360	0.244200	0.063859	0.155700	0.037048	1.311200	0.150442	0.760100	0.126060	0.130100	0.072679	0.089200	0.037670	0.058800	0.035502	0.000000	0.100624	0.000000	0.185533	0.000000	0.264397	0.000000	0.302075	0.000000	0.317695	0.000000	0.354231	0.000000	0.302719	1.239820	3.821690	10.990300	37.802500	36.260800	0.000000	0.363289	0.000000	39.385200	768.531000	107.296000	0.000000	1044.660000	679.475000	0.000000	0.000000	0.000000	35.363900	6.562720	0.256171	0.145903	0.052577	0.000000	
   28	33.100000	22.935400	22.590800	35.739800	31.727300	46.987100	54.125900	62.675900	67.859500	64.998500	70.697700	67.241800	78.362400	77.105100	62.732100	24.593000	23.175300	46.220200	46.625000	35.276200	17.132600	31.704300	20.090000	23.410000	40.880000	40.396200	37.277400	39.179700	41.583900	51.440100	15.904300	0.000000	96.820100	44.108000	79.297700	59.361700	43.058600	32.819500	30.819100	38.676100	46.507100	79.818600	78.615400	164.256000	36.617600	29.269000	33.518000	22.342400	34.470000	0.000000	0.000000	8.000600	0.000000	0.685829	1.364380	1.266740	0.000000	0.000000	47.443200	44.750700	39.838400	11.579500	0.000000	0.000000	0.000000	0.000000	34.582400	0.000000	0.000000	10.720500	0.000000	13.392500	46.540000	0.000000	0.000000	0.000000	0.000000	0.000000	0.000000	9.916960	0.000000	0.000000	0.000000	0.000000	11.608700	0.000000	0.000000	0.000000	0.000000	0.000000	0.000000	39.217500	62.784600	99.152300	58.785000	65.424900	0.008000	0.000000	0.005734	0.000000	0.030868	0.000000	0.042824	0.000000	0.048150	0.000000	0.096284	0.000000	0.097208	0.014800	0.038400	0.122900	0.091113	0.198700	0.073026	0.400000	-5.000000	36.795400	55.692600	58.148700	59.190600	76.453700	114.152000	109.979000	124.723000	75.176000	46.797700	47.764400	0.085358	0.101400	0.122512	0.208900	0.139807	0.589800	0.125929	0.302600	0.096765	0.204200	0.039911	0.154000	0.000000	0.018500	0.023741	0.000000	0.130606	0.000000	0.220026	0.000000	0.286918	0.000000	0.354156	0.000000	0.379209	0.000000	0.373488	0.000000	0.302719	0.702628	2.824780	10.784400	33.538000	30.314300	0.000000	0.026529	0.236952	39.375700	925.496000	109.025000	0.000000	1179.260000	691.340000	0.024479	0.000000	0.000000	0.000000	7.888810	0.095290	0.166370	0.000000	0.287179	
   29	33.100000	27.375700	29.055800	37.773200	39.032900	43.665200	46.614800	60.607300	59.465800	67.553400	65.680500	55.960500	80.138600	73.322200	61.407700	23.958100	27.810500	39.541300	61.182500	37.686300	31.760500	32.060800	18.539100	21.455200	40.880000	43.440300	33.392600	36.696000	38.611100	34.809600	14.507100	0.000000	117.556000	33.415700	86.745400	69.203500	52.925700	42.194500	40.185800	42.172900	55.128200	82.697800	82.925800	89.873500	23.061800	31.596000	37.551000	27.897800	34.470000	0.000000	0.000000	3.532810	0.000000	1.343700	0.000000	0.000000	8.804170	19.928600	46.627000	47.184300	37.937400	14.751400	0.000000	0.000000	0.000000	0.000000	43.314900	13.343800	0.000000	7.763490	0.000000	4.170190	46.540000	0.000000	0.000000	0.000000	10.814100	0.000000	0.000000	5.688210	0.000000	7.186950	3.619960	0.000000	15.587000	2.057300	0.000000	0.920061	0.000000	0.000000	0.000000	48.506600	77.760500	100.764000	62.719100	74.819200	0.008000	0.000000	0.021649	0.000000	0.016269	0.000000	0.026105	0.000000	0.024010	0.000000	0.029478	0.000000	0.039298	0.007100	0.039644	0.074200	0.085316	0.262800	0.095788	0.308400	-5.000000	20.406900	30.079600	36.243500	35.485800	60.728800	101.388000	80.010300	103.348000	79.272900	45.723600	50.070400	0.106285	0.406500	0.151506	0.285100	0.183214	0.486200	0.093152	0.407700	0.068659	0.321200	0.014279	0.138500	0.000000	0.043300	0.000000	0.000000	0.025016	0.000000	0.125194	0.000000	0.200493	0.000000	0.242288	0.000000	0.252664	0.000000	0.256201	0.000000	0.302719	0.000000	2.537070	9.905210	31.154400	28.323800	0.000000	0.000000	0.197109	40.641000	902.276000	109.454000	0.000000	880.638000	660.440000	0.000000	0.000000	0.000000	10.904300	7.827030	0.095019	0.189571	0.000000	0.022247	
   30	33.100000	27.627200	28.021100	39.649300	42.785000	44.573500	50.164100	63.288600	62.233300	76.970100	68.020900	58.599100	75.413600	73.183600	59.042300	18.982900	28.329500	50.574700	50.829800	42.330700	25.136400	32.045600	17.091100	21.554600	40.880000	42.334800	42.197300	44.408800	44.046000	43.804700	17.974000	0.000000	106.112000	48.225300	83.429600	65.631400	43.583800	37.646100	37.589400	43.762400	50.285700	81.314200	67.961000	120.189000	0.000000	25.926600	35.621500	15.034900	34.470000	0.000000	0.637012	7.631820	2.591970	5.379880	3.775730	0.000000	0.000000	21.373500	44.736500	35.154600	35.453600	11.579500	0.000000	0.000000	0.000000	0.000000	34.582400	0.000000	0.000000	10.720500	0.000000	13.392500	46.540000	0.000000	0.000000	0.000000	1.669020	0.000000	0.000000	2.199200	0.000000	3.479000	0.615470	0.000000	9.382050	4.397700	1.791560	5.687130	5.408590	0.000000	0.000000	49.465500	79.557800	102.072000	55.495100	68.635900	0.008000	0.000000	0.021649	0.000000	0.025982	0.000000	0.029251	0.000000	0.040266	0.000000	0.007128	0.000000	0.025046	0.014500	0.034872	0.133700	0.070186	0.240100	0.067557	0.443600	-5.000000	6.821390	21.994300	29.075400	35.602400	59.400600	93.421400	78.149700	97.542000	63.298100	50.080900	56.582300	0.061569	0.419800	0.078873	0.430700	0.098856	0.388500	0.089254	0.498000	0.070974	0.286400	0.009632	0.175200	0.000000	0.049300	0.000000	0.000000	0.065073	0.000000	0.139575	0.000000	0.237895	0.000000	0.284193	0.000000	0.284046	0.000000	0.248021	0.000000	0.302719	0.855192	3.122810	10.749700	32.471000	28.866000	0.000000	0.058586	0.391080	40.511500	909.223000	108.637000	0.000000	1070.160000	674.197000	0.000000	0.000000	0.000000	0.000000	8.011290	0.124379	0.155347	0.000000	0.097790	
   31	33.100000	27.627200	28.021100	39.649300	42.785000	44.573500	50.164100	63.288600	62.233300	76.970100	68.020900	58.599100	75.413600	73.183600	59.042300	18.982900	28.329500	50.574700	50.829800	42.330700	25.136400	32.045600	17.091100	21.554600	40.880000	42.334800	42.197300	44.408800	44.046000	43.804700	17.974000	0.000000	106.112000	48.225300	83.429600	65.631400	43.583800	37.646100	37.589400	43.762400	50.285700	81.314200	67.961000	120.189000	0.000000	25.926600	35.621500	15.034900	34.470000	0.000000	0.637012	7.631820	2.591970	5.379880	3.775730	0.000000	0.000000	21.373500	44.736500	35.154600	35.453600	11.579500	0.000000	0.000000	0.000000	0.000000	34.582400	0.000000	0.000000	10.720500	0.000000	13.392500	46.540000	0.000000	0.000000	0.000000	1.669020	0.000000	0.000000	2.199200	0.000000	3.479000	0.615470	0.000000	9.382050	4.397700	1.791560	5.687130	5.408590	0.000000	0.000000	49.465500	79.557800	102.072000	55.495100	68.635900	0.008000	0.000000	0.021649	0.000000	0.025982	0.000000	0.029251	0.000000	0.040266	0.000000	0.007128	0.000000	0.025046	0.014500	0.034872	0.133700	0.070186	0.240100	0.067557	0.443600	-5.000000	6.821390	21.994300	29.075400	35.602400	59.400600	93.421400	78.149700	97.542000	63.298100	50.080900	56.582300	0.061569	0.419800	0.078873	0.430700	0.098856	0.388500	0.089254	0.498000	0.070974	0.286400	0.009632	0.175200	0.000000	0.049300	0.000000	0.000000	0.065073	0.000000	0.139575	0.000000	0.237895	0.000000	0.284193	0.000000	0.284046	0.000000	0.248021	0.000000	0.302719	0.855192	3.122810	10.749700	32.471000	28.866000	0.000000	0.058586	0.391080	40.511500	909.223000	108.637000	0.000000	1070.160000	674.197000	0.000000	0.000000	0.000000	0.000000	8.011290	0.124379	0.155347	0.000000	0.097790	
   32	33.100000	25.801600	31.504900	37.944400	34.926000	41.508000	50.270000	59.076100	60.961500	71.373100	71.934200	59.008900	76.759900	80.454100	67.230100	27.821000	24.384800	51.663200	55.812700	36.394400	17.157700	28.607500	16.347400	15.142700	40.880000	36.420100	36.557200	37.202100	38.029100	38.050300	9.572500	0.000000	92.457600	30.555400	83.818500	58.483300	39.129200	42.853100	42.513600	43.105600	55.021700	83.105600	98.197900	192.537000	19.033900	30.007600	34.171000	23.810100	34.470000	0.000000	0.000000	9.466620	0.000000	0.000000	0.000000	0.000000	0.843057	22.521500	40.270200	37.611700	45.163400	14.707500	0.000000	2.675080	0.000000	0.000000	39.126100	7.667750	0.000000	0.000000	0.000000	15.747400	46.540000	0.000000	0.000000	0.000000	0.000000	0.000000	1.250530	13.410700	0.000000	5.277770	0.650146	0.000000	7.437320	0.000000	0.000000	0.000000	0.000000	0.000000	0.000000	44.332600	78.647500	109.735000	58.791000	75.505800	0.008000	0.000000	0.010668	0.000000	0.019280	0.000000	0.031806	0.000000	0.010821	0.000000	0.008853	0.000000	0.029933	0.016200	0.010068	0.092500	0.000000	0.166000	0.059781	0.107900	-5.000000	19.838600	34.732800	32.142800	34.676600	54.890400	85.918700	83.609200	105.808000	66.733700	48.325500	47.959700	0.085862	0.305800	0.093581	0.246100	0.054618	0.491600	0.192375	0.404600	0.106646	0.145200	0.018695	0.087000	0.034930	0.028600	0.002322	0.000000	0.069769	0.000000	0.162710	0.000000	0.259167	0.000000	0.304507	0.000000	0.290111	0.000000	0.251309	0.000000	0.302719	1.082710	3.030890	10.827000	33.050500	29.274400	0.000000	0.000000	0.261942	40.956800	900.170000	110.534000	0.000000	1166.150000	657.864000	5.335170	0.000000	0.000000	0.000000	7.948750	0.122704	0.423079	0.000000	0.293930	
   33	33.100000	27.627200	28.021100	39.649300	42.785000	44.573500	50.164100	63.288600	62.233300	76.970100	68.020900	69.252700	74.364400	76.314000	61.529200	26.240400	27.706500	51.657300	55.755900	38.152900	16.336600	33.752400	28.109100	19.499800	40.880000	35.757400	36.340800	38.459400	38.186700	35.118000	12.270700	0.000000	88.999300	32.944400	64.389600	72.245200	47.566200	38.777200	39.334600	43.776400	52.010200	75.712600	97.783200	116.640000	20.336900	34.329300	43.630300	22.342400	34.470000	0.000000	0.000000	3.468870	0.000000	0.000000	5.316220	1.609610	10.608500	16.256700	54.420300	57.283100	55.128900	27.883400	12.887800	15.037000	0.000000	0.000000	50.416700	1.765960	0.000000	0.922555	0.000000	10.931700	46.540000	0.000000	0.000000	0.000000	0.000000	0.000000	0.000000	4.500180	0.000000	6.607180	0.000000	0.000000	4.449320	0.000000	0.000000	0.000000	0.000000	0.000000	0.000000	43.009600	71.515800	98.216200	58.553100	64.508100	0.008000	0.000000	0.000000	0.000000	0.000000	0.000000	0.000000	0.000000	0.000000	0.000000	0.000000	0.000000	0.000000	0.011000	0.000000	0.066100	0.000000	0.154500	0.000000	0.301600	-5.000000	18.678300	32.249500	36.099600	40.091800	58.222300	88.170400	89.608900	115.606000	81.248100	57.437800	57.845000	0.040772	0.107400	0.068081	0.404200	0.070425	0.906700	0.092971	0.436300	0.119056	0.198900	0.086835	0.144900	0.029324	0.019500	0.000000	0.000000	0.000000	0.000000	0.032649	0.000000	0.060749	0.000000	0.060472	0.000000	0.034354	0.000000	0.282586	0.000000	0.302719	0.944348	3.059850	10.913100	32.881800	29.121800	0.000000	0.056492	0.090455	39.046200	904.989000	109.162000	0.000000	1287.800000	692.103000	0.000000	0.000000	0.000000	4.052770	7.449150	0.020370	0.088021	0.000000	0.253739	
   34	33.100000	22.935400	22.590800	35.739800	31.727300	46.987100	54.125900	62.675900	67.859500	64.998500	70.697700	67.241800	78.362400	77.105100	62.732100	24.593000	23.175300	46.220200	46.625000	35.276200	17.132600	31.704300	20.090000	23.410000	40.880000	40.396200	37.277400	39.179700	41.583900	51.440100	15.904300	0.000000	96.820100	44.108000	79.297700	59.361700	43.058600	32.819500	30.819100	38.676100	46.507100	79.818600	78.615400	164.256000	36.617600	29.269000	33.518000	22.342400	34.470000	0.000000	0.000000	8.000600	0.000000	0.685829	1.364380	1.266740	0.000000	0.000000	47.443200	44.750700	39.838400	11.579500	0.000000	0.000000	0.000000	0.000000	34.582400	0.000000	0.000000	10.720500	0.000000	13.392500	46.540000	0.000000	0.000000	0.000000	0.000000	0.000000	0.000000	9.916960	0.000000	0.000000	0.000000	0.000000	11.608700	0.000000	0.000000	0.000000	0.000000	0.000000	0.000000	39.217500	62.784600	99.152300	58.785000	65.424900	0.008000	0.000000	0.005734	0.000000	0.030868	0.000000	0.042824	0.000000	0.048150	0.000000	0.096284	0.000000	0.097208	0.014800	0.038400	0.122900	0.096606	0.259200	0.099905	0.363400	-5.000000	10.053600	25.221000	23.723000	30.984200	54.225800	95.545800	96.569300	95.719300	60.685200	37.945700	42.270000	0.101872	0.437400	0.145549	0.240000	0.161200	0.344700	0.046224	0.295500	0.038220	0.494200	0.000000	0.884200	0.000000	0.121700	0.000000	0.000100	0.012093	0.000000	0.085881	0.000000	0.174379	0.000000	0.242288	0.000000	0.317695	0.000000	0.354231	0.000000	0.302719	0.705868	2.652900	11.325800	34.398400	29.783700	0.000000	0.243210	0.000000	39.989100	949.029000	116.633000	0.000000	961.892000	688.896000	3.168290	0.000000	0.000000	4.325310	7.201720	0.000000	0.331525	0.052577	0.000000	
   35	33.100000	27.627200	28.021100	39.649300	42.785000	44.573500	50.164100	63.288600	62.233300	76.970100	68.020900	58.599100	75.413600	73.183600	59.042300	18.982900	28.329500	50.574700	50.829800	42.330700	25.136400	32.045600	17.091100	21.554600	40.880000	42.334800	42.197300	44.408800	44.046000	43.804700	17.974000	0.000000	106.112000	48.225300	83.429600	65.631400	43.583800	37.646100	37.589400	43.762400	50.285700	81.314200	67.961000	120.189000	0.000000	25.926600	35.621500	15.034900	34.470000	0.000000	0.637012	7.631820	2.591970	5.379880	3.775730	0.000000	0.000000	21.373500	44.736500	35.154600	35.453600	11.579500	0.000000	0.000000	0.000000	0.000000	34.582400	0.000000	0.000000	10.720500	0.000000	13.392500	46.540000	0.000000	0.000000	0.000000	1.669020	0.000000	0.000000	2.199200	0.000000	3.479000	0.615470	0.000000	9.382050	4.397700	1.791560	5.687130	5.408590	0.000000	0.000000	49.465500	79.557800	102.072000	55.495100	68.635900	0.008000	0.000000	0.021649	0.000000	0.025982	0.000000	0.029251	0.000000	0.040266	0.000000	0.007128	0.000000	0.025046	0.014500	0.034872	0.133700	0.070186	0.240100	0.067557	0.443600	-5.000000	6.821390	21.994300	29.075400	35.602400	59.400600	93.421400	78.149700	97.542000	63.298100	50.080900	56.582300	0.061569	0.419800	0.078873	0.430700	0.098856	0.388500	0.089254	0.498000	0.070974	0.286400	0.009632	0.175200	0.000000	0.049300	0.000000	0.000000	0.065073	0.000000	0.139575	0.000000	0.237895	0.000000	0.284193	0.000000	0.284046	0.000000	0.248021	0.000000	0.302719	0.855192	3.122810	10.749700	32.471000	28.866000	0.000000	0.058586	0.391080	40.511500	909.223000	108.637000	0.000000	1070.160000	674.197000	0.000000	0.000000	0.000000	0.000000	8.011290	0.124379	0.155347	0.000000	0.097790	
   36	33.100000	27.627200	28.021100	39.649300	42.785000	44.573500	50.164100	63.288600	62.233300	76.970100	68.020900	69.252700	74.364400	76.314000	61.529200	26.240400	27.706500	51.657300	55.755900	38.152900	16.336600	33.752400	28.109100	19.499800	40.880000	35.742000	48.395600	35.128500	40.847800	39.943400	15.921700	27.445400	130.134000	55.679300	75.207400	66.839200	51.563800	31.524600	34.900900	39.471000	48.591700	74.327100	68.960800	92.385900	22.944900	25.513300	32.806200	19.524200	34.470000	0.484140	4.501250	3.181740	1.788500	3.973250	3.131930	5.462150	16.421100	21.876700	43.826900	43.863600	42.775200	18.356500	1.864070	4.227300	0.000000	0.000000	36.731100	24.447800	5.708180	13.617800	3.247380	18.456800	46.540000	5.572860	2.626280	2.622240	13.639200	0.000000	0.000000	9.172120	0.000000	0.000000	3.148000	0.000000	13.185800	0.000000	0.000000	0.000000	0.000000	0.000000	0.000000	62.887900	78.775200	105.238000	56.464400	70.618800	0.008000	0.000000	0.000000	0.000000	0.000000	0.000000	0.000000	0.000000	0.000000	0.000000	0.000000	0.000000	0.000000	0.003900	0.000000	0.298900	0.000000	0.217200	0.000000	0.043200	-5.000000	22.726800	29.868800	38.144300	35.630000	58.483300	108.660000	84.922800	103.401000	64.952900	33.687300	34.240500	0.020409	0.099200	0.063193	0.403600	0.071585	0.088900	0.065782	0.118900	0.047166	0.120900	0.000000	0.147500	0.000000	0.040800	0.000000	0.000000	0.003530	0.000000	0.106858	0.000000	0.191196	0.000000	0.256762	0.000000	0.357459	0.000000	0.363147	0.000000	0.302719	0.755716	2.934240	10.347700	32.715100	30.014200	0.000000	0.022056	0.193669	38.659800	943.130000	109.043000	0.000000	957.112000	635.307000	3.726390	0.000000	0.000000	6.368420	7.982560	0.082011	0.142131	0.000000	0.000000	
   37	33.100000	24.719300	26.273800	38.346800	34.280200	42.504500	52.609700	61.905500	58.018300	75.934700	74.362900	66.400000	80.513600	77.762400	65.448200	31.241600	26.088800	50.510100	61.182500	37.686300	31.760500	32.060800	18.539100	21.455200	40.880000	44.382200	37.590200	39.785500	43.642100	43.480400	14.386400	0.000000	134.055000	53.128500	95.689200	65.565600	42.824900	37.157900	28.072700	32.604600	37.743800	78.103800	84.645200	206.425000	13.421500	27.435900	29.955200	29.493800	34.470000	0.000000	3.356180	11.039500	4.245340	9.273160	0.794150	9.274530	12.658700	38.293500	54.691400	43.995000	41.015600	15.487000	0.000000	0.000000	0.000000	0.000000	34.626200	20.921300	5.413950	9.801160	1.904960	19.691900	46.540000	5.103830	14.092600	12.325600	12.460100	0.000000	10.731300	35.704700	3.039050	25.830100	11.767200	0.000000	21.653300	8.995800	4.513170	7.575870	0.198141	25.228100	0.000000	44.660200	65.079700	101.256000	60.812500	76.459100	0.008000	0.000000	0.011078	0.000000	0.012152	0.000000	0.000000	0.000000	0.000000	0.000000	0.000000	0.000000	0.000000	0.033200	0.000000	0.193100	0.123190	0.337500	0.129961	0.808800	-5.000000	22.520900	30.927800	31.828000	35.955300	59.117300	116.320000	58.655000	103.569000	78.210500	46.406500	41.753900	0.134049	0.404300	0.148705	0.917900	0.146871	0.370500	0.131708	0.372100	0.120296	0.201400	0.096565	0.070600	0.100826	0.012700	0.102700	0.000000	0.193164	0.000000	0.280338	0.000000	0.350581	0.000000	0.392547	0.000000	0.374203	0.000000	0.308402	0.000000	0.302719	0.750223	2.887950	10.732900	32.186600	28.119800	0.000000	0.026059	0.035191	35.513600	884.231000	104.052000	0.000000	963.407000	616.016000	11.353100	0.000000	1.637550	0.254504	8.208340	0.043548	0.206793	0.000000	0.197744	
   38	33.100000	22.935400	22.590800	35.739800	31.727300	46.987100	54.125900	62.675900	67.859500	64.998500	70.697700	67.241800	78.362400	77.105100	62.732100	24.593000	23.175300	46.220200	46.625000	35.276200	17.132600	31.704300	20.090000	23.410000	40.880000	40.396200	37.277400	39.179700	41.583900	51.440100	15.904300	0.000000	96.820100	44.108000	79.297700	59.361700	43.058600	32.819500	30.819100	38.676100	46.507100	79.818600	78.615400	164.256000	36.617600	29.269000	33.518000	22.342400	34.470000	0.000000	0.000000	8.000600	0.000000	0.685829	1.364380	1.266740	0.000000	0.000000	47.443200	44.750700	39.838400	11.579500	0.000000	0.000000	0.000000	0.000000	34.582400	0.000000	0.000000	10.720500	0.000000	13.392500	46.540000	0.000000	0.000000	0.000000	0.000000	0.000000	0.000000	9.916960	0.000000	0.000000	0.000000	0.000000	11.608700	0.000000	0.000000	0.000000	0.000000	0.000000	0.000000	39.217500	62.784600	99.152300	58.785000	65.424900	0.008000	0.000000	0.005734	0.000000	0.030868	0.000000	0.042824	0.000000	0.048150	0.000000	0.096284	0.000000	0.097208	0.014800	0.038400	0.122900	0.083857	0.171400	0.029451	0.192200	-5.000000	0.000000	12.829300	6.282400	10.090300	21.986500	85.300400	66.942500	84.771200	62.156600	42.723400	35.770100	0.072710	0.193000	0.101317	0.253100	0.102492	0.643800	0.082504	0.152100	0.053730	0.028300	0.002421	0.054200	0.000000	0.015800	0.000000	0.000000	0.012093	0.000000	0.085881	0.000000	0.174379	0.000000	0.242288	0.000000	0.274474	0.000000	0.296678	0.000000	0.302719	0.839366	3.266240	10.755100	33.162100	29.288500	0.000000	0.015275	0.350149	41.744400	919.383000	111.492000	0.000000	845.225000	664.389000	0.000000	0.000000	0.000000	4.325310	7.201720	0.000000	0.331525	0.000000	0.001926	
   39	33.100000	27.627200	28.021100	39.649300	42.785000	44.573500	50.164100	63.288600	62.233300	76.970100	68.020900	69.252700	74.364400	76.314000	61.529200	26.240400	27.706500	51.657300	55.755900	38.152900	16.336600	33.752400	28.109100	19.499800	40.880000	35.757400	36.340800	38.459400	38.186700	35.118000	12.270700	0.000000	88.999300	32.944400	64.389600	72.245200	47.566200	38.777200	39.334600	45.558100	58.917600	82.498700	90.273000	112.834000	45.549200	25.034700	31.878900	22.049400	34.470000	0.000000	1.710650	1.602320	3.437600	10.776900	10.684200	9.296370	19.923200	37.860600	51.361500	48.479600	41.690000	15.974500	2.308300	0.000000	0.000000	0.000000	54.538800	9.547620	12.413900	13.304100	9.504630	29.446500	46.540000	0.000000	0.000000	0.000000	13.795100	0.000000	2.294290	14.064500	0.000000	6.262510	2.046570	0.000000	7.230930	3.402630	2.251470	2.909120	2.660830	0.000000	0.000000	50.825700	88.366700	119.187000	66.311600	71.503900	0.008000	0.000000	0.000000	0.000000	0.000000	0.000000	0.018502	0.000000	0.007132	0.000000	0.014200	0.000000	0.045992	0.016600	0.061963	0.286700	0.114746	0.236000	0.107944	0.167600	-5.000000	0.000000	0.000000	0.046847	7.505270	31.525300	60.120500	68.353800	91.081100	56.281100	23.836000	36.604500	0.139840	0.182400	0.186719	0.216500	0.194958	0.367600	0.158386	0.097800	0.103471	0.173300	0.026624	0.172500	0.000000	0.076000	0.000000	0.000000	0.009569	0.000000	0.079194	0.000000	0.157346	0.000000	0.205045	0.000000	0.199924	0.000000	0.173468	0.000000	0.302719	0.677906	3.275090	10.981100	31.910900	28.752000	0.000000	0.000000	0.212224	39.402300	905.892000	111.474000	0.000000	1327.030000	651.680000	10.509800	0.000000	0.000000	0.000000	7.621260	0.046624	0.228909	0.000000	0.231157	
   40	33.100000	27.627200	28.021100	39.649300	42.785000	44.573500	50.164100	63.288600	62.233300	76.970100	68.020900	58.599100	75.413600	73.183600	59.042300	18.982900	28.329500	50.574700	50.829800	42.330700	25.136400	32.045600	17.091100	21.554600	40.880000	42.334800	42.197300	44.408800	44.046000	43.804700	17.974000	0.000000	106.112000	48.225300	83.429600	65.631400	43.583800	37.646100	37.589400	43.762400	50.285700	81.314200	67.961000	120.189000	0.000000	25.926600	35.621500	15.034900	34.470000	0.000000	0.637012	7.631820	2.591970	5.379880	3.775730	0.000000	0.000000	21.373500	44.736500	35.154600	35.453600	11.579500	0.000000	0.000000	0.000000	0.000000	34.582400	0.000000	0.000000	10.720500	0.000000	13.392500	46.540000	0.000000	0.000000	0.000000	1.669020	0.000000	0.000000	2.199200	0.000000	3.479000	0.615470	0.000000	9.382050	4.397700	1.791560	5.687130	5.408590	0.000000	0.000000	49.465500	79.557800	102.072000	55.495100	68.635900	0.008000	0.000000	0.021649	0.000000	0.025982	0.000000	0.029251	0.000000	0.040266	0.000000	0.007128	0.000000	0.025046	0.014500	0.034872	0.133700	0.070186	0.240100	0.067557	0.443600	-5.000000	6.821390	21.994300	29.075400	35.602400	59.400600	93.421400	78.149700	97.542000	63.298100	50.080900	56.582300	0.061569	0.419800	0.078873	0.430700	0.098856	0.388500	0.089254	0.498000	0.070974	0.286400	0.009632	0.175200	0.000000	0.049300	0.000000	0.000000	0.065073	0.000000	0.139575	0.000000	0.237895	0.000000	0.284193	0.000000	0.284046	0.000000	0.248021	0.000000	0.302719	0.855192	3.122810	10.749700	32.471000	28.866000	0.000000	0.058586	0.391080	40.511500	909.223000	108.637000	0.000000	1070.160000	674.197000	0.000000	0.000000	0.000000	0.000000	8.011290	0.124379	0.155347	0.000000	0.097790	
   41	33.100000	24.719300	26.273800	38.346800	34.280200	42.504500	52.609700	61.905500	58.018300	75.934700	74.362900	66.400000	80.513600	77.762400	65.448200	31.241600	26.088800	50.510100	61.182500	37.686300	31.760500	32.060800	18.539100	21.455200	40.880000	38.350900	34.013900	41.267400	44.444700	56.407000	13.913100	0.000000	94.257000	36.420900	102.491000	61.479500	40.286800	31.365300	35.006400	36.717800	49.553200	77.323900	91.074900	83.532000	47.583300	32.082400	35.058400	25.236000	34.470000	0.000000	0.000000	7.113180	4.286540	11.615400	7.284720	12.363700	24.091100	33.875800	44.871100	36.553600	32.524300	11.554300	0.000000	0.000000	0.000000	0.000000	43.537700	2.045750	4.037310	2.790060	0.871012	19.080300	46.540000	0.000000	0.000000	4.154520	8.760730	0.000000	0.545976	15.747100	0.000000	1.698680	5.657710	0.000000	7.035970	3.423540	0.000000	0.112127	0.000000	0.000000	0.000000	44.018400	79.361000	105.148000	65.555900	78.461000	0.008000	0.000000	0.019761	0.000000	0.012436	0.000000	0.049574	0.000000	0.075599	0.000000	0.081987	0.000000	0.092998	0.012400	0.063887	0.057900	0.053012	0.256400	0.041340	0.285900	-5.000000	10.812400	24.047400	20.249800	26.855900	52.177100	98.909200	90.712100	126.452000	79.392000	62.786100	58.118600	0.053038	0.195000	0.070433	0.552800	0.102039	0.285100	0.137370	0.142800	0.143843	0.420200	0.090610	0.521500	0.098265	0.119900	0.186944	0.000200	0.304510	0.000000	0.432226	0.000000	0.522184	0.000000	0.567672	0.000000	0.581991	0.000000	0.590575	0.000000	0.302719	0.773289	2.969250	10.417800	32.469100	29.199200	0.000000	0.000000	0.101834	37.242200	919.743000	103.239000	0.000000	1282.370000	730.955000	0.000000	0.000000	1.010550	0.000000	7.653220	0.000000	0.085182	0.000000	0.000000	
   42	33.100000	24.719300	26.273800	38.346800	34.280200	42.504500	52.609700	61.905500	58.018300	75.934700	74.362900	66.400000	80.513600	77.762400	65.448200	31.241600	26.088800	50.510100	61.182500	37.686300	31.760500	32.060800	18.539100	21.455200	40.880000	35.757400	36.340800	38.459400	38.186700	35.118000	12.270700	21.045300	104.128000	72.832600	90.126200	81.553200	48.074900	43.488600	37.471200	43.293300	47.545400	86.868000	83.955100	128.339000	27.220600	56.235800	32.876200	44.816200	34.470000	0.000000	0.000000	3.468870	0.000000	0.000000	5.316220	0.724303	9.578280	17.460900	37.427400	44.864100	38.505000	14.131200	0.000000	1.243490	0.000000	0.000000	47.103100	17.367800	0.984359	0.000000	0.011303	13.862200	46.540000	0.000000	0.000000	0.000000	0.000000	0.000000	0.000000	2.992590	0.000000	0.000000	0.000000	0.000000	0.250746	0.000000	0.000000	0.000000	0.000000	0.000000	0.000000	49.611600	76.173200	89.233800	56.956200	66.184900	0.008000	0.000000	0.000000	0.000000	0.000000	0.000000	0.000000	0.000000	0.000000	0.000000	0.000000	0.000000	0.000000	0.006500	0.035383	0.049500	0.062293	0.040300	0.054967	0.201900	-5.000000	34.066100	47.850200	22.170900	29.662900	46.751100	93.249400	86.836600	104.178000	65.387600	56.626900	63.092000	0.074309	0.213700	0.129971	0.125800	0.126935	0.121000	0.089873	0.259800	0.053742	0.479400	0.000000	0.344200	0.000000	0.069100	0.000000	0.000000	0.000000	0.000000	0.002607	0.000000	0.089561	0.000000	0.123741	0.000000	0.127106	0.000000	0.115884	0.000000	0.302719	0.944348	3.059850	10.913100	32.881800	29.121800	0.000000	0.000000	0.323496	40.204600	919.698000	108.618000	0.000000	1038.160000	634.817000	0.205797	0.000000	0.123489	0.000000	8.058260	0.256088	0.245750	0.000000	0.000000	
   43	33.100000	27.627200	28.021100	39.649300	42.785000	44.573500	50.164100	63.288600	62.233300	76.970100	68.020900	69.252700	74.364400	76.314000	61.529200	26.240400	27.706500	51.657300	55.755900	38.152900	16.336600	33.752400	28.109100	19.499800	40.880000	37.554700	35.539100	42.975100	37.925600	40.226500	16.590300	0.000000	122.947000	41.549800	69.524600	66.241800	36.050500	30.580500	28.643200	49.526500	60.820700	83.974400	88.393900	139.043000	29.073200	33.875400	40.592600	31.107000	34.470000	0.000000	0.000000	0.000000	0.000000	0.000000	0.000000	0.000000	0.000000	0.163778	50.900600	50.867900	48.896100	24.007600	7.230420	7.407460	0.000000	0.000000	35.193600	0.000000	0.000000	0.000000	0.000000	16.580100	46.540000	0.000000	6.412990	0.000000	2.830560	0.000000	0.000000	0.000000	0.000000	2.998990	3.169710	0.000000	16.345700	9.602950	4.399460	11.403900	8.681320	1.067230	0.000000	47.630700	80.948900	112.373000	70.338000	78.816400	0.008000	0.000000	0.104995	0.000000	0.203987	0.000000	0.347094	0.000000	0.386582	0.000000	0.401740	0.000000	0.432769	0.020500	0.404064	0.321100	0.391364	0.156800	0.378123	0.110100	-5.000000	32.667200	43.547300	45.085100	34.676600	54.890400	85.918700	92.486300	108.422000	70.638700	45.378700	50.798000	0.419238	0.222800	0.458974	0.104800	0.460031	0.116900	0.420528	0.500800	0.358042	1.093500	0.086331	0.106900	0.055907	0.025200	0.057666	0.000000	0.123651	0.000000	0.223704	0.000000	0.310489	0.000000	0.352969	0.000000	0.340295	0.000000	0.304373	0.000000	0.302719	1.360250	3.634350	11.062000	34.933100	32.013300	0.324886	0.862593	0.000000	44.328800	990.557000	115.144000	0.000000	975.357000	670.898000	0.031093	0.000000	0.000000	28.587200	7.375860	0.087903	0.199970	0.000000	0.185572	
   44	33.100000	25.801600	31.504900	37.944400	34.926000	41.508000	50.270000	59.076100	60.961500	71.373100	71.934200	59.008900	76.759900	80.454100	67.230100	27.821000	24.384800	51.663200	55.812700	36.394400	17.157700	28.607500	16.347400	15.142700	40.880000	36.420100	36.557200	37.202100	38.029100	38.050300	9.572500	0.000000	92.457600	30.555400	83.818500	58.483300	39.129200	42.853100	42.513600	43.105600	55.021700	83.105600	98.197900	192.537000	19.033900	30.007600	34.171000	23.810100	34.470000	0.000000	0.000000	9.466620	0.000000	0.000000	0.000000	0.000000	0.843057	22.521500	40.270200	37.611700	45.163400	14.707500	0.000000	2.675080	0.000000	0.000000	39.126100	7.667750	0.000000	0.000000	0.000000	15.747400	46.540000	0.000000	0.000000	0.000000	0.000000	0.000000	1.250530	13.410700	0.000000	5.277770	0.650146	0.000000	7.437320	0.000000	0.000000	0.000000	0.000000	0.000000	0.000000	44.332600	78.647500	109.735000	58.791000	75.505800	0.008000	0.000000	0.010668	0.000000	0.019280	0.000000	0.031806	0.000000	0.010821	0.000000	0.008853	0.000000	0.029933	0.016200	0.010068	0.092500	0.000000	0.166000	0.059781	0.107900	-5.000000	19.838600	34.732800	32.142800	34.676600	54.890400	85.918700	83.609200	105.808000	66.733700	48.325500	47.959700	0.085862	0.305800	0.093581	0.246100	0.054618	0.491600	0.192375	0.404600	0.106646	0.145200	0.018695	0.087000	0.034930	0.028600	0.002322	0.000000	0.069769	0.000000	0.162710	0.000000	0.259167	0.000000	0.304507	0.000000	0.290111	0.000000	0.251309	0.000000	0.302719	1.082710	3.030890	10.827000	33.050500	29.274400	0.000000	0.000000	0.261942	40.956800	900.170000	110.534000	0.000000	1166.150000	657.864000	5.335170	0.000000	0.000000	0.000000	7.948750	0.122704	0.423079	0.000000	0.293930	
   45	33.100000	22.935400	22.590800	35.739800	31.727300	46.987100	54.125900	62.675900	67.859500	64.998500	70.697700	67.241800	78.362400	77.105100	62.732100	24.593000	23.175300	46.220200	46.625000	35.276200	17.132600	31.704300	20.090000	23.410000	40.880000	40.396200	37.277400	39.179700	41.583900	51.440100	15.904300	0.000000	96.820100	44.108000	79.297700	59.361700	43.058600	32.819500	30.819100	38.676100	46.507100	79.818600	78.615400	164.256000	36.617600	29.269000	33.518000	22.342400	34.470000	0.000000	0.000000	8.000600	0.000000	0.685829	1.364380	1.266740	0.000000	0.000000	47.443200	44.750700	39.838400	11.579500	0.000000	0.000000	0.000000	0.000000	34.582400	0.000000	0.000000	10.720500	0.000000	13.392500	46.540000	0.000000	0.000000	0.000000	0.000000	0.000000	0.000000	9.916960	0.000000	0.000000	0.000000	0.000000	11.608700	0.000000	0.000000	0.000000	0.000000	0.000000	0.000000	39.217500	62.784600	99.152300	58.785000	65.424900	0.008000	0.000000	0.005734	0.000000	0.030868	0.000000	0.042824	0.000000	0.048150	0.000000	0.096284	0.000000	0.097208	0.014800	0.038400	0.122900	0.083857	0.171400	0.029451	0.192200	-5.000000	20.077200	33.267600	37.187500	42.275800	72.383300	94.593100	103.835000	103.565000	81.014300	45.557700	53.552100	0.040772	0.668000	0.068081	0.188600	0.070425	0.310200	0.092971	0.253100	0.119056	0.538600	0.086835	0.072400	0.000000	0.016600	0.000000	0.000000	0.019289	0.000000	0.104263	0.000000	0.165256	0.000000	0.233722	0.000000	0.251975	0.000000	0.228748	0.000000	0.302719	0.944348	3.059850	10.913100	32.881800	29.121800	0.000000	0.056492	0.090455	39.046200	904.989000	109.162000	0.000000	1287.800000	692.103000	0.000000	0.000000	0.000000	20.211100	6.724950	0.000000	0.150161	0.000000	0.258501	
   46	33.100000	27.627200	28.021100	39.649300	42.785000	44.573500	50.164100	63.288600	62.233300	76.970100	68.020900	69.252700	74.364400	76.314000	61.529200	26.240400	27.706500	51.657300	55.755900	38.152900	16.336600	33.752400	28.109100	19.499800	40.880000	37.554700	35.539100	42.975100	37.925600	40.226500	16.590300	0.000000	122.947000	41.549800	69.524600	66.241800	36.050500	30.580500	28.643200	49.526500	60.820700	83.974400	88.393900	139.043000	29.073200	33.875400	40.592600	31.107000	34.470000	0.000000	0.000000	0.000000	0.000000	0.000000	0.000000	0.000000	10.704100	9.616540	45.086300	45.654100	41.750600	18.591400	1.677560	10.637500	0.000000	0.000000	50.568200	0.000000	0.076460	6.252610	0.000000	9.670380	46.540000	10.349500	1.614380	4.305580	16.400000	3.260380	2.507090	20.185400	0.000000	0.000000	8.040540	0.000000	14.140200	5.737260	0.000000	0.000000	0.000000	0.000000	0.000000	32.278600	64.054900	97.277200	58.088900	67.876400	0.008000	0.000000	0.000000	0.000000	0.000000	0.000000	0.005518	0.000000	0.010042	0.000000	0.000000	0.000000	0.012368	0.006200	0.000000	0.042600	0.073161	0.264300	0.105291	0.334300	-5.000000	34.066100	29.868800	38.144300	35.630000	58.483300	108.660000	84.922800	103.401000	64.952900	46.144800	50.954700	0.133092	0.423300	0.174547	0.250100	0.196079	0.215000	0.181881	0.844600	0.146837	0.328900	0.154601	0.076500	0.143753	0.047700	0.140486	0.000000	0.150746	0.000000	0.222599	0.000000	0.329797	0.000000	0.400587	0.000000	0.402853	0.000000	0.371620	0.000000	0.302719	0.829927	2.911210	10.766000	33.164900	29.464700	0.100772	0.011019	0.045016	49.261800	928.720000	109.038000	0.000000	1099.590000	711.633000	2.342490	0.000000	0.222889	1.260970	7.745330	0.168710	0.202833	0.000000	0.000000	
   47	33.100000	27.627200	28.021100	39.649300	42.785000	44.573500	50.164100	63.288600	62.233300	76.970100	68.020900	69.252700	74.364400	76.314000	61.529200	26.240400	27.706500	51.657300	55.755900	38.152900	16.336600	33.752400	28.109100	19.499800	40.880000	43.394300	39.878900	40.389100	46.869000	40.828100	12.103200	31.092500	112.967000	65.217500	92.379600	71.657400	53.646200	39.823900	27.837900	39.242300	51.029900	81.897100	86.620300	151.310000	7.969670	25.238100	37.183800	24.411600	34.470000	0.000000	0.000000	6.960560	0.000000	2.325650	2.249960	6.388080	0.000000	1.824910	40.928800	45.234900	45.619900	13.801800	0.000000	0.000000	4.398450	4.036640	55.924100	4.911930	8.495030	3.882290	3.213080	11.349800	46.540000	0.000000	3.193440	6.207160	2.580370	0.000000	2.904980	27.499700	0.000000	16.876700	7.849310	0.000000	15.213700	2.314840	0.000000	0.691914	3.104490	7.276180	1.294780	51.381600	80.952800	103.804000	80.767700	75.347700	0.008000	0.000000	0.009700	0.000000	0.005906	0.000000	0.000000	0.000000	0.000269	0.000000	0.000000	0.000000	0.040459	0.009000	0.062456	0.042000	0.101752	0.142400	0.117601	0.251500	-5.000000	22.038600	30.670000	28.721300	30.929300	46.463700	79.394000	95.247900	95.521300	63.374300	45.723600	50.070400	0.157251	0.124400	0.196917	0.350800	0.209798	2.483800	0.187194	0.576800	0.145429	0.062100	0.082185	0.260000	0.040708	0.063800	0.029102	0.000000	0.076114	0.000000	0.152545	0.000000	0.261020	0.000000	0.333884	0.000000	0.344157	0.000000	0.329615	0.000000	0.302719	0.969242	3.313640	11.515600	34.057500	29.163600	0.000000	0.000000	0.000000	39.763000	908.530000	110.061000	0.000000	940.810000	650.589000	0.000000	0.000000	0.045742	0.000000	7.776830	0.118798	0.184581	0.000000	0.174106	
   48	33.100000	22.935400	22.590800	35.739800	31.727300	46.987100	54.125900	62.675900	67.859500	64.998500	70.697700	67.241800	78.362400	77.105100	62.732100	24.593000	23.175300	46.220200	46.625000	35.276200	17.132600	31.704300	20.090000	23.410000	40.880000	40.396200	37.277400	39.179700	41.583900	51.440100	15.904300	0.000000	96.820100	44.108000	79.297700	59.361700	43.058600	32.819500	30.819100	38.676100	46.507100	79.818600	78.615400	164.256000	36.617600	29.269000	33.518000	22.342400	34.470000	0.000000	0.000000	8.000600	0.000000	0.685829	1.364380	1.266740	0.000000	0.000000	47.443200	44.750700	39.838400	11.579500	0.000000	0.000000	0.000000	0.000000	34.582400	0.000000	0.000000	10.720500	0.000000	13.392500	46.540000	0.000000	0.000000	0.000000	0.000000	0.000000	0.000000	9.916960	0.000000	0.000000	0.000000	0.000000	11.608700	0.000000	0.000000	0.000000	0.000000	0.000000	0.000000	39.217500	62.784600	99.152300	58.785000	65.424900	0.008000	0.000000	0.005734	0.000000	0.030868	0.000000	0.042824	0.000000	0.048150	0.000000	0.096284	0.000000	0.097208	0.014800	0.038400	0.122900	0.083857	0.171400	0.029451	0.192200	-5.000000	25.291400	41.270300	42.689900	48.921800	75.506200	111.094000	91.134000	93.207900	60.082000	47.263200	45.930500	0.144395	0.135600	0.166018	0.092700	0.087373	0.704000	0.057670	0.630800	0.013553	0.592900	0.000000	0.258100	0.000000	0.051900	0.000000	0.000100	0.023659	0.000000	0.098248	0.000000	0.173076	0.000000	0.210781	0.000000	0.193321	0.000000	0.158241	0.000000	0.302719	1.082710	3.030890	10.827000	33.050500	29.274400	0.000000	0.000000	0.396565	40.576300	849.777000	108.816000	0.000000	1189.100000	697.123000	0.000000	0.000000	0.231268	0.000000	7.546560	0.059190	0.188886	0.000000	0.204847	
   49	33.100000	24.719300	26.273800	38.346800	34.280200	42.504500	52.609700	61.905500	58.018300	75.934700	74.362900	66.400000	80.513600	77.762400	65.448200	31.241600	26.088800	50.510100	61.182500	37.686300	31.760500	32.060800	18.539100	21.455200	40.880000	50.366200	51.073000	53.889100	59.155900	51.777100	24.269300	0.000000	131.059000	59.852400	82.855200	66.414300	47.427200	37.234100	35.304100	39.337600	46.972300	75.041400	85.538800	91.217800	0.762825	30.394100	33.650600	41.229100	34.470000	0.000000	0.000000	6.288900	0.000000	3.493460	0.000000	0.000000	4.704990	23.808200	61.771900	43.533500	37.822000	9.755220	0.000000	0.000000	0.000000	0.000000	35.561900	11.824600	0.000000	3.394470	0.000000	0.000000	46.540000	0.000000	0.000000	0.000000	0.000000	0.000000	0.000000	9.450990	0.000000	11.297500	12.029100	0.000000	0.870650	0.000000	0.000000	0.000000	0.000000	0.000000	0.000000	38.842900	66.559000	98.527500	51.265600	49.146600	0.008000	0.000000	0.044446	0.000000	0.061340	0.000000	0.077943	0.000000	0.079317	0.000000	0.069156	0.000000	0.083466	0.036100	0.071063	0.185000	0.091113	0.075100	0.073026	0.377500	-5.000000	22.038600	33.657800	40.146900	44.979800	70.460400	98.651100	83.609200	105.808000	66.733700	48.325500	47.959700	0.085358	0.485600	0.183828	0.840500	0.186048	0.224900	0.148715	0.207400	0.100463	0.290200	0.065720	0.213200	0.031179	0.068400	0.045133	0.000100	0.092445	0.000000	0.189620	0.000000	0.283856	0.000000	0.343112	0.000000	0.304259	0.000000	0.303582	0.000000	0.302719	0.892095	3.146360	10.846400	33.100900	29.425200	0.000000	0.008045	0.236952	39.375700	925.496000	115.573000	7.610530	531.310000	617.221000	2.539190	0.000000	0.000000	87.513500	7.438030	0.030132	0.096816	0.000000	1.121880	
   50	33.100000	27.627200	28.021100	39.649300	42.785000	44.573500	50.164100	63.288600	62.233300	76.970100	68.020900	58.599100	75.413600	73.183600	59.042300	18.982900	28.329500	50.574700	50.829800	42.330700	25.136400	32.045600	17.091100	21.554600	40.880000	42.334800	42.197300	44.408800	44.046000	43.804700	17.974000	0.000000	106.112000	48.225300	83.429600	65.631400	43.583800	37.646100	37.589400	43.762400	50.285700	81.314200	67.961000	120.189000	0.000000	25.926600	35.621500	15.034900	34.470000	0.000000	0.637012	7.631820	2.591970	5.379880	3.775730	0.000000	0.000000	21.373500	44.736500	35.154600	35.453600	11.579500	0.000000	0.000000	0.000000	0.000000	34.582400	0.000000	0.000000	10.720500	0.000000	13.392500	46.540000	0.000000	0.000000	0.000000	1.669020	0.000000	0.000000	2.199200	0.000000	3.479000	0.615470	0.000000	9.382050	4.397700	1.791560	5.687130	5.408590	0.000000	0.000000	49.465500	79.557800	102.072000	55.495100	68.635900	0.008000	0.000000	0.021649	0.000000	0.025982	0.000000	0.029251	0.000000	0.040266	0.000000	0.007128	0.000000	0.025046	0.014500	0.034872	0.133700	0.070186	0.240100	0.067557	0.443600	-5.000000	6.821390	21.994300	29.075400	35.602400	59.400600	93.421400	78.149700	97.542000	63.298100	50.080900	56.582300	0.061569	0.419800	0.078873	0.430700	0.098856	0.388500	0.089254	0.498000	0.070974	0.286400	0.009632	0.175200	0.000000	0.049300	0.000000	0.000000	0.065073	0.000000	0.139575	0.000000	0.237895	0.000000	0.284193	0.000000	0.284046	0.000000	0.248021	0.000000	0.302719	0.855192	3.122810	10.749700	32.471000	28.866000	0.000000	0.058586	0.391080	40.511500	909.223000	108.637000	0.000000	1070.160000	674.197000	0.000000	0.000000	0.000000	0.000000	8.011290	0.124379	0.155347	0.000000	0.097790	
   51	33.100000	25.801600	31.504900	37.944400	34.926000	41.508000	50.270000	59.076100	60.961500	71.373100	71.934200	59.008900	76.759900	80.454100	67.230100	27.821000	24.384800	51.663200	55.812700	36.394400	17.157700	28.607500	16.347400	15.142700	40.880000	36.420100	36.557200	37.202100	38.029100	38.050300	9.572500	0.000000	92.457600	30.555400	83.818500	58.483300	39.129200	42.853100	42.513600	43.105600	55.021700	83.105600	98.197900	192.537000	19.033900	30.007600	34.171000	23.810100	34.470000	0.000000	0.000000	9.466620	0.000000	0.000000	0.000000	0.000000	0.843057	22.521500	40.270200	37.611700	45.163400	14.707500	0.000000	2.675080	0.000000	0.000000	39.126100	7.667750	0.000000	0.000000	0.000000	15.747400	46.540000	0.000000	0.000000	0.000000	0.000000	0.000000	1.250530	13.410700	0.000000	5.277770	0.650146	0.000000	7.437320	0.000000	0.000000	0.000000	0.000000	0.000000	0.000000	44.332600	78.647500	109.735000	58.791000	75.505800	0.008000	0.000000	0.010668	0.000000	0.019280	0.000000	0.031806	0.000000	0.010821	0.000000	0.008853	0.000000	0.029933	0.016200	0.010068	0.092500	0.000000	0.166000	0.059781	0.107900	-5.000000	19.838600	34.732800	32.142800	34.676600	54.890400	85.918700	83.609200	105.808000	66.733700	48.325500	47.959700	0.085862	0.305800	0.093581	0.246100	0.054618	0.491600	0.192375	0.404600	0.106646	0.145200	0.018695	0.087000	0.034930	0.028600	0.002322	0.000000	0.069769	0.000000	0.162710	0.000000	0.259167	0.000000	0.304507	0.000000	0.290111	0.000000	0.251309	0.000000	0.302719	1.082710	3.030890	10.827000	33.050500	29.274400	0.000000	0.000000	0.261942	40.956800	900.170000	110.534000	0.000000	1166.150000	657.864000	5.335170	0.000000	0.000000	0.000000	7.948750	0.122704	0.423079	0.000000	0.293930	
   52	33.100000	27.627200	28.021100	39.649300	42.785000	44.573500	50.164100	63.288600	62.233300	76.970100	68.020900	58.599100	75.413600	73.183600	59.042300	18.982900	28.329500	50.574700	50.829800	42.330700	25.136400	32.045600	17.091100	21.554600	40.880000	42.334800	42.197300	44.408800	44.046000	43.804700	17.974000	0.000000	106.112000	48.225300	83.429600	65.631400	43.583800	37.646100	37.589400	43.762400	50.285700	81.314200	67.961000	120.189000	0.000000	25.926600	35.621500	15.034900	34.470000	0.000000	0.637012	7.631820	2.591970	5.379880	3.775730	0.000000	0.000000	21.373500	44.736500	35.154600	35.453600	11.579500	0.000000	0.000000	0.000000	0.000000	34.582400	0.000000	0.000000	10.720500	0.000000	13.392500	46.540000	0.000000	0.000000	0.000000	1.669020	0.000000	0.000000	2.199200	0.000000	3.479000	0.615470	0.000000	9.382050	4.397700	1.791560	5.687130	5.408590	0.000000	0.000000	49.465500	79.557800	102.072000	55.495100	68.635900	0.008000	0.000000	0.021649	0.000000	0.025982	0.000000	0.029251	0.000000	0.040266	0.000000	0.007128	0.000000	0.025046	0.014500	0.034872	0.133700	0.070186	0.240100	0.067557	0.443600	-5.000000	6.821390	21.994300	29.075400	35.602400	59.400600	93.421400	78.149700	97.542000	63.298100	50.080900	56.582300	0.061569	0.419800	0.078873	0.430700	0.098856	0.388500	0.089254	0.498000	0.070974	0.286400	0.009632	0.175200	0.000000	0.049300	0.000000	0.000000	0.065073	0.000000	0.139575	0.000000	0.237895	0.000000	0.284193	0.000000	0.284046	0.000000	0.248021	0.000000	0.302719	0.855192	3.122810	10.749700	32.471000	28.866000	0.000000	0.058586	0.391080	40.511500	909.223000	108.637000	0.000000	1070.160000	674.197000	0.000000	0.000000	0.000000	0.000000	8.011290	0.124379	0.155347	0.000000	0.097790	
   53	33.100000	25.801600	31.504900	37.944400	34.926000	41.508000	50.270000	59.076100	60.961500	71.373100	71.934200	59.008900	76.759900	80.454100	67.230100	27.821000	24.384800	51.663200	55.812700	36.394400	17.157700	28.607500	16.347400	15.142700	40.880000	36.420100	36.557200	37.202100	38.029100	38.050300	9.572500	0.000000	92.457600	30.555400	83.818500	58.483300	39.129200	42.853100	42.513600	43.105600	55.021700	83.105600	98.197900	192.537000	19.033900	30.007600	34.171000	23.810100	34.470000	0.000000	0.000000	9.466620	0.000000	0.000000	0.000000	0.000000	0.843057	22.521500	40.270200	37.611700	45.163400	14.707500	0.000000	2.675080	0.000000	0.000000	39.126100	7.667750	0.000000	0.000000	0.000000	15.747400	46.540000	0.000000	0.000000	0.000000	0.000000	0.000000	1.250530	13.410700	0.000000	5.277770	0.650146	0.000000	7.437320	0.000000	0.000000	0.000000	0.000000	0.000000	0.000000	44.332600	78.647500	109.735000	58.791000	75.505800	0.008000	0.000000	0.010668	0.000000	0.019280	0.000000	0.031806	0.000000	0.010821	0.000000	0.008853	0.000000	0.029933	0.016200	0.010068	0.092500	0.000000	0.166000	0.059781	0.107900	-5.000000	19.838600	34.732800	32.142800	34.676600	54.890400	85.918700	83.609200	105.808000	66.733700	48.325500	47.959700	0.085862	0.305800	0.093581	0.246100	0.054618	0.491600	0.192375	0.404600	0.106646	0.145200	0.018695	0.087000	0.034930	0.028600	0.002322	0.000000	0.069769	0.000000	0.162710	0.000000	0.259167	0.000000	0.304507	0.000000	0.290111	0.000000	0.251309	0.000000	0.302719	1.082710	3.030890	10.827000	33.050500	29.274400	0.000000	0.000000	0.261942	40.956800	900.170000	110.534000	0.000000	1166.150000	657.864000	5.335170	0.000000	0.000000	0.000000	7.948750	0.122704	0.423079	0.000000	0.293930	
   54	33.100000	25.801600	31.504900	37.944400	34.926000	41.508000	50.270000	59.076100	60.961500	71.373100	71.934200	59.008900	76.759900	80.454100	67.230100	27.821000	24.384800	51.663200	55.812700	36.394400	17.157700	28.607500	16.347400	15.142700	40.880000	36.420100	36.557200	37.202100	38.029100	38.050300	9.572500	0.000000	92.457600	30.555400	83.818500	58.483300	39.129200	42.853100	42.513600	43.105600	55.021700	83.105600	98.197900	192.537000	19.033900	30.007600	34.171000	23.810100	34.470000	0.000000	0.000000	9.466620	0.000000	0.000000	0.000000	0.000000	0.843057	22.521500	40.270200	37.611700	45.163400	14.707500	0.000000	2.675080	0.000000	0.000000	39.126100	7.667750	0.000000	0.000000	0.000000	15.747400	46.540000	0.000000	0.000000	0.000000	0.000000	0.000000	1.250530	13.410700	0.000000	5.277770	0.650146	0.000000	7.437320	0.000000	0.000000	0.000000	0.000000	0.000000	0.000000	44.332600	78.647500	109.735000	58.791000	75.505800	0.008000	0.000000	0.010668	0.000000	0.019280	0.000000	0.031806	0.000000	0.010821	0.000000	0.008853	0.000000	0.029933	0.016200	0.010068	0.092500	0.000000	0.166000	0.059781	0.107900	-5.000000	19.838600	34.732800	32.142800	34.676600	54.890400	85.918700	83.609200	105.808000	66.733700	48.325500	47.959700	0.085862	0.305800	0.093581	0.246100	0.054618	0.491600	0.192375	0.404600	0.106646	0.145200	0.018695	0.087000	0.034930	0.028600	0.002322	0.000000	0.069769	0.000000	0.162710	0.000000	0.259167	0.000000	0.304507	0.000000	0.290111	0.000000	0.251309	0.000000	0.302719	1.082710	3.030890	10.827000	33.050500	29.274400	0.000000	0.000000	0.261942	40.956800	900.170000	110.534000	0.000000	1166.150000	657.864000	5.335170	0.000000	0.000000	0.000000	7.948750	0.122704	0.423079	0.000000	0.293930	
   55	33.100000	27.375700	29.055800	37.773200	39.032900	43.665200	46.614800	60.607300	59.465800	67.553400	65.680500	55.960500	80.138600	73.322200	61.407700	23.958100	27.810500	39.541300	61.182500	37.686300	31.760500	32.060800	18.539100	21.455200	40.880000	43.440300	33.392600	36.696000	38.611100	34.809600	14.507100	0.000000	117.556000	33.415700	86.745400	69.203500	52.925700	42.194500	40.185800	42.172900	55.128200	82.697800	82.925800	89.873500	23.061800	31.596000	37.551000	27.897800	34.470000	0.000000	0.000000	3.532810	0.000000	1.343700	0.000000	0.000000	8.804170	19.928600	46.627000	47.184300	37.937400	14.751400	0.000000	0.000000	0.000000	0.000000	43.314900	13.343800	0.000000	7.763490	0.000000	4.170190	46.540000	0.000000	0.000000	0.000000	10.814100	0.000000	0.000000	5.688210	0.000000	7.186950	3.619960	0.000000	15.587000	2.057300	0.000000	0.920061	0.000000	0.000000	0.000000	48.506600	77.760500	100.764000	62.719100	74.819200	0.008000	0.000000	0.021649	0.000000	0.016269	0.000000	0.026105	0.000000	0.024010	0.000000	0.029478	0.000000	0.039298	0.007100	0.039644	0.074200	0.085316	0.262800	0.095788	0.308400	-5.000000	20.406900	30.079600	36.243500	35.485800	60.728800	101.388000	80.010300	103.348000	79.272900	45.723600	50.070400	0.106285	0.406500	0.151506	0.285100	0.183214	0.486200	0.093152	0.407700	0.068659	0.321200	0.014279	0.138500	0.000000	0.043300	0.000000	0.000000	0.025016	0.000000	0.125194	0.000000	0.200493	0.000000	0.242288	0.000000	0.252664	0.000000	0.256201	0.000000	0.302719	0.652446	3.124830	10.812000	33.212600	29.364700	0.000000	0.002176	0.415249	40.039000	890.019000	109.178000	0.000000	1129.200000	683.927000	0.870374	4.915710	0.017317	1.804860	6.573440	0.166220	0.029203	0.000000	0.022247	
   56	33.100000	27.375700	29.055800	37.773200	39.032900	43.665200	46.614800	60.607300	59.465800	67.553400	65.680500	55.960500	80.138600	73.322200	61.407700	23.958100	27.810500	39.541300	61.182500	37.686300	31.760500	32.060800	18.539100	21.455200	40.880000	43.440300	33.392600	36.696000	38.611100	34.809600	14.507100	0.000000	117.556000	33.415700	86.745400	69.203500	52.925700	42.194500	40.185800	42.172900	55.128200	82.697800	82.925800	89.873500	23.061800	31.596000	37.551000	27.897800	34.470000	0.000000	0.000000	3.532810	0.000000	1.343700	0.000000	0.000000	8.804170	19.928600	46.627000	47.184300	37.937400	14.751400	0.000000	0.000000	0.000000	0.000000	43.314900	13.343800	0.000000	7.763490	0.000000	4.170190	46.540000	0.000000	0.000000	0.000000	10.814100	0.000000	0.000000	5.688210	0.000000	7.186950	3.619960	0.000000	15.587000	2.057300	0.000000	0.920061	0.000000	0.000000	0.000000	48.506600	77.760500	100.764000	62.719100	74.819200	0.008000	0.000000	0.021649	0.000000	0.016269	0.000000	0.026105	0.000000	0.024010	0.000000	0.029478	0.000000	0.039298	0.007100	0.039644	0.074200	0.085316	0.262800	0.095788	0.308400	-5.000000	20.406900	30.079600	36.243500	35.485800	60.728800	101.388000	80.010300	103.348000	79.272900	45.723600	50.070400	0.106285	0.406500	0.151506	0.285100	0.183214	0.486200	0.093152	0.407700	0.068659	0.321200	0.014279	0.138500	0.000000	0.043300	0.000000	0.000000	0.025016	0.000000	0.125194	0.000000	0.200493	0.000000	0.242288	0.000000	0.252664	0.000000	0.256201	0.000000	0.302719	1.048950	3.104780	10.867600	33.097400	29.441200	0.000000	0.019651	0.242961	39.042100	922.128000	108.885000	0.000000	1305.190000	696.585000	0.000000	0.000000	0.000000	29.900800	7.337540	0.110062	0.120192	0.000000	0.171380	
   57	33.100000	27.375700	29.055800	37.773200	39.032900	43.665200	46.614800	60.607300	59.465800	67.553400	65.680500	55.960500	80.138600	73.322200	61.407700	23.958100	27.810500	39.541300	61.182500	37.686300	31.760500	32.060800	18.539100	21.455200	40.880000	43.440300	33.392600	36.696000	38.611100	34.809600	14.507100	0.000000	117.556000	33.415700	86.745400	69.203500	52.925700	42.194500	40.185800	42.172900	55.128200	82.697800	82.925800	89.873500	23.061800	31.596000	37.551000	27.897800	34.470000	0.000000	0.000000	3.532810	0.000000	1.343700	0.000000	0.000000	8.804170	19.928600	46.627000	47.184300	37.937400	14.751400	0.000000	0.000000	0.000000	0.000000	43.314900	13.343800	0.000000	7.763490	0.000000	4.170190	46.540000	0.000000	0.000000	0.000000	10.814100	0.000000	0.000000	5.688210	0.000000	7.186950	3.619960	0.000000	15.587000	2.057300	0.000000	0.920061	0.000000	0.000000	0.000000	48.506600	77.760500	100.764000	62.719100	74.819200	0.008000	0.000000	0.021649	0.000000	0.016269	0.000000	0.026105	0.000000	0.024010	0.000000	0.029478	0.000000	0.039298	0.007100	0.039644	0.074200	0.085316	0.262800	0.095788	0.308400	-5.000000	20.406900	30.079600	36.243500	35.485800	60.728800	101.388000	80.010300	103.348000	79.272900	45.723600	50.070400	0.106285	0.406500	0.151506	0.285100	0.183214	0.486200	0.093152	0.407700	0.068659	0.321200	0.014279	0.138500	0.000000	0.043300	0.000000	0.000000	0.025016	0.000000	0.125194	0.000000	0.200493	0.000000	0.242288	0.000000	0.252664	0.000000	0.256201	0.000000	0.302719	0.788492	2.978770	11.255200	33.780600	29.324500	0.000000	0.063581	0.229229	37.245800	937.340000	94.993600	0.000000	1296.610000	687.582000	4.715580	0.000000	1.244920	19.232100	7.660650	0.085513	0.151112	0.000000	0.224219	
   58	33.100000	27.627200	28.021100	39.649300	42.785000	44.573500	50.164100	63.288600	62.233300	76.970100	68.020900	58.599100	75.413600	73.183600	59.042300	18.982900	28.329500	50.574700	50.829800	42.330700	25.136400	32.045600	17.091100	21.554600	40.880000	42.334800	42.197300	44.408800	44.046000	43.804700	17.974000	0.000000	106.112000	48.225300	83.429600	65.631400	43.583800	37.646100	37.589400	43.762400	50.285700	81.314200	67.961000	120.189000	0.000000	25.926600	35.621500	15.034900	34.470000	0.000000	0.637012	7.631820	2.591970	5.379880	3.775730	0.000000	0.000000	21.373500	44.736500	35.154600	35.453600	11.579500	0.000000	0.000000	0.000000	0.000000	34.582400	0.000000	0.000000	10.720500	0.000000	13.392500	46.540000	0.000000	0.000000	0.000000	1.669020	0.000000	0.000000	2.199200	0.000000	3.479000	0.615470	0.000000	9.382050	4.397700	1.791560	5.687130	5.408590	0.000000	0.000000	49.465500	79.557800	102.072000	55.495100	68.635900	0.008000	0.000000	0.021649	0.000000	0.025982	0.000000	0.029251	0.000000	0.040266	0.000000	0.007128	0.000000	0.025046	0.014500	0.034872	0.133700	0.070186	0.240100	0.067557	0.443600	-5.000000	6.821390	21.994300	29.075400	35.602400	59.400600	93.421400	78.149700	97.542000	63.298100	50.080900	56.582300	0.061569	0.419800	0.078873	0.430700	0.098856	0.388500	0.089254	0.498000	0.070974	0.286400	0.009632	0.175200	0.000000	0.049300	0.000000	0.000000	0.065073	0.000000	0.139575	0.000000	0.237895	0.000000	0.284193	0.000000	0.284046	0.000000	0.248021	0.000000	0.302719	0.855192	3.122810	10.749700	32.471000	28.866000	0.000000	0.058586	0.391080	40.511500	909.223000	108.637000	0.000000	1070.160000	674.197000	0.000000	0.000000	0.000000	0.000000	8.011290	0.124379	0.155347	0.000000	0.097790	
   59	33.100000	27.627200	28.021100	39.649300	42.785000	44.573500	50.164100	63.288600	62.233300	76.970100	68.020900	69.252700	74.364400	76.314000	61.529200	26.240400	27.706500	51.657300	55.755900	38.152900	16.336600	33.752400	28.109100	19.499800	40.880000	35.742000	48.395600	35.128500	40.847800	39.943400	15.921700	27.445400	130.134000	55.679300	75.207400	66.839200	51.563800	31.524600	34.900900	39.471000	48.591700	74.327100	68.960800	92.385900	22.944900	25.513300	32.806200	19.524200	34.470000	0.000000	0.000000	0.000000	0.000000	0.000000	0.000000	0.000000	0.000000	8.108950	44.161700	41.907100	42.049300	15.802300	0.000000	2.322730	0.000000	0.000000	29.781600	0.000000	0.000000	0.000000	0.000000	7.559200	46.540000	0.000000	0.368659	5.234610	1.144820	0.000000	0.000000	19.817700	0.000000	15.354400	8.677290	0.000000	17.518900	11.343800	11.615400	8.093480	9.835580	8.474670	0.000000	37.682300	77.898400	108.857000	67.412700	75.230100	0.008000	0.000000	0.001467	0.000000	0.000000	0.000000	0.074653	0.000000	0.088855	0.000000	0.068577	0.000000	0.054406	0.007100	0.035146	0.142500	0.033462	0.183500	0.005010	0.266900	-5.000000	22.472700	37.907600	40.212900	46.551100	57.498700	87.505900	81.297100	103.358000	65.237700	45.342700	46.701300	0.000000	0.120300	0.004932	0.252000	0.000000	0.314100	0.000000	0.344900	0.000000	0.432800	0.000000	0.321000	0.000000	0.063400	0.000000	0.000000	0.067136	0.000000	0.185956	0.000000	0.285677	0.000000	0.350766	0.000000	0.344593	0.000000	0.290003	0.000000	0.302719	0.894910	3.261550	10.522100	31.984700	28.663800	0.000000	0.000000	0.000000	37.892600	913.556000	104.915000	0.000000	1220.320000	651.683000	12.752500	0.542290	4.230860	0.000000	8.418540	0.035897	0.181855	0.000000	0.000000	
   60	33.100000	27.627200	28.021100	39.649300	42.785000	44.573500	50.164100	63.288600	62.233300	76.970100	68.020900	58.599100	75.413600	73.183600	59.042300	18.982900	28.329500	50.574700	50.829800	42.330700	25.136400	32.045600	17.091100	21.554600	40.880000	42.334800	42.197300	44.408800	44.046000	43.804700	17.974000	0.000000	106.112000	48.225300	83.429600	65.631400	43.583800	37.646100	37.589400	43.762400	50.285700	81.314200	67.961000	120.189000	0.000000	25.926600	35.621500	15.034900	34.470000	0.000000	0.637012	7.631820	2.591970	5.379880	3.775730	0.000000	0.000000	21.373500	44.736500	35.154600	35.453600	11.579500	0.000000	0.000000	0.000000	0.000000	34.582400	0.000000	0.000000	10.720500	0.000000	13.392500	46.540000	0.000000	0.000000	0.000000	1.669020	0.000000	0.000000	2.199200	0.000000	3.479000	0.615470	0.000000	9.382050	4.397700	1.791560	5.687130	5.408590	0.000000	0.000000	49.465500	79.557800	102.072000	55.495100	68.635900	0.008000	0.000000	0.021649	0.000000	0.025982	0.000000	0.029251	0.000000	0.040266	0.000000	0.007128	0.000000	0.025046	0.014500	0.034872	0.133700	0.070186	0.240100	0.067557	0.443600	-5.000000	6.821390	21.994300	29.075400	35.602400	59.400600	93.421400	78.149700	97.542000	63.298100	50.080900	56.582300	0.061569	0.419800	0.078873	0.430700	0.098856	0.388500	0.089254	0.498000	0.070974	0.286400	0.009632	0.175200	0.000000	0.049300	0.000000	0.000000	0.065073	0.000000	0.139575	0.000000	0.237895	0.000000	0.284193	0.000000	0.284046	0.000000	0.248021	0.000000	0.302719	0.855192	3.122810	10.749700	32.471000	28.866000	0.000000	0.058586	0.391080	40.511500	909.223000	108.637000	0.000000	1070.160000	674.197000	0.000000	0.000000	0.000000	0.000000	8.011290	0.124379	0.155347	0.000000	0.097790	
   61	33.100000	22.935400	22.590800	35.739800	31.727300	46.987100	54.125900	62.675900	67.859500	64.998500	70.697700	67.241800	78.362400	77.105100	62.732100	24.593000	23.175300	46.220200	46.625000	35.276200	17.132600	31.704300	20.090000	23.410000	40.880000	40.396200	37.277400	39.179700	41.583900	51.440100	15.904300	0.000000	96.820100	44.108000	79.297700	59.361700	43.058600	32.819500	30.819100	38.676100	46.507100	79.818600	78.615400	164.256000	36.617600	29.269000	33.518000	22.342400	34.470000	0.000000	0.000000	8.000600	0.000000	0.685829	1.364380	1.266740	0.000000	0.000000	47.443200	44.750700	39.838400	11.579500	0.000000	0.000000	0.000000	0.000000	34.582400	0.000000	0.000000	10.720500	0.000000	13.392500	46.540000	0.000000	0.000000	0.000000	0.000000	0.000000	0.000000	9.916960	0.000000	0.000000	0.000000	0.000000	11.608700	0.000000	0.000000	0.000000	0.000000	0.000000	0.000000	39.217500	62.784600	99.152300	58.785000	65.424900	0.008000	0.000000	0.005734	0.000000	0.030868	0.000000	0.042824	0.000000	0.048150	0.000000	0.096284	0.000000	0.097208	0.014800	0.038400	0.122900	0.083857	0.171400	0.029451	0.192200	-5.000000	29.245300	44.337500	44.910800	49.559800	66.344100	108.697000	105.256000	116.460000	82.506200	55.476600	42.387700	0.103406	0.123400	0.120408	0.141200	0.120556	0.126300	0.129585	0.102700	0.134044	0.123500	0.000000	0.067600	0.000000	0.047400	0.000000	0.000000	0.000000	0.000000	0.033924	0.000000	0.109420	0.000000	0.149463	0.000000	0.133389	0.000000	0.120637	0.000000	0.302719	1.123610	3.211910	10.868200	33.139300	29.125800	0.000000	0.140898	0.000000	43.423500	918.972000	114.022000	0.000000	897.750000	640.282000	0.000000	0.000000	0.550879	0.000000	8.151200	0.000000	0.115140	0.000000	0.398806	
   62	33.100000	27.375700	29.055800	37.773200	39.032900	43.665200	46.614800	60.607300	59.465800	67.553400	65.680500	55.960500	80.138600	73.322200	61.407700	23.958100	27.810500	39.541300	61.182500	37.686300	31.760500	32.060800	18.539100	21.455200	40.880000	43.440300	33.392600	36.696000	38.611100	34.809600	14.507100	0.000000	117.556000	33.415700	86.745400	69.203500	52.925700	42.194500	40.185800	42.172900	55.128200	82.697800	82.925800	89.873500	23.061800	31.596000	37.551000	27.897800	34.470000	0.000000	0.000000	3.532810	0.000000	1.343700	0.000000	0.000000	8.804170	19.928600	46.627000	47.184300	37.937400	14.751400	0.000000	0.000000	0.000000	0.000000	43.314900	13.343800	0.000000	7.763490	0.000000	4.170190	46.540000	0.000000	0.000000	0.000000	10.814100	0.000000	0.000000	5.688210	0.000000	7.186950	3.619960	0.000000	15.587000	2.057300	0.000000	0.920061	0.000000	0.000000	0.000000	48.506600	77.760500	100.764000	62.719100	74.819200	0.008000	0.000000	0.021649	0.000000	0.016269	0.000000	0.026105	0.000000	0.024010	0.000000	0.029478	0.000000	0.039298	0.007100	0.039644	0.074200	0.085316	0.262800	0.095788	0.308400	-5.000000	20.406900	30.079600	36.243500	35.485800	60.728800	101.388000	80.010300	103.348000	79.272900	45.723600	50.070400	0.106285	0.406500	0.151506	0.285100	0.183214	0.486200	0.093152	0.407700	0.068659	0.321200	0.014279	0.138500	0.000000	0.043300	0.000000	0.000000	0.025016	0.000000	0.125194	0.000000	0.200493	0.000000	0.242288	0.000000	0.252664	0.000000	0.256201	0.000000	0.302719	0.705868	2.652900	11.325800	34.398400	29.783700	0.000000	0.243210	0.000000	39.989100	949.029000	116.633000	0.000000	827.496000	628.282000	6.589600	0.000000	3.435010	0.000000	8.572730	0.124521	0.118550	0.000000	0.000000	
   63	33.100000	27.375700	29.055800	37.773200	39.032900	43.665200	46.614800	60.607300	59.465800	67.553400	65.680500	55.960500	80.138600	73.322200	61.407700	23.958100	27.810500	39.541300	61.182500	37.686300	31.760500	32.060800	18.539100	21.455200	40.880000	43.440300	33.392600	36.696000	38.611100	34.809600	14.507100	0.000000	117.556000	33.415700	86.745400	69.203500	52.925700	42.194500	40.185800	42.172900	55.128200	82.697800	82.925800	89.873500	23.061800	31.596000	37.551000	27.897800	34.470000	0.000000	0.000000	3.532810	0.000000	1.343700	0.000000	0.000000	8.804170	19.928600	46.627000	47.184300	37.937400	14.751400	0.000000	0.000000	0.000000	0.000000	43.314900	13.343800	0.000000	7.763490	0.000000	4.170190	46.540000	0.000000	0.000000	0.000000	10.814100	0.000000	0.000000	5.688210	0.000000	7.186950	3.619960	0.000000	15.587000	2.057300	0.000000	0.920061	0.000000	0.000000	0.000000	48.506600	77.760500	100.764000	62.719100	74.819200	0.008000	0.000000	0.021649	0.000000	0.016269	0.000000	0.026105	0.000000	0.024010	0.000000	0.029478	0.000000	0.039298	0.007100	0.039644	0.074200	0.085316	0.262800	0.095788	0.308400	-5.000000	20.406900	30.079600	36.243500	35.485800	60.728800	101.388000	80.010300	103.348000	79.272900	45.723600	50.070400	0.106285	0.406500	0.151506	0.285100	0.183214	0.486200	0.093152	0.407700	0.068659	0.321200	0.014279	0.138500	0.000000	0.043300	0.000000	0.000000	0.025016	0.000000	0.125194	0.000000	0.200493	0.000000	0.242288	0.000000	0.252664	0.000000	0.256201	0.000000	0.302719	0.652446	3.124830	10.812000	33.212600	29.364700	0.000000	0.002176	0.415249	40.039000	890.019000	109.178000	0.000000	1129.200000	683.927000	0.870374	4.915710	0.017317	1.804860	6.573440	0.166220	0.029203	0.000000	0.022247	
   64	33.100000	24.719300	26.273800	38.346800	34.280200	42.504500	52.609700	61.905500	58.018300	75.934700	74.362900	66.400000	80.513600	77.762400	65.448200	31.241600	26.088800	50.510100	61.182500	37.686300	31.760500	32.060800	18.539100	21.455200	40.880000	44.382200	37.590200	39.785500	43.642100	43.480400	14.386400	0.000000	85.198200	52.990700	94.590100	81.095300	57.323700	45.770900	44.810500	50.098700	57.945900	88.949800	95.022600	113.719000	0.000000	23.762900	29.060100	18.387700	34.470000	0.000000	3.356180	11.039500	4.245340	9.273160	0.794150	9.274530	11.123600	22.671800	43.052800	39.678900	37.952800	6.259180	0.000000	0.000000	0.000000	0.000000	48.153300	0.000000	7.472010	8.817090	5.899020	24.181800	46.540000	5.103830	14.092600	12.325600	12.460100	0.000000	10.731300	35.704700	0.000000	14.529400	13.046400	0.000000	20.649300	6.329690	10.550200	0.000000	4.080670	0.000000	0.000000	31.787200	85.829700	110.860000	76.481400	79.381100	0.008000	0.000000	0.011078	0.000000	0.012152	0.000000	0.000000	0.000000	0.000000	0.000000	0.000000	0.000000	0.000000	0.024200	0.000000	0.149400	0.016823	0.205900	0.000000	0.249700	-5.000000	31.928500	50.564900	51.770600	55.799600	68.427700	105.697000	103.963000	109.821000	45.980500	24.347500	29.797600	0.001262	0.597300	0.028407	0.177500	0.037044	0.245000	0.019176	0.764100	0.000000	0.313600	0.000000	0.044600	0.000000	0.029200	0.000000	0.000000	0.028327	0.000000	0.178396	0.000000	0.205658	0.000000	0.233946	0.000000	0.267209	0.000000	0.288047	0.000000	0.302719	1.008310	3.126770	11.226200	33.609400	29.247300	0.000000	0.000000	0.063548	40.828500	927.942000	109.533000	0.000000	1007.200000	675.680000	0.000000	0.000000	0.000000	0.000000	8.220180	0.066594	0.207719	0.000000	0.240731	
   65	33.100000	27.375700	29.055800	37.773200	39.032900	43.665200	46.614800	60.607300	59.465800	67.553400	65.680500	55.960500	80.138600	73.322200	61.407700	23.958100	27.810500	39.541300	61.182500	37.686300	31.760500	32.060800	18.539100	21.455200	40.880000	43.440300	33.392600	36.696000	38.611100	34.809600	14.507100	0.000000	117.556000	33.415700	86.745400	69.203500	52.925700	42.194500	40.185800	42.172900	55.128200	82.697800	82.925800	89.873500	23.061800	31.596000	37.551000	27.897800	34.470000	0.000000	0.000000	3.532810	0.000000	1.343700	0.000000	0.000000	8.804170	19.928600	46.627000	47.184300	37.937400	14.751400	0.000000	0.000000	0.000000	0.000000	43.314900	13.343800	0.000000	7.763490	0.000000	4.170190	46.540000	0.000000	0.000000	0.000000	10.814100	0.000000	0.000000	5.688210	0.000000	7.186950	3.619960	0.000000	15.587000	2.057300	0.000000	0.920061	0.000000	0.000000	0.000000	48.506600	77.760500	100.764000	62.719100	74.819200	0.008000	0.000000	0.021649	0.000000	0.016269	0.000000	0.026105	0.000000	0.024010	0.000000	0.029478	0.000000	0.039298	0.007100	0.039644	0.074200	0.085316	0.262800	0.095788	0.308400	-5.000000	20.406900	30.079600	36.243500	35.485800	60.728800	101.388000	80.010300	103.348000	79.272900	45.723600	50.070400	0.106285	0.406500	0.151506	0.285100	0.183214	0.486200	0.093152	0.407700	0.068659	0.321200	0.014279	0.138500	0.000000	0.043300	0.000000	0.000000	0.025016	0.000000	0.125194	0.000000	0.200493	0.000000	0.242288	0.000000	0.252664	0.000000	0.256201	0.000000	0.302719	0.788492	3.104830	10.835000	33.094500	29.404000	0.000000	0.000000	0.326097	39.893000	920.635000	109.530000	0.000000	1251.530000	678.635000	0.000000	0.000000	0.052595	0.000000	7.700260	0.122600	0.163091	0.000000	0.139675	
   66	33.100000	22.935400	22.590800	35.739800	31.727300	46.987100	54.125900	62.675900	67.859500	64.998500	70.697700	67.241800	78.362400	77.105100	62.732100	24.593000	23.175300	46.220200	46.625000	35.276200	17.132600	31.704300	20.090000	23.410000	40.880000	40.396200	37.277400	39.179700	41.583900	51.440100	15.904300	0.000000	96.820100	44.108000	79.297700	59.361700	43.058600	32.819500	30.819100	38.676100	46.507100	79.818600	78.615400	164.256000	36.617600	29.269000	33.518000	22.342400	34.470000	0.000000	0.000000	8.000600	0.000000	0.685829	1.364380	1.266740	0.000000	0.000000	47.443200	44.750700	39.838400	11.579500	0.000000	0.000000	0.000000	0.000000	34.582400	0.000000	0.000000	10.720500	0.000000	13.392500	46.540000	0.000000	0.000000	0.000000	0.000000	0.000000	0.000000	9.916960	0.000000	0.000000	0.000000	0.000000	11.608700	0.000000	0.000000	0.000000	0.000000	0.000000	0.000000	39.217500	62.784600	99.152300	58.785000	65.424900	0.008000	0.000000	0.005734	0.000000	0.030868	0.000000	0.042824	0.000000	0.048150	0.000000	0.096284	0.000000	0.097208	0.014800	0.038400	0.122900	0.096606	0.259200	0.099905	0.363400	-5.000000	10.053600	25.221000	23.723000	30.984200	54.225800	95.545800	96.569300	95.719300	60.685200	37.945700	42.270000	0.101872	0.437400	0.145549	0.240000	0.161200	0.344700	0.209458	1.025000	0.206309	0.368700	0.177246	0.112800	0.115657	0.029600	0.074946	0.000000	0.154430	0.000000	0.241238	0.000000	0.294287	0.000000	0.305665	0.000000	0.290111	0.000000	0.251309	0.000000	0.302719	0.894910	3.261550	10.856900	33.100100	29.430700	0.000000	0.011726	0.053051	39.203900	956.856000	118.882000	0.000000	949.939000	690.878000	0.000000	0.000000	0.964523	0.000000	7.637260	0.000000	0.197137	0.000000	0.000000	
   67	33.100000	24.719300	26.273800	38.346800	34.280200	42.504500	52.609700	61.905500	58.018300	75.934700	74.362900	66.400000	80.513600	77.762400	65.448200	31.241600	26.088800	50.510100	61.182500	37.686300	31.760500	32.060800	18.539100	21.455200	40.880000	34.108000	32.725900	34.957800	34.563100	35.678100	9.671060	0.000000	86.439600	22.807200	89.743100	67.868500	43.393700	33.760100	33.067500	38.704700	45.809800	73.660200	83.898700	79.523600	0.000000	27.220600	35.375200	24.385800	34.470000	0.000000	0.000000	9.049330	0.000000	0.000000	0.000000	0.000000	0.000000	14.219300	37.774000	40.370000	36.696200	10.069600	0.000000	0.000000	0.000000	0.000000	44.927700	14.336400	0.000000	4.034160	1.048270	19.813900	46.540000	0.085586	0.000000	2.400710	3.865320	0.000000	0.000000	15.791400	0.000000	15.384300	5.252230	0.000000	17.746200	9.173100	4.742050	7.353850	3.309300	1.447440	0.000000	48.506600	77.760500	100.764000	62.719100	74.819200	0.008000	0.000000	0.000000	0.000000	0.000000	0.000000	0.000000	0.000000	0.000000	0.000000	0.000000	0.000000	0.000000	0.003100	0.000000	0.224500	0.002733	0.222600	0.006569	0.123700	-5.000000	12.641500	31.554300	31.407900	35.492700	63.058800	95.730000	67.871500	103.945000	66.147100	46.280100	65.138400	0.024927	0.384000	0.054932	0.538200	0.064788	0.248900	0.044649	0.175000	0.000000	0.330100	0.000000	0.238900	0.000000	0.044500	0.000000	0.000000	0.097839	0.000000	0.192786	0.000000	0.255830	0.000000	0.262376	0.000000	0.259378	0.000000	0.280198	0.000000	0.302719	0.881887	3.139010	10.761500	33.132600	29.451100	0.000000	0.019446	0.226202	40.147800	926.351000	108.545000	0.000000	1373.630000	722.235000	0.000000	0.000000	0.005662	41.248500	7.469380	0.092405	0.314399	0.000000	0.286446	
   68	33.100000	27.375700	29.055800	37.773200	39.032900	43.665200	46.614800	60.607300	59.465800	67.553400	65.680500	55.960500	80.138600	73.322200	61.407700	23.958100	27.810500	39.541300	61.182500	37.686300	31.760500	32.060800	18.539100	21.455200	40.880000	43.440300	33.392600	36.696000	38.611100	34.809600	14.507100	0.000000	117.556000	33.415700	86.745400	69.203500	52.925700	42.194500	40.185800	42.172900	55.128200	82.697800	82.925800	89.873500	23.061800	31.596000	37.551000	27.897800	34.470000	0.000000	0.000000	3.532810	0.000000	1.343700	0.000000	0.000000	8.804170	19.928600	46.627000	47.184300	37.937400	14.751400	0.000000	0.000000	0.000000	0.000000	43.314900	13.343800	0.000000	7.763490	0.000000	4.170190	46.540000	0.000000	0.000000	0.000000	10.814100	0.000000	0.000000	5.688210	0.000000	7.186950	3.619960	0.000000	15.587000	2.057300	0.000000	0.920061	0.000000	0.000000	0.000000	48.506600	77.760500	100.764000	62.719100	74.819200	0.008000	0.000000	0.021649	0.000000	0.016269	0.000000	0.026105	0.000000	0.024010	0.000000	0.029478	0.000000	0.039298	0.007100	0.039644	0.074200	0.085316	0.262800	0.095788	0.308400	-5.000000	20.406900	30.079600	36.243500	35.485800	60.728800	101.388000	80.010300	103.348000	79.272900	45.723600	50.070400	0.106285	0.406500	0.151506	0.285100	0.183214	0.486200	0.093152	0.407700	0.068659	0.321200	0.014279	0.138500	0.000000	0.043300	0.000000	0.000000	0.025016	0.000000	0.125194	0.000000	0.200493	0.000000	0.242288	0.000000	0.252664	0.000000	0.256201	0.000000	0.302719	0.773289	2.969250	10.792500	32.907000	29.331500	0.000000	0.000000	0.311077	41.986400	927.183000	111.502000	3.105760	5638.990000	574.099000	0.000000	0.000000	0.000000	0.000000	8.971790	0.362744	0.128767	0.000000	0.000000	
   69	33.100000	27.627200	28.021100	39.649300	42.785000	44.573500	50.164100	63.288600	62.233300	76.970100	68.020900	69.252700	74.364400	76.314000	61.529200	26.240400	27.706500	51.657300	55.755900	38.152900	16.336600	33.752400	28.109100	19.499800	40.880000	39.748400	39.963900	39.095200	43.540900	40.700600	10.949200	9.472090	107.750000	31.582600	80.669800	66.454600	44.046000	35.383600	34.271500	39.729900	46.724500	79.011000	88.422700	159.064000	75.176900	23.627700	34.583000	23.436500	34.470000	0.000000	0.000000	4.313900	0.125699	2.740590	2.894470	5.264190	15.328900	14.430300	34.279100	41.195600	27.615700	7.635340	0.000000	2.533230	0.000000	0.000000	44.399900	0.000000	0.000000	0.585246	0.000000	22.124600	46.540000	3.565890	2.673950	0.000000	7.308060	6.047260	0.000000	9.427760	0.000000	1.176010	0.671067	0.000000	7.963130	3.711220	0.000000	1.691590	0.000000	0.000000	0.000000	39.207600	59.546300	87.948900	65.736900	73.377000	0.008000	0.000000	0.001650	0.000000	0.008632	0.000000	0.022209	0.000000	0.024010	0.000000	0.017333	0.000000	0.028591	0.019300	0.038646	0.103800	0.112502	0.199000	0.140042	0.510600	-5.000000	52.890900	55.566800	47.095200	60.398900	83.396900	105.697000	103.963000	109.821000	62.370200	52.549800	58.796100	0.175869	1.246000	0.217574	0.530500	0.226240	0.200900	0.199725	0.200100	0.101815	0.112900	0.023273	0.025200	0.000000	0.037500	0.005549	0.000000	0.055042	0.000000	0.164060	0.000000	0.253685	0.000000	0.279404	0.000000	0.280466	0.000000	0.334076	0.000000	0.302719	0.788492	2.978770	11.255200	33.780600	29.324500	0.000000	0.000000	0.258897	39.918900	922.979000	110.677000	0.000000	964.789000	630.869000	0.043905	0.000000	0.000000	0.000000	8.617610	0.000000	0.122045	0.068616	0.158778	
   70	33.100000	27.375700	29.055800	37.773200	39.032900	43.665200	46.614800	60.607300	59.465800	67.553400	65.680500	55.960500	80.138600	73.322200	61.407700	23.958100	27.810500	39.541300	61.182500	37.686300	31.760500	32.060800	18.539100	21.455200	40.880000	43.440300	33.392600	36.696000	38.611100	34.809600	14.507100	0.000000	117.556000	33.415700	86.745400	69.203500	52.925700	42.194500	40.185800	42.172900	55.128200	82.697800	82.925800	89.873500	23.061800	31.596000	37.551000	27.897800	34.470000	0.000000	0.000000	3.532810	0.000000	1.343700	0.000000	0.000000	8.804170	19.928600	46.627000	47.184300	37.937400	14.751400	0.000000	0.000000	0.000000	0.000000	43.314900	13.343800	0.000000	7.763490	0.000000	4.170190	46.540000	0.000000	0.000000	0.000000	10.814100	0.000000	0.000000	5.688210	0.000000	7.186950	3.619960	0.000000	15.587000	2.057300	0.000000	0.920061	0.000000	0.000000	0.000000	48.506600	77.760500	100.764000	62.719100	74.819200	0.008000	0.000000	0.021649	0.000000	0.016269	0.000000	0.026105	0.000000	0.024010	0.000000	0.029478	0.000000	0.039298	0.007100	0.039644	0.074200	0.085316	0.262800	0.095788	0.308400	-5.000000	20.406900	30.079600	36.243500	35.485800	60.728800	101.388000	80.010300	103.348000	79.272900	45.723600	50.070400	0.106285	0.406500	0.151506	0.285100	0.183214	0.486200	0.093152	0.407700	0.068659	0.321200	0.014279	0.138500	0.000000	0.043300	0.000000	0.000000	0.025016	0.000000	0.125194	0.000000	0.200493	0.000000	0.242288	0.000000	0.252664	0.000000	0.256201	0.000000	0.302719	0.843733	3.064280	10.810500	33.114700	29.403300	0.000000	0.000000	0.187938	37.062200	933.792000	104.840000	0.000000	993.012000	645.458000	1.675710	0.000000	0.000000	41.248500	7.469380	0.092405	0.314399	0.000000	0.286446	
   71	33.100000	24.719300	26.273800	38.346800	34.280200	42.504500	52.609700	61.905500	58.018300	75.934700	74.362900	66.400000	80.513600	77.762400	65.448200	31.241600	26.088800	50.510100	61.182500	37.686300	31.760500	32.060800	18.539100	21.455200	40.880000	50.366200	51.073000	53.889100	59.155900	51.777100	24.269300	0.000000	131.059000	59.852400	82.855200	66.414300	47.427200	37.234100	35.304100	39.337600	46.972300	75.041400	85.538800	91.217800	0.762825	30.394100	33.650600	41.229100	34.470000	0.000000	0.000000	6.288900	0.000000	3.493460	0.000000	0.000000	4.704990	23.808200	37.427400	44.864100	38.505000	14.131200	0.000000	1.243490	0.000000	0.000000	47.103100	17.367800	0.984359	0.000000	0.011303	13.862200	46.540000	0.000000	0.000000	0.000000	0.000000	0.000000	0.000000	9.450990	0.000000	11.297500	0.000000	0.000000	0.250746	0.000000	0.000000	0.000000	0.000000	0.000000	0.000000	49.611600	76.173200	89.233800	56.956200	66.184900	0.008000	0.000000	0.044446	0.000000	0.061340	0.000000	0.077943	0.000000	0.079317	0.000000	0.069156	0.000000	0.083466	0.023200	0.071063	0.165300	0.091113	0.079500	0.073026	0.298400	-5.000000	52.890900	55.566800	47.095200	60.398900	83.396900	118.728000	114.369000	116.389000	55.773000	46.542400	40.051200	0.074309	0.252500	0.129971	0.927700	0.126935	0.356700	0.089873	0.075500	0.053742	0.302700	0.000000	0.348800	0.000000	0.027600	0.000000	0.000000	0.000000	0.000000	0.002607	0.000000	0.089561	0.000000	0.123741	0.000000	0.127106	0.000000	0.115884	0.000000	0.302719	0.892095	3.146360	10.846400	33.100900	29.425200	0.000000	0.008045	0.236952	39.375700	919.698000	108.618000	0.000000	1038.160000	634.817000	0.205797	0.000000	0.123489	0.000000	8.058260	0.256088	0.245750	0.000000	0.000000	
   72	33.100000	24.719300	26.273800	38.346800	34.280200	42.504500	52.609700	61.905500	58.018300	75.934700	74.362900	66.400000	80.513600	77.762400	65.448200	31.241600	26.088800	50.510100	61.182500	37.686300	31.760500	32.060800	18.539100	21.455200	40.880000	38.123200	32.683800	36.813600	41.041100	45.244200	15.967100	0.000000	125.627000	46.268100	105.339000	82.422600	54.994000	53.042200	40.939500	47.810800	68.194100	91.364000	94.952100	145.874000	26.784600	21.835500	32.909200	27.293300	34.470000	0.000000	0.000000	3.532810	0.000000	1.343700	0.000000	0.000000	3.195650	8.090770	34.993000	37.002400	37.283900	15.463600	2.602610	7.407460	0.000000	0.000000	35.193600	0.000000	0.000000	0.000000	0.000000	16.580100	46.540000	0.000000	0.000000	0.000000	10.814100	0.000000	0.000000	5.688210	8.365130	16.588200	6.312310	0.000000	17.420200	10.465600	8.373360	11.403900	8.681320	1.067230	0.000000	47.630700	80.948900	112.373000	70.338000	78.816400	0.008000	0.000000	0.024694	0.000000	0.010090	0.000000	0.007287	0.000000	0.003818	0.000000	0.000000	0.000000	0.000044	0.003800	0.000000	0.032600	0.143709	0.056600	0.128101	0.226500	-5.000000	22.472700	37.907600	40.212900	34.485700	53.310300	107.680000	92.904500	105.011000	60.142600	42.438300	39.922200	0.157341	0.492800	0.186150	0.387700	0.184408	0.174700	0.161874	0.163500	0.130478	0.337600	0.086331	0.071700	0.055907	0.031200	0.057666	0.000000	0.123651	0.000000	0.223704	0.000000	0.310489	0.000000	0.352969	0.000000	0.340295	0.000000	0.304373	0.000000	0.302719	0.843733	3.064280	10.810500	33.114700	29.403300	0.000000	0.000000	0.386088	41.167500	904.042000	106.146000	0.000000	992.765000	656.987000	0.031093	0.000000	0.000000	28.587200	7.375860	0.087903	0.199970	0.000000	0.185572	
   73	33.100000	27.627200	28.021100	39.649300	42.785000	44.573500	50.164100	63.288600	62.233300	76.970100	68.020900	58.599100	75.413600	73.183600	59.042300	18.982900	28.329500	50.574700	50.829800	42.330700	25.136400	32.045600	17.091100	21.554600	40.880000	42.334800	42.197300	44.408800	44.046000	43.804700	17.974000	0.000000	106.112000	48.225300	83.429600	65.631400	43.583800	37.646100	37.589400	43.762400	50.285700	81.314200	67.961000	120.189000	0.000000	25.926600	35.621500	15.034900	34.470000	0.000000	0.637012	7.631820	2.591970	5.379880	3.775730	0.000000	0.000000	21.373500	44.736500	35.154600	35.453600	11.579500	0.000000	0.000000	0.000000	0.000000	34.582400	0.000000	0.000000	10.720500	0.000000	13.392500	46.540000	0.000000	0.000000	0.000000	1.669020	0.000000	0.000000	2.199200	0.000000	3.479000	0.615470	0.000000	9.382050	4.397700	1.791560	5.687130	5.408590	0.000000	0.000000	49.465500	79.557800	102.072000	55.495100	68.635900	0.008000	0.000000	0.021649	0.000000	0.025982	0.000000	0.029251	0.000000	0.040266	0.000000	0.007128	0.000000	0.025046	0.014500	0.034872	0.133700	0.070186	0.240100	0.067557	0.443600	-5.000000	6.821390	21.994300	29.075400	35.602400	59.400600	93.421400	78.149700	97.542000	63.298100	50.080900	56.582300	0.061569	0.419800	0.078873	0.430700	0.098856	0.388500	0.089254	0.498000	0.070974	0.286400	0.009632	0.175200	0.000000	0.049300	0.000000	0.000000	0.065073	0.000000	0.139575	0.000000	0.237895	0.000000	0.284193	0.000000	0.284046	0.000000	0.248021	0.000000	0.302719	0.855192	3.122810	10.749700	32.471000	28.866000	0.000000	0.058586	0.391080	40.511500	909.223000	108.637000	0.000000	1070.160000	674.197000	0.000000	0.000000	0.000000	0.000000	8.011290	0.124379	0.155347	0.000000	0.097790	
   74	33.100000	22.935400	22.590800	35.739800	31.727300	46.987100	54.125900	62.675900	67.859500	64.998500	70.697700	67.241800	78.362400	77.105100	62.732100	24.593000	23.175300	46.220200	46.625000	35.276200	17.132600	31.704300	20.090000	23.410000	40.880000	40.396200	37.277400	39.179700	41.583900	51.440100	15.904300	0.000000	96.820100	44.108000	79.297700	59.361700	43.058600	32.819500	30.819100	38.676100	46.507100	79.818600	78.615400	164.256000	36.617600	29.269000	33.518000	22.342400	34.470000	0.000000	0.000000	8.000600	0.000000	0.685829	1.364380	1.266740	0.000000	0.000000	47.443200	44.750700	39.838400	11.579500	0.000000	0.000000	0.000000	0.000000	34.582400	0.000000	0.000000	10.720500	0.000000	13.392500	46.540000	0.000000	0.000000	0.000000	0.000000	0.000000	0.000000	9.916960	0.000000	0.000000	0.000000	0.000000	11.608700	0.000000	0.000000	0.000000	0.000000	0.000000	0.000000	39.217500	62.784600	99.152300	58.785000	65.424900	0.008000	0.000000	0.005734	0.000000	0.030868	0.000000	0.042824	0.000000	0.048150	0.000000	0.096284	0.000000	0.097208	0.014800	0.038400	0.122900	0.096606	0.259200	0.099905	0.363400	-5.000000	10.053600	25.221000	23.723000	30.984200	54.225800	95.545800	96.569300	95.719300	60.685200	37.945700	42.270000	0.101872	0.437400	0.145549	0.240000	0.161200	0.344700	0.209458	1.025000	0.206309	0.368700	0.177246	0.112800	0.115657	0.029600	0.074946	0.000000	0.154430	0.000000	0.241238	0.000000	0.294287	0.000000	0.305665	0.000000	0.290111	0.000000	0.251309	0.000000	0.302719	0.894910	3.261550	10.856900	33.100100	29.430700	0.000000	0.011726	0.053051	39.203900	956.856000	118.882000	0.000000	949.939000	690.878000	0.000000	0.000000	0.964523	0.000000	7.637260	0.000000	0.197137	0.000000	0.000000	
   75	33.100000	27.375700	29.055800	37.773200	39.032900	43.665200	46.614800	60.607300	59.465800	67.553400	65.680500	55.960500	80.138600	73.322200	61.407700	23.958100	27.810500	39.541300	61.182500	37.686300	31.760500	32.060800	18.539100	21.455200	40.880000	43.440300	33.392600	36.696000	38.611100	34.809600	14.507100	0.000000	117.556000	33.415700	86.745400	69.203500	52.925700	42.194500	40.185800	42.172900	55.128200	82.697800	82.925800	89.873500	23.061800	31.596000	37.551000	27.897800	34.470000	0.000000	0.000000	3.532810	0.000000	1.343700	0.000000	0.000000	8.804170	19.928600	46.627000	47.184300	37.937400	14.751400	0.000000	0.000000	0.000000	0.000000	43.314900	13.343800	0.000000	7.763490	0.000000	4.170190	46.540000	0.000000	0.000000	0.000000	10.814100	0.000000	0.000000	5.688210	0.000000	7.186950	3.619960	0.000000	15.587000	2.057300	0.000000	0.920061	0.000000	0.000000	0.000000	48.506600	77.760500	100.764000	62.719100	74.819200	0.008000	0.000000	0.021649	0.000000	0.016269	0.000000	0.026105	0.000000	0.024010	0.000000	0.029478	0.000000	0.039298	0.007100	0.039644	0.074200	0.085316	0.262800	0.095788	0.308400	-5.000000	20.406900	30.079600	36.243500	35.485800	60.728800	101.388000	80.010300	103.348000	79.272900	45.723600	50.070400	0.106285	0.406500	0.151506	0.285100	0.183214	0.486200	0.093152	0.407700	0.068659	0.321200	0.014279	0.138500	0.000000	0.043300	0.000000	0.000000	0.025016	0.000000	0.125194	0.000000	0.200493	0.000000	0.242288	0.000000	0.252664	0.000000	0.256201	0.000000	0.302719	1.048950	3.104780	10.867600	33.152200	28.851500	0.000000	0.000000	0.000000	43.060000	929.994000	109.118000	0.000000	986.866000	676.832000	0.000000	0.000000	1.399810	0.000000	7.825950	0.000000	0.228624	0.071640	0.000000	
   76	33.100000	27.375700	29.055800	37.773200	39.032900	43.665200	46.614800	60.607300	59.465800	67.553400	65.680500	55.960500	80.138600	73.322200	61.407700	23.958100	27.810500	39.541300	61.182500	37.686300	31.760500	32.060800	18.539100	21.455200	40.880000	43.440300	33.392600	36.696000	38.611100	34.809600	14.507100	0.000000	117.556000	33.415700	86.745400	69.203500	52.925700	42.194500	40.185800	42.172900	55.128200	82.697800	82.925800	89.873500	23.061800	31.596000	37.551000	27.897800	34.470000	0.000000	0.000000	3.532810	0.000000	1.343700	0.000000	0.000000	8.804170	19.928600	46.627000	47.184300	37.937400	14.751400	0.000000	0.000000	0.000000	0.000000	43.314900	13.343800	0.000000	7.763490	0.000000	4.170190	46.540000	0.000000	0.000000	0.000000	10.814100	0.000000	0.000000	5.688210	0.000000	7.186950	3.619960	0.000000	15.587000	2.057300	0.000000	0.920061	0.000000	0.000000	0.000000	48.506600	77.760500	100.764000	62.719100	74.819200	0.008000	0.000000	0.021649	0.000000	0.016269	0.000000	0.026105	0.000000	0.024010	0.000000	0.029478	0.000000	0.039298	0.007100	0.039644	0.074200	0.085316	0.262800	0.095788	0.308400	-5.000000	20.406900	30.079600	36.243500	35.485800	60.728800	101.388000	80.010300	103.348000	79.272900	45.723600	50.070400	0.106285	0.406500	0.151506	0.285100	0.183214	0.486200	0.093152	0.407700	0.068659	0.321200	0.014279	0.138500	0.000000	0.043300	0.000000	0.000000	0.025016	0.000000	0.125194	0.000000	0.200493	0.000000	0.242288	0.000000	0.252664	0.000000	0.256201	0.000000	0.302719	1.168090	2.987880	10.749700	32.471000	28.866000	0.000000	0.058586	0.391080	40.511500	909.223000	108.637000	0.000000	1070.160000	674.197000	0.000000	0.000000	0.000000	45.994700	7.387210	0.102177	0.177091	0.000000	0.146168	
   77	33.100000	27.375700	29.055800	37.773200	39.032900	43.665200	46.614800	60.607300	59.465800	67.553400	65.680500	55.960500	80.138600	73.322200	61.407700	23.958100	27.810500	39.541300	61.182500	37.686300	31.760500	32.060800	18.539100	21.455200	40.880000	43.440300	33.392600	36.696000	38.611100	34.809600	14.507100	0.000000	117.556000	33.415700	86.745400	69.203500	52.925700	42.194500	40.185800	42.172900	55.128200	82.697800	82.925800	89.873500	23.061800	31.596000	37.551000	27.897800	34.470000	0.000000	0.000000	3.532810	0.000000	1.343700	0.000000	0.000000	8.804170	19.928600	46.627000	47.184300	37.937400	14.751400	0.000000	0.000000	0.000000	0.000000	43.314900	13.343800	0.000000	7.763490	0.000000	4.170190	46.540000	0.000000	0.000000	0.000000	10.814100	0.000000	0.000000	5.688210	0.000000	7.186950	3.619960	0.000000	15.587000	2.057300	0.000000	0.920061	0.000000	0.000000	0.000000	48.506600	77.760500	100.764000	62.719100	74.819200	0.008000	0.000000	0.021649	0.000000	0.016269	0.000000	0.026105	0.000000	0.024010	0.000000	0.029478	0.000000	0.039298	0.007100	0.039644	0.074200	0.085316	0.262800	0.095788	0.308400	-5.000000	20.406900	30.079600	36.243500	35.485800	60.728800	101.388000	80.010300	103.348000	79.272900	45.723600	50.070400	0.106285	0.406500	0.151506	0.285100	0.183214	0.486200	0.093152	0.407700	0.068659	0.321200	0.014279	0.138500	0.000000	0.043300	0.000000	0.000000	0.025016	0.000000	0.125194	0.000000	0.200493	0.000000	0.242288	0.000000	0.252664	0.000000	0.256201	0.000000	0.302719	1.585260	3.561830	11.626300	34.097200	29.403600	0.000000	0.038228	0.041558	40.605200	917.101000	116.633000	0.000000	961.892000	688.896000	3.168290	0.000000	0.000000	4.325310	7.201720	0.000000	0.331525	0.000000	0.001926	
   78	33.100000	25.801600	31.504900	37.944400	34.926000	41.508000	50.270000	59.076100	60.961500	71.373100	71.934200	59.008900	76.759900	80.454100	67.230100	27.821000	24.384800	51.663200	55.812700	36.394400	17.157700	28.607500	16.347400	15.142700	40.880000	36.420100	36.557200	37.202100	38.029100	38.050300	9.572500	0.000000	92.457600	30.555400	83.818500	58.483300	39.129200	42.853100	42.513600	43.105600	55.021700	83.105600	98.197900	192.537000	19.033900	30.007600	34.171000	23.810100	34.470000	0.000000	0.000000	9.466620	0.000000	0.000000	0.000000	0.000000	0.843057	22.521500	40.270200	37.611700	45.163400	14.707500	0.000000	2.675080	0.000000	0.000000	39.126100	7.667750	0.000000	0.000000	0.000000	15.747400	46.540000	0.000000	0.000000	0.000000	0.000000	0.000000	1.250530	13.410700	0.000000	5.277770	0.650146	0.000000	7.437320	0.000000	0.000000	0.000000	0.000000	0.000000	0.000000	44.332600	78.647500	109.735000	58.791000	75.505800	0.008000	0.000000	0.010668	0.000000	0.019280	0.000000	0.031806	0.000000	0.010821	0.000000	0.008853	0.000000	0.029933	0.016200	0.010068	0.092500	0.000000	0.166000	0.059781	0.107900	-5.000000	19.838600	34.732800	32.142800	34.676600	54.890400	85.918700	83.609200	105.808000	66.733700	48.325500	47.959700	0.085862	0.305800	0.093581	0.246100	0.054618	0.491600	0.192375	0.404600	0.106646	0.145200	0.018695	0.087000	0.034930	0.028600	0.002322	0.000000	0.069769	0.000000	0.162710	0.000000	0.259167	0.000000	0.304507	0.000000	0.290111	0.000000	0.251309	0.000000	0.302719	1.082710	3.030890	10.827000	33.050500	29.274400	0.000000	0.000000	0.261942	40.956800	900.170000	110.534000	0.000000	1166.150000	657.864000	5.335170	0.000000	0.000000	0.000000	7.948750	0.122704	0.423079	0.000000	0.293930	
   79	33.100000	27.627200	28.021100	39.649300	42.785000	44.573500	50.164100	63.288600	62.233300	76.970100	68.020900	58.599100	75.413600	73.183600	59.042300	18.982900	28.329500	50.574700	50.829800	42.330700	25.136400	32.045600	17.091100	21.554600	40.880000	42.334800	42.197300	44.408800	44.046000	43.804700	17.974000	0.000000	106.112000	48.225300	83.429600	65.631400	43.583800	37.646100	37.589400	43.762400	50.285700	81.314200	67.961000	120.189000	0.000000	25.926600	35.621500	15.034900	34.470000	0.000000	0.637012	7.631820	2.591970	5.379880	3.775730	0.000000	0.000000	21.373500	44.736500	35.154600	35.453600	11.579500	0.000000	0.000000	0.000000	0.000000	34.582400	0.000000	0.000000	10.720500	0.000000	13.392500	46.540000	0.000000	0.000000	0.000000	1.669020	0.000000	0.000000	2.199200	0.000000	3.479000	0.615470	0.000000	9.382050	4.397700	1.791560	5.687130	5.408590	0.000000	0.000000	49.465500	79.557800	102.072000	55.495100	68.635900	0.008000	0.000000	0.021649	0.000000	0.025982	0.000000	0.029251	0.000000	0.040266	0.000000	0.007128	0.000000	0.025046	0.014500	0.034872	0.133700	0.070186	0.240100	0.067557	0.443600	-5.000000	6.821390	21.994300	29.075400	35.602400	59.400600	93.421400	78.149700	97.542000	63.298100	50.080900	56.582300	0.061569	0.419800	0.078873	0.430700	0.098856	0.388500	0.089254	0.498000	0.070974	0.286400	0.009632	0.175200	0.000000	0.049300	0.000000	0.000000	0.065073	0.000000	0.139575	0.000000	0.237895	0.000000	0.284193	0.000000	0.284046	0.000000	0.248021	0.000000	0.302719	0.855192	3.122810	10.749700	32.471000	28.866000	0.000000	0.058586	0.391080	40.511500	909.223000	108.637000	0.000000	1070.160000	674.197000	0.000000	0.000000	0.000000	0.000000	8.011290	0.124379	0.155347	0.000000	0.097790	
   80	33.100000	27.375700	29.055800	37.773200	39.032900	43.665200	46.614800	60.607300	59.465800	67.553400	65.680500	55.960500	80.138600	73.322200	61.407700	23.958100	27.810500	39.541300	61.182500	37.686300	31.760500	32.060800	18.539100	21.455200	40.880000	43.440300	33.392600	36.696000	38.611100	34.809600	14.507100	0.000000	117.556000	33.415700	86.745400	69.203500	52.925700	42.194500	40.185800	42.172900	55.128200	82.697800	82.925800	89.873500	23.061800	31.596000	37.551000	27.897800	34.470000	0.000000	0.000000	3.532810	0.000000	1.343700	0.000000	0.000000	8.804170	19.928600	46.627000	47.184300	37.937400	14.751400	0.000000	0.000000	0.000000	0.000000	43.314900	13.343800	0.000000	7.763490	0.000000	4.170190	46.540000	0.000000	0.000000	0.000000	10.814100	0.000000	0.000000	5.688210	0.000000	7.186950	3.619960	0.000000	15.587000	2.057300	0.000000	0.920061	0.000000	0.000000	0.000000	48.506600	77.760500	100.764000	62.719100	74.819200	0.008000	0.000000	0.021649	0.000000	0.016269	0.000000	0.026105	0.000000	0.024010	0.000000	0.029478	0.000000	0.039298	0.007100	0.039644	0.074200	0.085316	0.262800	0.095788	0.308400	-5.000000	20.406900	30.079600	36.243500	35.485800	60.728800	101.388000	80.010300	103.348000	79.272900	45.723600	50.070400	0.106285	0.406500	0.151506	0.285100	0.183214	0.486200	0.093152	0.407700	0.068659	0.321200	0.014279	0.138500	0.000000	0.043300	0.000000	0.000000	0.025016	0.000000	0.125194	0.000000	0.200493	0.000000	0.242288	0.000000	0.252664	0.000000	0.256201	0.000000	0.302719	0.773289	2.969250	10.792500	32.907000	29.331500	0.000000	0.000000	0.311077	41.986400	927.183000	111.502000	3.105760	5638.990000	574.099000	0.000000	0.000000	0.000000	0.000000	8.971790	0.362744	0.128767	0.000000	0.000000	
   81	33.100000	24.719300	26.273800	38.346800	34.280200	42.504500	52.609700	61.905500	58.018300	75.934700	74.362900	66.400000	80.513600	77.762400	65.448200	31.241600	26.088800	50.510100	61.182500	37.686300	31.760500	32.060800	18.539100	21.455200	40.880000	44.382200	37.590200	39.785500	43.642100	43.480400	14.386400	0.000000	85.198200	52.990700	94.590100	81.095300	57.323700	45.770900	44.810500	50.098700	46.972300	75.041400	85.538800	91.217800	0.762825	30.394100	33.650600	41.229100	34.470000	0.000000	3.356180	11.039500	4.245340	9.273160	0.794150	9.274530	11.123600	22.671800	43.052800	39.678900	37.952800	6.259180	0.000000	0.000000	0.000000	0.000000	35.561900	11.824600	0.000000	3.394470	0.000000	0.000000	46.540000	5.103830	14.092600	12.325600	12.460100	0.000000	10.731300	35.704700	0.000000	14.529400	13.046400	0.000000	20.649300	6.329690	10.550200	0.000000	0.000000	0.000000	0.000000	38.842900	66.559000	98.527500	51.265600	49.146600	0.008000	0.000000	0.011078	0.000000	0.012152	0.000000	0.000000	0.000000	0.000000	0.000000	0.000000	0.000000	0.000000	0.017200	0.000000	0.058200	0.016823	0.127600	0.000000	0.338700	-5.000000	31.928500	50.564900	51.770600	44.979800	70.460400	98.651100	83.609200	105.808000	66.733700	48.325500	47.959700	0.001262	0.097200	0.028407	0.894300	0.037044	0.979700	0.019176	0.280500	0.000000	0.119300	0.000000	0.129100	0.031179	0.073300	0.045133	0.000000	0.092445	0.000000	0.189620	0.000000	0.283856	0.000000	0.343112	0.000000	0.304259	0.000000	0.303582	0.000000	0.302719	1.008310	3.126770	11.226200	33.609400	29.247300	0.000000	0.000000	0.063548	40.828500	927.942000	109.533000	0.000000	1007.200000	675.680000	0.000000	0.000000	0.000000	87.513500	7.438030	0.030132	0.096816	0.000000	1.121880	
   82	33.100000	25.801600	31.504900	37.944400	34.926000	41.508000	50.270000	59.076100	60.961500	71.373100	71.934200	59.008900	76.759900	80.454100	67.230100	27.821000	24.384800	51.663200	55.812700	36.394400	17.157700	28.607500	16.347400	15.142700	40.880000	36.420100	36.557200	37.202100	38.029100	38.050300	9.572500	0.000000	92.457600	30.555400	83.818500	58.483300	39.129200	42.853100	42.513600	43.105600	55.021700	83.105600	98.197900	192.537000	19.033900	30.007600	34.171000	23.810100	34.470000	0.000000	0.000000	9.466620	0.000000	0.000000	0.000000	0.000000	0.843057	22.521500	40.270200	37.611700	45.163400	14.707500	0.000000	2.675080	0.000000	0.000000	39.126100	7.667750	0.000000	0.000000	0.000000	15.747400	46.540000	0.000000	0.000000	0.000000	0.000000	0.000000	1.250530	13.410700	0.000000	5.277770	0.650146	0.000000	7.437320	0.000000	0.000000	0.000000	0.000000	0.000000	0.000000	44.332600	78.647500	109.735000	58.791000	75.505800	0.008000	0.000000	0.010668	0.000000	0.019280	0.000000	0.031806	0.000000	0.010821	0.000000	0.008853	0.000000	0.029933	0.016200	0.010068	0.092500	0.000000	0.166000	0.059781	0.107900	-5.000000	19.838600	34.732800	32.142800	34.676600	54.890400	85.918700	83.609200	105.808000	66.733700	48.325500	47.959700	0.085862	0.305800	0.093581	0.246100	0.054618	0.491600	0.192375	0.404600	0.106646	0.145200	0.018695	0.087000	0.034930	0.028600	0.002322	0.000000	0.069769	0.000000	0.162710	0.000000	0.259167	0.000000	0.304507	0.000000	0.290111	0.000000	0.251309	0.000000	0.302719	1.082710	3.030890	10.827000	33.050500	29.274400	0.000000	0.000000	0.261942	40.956800	900.170000	110.534000	0.000000	1166.150000	657.864000	5.335170	0.000000	0.000000	0.000000	7.948750	0.122704	0.423079	0.000000	0.293930	
   83	33.100000	27.375700	29.055800	37.773200	39.032900	43.665200	46.614800	60.607300	59.465800	67.553400	65.680500	55.960500	80.138600	73.322200	61.407700	23.958100	27.810500	39.541300	61.182500	37.686300	31.760500	32.060800	18.539100	21.455200	40.880000	43.440300	33.392600	36.696000	38.611100	34.809600	14.507100	0.000000	117.556000	33.415700	86.745400	69.203500	52.925700	42.194500	40.185800	42.172900	55.128200	82.697800	82.925800	89.873500	23.061800	31.596000	37.551000	27.897800	34.470000	0.000000	0.000000	3.532810	0.000000	1.343700	0.000000	0.000000	8.804170	19.928600	46.627000	47.184300	37.937400	14.751400	0.000000	0.000000	0.000000	0.000000	43.314900	13.343800	0.000000	7.763490	0.000000	4.170190	46.540000	0.000000	0.000000	0.000000	10.814100	0.000000	0.000000	5.688210	0.000000	7.186950	3.619960	0.000000	15.587000	2.057300	0.000000	0.920061	0.000000	0.000000	0.000000	48.506600	77.760500	100.764000	62.719100	74.819200	0.008000	0.000000	0.021649	0.000000	0.016269	0.000000	0.026105	0.000000	0.024010	0.000000	0.029478	0.000000	0.039298	0.007100	0.039644	0.074200	0.085316	0.262800	0.095788	0.308400	-5.000000	20.406900	30.079600	36.243500	35.485800	60.728800	101.388000	80.010300	103.348000	79.272900	45.723600	50.070400	0.106285	0.406500	0.151506	0.285100	0.183214	0.486200	0.093152	0.407700	0.068659	0.321200	0.014279	0.138500	0.000000	0.043300	0.000000	0.000000	0.025016	0.000000	0.125194	0.000000	0.200493	0.000000	0.242288	0.000000	0.252664	0.000000	0.256201	0.000000	0.302719	1.018610	3.277140	11.766300	34.362800	28.912900	0.000000	0.000536	0.393328	44.671200	916.595000	116.367000	0.000000	894.328000	662.700000	0.000000	0.000000	0.000000	0.000000	7.829450	0.130762	0.184543	0.053815	0.000000	
   84	33.100000	27.627200	28.021100	39.649300	42.785000	44.573500	50.164100	63.288600	62.233300	76.970100	68.020900	69.252700	74.364400	76.314000	61.529200	26.240400	27.706500	51.657300	55.755900	38.152900	16.336600	33.752400	28.109100	19.499800	40.880000	39.748400	39.963900	39.095200	43.540900	40.700600	10.949200	9.472090	107.750000	31.582600	80.669800	66.454600	44.046000	35.383600	34.271500	39.729900	46.724500	79.011000	88.422700	159.064000	75.176900	23.627700	34.583000	23.436500	34.470000	0.000000	0.000000	0.000000	0.000000	0.000000	0.000000	0.000000	0.668642	28.027900	42.751500	44.750700	39.838400	14.185300	0.000000	1.357310	0.000000	0.000000	45.258000	0.000000	0.000000	22.198600	0.000000	15.890100	46.540000	0.000000	2.406170	0.000000	7.398190	0.000000	0.000000	3.604650	0.000000	14.782800	0.455080	0.000000	7.598960	1.608320	0.000000	0.913420	0.000000	4.944000	0.598487	30.980600	46.678700	116.085000	62.541000	76.947600	0.008000	0.000000	0.000000	0.000000	0.000000	0.000000	0.000000	0.000000	0.000000	0.000000	0.000000	0.000000	0.000000	0.021900	0.000000	0.111400	0.046094	0.195800	0.015154	0.186800	-5.000000	13.483700	20.538300	19.139500	20.145900	58.376500	96.356000	103.459000	110.058000	81.114600	51.982700	59.135000	0.012818	1.280000	0.145549	0.818500	0.151913	0.538400	0.123824	0.358800	0.083458	0.210800	0.029847	0.111100	0.000000	0.007700	0.003871	0.000000	0.077171	0.000000	0.163920	0.000000	0.222884	0.000000	0.280981	0.000000	0.305509	0.000000	0.284506	0.000000	0.302719	0.595295	2.918160	10.152800	31.645100	28.726500	0.000000	0.000000	0.000000	36.994300	888.686000	109.094000	0.000000	1167.950000	631.009000	0.105552	0.000000	0.023232	0.000000	7.647260	0.000000	0.239936	0.000000	0.350681	
   85	33.100000	22.935400	22.590800	35.739800	31.727300	46.987100	54.125900	62.675900	67.859500	64.998500	70.697700	67.241800	78.362400	77.105100	62.732100	24.593000	23.175300	46.220200	46.625000	35.276200	17.132600	31.704300	20.090000	23.410000	40.880000	40.396200	37.277400	39.179700	41.583900	51.440100	15.904300	0.000000	96.820100	44.108000	79.297700	59.361700	43.058600	32.819500	30.819100	38.676100	46.507100	79.818600	78.615400	164.256000	36.617600	29.269000	33.518000	22.342400	34.470000	0.000000	0.000000	8.000600	0.000000	0.685829	1.364380	1.266740	0.000000	0.000000	47.443200	44.750700	39.838400	11.579500	0.000000	0.000000	0.000000	0.000000	34.582400	0.000000	0.000000	10.720500	0.000000	13.392500	46.540000	0.000000	0.000000	0.000000	0.000000	0.000000	0.000000	9.916960	0.000000	0.000000	0.000000	0.000000	11.608700	0.000000	0.000000	0.000000	0.000000	0.000000	0.000000	39.217500	62.784600	99.152300	58.785000	65.424900	0.008000	0.000000	0.005734	0.000000	0.030868	0.000000	0.042824	0.000000	0.048150	0.000000	0.096284	0.000000	0.097208	0.014800	0.038400	0.122900	0.083857	0.171400	0.029451	0.192200	-5.000000	10.885700	26.517900	23.272800	30.909400	53.345900	117.759000	94.022300	114.678000	83.121900	52.716900	58.912900	0.069428	0.735100	0.088396	0.458100	0.069051	0.243900	0.034204	0.428800	0.006845	0.085500	0.000000	0.245400	0.000000	0.095800	0.000000	0.000000	0.100799	0.000000	0.185041	0.000000	0.273811	0.000000	0.321334	0.000000	0.310666	0.000000	0.287136	0.000000	0.302719	1.236570	3.694820	11.523300	33.777400	29.923000	0.000000	0.287001	0.129362	38.658900	929.985000	112.737000	0.000000	948.581000	658.158000	0.000000	0.000000	1.468570	110.620000	6.838100	0.000000	0.224966	0.000000	0.183101	
   86	33.100000	22.935400	22.590800	35.739800	31.727300	46.987100	54.125900	62.675900	67.859500	64.998500	70.697700	67.241800	78.362400	77.105100	62.732100	24.593000	23.175300	46.220200	46.625000	35.276200	17.132600	31.704300	20.090000	23.410000	40.880000	40.396200	37.277400	39.179700	41.583900	51.440100	15.904300	0.000000	96.820100	44.108000	79.297700	59.361700	43.058600	32.819500	30.819100	38.676100	46.507100	79.818600	78.615400	164.256000	36.617600	29.269000	33.518000	22.342400	34.470000	0.000000	0.000000	8.000600	0.000000	0.685829	1.364380	1.266740	0.000000	0.000000	47.443200	44.750700	39.838400	11.579500	0.000000	0.000000	0.000000	0.000000	34.582400	0.000000	0.000000	10.720500	0.000000	13.392500	46.540000	0.000000	0.000000	0.000000	0.000000	0.000000	0.000000	9.916960	0.000000	0.000000	0.000000	0.000000	11.608700	0.000000	0.000000	0.000000	0.000000	0.000000	0.000000	39.217500	62.784600	99.152300	58.785000	65.424900	0.008000	0.000000	0.005734	0.000000	0.030868	0.000000	0.042824	0.000000	0.048150	0.000000	0.096284	0.000000	0.097208	0.014800	0.038400	0.122900	0.096606	0.259200	0.099905	0.363400	-5.000000	10.053600	25.221000	23.723000	30.984200	54.225800	95.545800	96.569300	95.719300	60.685200	37.945700	42.270000	0.101872	0.437400	0.145549	0.240000	0.161200	0.344700	0.046224	0.295500	0.038220	0.494200	0.000000	0.884200	0.000000	0.121700	0.000000	0.000100	0.012093	0.000000	0.085881	0.000000	0.174379	0.000000	0.242288	0.000000	0.317695	0.000000	0.354231	0.000000	0.302719	0.705868	2.652900	11.325800	34.398400	29.783700	0.000000	0.243210	0.000000	39.989100	949.029000	116.633000	0.000000	961.892000	688.896000	3.168290	0.000000	0.000000	4.325310	7.201720	0.000000	0.331525	0.052577	0.000000	
   87	33.100000	27.627200	28.021100	39.649300	42.785000	44.573500	50.164100	63.288600	62.233300	76.970100	68.020900	58.599100	75.413600	73.183600	59.042300	18.982900	28.329500	50.574700	50.829800	42.330700	25.136400	32.045600	17.091100	21.554600	40.880000	42.334800	42.197300	44.408800	44.046000	43.804700	17.974000	0.000000	106.112000	48.225300	83.429600	65.631400	43.583800	37.646100	37.589400	43.762400	50.285700	81.314200	67.961000	120.189000	0.000000	25.926600	35.621500	15.034900	34.470000	0.000000	0.637012	7.631820	2.591970	5.379880	3.775730	0.000000	0.000000	21.373500	44.736500	35.154600	35.453600	11.579500	0.000000	0.000000	0.000000	0.000000	34.582400	0.000000	0.000000	10.720500	0.000000	13.392500	46.540000	0.000000	0.000000	0.000000	1.669020	0.000000	0.000000	2.199200	0.000000	3.479000	0.615470	0.000000	9.382050	4.397700	1.791560	5.687130	5.408590	0.000000	0.000000	49.465500	79.557800	102.072000	55.495100	68.635900	0.008000	0.000000	0.021649	0.000000	0.025982	0.000000	0.029251	0.000000	0.040266	0.000000	0.007128	0.000000	0.025046	0.014500	0.034872	0.133700	0.070186	0.240100	0.067557	0.443600	-5.000000	6.821390	21.994300	29.075400	35.602400	59.400600	93.421400	78.149700	97.542000	63.298100	50.080900	56.582300	0.061569	0.419800	0.078873	0.430700	0.098856	0.388500	0.089254	0.498000	0.070974	0.286400	0.009632	0.175200	0.000000	0.049300	0.000000	0.000000	0.065073	0.000000	0.139575	0.000000	0.237895	0.000000	0.284193	0.000000	0.284046	0.000000	0.248021	0.000000	0.302719	0.855192	3.122810	10.749700	32.471000	28.866000	0.000000	0.058586	0.391080	40.511500	909.223000	108.637000	0.000000	1070.160000	674.197000	0.000000	0.000000	0.000000	0.000000	8.011290	0.124379	0.155347	0.000000	0.097790	
   88	33.100000	24.719300	26.273800	38.346800	34.280200	42.504500	52.609700	61.905500	58.018300	75.934700	74.362900	66.400000	80.513600	77.762400	65.448200	31.241600	26.088800	50.510100	61.182500	37.686300	31.760500	32.060800	18.539100	21.455200	40.880000	46.626400	44.975700	48.361800	50.628800	49.860500	14.368100	16.397400	111.615000	35.682200	100.485000	68.839400	44.723900	40.004400	40.950200	40.995400	41.061500	81.401500	88.605400	169.142000	14.420600	25.772100	26.089200	17.510400	34.470000	0.000000	0.000000	3.926750	0.000000	0.000000	1.443030	0.000000	6.520760	32.539300	49.327300	47.510600	44.804300	20.781400	10.388200	2.539110	0.000000	0.000000	43.912300	12.355700	0.000000	0.000000	0.000000	18.199900	46.540000	5.746300	6.803640	5.423830	10.171600	0.000000	0.000000	17.781000	0.000000	11.720700	1.844800	0.000000	15.844800	6.558810	0.000000	4.860380	3.732270	6.742080	0.000000	57.531600	76.442700	103.448000	54.782600	67.152100	0.008000	0.000000	0.037930	0.000000	0.032487	0.000000	0.045933	0.000000	0.054217	0.000000	0.049784	0.000000	0.050151	0.005100	0.063215	0.162900	0.102536	0.338800	0.083356	0.261800	-5.000000	16.283700	30.927800	31.828000	35.955300	59.117300	116.320000	58.655000	103.569000	31.117300	21.472000	32.027600	0.080881	0.243200	0.123291	0.407100	0.148835	0.229900	0.124507	0.414600	0.080026	0.091900	0.033311	0.091800	0.013447	0.024300	0.014302	0.000000	0.098503	0.000000	0.200248	0.000000	0.252123	0.000000	0.273633	0.000000	0.255157	0.000000	0.227654	0.000000	0.302719	1.060170	3.454170	11.054300	32.705600	28.712900	0.000000	0.000000	0.000000	40.517100	913.791000	108.165000	0.000000	1325.900000	721.777000	0.000000	0.000000	1.447890	31.719700	6.595730	0.000000	0.258581	0.000000	0.304117	
   89	33.100000	24.719300	26.273800	38.346800	34.280200	42.504500	52.609700	61.905500	58.018300	75.934700	74.362900	66.400000	80.513600	77.762400	65.448200	31.241600	26.088800	50.510100	61.182500	37.686300	31.760500	32.060800	18.539100	21.455200	40.880000	44.382200	37.590200	39.785500	43.642100	43.480400	14.386400	0.000000	134.055000	53.128500	95.689200	65.565600	42.824900	37.157900	28.072700	32.604600	37.743800	78.103800	84.645200	206.425000	13.421500	27.435900	29.955200	29.493800	34.470000	0.000000	3.356180	11.039500	4.245340	9.273160	0.794150	9.274530	12.658700	38.293500	54.691400	43.995000	41.015600	15.487000	0.000000	0.000000	0.000000	0.000000	34.626200	20.921300	5.413950	9.801160	1.904960	19.691900	46.540000	5.103830	14.092600	12.325600	12.460100	0.000000	10.731300	35.704700	3.039050	25.830100	11.767200	0.000000	21.653300	8.995800	4.513170	7.575870	0.198141	25.228100	0.000000	44.660200	65.079700	101.256000	60.812500	76.459100	0.008000	0.000000	0.011078	0.000000	0.012152	0.000000	0.000000	0.000000	0.000000	0.000000	0.000000	0.000000	0.000000	0.033200	0.000000	0.193100	0.123190	0.337500	0.129961	0.808800	-5.000000	12.641500	31.554300	36.228500	43.928500	68.052900	107.238000	93.802100	120.907000	88.579100	54.035700	56.786900	0.134049	0.419900	0.148705	0.230800	0.146871	0.196300	0.131708	0.048500	0.120296	0.106500	0.096565	0.155600	0.100826	0.013700	0.102700	0.000000	0.193164	0.000000	0.280338	0.000000	0.350581	0.000000	0.392547	0.000000	0.411477	0.000000	0.434151	0.000000	0.302719	1.008310	3.126770	11.226200	33.609400	29.247300	0.000000	0.000000	0.035191	35.513600	884.231000	104.052000	0.000000	963.407000	616.016000	11.353100	0.000000	1.637550	0.254504	8.208340	0.043548	0.206793	0.000000	0.104965	
   90	33.100000	24.719300	26.273800	38.346800	34.280200	42.504500	52.609700	61.905500	58.018300	75.934700	74.362900	66.400000	80.513600	77.762400	65.448200	31.241600	26.088800	50.510100	61.182500	37.686300	31.760500	32.060800	18.539100	21.455200	40.880000	42.165300	42.993300	44.872800	47.936500	44.117200	16.530900	0.000000	121.882000	32.187600	72.893500	50.573200	40.764600	25.818000	27.692500	37.900400	54.553300	73.215700	92.592000	168.842000	25.882700	27.498600	37.447300	34.643000	34.470000	0.000000	0.000000	8.812890	4.490890	8.591260	11.893600	13.486300	20.451100	31.491300	49.150800	41.914500	36.308000	9.383460	0.000000	0.000000	0.000000	0.000000	47.318400	15.447900	11.680400	12.633300	6.092660	24.144500	46.540000	5.669330	4.475600	6.212960	10.231000	0.000000	0.274253	14.962700	0.000000	20.064300	6.390410	0.000000	11.493400	2.996910	0.989594	0.000000	1.755010	0.000000	2.997980	50.364100	68.041300	97.282200	59.689800	77.397700	0.008000	0.000000	0.000000	0.000000	0.000000	0.000000	0.001031	0.000000	0.000000	0.000000	0.000000	0.000000	0.006446	0.005300	0.047997	0.158400	0.101028	0.728200	0.103350	0.457000	-5.000000	0.000000	0.000000	0.000000	20.160500	46.147000	96.879000	82.862300	95.737300	55.773000	46.542400	40.051200	0.120814	0.398600	0.131692	0.328900	0.133105	0.176200	0.107708	0.350500	0.039143	0.166800	0.000000	0.137000	0.000000	0.015300	0.000000	0.000000	0.062717	0.000000	0.138114	0.000000	0.218194	0.000000	0.284814	0.000000	0.308756	0.000000	0.324964	0.000000	0.302719	1.585260	3.561830	11.626300	32.664100	29.244600	0.000000	0.000000	0.122908	39.325800	919.350000	107.433000	0.000000	1057.420000	667.132000	2.106430	0.000000	0.560656	0.000000	7.980750	0.052426	0.278058	0.000000	0.030069	
   91	33.100000	24.719300	26.273800	38.346800	34.280200	42.504500	52.609700	61.905500	58.018300	75.934700	74.362900	66.400000	80.513600	77.762400	65.448200	31.241600	26.088800	50.510100	61.182500	37.686300	31.760500	32.060800	18.539100	21.455200	40.880000	39.451500	33.875900	37.256000	38.855400	39.048200	10.079400	0.000000	95.695000	46.398200	111.882000	67.560600	53.854600	40.618800	49.837500	36.916200	42.798500	73.914700	76.060300	169.285000	46.440200	35.175300	40.109300	29.720900	34.470000	0.000000	0.000000	0.464678	0.000000	0.000000	0.000000	0.000000	2.295220	12.422500	33.499100	43.399500	32.023700	19.270700	1.461500	1.774710	0.000000	0.000000	40.341800	0.000000	7.379570	26.594700	4.363190	16.915200	46.540000	0.000000	0.000000	0.000000	0.000000	0.000000	0.000000	5.725720	0.000000	0.000000	0.000000	0.000000	7.198900	8.523920	4.550140	9.551900	7.746910	8.377850	0.000000	42.322900	67.043000	112.011000	65.718300	69.240700	0.008000	0.000000	0.054735	0.000000	0.080177	0.000000	0.102761	0.000000	0.113208	0.000000	0.125269	0.000000	0.138530	0.099800	0.140517	0.117300	0.167818	0.540700	0.152353	0.450100	-5.000000	27.634700	34.535000	7.775720	30.505200	64.554400	89.461500	102.172000	94.181400	77.077400	48.355200	43.156600	0.163893	0.552300	0.185765	0.592700	0.199776	0.580300	0.192375	0.717300	0.161126	0.191000	0.011687	0.144700	0.000000	0.037700	0.000000	0.000000	0.024981	0.000000	0.168955	0.000000	0.268874	0.000000	0.308253	0.000000	0.289037	0.000000	0.280514	0.000000	0.302719	0.967799	3.026770	10.904900	33.064500	29.225200	0.000000	0.000000	0.316508	39.588200	915.002000	109.666000	0.000000	1017.810000	651.967000	0.248787	0.000000	0.000000	3.436330	8.312510	0.000000	0.266609	0.000000	0.000000	
   92	33.100000	27.375700	29.055800	37.773200	39.032900	43.665200	46.614800	60.607300	59.465800	67.553400	65.680500	55.960500	80.138600	73.322200	61.407700	23.958100	27.810500	39.541300	61.182500	37.686300	31.760500	32.060800	18.539100	21.455200	40.880000	43.440300	33.392600	36.696000	38.611100	34.809600	14.507100	0.000000	117.556000	33.415700	86.745400	69.203500	52.925700	42.194500	40.185800	42.172900	55.128200	82.697800	82.925800	89.873500	23.061800	31.596000	37.551000	27.897800	34.470000	0.000000	0.000000	3.532810	0.000000	1.343700	0.000000	0.000000	8.804170	19.928600	46.627000	47.184300	37.937400	14.751400	0.000000	0.000000	0.000000	0.000000	43.314900	13.343800	0.000000	7.763490	0.000000	4.170190	46.540000	0.000000	0.000000	0.000000	10.814100	0.000000	0.000000	5.688210	0.000000	7.186950	3.619960	0.000000	15.587000	2.057300	0.000000	0.920061	0.000000	0.000000	0.000000	48.506600	77.760500	100.764000	62.719100	74.819200	0.008000	0.000000	0.021649	0.000000	0.016269	0.000000	0.026105	0.000000	0.024010	0.000000	0.029478	0.000000	0.039298	0.007100	0.039644	0.074200	0.085316	0.262800	0.095788	0.308400	-5.000000	20.406900	30.079600	36.243500	35.485800	60.728800	101.388000	80.010300	103.348000	79.272900	45.723600	50.070400	0.106285	0.406500	0.151506	0.285100	0.183214	0.486200	0.093152	0.407700	0.068659	0.321200	0.014279	0.138500	0.000000	0.043300	0.000000	0.000000	0.025016	0.000000	0.125194	0.000000	0.200493	0.000000	0.242288	0.000000	0.252664	0.000000	0.256201	0.000000	0.302719	0.967799	3.026770	10.904900	33.064500	29.980000	0.000000	0.063581	0.229229	37.245800	937.340000	94.993600	0.000000	1296.610000	687.582000	4.715580	0.000000	1.244920	19.232100	7.660650	0.085513	0.151112	0.000000	0.224219	
   93	33.100000	27.627200	28.021100	39.649300	42.785000	44.573500	50.164100	63.288600	62.233300	76.970100	68.020900	58.599100	75.413600	73.183600	59.042300	18.982900	28.329500	50.574700	50.829800	42.330700	25.136400	32.045600	17.091100	21.554600	40.880000	42.334800	42.197300	44.408800	44.046000	43.804700	17.974000	0.000000	106.112000	48.225300	83.429600	65.631400	43.583800	37.646100	37.589400	43.762400	50.285700	81.314200	67.961000	120.189000	0.000000	25.926600	35.621500	15.034900	34.470000	0.000000	0.637012	7.631820	2.591970	5.379880	3.775730	0.000000	0.000000	21.373500	44.736500	35.154600	35.453600	11.579500	0.000000	0.000000	0.000000	0.000000	34.582400	0.000000	0.000000	10.720500	0.000000	13.392500	46.540000	0.000000	0.000000	0.000000	1.669020	0.000000	0.000000	2.199200	0.000000	3.479000	0.615470	0.000000	9.382050	4.397700	1.791560	5.687130	5.408590	0.000000	0.000000	49.465500	79.557800	102.072000	55.495100	68.635900	0.008000	0.000000	0.021649	0.000000	0.025982	0.000000	0.029251	0.000000	0.040266	0.000000	0.007128	0.000000	0.025046	0.014500	0.034872	0.133700	0.070186	0.240100	0.067557	0.443600	-5.000000	6.821390	21.994300	29.075400	35.602400	59.400600	93.421400	78.149700	97.542000	63.298100	50.080900	56.582300	0.061569	0.419800	0.078873	0.430700	0.098856	0.388500	0.089254	0.498000	0.070974	0.286400	0.009632	0.175200	0.000000	0.049300	0.000000	0.000000	0.065073	0.000000	0.139575	0.000000	0.237895	0.000000	0.284193	0.000000	0.284046	0.000000	0.248021	0.000000	0.302719	0.855192	3.122810	10.749700	32.471000	28.866000	0.000000	0.058586	0.391080	40.511500	909.223000	108.637000	0.000000	1070.160000	674.197000	0.000000	0.000000	0.000000	0.000000	8.011290	0.124379	0.155347	0.000000	0.097790	
   94	33.100000	25.801600	31.504900	37.944400	34.926000	41.508000	50.270000	59.076100	60.961500	71.373100	71.934200	59.008900	76.759900	80.454100	67.230100	27.821000	24.384800	51.663200	55.812700	36.394400	17.157700	28.607500	16.347400	15.142700	40.880000	36.420100	36.557200	37.202100	38.029100	38.050300	9.572500	0.000000	92.457600	30.555400	83.818500	58.483300	39.129200	42.853100	42.513600	43.105600	55.021700	83.105600	98.197900	192.537000	19.033900	30.007600	34.171000	23.810100	34.470000	0.000000	0.000000	9.466620	0.000000	0.000000	0.000000	0.000000	0.843057	22.521500	40.270200	37.611700	45.163400	14.707500	0.000000	2.675080	0.000000	0.000000	39.126100	7.667750	0.000000	0.000000	0.000000	15.747400	46.540000	0.000000	0.000000	0.000000	0.000000	0.000000	1.250530	13.410700	0.000000	5.277770	0.650146	0.000000	7.437320	0.000000	0.000000	0.000000	0.000000	0.000000	0.000000	44.332600	78.647500	109.735000	58.791000	75.505800	0.008000	0.000000	0.010668	0.000000	0.019280	0.000000	0.031806	0.000000	0.010821	0.000000	0.008853	0.000000	0.029933	0.016200	0.010068	0.092500	0.000000	0.166000	0.059781	0.107900	-5.000000	19.838600	34.732800	32.142800	34.676600	54.890400	85.918700	83.609200	105.808000	66.733700	48.325500	47.959700	0.085862	0.305800	0.093581	0.246100	0.054618	0.491600	0.192375	0.404600	0.106646	0.145200	0.018695	0.087000	0.034930	0.028600	0.002322	0.000000	0.069769	0.000000	0.162710	0.000000	0.259167	0.000000	0.304507	0.000000	0.290111	0.000000	0.251309	0.000000	0.302719	1.082710	3.030890	10.827000	33.050500	29.274400	0.000000	0.000000	0.261942	40.956800	900.170000	110.534000	0.000000	1166.150000	657.864000	5.335170	0.000000	0.000000	0.000000	7.948750	0.122704	0.423079	0.000000	0.293930	
   95	33.100000	25.801600	31.504900	37.944400	34.926000	41.508000	50.270000	59.076100	60.961500	71.373100	71.934200	59.008900	76.759900	80.454100	67.230100	27.821000	24.384800	51.663200	55.812700	36.394400	17.157700	28.607500	16.347400	15.142700	40.880000	36.420100	36.557200	37.202100	38.029100	38.050300	9.572500	0.000000	92.457600	30.555400	83.818500	58.483300	39.129200	42.853100	42.513600	43.105600	55.021700	83.105600	98.197900	192.537000	19.033900	30.007600	34.171000	23.810100	34.470000	0.000000	0.000000	9.466620	0.000000	0.000000	0.000000	0.000000	0.843057	22.521500	40.270200	37.611700	45.163400	14.707500	0.000000	2.675080	0.000000	0.000000	39.126100	7.667750	0.000000	0.000000	0.000000	15.747400	46.540000	0.000000	0.000000	0.000000	0.000000	0.000000	1.250530	13.410700	0.000000	5.277770	0.650146	0.000000	7.437320	0.000000	0.000000	0.000000	0.000000	0.000000	0.000000	44.332600	78.647500	109.735000	58.791000	75.505800	0.008000	0.000000	0.010668	0.000000	0.019280	0.000000	0.031806	0.000000	0.010821	0.000000	0.008853	0.000000	0.029933	0.016200	0.010068	0.092500	0.000000	0.166000	0.059781	0.107900	-5.000000	19.838600	34.732800	32.142800	34.676600	54.890400	85.918700	83.609200	105.808000	66.733700	48.325500	47.959700	0.085862	0.305800	0.093581	0.246100	0.054618	0.491600	0.192375	0.404600	0.106646	0.145200	0.018695	0.087000	0.034930	0.028600	0.002322	0.000000	0.069769	0.000000	0.162710	0.000000	0.259167	0.000000	0.304507	0.000000	0.290111	0.000000	0.251309	0.000000	0.302719	1.082710	3.030890	10.827000	33.050500	29.274400	0.000000	0.000000	0.261942	40.956800	900.170000	110.534000	0.000000	1166.150000	657.864000	5.335170	0.000000	0.000000	0.000000	7.948750	0.122704	0.423079	0.000000	0.293930	
   96	33.100000	27.375700	29.055800	37.773200	39.032900	43.665200	46.614800	60.607300	59.465800	67.553400	65.680500	55.960500	80.138600	73.322200	61.407700	23.958100	27.810500	39.541300	61.182500	37.686300	31.760500	32.060800	18.539100	21.455200	40.880000	43.440300	33.392600	36.696000	38.611100	34.809600	14.507100	0.000000	117.556000	33.415700	86.745400	69.203500	52.925700	42.194500	40.185800	42.172900	55.128200	82.697800	82.925800	89.873500	23.061800	31.596000	37.551000	27.897800	34.470000	0.000000	0.000000	3.532810	0.000000	1.343700	0.000000	0.000000	8.804170	19.928600	46.627000	47.184300	37.937400	14.751400	0.000000	0.000000	0.000000	0.000000	43.314900	13.343800	0.000000	7.763490	0.000000	4.170190	46.540000	0.000000	0.000000	0.000000	10.814100	0.000000	0.000000	5.688210	0.000000	7.186950	3.619960	0.000000	15.587000	2.057300	0.000000	0.920061	0.000000	0.000000	0.000000	48.506600	77.760500	100.764000	62.719100	74.819200	0.008000	0.000000	0.021649	0.000000	0.016269	0.000000	0.026105	0.000000	0.024010	0.000000	0.029478	0.000000	0.039298	0.007100	0.039644	0.074200	0.085316	0.262800	0.095788	0.308400	-5.000000	20.406900	30.079600	36.243500	35.485800	60.728800	101.388000	80.010300	103.348000	79.272900	45.723600	50.070400	0.106285	0.406500	0.151506	0.285100	0.183214	0.486200	0.093152	0.407700	0.068659	0.321200	0.014279	0.138500	0.000000	0.043300	0.000000	0.000000	0.025016	0.000000	0.125194	0.000000	0.200493	0.000000	0.242288	0.000000	0.252664	0.000000	0.256201	0.000000	0.302719	0.894910	3.261550	10.856900	33.100100	29.430700	0.000000	0.011726	0.053051	37.062200	933.792000	104.840000	0.000000	993.012000	645.458000	1.675710	0.000000	0.000000	41.248500	7.469380	0.092405	0.314399	0.000000	0.286446	
   97	33.100000	22.935400	22.590800	35.739800	31.727300	46.987100	54.125900	62.675900	67.859500	64.998500	70.697700	67.241800	78.362400	77.105100	62.732100	24.593000	23.175300	46.220200	46.625000	35.276200	17.132600	31.704300	20.090000	23.410000	40.880000	40.396200	37.277400	39.179700	41.583900	51.440100	15.904300	0.000000	96.820100	44.108000	79.297700	59.361700	43.058600	32.819500	30.819100	38.676100	46.507100	79.818600	78.615400	164.256000	36.617600	29.269000	33.518000	22.342400	34.470000	0.000000	0.000000	8.000600	0.000000	0.685829	1.364380	1.266740	0.000000	0.000000	47.443200	44.750700	39.838400	11.579500	0.000000	0.000000	0.000000	0.000000	34.582400	0.000000	0.000000	10.720500	0.000000	13.392500	46.540000	0.000000	0.000000	0.000000	0.000000	0.000000	0.000000	9.916960	0.000000	0.000000	0.000000	0.000000	11.608700	0.000000	0.000000	0.000000	0.000000	0.000000	0.000000	39.217500	62.784600	99.152300	58.785000	65.424900	0.008000	0.000000	0.005734	0.000000	0.030868	0.000000	0.042824	0.000000	0.048150	0.000000	0.096284	0.000000	0.097208	0.014800	0.038400	0.122900	0.096606	0.259200	0.099905	0.363400	-5.000000	10.053600	25.221000	23.723000	30.984200	54.225800	95.545800	96.569300	95.719300	60.685200	37.945700	42.270000	0.101872	0.437400	0.145549	0.240000	0.161200	0.344700	0.209458	1.025000	0.206309	0.368700	0.177246	0.112800	0.115657	0.029600	0.074946	0.000000	0.154430	0.000000	0.241238	0.000000	0.294287	0.000000	0.305665	0.000000	0.290111	0.000000	0.251309	0.000000	0.302719	0.894910	3.261550	10.856900	33.100100	29.430700	0.000000	0.011726	0.053051	39.203900	956.856000	118.882000	0.000000	949.939000	690.878000	0.000000	0.000000	0.964523	0.000000	7.637260	0.000000	0.197137	0.000000	0.000000	
   98	33.100000	27.627200	28.021100	39.649300	42.785000	44.573500	50.164100	63.288600	62.233300	76.970100	68.020900	69.252700	74.364400	76.314000	61.529200	26.240400	27.706500	51.657300	55.755900	38.152900	16.336600	33.752400	28.109100	19.499800	40.880000	35.757400	36.340800	38.459400	38.186700	35.118000	12.270700	0.000000	88.999300	32.944400	64.389600	72.245200	47.566200	38.777200	39.334600	43.776400	52.010200	75.712600	97.783200	116.640000	20.336900	34.329300	43.630300	22.342400	34.470000	0.000000	0.000000	3.468870	0.000000	0.000000	5.316220	1.609610	10.608500	16.256700	54.420300	57.283100	55.128900	27.883400	12.887800	15.037000	0.000000	0.000000	50.416700	1.765960	0.000000	0.922555	0.000000	10.931700	46.540000	0.000000	0.000000	0.000000	0.000000	0.000000	0.000000	4.500180	0.000000	6.607180	0.000000	0.000000	4.449320	0.000000	0.000000	0.000000	0.000000	0.000000	0.000000	43.009600	71.515800	98.216200	58.553100	64.508100	0.008000	0.000000	0.000000	0.000000	0.000000	0.000000	0.000000	0.000000	0.000000	0.000000	0.000000	0.000000	0.000000	0.011000	0.000000	0.066100	0.000000	0.154500	0.000000	0.301600	-5.000000	26.868000	48.334300	44.762300	30.909400	53.345900	64.842800	87.659000	88.702300	51.348000	40.804700	49.231100	0.018667	0.330400	0.068081	0.430700	0.070425	0.165200	0.092971	0.130400	0.119056	0.101100	0.086835	0.114700	0.029324	0.126000	0.000000	0.000000	0.000000	0.000000	0.032649	0.000000	0.060749	0.000000	0.060472	0.000000	0.034354	0.000000	0.022862	0.000000	0.302719	1.427340	3.543010	10.916000	32.698500	28.909200	0.326112	0.206362	0.114580	37.242700	906.120000	109.162000	0.000000	1287.800000	692.103000	0.000000	0.000000	0.000000	4.052770	7.449150	0.020370	0.088021	0.000000	0.125513	
   99	33.100000	27.627200	28.021100	39.649300	42.785000	44.573500	50.164100	63.288600	62.233300	76.970100	68.020900	58.599100	75.413600	73.183600	59.042300	18.982900	28.329500	50.574700	50.829800	42.330700	25.136400	32.045600	17.091100	21.554600	40.880000	42.334800	42.197300	44.408800	44.046000	43.804700	17.974000	0.000000	106.112000	48.225300	83.429600	65.631400	43.583800	37.646100	37.589400	43.762400	50.285700	81.314200	67.961000	120.189000	0.000000	25.926600	35.621500	15.034900	34.470000	0.000000	0.637012	7.631820	2.591970	5.379880	3.775730	0.000000	0.000000	21.373500	44.736500	35.154600	35.453600	11.579500	0.000000	0.000000	0.000000	0.000000	34.582400	0.000000	0.000000	10.720500	0.000000	13.392500	46.540000	0.000000	0.000000	0.000000	1.669020	0.000000	0.000000	2.199200	0.000000	3.479000	0.615470	0.000000	9.382050	4.397700	1.791560	5.687130	5.408590	0.000000	0.000000	49.465500	79.557800	102.072000	55.495100	68.635900	0.008000	0.000000	0.021649	0.000000	0.025982	0.000000	0.029251	0.000000	0.040266	0.000000	0.007128	0.000000	0.025046	0.014500	0.034872	0.133700	0.070186	0.240100	0.067557	0.443600	-5.000000	6.821390	21.994300	29.075400	35.602400	59.400600	93.421400	78.149700	97.542000	63.298100	50.080900	56.582300	0.061569	0.419800	0.078873	0.430700	0.098856	0.388500	0.089254	0.498000	0.070974	0.286400	0.009632	0.175200	0.000000	0.049300	0.000000	0.000000	0.065073	0.000000	0.139575	0.000000	0.237895	0.000000	0.284193	0.000000	0.284046	0.000000	0.248021	0.000000	0.302719	0.855192	3.122810	10.749700	32.471000	28.866000	0.000000	0.058586	0.391080	40.511500	909.223000	108.637000	0.000000	1070.160000	674.197000	0.000000	0.000000	0.000000	0.000000	8.011290	0.124379	0.155347	0.000000	0.097790	
  100	33.100000	27.375700	29.055800	37.773200	39.032900	43.665200	46.614800	60.607300	59.465800	67.553400	65.680500	55.960500	80.138600	73.322200	61.407700	23.958100	27.810500	39.541300	61.182500	37.686300	31.760500	32.060800	18.539100	21.455200	40.880000	43.440300	33.392600	36.696000	38.611100	34.809600	14.507100	0.000000	117.556000	33.415700	86.745400	69.203500	52.925700	42.194500	40.185800	42.172900	55.128200	82.697800	82.925800	89.873500	23.061800	31.596000	37.551000	27.897800	34.470000	0.000000	0.000000	3.532810	0.000000	1.343700	0.000000	0.000000	8.804170	19.928600	46.627000	47.184300	37.937400	14.751400	0.000000	0.000000	0.000000	0.000000	43.314900	13.343800	0.000000	7.763490	0.000000	4.170190	46.540000	0.000000	0.000000	0.000000	10.814100	0.000000	0.000000	5.688210	0.000000	7.186950	3.619960	0.000000	15.587000	2.057300	0.000000	0.920061	0.000000	0.000000	0.000000	48.506600	77.760500	100.764000	62.719100	74.819200	0.008000	0.000000	0.021649	0.000000	0.016269	0.000000	0.026105	0.000000	0.024010	0.000000	0.029478	0.000000	0.039298	0.007100	0.039644	0.074200	0.085316	0.262800	0.095788	0.308400	-5.000000	20.406900	30.079600	36.243500	35.485800	60.728800	101.388000	80.010300	103.348000	79.272900	45.723600	50.070400	0.106285	0.406500	0.151506	0.285100	0.183214	0.486200	0.093152	0.407700	0.068659	0.321200	0.014279	0.138500	0.000000	0.043300	0.000000	0.000000	0.025016	0.000000	0.125194	0.000000	0.200493	0.000000	0.242288	0.000000	0.252664	0.000000	0.256201	0.000000	0.302719	0.816807	3.255550	10.968300	33.152200	28.851500	0.000000	0.000000	0.000000	43.060000	929.994000	109.118000	0.000000	986.866000	676.832000	0.000000	0.000000	1.399810	0.000000	7.825950	0.000000	0.228624	0.071640	0.000000	
;
param Prob0 :=
    1	0.010
    2	0.010
    3	0.000
    4	0.010
    5	0.010
    6	0.010
    7	0.010
    8	0.000
    9	0.010
   10	0.010
   11	0.020
   12	0.000
   13	0.000
   14	0.000
   15	0.010
   16	0.010
   17	0.010
   18	0.010
   19	0.010
   20	0.110
   21	0.010
   22	0.020
   23	0.010
   24	0.010
   25	0.010
   26	0.000
   27	0.010
   28	0.000
   29	0.010
   30	0.000
   31	0.000
   32	0.000
   33	0.010
   34	0.020
   35	0.000
   36	0.010
   37	0.010
   38	0.010
   39	0.010
   40	0.000
   41	0.010
   42	0.010
   43	0.010
   44	0.000
   45	0.010
   46	0.010
   47	0.010
   48	0.010
   49	0.010
   50	0.170
   51	0.000
   52	0.000
   53	0.000
   54	0.000
   55	0.000
   56	0.010
   57	0.010
   58	0.000
   59	0.010
   60	0.000
   61	0.010
   62	0.010
   63	0.020
   64	0.010
   65	0.010
   66	0.000
   67	0.010
   68	0.000
   69	0.010
   70	0.010
   71	0.010
   72	0.010
   73	0.000
   74	0.000
   75	0.010
   76	0.010
   77	0.010
   78	0.000
   79	0.000
   80	0.020
   81	0.010
   82	0.000
   83	0.010
   84	0.010
   85	0.010
   86	0.000
   87	0.000
   88	0.010
   89	0.010
   90	0.010
   91	0.010
   92	0.010
   93	0.000
   94	0.000
   95	0.000
   96	0.010
   97	0.030
   98	0.010
   99	0.000
  100	0.010
;
set c[0,50] :=
50    8     16    24    32    40    48    57    65    73    81    89    97
1     9     17    25    33    41    49    58    66    74    82    90    98
2     10    18    26    34    42    51    59    67    75    83    91    99
3     11    19    27    35    43    52    60    68    76    84    92    100
4     12    20    28    36    44    53    61    69    77    85    93
5     13    21    29    37    45    54    62    70    78    86    94
6     14    22    30    38    46    55    63    71    79    87    95
7     15    23    31    39    47    56    64    72    80    88    96;
set c[1,70] :=
70    10    25    55    57    63    68    76    80    92    100
4     16    29    56    62    65    75    77    83    96;
set c[1,14] := 14 50 8 13 26 30 31 35 40 52 58 60 73 79 87 93 99;
set c[1,82] := 82 3 20 32 44 51 53 54 78 94 95;
set c[1,66] := 66 1 6 7 11 12 22 28 34 38 45 48 61 74 85 86 97;
set c[1,84] := 84 17 19 21 23 33 36 39 43 46 47 59 69 98;
set c[1,67] := 67 2 5 9 15 18 24 27 37 41 42 49 64 71 72 81 88 89 90 91;
set c[2,65] :=
65    4     16    29    56    62    68    76    80    92    100
70    10    25    55    57    63    75    77    83    96;
set c[2,13] := 13 14 50 8 26 30 31 35 40 52 58 60 73 79 87 93 99;
set c[2,51] := 51 82 3 20 32 44 53 54 78 94 95;
set c[2,11] := 11 66 1 6 7 12 22 28 34 38 45 48 61 74 85 86 97;
set c[2,17] := 17 84 19 69;
set c[2,46] := 46 43;
set c[2,23] := 23 39;
set c[2,21] := 21;
set c[2,47] := 47;
set c[2,33] := 33 98;
set c[2,59] := 59 36;
set c[2,9] := 9;
set c[2,27] := 27;
set c[2,41] := 41 5;
set c[2,24] := 24;
set c[2,81] := 81;
set c[2,88] := 88;
set c[2,91] := 91;
set c[2,67] := 67;
set c[2,90] := 90;
set c[2,42] := 42;
set c[2,49] := 49 71;
set c[2,72] := 72;
set c[2,89] := 89 37;
set c[2,18] := 18;
set c[2,2] := 2;
set c[2,64] := 64;
set c[2,15] := 15;
set c[3,10] :=
10    70    16    29    56    62    68    76    80    92    100
65    4     25    55    57    63    75    77    83    96;
set c[3,58] := 58 13 14 50 8 26 30 31 35 40 52 60 73 79 87 93 99;
set c[3,51] := 51 82 3 20 32 44 53 54 78 94 95;
set c[3,74] := 74 11 66 1 6 7 12 22 28 34 38 45 48 61 85 86 97;
set c[3,84] := 84;
set c[3,17] := 17;
set c[3,19] := 19;
set c[3,69] := 69;
set c[3,46] := 46;
set c[3,43] := 43;
set c[3,23] := 23;
set c[3,39] := 39;
set c[3,21] := 21;
set c[3,47] := 47;
set c[3,33] := 33 98;
set c[3,59] := 59;
set c[3,36] := 36;
set c[3,9] := 9;
set c[3,27] := 27;
set c[3,41] := 41;
set c[3,5] := 5;
set c[3,24] := 24;
set c[3,81] := 81;
set c[3,88] := 88;
set c[3,91] := 91;
set c[3,67] := 67;
set c[3,90] := 90;
set c[3,42] := 42;
set c[3,49] := 49;
set c[3,71] := 71;
set c[3,72] := 72;
set c[3,89] := 89 37;
set c[3,18] := 18;
set c[3,2] := 2;
set c[3,64] := 64;
set c[3,15] := 15;
set c[4,70] :=
70    65    16    29    56    62    68    76    80    92    100
10    4     25    55    57    63    75    77    83    96;
set c[4,13] := 13 58 14 50 8 26 30 31 35 40 52 60 73 79 87 93 99;
set c[4,44] := 44 51 82 3 20 32 53 54 78 94 95;
set c[4,1] := 1 74 11 66 6 7 12 22 28 34 38 45 48 61 85 86 97;
set c[4,84] := 84;
set c[4,17] := 17;
set c[4,19] := 19;
set c[4,69] := 69;
set c[4,46] := 46;
set c[4,43] := 43;
set c[4,23] := 23;
set c[4,39] := 39;
set c[4,21] := 21;
set c[4,47] := 47;
set c[4,33] := 33 98;
set c[4,59] := 59;
set c[4,36] := 36;
set c[4,9] := 9;
set c[4,27] := 27;
set c[4,41] := 41;
set c[4,5] := 5;
set c[4,24] := 24;
set c[4,81] := 81;
set c[4,88] := 88;
set c[4,91] := 91;
set c[4,67] := 67;
set c[4,90] := 90;
set c[4,42] := 42;
set c[4,49] := 49;
set c[4,71] := 71;
set c[4,72] := 72;
set c[4,89] := 89 37;
set c[4,18] := 18;
set c[4,2] := 2;
set c[4,64] := 64;
set c[4,15] := 15;
set c[5,70] :=
70    65    16    29    56    62    68    76    80    92    100
10    4     25    55    57    63    75    77    83    96;
set c[5,13] := 13 58 14 50 8 26 30 31 35 40 52 60 73 79 87 93 99;
set c[5,44] := 44 51 82 3 20 32 53 54 78 94 95;
set c[5,1] := 1 74 11 66 6 7 12 22 28 34 38 45 48 61 85 86 97;
set c[5,84] := 84;
set c[5,17] := 17;
set c[5,19] := 19;
set c[5,69] := 69;
set c[5,46] := 46;
set c[5,43] := 43;
set c[5,23] := 23;
set c[5,39] := 39;
set c[5,21] := 21;
set c[5,47] := 47;
set c[5,33] := 33 98;
set c[5,59] := 59;
set c[5,36] := 36;
set c[5,9] := 9;
set c[5,27] := 27;
set c[5,41] := 41;
set c[5,5] := 5;
set c[5,24] := 24;
set c[5,81] := 81;
set c[5,88] := 88;
set c[5,91] := 91;
set c[5,67] := 67;
set c[5,90] := 90;
set c[5,42] := 42;
set c[5,49] := 49;
set c[5,71] := 71;
set c[5,72] := 72;
set c[5,89] := 89 37;
set c[5,18] := 18;
set c[5,2] := 2;
set c[5,64] := 64;
set c[5,15] := 15;
set c[6,25] :=
25    10    4     29    56    62    68    76    80    92    100
70    65    16    55    57    63    75    77    83    96;
set c[6,31] := 31 13 58 14 50 8 26 30 35 40 52 60 73 79 87 93 99;
set c[6,32] := 32 44 51 82 3 20 53 54 78 94 95;
set c[6,12] := 12 1 74 11 66 6 7 22 28 34 38 45 48 61 85 86 97;
set c[6,84] := 84;
set c[6,17] := 17;
set c[6,19] := 19;
set c[6,69] := 69;
set c[6,46] := 46;
set c[6,43] := 43;
set c[6,23] := 23;
set c[6,39] := 39;
set c[6,21] := 21;
set c[6,47] := 47;
set c[6,33] := 33 98;
set c[6,59] := 59;
set c[6,36] := 36;
set c[6,9] := 9;
set c[6,27] := 27;
set c[6,41] := 41;
set c[6,5] := 5;
set c[6,24] := 24;
set c[6,81] := 81;
set c[6,88] := 88;
set c[6,91] := 91;
set c[6,67] := 67;
set c[6,90] := 90;
set c[6,42] := 42;
set c[6,49] := 49;
set c[6,71] := 71;
set c[6,72] := 72;
set c[6,89] := 89 37;
set c[6,18] := 18;
set c[6,2] := 2;
set c[6,64] := 64;
set c[6,15] := 15;
set c[7,25] :=
25    10    4     29    56    62    68    76    80    92    100
70    65    16    55    57    63    75    77    83    96;
set c[7,79] := 79 31 13 58 14 50 8 26 30 35 40 52 60 73 87 93 99;
set c[7,32] := 32 44 51 82 3 20 53 54 78 94 95;
set c[7,7] := 7 12 1 74 11 66 6 22 28 34 38 45 48 61 85 86 97;
set c[7,84] := 84;
set c[7,17] := 17;
set c[7,19] := 19;
set c[7,69] := 69;
set c[7,46] := 46;
set c[7,43] := 43;
set c[7,23] := 23;
set c[7,39] := 39;
set c[7,21] := 21;
set c[7,47] := 47;
set c[7,33] := 33 98;
set c[7,59] := 59;
set c[7,36] := 36;
set c[7,9] := 9;
set c[7,27] := 27;
set c[7,41] := 41;
set c[7,5] := 5;
set c[7,24] := 24;
set c[7,81] := 81;
set c[7,88] := 88;
set c[7,91] := 91;
set c[7,67] := 67;
set c[7,90] := 90;
set c[7,42] := 42;
set c[7,49] := 49;
set c[7,71] := 71;
set c[7,72] := 72;
set c[7,89] := 89 37;
set c[7,18] := 18;
set c[7,2] := 2;
set c[7,64] := 64;
set c[7,15] := 15;
set c[8,16] :=
16    70    65    29    56    62    68    76    80    92    100
25    10    4     55    57    63    75    77    83    96;
set c[8,31] := 31 79 13 58 14 50 8 26 30 35 40 52 60 73 87 93 99;
set c[8,53] := 53 32 44 51 82 3 20 54 78 94 95;
set c[8,48] := 48 7 12 1 74 11 66 6 22 28 34 38 45 61 85 86 97;
set c[8,84] := 84;
set c[8,17] := 17;
set c[8,19] := 19;
set c[8,69] := 69;
set c[8,46] := 46;
set c[8,43] := 43;
set c[8,23] := 23;
set c[8,39] := 39;
set c[8,21] := 21;
set c[8,47] := 47;
set c[8,33] := 33 98;
set c[8,59] := 59;
set c[8,36] := 36;
set c[8,9] := 9;
set c[8,27] := 27;
set c[8,41] := 41;
set c[8,5] := 5;
set c[8,24] := 24;
set c[8,81] := 81;
set c[8,88] := 88;
set c[8,91] := 91;
set c[8,67] := 67;
set c[8,90] := 90;
set c[8,42] := 42;
set c[8,49] := 49;
set c[8,71] := 71;
set c[8,72] := 72;
set c[8,89] := 89 37;
set c[8,18] := 18;
set c[8,2] := 2;
set c[8,64] := 64;
set c[8,15] := 15;
set c[9,57] :=
57    25    10    4     55    62    68    76    80    92    100
16    70    65    29    56    63    75    77    83    96;
set c[9,31] := 31 79 13 58 14 50 8 26 30 35 40 52 60 73 87 93 99;
set c[9,54] := 54 53 32 44 51 82 3 20 78 94 95;
set c[9,74] := 74 48 7 12 1 11 66 6 22 28 34 38 45 61 85 86 97;
set c[9,84] := 84;
set c[9,17] := 17;
set c[9,19] := 19;
set c[9,69] := 69;
set c[9,46] := 46;
set c[9,43] := 43;
set c[9,23] := 23;
set c[9,39] := 39;
set c[9,21] := 21;
set c[9,47] := 47;
set c[9,33] := 33 98;
set c[9,59] := 59;
set c[9,36] := 36;
set c[9,9] := 9;
set c[9,27] := 27;
set c[9,41] := 41;
set c[9,5] := 5;
set c[9,24] := 24;
set c[9,81] := 81;
set c[9,88] := 88;
set c[9,91] := 91;
set c[9,67] := 67;
set c[9,90] := 90;
set c[9,42] := 42;
set c[9,49] := 49;
set c[9,71] := 71;
set c[9,72] := 72;
set c[9,89] := 89 37;
set c[9,18] := 18;
set c[9,2] := 2;
set c[9,64] := 64;
set c[9,15] := 15;
set c[10,16] :=
16    25    10    4     55    62    68    76    80    92    100
57    70    65    29    56    63    75    77    83    96;
set c[10,40] := 40 31 79 13 58 14 50 8 26 30 35 52 60 73 87 93 99;
set c[10,3] := 3 54 53 32 44 51 82 20 78 94 95;
set c[10,12] := 12 74 48 7 1 11 66 6 22 28 34 38 45 61 85 86 97;
set c[10,84] := 84;
set c[10,17] := 17;
set c[10,19] := 19;
set c[10,69] := 69;
set c[10,46] := 46;
set c[10,43] := 43;
set c[10,23] := 23;
set c[10,39] := 39;
set c[10,21] := 21;
set c[10,47] := 47;
set c[10,33] := 33 98;
set c[10,59] := 59;
set c[10,36] := 36;
set c[10,9] := 9;
set c[10,27] := 27;
set c[10,41] := 41;
set c[10,5] := 5;
set c[10,24] := 24;
set c[10,81] := 81;
set c[10,88] := 88;
set c[10,91] := 91;
set c[10,67] := 67;
set c[10,90] := 90;
set c[10,42] := 42;
set c[10,49] := 49;
set c[10,71] := 71;
set c[10,72] := 72;
set c[10,89] := 89 37;
set c[10,18] := 18;
set c[10,2] := 2;
set c[10,64] := 64;
set c[10,15] := 15;
set c[11,68] :=
68    57    70    65    29    56    63    76    80    92    100
16    25    10    4     55    62    75    77    83    96;
set c[11,50] := 50 40 31 79 13 58 14 8 26 30 35 52 60 73 87 93 99;
set c[11,3] := 3 54 53 32 44 51 82 20 78 94 95;
set c[11,12] := 12 74 48 7 1 11 66 6 22 28 34 38 45 61 85 86 97;
set c[11,84] := 84;
set c[11,17] := 17;
set c[11,19] := 19;
set c[11,69] := 69;
set c[11,46] := 46;
set c[11,43] := 43;
set c[11,23] := 23;
set c[11,39] := 39;
set c[11,21] := 21;
set c[11,47] := 47;
set c[11,33] := 33 98;
set c[11,59] := 59;
set c[11,36] := 36;
set c[11,9] := 9;
set c[11,27] := 27;
set c[11,41] := 41;
set c[11,5] := 5;
set c[11,24] := 24;
set c[11,81] := 81;
set c[11,88] := 88;
set c[11,91] := 91;
set c[11,67] := 67;
set c[11,90] := 90;
set c[11,42] := 42;
set c[11,49] := 49;
set c[11,71] := 71;
set c[11,72] := 72;
set c[11,89] := 89 37;
set c[11,18] := 18;
set c[11,2] := 2;
set c[11,64] := 64;
set c[11,15] := 15;
set c[12,62] :=
62    16    25    10    4     55    63    76    80    92    100
68    57    70    65    29    56    75    77    83    96;
set c[12,40] := 40 50 31 79 13 58 14 8 26 30 35 52 60 73 87 93 99;
set c[12,20] := 20 3 54 53 32 44 51 82 78 94 95;
set c[12,11] := 11 12 74 48 7 1 66 6 22 28 34 38 45 61 85 86 97;
set c[12,84] := 84;
set c[12,17] := 17;
set c[12,19] := 19;
set c[12,69] := 69;
set c[12,46] := 46;
set c[12,43] := 43;
set c[12,23] := 23;
set c[12,39] := 39;
set c[12,21] := 21;
set c[12,47] := 47;
set c[12,33] := 33 98;
set c[12,59] := 59;
set c[12,36] := 36;
set c[12,9] := 9;
set c[12,27] := 27;
set c[12,41] := 41;
set c[12,5] := 5;
set c[12,24] := 24;
set c[12,81] := 81;
set c[12,88] := 88;
set c[12,91] := 91;
set c[12,67] := 67;
set c[12,90] := 90;
set c[12,42] := 42;
set c[12,49] := 49;
set c[12,71] := 71;
set c[12,72] := 72;
set c[12,89] := 89 37;
set c[12,18] := 18;
set c[12,2] := 2;
set c[12,64] := 64;
set c[12,15] := 15;
set c[13,68] :=
68    16    25    10    4     55    63    76    80    92    100
62    57    70    65    29    56    75    77    83    96;
set c[13,40] := 40 50 31 79 13 58 14 8 26 30 35 52 60 73 87 93 99;
set c[13,51] := 51 20 3 54 53 32 44 82 78 94 95;
set c[13,22] := 22 28;
set c[13,11] := 11 12 74 66 34 86 97;
set c[13,61] := 61 48 7 1 6 38 45 85;
set c[13,84] := 84;
set c[13,17] := 17;
set c[13,19] := 19;
set c[13,69] := 69;
set c[13,46] := 46;
set c[13,43] := 43;
set c[13,23] := 23;
set c[13,39] := 39;
set c[13,21] := 21;
set c[13,47] := 47;
set c[13,33] := 33 98;
set c[13,59] := 59;
set c[13,36] := 36;
set c[13,9] := 9;
set c[13,27] := 27;
set c[13,41] := 41;
set c[13,5] := 5;
set c[13,24] := 24;
set c[13,81] := 81;
set c[13,88] := 88;
set c[13,91] := 91;
set c[13,67] := 67;
set c[13,90] := 90;
set c[13,42] := 42;
set c[13,49] := 49;
set c[13,71] := 71;
set c[13,72] := 72;
set c[13,89] := 89 37;
set c[13,18] := 18;
set c[13,2] := 2;
set c[13,64] := 64;
set c[13,15] := 15;
set c[14,100] :=
100   62    57    70    65    29    56    75    77    83    96
68    16    25    10    4     55    63    76    80    92;
set c[14,40] := 40 50 31 79 13 58 14 8 26 30 35 52 60 73 87 93 99;
set c[14,3] := 3 51 20 54 53 32 44 82 78 94 95;
set c[14,22] := 22 28;
set c[14,11] := 11 12 74 66 34 86 97;
set c[14,85] := 85 61 48 7 1 6 38 45;
set c[14,84] := 84;
set c[14,17] := 17;
set c[14,19] := 19;
set c[14,69] := 69;
set c[14,46] := 46;
set c[14,43] := 43;
set c[14,23] := 23;
set c[14,39] := 39;
set c[14,21] := 21;
set c[14,47] := 47;
set c[14,33] := 33 98;
set c[14,59] := 59;
set c[14,36] := 36;
set c[14,9] := 9;
set c[14,27] := 27;
set c[14,41] := 41;
set c[14,5] := 5;
set c[14,24] := 24;
set c[14,81] := 81;
set c[14,88] := 88;
set c[14,91] := 91;
set c[14,67] := 67;
set c[14,90] := 90;
set c[14,42] := 42;
set c[14,49] := 49;
set c[14,71] := 71;
set c[14,72] := 72;
set c[14,89] := 89 37;
set c[14,18] := 18;
set c[14,2] := 2;
set c[14,64] := 64;
set c[14,15] := 15;
set c[15,96] :=
96    68    16    25    10    4     55    63    76    80    92
100   62    57    70    65    29    56    75    77    83;
set c[15,52] := 52 40 50 31 79 13 58 14 8 26 30 35 60 73 87 93 99;
set c[15,20] := 20 3 51 54 53 32 44 82 78 94 95;
set c[15,22] := 22 28;
set c[15,86] := 86 11 12 74 66 34 97;
set c[15,45] := 45;
set c[15,1] := 1;
set c[15,85] := 85;
set c[15,48] := 48;
set c[15,61] := 61;
set c[15,7] := 7;
set c[15,6] := 6;
set c[15,38] := 38;
set c[15,84] := 84;
set c[15,17] := 17;
set c[15,19] := 19;
set c[15,69] := 69;
set c[15,46] := 46;
set c[15,43] := 43;
set c[15,23] := 23;
set c[15,39] := 39;
set c[15,21] := 21;
set c[15,47] := 47;
set c[15,33] := 33;
set c[15,98] := 98;
set c[15,59] := 59;
set c[15,36] := 36;
set c[15,9] := 9;
set c[15,27] := 27;
set c[15,41] := 41;
set c[15,5] := 5;
set c[15,24] := 24;
set c[15,81] := 81;
set c[15,88] := 88;
set c[15,91] := 91;
set c[15,67] := 67;
set c[15,90] := 90;
set c[15,42] := 42;
set c[15,49] := 49;
set c[15,71] := 71;
set c[15,72] := 72;
set c[15,89] := 89;
set c[15,37] := 37;
set c[15,18] := 18;
set c[15,2] := 2;
set c[15,64] := 64;
set c[15,15] := 15;
set c[16,76] :=
76    100   62    57    70    65    29    56    75    80    92
96    68    16    25    10    4     55    63    77    83;
set c[16,52] := 52 40 50 31 79 13 58 14 8 26 30 35 60 73 87 93 99;
set c[16,95] := 95 20 3 51 54 53 32 44 82 78 94;
set c[16,22] := 22 28;
set c[16,74] := 74 86 11 12 66 34 97;
set c[16,45] := 45;
set c[16,1] := 1;
set c[16,85] := 85;
set c[16,48] := 48;
set c[16,61] := 61;
set c[16,7] := 7;
set c[16,6] := 6;
set c[16,38] := 38;
set c[16,84] := 84;
set c[16,17] := 17;
set c[16,19] := 19;
set c[16,69] := 69;
set c[16,46] := 46;
set c[16,43] := 43;
set c[16,23] := 23;
set c[16,39] := 39;
set c[16,21] := 21;
set c[16,47] := 47;
set c[16,33] := 33;
set c[16,98] := 98;
set c[16,59] := 59;
set c[16,36] := 36;
set c[16,9] := 9;
set c[16,27] := 27;
set c[16,41] := 41;
set c[16,5] := 5;
set c[16,24] := 24;
set c[16,81] := 81;
set c[16,88] := 88;
set c[16,91] := 91;
set c[16,67] := 67;
set c[16,90] := 90;
set c[16,42] := 42;
set c[16,49] := 49;
set c[16,71] := 71;
set c[16,72] := 72;
set c[16,89] := 89;
set c[16,37] := 37;
set c[16,18] := 18;
set c[16,2] := 2;
set c[16,64] := 64;
set c[16,15] := 15;
set c[17,65] :=
65    96    68    16    25    10    29    56    75    80    92
76    100   62    57    70    4     55    63    77    83;
set c[17,52] := 52 40 50 31 79 13 58 14 8 26 30 35 60 73 87 93 99;
set c[17,82] := 82 95 20 3 51 54 53 32 44 78 94;
set c[17,22] := 22 28;
set c[17,74] := 74 86 11 12 66 34 97;
set c[17,45] := 45;
set c[17,1] := 1;
set c[17,85] := 85;
set c[17,48] := 48;
set c[17,61] := 61;
set c[17,7] := 7;
set c[17,6] := 6;
set c[17,38] := 38;
set c[17,84] := 84;
set c[17,17] := 17;
set c[17,19] := 19;
set c[17,69] := 69;
set c[17,46] := 46;
set c[17,43] := 43;
set c[17,23] := 23;
set c[17,39] := 39;
set c[17,21] := 21;
set c[17,47] := 47;
set c[17,33] := 33;
set c[17,98] := 98;
set c[17,59] := 59;
set c[17,36] := 36;
set c[17,9] := 9;
set c[17,27] := 27;
set c[17,41] := 41;
set c[17,5] := 5;
set c[17,24] := 24;
set c[17,81] := 81;
set c[17,88] := 88;
set c[17,91] := 91;
set c[17,67] := 67;
set c[17,90] := 90;
set c[17,42] := 42;
set c[17,49] := 49;
set c[17,71] := 71;
set c[17,72] := 72;
set c[17,89] := 89;
set c[17,37] := 37;
set c[17,18] := 18;
set c[17,2] := 2;
set c[17,64] := 64;
set c[17,15] := 15;
set c[18,65] :=
65    96    68    16    25    10    29    56    75    80    92
76    100   62    57    70    4     55    63    77    83;
set c[18,40] := 40 52 50 31 79 13 58 14 8 26 30 35 60 73 87 93 99;
set c[18,78] := 78 82 95 20 3 51 54 53 32 44 94;
set c[18,22] := 22 28;
set c[18,12] := 12 74 86 11 66 34 97;
set c[18,45] := 45;
set c[18,1] := 1;
set c[18,85] := 85;
set c[18,48] := 48;
set c[18,61] := 61;
set c[18,7] := 7;
set c[18,6] := 6;
set c[18,38] := 38;
set c[18,84] := 84;
set c[18,17] := 17;
set c[18,19] := 19;
set c[18,69] := 69;
set c[18,46] := 46;
set c[18,43] := 43;
set c[18,23] := 23;
set c[18,39] := 39;
set c[18,21] := 21;
set c[18,47] := 47;
set c[18,33] := 33;
set c[18,98] := 98;
set c[18,59] := 59;
set c[18,36] := 36;
set c[18,9] := 9;
set c[18,27] := 27;
set c[18,41] := 41;
set c[18,5] := 5;
set c[18,24] := 24;
set c[18,81] := 81;
set c[18,88] := 88;
set c[18,91] := 91;
set c[18,67] := 67;
set c[18,90] := 90;
set c[18,42] := 42;
set c[18,49] := 49;
set c[18,71] := 71;
set c[18,72] := 72;
set c[18,89] := 89;
set c[18,37] := 37;
set c[18,18] := 18;
set c[18,2] := 2;
set c[18,64] := 64;
set c[18,15] := 15;
set c[19,55] :=
55    76    100   62    57    70    4     56    75    80    92
65    96    68    16    25    10    29    63    77    83;
set c[19,30] := 30 40 52 50 31 79 13 58 14 8 26 35 60 73 87 93 99;
set c[19,94] := 94 78 82 95 20 3 51 54 53 32 44;
set c[19,22] := 22 28;
set c[19,11] := 11 12;
set c[19,34] := 34 86;
set c[19,97] := 97 74 66;
set c[19,45] := 45;
set c[19,1] := 1;
set c[19,85] := 85;
set c[19,48] := 48;
set c[19,61] := 61;
set c[19,7] := 7;
set c[19,6] := 6;
set c[19,38] := 38;
set c[19,84] := 84;
set c[19,17] := 17;
set c[19,19] := 19;
set c[19,69] := 69;
set c[19,46] := 46;
set c[19,43] := 43;
set c[19,23] := 23;
set c[19,39] := 39;
set c[19,21] := 21;
set c[19,47] := 47;
set c[19,33] := 33;
set c[19,98] := 98;
set c[19,59] := 59;
set c[19,36] := 36;
set c[19,9] := 9;
set c[19,27] := 27;
set c[19,41] := 41;
set c[19,5] := 5;
set c[19,24] := 24;
set c[19,81] := 81;
set c[19,88] := 88;
set c[19,91] := 91;
set c[19,67] := 67;
set c[19,90] := 90;
set c[19,42] := 42;
set c[19,49] := 49;
set c[19,71] := 71;
set c[19,72] := 72;
set c[19,89] := 89;
set c[19,37] := 37;
set c[19,18] := 18;
set c[19,2] := 2;
set c[19,64] := 64;
set c[19,15] := 15;
set c[20,55] :=
55    76    100   62    57    70    4     56    75    80    92
65    96    68    16    25    10    29    63    77    83;
set c[20,26] := 26 30 40 52 50 31 79 13 58 14 8 35 60 73 87 93 99;
set c[20,82] := 82 94 78 95 20 3 51 54 53 32 44;
set c[20,22] := 22 28;
set c[20,11] := 11 12;
set c[20,34] := 34 86;
set c[20,97] := 97 74 66;
set c[20,45] := 45;
set c[20,1] := 1;
set c[20,85] := 85;
set c[20,48] := 48;
set c[20,61] := 61;
set c[20,7] := 7;
set c[20,6] := 6;
set c[20,38] := 38;
set c[20,84] := 84;
set c[20,17] := 17;
set c[20,19] := 19;
set c[20,69] := 69;
set c[20,46] := 46;
set c[20,43] := 43;
set c[20,23] := 23;
set c[20,39] := 39;
set c[20,21] := 21;
set c[20,47] := 47;
set c[20,33] := 33;
set c[20,98] := 98;
set c[20,59] := 59;
set c[20,36] := 36;
set c[20,9] := 9;
set c[20,27] := 27;
set c[20,41] := 41;
set c[20,5] := 5;
set c[20,24] := 24;
set c[20,81] := 81;
set c[20,88] := 88;
set c[20,91] := 91;
set c[20,67] := 67;
set c[20,90] := 90;
set c[20,42] := 42;
set c[20,49] := 49;
set c[20,71] := 71;
set c[20,72] := 72;
set c[20,89] := 89;
set c[20,37] := 37;
set c[20,18] := 18;
set c[20,2] := 2;
set c[20,64] := 64;
set c[20,15] := 15;
set c[21,10] :=
10    65    96    68    16    25    4     56    75    80    92
55    76    100   62    57    70    29    63    77    83;
set c[21,26] := 26 30 40 52 50 31 79 13 58 14 8 35 60 73 87 93 99;
set c[21,44] := 44 82 94 78 95 20 3 51 54 53 32;
set c[21,22] := 22 28;
set c[21,11] := 11 12;
set c[21,34] := 34 86;
set c[21,97] := 97 74 66;
set c[21,45] := 45;
set c[21,1] := 1;
set c[21,85] := 85;
set c[21,48] := 48;
set c[21,61] := 61;
set c[21,7] := 7;
set c[21,6] := 6;
set c[21,38] := 38;
set c[21,84] := 84;
set c[21,17] := 17;
set c[21,19] := 19;
set c[21,69] := 69;
set c[21,46] := 46;
set c[21,43] := 43;
set c[21,23] := 23;
set c[21,39] := 39;
set c[21,21] := 21;
set c[21,47] := 47;
set c[21,33] := 33;
set c[21,98] := 98;
set c[21,59] := 59;
set c[21,36] := 36;
set c[21,9] := 9;
set c[21,27] := 27;
set c[21,41] := 41;
set c[21,5] := 5;
set c[21,24] := 24;
set c[21,81] := 81;
set c[21,88] := 88;
set c[21,91] := 91;
set c[21,67] := 67;
set c[21,90] := 90;
set c[21,42] := 42;
set c[21,49] := 49;
set c[21,71] := 71;
set c[21,72] := 72;
set c[21,89] := 89;
set c[21,37] := 37;
set c[21,18] := 18;
set c[21,2] := 2;
set c[21,64] := 64;
set c[21,15] := 15;
set c[22,68] :=
68    55    76    100   16    25    4     56    75    80    92
10    65    96    62    57    70    29    63    77    83;
set c[22,50] := 50 26 30 40 52 31 79 13 58 14 8 35 60 73 87 93 99;
set c[22,82] := 82 44 94 78 95 20 3 51 54 53 32;
set c[22,22] := 22 28;
set c[22,11] := 11 12;
set c[22,34] := 34 86;
set c[22,97] := 97 74 66;
set c[22,45] := 45;
set c[22,1] := 1;
set c[22,85] := 85;
set c[22,48] := 48;
set c[22,61] := 61;
set c[22,7] := 7;
set c[22,6] := 6;
set c[22,38] := 38;
set c[22,84] := 84;
set c[22,17] := 17;
set c[22,19] := 19;
set c[22,69] := 69;
set c[22,46] := 46;
set c[22,43] := 43;
set c[22,23] := 23;
set c[22,39] := 39;
set c[22,21] := 21;
set c[22,47] := 47;
set c[22,33] := 33;
set c[22,98] := 98;
set c[22,59] := 59;
set c[22,36] := 36;
set c[22,9] := 9;
set c[22,27] := 27;
set c[22,41] := 41;
set c[22,5] := 5;
set c[22,24] := 24;
set c[22,81] := 81;
set c[22,88] := 88;
set c[22,91] := 91;
set c[22,67] := 67;
set c[22,90] := 90;
set c[22,42] := 42;
set c[22,49] := 49;
set c[22,71] := 71;
set c[22,72] := 72;
set c[22,89] := 89;
set c[22,37] := 37;
set c[22,18] := 18;
set c[22,2] := 2;
set c[22,64] := 64;
set c[22,15] := 15;
set c[23,68] :=
68    55    76    100   16    25    4     56    75    80    92
10    65    96    62    57    70    29    63    77    83;
set c[23,50] := 50 26 30 40 52 31 79 13 58 14 8 35 60 73 87 93 99;
set c[23,20] := 20 82 44 94 78 95 3 51 54 53 32;
set c[23,22] := 22 28;
set c[23,11] := 11 12;
set c[23,34] := 34 86;
set c[23,97] := 97 74 66;
set c[23,45] := 45;
set c[23,1] := 1;
set c[23,85] := 85;
set c[23,48] := 48;
set c[23,61] := 61;
set c[23,7] := 7;
set c[23,6] := 6;
set c[23,38] := 38;
set c[23,84] := 84;
set c[23,17] := 17;
set c[23,19] := 19;
set c[23,69] := 69;
set c[23,46] := 46;
set c[23,43] := 43;
set c[23,23] := 23;
set c[23,39] := 39;
set c[23,21] := 21;
set c[23,47] := 47;
set c[23,33] := 33;
set c[23,98] := 98;
set c[23,59] := 59;
set c[23,36] := 36;
set c[23,9] := 9;
set c[23,27] := 27;
set c[23,41] := 41;
set c[23,5] := 5;
set c[23,24] := 24;
set c[23,81] := 81;
set c[23,88] := 88;
set c[23,91] := 91;
set c[23,67] := 67;
set c[23,90] := 90;
set c[23,42] := 42;
set c[23,49] := 49;
set c[23,71] := 71;
set c[23,72] := 72;
set c[23,89] := 89;
set c[23,37] := 37;
set c[23,18] := 18;
set c[23,2] := 2;
set c[23,64] := 64;
set c[23,15] := 15;
set c[24,56] :=
56    10    65    96    62    57    70    29    75    80    92
68    55    76    100   16    25    4     63    77    83;
set c[24,26] := 26 50 30 40 52 31 79 13 58 14 8 35 60 73 87 93 99;
set c[24,78] := 78 20 82 44 94 95 3 51 54 53 32;
set c[24,22] := 22 28;
set c[24,11] := 11 12;
set c[24,34] := 34 86;
set c[24,74] := 74 97 66;
set c[24,45] := 45;
set c[24,1] := 1;
set c[24,85] := 85;
set c[24,48] := 48;
set c[24,61] := 61;
set c[24,7] := 7;
set c[24,6] := 6;
set c[24,38] := 38;
set c[24,84] := 84;
set c[24,17] := 17;
set c[24,19] := 19;
set c[24,69] := 69;
set c[24,46] := 46;
set c[24,43] := 43;
set c[24,23] := 23;
set c[24,39] := 39;
set c[24,21] := 21;
set c[24,47] := 47;
set c[24,33] := 33;
set c[24,98] := 98;
set c[24,59] := 59;
set c[24,36] := 36;
set c[24,9] := 9;
set c[24,27] := 27;
set c[24,41] := 41;
set c[24,5] := 5;
set c[24,24] := 24;
set c[24,81] := 81;
set c[24,88] := 88;
set c[24,91] := 91;
set c[24,67] := 67;
set c[24,90] := 90;
set c[24,42] := 42;
set c[24,49] := 49;
set c[24,71] := 71;
set c[24,72] := 72;
set c[24,89] := 89;
set c[24,37] := 37;
set c[24,18] := 18;
set c[24,2] := 2;
set c[24,64] := 64;
set c[24,15] := 15;
set c[25,56] :=
56    10    65    96    62    57    70    29    75    80    92
68    55    76    100   16    25    4     63    77    83;
set c[25,14] := 14 26 50 30 40 52 31 79 13 58 8 35 60 73 87 93 99;
set c[25,82] := 82 78 20 44 94 95 3 51 54 53 32;
set c[25,22] := 22 28;
set c[25,11] := 11 12;
set c[25,34] := 34 86;
set c[25,74] := 74 97 66;
set c[25,45] := 45;
set c[25,1] := 1;
set c[25,85] := 85;
set c[25,48] := 48;
set c[25,61] := 61;
set c[25,7] := 7;
set c[25,6] := 6;
set c[25,38] := 38;
set c[25,84] := 84;
set c[25,17] := 17;
set c[25,19] := 19;
set c[25,69] := 69;
set c[25,46] := 46;
set c[25,43] := 43;
set c[25,23] := 23;
set c[25,39] := 39;
set c[25,21] := 21;
set c[25,47] := 47;
set c[25,33] := 33;
set c[25,98] := 98;
set c[25,59] := 59;
set c[25,36] := 36;
set c[25,9] := 9;
set c[25,27] := 27;
set c[25,41] := 41;
set c[25,5] := 5;
set c[25,24] := 24;
set c[25,81] := 81;
set c[25,88] := 88;
set c[25,91] := 91;
set c[25,67] := 67;
set c[25,90] := 90;
set c[25,42] := 42;
set c[25,49] := 49;
set c[25,71] := 71;
set c[25,72] := 72;
set c[25,89] := 89;
set c[25,37] := 37;
set c[25,18] := 18;
set c[25,2] := 2;
set c[25,64] := 64;
set c[25,15] := 15;
set c[26,65] :=
65    68    55    96    62    57    70    29    75    80    92
56    10    76    100   16    25    4     63    77    83;
set c[26,60] := 60 14 26 50 30 40 52 31 79 13 58 8 35 73 87 93 99;
set c[26,94] := 94 82 78 20 44 95 3 51 54 53 32;
set c[26,22] := 22 28;
set c[26,11] := 11 12;
set c[26,34] := 34 86;
set c[26,74] := 74 97 66;
set c[26,45] := 45;
set c[26,1] := 1;
set c[26,85] := 85;
set c[26,48] := 48;
set c[26,61] := 61;
set c[26,7] := 7;
set c[26,6] := 6;
set c[26,38] := 38;
set c[26,84] := 84;
set c[26,17] := 17;
set c[26,19] := 19;
set c[26,69] := 69;
set c[26,46] := 46;
set c[26,43] := 43;
set c[26,23] := 23;
set c[26,39] := 39;
set c[26,21] := 21;
set c[26,47] := 47;
set c[26,33] := 33;
set c[26,98] := 98;
set c[26,59] := 59;
set c[26,36] := 36;
set c[26,9] := 9;
set c[26,27] := 27;
set c[26,41] := 41;
set c[26,5] := 5;
set c[26,24] := 24;
set c[26,81] := 81;
set c[26,88] := 88;
set c[26,91] := 91;
set c[26,67] := 67;
set c[26,90] := 90;
set c[26,42] := 42;
set c[26,49] := 49;
set c[26,71] := 71;
set c[26,72] := 72;
set c[26,89] := 89;
set c[26,37] := 37;
set c[26,18] := 18;
set c[26,2] := 2;
set c[26,64] := 64;
set c[26,15] := 15;
set c[27,77] :=
77    56    10    76    100   16    25    4     63    80    92
65    68    55    96    62    57    70    29    75    83;
set c[27,60] := 60 14 26 50 30 40 52 31 79 13 58 8 35 73 87 93 99;
set c[27,94] := 94 82 78 20 44 95 3 51 54 53 32;
set c[27,22] := 22 28;
set c[27,11] := 11 12;
set c[27,34] := 34 86;
set c[27,66] := 66 74 97;
set c[27,45] := 45;
set c[27,1] := 1;
set c[27,85] := 85;
set c[27,48] := 48;
set c[27,61] := 61;
set c[27,7] := 7;
set c[27,6] := 6;
set c[27,38] := 38;
set c[27,84] := 84;
set c[27,17] := 17;
set c[27,19] := 19;
set c[27,69] := 69;
set c[27,46] := 46;
set c[27,43] := 43;
set c[27,23] := 23;
set c[27,39] := 39;
set c[27,21] := 21;
set c[27,47] := 47;
set c[27,33] := 33;
set c[27,98] := 98;
set c[27,59] := 59;
set c[27,36] := 36;
set c[27,9] := 9;
set c[27,27] := 27;
set c[27,41] := 41;
set c[27,5] := 5;
set c[27,24] := 24;
set c[27,81] := 81;
set c[27,88] := 88;
set c[27,91] := 91;
set c[27,67] := 67;
set c[27,90] := 90;
set c[27,42] := 42;
set c[27,49] := 49;
set c[27,71] := 71;
set c[27,72] := 72;
set c[27,89] := 89;
set c[27,37] := 37;
set c[27,18] := 18;
set c[27,2] := 2;
set c[27,64] := 64;
set c[27,15] := 15;
set c[28,62] :=
62    65    68    55    96    16    25    4     63    80    92
77    56    10    76    100   57    70    29    75    83;
set c[28,58] := 58 60 14 26 50 30 40 52 31 79 13 8 35 73 87 93 99;
set c[28,94] := 94 82 78 20 44 95 3 51 54 53 32;
set c[28,22] := 22 28;
set c[28,11] := 11 12;
set c[28,34] := 34 86;
set c[28,97] := 97 66 74;
set c[28,45] := 45;
set c[28,1] := 1;
set c[28,85] := 85;
set c[28,48] := 48;
set c[28,61] := 61;
set c[28,7] := 7;
set c[28,6] := 6;
set c[28,38] := 38;
set c[28,84] := 84;
set c[28,17] := 17;
set c[28,19] := 19;
set c[28,69] := 69;
set c[28,46] := 46;
set c[28,43] := 43;
set c[28,23] := 23;
set c[28,39] := 39;
set c[28,21] := 21;
set c[28,47] := 47;
set c[28,33] := 33;
set c[28,98] := 98;
set c[28,59] := 59;
set c[28,36] := 36;
set c[28,9] := 9;
set c[28,27] := 27;
set c[28,41] := 41;
set c[28,5] := 5;
set c[28,24] := 24;
set c[28,81] := 81;
set c[28,88] := 88;
set c[28,91] := 91;
set c[28,67] := 67;
set c[28,90] := 90;
set c[28,42] := 42;
set c[28,49] := 49;
set c[28,71] := 71;
set c[28,72] := 72;
set c[28,89] := 89;
set c[28,37] := 37;
set c[28,18] := 18;
set c[28,2] := 2;
set c[28,64] := 64;
set c[28,15] := 15;
set c[29,76] :=
76    77    56    10    96    16    25    4     63    80    92
62    65    68    55    100   57    70    29    75    83;
set c[29,58] := 58 60 14 26 50 30 40 52 31 79 13 8 35 73 87 93 99;
set c[29,94] := 94 82 78 20 44 95 3 51 54 53 32;
set c[29,22] := 22 28;
set c[29,11] := 11 12;
set c[29,34] := 34 86;
set c[29,97] := 97 66 74;
set c[29,45] := 45;
set c[29,1] := 1;
set c[29,85] := 85;
set c[29,48] := 48;
set c[29,61] := 61;
set c[29,7] := 7;
set c[29,6] := 6;
set c[29,38] := 38;
set c[29,84] := 84;
set c[29,17] := 17;
set c[29,19] := 19;
set c[29,69] := 69;
set c[29,46] := 46;
set c[29,43] := 43;
set c[29,23] := 23;
set c[29,39] := 39;
set c[29,21] := 21;
set c[29,47] := 47;
set c[29,33] := 33;
set c[29,98] := 98;
set c[29,59] := 59;
set c[29,36] := 36;
set c[29,9] := 9;
set c[29,27] := 27;
set c[29,41] := 41;
set c[29,5] := 5;
set c[29,24] := 24;
set c[29,81] := 81;
set c[29,88] := 88;
set c[29,91] := 91;
set c[29,67] := 67;
set c[29,90] := 90;
set c[29,42] := 42;
set c[29,49] := 49;
set c[29,71] := 71;
set c[29,72] := 72;
set c[29,89] := 89;
set c[29,37] := 37;
set c[29,18] := 18;
set c[29,2] := 2;
set c[29,64] := 64;
set c[29,15] := 15;
set c[30,65] := 65;
set c[30,56] := 56;
set c[30,25] := 25;
set c[30,92] := 92;
set c[30,57] := 57;
set c[30,4] := 4;
set c[30,63] := 63 55;
set c[30,76] := 76;
set c[30,75] := 75;
set c[30,100] := 100;
set c[30,70] := 70;
set c[30,96] := 96;
set c[30,16] := 16;
set c[30,10] := 10;
set c[30,77] := 77;
set c[30,83] := 83;
set c[30,29] := 29;
set c[30,62] := 62;
set c[30,80] := 80 68;
set c[30,50] := 50 58 60 14 26 30 40 52 31 79 13 8 35 73 87 93 99;
set c[30,20] := 20 94 82 78 44 95 3 51 54 53 32;
set c[30,22] := 22 28;
set c[30,11] := 11 12;
set c[30,34] := 34 86;
set c[30,97] := 97 66 74;
set c[30,45] := 45;
set c[30,1] := 1;
set c[30,85] := 85;
set c[30,48] := 48;
set c[30,61] := 61;
set c[30,7] := 7;
set c[30,6] := 6;
set c[30,38] := 38;
set c[30,84] := 84;
set c[30,17] := 17;
set c[30,19] := 19;
set c[30,69] := 69;
set c[30,46] := 46;
set c[30,43] := 43;
set c[30,23] := 23;
set c[30,39] := 39;
set c[30,21] := 21;
set c[30,47] := 47;
set c[30,33] := 33;
set c[30,98] := 98;
set c[30,59] := 59;
set c[30,36] := 36;
set c[30,9] := 9;
set c[30,27] := 27;
set c[30,41] := 41;
set c[30,5] := 5;
set c[30,24] := 24;
set c[30,81] := 81;
set c[30,88] := 88;
set c[30,91] := 91;
set c[30,67] := 67;
set c[30,90] := 90;
set c[30,42] := 42;
set c[30,49] := 49;
set c[30,71] := 71;
set c[30,72] := 72;
set c[30,89] := 89;
set c[30,37] := 37;
set c[30,18] := 18;
set c[30,2] := 2;
set c[30,64] := 64;
set c[30,15] := 15;

