#erel:= 0.800;
#emax:= 1046.010;
#q:= 0.000;
#nesce:=    54;
#etime:= 1.196;
#snodes:=  1313;
param nS:=   100;
param nSG:=    30;
param nRVSG :=
 1 24    4 24    7  2   10  2   13  2   16  2   19  2   22  2   25  2   28  2
 2 24    5  2    8  2   11  2   14  2   17  2   20  2   23  2   26  2   29  2
 3 24    6  2    9  2   12  2   15 12   18  2   21  2   24  2   27  2   30 24
;

param ScenF :=
  1 121.99        46   0           91 154.414      136   0.6267
  2 131.786       47   0           92 148.872      137   0.434299
  3 117.391       48   0           93 150.378      138   0.5019
  4 110.227       49 128.125       94 145.981      139   0.462214
  5 114.077       50 132.488       95 138.647      140   0.2859
  6 113.029       51 122.359       96 125.496      141   0.490954
  7 116.112       52 113.656       97   0.370729   142   0.0052
  8 134.421       53 116.537       98   0          143   0.515255
  9 142.066       54 120.852       99   0.375238   144   0
 10 142.642       55 131.218      100   0          145   0.51711
 11 135.275       56 155.063      101   0.350723   146   0
 12 114.132       57 163.358      102   0          147   0.507505
 13 108.206       58 150.685      103   0.276994   148   0
 14 103.149       59 126.063      104   0          149   0.48459
 15 104.158       60 104.152      105   0.229238   150   0
 16 110.289       61 101.141      106   0          151   0.465035
 17 127.553       62 106.074      107   0.187512   152   0
 18 154.223       63 107.645      108   0          153   0.433092
 19 164.927       64 107.898      109   0.153299   154   0
 20 154.957       65 129.97       110   0          155   0.390033
 21 144.482       66 165.877      111   0.137849   156   0
 22 155.183       67 165.734      112   0.0039     157   5.43427
 23 145.918       68 142.372      113   0.126934   158   6.20611
 24 131.138       69 150.416      114   0.0829     159   7.07352
 25  33.3068      70 163.147      115   0.118905   160   5.20795
 26  30.4821      71 154.133      116   0.4171     161   2.80499
 27  33.0523      72 136.102      117 114.441      162   7.9561
 28  34.6056      73 102.068      118 122.286      163   8.58144
 29  34.8614      74 119.672      119 120.284      164   3.02381
 30  36.6248      75 109.369      120 136.179      165   3.91633
 31  35.1147      76  96.4266     121 134.877      166  14.5804
 32  57.9464      77  94.0671     122 171.132      167   0
 33  26.7006      78 105.808      123 167.761      168  59.4709
 34   2.4386      79 119.381      124 173.417      169 116.3
 35  22.8894      80 132.767      125 173.206      170   0
 36  17.8037      81 151.554      126 192.323      171   0
 37  16.3381      82 122.828      127 165.543      172   0
 38  27.5721      83 107.101      128 152.945      173  60.0398
 39  30.6454      84 103.44       129   0.157067   174   0.123842
 40  63.6918      85  98.4031     130   0.6107     175  27.7401
 41  44.9102      86 108.865      131   0.241372   176   2.25793
 42  56.0036      87 109.307      132   0.6875     177   1.63293
 43  16.3089      88 109.135      133   0.323945   178   3.05598
 44   0           89 115.432      134   0.6854     179   3.86702
 45   0           90 146.597      135   0.387642   180   3.71991
;

param ScenO :=
  1 129           46  14.52        91 145.85       136   0.292
  2 117.19        47  26.04        92 140.67       137   0.898
  3 100.8         48  60.28        93 140.25       138   0.292
  4  94.99        49 122.41        94 137.48       139   0.868
  5  92.53        50 112.19        95 125.26       140   0.17
  6  91.21        51  91.8         96 120          141   0.853
  7 100           52  92.99        97   0.478      142   0.007
  8 110.03        53  89.53        98   0          143   0.83
  9 125.07        54  88.26        99   0.575      144   0
 10 120.73        55  95          100   0          145   0.802
 11 111.07        56 106.53       101   0.642      146   0
 12 105.67        57 121.06       102   0          147   0.739
 13  94           58 117.97       103   0.669      148   0
 14 100.7         59 108.18       104   0          149   0.655
 15 100.83        60 103.18       105   0.69       150   0
 16 112           61  94          106   0          151   0.596
 17 129.22        62 100.7        107   0.675      152   0
 18 143.2         63 100.83       108   0          153   0.55
 19 146.85        64 112          109   0.725      154   0
 20 143.67        65 124.24       110   0          155   0.51
 21 144.24        66 143.2        111   0.777      156   0
 22 142.48        67 146.79       112   0.011      157   4.20333
 23 137.26        68 141.27       113   0.8        158   3.29431
 24 129.35        69 141.25       114   0.109      159   3.65794
 25  40           70 137.73       115   0.837      160   3.63859
 26  47.84        71 134.55       116   0.209      161   0.865125
 27  39.6         72 126.86       117  89          162   3.5984
 28  50.16        73 110          118  85.3        163   2.0755
 29  48.92        74  75.18       119  88.68       164   4.59657
 30  46.2         75  74.3        120  95          165   4.22619
 31  38.4         76  75.99       121 118.34       166   3.92007
 32  40           77  75.18       122 139.28       167   3.9196
 33 221.2         78  75.18       123 147.34       168   4.43882
 34 481.76        79  75.18       124 143.67       169   4.73138
 35  60           80  96.8        125 144.74       170   4.35482
 36  29.28        81 118          126 144.7        171   5.90548
 37  26.8         82 119.78       127 122.26       172   5.05634
 38  28.12        83 110.05       128 126.35       173   4.96889
 39  26           84 104.67       129   0.897      174   4.38952
 40  52.88        85  96.99       130   0.318      175   4.1889
 41  97.76        86  97.73       131   0.917      176   3.66277
 42 104.76        87  99.83       132   0.307      177   3.78487
 43  18.36        88 107.1        133   0.926      178   3.82903
 44  20           89 120.72       134   0.285      179   4.04597
 45  20           90 140.2        135   0.921      180   2.59954
;

param Scen0 (tr)
 :    1	    2	    3	    4	    5	    6	    7	    8	    9	   10	   11	   12	   13	   14	   15	   16	   17	   18	   19	   20	   21	   22	   23	   24	   25	   26	   27	   28	   29	   30	   31	   32	   33	   34	   35	   36	   37	   38	   39	   40	   41	   42	   43	   44	   45	   46	   47	   48	   49	   50	   51	   52	   53	   54	   55	   56	   57	   58	   59	   60	   61	   62	   63	   64	   65	   66	   67	   68	   69	   70	   71	   72	   73	   74	   75	   76	   77	   78	   79	   80	   81	   82	   83	   84	   85	   86	   87	   88	   89	   90	   91	   92	   93	   94	   95	   96	   97	   98	   99	  100	  101	  102	  103	  104	  105	  106	  107	  108	  109	  110	  111	  112	  113	  114	  115	  116	  117	  118	  119	  120	  121	  122	  123	  124	  125	  126	  127	  128	  129	  130	  131	  132	  133	  134	  135	  136	  137	  138	  139	  140	  141	  142	  143	  144	  145	  146	  147	  148	  149	  150	  151	  152	  153	  154	  155	  156	  157	  158	  159	  160	  161	  162	  163	  164	  165	  166	  167	  168	  169	  170	  171	  172	  173	  174	  175	  176	  177	  178	  179	  180	:=
    1	129.000000	117.190000	100.800000	94.990000	92.530000	91.210000	100.000000	110.030000	125.070000	120.730000	111.070000	105.670000	94.000000	100.700000	100.830000	112.000000	129.220000	143.200000	146.850000	143.670000	144.240000	142.480000	137.260000	129.350000	40.000000	47.840000	39.600000	50.160000	48.920000	46.200000	38.400000	40.000000	221.200000	481.760000	60.000000	29.280000	26.800000	28.120000	26.000000	52.880000	97.760000	104.760000	18.360000	20.000000	20.000000	14.520000	26.040000	60.280000	122.410000	127.238000	116.466000	107.030000	101.087000	110.471000	120.675000	157.295000	166.009000	147.144000	125.384000	101.029000	96.988500	106.005000	100.474000	104.950000	121.425000	167.030000	159.525000	158.057000	162.032000	183.896000	156.157000	141.739000	110.000000	119.333000	104.829000	98.601300	100.904000	108.770000	125.422000	152.296000	168.586000	142.187000	137.657000	123.685000	135.049000	134.614000	139.659000	137.681000	136.904000	168.437000	170.667000	176.057000	170.045000	179.241000	153.777000	141.521000	0.478000	0.000000	0.525011	0.000000	0.594937	0.000000	0.558729	0.000000	0.533926	0.000000	0.493445	0.000000	0.463808	0.000000	0.471322	0.007000	0.412908	0.108200	0.353251	0.460500	89.000000	108.255000	107.790000	125.423000	136.522000	169.548000	175.199000	171.890000	197.220000	218.632000	178.975000	158.455000	0.363808	0.529500	0.420632	1.353500	0.478802	1.361400	0.531694	1.050100	0.599569	0.615200	0.644459	0.539500	0.641289	0.009400	0.454225	0.000000	0.485307	0.000000	0.480676	0.000000	0.446746	0.000000	0.420684	0.000000	0.386000	0.000000	0.346105	0.000000	4.203330	6.243350	6.986780	4.972350	2.645850	7.709220	8.082690	3.149000	3.718790	13.446800	23.318300	63.531400	120.149000	119.371000	5.936010	4.059500	51.521700	0.782392	55.876900	2.057690	1.920990	3.182990	4.071130	3.838650	
    2	129.000000	117.190000	100.800000	94.990000	92.530000	91.210000	100.000000	110.030000	125.070000	120.730000	111.070000	105.670000	94.000000	100.700000	100.830000	112.000000	129.220000	143.200000	146.850000	143.670000	144.240000	142.480000	137.260000	129.350000	40.000000	47.840000	39.600000	50.160000	48.920000	46.200000	38.400000	40.000000	221.200000	481.760000	60.000000	29.280000	26.800000	28.120000	26.000000	52.880000	97.760000	104.760000	18.360000	20.000000	20.000000	14.520000	26.040000	60.280000	122.410000	134.280000	125.380000	121.663000	123.056000	127.610000	135.579000	161.246000	164.915000	141.721000	123.716000	102.831000	90.732300	100.075000	102.048000	102.340000	129.465000	147.402000	169.399000	150.868000	155.702000	166.739000	151.162000	138.199000	110.000000	125.291000	120.952000	114.806000	111.860000	105.077000	123.307000	128.079000	147.945000	127.910000	135.950000	100.181000	94.898000	106.034000	95.277000	103.917000	127.794000	149.880000	153.224000	156.690000	153.984000	139.760000	143.200000	135.125000	0.478000	0.000000	0.351202	0.000000	0.308377	0.000000	0.243500	0.000000	0.223021	0.000000	0.199258	0.000000	0.164440	0.000000	0.142242	0.002500	0.163820	0.064800	0.000000	0.486100	89.000000	120.909000	119.758000	137.185000	138.319000	170.341000	192.860000	170.843000	173.530000	182.757000	165.995000	167.414000	0.195856	0.680500	0.185364	0.826000	0.397571	0.721300	0.425329	0.555800	0.417555	0.385200	0.473243	0.291500	0.533218	0.005900	0.572799	0.000000	0.593000	0.000000	0.583285	0.000000	0.570027	0.000000	0.540960	0.000000	0.513017	0.000000	0.470762	0.000000	4.203330	5.702150	6.443910	5.724460	3.906490	6.753580	7.302470	2.992840	3.912120	14.275400	28.585100	55.237700	113.025000	165.135000	5.517910	12.363300	52.435700	0.556682	20.388200	2.649410	1.904930	3.119250	3.777740	3.687600	
    3	129.000000	117.190000	100.800000	94.990000	92.530000	91.210000	100.000000	110.030000	125.070000	120.730000	111.070000	105.670000	94.000000	100.700000	100.830000	112.000000	129.220000	143.200000	146.850000	143.670000	144.240000	142.480000	137.260000	129.350000	40.000000	47.840000	39.600000	50.160000	48.920000	46.200000	38.400000	40.000000	221.200000	481.760000	60.000000	29.280000	26.800000	28.120000	26.000000	52.880000	97.760000	104.760000	18.360000	20.000000	20.000000	14.520000	26.040000	60.280000	122.410000	135.453000	129.386000	119.532000	120.312000	127.358000	138.124000	161.620000	161.861000	146.287000	117.438000	97.310700	94.433300	94.652100	89.739500	100.108000	122.775000	137.398000	175.521000	159.099000	156.992000	173.529000	153.008000	149.139000	110.000000	120.635000	101.164000	90.547100	99.807100	102.643000	122.975000	147.442000	132.336000	131.345000	121.193000	102.283000	112.674000	106.818000	105.717000	106.571000	110.181000	136.276000	151.717000	167.813000	173.393000	154.230000	134.044000	130.174000	0.478000	0.000000	0.369992	0.000000	0.331981	0.000000	0.258937	0.000000	0.198724	0.000000	0.093854	0.000000	0.023282	0.000000	0.000000	0.001900	0.000000	0.033000	0.000000	0.293000	89.000000	124.610000	122.521000	134.472000	137.399000	172.504000	154.536000	167.388000	186.207000	217.384000	171.344000	167.414000	0.000000	0.690400	0.000000	0.709500	0.068182	0.796500	0.159460	0.422400	0.252757	0.342200	0.340870	0.192400	0.445326	0.003200	0.516820	0.000000	0.536369	0.000000	0.517387	0.000000	0.441633	0.000000	0.378653	0.000000	0.338035	0.000000	0.281150	0.000000	4.203330	5.769150	7.357530	4.866030	1.738940	7.681770	7.876240	2.902650	3.600390	14.581100	20.467200	62.418700	114.845000	115.230000	12.744700	0.000000	56.214700	0.000000	5.930490	2.037100	1.949620	3.043640	3.769460	3.586500	
    4	129.000000	117.190000	100.800000	94.990000	92.530000	91.210000	100.000000	110.030000	125.070000	120.730000	111.070000	105.670000	94.000000	100.700000	100.830000	112.000000	129.220000	143.200000	146.850000	143.670000	144.240000	142.480000	137.260000	129.350000	40.000000	47.840000	39.600000	50.160000	48.920000	46.200000	38.400000	40.000000	221.200000	481.760000	60.000000	29.280000	26.800000	28.120000	26.000000	52.880000	97.760000	104.760000	18.360000	20.000000	20.000000	14.520000	26.040000	60.280000	122.410000	130.078000	114.009000	114.964000	117.110000	120.695000	129.599000	155.964000	158.140000	140.762000	135.225000	104.192000	95.815600	107.729000	105.620000	108.237000	130.619000	136.371000	164.564000	155.670000	149.956000	173.649000	154.492000	126.778000	110.000000	121.826000	110.406000	103.917000	102.972000	110.374000	122.738000	141.653000	140.314000	110.275000	95.635600	80.529100	83.509200	92.686800	100.631000	102.635000	78.921900	111.659000	144.219000	136.750000	129.769000	139.452000	117.646000	91.771800	0.478000	0.000000	0.380359	0.000000	0.354083	0.000000	0.270703	0.000000	0.229050	0.000000	0.194488	0.000000	0.150999	0.000000	0.129553	0.003700	0.084348	0.043300	0.058003	0.330900	89.000000	122.657000	145.534000	138.698000	160.688000	192.456000	192.668000	184.103000	167.405000	172.321000	158.541000	153.668000	0.018416	0.656100	0.237096	0.853100	0.324541	1.002900	0.383619	0.964200	0.432777	0.301800	0.486808	0.177200	0.689923	0.003500	0.746092	0.000000	0.717393	0.000000	0.663469	0.000000	0.598521	0.000000	0.569983	0.000000	0.497598	0.000000	0.473304	0.000000	4.203330	6.266010	7.800360	4.903830	2.632460	8.314220	8.846410	3.312680	3.859940	15.644300	9.594190	66.874500	128.340000	91.889700	23.886100	8.509130	32.535200	0.000000	14.145800	2.212670	2.029720	3.123630	3.684460	5.036180	
    5	129.000000	117.190000	100.800000	94.990000	92.530000	91.210000	100.000000	110.030000	125.070000	120.730000	111.070000	105.670000	94.000000	100.700000	100.830000	112.000000	129.220000	143.200000	146.850000	143.670000	144.240000	142.480000	137.260000	129.350000	40.000000	47.840000	39.600000	50.160000	48.920000	46.200000	38.400000	40.000000	221.200000	481.760000	60.000000	29.280000	26.800000	28.120000	26.000000	52.880000	97.760000	104.760000	18.360000	20.000000	20.000000	14.520000	26.040000	60.280000	122.410000	126.604000	115.732000	111.397000	117.103000	125.316000	139.177000	156.783000	167.882000	147.605000	126.946000	109.189000	109.448000	112.217000	111.298000	105.402000	124.589000	175.296000	165.085000	159.657000	158.429000	168.976000	162.279000	145.373000	110.000000	131.074000	118.661000	108.999000	103.814000	118.632000	127.103000	150.338000	155.333000	132.636000	110.386000	108.816000	104.318000	108.886000	109.186000	112.019000	128.731000	154.132000	161.534000	150.350000	165.787000	159.019000	133.517000	125.472000	0.478000	0.000000	0.363235	0.000000	0.346877	0.000000	0.294180	0.000000	0.251079	0.000000	0.163099	0.000000	0.215133	0.000000	0.194314	0.002800	0.217083	0.104900	0.210074	0.430400	89.000000	134.887000	145.534000	138.698000	160.688000	192.456000	192.668000	184.103000	167.405000	172.321000	156.616000	152.723000	0.222255	0.628500	0.357530	0.749900	0.506259	0.643400	0.564641	0.703200	0.586252	0.545800	0.514341	0.293400	0.539899	0.004600	0.585045	0.000000	0.605955	0.000000	0.589150	0.000000	0.540273	0.000000	0.523688	0.000000	0.537667	0.000000	0.524260	0.000000	4.203330	6.466040	7.013620	5.108020	2.405090	7.823410	7.499050	3.031040	4.148110	14.676100	0.000000	57.768200	110.697000	82.248900	13.974800	1.133510	59.312600	0.010013	26.139600	2.081180	1.633780	2.965190	3.970270	3.350100	
    6	129.000000	117.190000	100.800000	94.990000	92.530000	91.210000	100.000000	110.030000	125.070000	120.730000	111.070000	105.670000	94.000000	100.700000	100.830000	112.000000	129.220000	143.200000	146.850000	143.670000	144.240000	142.480000	137.260000	129.350000	40.000000	47.840000	39.600000	50.160000	48.920000	46.200000	38.400000	40.000000	221.200000	481.760000	60.000000	29.280000	26.800000	28.120000	26.000000	52.880000	97.760000	104.760000	18.360000	20.000000	20.000000	14.520000	26.040000	60.280000	122.410000	128.152000	119.680000	113.264000	118.353000	117.328000	135.693000	155.058000	156.369000	143.373000	133.230000	116.601000	110.147000	110.660000	120.820000	115.743000	144.943000	167.692000	173.249000	163.523000	131.933000	151.632000	147.109000	138.846000	110.000000	124.539000	111.157000	103.989000	105.567000	109.204000	126.207000	138.774000	145.059000	137.414000	112.849000	113.217000	107.928000	118.489000	136.302000	120.308000	127.915000	150.631000	156.050000	165.615000	143.126000	141.473000	137.043000	131.359000	0.478000	0.000000	0.286045	0.000000	0.354804	0.000000	0.269288	0.000000	0.203720	0.000000	0.156760	0.000000	0.120994	0.000000	0.123241	0.003300	0.126279	0.077100	0.125404	0.476000	89.000000	130.944000	120.216000	138.978000	148.465000	169.856000	169.238000	168.515000	166.390000	182.850000	169.286000	161.079000	0.146373	0.909600	0.182400	0.848500	0.225007	0.789100	0.284372	1.144200	0.322831	0.841800	0.357235	0.404000	0.396783	0.005400	0.450814	0.000000	0.521272	0.000000	0.507158	0.000000	0.434490	0.000000	0.386483	0.000000	0.349035	0.000000	0.334511	0.000000	4.203330	5.951160	7.056110	5.118410	2.798070	6.510850	7.916770	3.006050	3.799540	13.184500	23.268200	55.058100	111.437000	224.062000	16.132600	17.138900	45.194900	1.151370	32.122600	1.877110	1.884870	2.938500	3.570870	3.224840	
    7	129.000000	117.190000	100.800000	94.990000	92.530000	91.210000	100.000000	110.030000	125.070000	120.730000	111.070000	105.670000	94.000000	100.700000	100.830000	112.000000	129.220000	143.200000	146.850000	143.670000	144.240000	142.480000	137.260000	129.350000	40.000000	47.840000	39.600000	50.160000	48.920000	46.200000	38.400000	40.000000	221.200000	481.760000	60.000000	29.280000	26.800000	28.120000	26.000000	52.880000	97.760000	104.760000	18.360000	20.000000	20.000000	14.520000	26.040000	60.280000	122.410000	135.453000	129.386000	119.532000	120.312000	127.358000	138.124000	161.620000	161.861000	146.287000	117.438000	97.310700	94.433300	94.652100	89.739500	100.108000	122.775000	137.398000	175.521000	159.099000	156.992000	173.529000	153.008000	149.139000	110.000000	120.635000	101.164000	90.547100	99.807100	102.643000	122.975000	147.442000	132.336000	131.345000	121.193000	102.283000	112.674000	106.818000	105.717000	106.571000	110.181000	136.276000	151.717000	167.813000	173.393000	154.230000	134.044000	130.174000	0.478000	0.000000	0.335667	0.000000	0.285979	0.000000	0.188797	0.000000	0.127239	0.000000	0.072929	0.000000	0.026087	0.000000	0.010403	0.003900	0.000000	0.103500	0.000000	0.800000	89.000000	120.601000	120.216000	138.978000	148.465000	169.856000	169.238000	168.515000	166.390000	182.850000	169.286000	153.243000	0.000000	0.947500	0.000000	0.800700	0.068182	0.508200	0.159460	0.307000	0.252757	0.256400	0.340870	0.230000	0.451062	0.005500	0.490921	0.000000	0.537566	0.000000	0.534242	0.000000	0.476261	0.000000	0.427615	0.000000	0.368766	0.000000	0.319424	0.000000	4.203330	6.026190	7.194790	5.688310	3.267410	7.681770	7.876240	2.902650	3.600390	14.581100	20.467200	62.418700	114.845000	115.230000	12.744700	0.000000	63.314500	0.000000	26.094100	1.961940	1.615060	3.099620	3.830450	3.923590	
    8	129.000000	117.190000	100.800000	94.990000	92.530000	91.210000	100.000000	110.030000	125.070000	120.730000	111.070000	105.670000	94.000000	100.700000	100.830000	112.000000	129.220000	143.200000	146.850000	143.670000	144.240000	142.480000	137.260000	129.350000	40.000000	47.840000	39.600000	50.160000	48.920000	46.200000	38.400000	40.000000	221.200000	481.760000	60.000000	29.280000	26.800000	28.120000	26.000000	52.880000	97.760000	104.760000	18.360000	20.000000	20.000000	14.520000	26.040000	60.280000	122.410000	126.604000	115.732000	111.397000	117.103000	125.316000	139.177000	156.783000	167.882000	147.605000	126.946000	109.189000	109.448000	112.217000	111.298000	105.402000	124.589000	175.296000	165.085000	159.657000	158.429000	168.976000	162.279000	145.373000	110.000000	131.074000	118.661000	108.999000	103.814000	118.632000	127.103000	150.338000	155.333000	132.636000	110.386000	108.816000	104.318000	108.886000	109.186000	112.019000	128.731000	154.132000	161.534000	150.350000	165.787000	159.019000	133.517000	125.472000	0.478000	0.000000	0.363235	0.000000	0.346877	0.000000	0.294180	0.000000	0.251079	0.000000	0.142853	0.000000	0.042157	0.000000	0.050408	0.003000	0.070509	0.153600	0.010503	0.577200	89.000000	113.217000	109.827000	118.037000	146.591000	172.468000	142.280000	160.626000	171.485000	174.773000	163.812000	153.366000	0.108956	0.625700	0.171906	0.696100	0.263897	0.897500	0.333666	0.682000	0.432946	0.491700	0.400826	0.341700	0.433368	0.005900	0.495662	0.000000	0.511451	0.000000	0.473708	0.000000	0.453983	0.000000	0.449699	0.000000	0.420884	0.000000	0.416391	0.000000	4.203330	6.867940	8.006200	5.886260	3.085430	7.441440	8.910980	3.180650	4.076190	14.292000	14.504800	62.497300	114.774000	102.032000	3.725370	0.000000	66.184900	0.000000	38.322400	1.914650	1.912970	3.186230	3.872100	3.812900	
    9	129.000000	117.190000	100.800000	94.990000	92.530000	91.210000	100.000000	110.030000	125.070000	120.730000	111.070000	105.670000	94.000000	100.700000	100.830000	112.000000	129.220000	143.200000	146.850000	143.670000	144.240000	142.480000	137.260000	129.350000	40.000000	47.840000	39.600000	50.160000	48.920000	46.200000	38.400000	40.000000	221.200000	481.760000	60.000000	29.280000	26.800000	28.120000	26.000000	52.880000	97.760000	104.760000	18.360000	20.000000	20.000000	14.520000	26.040000	60.280000	122.410000	126.604000	115.732000	111.397000	117.103000	125.316000	139.177000	156.783000	167.882000	147.605000	126.946000	109.189000	109.448000	112.217000	111.298000	105.402000	124.589000	175.296000	165.085000	159.657000	158.429000	168.976000	162.279000	145.373000	110.000000	131.074000	118.661000	108.999000	103.814000	118.632000	127.103000	150.338000	155.333000	132.636000	110.386000	108.816000	104.318000	108.886000	109.186000	112.019000	128.731000	154.132000	161.534000	150.350000	165.787000	159.019000	133.517000	125.472000	0.478000	0.000000	0.363235	0.000000	0.346877	0.000000	0.294180	0.000000	0.251079	0.000000	0.142853	0.000000	0.042157	0.000000	0.050408	0.003000	0.070509	0.153600	0.010503	0.577200	89.000000	113.217000	109.827000	118.037000	146.591000	172.468000	142.280000	160.626000	171.485000	174.773000	163.812000	153.366000	0.108956	0.625700	0.171906	0.696100	0.263897	0.897500	0.333666	0.682000	0.432946	0.491700	0.400826	0.341700	0.433368	0.005900	0.495662	0.000000	0.511451	0.000000	0.473708	0.000000	0.453983	0.000000	0.449699	0.000000	0.420884	0.000000	0.416391	0.000000	4.203330	6.472900	7.005920	5.248640	2.557790	8.405230	8.717650	2.949560	3.996700	13.685100	27.941600	50.395000	101.183000	268.677000	16.451700	11.205500	53.709000	0.620426	21.593800	2.396050	1.976500	3.126370	3.662920	3.560660	
   10	129.000000	117.190000	100.800000	94.990000	92.530000	91.210000	100.000000	110.030000	125.070000	120.730000	111.070000	105.670000	94.000000	100.700000	100.830000	112.000000	129.220000	143.200000	146.850000	143.670000	144.240000	142.480000	137.260000	129.350000	40.000000	47.840000	39.600000	50.160000	48.920000	46.200000	38.400000	40.000000	221.200000	481.760000	60.000000	29.280000	26.800000	28.120000	26.000000	52.880000	97.760000	104.760000	18.360000	20.000000	20.000000	14.520000	26.040000	60.280000	122.410000	135.453000	129.386000	119.532000	120.312000	127.358000	138.124000	161.620000	161.861000	146.287000	117.438000	97.310700	94.433300	94.652100	89.739500	100.108000	122.775000	137.398000	175.521000	159.099000	156.992000	173.529000	153.008000	149.139000	110.000000	120.635000	101.164000	90.547100	99.807100	102.643000	122.975000	147.442000	132.336000	131.345000	121.193000	102.283000	112.674000	106.818000	105.717000	106.571000	110.181000	136.276000	151.717000	167.813000	173.393000	154.230000	134.044000	130.174000	0.478000	0.000000	0.347957	0.000000	0.345943	0.000000	0.315382	0.000000	0.283367	0.000000	0.226378	0.000000	0.211748	0.000000	0.205478	0.002600	0.211526	0.056800	0.235013	0.359700	89.000000	86.397900	80.663400	104.329000	109.844000	140.675000	133.779000	167.467000	160.493000	177.701000	166.174000	159.659000	0.283506	0.691800	0.367450	0.921800	0.462515	1.233600	0.530991	0.865000	0.568289	0.914400	0.578232	0.442000	0.589603	0.006300	0.583864	0.000000	0.555088	0.000000	0.519307	0.000000	0.508304	0.000000	0.503023	0.000000	0.480612	0.000000	0.443161	0.000000	4.203330	6.419750	7.663580	5.724440	3.441220	5.834760	7.751320	2.866430	3.513580	14.463500	24.859300	54.657300	98.564400	176.491000	22.648500	5.274190	46.015900	0.000000	30.562500	1.813120	1.926900	2.999750	3.614420	3.529210	
   11	129.000000	117.190000	100.800000	94.990000	92.530000	91.210000	100.000000	110.030000	125.070000	120.730000	111.070000	105.670000	94.000000	100.700000	100.830000	112.000000	129.220000	143.200000	146.850000	143.670000	144.240000	142.480000	137.260000	129.350000	40.000000	47.840000	39.600000	50.160000	48.920000	46.200000	38.400000	40.000000	221.200000	481.760000	60.000000	29.280000	26.800000	28.120000	26.000000	52.880000	97.760000	104.760000	18.360000	20.000000	20.000000	14.520000	26.040000	60.280000	122.410000	134.627000	119.497000	119.646000	117.334000	127.507000	146.410000	160.442000	159.399000	142.554000	112.709000	102.723000	97.338700	103.514000	111.171000	113.961000	133.844000	154.411000	168.346000	156.185000	146.315000	168.213000	150.295000	138.057000	110.000000	124.753000	102.612000	93.903100	96.897800	102.770000	124.724000	143.298000	146.837000	134.679000	110.186000	95.997400	101.072000	106.544000	112.375000	114.636000	98.843000	123.092000	137.882000	144.912000	141.618000	153.820000	134.644000	121.817000	0.478000	0.000000	0.390034	0.000000	0.368542	0.000000	0.302412	0.000000	0.246456	0.000000	0.193521	0.000000	0.154500	0.000000	0.141806	0.002600	0.109551	0.057900	0.064490	0.583000	89.000000	126.909000	124.915000	142.306000	160.630000	192.724000	133.779000	167.467000	160.493000	177.701000	166.174000	159.659000	0.094077	0.559400	0.032736	1.002500	0.288511	0.962700	0.365160	0.673600	0.419388	0.991000	0.198446	0.403700	0.371256	0.012700	0.386575	0.000000	0.380538	0.000000	0.376859	0.000000	0.361826	0.000000	0.341496	0.000000	0.329825	0.000000	0.301782	0.000000	4.203330	5.845560	6.611820	5.065270	2.650550	7.211980	7.969240	3.094380	3.981920	14.212000	15.420000	63.411400	113.465000	138.763000	19.737500	2.596100	59.731200	0.128856	29.154000	2.449570	2.007940	3.100730	3.855820	3.446530	
   12	129.000000	117.190000	100.800000	94.990000	92.530000	91.210000	100.000000	110.030000	125.070000	120.730000	111.070000	105.670000	94.000000	100.700000	100.830000	112.000000	129.220000	143.200000	146.850000	143.670000	144.240000	142.480000	137.260000	129.350000	40.000000	47.840000	39.600000	50.160000	48.920000	46.200000	38.400000	40.000000	221.200000	481.760000	60.000000	29.280000	26.800000	28.120000	26.000000	52.880000	97.760000	104.760000	18.360000	20.000000	20.000000	14.520000	26.040000	60.280000	122.410000	130.078000	114.009000	114.964000	117.110000	120.695000	129.599000	155.964000	158.140000	140.762000	135.225000	104.192000	95.815600	107.729000	105.620000	108.237000	130.619000	136.371000	164.564000	155.670000	149.956000	173.649000	154.492000	126.778000	110.000000	121.826000	110.406000	103.917000	102.972000	110.374000	122.738000	141.653000	140.314000	110.275000	95.635600	80.529100	83.509200	92.686800	100.631000	102.635000	78.921900	111.659000	144.219000	136.750000	129.769000	139.452000	117.646000	91.771800	0.478000	0.000000	0.380359	0.000000	0.354083	0.000000	0.270703	0.000000	0.229050	0.000000	0.194488	0.000000	0.150999	0.000000	0.129553	0.003700	0.084348	0.043300	0.058003	0.330900	89.000000	122.657000	145.534000	138.698000	160.688000	192.456000	192.668000	184.103000	167.405000	172.321000	158.541000	153.668000	0.018416	0.656100	0.237096	0.853100	0.324541	1.002900	0.383619	0.964200	0.432777	0.301800	0.486808	0.177200	0.689923	0.003500	0.746092	0.000000	0.717393	0.000000	0.663469	0.000000	0.598521	0.000000	0.569983	0.000000	0.497598	0.000000	0.473304	0.000000	4.203330	6.266010	7.800360	4.903830	2.632460	8.314220	8.846410	3.312680	3.859940	15.644300	9.594190	66.874500	128.340000	91.889700	23.886100	8.509130	32.535200	0.000000	14.145800	2.212670	2.029720	3.123630	3.684460	5.036180	
   13	129.000000	117.190000	100.800000	94.990000	92.530000	91.210000	100.000000	110.030000	125.070000	120.730000	111.070000	105.670000	94.000000	100.700000	100.830000	112.000000	129.220000	143.200000	146.850000	143.670000	144.240000	142.480000	137.260000	129.350000	40.000000	47.840000	39.600000	50.160000	48.920000	46.200000	38.400000	40.000000	221.200000	481.760000	60.000000	29.280000	26.800000	28.120000	26.000000	52.880000	97.760000	104.760000	18.360000	20.000000	20.000000	14.520000	26.040000	60.280000	122.410000	128.152000	119.680000	113.264000	118.353000	117.328000	135.693000	155.058000	156.369000	143.373000	133.230000	116.601000	110.147000	110.660000	120.820000	115.743000	144.943000	167.692000	173.249000	163.523000	131.933000	151.632000	147.109000	138.846000	110.000000	124.539000	111.157000	103.989000	105.567000	109.204000	126.207000	138.774000	145.059000	137.414000	112.849000	113.217000	107.928000	118.489000	136.302000	120.308000	127.915000	150.631000	156.050000	165.615000	143.126000	141.473000	137.043000	131.359000	0.478000	0.000000	0.481709	0.000000	0.494720	0.000000	0.455850	0.000000	0.410788	0.000000	0.377549	0.000000	0.345068	0.000000	0.311795	0.003400	0.324787	0.072400	0.355346	0.356200	89.000000	136.470000	139.333000	130.595000	131.403000	155.830000	157.825000	160.767000	153.088000	181.750000	158.524000	150.734000	0.417138	0.571800	0.501136	0.575400	0.576769	0.835000	0.639137	1.121800	0.675169	1.287300	0.673899	0.584600	0.677724	0.006000	0.710486	0.000000	0.737491	0.000000	0.723004	0.000000	0.698574	0.000000	0.736910	0.000000	0.509247	0.000000	0.461688	0.000000	4.203330	5.203740	6.158910	4.001680	0.944344	7.845690	7.510280	2.433180	3.633310	14.733200	12.860500	65.944000	163.916000	143.816000	103.284000	42.891600	64.227900	0.000000	0.000000	2.046430	1.943100	3.214780	3.777740	3.687600	
   14	129.000000	117.190000	100.800000	94.990000	92.530000	91.210000	100.000000	110.030000	125.070000	120.730000	111.070000	105.670000	94.000000	100.700000	100.830000	112.000000	129.220000	143.200000	146.850000	143.670000	144.240000	142.480000	137.260000	129.350000	40.000000	47.840000	39.600000	50.160000	48.920000	46.200000	38.400000	40.000000	221.200000	481.760000	60.000000	29.280000	26.800000	28.120000	26.000000	52.880000	97.760000	104.760000	18.360000	20.000000	20.000000	14.520000	26.040000	60.280000	122.410000	124.037000	114.132000	113.275000	113.253000	119.958000	127.502000	154.234000	161.113000	150.443000	117.118000	92.435800	99.209500	106.910000	103.904000	112.087000	138.143000	156.042000	179.237000	161.304000	156.583000	175.546000	160.156000	145.250000	110.000000	117.576000	113.934000	90.157700	93.349100	99.498300	117.011000	137.418000	137.938000	148.220000	100.475000	96.403400	101.225000	95.663800	99.725700	101.175000	112.633000	133.205000	150.982000	166.242000	159.613000	158.907000	133.382000	121.715000	0.478000	0.000000	0.390638	0.000000	0.427945	0.000000	0.342803	0.000000	0.277398	0.000000	0.227400	0.000000	0.184110	0.000000	0.096886	0.003800	0.113117	0.107500	0.122778	0.394100	89.000000	124.510000	119.716000	129.271000	144.687000	179.497000	179.167000	193.555000	197.240000	201.412000	172.619000	160.726000	0.014842	0.645800	0.234476	0.659000	0.304101	0.630700	0.427716	0.690400	0.460242	0.529900	0.392509	0.273300	0.446424	0.003600	0.431908	0.000000	0.440510	0.000000	0.402969	0.000000	0.401194	0.000000	0.364435	0.000000	0.348599	0.000000	0.309115	0.000000	4.203330	5.602050	6.443170	5.097470	2.496220	7.935100	7.719910	3.039780	3.608300	14.567900	20.081200	64.940300	113.059000	161.322000	12.699300	0.000000	60.894600	0.000000	23.940600	2.207500	1.871310	3.027950	3.893610	3.615970	
   15	129.000000	117.190000	100.800000	94.990000	92.530000	91.210000	100.000000	110.030000	125.070000	120.730000	111.070000	105.670000	94.000000	100.700000	100.830000	112.000000	129.220000	143.200000	146.850000	143.670000	144.240000	142.480000	137.260000	129.350000	40.000000	47.840000	39.600000	50.160000	48.920000	46.200000	38.400000	40.000000	221.200000	481.760000	60.000000	29.280000	26.800000	28.120000	26.000000	52.880000	97.760000	104.760000	18.360000	20.000000	20.000000	14.520000	26.040000	60.280000	122.410000	138.163000	129.287000	121.669000	125.138000	125.767000	135.388000	143.487000	148.943000	147.573000	109.614000	93.889600	89.562300	97.594500	103.408000	108.742000	124.198000	147.391000	153.256000	154.732000	150.278000	160.814000	154.137000	138.023000	110.000000	123.020000	112.266000	101.487000	106.620000	114.919000	126.319000	140.837000	160.317000	134.765000	111.110000	101.575000	105.151000	121.547000	125.983000	136.179000	135.393000	149.493000	154.194000	156.001000	151.397000	148.486000	139.876000	128.472000	0.478000	0.000000	0.398066	0.000000	0.171202	0.000000	0.054235	0.000000	0.000000	0.000000	0.000000	0.000000	0.000000	0.000000	0.000000	0.004400	0.000000	0.067700	0.000000	0.514900	89.000000	94.043300	95.951800	110.962000	112.554000	141.114000	144.610000	151.064000	153.590000	171.585000	140.241000	120.641000	0.000000	0.933500	0.051234	0.619000	0.106448	0.864400	0.158342	0.454200	0.212945	0.392200	0.253339	0.261500	0.283976	0.005300	0.279873	0.000000	0.267075	0.000000	0.249126	0.000000	0.234184	0.000000	0.230188	0.000000	0.216716	0.000000	0.200244	0.000000	4.203330	6.155240	7.235310	4.566220	1.255200	8.664870	8.683110	3.183780	4.274430	16.560700	0.000000	50.932100	80.149100	133.824000	0.000000	45.531000	45.859700	0.000000	0.000000	2.608680	1.948390	3.194770	3.898370	3.871440	
   16	129.000000	117.190000	100.800000	94.990000	92.530000	91.210000	100.000000	110.030000	125.070000	120.730000	111.070000	105.670000	94.000000	100.700000	100.830000	112.000000	129.220000	143.200000	146.850000	143.670000	144.240000	142.480000	137.260000	129.350000	40.000000	47.840000	39.600000	50.160000	48.920000	46.200000	38.400000	40.000000	221.200000	481.760000	60.000000	29.280000	26.800000	28.120000	26.000000	52.880000	97.760000	104.760000	18.360000	20.000000	20.000000	14.520000	26.040000	60.280000	122.410000	128.060000	116.782000	115.284000	118.069000	122.374000	137.598000	150.192000	152.313000	145.250000	130.096000	109.189000	109.448000	112.217000	111.298000	112.496000	128.301000	151.043000	163.926000	157.499000	153.863000	174.076000	149.644000	134.662000	110.000000	116.312000	96.260000	80.064700	82.964000	101.198000	113.086000	126.538000	144.788000	116.796000	116.665000	101.872000	104.918000	113.331000	110.455000	112.764000	117.167000	139.568000	164.738000	165.570000	162.128000	159.462000	147.698000	127.096000	0.478000	0.000000	0.373037	0.000000	0.434341	0.000000	0.358369	0.000000	0.306758	0.000000	0.219684	0.000000	0.176448	0.000000	0.156540	0.004100	0.130492	0.038200	0.116270	0.265100	89.000000	141.206000	137.212000	146.572000	147.141000	178.036000	182.802000	166.898000	177.416000	188.107000	170.771000	159.417000	0.134558	0.418000	0.221644	0.510300	0.289355	0.707100	0.390286	0.504900	0.433250	0.520800	0.435575	0.390000	0.563137	0.004600	0.604303	0.000000	0.634857	0.000000	0.532663	0.000000	0.441633	0.000000	0.378653	0.000000	0.338035	0.000000	0.281150	0.000000	4.203330	5.591840	6.695430	4.840930	2.540930	8.803190	7.906390	3.034320	3.991380	14.295900	24.000100	59.476100	111.580000	175.814000	9.180980	0.096992	59.197600	0.000000	28.054200	2.376480	1.992760	3.111030	3.776810	3.641610	
   17	129.000000	117.190000	100.800000	94.990000	92.530000	91.210000	100.000000	110.030000	125.070000	120.730000	111.070000	105.670000	94.000000	100.700000	100.830000	112.000000	129.220000	143.200000	146.850000	143.670000	144.240000	142.480000	137.260000	129.350000	40.000000	47.840000	39.600000	50.160000	48.920000	46.200000	38.400000	40.000000	221.200000	481.760000	60.000000	29.280000	26.800000	28.120000	26.000000	52.880000	97.760000	104.760000	18.360000	20.000000	20.000000	14.520000	26.040000	60.280000	122.410000	124.037000	114.132000	113.275000	113.253000	119.958000	127.502000	154.234000	161.113000	150.443000	117.118000	92.435800	99.209500	106.910000	103.904000	112.087000	138.143000	156.042000	179.237000	161.304000	156.583000	175.546000	160.156000	145.250000	110.000000	117.576000	113.934000	90.157700	93.349100	99.498300	117.011000	137.418000	137.938000	148.220000	100.475000	96.403400	101.225000	95.663800	99.725700	101.175000	112.633000	133.205000	150.982000	166.242000	159.613000	158.907000	133.382000	121.715000	0.478000	0.000000	0.390638	0.000000	0.427945	0.000000	0.342803	0.000000	0.277398	0.000000	0.227400	0.000000	0.184110	0.000000	0.096886	0.003800	0.113117	0.107500	0.122778	0.394100	89.000000	124.510000	119.716000	129.271000	144.687000	179.497000	179.167000	193.555000	197.240000	201.412000	172.619000	160.726000	0.014842	0.645800	0.234476	0.659000	0.304101	0.630700	0.427716	0.690400	0.460242	0.529900	0.392509	0.273300	0.446424	0.003600	0.431908	0.000000	0.440510	0.000000	0.402969	0.000000	0.401194	0.000000	0.364435	0.000000	0.348599	0.000000	0.309115	0.000000	4.203330	5.602050	6.443170	5.097470	2.496220	7.935100	7.719910	3.039780	3.608300	14.567900	20.081200	64.940300	113.059000	161.322000	12.699300	0.000000	60.894600	0.000000	23.940600	2.207500	1.871310	3.027950	3.893610	3.615970	
   18	129.000000	117.190000	100.800000	94.990000	92.530000	91.210000	100.000000	110.030000	125.070000	120.730000	111.070000	105.670000	94.000000	100.700000	100.830000	112.000000	129.220000	143.200000	146.850000	143.670000	144.240000	142.480000	137.260000	129.350000	40.000000	47.840000	39.600000	50.160000	48.920000	46.200000	38.400000	40.000000	221.200000	481.760000	60.000000	29.280000	26.800000	28.120000	26.000000	52.880000	97.760000	104.760000	18.360000	20.000000	20.000000	14.520000	26.040000	60.280000	122.410000	128.152000	119.680000	113.264000	118.353000	117.328000	135.693000	155.058000	156.369000	143.373000	133.230000	116.601000	110.147000	110.660000	120.820000	115.743000	144.943000	167.692000	173.249000	163.523000	131.933000	151.632000	147.109000	138.846000	110.000000	124.539000	111.157000	103.989000	105.567000	109.204000	126.207000	138.774000	145.059000	137.414000	112.849000	113.217000	107.928000	118.489000	136.302000	120.308000	127.915000	150.631000	156.050000	165.615000	143.126000	141.473000	137.043000	131.359000	0.478000	0.000000	0.414119	0.000000	0.404132	0.000000	0.345086	0.000000	0.277436	0.000000	0.195180	0.000000	0.132327	0.000000	0.110529	0.005000	0.120720	0.126600	0.145123	0.405100	89.000000	136.198000	135.125000	148.085000	155.784000	158.568000	152.214000	159.703000	159.537000	177.152000	163.896000	141.605000	0.202679	0.399200	0.299967	0.581200	0.414658	0.556800	0.566399	0.590500	0.676356	0.592800	0.665977	0.404600	0.716901	0.005100	0.818761	0.000000	0.868762	0.000000	0.876994	0.000000	0.872609	0.000000	0.886175	0.000000	0.859752	0.000000	0.828738	0.000000	4.203330	6.582390	7.446990	5.395020	3.011440	5.273430	7.961680	3.024410	3.912860	14.649000	11.704800	66.093500	115.193000	226.070000	33.122500	3.742710	64.224200	0.000000	26.146700	2.444330	2.294870	3.173710	3.916640	3.677490	
   19	129.000000	117.190000	100.800000	94.990000	92.530000	91.210000	100.000000	110.030000	125.070000	120.730000	111.070000	105.670000	94.000000	100.700000	100.830000	112.000000	129.220000	143.200000	146.850000	143.670000	144.240000	142.480000	137.260000	129.350000	40.000000	47.840000	39.600000	50.160000	48.920000	46.200000	38.400000	40.000000	221.200000	481.760000	60.000000	29.280000	26.800000	28.120000	26.000000	52.880000	97.760000	104.760000	18.360000	20.000000	20.000000	14.520000	26.040000	60.280000	122.410000	124.037000	114.132000	113.275000	113.253000	119.958000	127.502000	154.234000	161.113000	150.443000	117.118000	92.435800	99.209500	106.910000	103.904000	112.087000	138.143000	156.042000	179.237000	161.304000	156.583000	175.546000	160.156000	145.250000	110.000000	117.576000	113.934000	90.157700	93.349100	99.498300	117.011000	137.418000	137.938000	148.220000	100.475000	96.403400	101.225000	95.663800	99.725700	101.175000	112.633000	133.205000	150.982000	166.242000	159.613000	158.907000	133.382000	121.715000	0.478000	0.000000	0.390638	0.000000	0.427945	0.000000	0.342803	0.000000	0.277398	0.000000	0.227400	0.000000	0.184110	0.000000	0.096886	0.003800	0.113117	0.107500	0.122778	0.394100	89.000000	124.510000	119.716000	129.271000	144.687000	179.497000	179.167000	193.555000	197.240000	201.412000	172.619000	160.726000	0.014842	0.645800	0.234476	0.659000	0.304101	0.630700	0.427716	0.690400	0.460242	0.529900	0.392509	0.273300	0.446424	0.003600	0.431908	0.000000	0.440510	0.000000	0.402969	0.000000	0.401194	0.000000	0.364435	0.000000	0.348599	0.000000	0.309115	0.000000	4.203330	5.602050	6.443170	5.097470	2.496220	7.935100	7.719910	3.039780	3.608300	14.567900	20.081200	64.940300	113.059000	161.322000	12.699300	0.000000	60.894600	0.000000	23.940600	2.207500	1.871310	3.027950	3.893610	3.615970	
   20	129.000000	117.190000	100.800000	94.990000	92.530000	91.210000	100.000000	110.030000	125.070000	120.730000	111.070000	105.670000	94.000000	100.700000	100.830000	112.000000	129.220000	143.200000	146.850000	143.670000	144.240000	142.480000	137.260000	129.350000	40.000000	47.840000	39.600000	50.160000	48.920000	46.200000	38.400000	40.000000	221.200000	481.760000	60.000000	29.280000	26.800000	28.120000	26.000000	52.880000	97.760000	104.760000	18.360000	20.000000	20.000000	14.520000	26.040000	60.280000	122.410000	125.841000	117.903000	113.841000	112.363000	122.669000	139.601000	158.491000	158.698000	148.044000	115.096000	105.962000	101.845000	105.159000	106.355000	109.897000	130.914000	149.359000	161.854000	156.643000	151.595000	158.550000	149.234000	126.238000	110.000000	120.635000	101.164000	103.917000	102.972000	110.374000	122.738000	141.653000	140.314000	110.275000	95.635600	80.529100	83.509200	92.686800	100.631000	102.635000	99.649700	121.348000	149.257000	154.725000	152.161000	145.031000	138.452000	114.420000	0.478000	0.000000	0.398066	0.000000	0.523876	0.000000	0.398479	0.000000	0.344693	0.000000	0.258217	0.000000	0.288578	0.000000	0.266352	0.004100	0.161929	0.092400	0.111463	0.406400	89.000000	123.455000	121.308000	127.741000	133.072000	159.514000	175.871000	179.324000	172.785000	212.701000	178.158000	157.911000	0.118211	0.668800	0.235380	0.865900	0.324541	0.991800	0.249609	0.840000	0.512764	0.545800	0.535120	0.332600	0.536933	0.003700	0.628691	0.000000	0.557380	0.000000	0.572860	0.000000	0.509174	0.000000	0.547865	0.000000	0.517617	0.000000	0.464780	0.000000	4.203330	6.141650	6.912290	4.934660	2.181580	7.689440	8.154610	3.016290	4.111980	14.861700	10.072500	57.332900	115.594000	117.307000	7.480590	2.596100	60.255100	0.793487	38.261100	2.215650	2.115840	3.032710	3.345970	3.247980	
   21	129.000000	117.190000	100.800000	94.990000	92.530000	91.210000	100.000000	110.030000	125.070000	120.730000	111.070000	105.670000	94.000000	100.700000	100.830000	112.000000	129.220000	143.200000	146.850000	143.670000	144.240000	142.480000	137.260000	129.350000	40.000000	47.840000	39.600000	50.160000	48.920000	46.200000	38.400000	40.000000	221.200000	481.760000	60.000000	29.280000	26.800000	28.120000	26.000000	52.880000	97.760000	104.760000	18.360000	20.000000	20.000000	14.520000	26.040000	60.280000	122.410000	125.841000	117.903000	113.841000	112.363000	122.669000	139.601000	158.491000	158.698000	148.044000	115.096000	105.962000	101.845000	105.159000	106.355000	109.897000	130.914000	149.359000	161.854000	156.643000	151.595000	158.550000	149.234000	126.238000	110.000000	120.635000	101.164000	103.917000	102.972000	110.374000	122.738000	141.653000	140.314000	110.275000	95.635600	80.529100	83.509200	92.686800	100.631000	102.635000	99.649700	121.348000	149.257000	154.725000	152.161000	145.031000	138.452000	114.420000	0.478000	0.000000	0.398066	0.000000	0.523876	0.000000	0.398479	0.000000	0.344693	0.000000	0.258217	0.000000	0.288578	0.000000	0.266352	0.004100	0.161929	0.092400	0.111463	0.406400	89.000000	123.455000	121.308000	127.741000	133.072000	159.514000	175.871000	179.324000	172.785000	212.701000	178.158000	157.911000	0.118211	0.668800	0.235380	0.865900	0.324541	0.991800	0.249609	0.840000	0.512764	0.545800	0.535120	0.332600	0.536933	0.003700	0.628691	0.000000	0.557380	0.000000	0.572860	0.000000	0.509174	0.000000	0.547865	0.000000	0.517617	0.000000	0.464780	0.000000	4.203330	6.141650	6.912290	4.934660	2.181580	7.689440	8.154610	3.016290	4.111980	14.861700	10.072500	57.332900	115.594000	117.307000	7.480590	2.596100	60.255100	0.793487	38.261100	2.215650	2.115840	3.032710	3.345970	3.247980	
   22	129.000000	117.190000	100.800000	94.990000	92.530000	91.210000	100.000000	110.030000	125.070000	120.730000	111.070000	105.670000	94.000000	100.700000	100.830000	112.000000	129.220000	143.200000	146.850000	143.670000	144.240000	142.480000	137.260000	129.350000	40.000000	47.840000	39.600000	50.160000	48.920000	46.200000	38.400000	40.000000	221.200000	481.760000	60.000000	29.280000	26.800000	28.120000	26.000000	52.880000	97.760000	104.760000	18.360000	20.000000	20.000000	14.520000	26.040000	60.280000	122.410000	126.604000	115.732000	111.397000	117.103000	125.316000	139.177000	156.783000	167.882000	147.605000	126.946000	109.189000	109.448000	112.217000	111.298000	105.402000	124.589000	175.296000	165.085000	159.657000	158.429000	168.976000	162.279000	145.373000	110.000000	131.074000	118.661000	108.999000	103.814000	118.632000	127.103000	150.338000	155.333000	132.636000	110.386000	108.816000	104.318000	108.886000	109.186000	112.019000	128.731000	154.132000	161.534000	150.350000	165.787000	159.019000	133.517000	125.472000	0.478000	0.000000	0.363235	0.000000	0.346877	0.000000	0.294180	0.000000	0.251079	0.000000	0.142853	0.000000	0.042157	0.000000	0.050408	0.003000	0.070509	0.153600	0.010503	0.577200	89.000000	113.217000	109.827000	118.037000	146.591000	172.468000	142.280000	160.626000	171.485000	174.773000	163.812000	153.366000	0.108956	0.625700	0.171906	0.696100	0.263897	0.897500	0.333666	0.682000	0.432946	0.491700	0.400826	0.341700	0.433368	0.005900	0.495662	0.000000	0.511451	0.000000	0.473708	0.000000	0.453983	0.000000	0.449699	0.000000	0.420884	0.000000	0.416391	0.000000	4.203330	6.472900	7.005920	5.248640	2.557790	8.405230	8.717650	2.949560	3.996700	13.685100	27.941600	50.395000	101.183000	268.677000	16.451700	11.205500	53.709000	0.620426	21.593800	2.396050	1.976500	3.126370	3.662920	3.560660	
   23	129.000000	117.190000	100.800000	94.990000	92.530000	91.210000	100.000000	110.030000	125.070000	120.730000	111.070000	105.670000	94.000000	100.700000	100.830000	112.000000	129.220000	143.200000	146.850000	143.670000	144.240000	142.480000	137.260000	129.350000	40.000000	47.840000	39.600000	50.160000	48.920000	46.200000	38.400000	40.000000	221.200000	481.760000	60.000000	29.280000	26.800000	28.120000	26.000000	52.880000	97.760000	104.760000	18.360000	20.000000	20.000000	14.520000	26.040000	60.280000	122.410000	134.627000	119.497000	119.646000	117.334000	127.507000	146.410000	160.442000	159.399000	142.554000	112.709000	102.723000	97.338700	103.514000	111.171000	113.961000	133.844000	154.411000	168.346000	156.185000	146.315000	168.213000	150.295000	138.057000	110.000000	124.753000	102.612000	93.903100	96.897800	102.770000	124.724000	143.298000	146.837000	134.679000	110.186000	95.997400	101.072000	106.544000	112.375000	114.636000	98.843000	123.092000	137.882000	144.912000	141.618000	153.820000	134.644000	121.817000	0.478000	0.000000	0.390034	0.000000	0.368542	0.000000	0.302412	0.000000	0.246456	0.000000	0.193521	0.000000	0.154500	0.000000	0.141806	0.002600	0.109551	0.057900	0.064490	0.583000	89.000000	126.909000	124.915000	142.306000	160.630000	192.724000	133.779000	167.467000	160.493000	177.701000	166.174000	159.659000	0.094077	0.559400	0.032736	1.002500	0.288511	0.962700	0.365160	0.673600	0.419388	0.991000	0.198446	0.403700	0.371256	0.012700	0.386575	0.000000	0.380538	0.000000	0.376859	0.000000	0.361826	0.000000	0.341496	0.000000	0.329825	0.000000	0.301782	0.000000	4.203330	5.845560	6.611820	5.065270	2.650550	7.211980	7.969240	3.094380	3.981920	14.212000	15.420000	63.411400	113.465000	138.763000	19.737500	2.596100	59.731200	0.128856	29.154000	2.449570	2.007940	3.100730	3.855820	3.446530	
   24	129.000000	117.190000	100.800000	94.990000	92.530000	91.210000	100.000000	110.030000	125.070000	120.730000	111.070000	105.670000	94.000000	100.700000	100.830000	112.000000	129.220000	143.200000	146.850000	143.670000	144.240000	142.480000	137.260000	129.350000	40.000000	47.840000	39.600000	50.160000	48.920000	46.200000	38.400000	40.000000	221.200000	481.760000	60.000000	29.280000	26.800000	28.120000	26.000000	52.880000	97.760000	104.760000	18.360000	20.000000	20.000000	14.520000	26.040000	60.280000	122.410000	126.604000	115.732000	111.397000	117.103000	125.316000	139.177000	156.783000	167.882000	147.605000	126.946000	109.189000	109.448000	112.217000	111.298000	105.402000	124.589000	175.296000	165.085000	159.657000	158.429000	168.976000	162.279000	145.373000	110.000000	131.074000	118.661000	108.999000	103.814000	118.632000	127.103000	150.338000	155.333000	132.636000	110.386000	108.816000	104.318000	108.886000	109.186000	112.019000	128.731000	154.132000	161.534000	150.350000	165.787000	159.019000	133.517000	125.472000	0.478000	0.000000	0.363235	0.000000	0.346877	0.000000	0.294180	0.000000	0.251079	0.000000	0.142853	0.000000	0.042157	0.000000	0.050408	0.003000	0.070509	0.153600	0.010503	0.577200	89.000000	113.217000	109.827000	118.037000	146.591000	172.468000	142.280000	160.626000	171.485000	174.773000	163.812000	153.366000	0.108956	0.625700	0.171906	0.696100	0.263897	0.897500	0.333666	0.682000	0.432946	0.491700	0.400826	0.341700	0.433368	0.005900	0.495662	0.000000	0.511451	0.000000	0.473708	0.000000	0.453983	0.000000	0.449699	0.000000	0.420884	0.000000	0.416391	0.000000	4.203330	6.867940	8.006200	5.886260	3.085430	7.441440	8.910980	3.180650	4.076190	14.292000	14.504800	62.497300	114.774000	102.032000	3.725370	0.000000	66.184900	0.000000	38.322400	1.914650	1.912970	3.186230	3.872100	3.812900	
   25	129.000000	117.190000	100.800000	94.990000	92.530000	91.210000	100.000000	110.030000	125.070000	120.730000	111.070000	105.670000	94.000000	100.700000	100.830000	112.000000	129.220000	143.200000	146.850000	143.670000	144.240000	142.480000	137.260000	129.350000	40.000000	47.840000	39.600000	50.160000	48.920000	46.200000	38.400000	40.000000	221.200000	481.760000	60.000000	29.280000	26.800000	28.120000	26.000000	52.880000	97.760000	104.760000	18.360000	20.000000	20.000000	14.520000	26.040000	60.280000	122.410000	138.163000	129.287000	121.669000	125.138000	125.767000	135.388000	143.487000	148.943000	147.573000	109.614000	93.889600	89.562300	97.594500	103.408000	108.742000	124.198000	147.391000	153.256000	154.732000	150.278000	160.814000	154.137000	138.023000	110.000000	109.754000	99.775800	81.172000	82.189900	89.177400	110.675000	139.354000	141.721000	129.336000	121.798000	93.208500	90.876600	98.841200	105.787000	109.471000	113.861000	141.554000	156.751000	153.743000	157.493000	157.461000	147.428000	125.000000	0.478000	0.000000	0.560074	0.000000	0.556473	0.000000	0.496884	0.000000	0.454474	0.000000	0.398647	0.000000	0.325233	0.000000	0.277543	0.006600	0.223789	0.122200	0.162347	0.538300	89.000000	138.376000	140.915000	155.005000	160.340000	187.891000	186.610000	189.286000	182.464000	197.470000	181.607000	163.164000	0.165175	0.506700	0.482465	1.137700	0.580426	0.856500	0.639530	0.452300	0.669933	0.388100	0.686202	0.213700	0.716980	0.004100	0.730133	0.000000	0.702301	0.000000	0.664068	0.000000	0.637402	0.000000	0.626072	0.000000	0.589606	0.000000	0.532443	0.000000	4.203330	6.883440	7.999720	4.507890	1.175610	8.674240	8.985730	3.265780	3.872130	14.219400	16.110800	75.581300	156.974000	0.000000	13.069300	4.085690	47.805800	0.000000	48.578100	2.259800	1.911180	3.240080	4.035470	3.664130	
   26	129.000000	117.190000	100.800000	94.990000	92.530000	91.210000	100.000000	110.030000	125.070000	120.730000	111.070000	105.670000	94.000000	100.700000	100.830000	112.000000	129.220000	143.200000	146.850000	143.670000	144.240000	142.480000	137.260000	129.350000	40.000000	47.840000	39.600000	50.160000	48.920000	46.200000	38.400000	40.000000	221.200000	481.760000	60.000000	29.280000	26.800000	28.120000	26.000000	52.880000	97.760000	104.760000	18.360000	20.000000	20.000000	14.520000	26.040000	60.280000	122.410000	128.152000	119.680000	113.264000	118.353000	117.328000	135.693000	155.058000	156.369000	143.373000	133.230000	116.601000	110.147000	110.660000	120.820000	115.743000	144.943000	167.692000	173.249000	163.523000	131.933000	151.632000	147.109000	138.846000	110.000000	122.268000	108.816000	100.615000	104.451000	105.429000	121.968000	152.406000	145.813000	131.831000	101.331000	102.788000	107.928000	118.489000	136.302000	120.308000	127.915000	150.631000	156.050000	165.615000	143.126000	141.473000	137.043000	131.359000	0.478000	0.000000	0.314120	0.000000	0.245655	0.000000	0.176406	0.000000	0.141451	0.000000	0.108673	0.000000	0.093900	0.000000	0.099180	0.005400	0.095924	0.073200	0.107372	0.336700	89.000000	116.841000	113.712000	129.591000	129.940000	159.377000	160.625000	175.502000	203.527000	181.498000	170.126000	150.151000	0.159237	0.464100	0.261364	0.554900	0.414658	0.751500	0.566399	1.208600	0.676356	0.981800	0.665977	0.544700	0.716901	0.008500	0.818761	0.000000	0.868762	0.000000	0.876994	0.000000	0.872609	0.000000	0.886175	0.000000	0.859752	0.000000	0.287398	0.000000	4.203330	6.632060	7.775110	4.998470	1.969000	7.510050	8.593480	2.994990	3.204750	15.787500	0.000000	51.886400	115.193000	226.070000	33.122500	3.742710	64.224200	0.000000	26.146700	2.444330	2.294870	3.173710	3.916640	3.761030	
   27	129.000000	117.190000	100.800000	94.990000	92.530000	91.210000	100.000000	110.030000	125.070000	120.730000	111.070000	105.670000	94.000000	100.700000	100.830000	112.000000	129.220000	143.200000	146.850000	143.670000	144.240000	142.480000	137.260000	129.350000	40.000000	47.840000	39.600000	50.160000	48.920000	46.200000	38.400000	40.000000	221.200000	481.760000	60.000000	29.280000	26.800000	28.120000	26.000000	52.880000	97.760000	104.760000	18.360000	20.000000	20.000000	14.520000	26.040000	60.280000	122.410000	124.037000	114.132000	113.275000	113.253000	119.958000	127.502000	154.234000	161.113000	150.443000	117.118000	92.435800	99.209500	106.910000	103.904000	112.087000	138.143000	156.042000	179.237000	161.304000	156.583000	175.546000	160.156000	145.250000	110.000000	117.576000	113.934000	90.157700	93.349100	99.498300	117.011000	137.418000	137.938000	148.220000	100.475000	96.403400	101.225000	95.663800	99.725700	101.175000	112.633000	133.205000	150.982000	166.242000	159.613000	158.907000	133.382000	121.715000	0.478000	0.000000	0.390638	0.000000	0.427945	0.000000	0.342803	0.000000	0.277398	0.000000	0.227400	0.000000	0.184110	0.000000	0.096886	0.003800	0.113117	0.107500	0.122778	0.394100	89.000000	124.510000	119.716000	129.271000	144.687000	179.497000	179.167000	193.555000	197.240000	201.412000	172.619000	160.726000	0.014842	0.645800	0.234476	0.659000	0.304101	0.630700	0.427716	0.690400	0.460242	0.529900	0.392509	0.273300	0.446424	0.003600	0.431908	0.000000	0.440510	0.000000	0.402969	0.000000	0.401194	0.000000	0.364435	0.000000	0.348599	0.000000	0.309115	0.000000	4.203330	5.602050	6.443170	5.097470	2.496220	7.935100	7.719910	3.039780	3.608300	14.567900	20.081200	64.940300	113.059000	161.322000	12.699300	0.000000	60.894600	0.000000	23.940600	2.207500	1.871310	3.027950	3.893610	3.615970	
   28	129.000000	117.190000	100.800000	94.990000	92.530000	91.210000	100.000000	110.030000	125.070000	120.730000	111.070000	105.670000	94.000000	100.700000	100.830000	112.000000	129.220000	143.200000	146.850000	143.670000	144.240000	142.480000	137.260000	129.350000	40.000000	47.840000	39.600000	50.160000	48.920000	46.200000	38.400000	40.000000	221.200000	481.760000	60.000000	29.280000	26.800000	28.120000	26.000000	52.880000	97.760000	104.760000	18.360000	20.000000	20.000000	14.520000	26.040000	60.280000	122.410000	128.060000	116.782000	115.284000	118.069000	122.374000	137.598000	150.192000	152.313000	145.250000	130.096000	109.189000	109.448000	112.217000	111.298000	112.496000	128.301000	151.043000	163.926000	157.499000	153.863000	174.076000	149.644000	134.662000	110.000000	116.312000	96.260000	80.064700	82.964000	101.198000	113.086000	126.538000	144.788000	116.796000	116.665000	101.872000	104.918000	113.331000	110.455000	112.764000	117.167000	139.568000	164.738000	165.570000	162.128000	159.462000	147.698000	127.096000	0.478000	0.000000	0.373037	0.000000	0.434341	0.000000	0.358369	0.000000	0.306758	0.000000	0.219684	0.000000	0.176448	0.000000	0.156540	0.004100	0.130492	0.038200	0.116270	0.265100	89.000000	141.206000	137.212000	146.572000	147.141000	178.036000	182.802000	166.898000	177.416000	188.107000	170.771000	159.417000	0.134558	0.418000	0.221644	0.510300	0.289355	0.707100	0.390286	0.504900	0.433250	0.520800	0.435575	0.390000	0.563137	0.004600	0.604303	0.000000	0.634857	0.000000	0.532663	0.000000	0.441633	0.000000	0.378653	0.000000	0.338035	0.000000	0.281150	0.000000	4.203330	5.591840	6.695430	4.840930	2.540930	8.803190	7.906390	3.034320	3.991380	14.295900	24.000100	59.476100	111.580000	175.814000	9.180980	0.096992	59.197600	0.000000	28.054200	2.376480	1.992760	3.111030	3.776810	3.641610	
   29	129.000000	117.190000	100.800000	94.990000	92.530000	91.210000	100.000000	110.030000	125.070000	120.730000	111.070000	105.670000	94.000000	100.700000	100.830000	112.000000	129.220000	143.200000	146.850000	143.670000	144.240000	142.480000	137.260000	129.350000	40.000000	47.840000	39.600000	50.160000	48.920000	46.200000	38.400000	40.000000	221.200000	481.760000	60.000000	29.280000	26.800000	28.120000	26.000000	52.880000	97.760000	104.760000	18.360000	20.000000	20.000000	14.520000	26.040000	60.280000	122.410000	126.604000	115.732000	111.397000	117.103000	125.316000	139.177000	156.783000	167.882000	147.605000	126.946000	109.189000	109.448000	112.217000	111.298000	105.402000	124.589000	175.296000	165.085000	159.657000	158.429000	168.976000	162.279000	145.373000	110.000000	131.074000	118.661000	108.999000	103.814000	118.632000	127.103000	150.338000	155.333000	132.636000	110.386000	108.816000	104.318000	108.886000	109.186000	112.019000	128.731000	154.132000	161.534000	150.350000	165.787000	159.019000	133.517000	125.472000	0.478000	0.000000	0.363235	0.000000	0.346877	0.000000	0.294180	0.000000	0.251079	0.000000	0.163099	0.000000	0.215133	0.000000	0.194314	0.002800	0.217083	0.104900	0.210074	0.430400	89.000000	134.887000	145.534000	138.698000	160.688000	192.456000	192.668000	184.103000	167.405000	172.321000	156.616000	152.723000	0.222255	0.628500	0.357530	0.749900	0.506259	0.643400	0.564641	0.703200	0.586252	0.545800	0.514341	0.293400	0.539899	0.004600	0.585045	0.000000	0.605955	0.000000	0.589150	0.000000	0.540273	0.000000	0.523688	0.000000	0.537667	0.000000	0.524260	0.000000	4.203330	6.466040	7.013620	5.108020	2.405090	7.823410	7.499050	3.031040	4.148110	14.676100	0.000000	57.768200	110.697000	82.248900	13.974800	1.133510	59.312600	0.010013	26.139600	2.081180	1.633780	2.965190	3.970270	3.350100	
   30	129.000000	117.190000	100.800000	94.990000	92.530000	91.210000	100.000000	110.030000	125.070000	120.730000	111.070000	105.670000	94.000000	100.700000	100.830000	112.000000	129.220000	143.200000	146.850000	143.670000	144.240000	142.480000	137.260000	129.350000	40.000000	47.840000	39.600000	50.160000	48.920000	46.200000	38.400000	40.000000	221.200000	481.760000	60.000000	29.280000	26.800000	28.120000	26.000000	52.880000	97.760000	104.760000	18.360000	20.000000	20.000000	14.520000	26.040000	60.280000	122.410000	126.604000	115.732000	111.397000	117.103000	125.316000	139.177000	156.783000	167.882000	147.605000	126.946000	109.189000	109.448000	112.217000	111.298000	105.402000	124.589000	175.296000	165.085000	159.657000	158.429000	168.976000	162.279000	145.373000	110.000000	131.074000	118.661000	108.999000	103.814000	118.632000	127.103000	150.338000	155.333000	132.636000	110.386000	108.816000	104.318000	108.886000	109.186000	112.019000	128.731000	154.132000	161.534000	150.350000	165.787000	159.019000	133.517000	125.472000	0.478000	0.000000	0.363235	0.000000	0.346877	0.000000	0.294180	0.000000	0.251079	0.000000	0.163099	0.000000	0.215133	0.000000	0.194314	0.002800	0.217083	0.104900	0.210074	0.430400	89.000000	134.887000	145.534000	138.698000	160.688000	192.456000	192.668000	184.103000	167.405000	172.321000	156.616000	152.723000	0.222255	0.628500	0.357530	0.749900	0.506259	0.643400	0.564641	0.703200	0.586252	0.545800	0.514341	0.293400	0.539899	0.004600	0.585045	0.000000	0.605955	0.000000	0.589150	0.000000	0.540273	0.000000	0.523688	0.000000	0.537667	0.000000	0.524260	0.000000	4.203330	6.466040	7.013620	5.108020	2.405090	7.823410	7.499050	3.031040	4.148110	14.676100	0.000000	57.768200	110.697000	82.248900	13.974800	1.133510	59.312600	0.010013	26.139600	2.081180	1.633780	2.965190	3.970270	3.350100	
   31	129.000000	117.190000	100.800000	94.990000	92.530000	91.210000	100.000000	110.030000	125.070000	120.730000	111.070000	105.670000	94.000000	100.700000	100.830000	112.000000	129.220000	143.200000	146.850000	143.670000	144.240000	142.480000	137.260000	129.350000	40.000000	47.840000	39.600000	50.160000	48.920000	46.200000	38.400000	40.000000	221.200000	481.760000	60.000000	29.280000	26.800000	28.120000	26.000000	52.880000	97.760000	104.760000	18.360000	20.000000	20.000000	14.520000	26.040000	60.280000	122.410000	128.152000	119.680000	113.264000	118.353000	117.328000	135.693000	155.058000	156.369000	143.373000	133.230000	116.601000	110.147000	110.660000	120.820000	115.743000	144.943000	167.692000	173.249000	163.523000	131.933000	151.632000	147.109000	138.846000	110.000000	122.268000	108.816000	100.615000	104.451000	105.429000	121.968000	152.406000	145.813000	131.831000	101.331000	102.788000	107.928000	118.489000	136.302000	120.308000	127.915000	150.631000	156.050000	165.615000	143.126000	141.473000	137.043000	131.359000	0.478000	0.000000	0.429446	0.000000	0.379831	0.000000	0.176406	0.000000	0.141451	0.000000	0.108673	0.000000	0.093900	0.000000	0.124253	0.007400	0.094200	0.076700	0.082393	0.545900	89.000000	129.039000	131.358000	119.026000	127.679000	197.048000	196.078000	205.537000	197.092000	201.742000	187.032000	170.062000	0.094400	0.689000	0.163930	0.718600	0.272886	0.468200	0.359519	0.472500	0.404656	0.702600	0.418760	0.402800	0.424715	0.008000	0.839570	0.000000	0.780510	0.000000	0.699724	0.000000	0.586066	0.000000	0.457653	0.000000	0.472566	0.000000	0.439287	0.000000	4.203330	6.291160	7.215490	5.304950	2.865160	7.681050	8.286230	3.021160	3.968800	13.462400	27.767000	62.816100	118.250000	138.378000	0.813665	2.784380	56.580700	0.000000	654.057000	3.155970	1.601050	3.096180	3.742960	3.679550	
   32	129.000000	117.190000	100.800000	94.990000	92.530000	91.210000	100.000000	110.030000	125.070000	120.730000	111.070000	105.670000	94.000000	100.700000	100.830000	112.000000	129.220000	143.200000	146.850000	143.670000	144.240000	142.480000	137.260000	129.350000	40.000000	47.840000	39.600000	50.160000	48.920000	46.200000	38.400000	40.000000	221.200000	481.760000	60.000000	29.280000	26.800000	28.120000	26.000000	52.880000	97.760000	104.760000	18.360000	20.000000	20.000000	14.520000	26.040000	60.280000	122.410000	138.163000	129.287000	121.669000	125.138000	125.767000	135.388000	143.487000	148.943000	147.573000	109.614000	93.889600	89.562300	97.594500	103.408000	108.742000	124.198000	147.391000	153.256000	154.732000	150.278000	160.814000	154.137000	138.023000	110.000000	124.781000	114.668000	105.442000	95.602100	100.816000	108.706000	125.484000	137.495000	122.863000	97.067700	91.481300	100.787000	108.214000	105.370000	87.447600	87.085400	106.497000	149.036000	148.902000	151.989000	150.034000	143.238000	131.998000	0.478000	0.000000	0.425768	0.000000	0.398405	0.000000	0.338994	0.000000	0.303063	0.000000	0.262760	0.000000	0.197137	0.000000	0.126567	0.004500	0.051326	0.060600	0.037674	0.215600	89.000000	122.340000	119.306000	135.707000	137.497000	170.823000	177.770000	164.851000	163.597000	173.067000	160.443000	147.727000	0.119045	0.618100	0.207951	0.669200	0.295970	0.720300	0.371374	0.458600	0.428467	0.402100	0.528731	0.175700	0.574062	0.003300	0.599803	0.000000	0.593000	0.000000	0.583285	0.000000	0.530840	0.000000	0.460347	0.000000	0.388314	0.000000	0.344430	0.000000	4.203330	6.539270	7.671060	5.430020	2.988280	7.209690	8.367640	3.287160	3.442100	16.108500	11.680800	59.126800	119.983000	204.303000	10.178400	19.959300	27.993000	0.000000	32.468300	1.709540	1.852590	3.056800	3.578490	3.708250	
   33	129.000000	117.190000	100.800000	94.990000	92.530000	91.210000	100.000000	110.030000	125.070000	120.730000	111.070000	105.670000	94.000000	100.700000	100.830000	112.000000	129.220000	143.200000	146.850000	143.670000	144.240000	142.480000	137.260000	129.350000	40.000000	47.840000	39.600000	50.160000	48.920000	46.200000	38.400000	40.000000	221.200000	481.760000	60.000000	29.280000	26.800000	28.120000	26.000000	52.880000	97.760000	104.760000	18.360000	20.000000	20.000000	14.520000	26.040000	60.280000	122.410000	138.163000	129.287000	121.669000	125.138000	125.767000	135.388000	143.487000	148.943000	147.573000	109.614000	93.889600	89.562300	97.594500	103.408000	108.742000	124.198000	147.391000	153.256000	154.732000	150.278000	160.814000	154.137000	138.023000	110.000000	94.969000	79.673800	76.433600	71.819400	81.467500	104.020000	128.795000	134.338000	121.019000	104.332000	82.103000	87.369200	81.101300	71.426800	67.739700	70.518100	113.459000	140.781000	155.069000	139.658000	138.817000	122.361000	114.178000	0.478000	0.000000	0.382631	0.000000	0.391017	0.000000	0.339340	0.000000	0.289962	0.000000	0.234376	0.000000	0.224089	0.000000	0.232419	0.003400	0.209861	0.046000	0.181605	0.314100	89.000000	165.391000	165.529000	185.657000	191.278000	221.862000	203.464000	201.040000	202.042000	202.076000	179.889000	167.230000	0.173747	0.427000	0.201296	0.512900	0.245235	0.362600	0.289331	0.300200	0.328989	0.207600	0.352376	0.139300	0.370402	0.003400	0.377503	0.000000	0.374274	0.000000	0.361510	0.000000	0.345722	0.000000	0.346605	0.000000	0.362575	0.000000	0.483961	0.000000	4.203330	6.358050	7.107660	5.033200	2.718570	9.437710	9.798150	3.843260	3.624030	13.920200	16.673600	60.389100	109.120000	126.420000	12.146700	0.000000	68.377400	0.000000	54.148100	1.499340	1.510050	3.216950	3.764720	3.878680	
   34	129.000000	117.190000	100.800000	94.990000	92.530000	91.210000	100.000000	110.030000	125.070000	120.730000	111.070000	105.670000	94.000000	100.700000	100.830000	112.000000	129.220000	143.200000	146.850000	143.670000	144.240000	142.480000	137.260000	129.350000	40.000000	47.840000	39.600000	50.160000	48.920000	46.200000	38.400000	40.000000	221.200000	481.760000	60.000000	29.280000	26.800000	28.120000	26.000000	52.880000	97.760000	104.760000	18.360000	20.000000	20.000000	14.520000	26.040000	60.280000	122.410000	135.453000	129.386000	119.532000	120.312000	127.358000	138.124000	161.620000	161.861000	146.287000	117.438000	97.310700	94.433300	94.652100	89.739500	100.108000	122.775000	137.398000	175.521000	159.099000	156.992000	173.529000	153.008000	149.139000	110.000000	120.635000	101.164000	90.547100	99.807100	102.643000	122.975000	147.442000	132.336000	131.345000	121.193000	102.283000	112.674000	106.818000	105.717000	106.571000	110.181000	136.276000	151.717000	167.813000	173.393000	154.230000	134.044000	130.174000	0.478000	0.000000	0.335667	0.000000	0.285979	0.000000	0.188797	0.000000	0.127239	0.000000	0.072929	0.000000	0.026087	0.000000	0.010403	0.003900	0.000000	0.103500	0.000000	0.800000	89.000000	81.731300	81.216600	97.366200	107.938000	140.796000	126.399000	151.748000	164.157000	184.503000	166.374000	155.259000	0.055282	1.102800	0.135108	0.655500	0.200372	0.843900	0.247894	1.038800	0.289312	0.479600	0.323815	0.390800	0.373931	0.012800	0.428644	0.000000	0.451247	0.000000	0.447872	0.000000	0.430902	0.000000	0.434656	0.000000	0.388314	0.000000	0.344430	0.000000	4.203330	6.413030	7.286860	5.494360	3.716600	7.633130	8.268160	2.846140	3.927980	14.856100	33.264300	78.682100	133.723000	15.562600	0.000000	0.000000	68.163200	0.334043	0.000000	2.508590	2.002990	2.961860	3.578490	3.708250	
   35	129.000000	117.190000	100.800000	94.990000	92.530000	91.210000	100.000000	110.030000	125.070000	120.730000	111.070000	105.670000	94.000000	100.700000	100.830000	112.000000	129.220000	143.200000	146.850000	143.670000	144.240000	142.480000	137.260000	129.350000	40.000000	47.840000	39.600000	50.160000	48.920000	46.200000	38.400000	40.000000	221.200000	481.760000	60.000000	29.280000	26.800000	28.120000	26.000000	52.880000	97.760000	104.760000	18.360000	20.000000	20.000000	14.520000	26.040000	60.280000	122.410000	134.280000	125.380000	121.663000	123.056000	127.610000	135.579000	161.246000	164.915000	141.721000	123.716000	102.831000	90.732300	100.075000	102.048000	102.340000	129.465000	147.402000	169.399000	150.868000	155.702000	166.739000	151.162000	138.199000	110.000000	125.291000	120.952000	114.806000	111.860000	105.077000	123.307000	128.079000	147.945000	127.910000	135.950000	100.181000	94.898000	106.034000	95.277000	103.917000	127.794000	149.880000	153.224000	156.690000	153.984000	139.760000	143.200000	135.125000	0.478000	0.000000	0.351202	0.000000	0.308377	0.000000	0.243500	0.000000	0.223021	0.000000	0.199258	0.000000	0.164440	0.000000	0.142242	0.002500	0.163820	0.064800	0.000000	0.486100	89.000000	120.909000	119.758000	137.185000	138.319000	170.341000	192.860000	170.843000	173.530000	182.757000	165.995000	167.414000	0.195856	0.680500	0.185364	0.826000	0.397571	0.721300	0.425329	0.555800	0.417555	0.385200	0.473243	0.291500	0.533218	0.005900	0.572799	0.000000	0.593000	0.000000	0.583285	0.000000	0.570027	0.000000	0.540960	0.000000	0.513017	0.000000	0.470762	0.000000	4.203330	5.702150	6.443910	5.724460	3.906490	6.753580	7.302470	2.992840	3.912120	14.275400	28.585100	55.237700	113.025000	165.135000	5.517910	12.363300	52.435700	0.556682	20.388200	2.649410	1.904930	3.119250	3.777740	3.687600	
   36	129.000000	117.190000	100.800000	94.990000	92.530000	91.210000	100.000000	110.030000	125.070000	120.730000	111.070000	105.670000	94.000000	100.700000	100.830000	112.000000	129.220000	143.200000	146.850000	143.670000	144.240000	142.480000	137.260000	129.350000	40.000000	47.840000	39.600000	50.160000	48.920000	46.200000	38.400000	40.000000	221.200000	481.760000	60.000000	29.280000	26.800000	28.120000	26.000000	52.880000	97.760000	104.760000	18.360000	20.000000	20.000000	14.520000	26.040000	60.280000	122.410000	135.453000	129.386000	119.532000	120.312000	127.358000	138.124000	161.620000	161.861000	146.287000	117.438000	97.310700	94.433300	94.652100	89.739500	100.108000	122.775000	137.398000	175.521000	159.099000	156.992000	173.529000	153.008000	149.139000	110.000000	120.635000	101.164000	90.547100	99.807100	102.643000	122.975000	147.442000	132.336000	131.345000	121.193000	102.283000	112.674000	106.818000	105.717000	106.571000	110.181000	136.276000	151.717000	167.813000	173.393000	154.230000	134.044000	130.174000	0.478000	0.000000	0.395226	0.000000	0.434341	0.000000	0.358369	0.000000	0.306758	0.000000	0.238536	0.000000	0.169089	0.000000	0.142242	0.002900	0.116698	0.088700	0.102916	0.707700	89.000000	118.168000	117.250000	129.918000	139.443000	173.085000	181.319000	173.901000	186.025000	199.351000	164.473000	151.824000	0.116203	0.443100	0.172988	0.975100	0.247819	0.633700	0.309598	0.413100	0.373096	0.599400	0.443452	0.344900	0.543544	0.004600	0.598257	0.000000	0.647421	0.000000	0.640661	0.000000	0.610658	0.000000	0.598631	0.000000	0.610950	0.000000	0.648390	0.000000	4.203330	5.980170	6.902570	5.374400	2.929030	5.779250	7.658140	2.982300	3.826090	15.111900	6.490350	48.209400	89.841500	212.049000	25.086200	0.125372	57.326200	0.000000	0.000000	2.292300	1.872570	3.035400	3.711930	3.415210	
   37	129.000000	117.190000	100.800000	94.990000	92.530000	91.210000	100.000000	110.030000	125.070000	120.730000	111.070000	105.670000	94.000000	100.700000	100.830000	112.000000	129.220000	143.200000	146.850000	143.670000	144.240000	142.480000	137.260000	129.350000	40.000000	47.840000	39.600000	50.160000	48.920000	46.200000	38.400000	40.000000	221.200000	481.760000	60.000000	29.280000	26.800000	28.120000	26.000000	52.880000	97.760000	104.760000	18.360000	20.000000	20.000000	14.520000	26.040000	60.280000	122.410000	126.604000	115.732000	111.397000	117.103000	125.316000	139.177000	156.783000	167.882000	147.605000	126.946000	109.189000	109.448000	112.217000	111.298000	105.402000	124.589000	175.296000	165.085000	159.657000	158.429000	168.976000	162.279000	145.373000	110.000000	131.074000	118.661000	108.999000	103.814000	118.632000	127.103000	150.338000	155.333000	132.636000	110.386000	108.816000	104.318000	108.886000	109.186000	112.019000	128.731000	154.132000	161.534000	150.350000	165.787000	159.019000	133.517000	125.472000	0.478000	0.000000	0.363235	0.000000	0.346877	0.000000	0.294180	0.000000	0.251079	0.000000	0.163099	0.000000	0.215133	0.000000	0.194314	0.002800	0.217083	0.104900	0.210074	0.430400	89.000000	134.887000	145.534000	138.698000	160.688000	192.456000	192.668000	184.103000	167.405000	172.321000	156.616000	152.723000	0.222255	0.628500	0.357530	0.749900	0.506259	0.643400	0.564641	0.703200	0.586252	0.545800	0.514341	0.293400	0.539899	0.004600	0.585045	0.000000	0.605955	0.000000	0.589150	0.000000	0.540273	0.000000	0.523688	0.000000	0.537667	0.000000	0.524260	0.000000	4.203330	6.466040	7.013620	5.108020	2.405090	7.823410	7.499050	3.031040	4.148110	14.676100	0.000000	57.768200	110.697000	82.248900	13.974800	1.133510	59.312600	0.010013	26.139600	2.081180	1.633780	2.965190	3.970270	3.350100	
   38	129.000000	117.190000	100.800000	94.990000	92.530000	91.210000	100.000000	110.030000	125.070000	120.730000	111.070000	105.670000	94.000000	100.700000	100.830000	112.000000	129.220000	143.200000	146.850000	143.670000	144.240000	142.480000	137.260000	129.350000	40.000000	47.840000	39.600000	50.160000	48.920000	46.200000	38.400000	40.000000	221.200000	481.760000	60.000000	29.280000	26.800000	28.120000	26.000000	52.880000	97.760000	104.760000	18.360000	20.000000	20.000000	14.520000	26.040000	60.280000	122.410000	135.453000	129.386000	119.532000	120.312000	127.358000	138.124000	161.620000	161.861000	146.287000	117.438000	97.310700	94.433300	94.652100	89.739500	100.108000	122.775000	137.398000	175.521000	159.099000	156.992000	173.529000	153.008000	149.139000	110.000000	120.635000	101.164000	90.547100	99.807100	102.643000	122.975000	147.442000	132.336000	131.345000	121.193000	102.283000	112.674000	106.818000	105.717000	106.571000	110.181000	136.276000	151.717000	167.813000	173.393000	154.230000	134.044000	130.174000	0.478000	0.000000	0.349969	0.000000	0.292037	0.000000	0.203610	0.000000	0.149890	0.000000	0.104563	0.000000	0.047544	0.000000	0.025855	0.003500	0.018055	0.079100	0.030117	0.687200	89.000000	142.868000	136.023000	153.943000	158.474000	196.740000	189.664000	186.862000	207.973000	228.967000	184.772000	172.566000	0.058710	0.576900	0.105351	1.014000	0.163235	0.645700	0.218063	0.900300	0.276040	0.450700	0.323396	0.297100	0.372972	0.006600	0.433382	0.000000	0.442927	0.000000	0.444798	0.000000	0.429210	0.000000	0.418066	0.000000	0.403783	0.000000	0.375936	0.000000	4.203330	6.284200	7.232370	4.469890	2.429480	9.682900	8.854330	2.962230	4.071200	15.089100	12.520900	82.443700	150.005000	0.000000	0.000000	2.561620	44.369400	1.156420	14.952800	2.479130	1.974270	3.090270	3.697010	3.602010	
   39	129.000000	117.190000	100.800000	94.990000	92.530000	91.210000	100.000000	110.030000	125.070000	120.730000	111.070000	105.670000	94.000000	100.700000	100.830000	112.000000	129.220000	143.200000	146.850000	143.670000	144.240000	142.480000	137.260000	129.350000	40.000000	47.840000	39.600000	50.160000	48.920000	46.200000	38.400000	40.000000	221.200000	481.760000	60.000000	29.280000	26.800000	28.120000	26.000000	52.880000	97.760000	104.760000	18.360000	20.000000	20.000000	14.520000	26.040000	60.280000	122.410000	130.078000	114.009000	114.964000	117.110000	120.695000	129.599000	155.964000	158.140000	140.762000	135.225000	104.192000	95.815600	107.729000	105.620000	108.237000	130.619000	136.371000	164.564000	155.670000	149.956000	173.649000	154.492000	126.778000	110.000000	121.826000	110.406000	103.917000	102.972000	110.374000	122.738000	141.653000	140.314000	110.275000	95.635600	80.529100	83.509200	92.686800	100.631000	102.635000	78.921900	111.659000	144.219000	136.750000	129.769000	139.452000	117.646000	91.771800	0.478000	0.000000	0.380359	0.000000	0.354083	0.000000	0.270703	0.000000	0.229050	0.000000	0.194488	0.000000	0.150999	0.000000	0.129553	0.003700	0.084348	0.043300	0.058003	0.330900	89.000000	122.657000	145.534000	138.698000	160.688000	192.456000	192.668000	184.103000	167.405000	172.321000	158.541000	153.668000	0.018416	0.656100	0.237096	0.853100	0.324541	1.002900	0.383619	0.964200	0.432777	0.301800	0.486808	0.177200	0.689923	0.003500	0.746092	0.000000	0.717393	0.000000	0.663469	0.000000	0.598521	0.000000	0.569983	0.000000	0.497598	0.000000	0.473304	0.000000	4.203330	6.266010	7.800360	4.903830	2.632460	8.314220	8.846410	3.312680	3.859940	15.644300	9.594190	66.874500	128.340000	91.889700	23.886100	8.509130	32.535200	0.000000	14.145800	2.212670	2.029720	3.123630	3.684460	5.036180	
   40	129.000000	117.190000	100.800000	94.990000	92.530000	91.210000	100.000000	110.030000	125.070000	120.730000	111.070000	105.670000	94.000000	100.700000	100.830000	112.000000	129.220000	143.200000	146.850000	143.670000	144.240000	142.480000	137.260000	129.350000	40.000000	47.840000	39.600000	50.160000	48.920000	46.200000	38.400000	40.000000	221.200000	481.760000	60.000000	29.280000	26.800000	28.120000	26.000000	52.880000	97.760000	104.760000	18.360000	20.000000	20.000000	14.520000	26.040000	60.280000	122.410000	128.152000	119.680000	113.264000	118.353000	117.328000	135.693000	155.058000	156.369000	143.373000	133.230000	116.601000	110.147000	110.660000	120.820000	115.743000	144.943000	167.692000	173.249000	163.523000	131.933000	151.632000	147.109000	138.846000	110.000000	118.807000	109.650000	103.746000	100.436000	95.285800	119.217000	136.287000	140.819000	124.250000	127.055000	106.810000	103.936000	123.737000	131.030000	131.847000	140.482000	159.191000	167.957000	157.101000	166.150000	183.597000	147.763000	130.174000	0.478000	0.000000	0.351202	0.000000	0.308377	0.000000	0.243500	0.000000	0.223021	0.000000	0.089584	0.000000	0.062646	0.000000	0.057394	0.003200	0.029613	0.045000	0.000000	0.310600	89.000000	101.985000	94.846000	97.616400	139.347000	158.568000	152.214000	208.198000	218.482000	237.274000	192.415000	173.268000	0.008644	0.562300	0.079567	0.558200	0.175819	0.696000	0.266540	0.588000	0.341989	0.734300	0.401752	0.246400	0.457056	0.005200	0.487564	0.000000	0.480227	0.000000	0.438762	0.000000	0.394031	0.000000	0.359651	0.000000	0.323090	0.000000	0.299663	0.000000	4.203330	6.286070	7.092890	5.493100	3.060680	7.907500	7.915860	2.981090	4.162700	14.106100	26.695500	65.752300	115.831000	111.402000	0.000000	0.000000	82.484700	0.567682	24.107200	2.497110	2.068030	3.119760	3.905590	3.864420	
   41	129.000000	117.190000	100.800000	94.990000	92.530000	91.210000	100.000000	110.030000	125.070000	120.730000	111.070000	105.670000	94.000000	100.700000	100.830000	112.000000	129.220000	143.200000	146.850000	143.670000	144.240000	142.480000	137.260000	129.350000	40.000000	47.840000	39.600000	50.160000	48.920000	46.200000	38.400000	40.000000	221.200000	481.760000	60.000000	29.280000	26.800000	28.120000	26.000000	52.880000	97.760000	104.760000	18.360000	20.000000	20.000000	14.520000	26.040000	60.280000	122.410000	125.841000	117.903000	113.841000	112.363000	122.669000	139.601000	158.491000	158.698000	148.044000	115.096000	105.962000	101.845000	105.159000	106.355000	109.897000	130.914000	149.359000	161.854000	156.643000	151.595000	158.550000	149.234000	126.238000	110.000000	120.635000	101.164000	103.917000	102.972000	110.374000	122.738000	141.653000	140.314000	110.275000	95.635600	80.529100	83.509200	92.686800	100.631000	102.635000	99.649700	121.348000	149.257000	154.725000	152.161000	145.031000	138.452000	114.420000	0.478000	0.000000	0.398066	0.000000	0.523876	0.000000	0.398479	0.000000	0.344693	0.000000	0.258217	0.000000	0.288578	0.000000	0.266352	0.004100	0.161929	0.092400	0.111463	0.406400	89.000000	123.455000	121.308000	127.741000	133.072000	159.514000	175.871000	179.324000	172.785000	212.701000	178.158000	157.911000	0.118211	0.668800	0.235380	0.865900	0.324541	0.991800	0.249609	0.840000	0.512764	0.545800	0.535120	0.332600	0.536933	0.003700	0.628691	0.000000	0.557380	0.000000	0.572860	0.000000	0.509174	0.000000	0.547865	0.000000	0.517617	0.000000	0.464780	0.000000	4.203330	6.141650	6.912290	4.934660	2.181580	7.689440	8.154610	3.016290	4.111980	14.861700	10.072500	57.332900	115.594000	117.307000	7.480590	2.596100	60.255100	0.793487	38.261100	2.215650	2.115840	3.032710	3.345970	3.247980	
   42	129.000000	117.190000	100.800000	94.990000	92.530000	91.210000	100.000000	110.030000	125.070000	120.730000	111.070000	105.670000	94.000000	100.700000	100.830000	112.000000	129.220000	143.200000	146.850000	143.670000	144.240000	142.480000	137.260000	129.350000	40.000000	47.840000	39.600000	50.160000	48.920000	46.200000	38.400000	40.000000	221.200000	481.760000	60.000000	29.280000	26.800000	28.120000	26.000000	52.880000	97.760000	104.760000	18.360000	20.000000	20.000000	14.520000	26.040000	60.280000	122.410000	138.163000	129.287000	121.669000	125.138000	125.767000	135.388000	143.487000	148.943000	147.573000	109.614000	93.889600	89.562300	97.594500	103.408000	108.742000	124.198000	147.391000	153.256000	154.732000	150.278000	160.814000	154.137000	138.023000	110.000000	125.813000	120.302000	109.223000	110.329000	118.965000	118.713000	162.849000	158.392000	144.015000	121.108000	97.761800	100.717000	91.440100	80.819300	85.455000	137.488000	147.939000	150.911000	159.877000	155.785000	143.947000	144.257000	137.029000	0.478000	0.000000	0.311263	0.000000	0.271369	0.000000	0.202556	0.000000	0.167243	0.000000	0.126762	0.000000	0.079352	0.000000	0.000000	0.005200	0.000000	0.086800	0.000000	0.189900	89.000000	120.434000	120.281000	144.388000	156.709000	184.358000	181.127000	186.141000	177.632000	178.423000	164.734000	151.478000	0.000000	0.450500	0.000000	0.700700	0.061382	0.543200	0.139962	0.548900	0.206915	0.515200	0.261281	0.279100	0.336486	0.002900	0.412774	0.000000	0.435652	0.000000	0.455588	0.000000	0.486243	0.000000	0.512980	0.000000	0.508271	0.000000	0.475946	0.000000	4.203330	6.163030	7.271220	4.908900	2.827850	8.225080	8.242020	3.281530	3.972980	15.627500	0.000000	56.663000	101.978000	104.721000	0.000000	0.000000	71.496100	0.000000	39.224900	2.543770	2.230920	3.126460	3.762820	3.309630	
   43	129.000000	117.190000	100.800000	94.990000	92.530000	91.210000	100.000000	110.030000	125.070000	120.730000	111.070000	105.670000	94.000000	100.700000	100.830000	112.000000	129.220000	143.200000	146.850000	143.670000	144.240000	142.480000	137.260000	129.350000	40.000000	47.840000	39.600000	50.160000	48.920000	46.200000	38.400000	40.000000	221.200000	481.760000	60.000000	29.280000	26.800000	28.120000	26.000000	52.880000	97.760000	104.760000	18.360000	20.000000	20.000000	14.520000	26.040000	60.280000	122.410000	131.702000	115.521000	115.185000	113.121000	120.369000	135.664000	156.329000	153.167000	133.724000	130.313000	103.895000	101.704000	107.028000	103.985000	108.674000	129.907000	153.309000	165.376000	158.369000	149.940000	170.107000	154.185000	134.963000	110.000000	119.111000	107.386000	96.672600	98.456000	95.258600	124.806000	141.239000	144.194000	127.753000	120.041000	93.368600	103.930000	108.538000	107.732000	109.791000	112.336000	139.445000	150.209000	158.005000	149.647000	163.017000	138.717000	103.008000	0.478000	0.000000	0.378963	0.000000	0.351009	0.000000	0.269013	0.000000	0.217965	0.000000	0.181571	0.000000	0.132599	0.000000	0.142429	0.005500	0.127712	0.130100	0.133781	0.592100	89.000000	113.217000	109.827000	118.037000	146.591000	172.468000	209.801000	189.517000	186.025000	199.351000	165.838000	159.390000	0.137041	0.505700	0.240981	0.729500	0.302562	0.911200	0.413396	0.781500	0.427937	0.810500	0.437399	0.335600	0.492321	0.008200	0.537090	0.000000	0.541856	0.000000	0.516818	0.000000	0.487424	0.000000	0.461491	0.000000	0.423503	0.000000	0.247688	0.000000	4.203330	6.214390	7.140570	5.655620	2.976960	8.516900	8.285990	3.016920	3.835070	14.815200	16.603000	59.473500	113.559000	161.322000	12.699300	1.495880	66.868100	0.000000	52.827400	1.858730	1.757220	3.158860	3.832740	3.770690	
   44	129.000000	117.190000	100.800000	94.990000	92.530000	91.210000	100.000000	110.030000	125.070000	120.730000	111.070000	105.670000	94.000000	100.700000	100.830000	112.000000	129.220000	143.200000	146.850000	143.670000	144.240000	142.480000	137.260000	129.350000	40.000000	47.840000	39.600000	50.160000	48.920000	46.200000	38.400000	40.000000	221.200000	481.760000	60.000000	29.280000	26.800000	28.120000	26.000000	52.880000	97.760000	104.760000	18.360000	20.000000	20.000000	14.520000	26.040000	60.280000	122.410000	134.627000	119.497000	119.646000	117.334000	127.507000	146.410000	160.442000	159.399000	142.554000	112.709000	102.723000	97.338700	103.514000	111.171000	113.961000	133.844000	154.411000	168.346000	156.185000	146.315000	168.213000	150.295000	138.057000	110.000000	124.753000	102.612000	93.903100	96.897800	102.770000	124.724000	143.298000	146.837000	134.679000	110.186000	95.997400	101.072000	106.544000	112.375000	114.636000	98.843000	123.092000	137.882000	144.912000	141.618000	153.820000	134.644000	121.817000	0.478000	0.000000	0.390034	0.000000	0.368542	0.000000	0.302412	0.000000	0.246456	0.000000	0.193521	0.000000	0.154500	0.000000	0.141806	0.002600	0.109551	0.057900	0.064490	0.583000	89.000000	126.909000	124.915000	142.306000	160.630000	192.724000	133.779000	167.467000	160.493000	177.701000	166.174000	159.659000	0.094077	0.559400	0.032736	1.002500	0.288511	0.962700	0.365160	0.673600	0.419388	0.991000	0.198446	0.403700	0.371256	0.012700	0.386575	0.000000	0.380538	0.000000	0.376859	0.000000	0.361826	0.000000	0.341496	0.000000	0.329825	0.000000	0.301782	0.000000	4.203330	5.845560	6.611820	5.065270	2.650550	7.211980	7.969240	3.094380	3.981920	14.212000	15.420000	63.411400	113.465000	138.763000	19.737500	2.596100	59.731200	0.128856	29.154000	2.449570	2.007940	3.100730	3.855820	3.446530	
   45	129.000000	117.190000	100.800000	94.990000	92.530000	91.210000	100.000000	110.030000	125.070000	120.730000	111.070000	105.670000	94.000000	100.700000	100.830000	112.000000	129.220000	143.200000	146.850000	143.670000	144.240000	142.480000	137.260000	129.350000	40.000000	47.840000	39.600000	50.160000	48.920000	46.200000	38.400000	40.000000	221.200000	481.760000	60.000000	29.280000	26.800000	28.120000	26.000000	52.880000	97.760000	104.760000	18.360000	20.000000	20.000000	14.520000	26.040000	60.280000	122.410000	128.060000	116.782000	115.284000	118.069000	122.374000	137.598000	150.192000	152.313000	145.250000	130.096000	109.189000	109.448000	112.217000	111.298000	112.496000	128.301000	151.043000	163.926000	157.499000	153.863000	174.076000	149.644000	134.662000	110.000000	116.312000	96.260000	80.064700	82.964000	101.198000	113.086000	126.538000	144.788000	116.796000	116.665000	101.872000	104.918000	113.331000	110.455000	112.764000	117.167000	139.568000	164.738000	165.570000	162.128000	159.462000	147.698000	127.096000	0.478000	0.000000	0.373037	0.000000	0.434341	0.000000	0.358369	0.000000	0.306758	0.000000	0.219684	0.000000	0.176448	0.000000	0.156540	0.004100	0.130492	0.038200	0.116270	0.265100	89.000000	141.206000	137.212000	146.572000	147.141000	178.036000	182.802000	166.898000	177.416000	188.107000	170.771000	159.417000	0.134558	0.418000	0.221644	0.510300	0.289355	0.707100	0.390286	0.504900	0.433250	0.520800	0.435575	0.390000	0.563137	0.004600	0.604303	0.000000	0.634857	0.000000	0.532663	0.000000	0.441633	0.000000	0.378653	0.000000	0.338035	0.000000	0.281150	0.000000	4.203330	5.591840	6.695430	4.840930	2.540930	8.803190	7.906390	3.034320	3.991380	14.295900	24.000100	59.476100	111.580000	175.814000	9.180980	0.096992	59.197600	0.000000	28.054200	2.376480	1.992760	3.111030	3.776810	3.641610	
   46	129.000000	117.190000	100.800000	94.990000	92.530000	91.210000	100.000000	110.030000	125.070000	120.730000	111.070000	105.670000	94.000000	100.700000	100.830000	112.000000	129.220000	143.200000	146.850000	143.670000	144.240000	142.480000	137.260000	129.350000	40.000000	47.840000	39.600000	50.160000	48.920000	46.200000	38.400000	40.000000	221.200000	481.760000	60.000000	29.280000	26.800000	28.120000	26.000000	52.880000	97.760000	104.760000	18.360000	20.000000	20.000000	14.520000	26.040000	60.280000	122.410000	138.163000	129.287000	121.669000	125.138000	125.767000	135.388000	143.487000	148.943000	147.573000	109.614000	93.889600	89.562300	97.594500	103.408000	108.742000	124.198000	147.391000	153.256000	154.732000	150.278000	160.814000	154.137000	138.023000	110.000000	128.870000	106.303000	101.186000	98.309200	111.767000	120.454000	146.040000	139.926000	122.214000	93.454700	65.656700	58.511100	74.991600	76.857700	73.138000	72.470900	140.708000	150.655000	150.395000	132.196000	140.892000	137.478000	120.689000	0.478000	0.000000	0.404144	0.000000	0.377204	0.000000	0.306004	0.000000	0.226344	0.000000	0.157217	0.000000	0.104706	0.000000	0.079007	0.003500	0.092227	0.088900	0.125100	0.334000	89.000000	114.717000	100.878000	107.344000	106.539000	125.983000	134.193000	135.470000	138.271000	150.608000	127.635000	103.027000	0.207292	0.281300	0.373715	0.281800	0.584218	0.372800	0.688052	0.526200	0.706667	0.473500	0.193798	0.243500	0.223612	0.004500	0.272431	0.000000	0.348123	0.000000	0.398759	0.000000	0.415204	0.000000	0.416010	0.000000	0.392677	0.000000	0.364128	0.000000	4.203330	6.574080	7.151290	4.591440	1.556880	8.975440	8.144880	2.784360	4.332700	14.196300	16.486700	51.089200	137.570000	205.312000	0.000000	0.000000	51.266600	0.000000	33.786200	2.147980	1.915140	3.121790	3.816340	3.758560	
   47	129.000000	117.190000	100.800000	94.990000	92.530000	91.210000	100.000000	110.030000	125.070000	120.730000	111.070000	105.670000	94.000000	100.700000	100.830000	112.000000	129.220000	143.200000	146.850000	143.670000	144.240000	142.480000	137.260000	129.350000	40.000000	47.840000	39.600000	50.160000	48.920000	46.200000	38.400000	40.000000	221.200000	481.760000	60.000000	29.280000	26.800000	28.120000	26.000000	52.880000	97.760000	104.760000	18.360000	20.000000	20.000000	14.520000	26.040000	60.280000	122.410000	134.280000	125.380000	121.663000	123.056000	127.610000	135.579000	161.246000	164.915000	141.721000	123.716000	102.831000	90.732300	100.075000	102.048000	102.340000	129.465000	147.402000	169.399000	150.868000	155.702000	166.739000	151.162000	138.199000	110.000000	125.291000	120.952000	114.806000	111.860000	105.077000	123.307000	128.079000	147.945000	127.910000	135.950000	100.181000	94.898000	106.034000	95.277000	103.917000	127.794000	149.880000	153.224000	156.690000	153.984000	139.760000	143.200000	135.125000	0.478000	0.000000	0.351202	0.000000	0.308377	0.000000	0.243500	0.000000	0.223021	0.000000	0.199258	0.000000	0.164440	0.000000	0.142242	0.002500	0.163820	0.064800	0.000000	0.486100	89.000000	120.909000	119.758000	137.185000	138.319000	170.341000	192.860000	170.843000	173.530000	182.757000	165.995000	167.414000	0.195856	0.680500	0.185364	0.826000	0.397571	0.721300	0.425329	0.555800	0.417555	0.385200	0.473243	0.291500	0.533218	0.005900	0.572799	0.000000	0.593000	0.000000	0.583285	0.000000	0.570027	0.000000	0.540960	0.000000	0.513017	0.000000	0.470762	0.000000	4.203330	5.702150	6.443910	5.724460	3.906490	6.753580	7.302470	2.992840	3.912120	14.275400	28.585100	55.237700	113.025000	165.135000	5.517910	12.363300	52.435700	0.556682	20.388200	2.649410	1.904930	3.119250	3.777740	3.687600	
   48	129.000000	117.190000	100.800000	94.990000	92.530000	91.210000	100.000000	110.030000	125.070000	120.730000	111.070000	105.670000	94.000000	100.700000	100.830000	112.000000	129.220000	143.200000	146.850000	143.670000	144.240000	142.480000	137.260000	129.350000	40.000000	47.840000	39.600000	50.160000	48.920000	46.200000	38.400000	40.000000	221.200000	481.760000	60.000000	29.280000	26.800000	28.120000	26.000000	52.880000	97.760000	104.760000	18.360000	20.000000	20.000000	14.520000	26.040000	60.280000	122.410000	134.167000	129.034000	121.442000	113.144000	114.909000	126.911000	155.929000	170.572000	141.426000	130.923000	111.979000	109.325000	112.313000	108.278000	113.193000	129.724000	143.402000	155.621000	164.192000	149.441000	170.513000	165.433000	152.773000	110.000000	133.233000	119.220000	99.556000	97.544000	102.605000	114.568000	141.876000	142.889000	116.517000	124.700000	107.292000	103.867000	104.443000	100.116000	102.683000	105.694000	133.801000	139.147000	156.530000	140.069000	151.069000	142.727000	129.445000	0.478000	0.000000	0.389418	0.000000	0.341312	0.000000	0.261877	0.000000	0.211976	0.000000	0.156707	0.000000	0.118276	0.000000	0.083428	0.003100	0.124385	0.066300	0.167217	0.407100	89.000000	129.758000	135.927000	155.754000	162.369000	186.206000	179.167000	193.555000	197.240000	201.412000	172.619000	160.726000	0.158315	0.518300	0.318127	1.399800	0.233469	1.211500	0.256135	0.964700	0.281118	0.518100	0.308361	0.190400	0.356803	0.002900	0.399010	0.000000	0.420290	0.000000	0.416421	0.000000	0.394105	0.000000	0.377923	0.000000	0.349593	0.000000	0.328959	0.000000	4.203330	6.164290	7.095840	5.059360	2.565470	8.161070	8.474910	3.072210	3.858810	14.779400	0.000000	51.931200	109.291000	227.684000	18.764700	4.982910	59.269300	0.068161	24.516200	2.379770	2.008100	3.073220	3.675760	3.403950	
   49	129.000000	117.190000	100.800000	94.990000	92.530000	91.210000	100.000000	110.030000	125.070000	120.730000	111.070000	105.670000	94.000000	100.700000	100.830000	112.000000	129.220000	143.200000	146.850000	143.670000	144.240000	142.480000	137.260000	129.350000	40.000000	47.840000	39.600000	50.160000	48.920000	46.200000	38.400000	40.000000	221.200000	481.760000	60.000000	29.280000	26.800000	28.120000	26.000000	52.880000	97.760000	104.760000	18.360000	20.000000	20.000000	14.520000	26.040000	60.280000	122.410000	128.152000	119.680000	113.264000	118.353000	117.328000	135.693000	155.058000	156.369000	143.373000	133.230000	116.601000	110.147000	110.660000	120.820000	115.743000	144.943000	167.692000	173.249000	163.523000	131.933000	151.632000	147.109000	138.846000	110.000000	124.539000	111.157000	103.989000	105.567000	109.204000	126.207000	138.774000	145.059000	137.414000	112.849000	113.217000	107.928000	118.489000	136.302000	120.308000	127.915000	150.631000	156.050000	165.615000	143.126000	141.473000	137.043000	131.359000	0.478000	0.000000	0.344505	0.000000	0.316089	0.000000	0.264259	0.000000	0.229790	0.000000	0.199077	0.000000	0.176448	0.000000	0.156540	0.005100	0.130492	0.086100	0.116270	0.619700	89.000000	92.194100	87.797500	140.748000	133.876000	158.627000	160.308000	177.639000	206.672000	223.093000	173.400000	162.521000	0.134558	0.837500	0.248351	0.851400	0.298677	1.311700	0.349878	0.884300	0.428747	0.737600	0.461799	0.642100	0.465802	0.010100	0.462852	0.000000	0.459403	0.000000	0.436895	0.000000	0.394662	0.000000	0.368174	0.000000	0.354894	0.000000	0.328628	0.000000	4.203330	6.164740	7.109580	5.210910	2.693690	8.023600	8.182080	3.026740	3.981490	14.578500	18.043000	61.089900	115.577000	120.662000	1.983730	0.000000	63.467000	0.136981	32.081800	1.883800	1.688680	3.132450	3.847010	3.555170	
   50	129.000000	117.190000	100.800000	94.990000	92.530000	91.210000	100.000000	110.030000	125.070000	120.730000	111.070000	105.670000	94.000000	100.700000	100.830000	112.000000	129.220000	143.200000	146.850000	143.670000	144.240000	142.480000	137.260000	129.350000	40.000000	47.840000	39.600000	50.160000	48.920000	46.200000	38.400000	40.000000	221.200000	481.760000	60.000000	29.280000	26.800000	28.120000	26.000000	52.880000	97.760000	104.760000	18.360000	20.000000	20.000000	14.520000	26.040000	60.280000	122.410000	128.152000	119.680000	113.264000	118.353000	117.328000	135.693000	155.058000	156.369000	143.373000	133.230000	116.601000	110.147000	110.660000	120.820000	115.743000	144.943000	167.692000	173.249000	163.523000	131.933000	151.632000	147.109000	138.846000	110.000000	120.170000	112.120000	102.334000	105.011000	99.006100	126.671000	125.491000	158.395000	127.803000	104.190000	107.682000	108.990000	119.796000	120.923000	120.253000	116.619000	149.777000	159.137000	179.341000	163.850000	141.074000	141.702000	129.224000	0.478000	0.000000	0.359675	0.000000	0.278212	0.000000	0.156666	0.000000	0.090383	0.000000	0.037597	0.000000	0.000000	0.000000	0.000000	0.003500	0.000000	0.039100	0.000000	0.352800	89.000000	130.145000	131.982000	147.726000	158.438000	182.677000	192.218000	170.924000	144.856000	156.320000	148.551000	131.895000	0.068839	0.626000	0.195435	0.566700	0.314208	0.601800	0.411786	0.598200	0.480218	0.464300	0.518033	0.221400	0.545554	0.002700	0.563909	0.000000	0.593000	0.000000	0.583285	0.000000	0.530840	0.000000	0.460347	0.000000	0.388314	0.000000	0.344430	0.000000	4.203330	6.154490	7.076020	4.997930	2.455920	8.186750	8.281350	2.773320	3.894510	14.193500	20.187600	61.568200	118.673000	141.070000	22.329100	13.735500	37.212400	0.000000	32.468300	1.709540	1.852590	3.056800	3.578490	3.708250	
   51	129.000000	117.190000	100.800000	94.990000	92.530000	91.210000	100.000000	110.030000	125.070000	120.730000	111.070000	105.670000	94.000000	100.700000	100.830000	112.000000	129.220000	143.200000	146.850000	143.670000	144.240000	142.480000	137.260000	129.350000	40.000000	47.840000	39.600000	50.160000	48.920000	46.200000	38.400000	40.000000	221.200000	481.760000	60.000000	29.280000	26.800000	28.120000	26.000000	52.880000	97.760000	104.760000	18.360000	20.000000	20.000000	14.520000	26.040000	60.280000	122.410000	124.037000	114.132000	113.275000	113.253000	119.958000	127.502000	154.234000	161.113000	150.443000	117.118000	92.435800	99.209500	106.910000	103.904000	112.087000	138.143000	156.042000	179.237000	161.304000	156.583000	175.546000	160.156000	145.250000	110.000000	117.576000	113.934000	90.157700	93.349100	99.498300	117.011000	137.418000	137.938000	148.220000	100.475000	96.403400	101.225000	95.663800	99.725700	101.175000	112.633000	133.205000	150.982000	166.242000	159.613000	158.907000	133.382000	121.715000	0.478000	0.000000	0.390638	0.000000	0.427945	0.000000	0.342803	0.000000	0.277398	0.000000	0.227400	0.000000	0.184110	0.000000	0.096886	0.003800	0.113117	0.107500	0.122778	0.394100	89.000000	124.510000	119.716000	129.271000	144.687000	179.497000	179.167000	193.555000	197.240000	201.412000	172.619000	160.726000	0.014842	0.645800	0.234476	0.659000	0.304101	0.630700	0.427716	0.690400	0.460242	0.529900	0.392509	0.273300	0.446424	0.003600	0.431908	0.000000	0.440510	0.000000	0.402969	0.000000	0.401194	0.000000	0.364435	0.000000	0.348599	0.000000	0.309115	0.000000	4.203330	5.602050	6.443170	5.097470	2.496220	7.935100	7.719910	3.039780	3.608300	14.567900	20.081200	64.940300	113.059000	161.322000	12.699300	0.000000	60.894600	0.000000	23.940600	2.207500	1.871310	3.027950	3.893610	3.615970	
   52	129.000000	117.190000	100.800000	94.990000	92.530000	91.210000	100.000000	110.030000	125.070000	120.730000	111.070000	105.670000	94.000000	100.700000	100.830000	112.000000	129.220000	143.200000	146.850000	143.670000	144.240000	142.480000	137.260000	129.350000	40.000000	47.840000	39.600000	50.160000	48.920000	46.200000	38.400000	40.000000	221.200000	481.760000	60.000000	29.280000	26.800000	28.120000	26.000000	52.880000	97.760000	104.760000	18.360000	20.000000	20.000000	14.520000	26.040000	60.280000	122.410000	128.152000	119.680000	113.264000	118.353000	117.328000	135.693000	155.058000	156.369000	143.373000	133.230000	116.601000	110.147000	110.660000	120.820000	115.743000	144.943000	167.692000	173.249000	163.523000	131.933000	151.632000	147.109000	138.846000	110.000000	118.807000	109.650000	103.746000	100.436000	95.285800	119.217000	136.287000	140.819000	124.250000	127.055000	106.810000	103.936000	123.737000	131.030000	131.847000	140.482000	159.191000	167.957000	157.101000	166.150000	183.597000	147.763000	130.174000	0.478000	0.000000	0.366797	0.000000	0.314921	0.000000	0.240141	0.000000	0.227347	0.000000	0.210400	0.000000	0.193739	0.000000	0.186632	0.005300	0.132371	0.118300	0.158498	0.482600	89.000000	150.688000	141.823000	151.764000	166.516000	193.911000	193.535000	211.059000	163.715000	189.413000	167.631000	123.730000	0.147659	0.678900	0.226290	0.744300	0.320758	0.671900	0.394039	0.495000	0.423712	0.636900	0.424652	0.509200	0.412965	0.004100	0.383023	0.000000	0.384426	0.000000	0.370760	0.000000	0.349450	0.000000	0.337437	0.000000	0.332502	0.000000	0.308886	0.000000	4.203330	6.398980	7.301700	4.746670	1.634580	7.650570	8.488430	3.265330	4.103540	13.025600	37.179500	55.484900	100.339000	209.387000	0.000000	0.000000	58.150300	0.000000	6.617140	2.504840	1.951540	2.986840	3.649910	3.902830	
   53	129.000000	117.190000	100.800000	94.990000	92.530000	91.210000	100.000000	110.030000	125.070000	120.730000	111.070000	105.670000	94.000000	100.700000	100.830000	112.000000	129.220000	143.200000	146.850000	143.670000	144.240000	142.480000	137.260000	129.350000	40.000000	47.840000	39.600000	50.160000	48.920000	46.200000	38.400000	40.000000	221.200000	481.760000	60.000000	29.280000	26.800000	28.120000	26.000000	52.880000	97.760000	104.760000	18.360000	20.000000	20.000000	14.520000	26.040000	60.280000	122.410000	126.604000	115.732000	111.397000	117.103000	125.316000	139.177000	156.783000	167.882000	147.605000	126.946000	109.189000	109.448000	112.217000	111.298000	105.402000	124.589000	175.296000	165.085000	159.657000	158.429000	168.976000	162.279000	145.373000	110.000000	131.074000	118.661000	108.999000	103.814000	118.632000	127.103000	150.338000	155.333000	132.636000	110.386000	108.816000	104.318000	108.886000	109.186000	112.019000	128.731000	154.132000	161.534000	150.350000	165.787000	159.019000	133.517000	125.472000	0.478000	0.000000	0.363235	0.000000	0.346877	0.000000	0.294180	0.000000	0.251079	0.000000	0.163099	0.000000	0.215133	0.000000	0.194314	0.002800	0.217083	0.104900	0.210074	0.430400	89.000000	134.887000	145.534000	138.698000	160.688000	192.456000	192.668000	184.103000	167.405000	172.321000	156.616000	152.723000	0.222255	0.628500	0.357530	0.749900	0.506259	0.643400	0.564641	0.703200	0.586252	0.545800	0.514341	0.293400	0.539899	0.004600	0.585045	0.000000	0.605955	0.000000	0.589150	0.000000	0.540273	0.000000	0.523688	0.000000	0.537667	0.000000	0.524260	0.000000	4.203330	6.466040	7.013620	5.108020	2.405090	7.823410	7.499050	3.031040	4.148110	14.676100	0.000000	57.768200	110.697000	82.248900	13.974800	1.133510	59.312600	0.010013	26.139600	2.081180	1.633780	2.965190	3.970270	3.350100	
   54	129.000000	117.190000	100.800000	94.990000	92.530000	91.210000	100.000000	110.030000	125.070000	120.730000	111.070000	105.670000	94.000000	100.700000	100.830000	112.000000	129.220000	143.200000	146.850000	143.670000	144.240000	142.480000	137.260000	129.350000	40.000000	47.840000	39.600000	50.160000	48.920000	46.200000	38.400000	40.000000	221.200000	481.760000	60.000000	29.280000	26.800000	28.120000	26.000000	52.880000	97.760000	104.760000	18.360000	20.000000	20.000000	14.520000	26.040000	60.280000	122.410000	126.604000	115.732000	111.397000	117.103000	125.316000	139.177000	156.783000	167.882000	147.605000	126.946000	109.189000	109.448000	112.217000	111.298000	105.402000	124.589000	175.296000	165.085000	159.657000	158.429000	168.976000	162.279000	145.373000	110.000000	131.074000	118.661000	108.999000	103.814000	118.632000	127.103000	150.338000	155.333000	132.636000	110.386000	108.816000	104.318000	108.886000	109.186000	112.019000	128.731000	154.132000	161.534000	150.350000	165.787000	159.019000	133.517000	125.472000	0.478000	0.000000	0.363235	0.000000	0.346877	0.000000	0.294180	0.000000	0.251079	0.000000	0.142853	0.000000	0.042157	0.000000	0.050408	0.003000	0.070509	0.153600	0.010503	0.577200	89.000000	113.217000	109.827000	118.037000	146.591000	172.468000	142.280000	160.626000	171.485000	174.773000	163.812000	153.366000	0.108956	0.625700	0.171906	0.696100	0.263897	0.897500	0.333666	0.682000	0.432946	0.491700	0.400826	0.341700	0.433368	0.005900	0.495662	0.000000	0.511451	0.000000	0.473708	0.000000	0.453983	0.000000	0.449699	0.000000	0.420884	0.000000	0.416391	0.000000	4.203330	6.867940	8.006200	5.886260	3.085430	7.441440	8.910980	3.180650	4.076190	14.292000	14.504800	62.497300	114.774000	102.032000	3.725370	0.000000	66.184900	0.000000	38.322400	1.914650	1.912970	3.186230	3.872100	3.812900	
   55	129.000000	117.190000	100.800000	94.990000	92.530000	91.210000	100.000000	110.030000	125.070000	120.730000	111.070000	105.670000	94.000000	100.700000	100.830000	112.000000	129.220000	143.200000	146.850000	143.670000	144.240000	142.480000	137.260000	129.350000	40.000000	47.840000	39.600000	50.160000	48.920000	46.200000	38.400000	40.000000	221.200000	481.760000	60.000000	29.280000	26.800000	28.120000	26.000000	52.880000	97.760000	104.760000	18.360000	20.000000	20.000000	14.520000	26.040000	60.280000	122.410000	126.604000	115.732000	111.397000	117.103000	125.316000	139.177000	156.783000	167.882000	147.605000	126.946000	109.189000	109.448000	112.217000	111.298000	105.402000	124.589000	175.296000	165.085000	159.657000	158.429000	168.976000	162.279000	145.373000	110.000000	131.074000	118.661000	108.999000	103.814000	118.632000	127.103000	150.338000	155.333000	132.636000	110.386000	108.816000	104.318000	108.886000	109.186000	112.019000	128.731000	154.132000	161.534000	150.350000	165.787000	159.019000	133.517000	125.472000	0.478000	0.000000	0.363235	0.000000	0.346877	0.000000	0.294180	0.000000	0.251079	0.000000	0.142853	0.000000	0.042157	0.000000	0.050408	0.003000	0.070509	0.153600	0.010503	0.577200	89.000000	113.217000	109.827000	118.037000	146.591000	172.468000	142.280000	160.626000	171.485000	174.773000	163.812000	153.366000	0.108956	0.625700	0.171906	0.696100	0.263897	0.897500	0.333666	0.682000	0.432946	0.491700	0.400826	0.341700	0.433368	0.005900	0.495662	0.000000	0.511451	0.000000	0.473708	0.000000	0.453983	0.000000	0.449699	0.000000	0.420884	0.000000	0.416391	0.000000	4.203330	6.269470	7.077140	5.303560	2.658180	7.989670	8.209230	3.035520	3.972300	14.621900	22.911000	59.476100	111.580000	175.814000	9.180980	0.000000	51.266600	0.000000	33.786200	2.147980	1.915140	3.121790	3.816340	3.758560	
   56	129.000000	117.190000	100.800000	94.990000	92.530000	91.210000	100.000000	110.030000	125.070000	120.730000	111.070000	105.670000	94.000000	100.700000	100.830000	112.000000	129.220000	143.200000	146.850000	143.670000	144.240000	142.480000	137.260000	129.350000	40.000000	47.840000	39.600000	50.160000	48.920000	46.200000	38.400000	40.000000	221.200000	481.760000	60.000000	29.280000	26.800000	28.120000	26.000000	52.880000	97.760000	104.760000	18.360000	20.000000	20.000000	14.520000	26.040000	60.280000	122.410000	131.702000	115.521000	115.185000	113.121000	120.369000	135.664000	156.329000	153.167000	133.724000	130.313000	103.895000	101.704000	107.028000	103.985000	108.674000	129.907000	153.309000	165.376000	158.369000	149.940000	170.107000	154.185000	134.963000	110.000000	119.111000	107.386000	96.672600	98.456000	95.258600	124.806000	141.239000	144.194000	127.753000	120.041000	93.368600	103.930000	108.538000	107.732000	109.791000	112.336000	139.445000	150.209000	158.005000	149.647000	163.017000	138.717000	103.008000	0.478000	0.000000	0.378963	0.000000	0.351009	0.000000	0.269013	0.000000	0.217965	0.000000	0.181571	0.000000	0.132599	0.000000	0.142429	0.005500	0.127712	0.130100	0.133781	0.592100	89.000000	113.217000	109.827000	118.037000	146.591000	172.468000	209.801000	189.517000	186.025000	199.351000	165.838000	159.390000	0.137041	0.505700	0.240981	0.729500	0.302562	0.911200	0.413396	0.781500	0.427937	0.810500	0.437399	0.335600	0.492321	0.008200	0.537090	0.000000	0.541856	0.000000	0.516818	0.000000	0.487424	0.000000	0.461491	0.000000	0.423503	0.000000	0.247688	0.000000	4.203330	6.214390	7.140570	5.655620	2.976960	8.516900	8.285990	3.016920	3.835070	14.815200	16.603000	59.473500	113.559000	161.322000	12.699300	1.495880	66.868100	0.000000	52.827400	1.858730	1.757220	3.158860	3.832740	3.770690	
   57	129.000000	117.190000	100.800000	94.990000	92.530000	91.210000	100.000000	110.030000	125.070000	120.730000	111.070000	105.670000	94.000000	100.700000	100.830000	112.000000	129.220000	143.200000	146.850000	143.670000	144.240000	142.480000	137.260000	129.350000	40.000000	47.840000	39.600000	50.160000	48.920000	46.200000	38.400000	40.000000	221.200000	481.760000	60.000000	29.280000	26.800000	28.120000	26.000000	52.880000	97.760000	104.760000	18.360000	20.000000	20.000000	14.520000	26.040000	60.280000	122.410000	126.604000	115.732000	111.397000	117.103000	125.316000	139.177000	156.783000	167.882000	147.605000	126.946000	109.189000	109.448000	112.217000	111.298000	105.402000	124.589000	175.296000	165.085000	159.657000	158.429000	168.976000	162.279000	145.373000	110.000000	131.074000	118.661000	108.999000	103.814000	118.632000	127.103000	150.338000	155.333000	132.636000	110.386000	108.816000	104.318000	108.886000	109.186000	112.019000	128.731000	154.132000	161.534000	150.350000	165.787000	159.019000	133.517000	125.472000	0.478000	0.000000	0.363235	0.000000	0.346877	0.000000	0.294180	0.000000	0.251079	0.000000	0.142853	0.000000	0.042157	0.000000	0.050408	0.003000	0.070509	0.153600	0.010503	0.577200	89.000000	113.217000	109.827000	118.037000	146.591000	172.468000	142.280000	160.626000	171.485000	174.773000	163.812000	153.366000	0.108956	0.625700	0.171906	0.696100	0.263897	0.897500	0.333666	0.682000	0.432946	0.491700	0.400826	0.341700	0.433368	0.005900	0.495662	0.000000	0.511451	0.000000	0.473708	0.000000	0.453983	0.000000	0.449699	0.000000	0.420884	0.000000	0.416391	0.000000	4.203330	6.867940	8.006200	5.886260	3.085430	7.441440	8.910980	3.180650	4.076190	14.292000	14.504800	62.497300	114.774000	102.032000	3.725370	0.000000	66.184900	0.000000	38.322400	1.914650	1.912970	3.186230	3.872100	3.812900	
   58	129.000000	117.190000	100.800000	94.990000	92.530000	91.210000	100.000000	110.030000	125.070000	120.730000	111.070000	105.670000	94.000000	100.700000	100.830000	112.000000	129.220000	143.200000	146.850000	143.670000	144.240000	142.480000	137.260000	129.350000	40.000000	47.840000	39.600000	50.160000	48.920000	46.200000	38.400000	40.000000	221.200000	481.760000	60.000000	29.280000	26.800000	28.120000	26.000000	52.880000	97.760000	104.760000	18.360000	20.000000	20.000000	14.520000	26.040000	60.280000	122.410000	138.163000	129.287000	121.669000	125.138000	125.767000	135.388000	143.487000	148.943000	147.573000	109.614000	93.889600	89.562300	97.594500	103.408000	108.742000	124.198000	147.391000	153.256000	154.732000	150.278000	160.814000	154.137000	138.023000	110.000000	94.969000	79.673800	76.433600	71.819400	81.467500	104.020000	128.795000	134.338000	121.019000	104.332000	82.103000	87.369200	81.101300	71.426800	67.739700	70.518100	113.459000	140.781000	155.069000	139.658000	138.817000	122.361000	114.178000	0.478000	0.000000	0.382631	0.000000	0.391017	0.000000	0.339340	0.000000	0.289962	0.000000	0.234376	0.000000	0.224089	0.000000	0.303914	0.002700	0.423089	0.085100	0.479191	0.394600	89.000000	91.361900	82.164900	97.253800	97.954800	134.835000	150.171000	155.816000	161.025000	175.565000	158.771000	143.889000	0.526743	0.578400	0.586096	0.652500	0.633697	0.748000	0.644636	0.679600	0.627485	0.329600	0.602763	0.241700	0.595644	0.003000	0.568609	0.000000	0.546510	0.000000	0.545538	0.000000	0.546213	0.000000	0.529976	0.000000	0.503157	0.000000	0.472807	0.000000	4.203330	6.358050	7.107660	5.033200	2.718570	9.437710	9.798150	2.917640	3.740050	13.577000	23.919000	66.186100	124.726000	122.393000	0.000000	0.000000	59.454000	0.108730	22.161700	2.002730	1.928150	3.318750	3.718910	3.820210	
   59	129.000000	117.190000	100.800000	94.990000	92.530000	91.210000	100.000000	110.030000	125.070000	120.730000	111.070000	105.670000	94.000000	100.700000	100.830000	112.000000	129.220000	143.200000	146.850000	143.670000	144.240000	142.480000	137.260000	129.350000	40.000000	47.840000	39.600000	50.160000	48.920000	46.200000	38.400000	40.000000	221.200000	481.760000	60.000000	29.280000	26.800000	28.120000	26.000000	52.880000	97.760000	104.760000	18.360000	20.000000	20.000000	14.520000	26.040000	60.280000	122.410000	128.152000	119.680000	113.264000	118.353000	117.328000	135.693000	155.058000	156.369000	143.373000	133.230000	116.601000	110.147000	110.660000	120.820000	115.743000	144.943000	167.692000	173.249000	163.523000	131.933000	151.632000	147.109000	138.846000	110.000000	120.170000	112.120000	102.334000	105.011000	99.006100	126.671000	125.491000	158.395000	127.803000	104.190000	107.682000	108.990000	119.796000	120.923000	120.253000	116.619000	149.777000	159.137000	179.341000	163.850000	141.074000	141.702000	129.224000	0.478000	0.000000	0.391282	0.000000	0.361828	0.000000	0.295272	0.000000	0.236215	0.000000	0.199102	0.000000	0.165215	0.000000	0.143207	0.004100	0.139371	0.075400	0.147661	0.331600	89.000000	98.405700	96.882700	110.491000	137.497000	170.823000	177.770000	172.008000	173.640000	176.968000	165.695000	156.821000	0.234498	0.415100	0.353242	0.646300	0.463300	0.802000	0.568986	0.666300	0.647052	0.364000	0.699103	0.243100	0.741714	0.003700	0.762352	0.000000	0.731934	0.000000	0.672759	0.000000	0.627695	0.000000	0.608793	0.000000	0.599400	0.000000	0.589652	0.000000	4.203330	6.497280	7.413930	4.349350	1.699690	9.030200	9.256470	3.037810	3.961980	15.868700	27.862200	61.557600	105.748000	122.206000	0.000000	0.000000	84.221200	0.000000	2.730270	2.444840	1.899400	2.880550	3.659100	3.551790	
   60	129.000000	117.190000	100.800000	94.990000	92.530000	91.210000	100.000000	110.030000	125.070000	120.730000	111.070000	105.670000	94.000000	100.700000	100.830000	112.000000	129.220000	143.200000	146.850000	143.670000	144.240000	142.480000	137.260000	129.350000	40.000000	47.840000	39.600000	50.160000	48.920000	46.200000	38.400000	40.000000	221.200000	481.760000	60.000000	29.280000	26.800000	28.120000	26.000000	52.880000	97.760000	104.760000	18.360000	20.000000	20.000000	14.520000	26.040000	60.280000	122.410000	134.280000	125.380000	121.663000	123.056000	127.610000	135.579000	161.246000	164.915000	141.721000	123.716000	102.831000	90.732300	100.075000	102.048000	102.340000	129.465000	147.402000	169.399000	150.868000	155.702000	166.739000	151.162000	138.199000	110.000000	125.291000	120.952000	114.806000	111.860000	105.077000	123.307000	128.079000	147.945000	127.910000	135.950000	100.181000	94.898000	106.034000	95.277000	103.917000	127.794000	149.880000	153.224000	156.690000	153.984000	139.760000	143.200000	135.125000	0.478000	0.000000	0.351202	0.000000	0.308377	0.000000	0.243500	0.000000	0.223021	0.000000	0.199258	0.000000	0.164440	0.000000	0.142242	0.002500	0.163820	0.064800	0.000000	0.486100	89.000000	120.909000	119.758000	137.185000	138.319000	170.341000	192.860000	170.843000	173.530000	182.757000	165.995000	167.414000	0.195856	0.680500	0.185364	0.826000	0.397571	0.721300	0.425329	0.555800	0.417555	0.385200	0.473243	0.291500	0.533218	0.005900	0.572799	0.000000	0.593000	0.000000	0.583285	0.000000	0.570027	0.000000	0.540960	0.000000	0.513017	0.000000	0.470762	0.000000	4.203330	5.702150	6.443910	5.724460	3.906490	6.753580	7.302470	2.992840	3.912120	14.275400	28.585100	55.237700	113.025000	165.135000	5.517910	12.363300	52.435700	0.556682	20.388200	2.649410	1.904930	3.119250	3.777740	3.687600	
   61	129.000000	117.190000	100.800000	94.990000	92.530000	91.210000	100.000000	110.030000	125.070000	120.730000	111.070000	105.670000	94.000000	100.700000	100.830000	112.000000	129.220000	143.200000	146.850000	143.670000	144.240000	142.480000	137.260000	129.350000	40.000000	47.840000	39.600000	50.160000	48.920000	46.200000	38.400000	40.000000	221.200000	481.760000	60.000000	29.280000	26.800000	28.120000	26.000000	52.880000	97.760000	104.760000	18.360000	20.000000	20.000000	14.520000	26.040000	60.280000	122.410000	124.037000	114.132000	113.275000	113.253000	119.958000	127.502000	154.234000	161.113000	150.443000	117.118000	92.435800	99.209500	106.910000	103.904000	112.087000	138.143000	156.042000	179.237000	161.304000	156.583000	175.546000	160.156000	145.250000	110.000000	117.576000	113.934000	90.157700	93.349100	99.498300	117.011000	137.418000	137.938000	148.220000	100.475000	96.403400	101.225000	95.663800	99.725700	101.175000	112.633000	133.205000	150.982000	166.242000	159.613000	158.907000	133.382000	121.715000	0.478000	0.000000	0.390638	0.000000	0.427945	0.000000	0.342803	0.000000	0.277398	0.000000	0.227400	0.000000	0.184110	0.000000	0.096886	0.003800	0.113117	0.107500	0.122778	0.394100	89.000000	124.510000	119.716000	129.271000	144.687000	179.497000	179.167000	193.555000	197.240000	201.412000	172.619000	160.726000	0.014842	0.645800	0.234476	0.659000	0.304101	0.630700	0.427716	0.690400	0.460242	0.529900	0.392509	0.273300	0.446424	0.003600	0.431908	0.000000	0.440510	0.000000	0.402969	0.000000	0.401194	0.000000	0.364435	0.000000	0.348599	0.000000	0.309115	0.000000	4.203330	5.602050	6.443170	5.097470	2.496220	7.935100	7.719910	3.039780	3.608300	14.567900	20.081200	64.940300	113.059000	161.322000	12.699300	0.000000	60.894600	0.000000	23.940600	2.207500	1.871310	3.027950	3.893610	3.615970	
   62	129.000000	117.190000	100.800000	94.990000	92.530000	91.210000	100.000000	110.030000	125.070000	120.730000	111.070000	105.670000	94.000000	100.700000	100.830000	112.000000	129.220000	143.200000	146.850000	143.670000	144.240000	142.480000	137.260000	129.350000	40.000000	47.840000	39.600000	50.160000	48.920000	46.200000	38.400000	40.000000	221.200000	481.760000	60.000000	29.280000	26.800000	28.120000	26.000000	52.880000	97.760000	104.760000	18.360000	20.000000	20.000000	14.520000	26.040000	60.280000	122.410000	128.152000	119.680000	113.264000	118.353000	117.328000	135.693000	155.058000	156.369000	143.373000	133.230000	116.601000	110.147000	110.660000	120.820000	115.743000	144.943000	167.692000	173.249000	163.523000	131.933000	151.632000	147.109000	138.846000	110.000000	118.807000	109.650000	103.746000	100.436000	95.285800	119.217000	136.287000	140.819000	124.250000	127.055000	106.810000	103.936000	123.737000	131.030000	131.847000	140.482000	159.191000	167.957000	157.101000	166.150000	183.597000	147.763000	130.174000	0.478000	0.000000	0.419419	0.000000	0.384579	0.000000	0.319691	0.000000	0.287842	0.000000	0.272873	0.000000	0.252927	0.000000	0.241523	0.004100	0.277606	0.075100	0.298676	0.339400	89.000000	104.555000	103.233000	102.573000	95.251400	132.089000	142.280000	201.040000	202.042000	202.076000	179.889000	167.230000	0.332136	0.390900	0.372786	0.370300	0.387117	0.431300	0.394039	0.970600	0.423712	0.510800	0.424652	0.427100	0.412965	0.007700	0.383023	0.000000	0.384426	0.000000	0.370760	0.000000	0.349450	0.000000	0.337437	0.000000	0.332502	0.000000	0.308886	0.000000	4.203330	6.091220	6.962060	5.184130	2.488120	8.086960	8.407280	3.000430	3.883310	14.807700	9.519510	58.715700	117.943000	209.387000	0.000000	0.000000	58.150300	0.000000	6.617140	2.504840	1.951540	2.986840	3.649910	3.902830	
   63	129.000000	117.190000	100.800000	94.990000	92.530000	91.210000	100.000000	110.030000	125.070000	120.730000	111.070000	105.670000	94.000000	100.700000	100.830000	112.000000	129.220000	143.200000	146.850000	143.670000	144.240000	142.480000	137.260000	129.350000	40.000000	47.840000	39.600000	50.160000	48.920000	46.200000	38.400000	40.000000	221.200000	481.760000	60.000000	29.280000	26.800000	28.120000	26.000000	52.880000	97.760000	104.760000	18.360000	20.000000	20.000000	14.520000	26.040000	60.280000	122.410000	125.841000	117.903000	113.841000	112.363000	122.669000	139.601000	158.491000	158.698000	148.044000	115.096000	105.962000	101.845000	105.159000	106.355000	109.897000	130.914000	149.359000	161.854000	156.643000	151.595000	158.550000	149.234000	126.238000	110.000000	120.635000	101.164000	103.917000	102.972000	110.374000	122.738000	141.653000	140.314000	110.275000	95.635600	80.529100	83.509200	92.686800	100.631000	102.635000	99.649700	121.348000	149.257000	154.725000	152.161000	145.031000	138.452000	114.420000	0.478000	0.000000	0.398066	0.000000	0.523876	0.000000	0.398479	0.000000	0.344693	0.000000	0.258217	0.000000	0.288578	0.000000	0.266352	0.004100	0.161929	0.092400	0.111463	0.406400	89.000000	123.455000	121.308000	127.741000	133.072000	159.514000	175.871000	179.324000	172.785000	212.701000	178.158000	157.911000	0.118211	0.668800	0.235380	0.865900	0.324541	0.991800	0.249609	0.840000	0.512764	0.545800	0.535120	0.332600	0.536933	0.003700	0.628691	0.000000	0.557380	0.000000	0.572860	0.000000	0.509174	0.000000	0.547865	0.000000	0.517617	0.000000	0.464780	0.000000	4.203330	6.141650	6.912290	4.934660	2.181580	7.689440	8.154610	3.016290	4.111980	14.861700	10.072500	57.332900	115.594000	117.307000	7.480590	2.596100	60.255100	0.793487	38.261100	2.215650	2.115840	3.032710	3.345970	3.247980	
   64	129.000000	117.190000	100.800000	94.990000	92.530000	91.210000	100.000000	110.030000	125.070000	120.730000	111.070000	105.670000	94.000000	100.700000	100.830000	112.000000	129.220000	143.200000	146.850000	143.670000	144.240000	142.480000	137.260000	129.350000	40.000000	47.840000	39.600000	50.160000	48.920000	46.200000	38.400000	40.000000	221.200000	481.760000	60.000000	29.280000	26.800000	28.120000	26.000000	52.880000	97.760000	104.760000	18.360000	20.000000	20.000000	14.520000	26.040000	60.280000	122.410000	135.453000	129.386000	119.532000	120.312000	127.358000	138.124000	161.620000	161.861000	146.287000	117.438000	97.310700	94.433300	94.652100	89.739500	100.108000	122.775000	137.398000	175.521000	159.099000	156.992000	173.529000	153.008000	149.139000	110.000000	120.635000	101.164000	90.547100	99.807100	102.643000	122.975000	147.442000	132.336000	131.345000	121.193000	102.283000	112.674000	106.818000	105.717000	106.571000	110.181000	136.276000	151.717000	167.813000	173.393000	154.230000	134.044000	130.174000	0.478000	0.000000	0.353304	0.000000	0.245227	0.000000	0.099748	0.000000	0.011291	0.000000	0.000000	0.000000	0.000000	0.000000	0.000000	0.006200	0.000000	0.119500	0.000000	0.472000	89.000000	119.047000	113.000000	128.474000	135.442000	144.258000	131.205000	131.609000	131.746000	175.565000	158.771000	153.621000	0.000000	1.028800	0.000000	0.976200	0.061382	0.464700	0.139962	0.945800	0.206915	0.560700	0.261281	0.243800	0.336486	0.008200	0.412774	0.000000	0.435652	0.000000	0.455588	0.000000	0.455021	0.000000	0.456809	0.000000	0.457595	0.000000	0.466610	0.000000	4.203330	5.295040	6.161270	4.236420	1.056520	6.160970	7.897990	3.281530	3.972980	15.627500	0.000000	56.663000	101.978000	104.721000	0.000000	0.000000	71.496100	0.000000	39.224900	2.543770	1.894660	3.069780	3.817240	3.816720	
   65	129.000000	117.190000	100.800000	94.990000	92.530000	91.210000	100.000000	110.030000	125.070000	120.730000	111.070000	105.670000	94.000000	100.700000	100.830000	112.000000	129.220000	143.200000	146.850000	143.670000	144.240000	142.480000	137.260000	129.350000	40.000000	47.840000	39.600000	50.160000	48.920000	46.200000	38.400000	40.000000	221.200000	481.760000	60.000000	29.280000	26.800000	28.120000	26.000000	52.880000	97.760000	104.760000	18.360000	20.000000	20.000000	14.520000	26.040000	60.280000	122.410000	134.627000	116.256000	114.569000	121.149000	120.061000	134.885000	156.167000	155.573000	126.694000	127.235000	106.154000	102.845000	106.196000	104.849000	108.891000	129.516000	159.522000	169.675000	146.149000	150.162000	173.652000	154.174000	131.542000	110.000000	124.753000	103.920000	97.166400	96.024100	98.907700	123.171000	136.945000	144.225000	134.325000	114.041000	94.972000	105.665000	107.404000	108.843000	109.360000	114.254000	143.241000	152.779000	152.709000	149.499000	174.059000	138.321000	130.452000	0.478000	0.000000	0.376044	0.000000	0.321203	0.000000	0.267343	0.000000	0.256011	0.000000	0.203876	0.000000	0.147086	0.000000	0.121779	0.003300	0.111087	0.068700	0.113989	0.306800	89.000000	121.312000	117.543000	134.148000	143.001000	170.873000	151.764000	138.388000	141.130000	159.824000	150.484000	136.863000	0.092860	0.518500	0.249495	0.521000	0.334914	0.839900	0.386464	0.365700	0.423710	0.519800	0.453918	0.161400	0.489368	0.003600	0.520512	0.000000	0.530797	0.000000	0.508344	0.000000	0.459427	0.000000	0.461158	0.000000	0.478638	0.000000	0.455710	0.000000	4.203330	6.280300	7.114950	5.534270	2.578240	7.953900	8.516990	3.025590	3.370060	14.590900	18.185700	59.525500	121.544000	139.152000	0.000000	0.000000	60.067000	0.000000	27.644100	2.666470	1.329490	3.355320	3.668840	3.849050	
   66	129.000000	117.190000	100.800000	94.990000	92.530000	91.210000	100.000000	110.030000	125.070000	120.730000	111.070000	105.670000	94.000000	100.700000	100.830000	112.000000	129.220000	143.200000	146.850000	143.670000	144.240000	142.480000	137.260000	129.350000	40.000000	47.840000	39.600000	50.160000	48.920000	46.200000	38.400000	40.000000	221.200000	481.760000	60.000000	29.280000	26.800000	28.120000	26.000000	52.880000	97.760000	104.760000	18.360000	20.000000	20.000000	14.520000	26.040000	60.280000	122.410000	128.060000	116.782000	115.284000	118.069000	122.374000	137.598000	150.192000	152.313000	145.250000	130.096000	109.189000	109.448000	112.217000	111.298000	112.496000	128.301000	151.043000	163.926000	157.499000	153.863000	174.076000	149.644000	134.662000	110.000000	116.312000	96.260000	80.064700	82.964000	101.198000	113.086000	126.538000	144.788000	116.796000	116.665000	101.872000	104.918000	113.331000	110.455000	112.764000	117.167000	139.568000	164.738000	165.570000	162.128000	159.462000	147.698000	127.096000	0.478000	0.000000	0.373037	0.000000	0.434341	0.000000	0.358369	0.000000	0.306758	0.000000	0.219684	0.000000	0.176448	0.000000	0.156540	0.004100	0.130492	0.038200	0.116270	0.265100	89.000000	141.206000	137.212000	146.572000	147.141000	178.036000	182.802000	166.898000	177.416000	188.107000	170.771000	159.417000	0.134558	0.418000	0.221644	0.510300	0.289355	0.707100	0.390286	0.504900	0.433250	0.520800	0.435575	0.390000	0.563137	0.004600	0.604303	0.000000	0.634857	0.000000	0.532663	0.000000	0.441633	0.000000	0.378653	0.000000	0.338035	0.000000	0.281150	0.000000	4.203330	5.591840	6.695430	4.840930	2.540930	8.803190	7.906390	3.034320	3.991380	14.295900	24.000100	59.476100	111.580000	175.814000	9.180980	0.096992	59.197600	0.000000	28.054200	2.376480	1.992760	3.111030	3.776810	3.641610	
   67	129.000000	117.190000	100.800000	94.990000	92.530000	91.210000	100.000000	110.030000	125.070000	120.730000	111.070000	105.670000	94.000000	100.700000	100.830000	112.000000	129.220000	143.200000	146.850000	143.670000	144.240000	142.480000	137.260000	129.350000	40.000000	47.840000	39.600000	50.160000	48.920000	46.200000	38.400000	40.000000	221.200000	481.760000	60.000000	29.280000	26.800000	28.120000	26.000000	52.880000	97.760000	104.760000	18.360000	20.000000	20.000000	14.520000	26.040000	60.280000	122.410000	134.280000	125.380000	121.663000	123.056000	127.610000	135.579000	161.246000	164.915000	141.721000	123.716000	102.831000	90.732300	100.075000	102.048000	102.340000	129.465000	147.402000	169.399000	150.868000	155.702000	166.739000	151.162000	138.199000	110.000000	125.291000	120.952000	114.806000	111.860000	105.077000	123.307000	128.079000	147.945000	127.910000	135.950000	100.181000	94.898000	106.034000	95.277000	103.917000	127.794000	149.880000	153.224000	156.690000	153.984000	139.760000	143.200000	135.125000	0.478000	0.000000	0.351202	0.000000	0.308377	0.000000	0.243500	0.000000	0.223021	0.000000	0.199258	0.000000	0.164440	0.000000	0.142242	0.002500	0.163820	0.064800	0.000000	0.486100	89.000000	120.909000	119.758000	137.185000	138.319000	170.341000	192.860000	170.843000	173.530000	182.757000	165.995000	167.414000	0.195856	0.680500	0.185364	0.826000	0.397571	0.721300	0.425329	0.555800	0.417555	0.385200	0.473243	0.291500	0.533218	0.005900	0.572799	0.000000	0.593000	0.000000	0.583285	0.000000	0.570027	0.000000	0.540960	0.000000	0.513017	0.000000	0.470762	0.000000	4.203330	5.702150	6.443910	5.724460	3.906490	6.753580	7.302470	2.992840	3.912120	14.275400	28.585100	55.237700	113.025000	165.135000	5.517910	12.363300	52.435700	0.556682	20.388200	2.649410	1.904930	3.119250	3.777740	3.687600	
   68	129.000000	117.190000	100.800000	94.990000	92.530000	91.210000	100.000000	110.030000	125.070000	120.730000	111.070000	105.670000	94.000000	100.700000	100.830000	112.000000	129.220000	143.200000	146.850000	143.670000	144.240000	142.480000	137.260000	129.350000	40.000000	47.840000	39.600000	50.160000	48.920000	46.200000	38.400000	40.000000	221.200000	481.760000	60.000000	29.280000	26.800000	28.120000	26.000000	52.880000	97.760000	104.760000	18.360000	20.000000	20.000000	14.520000	26.040000	60.280000	122.410000	128.152000	119.680000	113.264000	118.353000	117.328000	135.693000	155.058000	156.369000	143.373000	133.230000	116.601000	110.147000	110.660000	120.820000	115.743000	144.943000	167.692000	173.249000	163.523000	131.933000	151.632000	147.109000	138.846000	110.000000	118.807000	109.650000	103.746000	100.436000	95.285800	119.217000	136.287000	140.819000	124.250000	127.055000	106.810000	103.936000	123.737000	131.030000	131.847000	140.482000	159.191000	167.957000	157.101000	166.150000	183.597000	147.763000	130.174000	0.478000	0.000000	0.351202	0.000000	0.308377	0.000000	0.243500	0.000000	0.223021	0.000000	0.199258	0.000000	0.164440	0.000000	0.163356	0.002100	0.164268	0.053800	0.148203	0.259400	89.000000	104.915000	106.107000	120.358000	193.576000	222.202000	208.545000	200.299000	214.830000	222.851000	207.810000	188.443000	0.195856	0.519900	0.294963	0.705500	0.389815	0.948600	0.473622	0.877400	0.535962	0.381700	0.559178	0.239400	0.558533	0.007900	0.544904	0.000000	0.539002	0.000000	0.591232	0.000000	0.626366	0.000000	0.631323	0.000000	0.388314	0.000000	0.344430	0.000000	4.203330	7.148080	8.229300	5.179480	2.243880	6.129190	9.026780	3.510520	3.752710	15.435100	7.829830	44.341700	91.561900	246.201000	14.785100	0.375799	69.829000	0.000000	29.534300	2.010520	1.916200	3.159690	3.578490	3.708250	
   69	129.000000	117.190000	100.800000	94.990000	92.530000	91.210000	100.000000	110.030000	125.070000	120.730000	111.070000	105.670000	94.000000	100.700000	100.830000	112.000000	129.220000	143.200000	146.850000	143.670000	144.240000	142.480000	137.260000	129.350000	40.000000	47.840000	39.600000	50.160000	48.920000	46.200000	38.400000	40.000000	221.200000	481.760000	60.000000	29.280000	26.800000	28.120000	26.000000	52.880000	97.760000	104.760000	18.360000	20.000000	20.000000	14.520000	26.040000	60.280000	122.410000	134.627000	116.256000	114.569000	121.149000	120.061000	134.885000	156.167000	155.573000	126.694000	127.235000	106.154000	102.845000	106.196000	104.849000	108.891000	129.516000	159.522000	169.675000	146.149000	150.162000	173.652000	154.174000	131.542000	110.000000	124.753000	103.920000	97.166400	96.024100	98.907700	123.171000	136.945000	144.225000	134.325000	114.041000	94.972000	105.665000	107.404000	108.843000	109.360000	114.254000	143.241000	152.779000	152.709000	149.499000	174.059000	138.321000	130.452000	0.478000	0.000000	0.376044	0.000000	0.321203	0.000000	0.267343	0.000000	0.256011	0.000000	0.203876	0.000000	0.147086	0.000000	0.121779	0.003300	0.111087	0.068700	0.113989	0.306800	89.000000	121.312000	117.543000	134.148000	143.001000	170.873000	151.764000	138.388000	141.130000	159.824000	150.484000	136.863000	0.092860	0.518500	0.249495	0.521000	0.334914	0.839900	0.386464	0.365700	0.423710	0.519800	0.453918	0.161400	0.489368	0.003600	0.520512	0.000000	0.530797	0.000000	0.508344	0.000000	0.459427	0.000000	0.461158	0.000000	0.478638	0.000000	0.455710	0.000000	4.203330	6.280300	7.114950	5.534270	2.578240	7.953900	8.516990	3.025590	3.370060	14.590900	18.185700	59.525500	121.544000	139.152000	0.000000	0.000000	60.067000	0.000000	27.644100	2.666470	1.329490	3.355320	3.668840	3.849050	
   70	129.000000	117.190000	100.800000	94.990000	92.530000	91.210000	100.000000	110.030000	125.070000	120.730000	111.070000	105.670000	94.000000	100.700000	100.830000	112.000000	129.220000	143.200000	146.850000	143.670000	144.240000	142.480000	137.260000	129.350000	40.000000	47.840000	39.600000	50.160000	48.920000	46.200000	38.400000	40.000000	221.200000	481.760000	60.000000	29.280000	26.800000	28.120000	26.000000	52.880000	97.760000	104.760000	18.360000	20.000000	20.000000	14.520000	26.040000	60.280000	122.410000	138.163000	129.287000	121.669000	125.138000	125.767000	135.388000	143.487000	148.943000	147.573000	109.614000	93.889600	89.562300	97.594500	103.408000	108.742000	124.198000	147.391000	153.256000	154.732000	150.278000	160.814000	154.137000	138.023000	110.000000	117.576000	113.934000	90.157700	93.349100	99.498300	117.011000	137.418000	122.015000	106.701000	85.058600	88.675500	88.749700	90.179500	88.677800	86.792000	85.855300	105.488000	127.366000	134.872000	128.609000	119.943000	109.196000	92.970800	0.478000	0.000000	0.307710	0.000000	0.297565	0.000000	0.249208	0.000000	0.215473	0.000000	0.181641	0.000000	0.126766	0.000000	0.096886	0.005600	0.110411	0.113700	0.129626	0.305700	89.000000	121.580000	86.905600	112.077000	139.437000	180.076000	183.516000	190.466000	189.196000	171.697000	181.223000	159.864000	0.168459	0.512300	0.218071	0.556600	0.277887	0.378100	0.345358	0.397200	0.417555	0.400700	0.473243	0.311800	0.533218	0.006300	0.590835	0.000000	0.574840	0.000000	0.519379	0.000000	0.468755	0.000000	0.482122	0.000000	0.537765	0.000000	0.604228	0.000000	4.203330	5.945100	7.073690	4.846930	2.412930	10.482100	7.908240	2.819370	3.746420	15.012500	32.036300	90.420100	119.766000	70.601700	32.723800	0.000000	107.468000	10.116800	31.505700	4.275500	4.482160	3.085250	3.646070	3.335590	
   71	129.000000	117.190000	100.800000	94.990000	92.530000	91.210000	100.000000	110.030000	125.070000	120.730000	111.070000	105.670000	94.000000	100.700000	100.830000	112.000000	129.220000	143.200000	146.850000	143.670000	144.240000	142.480000	137.260000	129.350000	40.000000	47.840000	39.600000	50.160000	48.920000	46.200000	38.400000	40.000000	221.200000	481.760000	60.000000	29.280000	26.800000	28.120000	26.000000	52.880000	97.760000	104.760000	18.360000	20.000000	20.000000	14.520000	26.040000	60.280000	122.410000	126.604000	115.732000	111.397000	117.103000	125.316000	139.177000	156.783000	167.882000	147.605000	126.946000	109.189000	109.448000	112.217000	111.298000	105.402000	124.589000	175.296000	165.085000	159.657000	158.429000	168.976000	162.279000	145.373000	110.000000	131.074000	118.661000	108.999000	103.814000	118.632000	127.103000	150.338000	155.333000	132.636000	110.386000	108.816000	104.318000	108.886000	109.186000	112.019000	128.731000	154.132000	161.534000	150.350000	165.787000	159.019000	133.517000	125.472000	0.478000	0.000000	0.363235	0.000000	0.346877	0.000000	0.294180	0.000000	0.251079	0.000000	0.142853	0.000000	0.042157	0.000000	0.050408	0.003000	0.070509	0.153600	0.010503	0.577200	89.000000	113.217000	109.827000	118.037000	146.591000	172.468000	142.280000	160.626000	171.485000	174.773000	163.812000	153.366000	0.108956	0.625700	0.171906	0.696100	0.263897	0.897500	0.333666	0.682000	0.432946	0.491700	0.400826	0.341700	0.433368	0.005900	0.495662	0.000000	0.511451	0.000000	0.473708	0.000000	0.453983	0.000000	0.449699	0.000000	0.420884	0.000000	0.416391	0.000000	4.203330	6.867940	8.006200	5.886260	3.085430	7.441440	8.910980	3.180650	4.076190	14.292000	14.504800	62.497300	114.774000	102.032000	3.725370	0.000000	66.184900	0.000000	38.322400	1.914650	1.912970	3.186230	3.872100	3.812900	
   72	129.000000	117.190000	100.800000	94.990000	92.530000	91.210000	100.000000	110.030000	125.070000	120.730000	111.070000	105.670000	94.000000	100.700000	100.830000	112.000000	129.220000	143.200000	146.850000	143.670000	144.240000	142.480000	137.260000	129.350000	40.000000	47.840000	39.600000	50.160000	48.920000	46.200000	38.400000	40.000000	221.200000	481.760000	60.000000	29.280000	26.800000	28.120000	26.000000	52.880000	97.760000	104.760000	18.360000	20.000000	20.000000	14.520000	26.040000	60.280000	122.410000	135.453000	129.386000	119.532000	120.312000	127.358000	138.124000	161.620000	161.861000	146.287000	117.438000	97.310700	94.433300	94.652100	89.739500	100.108000	122.775000	137.398000	175.521000	159.099000	156.992000	173.529000	153.008000	149.139000	110.000000	120.635000	101.164000	90.547100	99.807100	102.643000	122.975000	147.442000	132.336000	131.345000	121.193000	102.283000	112.674000	106.818000	105.717000	106.571000	110.181000	136.276000	151.717000	167.813000	173.393000	154.230000	134.044000	130.174000	0.478000	0.000000	0.395226	0.000000	0.434341	0.000000	0.358369	0.000000	0.306758	0.000000	0.219684	0.000000	0.135548	0.000000	0.062458	0.003300	0.000000	0.066300	0.000000	0.434600	89.000000	129.566000	135.361000	147.053000	171.179000	180.385000	157.825000	160.767000	153.088000	181.750000	158.524000	150.734000	0.000000	0.655800	0.000000	0.449900	0.088843	0.311800	0.165499	0.251600	0.234797	0.244500	0.300142	0.163500	0.379058	0.001700	0.435591	0.000000	0.441508	0.000000	0.418535	0.000000	0.375158	0.000000	0.341501	0.000000	0.310866	0.000000	0.284127	0.000000	4.203330	5.591840	6.695430	4.840930	2.540930	8.803190	7.906390	3.034320	4.117830	14.299400	18.840600	64.018400	129.333000	93.135500	0.000000	11.668100	48.259200	0.000000	59.204000	2.174270	1.866770	3.266770	3.862380	3.831940	
   73	129.000000	117.190000	100.800000	94.990000	92.530000	91.210000	100.000000	110.030000	125.070000	120.730000	111.070000	105.670000	94.000000	100.700000	100.830000	112.000000	129.220000	143.200000	146.850000	143.670000	144.240000	142.480000	137.260000	129.350000	40.000000	47.840000	39.600000	50.160000	48.920000	46.200000	38.400000	40.000000	221.200000	481.760000	60.000000	29.280000	26.800000	28.120000	26.000000	52.880000	97.760000	104.760000	18.360000	20.000000	20.000000	14.520000	26.040000	60.280000	122.410000	135.453000	129.386000	119.532000	120.312000	127.358000	138.124000	161.620000	161.861000	146.287000	117.438000	97.310700	94.433300	94.652100	89.739500	100.108000	122.775000	137.398000	175.521000	159.099000	156.992000	173.529000	153.008000	149.139000	110.000000	120.635000	101.164000	90.547100	99.807100	102.643000	122.975000	147.442000	132.336000	131.345000	121.193000	102.283000	112.674000	106.818000	105.717000	106.571000	110.181000	136.276000	151.717000	167.813000	173.393000	154.230000	134.044000	130.174000	0.478000	0.000000	0.395226	0.000000	0.434341	0.000000	0.358369	0.000000	0.306758	0.000000	0.398647	0.000000	0.088409	0.000000	0.050408	0.002600	0.049909	0.069400	0.062582	0.376100	89.000000	126.909000	124.915000	142.306000	160.630000	192.724000	171.028000	183.670000	166.369000	170.309000	159.956000	150.317000	0.105821	0.758700	0.188354	0.616200	0.276744	0.647300	0.337664	0.785900	0.361660	0.707900	0.345725	0.387800	0.335583	0.007300	0.393918	0.000000	0.441876	0.000000	0.444180	0.000000	0.428323	0.000000	0.416249	0.000000	0.396274	0.000000	0.367874	0.000000	4.203330	6.883440	7.999720	4.507890	1.175610	8.674240	8.717650	2.949560	4.153940	14.524800	0.000000	69.210200	74.619500	0.000000	71.436700	0.000000	65.131900	0.000000	27.853100	1.935760	1.601410	2.985000	3.751550	3.805010	
   74	129.000000	117.190000	100.800000	94.990000	92.530000	91.210000	100.000000	110.030000	125.070000	120.730000	111.070000	105.670000	94.000000	100.700000	100.830000	112.000000	129.220000	143.200000	146.850000	143.670000	144.240000	142.480000	137.260000	129.350000	40.000000	47.840000	39.600000	50.160000	48.920000	46.200000	38.400000	40.000000	221.200000	481.760000	60.000000	29.280000	26.800000	28.120000	26.000000	52.880000	97.760000	104.760000	18.360000	20.000000	20.000000	14.520000	26.040000	60.280000	122.410000	134.280000	125.380000	121.663000	123.056000	127.610000	135.579000	161.246000	164.915000	141.721000	123.716000	102.831000	90.732300	100.075000	102.048000	102.340000	129.465000	147.402000	169.399000	150.868000	155.702000	166.739000	151.162000	138.199000	110.000000	125.291000	120.952000	114.806000	111.860000	105.077000	123.307000	128.079000	147.945000	127.910000	135.950000	100.181000	94.898000	106.034000	95.277000	103.917000	127.794000	149.880000	153.224000	156.690000	153.984000	139.760000	143.200000	135.125000	0.478000	0.000000	0.351202	0.000000	0.308377	0.000000	0.243500	0.000000	0.223021	0.000000	0.199258	0.000000	0.164440	0.000000	0.142242	0.002500	0.163820	0.064800	0.000000	0.486100	89.000000	120.909000	119.758000	137.185000	138.319000	170.341000	192.860000	170.843000	173.530000	182.757000	165.995000	167.414000	0.195856	0.680500	0.185364	0.826000	0.397571	0.721300	0.425329	0.555800	0.417555	0.385200	0.473243	0.291500	0.533218	0.005900	0.572799	0.000000	0.593000	0.000000	0.583285	0.000000	0.570027	0.000000	0.540960	0.000000	0.513017	0.000000	0.470762	0.000000	4.203330	5.702150	6.443910	5.724460	3.906490	6.753580	7.302470	2.992840	3.912120	14.275400	28.585100	55.237700	113.025000	165.135000	5.517910	12.363300	52.435700	0.556682	20.388200	2.649410	1.904930	3.119250	3.777740	3.687600	
   75	129.000000	117.190000	100.800000	94.990000	92.530000	91.210000	100.000000	110.030000	125.070000	120.730000	111.070000	105.670000	94.000000	100.700000	100.830000	112.000000	129.220000	143.200000	146.850000	143.670000	144.240000	142.480000	137.260000	129.350000	40.000000	47.840000	39.600000	50.160000	48.920000	46.200000	38.400000	40.000000	221.200000	481.760000	60.000000	29.280000	26.800000	28.120000	26.000000	52.880000	97.760000	104.760000	18.360000	20.000000	20.000000	14.520000	26.040000	60.280000	122.410000	138.163000	129.287000	121.669000	125.138000	125.767000	135.388000	143.487000	148.943000	147.573000	109.614000	93.889600	89.562300	97.594500	103.408000	108.742000	124.198000	147.391000	153.256000	154.732000	150.278000	160.814000	154.137000	138.023000	110.000000	133.233000	119.220000	99.556000	68.472100	76.651300	89.079700	108.731000	122.015000	106.701000	85.058600	88.675500	88.749700	90.179500	88.677800	86.792000	85.855300	105.488000	127.366000	134.872000	128.609000	119.943000	109.196000	92.970800	0.478000	0.000000	0.431346	0.000000	0.437265	0.000000	0.362445	0.000000	0.221681	0.000000	0.194179	0.000000	0.158587	0.000000	0.158527	0.004700	0.110411	0.092300	0.129626	0.445100	89.000000	139.260000	143.403000	153.006000	160.463000	194.792000	176.850000	176.752000	166.438000	177.497000	165.345000	153.808000	0.168459	0.641500	0.218071	0.727800	0.277887	0.620100	0.345358	0.556400	0.417555	0.514200	0.473243	0.209400	0.533218	0.004100	0.590835	0.000000	0.574840	0.000000	0.519379	0.000000	0.468755	0.000000	0.482122	0.000000	0.537765	0.000000	0.604228	0.000000	4.203330	5.956630	6.758970	4.373280	3.093840	8.191410	8.209780	2.895420	3.746420	15.012500	32.036300	90.420100	119.766000	70.601700	32.723800	0.000000	107.468000	10.116800	31.505700	4.275500	4.482160	3.085250	3.646070	3.335590	
   76	129.000000	117.190000	100.800000	94.990000	92.530000	91.210000	100.000000	110.030000	125.070000	120.730000	111.070000	105.670000	94.000000	100.700000	100.830000	112.000000	129.220000	143.200000	146.850000	143.670000	144.240000	142.480000	137.260000	129.350000	40.000000	47.840000	39.600000	50.160000	48.920000	46.200000	38.400000	40.000000	221.200000	481.760000	60.000000	29.280000	26.800000	28.120000	26.000000	52.880000	97.760000	104.760000	18.360000	20.000000	20.000000	14.520000	26.040000	60.280000	122.410000	128.152000	119.680000	113.264000	118.353000	117.328000	135.693000	155.058000	156.369000	143.373000	133.230000	116.601000	110.147000	110.660000	120.820000	115.743000	144.943000	167.692000	173.249000	163.523000	131.933000	151.632000	147.109000	138.846000	110.000000	122.268000	108.816000	100.615000	104.451000	105.429000	121.968000	152.406000	145.813000	131.831000	101.331000	102.788000	107.928000	118.489000	136.302000	120.308000	127.915000	150.631000	156.050000	165.615000	143.126000	141.473000	137.043000	131.359000	0.478000	0.000000	0.429446	0.000000	0.379831	0.000000	0.176406	0.000000	0.141451	0.000000	0.108673	0.000000	0.093900	0.000000	0.099180	0.003200	0.095924	0.072100	0.107372	0.279500	89.000000	128.132000	130.221000	143.611000	144.443000	172.480000	148.218000	172.001000	173.695000	175.899000	165.885000	154.476000	0.159237	0.421100	0.261364	0.273800	0.414658	0.317600	0.566399	0.531300	0.676356	0.322300	0.665977	0.129300	0.716901	0.003000	0.818761	0.000000	0.868762	0.000000	0.876994	0.000000	0.872609	0.000000	0.886175	0.000000	0.859752	0.000000	0.828738	0.000000	4.203330	5.924280	6.693070	4.998470	1.969000	7.510050	8.593480	2.994990	3.204750	15.787500	0.000000	51.886400	115.193000	226.070000	33.122500	3.742710	64.224200	0.000000	26.146700	2.444330	2.294870	3.173710	3.916640	3.677490	
   77	129.000000	117.190000	100.800000	94.990000	92.530000	91.210000	100.000000	110.030000	125.070000	120.730000	111.070000	105.670000	94.000000	100.700000	100.830000	112.000000	129.220000	143.200000	146.850000	143.670000	144.240000	142.480000	137.260000	129.350000	40.000000	47.840000	39.600000	50.160000	48.920000	46.200000	38.400000	40.000000	221.200000	481.760000	60.000000	29.280000	26.800000	28.120000	26.000000	52.880000	97.760000	104.760000	18.360000	20.000000	20.000000	14.520000	26.040000	60.280000	122.410000	130.078000	114.009000	114.964000	117.110000	120.695000	129.599000	155.964000	158.140000	140.762000	135.225000	104.192000	95.815600	107.729000	105.620000	108.237000	130.619000	136.371000	164.564000	155.670000	149.956000	173.649000	154.492000	126.778000	110.000000	121.826000	110.406000	103.917000	102.972000	110.374000	122.738000	141.653000	140.314000	110.275000	95.635600	80.529100	83.509200	92.686800	100.631000	102.635000	78.921900	111.659000	144.219000	136.750000	129.769000	139.452000	117.646000	91.771800	0.478000	0.000000	0.380359	0.000000	0.354083	0.000000	0.270703	0.000000	0.229050	0.000000	0.194488	0.000000	0.150999	0.000000	0.129553	0.003700	0.084348	0.043300	0.058003	0.330900	89.000000	122.657000	145.534000	138.698000	160.688000	192.456000	192.668000	184.103000	167.405000	172.321000	158.541000	153.668000	0.018416	0.656100	0.237096	0.853100	0.324541	1.002900	0.383619	0.964200	0.432777	0.301800	0.486808	0.177200	0.689923	0.003500	0.746092	0.000000	0.717393	0.000000	0.663469	0.000000	0.598521	0.000000	0.569983	0.000000	0.497598	0.000000	0.473304	0.000000	4.203330	6.266010	7.800360	4.903830	2.632460	8.314220	8.846410	3.312680	3.859940	15.644300	9.594190	66.874500	128.340000	91.889700	23.886100	8.509130	32.535200	0.000000	14.145800	2.212670	2.029720	3.123630	3.684460	5.036180	
   78	129.000000	117.190000	100.800000	94.990000	92.530000	91.210000	100.000000	110.030000	125.070000	120.730000	111.070000	105.670000	94.000000	100.700000	100.830000	112.000000	129.220000	143.200000	146.850000	143.670000	144.240000	142.480000	137.260000	129.350000	40.000000	47.840000	39.600000	50.160000	48.920000	46.200000	38.400000	40.000000	221.200000	481.760000	60.000000	29.280000	26.800000	28.120000	26.000000	52.880000	97.760000	104.760000	18.360000	20.000000	20.000000	14.520000	26.040000	60.280000	122.410000	125.841000	117.903000	113.841000	112.363000	122.669000	139.601000	158.491000	158.698000	148.044000	115.096000	105.962000	101.845000	105.159000	106.355000	109.897000	130.914000	149.359000	161.854000	156.643000	151.595000	158.550000	149.234000	126.238000	110.000000	120.635000	101.164000	103.917000	102.972000	110.374000	122.738000	141.653000	140.314000	110.275000	95.635600	80.529100	83.509200	92.686800	100.631000	102.635000	99.649700	121.348000	149.257000	154.725000	152.161000	145.031000	138.452000	114.420000	0.478000	0.000000	0.398066	0.000000	0.523876	0.000000	0.398479	0.000000	0.344693	0.000000	0.258217	0.000000	0.288578	0.000000	0.266352	0.004100	0.161929	0.092400	0.111463	0.406400	89.000000	123.455000	121.308000	127.741000	133.072000	159.514000	175.871000	179.324000	172.785000	212.701000	178.158000	157.911000	0.118211	0.668800	0.235380	0.865900	0.324541	0.991800	0.249609	0.840000	0.512764	0.545800	0.535120	0.332600	0.536933	0.003700	0.628691	0.000000	0.557380	0.000000	0.572860	0.000000	0.509174	0.000000	0.547865	0.000000	0.517617	0.000000	0.464780	0.000000	4.203330	6.141650	6.912290	4.934660	2.181580	7.689440	8.154610	3.016290	4.111980	14.861700	10.072500	57.332900	115.594000	117.307000	7.480590	2.596100	60.255100	0.793487	38.261100	2.215650	2.115840	3.032710	3.345970	3.247980	
   79	129.000000	117.190000	100.800000	94.990000	92.530000	91.210000	100.000000	110.030000	125.070000	120.730000	111.070000	105.670000	94.000000	100.700000	100.830000	112.000000	129.220000	143.200000	146.850000	143.670000	144.240000	142.480000	137.260000	129.350000	40.000000	47.840000	39.600000	50.160000	48.920000	46.200000	38.400000	40.000000	221.200000	481.760000	60.000000	29.280000	26.800000	28.120000	26.000000	52.880000	97.760000	104.760000	18.360000	20.000000	20.000000	14.520000	26.040000	60.280000	122.410000	128.152000	119.680000	113.264000	118.353000	117.328000	135.693000	155.058000	156.369000	143.373000	133.230000	116.601000	110.147000	110.660000	120.820000	115.743000	144.943000	167.692000	173.249000	163.523000	131.933000	151.632000	147.109000	138.846000	110.000000	122.268000	108.816000	100.615000	104.451000	105.429000	121.968000	152.406000	145.813000	131.831000	101.331000	102.788000	107.928000	118.489000	136.302000	120.308000	127.915000	150.631000	156.050000	165.615000	143.126000	141.473000	137.043000	131.359000	0.478000	0.000000	0.314120	0.000000	0.245655	0.000000	0.176406	0.000000	0.141451	0.000000	0.108673	0.000000	0.093900	0.000000	0.099180	0.005400	0.095924	0.073200	0.107372	0.336700	89.000000	116.841000	113.712000	129.591000	129.940000	159.377000	160.625000	175.502000	203.527000	181.498000	170.126000	150.151000	0.159237	0.464100	0.261364	0.554900	0.414658	0.751500	0.566399	1.208600	0.676356	0.981800	0.665977	0.544700	0.716901	0.008500	0.818761	0.000000	0.868762	0.000000	0.876994	0.000000	0.872609	0.000000	0.886175	0.000000	0.859752	0.000000	0.287398	0.000000	4.203330	6.632060	7.775110	4.998470	1.969000	7.510050	8.593480	2.994990	3.204750	15.787500	0.000000	51.886400	115.193000	226.070000	33.122500	3.742710	64.224200	0.000000	26.146700	2.444330	2.294870	3.173710	3.916640	3.761030	
   80	129.000000	117.190000	100.800000	94.990000	92.530000	91.210000	100.000000	110.030000	125.070000	120.730000	111.070000	105.670000	94.000000	100.700000	100.830000	112.000000	129.220000	143.200000	146.850000	143.670000	144.240000	142.480000	137.260000	129.350000	40.000000	47.840000	39.600000	50.160000	48.920000	46.200000	38.400000	40.000000	221.200000	481.760000	60.000000	29.280000	26.800000	28.120000	26.000000	52.880000	97.760000	104.760000	18.360000	20.000000	20.000000	14.520000	26.040000	60.280000	122.410000	134.280000	125.380000	121.663000	123.056000	127.610000	135.579000	161.246000	164.915000	141.721000	123.716000	102.831000	90.732300	100.075000	102.048000	102.340000	129.465000	147.402000	169.399000	150.868000	155.702000	166.739000	151.162000	138.199000	110.000000	125.291000	120.952000	114.806000	111.860000	105.077000	123.307000	128.079000	147.945000	127.910000	135.950000	100.181000	94.898000	106.034000	95.277000	103.917000	127.794000	149.880000	153.224000	156.690000	153.984000	139.760000	143.200000	135.125000	0.478000	0.000000	0.351202	0.000000	0.308377	0.000000	0.243500	0.000000	0.223021	0.000000	0.199258	0.000000	0.164440	0.000000	0.142242	0.002500	0.163820	0.064800	0.000000	0.486100	89.000000	120.909000	119.758000	137.185000	138.319000	170.341000	192.860000	170.843000	173.530000	182.757000	165.995000	167.414000	0.195856	0.680500	0.185364	0.826000	0.397571	0.721300	0.425329	0.555800	0.417555	0.385200	0.473243	0.291500	0.533218	0.005900	0.572799	0.000000	0.593000	0.000000	0.583285	0.000000	0.570027	0.000000	0.540960	0.000000	0.513017	0.000000	0.470762	0.000000	4.203330	5.702150	6.443910	5.724460	3.906490	6.753580	7.302470	2.992840	3.912120	14.275400	28.585100	55.237700	113.025000	165.135000	5.517910	12.363300	52.435700	0.556682	20.388200	2.649410	1.904930	3.119250	3.777740	3.687600	
   81	129.000000	117.190000	100.800000	94.990000	92.530000	91.210000	100.000000	110.030000	125.070000	120.730000	111.070000	105.670000	94.000000	100.700000	100.830000	112.000000	129.220000	143.200000	146.850000	143.670000	144.240000	142.480000	137.260000	129.350000	40.000000	47.840000	39.600000	50.160000	48.920000	46.200000	38.400000	40.000000	221.200000	481.760000	60.000000	29.280000	26.800000	28.120000	26.000000	52.880000	97.760000	104.760000	18.360000	20.000000	20.000000	14.520000	26.040000	60.280000	122.410000	138.163000	129.287000	121.669000	125.138000	125.767000	135.388000	143.487000	148.943000	147.573000	109.614000	93.889600	89.562300	97.594500	103.408000	108.742000	124.198000	147.391000	153.256000	154.732000	150.278000	160.814000	154.137000	138.023000	110.000000	105.291000	93.563800	90.913100	94.732800	99.645900	113.879000	137.190000	149.968000	128.645000	90.582300	99.335100	95.378300	102.276000	97.325000	101.525000	83.202100	114.174000	135.124000	134.232000	130.459000	134.412000	123.154000	112.310000	0.478000	0.000000	0.335667	0.000000	0.285979	0.000000	0.188797	0.000000	0.127239	0.000000	0.072929	0.000000	0.026087	0.000000	0.010403	0.002500	0.000000	0.056200	0.000000	0.266000	89.000000	129.258000	127.964000	141.553000	193.576000	222.202000	208.545000	200.299000	214.830000	222.851000	207.810000	188.443000	0.055282	0.420300	0.135108	0.439600	0.200372	0.763300	0.247894	0.623400	0.289312	0.334900	0.323815	0.174300	0.576780	0.002800	0.709129	0.000000	0.811169	0.000000	0.875403	0.000000	0.896311	0.000000	0.907637	0.000000	0.895675	0.000000	0.872827	0.000000	4.203330	6.413030	7.286860	5.494360	3.716600	7.633130	8.268160	2.846140	3.927980	14.856100	33.264300	78.682100	133.723000	15.562600	0.000000	0.000000	65.534900	0.799329	26.984700	1.653830	1.813360	2.863370	3.622200	3.319360	
   82	129.000000	117.190000	100.800000	94.990000	92.530000	91.210000	100.000000	110.030000	125.070000	120.730000	111.070000	105.670000	94.000000	100.700000	100.830000	112.000000	129.220000	143.200000	146.850000	143.670000	144.240000	142.480000	137.260000	129.350000	40.000000	47.840000	39.600000	50.160000	48.920000	46.200000	38.400000	40.000000	221.200000	481.760000	60.000000	29.280000	26.800000	28.120000	26.000000	52.880000	97.760000	104.760000	18.360000	20.000000	20.000000	14.520000	26.040000	60.280000	122.410000	130.078000	114.009000	114.964000	117.110000	120.695000	129.599000	155.964000	158.140000	140.762000	135.225000	104.192000	95.815600	107.729000	105.620000	108.237000	130.619000	136.371000	164.564000	155.670000	149.956000	173.649000	154.492000	126.778000	110.000000	121.826000	110.406000	103.917000	102.972000	110.374000	122.738000	141.653000	140.314000	110.275000	95.635600	80.529100	83.509200	92.686800	100.631000	102.635000	78.921900	111.659000	144.219000	136.750000	129.769000	139.452000	117.646000	91.771800	0.478000	0.000000	0.380359	0.000000	0.354083	0.000000	0.270703	0.000000	0.229050	0.000000	0.194488	0.000000	0.150999	0.000000	0.129553	0.003700	0.084348	0.043300	0.058003	0.330900	89.000000	122.657000	145.534000	138.698000	160.688000	192.456000	192.668000	184.103000	167.405000	172.321000	158.541000	153.668000	0.018416	0.656100	0.237096	0.853100	0.324541	1.002900	0.383619	0.964200	0.432777	0.301800	0.486808	0.177200	0.689923	0.003500	0.746092	0.000000	0.717393	0.000000	0.663469	0.000000	0.598521	0.000000	0.569983	0.000000	0.497598	0.000000	0.473304	0.000000	4.203330	6.266010	7.800360	4.903830	2.632460	8.314220	8.846410	3.312680	3.859940	15.644300	9.594190	66.874500	128.340000	91.889700	23.886100	8.509130	32.535200	0.000000	14.145800	2.212670	2.029720	3.123630	3.684460	5.036180	
   83	129.000000	117.190000	100.800000	94.990000	92.530000	91.210000	100.000000	110.030000	125.070000	120.730000	111.070000	105.670000	94.000000	100.700000	100.830000	112.000000	129.220000	143.200000	146.850000	143.670000	144.240000	142.480000	137.260000	129.350000	40.000000	47.840000	39.600000	50.160000	48.920000	46.200000	38.400000	40.000000	221.200000	481.760000	60.000000	29.280000	26.800000	28.120000	26.000000	52.880000	97.760000	104.760000	18.360000	20.000000	20.000000	14.520000	26.040000	60.280000	122.410000	138.163000	129.287000	121.669000	125.138000	125.767000	135.388000	143.487000	148.943000	147.573000	109.614000	93.889600	89.562300	97.594500	103.408000	108.742000	124.198000	147.391000	153.256000	154.732000	150.278000	160.814000	154.137000	138.023000	110.000000	128.870000	106.303000	101.186000	98.309200	111.767000	120.454000	146.040000	139.926000	122.214000	93.454700	65.656700	58.511100	74.991600	76.857700	79.272900	77.481700	94.476300	137.963000	156.670000	150.119000	144.518000	138.987000	122.199000	0.478000	0.000000	0.404144	0.000000	0.377204	0.000000	0.306004	0.000000	0.226344	0.000000	0.157217	0.000000	0.104706	0.000000	0.079007	0.002900	0.092227	0.047100	0.125100	0.447900	89.000000	83.407900	86.334200	105.916000	108.346000	141.267000	155.270000	168.519000	178.770000	195.770000	171.155000	154.467000	0.207292	0.547900	0.373715	0.688300	0.584218	0.672800	0.688052	0.591600	0.706667	0.574500	0.724053	0.198000	0.733831	0.003200	0.746134	0.000000	0.770662	0.000000	0.510930	0.000000	0.483393	0.000000	0.448895	0.000000	0.441558	0.000000	0.483961	0.000000	4.203330	6.574080	7.151290	4.591440	1.556880	8.975440	8.144880	2.784360	4.332700	14.196300	16.486700	51.089200	137.570000	205.312000	0.000000	0.000000	75.910700	3.005130	27.361200	1.829780	1.327500	2.985930	3.962920	3.878680	
   84	129.000000	117.190000	100.800000	94.990000	92.530000	91.210000	100.000000	110.030000	125.070000	120.730000	111.070000	105.670000	94.000000	100.700000	100.830000	112.000000	129.220000	143.200000	146.850000	143.670000	144.240000	142.480000	137.260000	129.350000	40.000000	47.840000	39.600000	50.160000	48.920000	46.200000	38.400000	40.000000	221.200000	481.760000	60.000000	29.280000	26.800000	28.120000	26.000000	52.880000	97.760000	104.760000	18.360000	20.000000	20.000000	14.520000	26.040000	60.280000	122.410000	138.163000	129.287000	121.669000	125.138000	125.767000	135.388000	143.487000	148.943000	147.573000	109.614000	93.889600	89.562300	97.594500	103.408000	108.742000	124.198000	147.391000	153.256000	154.732000	150.278000	160.814000	154.137000	138.023000	110.000000	94.969000	79.673800	76.433600	71.819400	81.467500	104.020000	118.165000	118.353000	104.961000	78.614300	100.053000	111.384000	113.849000	105.300000	101.110000	104.048000	184.184000	152.981000	171.129000	155.967000	171.771000	152.207000	142.436000	0.478000	0.000000	0.382631	0.000000	0.391017	0.000000	0.339340	0.000000	0.289962	0.000000	0.234376	0.000000	0.224089	0.000000	0.232419	0.004700	0.209861	0.126300	0.181605	0.658800	89.000000	134.887000	145.534000	138.698000	160.688000	192.456000	192.668000	184.103000	167.405000	172.321000	158.541000	153.668000	0.173747	0.680500	0.172988	0.568500	0.247819	0.685800	0.309598	0.578900	0.373096	0.524800	0.443452	0.399800	0.543544	0.005300	0.598257	0.000000	0.647421	0.000000	0.640661	0.000000	0.610658	0.000000	0.598631	0.000000	0.576412	0.000000	0.555825	0.000000	4.203330	6.358050	7.107660	5.033200	2.718570	9.437710	9.798150	3.843260	3.624030	13.920200	16.673600	48.209400	89.841500	212.049000	25.086200	0.125372	57.326200	0.000000	0.000000	2.292300	1.872570	3.035400	3.702250	3.631600	
   85	129.000000	117.190000	100.800000	94.990000	92.530000	91.210000	100.000000	110.030000	125.070000	120.730000	111.070000	105.670000	94.000000	100.700000	100.830000	112.000000	129.220000	143.200000	146.850000	143.670000	144.240000	142.480000	137.260000	129.350000	40.000000	47.840000	39.600000	50.160000	48.920000	46.200000	38.400000	40.000000	221.200000	481.760000	60.000000	29.280000	26.800000	28.120000	26.000000	52.880000	97.760000	104.760000	18.360000	20.000000	20.000000	14.520000	26.040000	60.280000	122.410000	134.280000	125.380000	121.663000	123.056000	127.610000	135.579000	161.246000	164.915000	141.721000	123.716000	102.831000	90.732300	100.075000	102.048000	102.340000	129.465000	147.402000	169.399000	150.868000	155.702000	166.739000	151.162000	138.199000	110.000000	125.291000	120.952000	114.806000	111.860000	105.077000	123.307000	128.079000	147.945000	127.910000	135.950000	100.181000	94.898000	106.034000	95.277000	103.917000	127.794000	149.880000	153.224000	156.690000	153.984000	139.760000	143.200000	135.125000	0.478000	0.000000	0.351202	0.000000	0.308377	0.000000	0.243500	0.000000	0.223021	0.000000	0.199258	0.000000	0.164440	0.000000	0.142242	0.002500	0.163820	0.064800	0.000000	0.486100	89.000000	120.909000	119.758000	137.185000	138.319000	170.341000	192.860000	170.843000	173.530000	182.757000	165.995000	167.414000	0.195856	0.680500	0.185364	0.826000	0.397571	0.721300	0.425329	0.555800	0.417555	0.385200	0.473243	0.291500	0.533218	0.005900	0.572799	0.000000	0.593000	0.000000	0.583285	0.000000	0.570027	0.000000	0.540960	0.000000	0.513017	0.000000	0.470762	0.000000	4.203330	5.702150	6.443910	5.724460	3.906490	6.753580	7.302470	2.992840	3.912120	14.275400	28.585100	55.237700	113.025000	165.135000	5.517910	12.363300	52.435700	0.556682	20.388200	2.649410	1.904930	3.119250	3.777740	3.687600	
   86	129.000000	117.190000	100.800000	94.990000	92.530000	91.210000	100.000000	110.030000	125.070000	120.730000	111.070000	105.670000	94.000000	100.700000	100.830000	112.000000	129.220000	143.200000	146.850000	143.670000	144.240000	142.480000	137.260000	129.350000	40.000000	47.840000	39.600000	50.160000	48.920000	46.200000	38.400000	40.000000	221.200000	481.760000	60.000000	29.280000	26.800000	28.120000	26.000000	52.880000	97.760000	104.760000	18.360000	20.000000	20.000000	14.520000	26.040000	60.280000	122.410000	134.167000	129.034000	121.442000	113.144000	114.909000	126.911000	155.929000	170.572000	141.426000	130.923000	111.979000	109.325000	112.313000	108.278000	113.193000	129.724000	143.402000	155.621000	164.192000	149.441000	170.513000	165.433000	152.773000	110.000000	133.233000	119.220000	99.556000	97.544000	102.605000	114.568000	141.876000	142.889000	116.517000	124.700000	107.292000	103.867000	104.443000	100.116000	102.683000	105.694000	133.801000	139.147000	156.530000	140.069000	151.069000	142.727000	129.445000	0.478000	0.000000	0.389418	0.000000	0.341312	0.000000	0.261877	0.000000	0.211976	0.000000	0.156707	0.000000	0.118276	0.000000	0.083428	0.003100	0.124385	0.066300	0.167217	0.407100	89.000000	129.758000	135.927000	155.754000	162.369000	186.206000	179.167000	193.555000	197.240000	201.412000	172.619000	160.726000	0.158315	0.518300	0.228007	0.658300	0.321474	1.100600	0.422157	0.682800	0.493995	0.492000	0.504568	0.241600	0.576780	0.005000	0.709129	0.000000	0.811169	0.000000	0.875403	0.000000	0.896311	0.000000	0.907637	0.000000	0.186915	0.000000	0.211447	0.000000	4.203330	6.113300	6.898440	5.186650	3.074640	6.130250	7.695160	2.914310	3.782170	12.924800	14.217300	61.398300	123.400000	193.684000	3.224230	0.587026	65.534900	0.799329	26.984700	1.653830	1.813360	2.863370	4.127730	4.184680	
   87	129.000000	117.190000	100.800000	94.990000	92.530000	91.210000	100.000000	110.030000	125.070000	120.730000	111.070000	105.670000	94.000000	100.700000	100.830000	112.000000	129.220000	143.200000	146.850000	143.670000	144.240000	142.480000	137.260000	129.350000	40.000000	47.840000	39.600000	50.160000	48.920000	46.200000	38.400000	40.000000	221.200000	481.760000	60.000000	29.280000	26.800000	28.120000	26.000000	52.880000	97.760000	104.760000	18.360000	20.000000	20.000000	14.520000	26.040000	60.280000	122.410000	128.060000	116.782000	115.284000	118.069000	122.374000	137.598000	150.192000	152.313000	145.250000	130.096000	109.189000	109.448000	112.217000	111.298000	112.496000	128.301000	151.043000	163.926000	157.499000	153.863000	174.076000	149.644000	134.662000	110.000000	116.312000	96.260000	80.064700	82.964000	101.198000	113.086000	126.538000	144.788000	116.796000	116.665000	101.872000	104.918000	113.331000	110.455000	112.764000	117.167000	139.568000	164.738000	165.570000	162.128000	159.462000	147.698000	127.096000	0.478000	0.000000	0.373037	0.000000	0.434341	0.000000	0.358369	0.000000	0.306758	0.000000	0.219684	0.000000	0.176448	0.000000	0.156540	0.004100	0.130492	0.038200	0.116270	0.265100	89.000000	141.206000	137.212000	146.572000	147.141000	178.036000	182.802000	166.898000	177.416000	188.107000	170.771000	159.417000	0.134558	0.418000	0.221644	0.510300	0.289355	0.707100	0.390286	0.504900	0.433250	0.520800	0.435575	0.390000	0.563137	0.004600	0.604303	0.000000	0.634857	0.000000	0.532663	0.000000	0.441633	0.000000	0.378653	0.000000	0.338035	0.000000	0.281150	0.000000	4.203330	5.591840	6.695430	4.840930	2.540930	8.803190	7.906390	3.034320	3.991380	14.295900	24.000100	59.476100	111.580000	175.814000	9.180980	0.096992	59.197600	0.000000	28.054200	2.376480	1.992760	3.111030	3.776810	3.641610	
   88	129.000000	117.190000	100.800000	94.990000	92.530000	91.210000	100.000000	110.030000	125.070000	120.730000	111.070000	105.670000	94.000000	100.700000	100.830000	112.000000	129.220000	143.200000	146.850000	143.670000	144.240000	142.480000	137.260000	129.350000	40.000000	47.840000	39.600000	50.160000	48.920000	46.200000	38.400000	40.000000	221.200000	481.760000	60.000000	29.280000	26.800000	28.120000	26.000000	52.880000	97.760000	104.760000	18.360000	20.000000	20.000000	14.520000	26.040000	60.280000	122.410000	138.163000	129.287000	121.669000	125.138000	125.767000	135.388000	143.487000	148.943000	147.573000	109.614000	93.889600	89.562300	97.594500	103.408000	108.742000	124.198000	147.391000	153.256000	154.732000	150.278000	160.814000	154.137000	138.023000	110.000000	123.020000	112.266000	101.487000	106.620000	114.919000	126.319000	140.837000	160.317000	134.765000	111.110000	101.575000	105.151000	121.547000	125.983000	136.179000	135.393000	149.493000	154.194000	156.001000	151.397000	148.486000	139.876000	128.472000	0.478000	0.000000	0.366366	0.000000	0.319240	0.000000	0.280857	0.000000	0.255812	0.000000	0.211216	0.000000	0.150578	0.000000	0.066350	0.003300	0.054671	0.085300	0.155628	0.443900	89.000000	94.043300	95.951800	110.962000	112.554000	141.114000	144.610000	151.064000	153.590000	202.076000	179.889000	167.230000	0.206259	0.796400	0.267189	0.911400	0.334536	0.619000	0.429152	0.635000	0.512908	0.535500	0.502796	0.368200	0.479982	0.008900	0.525410	0.000000	0.534700	0.000000	0.519460	0.000000	0.485300	0.000000	0.477104	0.000000	0.280361	0.000000	0.336683	0.000000	4.203330	5.732040	6.553270	5.385180	2.958950	8.910600	8.149980	2.993720	4.269900	17.771600	22.157600	57.870400	118.177000	121.530000	0.000000	1.818220	63.577300	0.000000	28.491200	2.697920	2.005680	3.056340	3.798010	3.780870	
   89	129.000000	117.190000	100.800000	94.990000	92.530000	91.210000	100.000000	110.030000	125.070000	120.730000	111.070000	105.670000	94.000000	100.700000	100.830000	112.000000	129.220000	143.200000	146.850000	143.670000	144.240000	142.480000	137.260000	129.350000	40.000000	47.840000	39.600000	50.160000	48.920000	46.200000	38.400000	40.000000	221.200000	481.760000	60.000000	29.280000	26.800000	28.120000	26.000000	52.880000	97.760000	104.760000	18.360000	20.000000	20.000000	14.520000	26.040000	60.280000	122.410000	128.152000	119.680000	113.264000	118.353000	117.328000	135.693000	155.058000	156.369000	143.373000	133.230000	116.601000	110.147000	110.660000	120.820000	115.743000	144.943000	167.692000	173.249000	163.523000	131.933000	151.632000	147.109000	138.846000	110.000000	120.170000	112.120000	102.334000	105.011000	99.006100	126.671000	125.491000	158.395000	127.803000	104.190000	107.682000	108.990000	119.796000	120.923000	120.253000	116.619000	149.777000	159.137000	179.341000	163.850000	141.074000	141.702000	129.224000	0.478000	0.000000	0.359675	0.000000	0.278212	0.000000	0.156666	0.000000	0.090383	0.000000	0.198542	0.000000	0.186625	0.000000	0.186661	0.005300	0.026663	0.091600	0.042670	0.403100	89.000000	126.886000	127.168000	116.935000	136.964000	167.770000	167.683000	168.519000	178.770000	195.770000	171.155000	154.467000	0.114738	0.382700	0.230205	0.560900	0.323451	0.335800	0.390286	0.642300	0.433250	0.358600	0.435575	0.200500	0.419549	0.001900	0.400660	0.000000	0.384082	0.000000	0.349803	0.000000	0.296023	0.000000	0.259487	0.000000	0.232286	0.000000	0.211943	0.000000	4.203330	6.346530	7.314010	5.138580	2.785230	7.838970	8.308930	3.069710	3.926830	14.730500	21.433500	55.376500	110.742000	197.100000	0.360572	0.000000	66.263200	0.000000	29.691600	2.099750	1.837400	3.137970	3.772910	3.658080	
   90	129.000000	117.190000	100.800000	94.990000	92.530000	91.210000	100.000000	110.030000	125.070000	120.730000	111.070000	105.670000	94.000000	100.700000	100.830000	112.000000	129.220000	143.200000	146.850000	143.670000	144.240000	142.480000	137.260000	129.350000	40.000000	47.840000	39.600000	50.160000	48.920000	46.200000	38.400000	40.000000	221.200000	481.760000	60.000000	29.280000	26.800000	28.120000	26.000000	52.880000	97.760000	104.760000	18.360000	20.000000	20.000000	14.520000	26.040000	60.280000	122.410000	134.167000	129.034000	121.442000	113.144000	114.909000	126.911000	155.929000	170.572000	141.426000	130.923000	111.979000	109.325000	112.313000	108.278000	113.193000	129.724000	143.402000	155.621000	164.192000	149.441000	170.513000	165.433000	152.773000	110.000000	133.233000	119.220000	99.556000	97.544000	102.605000	114.568000	141.876000	142.889000	116.517000	124.700000	107.292000	103.867000	104.443000	100.116000	102.683000	105.694000	133.801000	139.147000	156.530000	140.069000	151.069000	142.727000	129.445000	0.478000	0.000000	0.389418	0.000000	0.341312	0.000000	0.261877	0.000000	0.211976	0.000000	0.156707	0.000000	0.118276	0.000000	0.083428	0.003100	0.124385	0.066300	0.167217	0.407100	89.000000	129.758000	135.927000	155.754000	162.369000	186.206000	179.167000	193.555000	197.240000	201.412000	172.619000	160.726000	0.158315	0.518300	0.318127	0.333100	0.420519	0.566600	0.489416	0.573000	0.531144	0.426700	0.529531	0.337200	0.521556	0.005700	0.554011	0.000000	0.549165	0.000000	0.520915	0.000000	0.511696	0.000000	0.513125	0.000000	0.505034	0.000000	0.463106	0.000000	4.203330	5.956630	6.758970	4.373280	2.565470	8.161070	8.474910	3.072210	3.858810	14.779400	0.000000	51.931200	56.456300	124.042000	101.736000	2.660330	60.264800	20.207000	32.106500	1.686360	1.910420	3.082900	3.705320	3.736550	
   91	129.000000	117.190000	100.800000	94.990000	92.530000	91.210000	100.000000	110.030000	125.070000	120.730000	111.070000	105.670000	94.000000	100.700000	100.830000	112.000000	129.220000	143.200000	146.850000	143.670000	144.240000	142.480000	137.260000	129.350000	40.000000	47.840000	39.600000	50.160000	48.920000	46.200000	38.400000	40.000000	221.200000	481.760000	60.000000	29.280000	26.800000	28.120000	26.000000	52.880000	97.760000	104.760000	18.360000	20.000000	20.000000	14.520000	26.040000	60.280000	122.410000	124.037000	114.132000	113.275000	113.253000	119.958000	127.502000	154.234000	161.113000	150.443000	117.118000	92.435800	99.209500	106.910000	103.904000	112.087000	138.143000	156.042000	179.237000	161.304000	156.583000	175.546000	160.156000	145.250000	110.000000	117.576000	113.934000	90.157700	93.349100	99.498300	117.011000	137.418000	137.938000	148.220000	100.475000	96.403400	101.225000	95.663800	99.725700	101.175000	112.633000	133.205000	150.982000	166.242000	159.613000	158.907000	133.382000	121.715000	0.478000	0.000000	0.390638	0.000000	0.427945	0.000000	0.342803	0.000000	0.277398	0.000000	0.227400	0.000000	0.184110	0.000000	0.096886	0.003800	0.113117	0.107500	0.122778	0.394100	89.000000	124.510000	119.716000	129.271000	144.687000	179.497000	179.167000	193.555000	197.240000	201.412000	172.619000	160.726000	0.014842	0.645800	0.234476	0.659000	0.304101	0.630700	0.427716	0.690400	0.460242	0.529900	0.392509	0.273300	0.446424	0.003600	0.431908	0.000000	0.440510	0.000000	0.402969	0.000000	0.401194	0.000000	0.364435	0.000000	0.348599	0.000000	0.309115	0.000000	4.203330	5.602050	6.443170	5.097470	2.496220	7.935100	7.719910	3.039780	3.608300	14.567900	20.081200	64.940300	113.059000	161.322000	12.699300	0.000000	60.894600	0.000000	23.940600	2.207500	1.871310	3.027950	3.893610	3.615970	
   92	129.000000	117.190000	100.800000	94.990000	92.530000	91.210000	100.000000	110.030000	125.070000	120.730000	111.070000	105.670000	94.000000	100.700000	100.830000	112.000000	129.220000	143.200000	146.850000	143.670000	144.240000	142.480000	137.260000	129.350000	40.000000	47.840000	39.600000	50.160000	48.920000	46.200000	38.400000	40.000000	221.200000	481.760000	60.000000	29.280000	26.800000	28.120000	26.000000	52.880000	97.760000	104.760000	18.360000	20.000000	20.000000	14.520000	26.040000	60.280000	122.410000	126.604000	115.732000	111.397000	117.103000	125.316000	139.177000	156.783000	167.882000	147.605000	126.946000	109.189000	109.448000	112.217000	111.298000	105.402000	124.589000	175.296000	165.085000	159.657000	158.429000	168.976000	162.279000	145.373000	110.000000	131.074000	118.661000	108.999000	103.814000	118.632000	127.103000	150.338000	155.333000	132.636000	110.386000	108.816000	104.318000	108.886000	109.186000	112.019000	128.731000	154.132000	161.534000	150.350000	165.787000	159.019000	133.517000	125.472000	0.478000	0.000000	0.363235	0.000000	0.346877	0.000000	0.294180	0.000000	0.251079	0.000000	0.163099	0.000000	0.215133	0.000000	0.194314	0.002800	0.217083	0.104900	0.210074	0.430400	89.000000	134.887000	145.534000	138.698000	160.688000	192.456000	192.668000	184.103000	167.405000	172.321000	156.616000	152.723000	0.222255	0.628500	0.357530	0.749900	0.506259	0.643400	0.564641	0.703200	0.586252	0.545800	0.514341	0.293400	0.539899	0.004600	0.585045	0.000000	0.605955	0.000000	0.589150	0.000000	0.540273	0.000000	0.523688	0.000000	0.537667	0.000000	0.524260	0.000000	4.203330	6.466040	7.013620	5.108020	2.405090	7.823410	7.499050	3.031040	4.148110	14.676100	0.000000	57.768200	110.697000	82.248900	13.974800	1.133510	59.312600	0.010013	26.139600	2.081180	1.633780	2.965190	3.970270	3.350100	
   93	129.000000	117.190000	100.800000	94.990000	92.530000	91.210000	100.000000	110.030000	125.070000	120.730000	111.070000	105.670000	94.000000	100.700000	100.830000	112.000000	129.220000	143.200000	146.850000	143.670000	144.240000	142.480000	137.260000	129.350000	40.000000	47.840000	39.600000	50.160000	48.920000	46.200000	38.400000	40.000000	221.200000	481.760000	60.000000	29.280000	26.800000	28.120000	26.000000	52.880000	97.760000	104.760000	18.360000	20.000000	20.000000	14.520000	26.040000	60.280000	122.410000	131.702000	115.521000	115.185000	113.121000	120.369000	135.664000	156.329000	153.167000	133.724000	130.313000	103.895000	101.704000	107.028000	103.985000	108.674000	129.907000	153.309000	165.376000	158.369000	149.940000	170.107000	154.185000	134.963000	110.000000	119.111000	107.386000	96.672600	98.456000	95.258600	124.806000	141.239000	144.194000	127.753000	120.041000	93.368600	103.930000	108.538000	107.732000	109.791000	112.336000	139.445000	150.209000	158.005000	149.647000	163.017000	138.717000	103.008000	0.478000	0.000000	0.378963	0.000000	0.351009	0.000000	0.269013	0.000000	0.217965	0.000000	0.181571	0.000000	0.132599	0.000000	0.142429	0.005500	0.127712	0.130100	0.133781	0.592100	89.000000	113.217000	109.827000	118.037000	146.591000	172.468000	209.801000	189.517000	186.025000	199.351000	165.838000	159.390000	0.137041	0.505700	0.240981	0.729500	0.302562	0.911200	0.413396	0.781500	0.427937	0.810500	0.437399	0.335600	0.492321	0.008200	0.537090	0.000000	0.541856	0.000000	0.516818	0.000000	0.487424	0.000000	0.461491	0.000000	0.423503	0.000000	0.247688	0.000000	4.203330	6.214390	7.140570	5.655620	2.976960	8.516900	8.285990	3.016920	3.835070	14.815200	16.603000	59.473500	113.559000	161.322000	12.699300	1.495880	66.868100	0.000000	52.827400	1.858730	1.757220	3.158860	3.832740	3.770690	
   94	129.000000	117.190000	100.800000	94.990000	92.530000	91.210000	100.000000	110.030000	125.070000	120.730000	111.070000	105.670000	94.000000	100.700000	100.830000	112.000000	129.220000	143.200000	146.850000	143.670000	144.240000	142.480000	137.260000	129.350000	40.000000	47.840000	39.600000	50.160000	48.920000	46.200000	38.400000	40.000000	221.200000	481.760000	60.000000	29.280000	26.800000	28.120000	26.000000	52.880000	97.760000	104.760000	18.360000	20.000000	20.000000	14.520000	26.040000	60.280000	122.410000	134.627000	116.256000	114.569000	121.149000	120.061000	134.885000	156.167000	155.573000	126.694000	127.235000	106.154000	102.845000	106.196000	104.849000	108.891000	129.516000	159.522000	169.675000	146.149000	150.162000	173.652000	154.174000	131.542000	110.000000	124.753000	103.920000	97.166400	96.024100	98.907700	123.171000	136.945000	144.225000	134.325000	114.041000	94.972000	105.665000	107.404000	108.843000	109.360000	114.254000	143.241000	152.779000	152.709000	149.499000	174.059000	138.321000	130.452000	0.478000	0.000000	0.376044	0.000000	0.321203	0.000000	0.267343	0.000000	0.256011	0.000000	0.203876	0.000000	0.147086	0.000000	0.121779	0.003300	0.111087	0.068700	0.113989	0.306800	89.000000	121.312000	117.543000	134.148000	143.001000	170.873000	151.764000	138.388000	141.130000	159.824000	150.484000	136.863000	0.092860	0.518500	0.249495	0.521000	0.334914	0.839900	0.386464	0.365700	0.423710	0.519800	0.453918	0.161400	0.489368	0.003600	0.520512	0.000000	0.530797	0.000000	0.508344	0.000000	0.459427	0.000000	0.461158	0.000000	0.478638	0.000000	0.455710	0.000000	4.203330	6.280300	7.114950	5.534270	2.578240	7.953900	8.516990	3.025590	3.370060	14.590900	18.185700	59.525500	121.544000	139.152000	0.000000	0.000000	60.067000	0.000000	27.644100	2.666470	1.329490	3.355320	3.668840	3.849050	
   95	129.000000	117.190000	100.800000	94.990000	92.530000	91.210000	100.000000	110.030000	125.070000	120.730000	111.070000	105.670000	94.000000	100.700000	100.830000	112.000000	129.220000	143.200000	146.850000	143.670000	144.240000	142.480000	137.260000	129.350000	40.000000	47.840000	39.600000	50.160000	48.920000	46.200000	38.400000	40.000000	221.200000	481.760000	60.000000	29.280000	26.800000	28.120000	26.000000	52.880000	97.760000	104.760000	18.360000	20.000000	20.000000	14.520000	26.040000	60.280000	122.410000	124.037000	114.132000	113.275000	113.253000	119.958000	127.502000	154.234000	161.113000	150.443000	117.118000	92.435800	99.209500	106.910000	103.904000	112.087000	138.143000	156.042000	179.237000	161.304000	156.583000	175.546000	160.156000	145.250000	110.000000	117.576000	113.934000	90.157700	93.349100	99.498300	117.011000	137.418000	137.938000	148.220000	100.475000	96.403400	101.225000	95.663800	99.725700	101.175000	112.633000	133.205000	150.982000	166.242000	159.613000	158.907000	133.382000	121.715000	0.478000	0.000000	0.390638	0.000000	0.427945	0.000000	0.342803	0.000000	0.277398	0.000000	0.227400	0.000000	0.184110	0.000000	0.096886	0.003800	0.113117	0.107500	0.122778	0.394100	89.000000	124.510000	119.716000	129.271000	144.687000	179.497000	179.167000	193.555000	197.240000	201.412000	172.619000	160.726000	0.014842	0.645800	0.234476	0.659000	0.304101	0.630700	0.427716	0.690400	0.460242	0.529900	0.392509	0.273300	0.446424	0.003600	0.431908	0.000000	0.440510	0.000000	0.402969	0.000000	0.401194	0.000000	0.364435	0.000000	0.348599	0.000000	0.309115	0.000000	4.203330	5.602050	6.443170	5.097470	2.496220	7.935100	7.719910	3.039780	3.608300	14.567900	20.081200	64.940300	113.059000	161.322000	12.699300	0.000000	60.894600	0.000000	23.940600	2.207500	1.871310	3.027950	3.893610	3.615970	
   96	129.000000	117.190000	100.800000	94.990000	92.530000	91.210000	100.000000	110.030000	125.070000	120.730000	111.070000	105.670000	94.000000	100.700000	100.830000	112.000000	129.220000	143.200000	146.850000	143.670000	144.240000	142.480000	137.260000	129.350000	40.000000	47.840000	39.600000	50.160000	48.920000	46.200000	38.400000	40.000000	221.200000	481.760000	60.000000	29.280000	26.800000	28.120000	26.000000	52.880000	97.760000	104.760000	18.360000	20.000000	20.000000	14.520000	26.040000	60.280000	122.410000	125.841000	117.903000	113.841000	112.363000	122.669000	139.601000	158.491000	158.698000	148.044000	115.096000	105.962000	101.845000	105.159000	106.355000	109.897000	130.914000	149.359000	161.854000	156.643000	151.595000	158.550000	149.234000	126.238000	110.000000	120.635000	101.164000	103.917000	102.972000	110.374000	122.738000	141.653000	140.314000	110.275000	95.635600	80.529100	83.509200	92.686800	100.631000	102.635000	99.649700	121.348000	149.257000	154.725000	152.161000	145.031000	138.452000	114.420000	0.478000	0.000000	0.398066	0.000000	0.523876	0.000000	0.398479	0.000000	0.344693	0.000000	0.258217	0.000000	0.288578	0.000000	0.266352	0.004100	0.161929	0.092400	0.111463	0.406400	89.000000	123.455000	121.308000	127.741000	133.072000	159.514000	175.871000	179.324000	172.785000	212.701000	178.158000	157.911000	0.118211	0.668800	0.235380	0.865900	0.324541	0.991800	0.249609	0.840000	0.512764	0.545800	0.535120	0.332600	0.536933	0.003700	0.628691	0.000000	0.557380	0.000000	0.572860	0.000000	0.509174	0.000000	0.547865	0.000000	0.517617	0.000000	0.464780	0.000000	4.203330	6.141650	6.912290	4.934660	2.181580	7.689440	8.154610	3.016290	4.111980	14.861700	10.072500	57.332900	115.594000	117.307000	7.480590	2.596100	60.255100	0.793487	38.261100	2.215650	2.115840	3.032710	3.345970	3.247980	
   97	129.000000	117.190000	100.800000	94.990000	92.530000	91.210000	100.000000	110.030000	125.070000	120.730000	111.070000	105.670000	94.000000	100.700000	100.830000	112.000000	129.220000	143.200000	146.850000	143.670000	144.240000	142.480000	137.260000	129.350000	40.000000	47.840000	39.600000	50.160000	48.920000	46.200000	38.400000	40.000000	221.200000	481.760000	60.000000	29.280000	26.800000	28.120000	26.000000	52.880000	97.760000	104.760000	18.360000	20.000000	20.000000	14.520000	26.040000	60.280000	122.410000	134.280000	125.380000	121.663000	123.056000	127.610000	135.579000	161.246000	164.915000	141.721000	123.716000	102.831000	90.732300	100.075000	102.048000	102.340000	129.465000	147.402000	169.399000	150.868000	155.702000	166.739000	151.162000	138.199000	110.000000	125.291000	120.952000	114.806000	111.860000	105.077000	123.307000	128.079000	147.945000	127.910000	135.950000	100.181000	94.898000	106.034000	95.277000	103.917000	127.794000	149.880000	153.224000	156.690000	153.984000	139.760000	143.200000	135.125000	0.478000	0.000000	0.351202	0.000000	0.308377	0.000000	0.243500	0.000000	0.223021	0.000000	0.199258	0.000000	0.164440	0.000000	0.142242	0.002500	0.163820	0.064800	0.000000	0.486100	89.000000	120.909000	119.758000	137.185000	138.319000	170.341000	192.860000	170.843000	173.530000	182.757000	165.995000	167.414000	0.195856	0.680500	0.185364	0.826000	0.397571	0.721300	0.425329	0.555800	0.417555	0.385200	0.473243	0.291500	0.533218	0.005900	0.572799	0.000000	0.593000	0.000000	0.583285	0.000000	0.570027	0.000000	0.540960	0.000000	0.513017	0.000000	0.470762	0.000000	4.203330	5.702150	6.443910	5.724460	3.906490	6.753580	7.302470	2.992840	3.912120	14.275400	28.585100	55.237700	113.025000	165.135000	5.517910	12.363300	52.435700	0.556682	20.388200	2.649410	1.904930	3.119250	3.777740	3.687600	
   98	129.000000	117.190000	100.800000	94.990000	92.530000	91.210000	100.000000	110.030000	125.070000	120.730000	111.070000	105.670000	94.000000	100.700000	100.830000	112.000000	129.220000	143.200000	146.850000	143.670000	144.240000	142.480000	137.260000	129.350000	40.000000	47.840000	39.600000	50.160000	48.920000	46.200000	38.400000	40.000000	221.200000	481.760000	60.000000	29.280000	26.800000	28.120000	26.000000	52.880000	97.760000	104.760000	18.360000	20.000000	20.000000	14.520000	26.040000	60.280000	122.410000	128.060000	116.782000	115.284000	118.069000	122.374000	137.598000	150.192000	152.313000	145.250000	130.096000	109.189000	109.448000	112.217000	111.298000	112.496000	128.301000	151.043000	163.926000	157.499000	153.863000	174.076000	149.644000	134.662000	110.000000	116.312000	96.260000	80.064700	82.964000	101.198000	113.086000	126.538000	144.788000	116.796000	116.665000	101.872000	104.918000	113.331000	110.455000	112.764000	117.167000	139.568000	164.738000	165.570000	162.128000	159.462000	147.698000	127.096000	0.478000	0.000000	0.373037	0.000000	0.434341	0.000000	0.358369	0.000000	0.306758	0.000000	0.219684	0.000000	0.176448	0.000000	0.156540	0.004100	0.130492	0.038200	0.116270	0.265100	89.000000	141.206000	137.212000	146.572000	147.141000	178.036000	182.802000	166.898000	177.416000	188.107000	170.771000	159.417000	0.134558	0.418000	0.221644	0.510300	0.289355	0.707100	0.390286	0.504900	0.433250	0.520800	0.435575	0.390000	0.563137	0.004600	0.604303	0.000000	0.634857	0.000000	0.532663	0.000000	0.441633	0.000000	0.378653	0.000000	0.338035	0.000000	0.281150	0.000000	4.203330	5.591840	6.695430	4.840930	2.540930	8.803190	7.906390	3.034320	3.991380	14.295900	24.000100	59.476100	111.580000	175.814000	9.180980	0.096992	59.197600	0.000000	28.054200	2.376480	1.992760	3.111030	3.776810	3.641610	
   99	129.000000	117.190000	100.800000	94.990000	92.530000	91.210000	100.000000	110.030000	125.070000	120.730000	111.070000	105.670000	94.000000	100.700000	100.830000	112.000000	129.220000	143.200000	146.850000	143.670000	144.240000	142.480000	137.260000	129.350000	40.000000	47.840000	39.600000	50.160000	48.920000	46.200000	38.400000	40.000000	221.200000	481.760000	60.000000	29.280000	26.800000	28.120000	26.000000	52.880000	97.760000	104.760000	18.360000	20.000000	20.000000	14.520000	26.040000	60.280000	122.410000	127.238000	116.466000	107.030000	101.087000	110.471000	120.675000	157.295000	166.009000	147.144000	125.384000	101.029000	96.988500	106.005000	100.474000	104.950000	121.425000	167.030000	159.525000	158.057000	162.032000	183.896000	156.157000	141.739000	110.000000	119.639000	105.375000	95.636300	99.447100	101.436000	108.485000	136.053000	132.818000	113.652000	117.914000	100.076000	104.242000	109.760000	106.003000	112.373000	122.276000	138.666000	141.524000	138.825000	132.673000	143.546000	131.428000	120.544000	0.478000	0.000000	0.387484	0.000000	0.343893	0.000000	0.254289	0.000000	0.123123	0.000000	0.050833	0.000000	0.000000	0.000000	0.000000	0.003900	0.000000	0.071200	0.000000	0.300000	89.000000	107.822000	100.760000	115.694000	153.005000	173.875000	161.593000	197.240000	195.669000	207.097000	171.263000	171.429000	0.022761	0.708200	0.107838	0.668300	0.197674	0.546100	0.263388	0.468600	0.302599	0.424000	0.320067	0.151500	0.324169	0.004400	0.311515	0.000000	0.292723	0.000000	0.282004	0.000000	0.294660	0.000000	0.299075	0.000000	0.283950	0.000000	0.287398	0.000000	4.203330	6.213210	7.046350	5.189210	2.967920	8.239290	8.301930	3.132690	4.071250	14.356100	19.276400	72.006700	122.777000	37.850300	0.000000	0.000000	72.665100	0.000000	36.799700	2.029670	1.682450	3.225120	3.986400	3.761030	
  100	129.000000	117.190000	100.800000	94.990000	92.530000	91.210000	100.000000	110.030000	125.070000	120.730000	111.070000	105.670000	94.000000	100.700000	100.830000	112.000000	129.220000	143.200000	146.850000	143.670000	144.240000	142.480000	137.260000	129.350000	40.000000	47.840000	39.600000	50.160000	48.920000	46.200000	38.400000	40.000000	221.200000	481.760000	60.000000	29.280000	26.800000	28.120000	26.000000	52.880000	97.760000	104.760000	18.360000	20.000000	20.000000	14.520000	26.040000	60.280000	122.410000	138.163000	129.287000	121.669000	125.138000	125.767000	135.388000	143.487000	148.943000	147.573000	109.614000	93.889600	89.562300	97.594500	103.408000	108.742000	124.198000	147.391000	153.256000	154.732000	150.278000	160.814000	154.137000	138.023000	110.000000	111.848000	96.260000	80.064700	82.964000	88.266100	112.823000	142.293000	133.560000	115.063000	118.932000	86.252100	95.918900	101.805000	103.860000	105.098000	111.731000	143.361000	143.435000	134.259000	132.955000	139.556000	125.509000	101.146000	0.478000	0.000000	0.286045	0.000000	0.338739	0.000000	0.276836	0.000000	0.238173	0.000000	0.188733	0.000000	0.153410	0.000000	0.132782	0.002900	0.113317	0.053900	0.113550	0.418000	89.000000	112.932000	100.615000	96.976900	118.193000	140.140000	155.475000	144.621000	159.872000	183.575000	170.011000	164.696000	0.162633	0.657700	0.245949	0.511500	0.321229	0.355200	0.382722	0.434100	0.435493	0.245000	0.464974	0.179900	0.491265	0.002900	0.511700	0.000000	0.520115	0.000000	0.507596	0.000000	0.482730	0.000000	0.462566	0.000000	0.440065	0.000000	0.410852	0.000000	4.203330	5.951160	7.862420	6.663220	5.521110	10.658000	9.291680	3.056580	3.722150	13.973700	28.184600	71.914400	113.040000	0.000000	0.000000	0.000000	62.086300	0.000000	6.749430	1.791350	1.352040	3.215830	3.871750	3.425260	
;
param Prob0 :=
    1	0.010
    2	0.000
    3	0.010
    4	0.000
    5	0.000
    6	0.010
    7	0.010
    8	0.050
    9	0.000
   10	0.010
   11	0.000
   12	0.050
   13	0.010
   14	0.000
   15	0.010
   16	0.000
   17	0.000
   18	0.010
   19	0.000
   20	0.000
   21	0.000
   22	0.020
   23	0.030
   24	0.000
   25	0.010
   26	0.000
   27	0.000
   28	0.000
   29	0.000
   30	0.000
   31	0.010
   32	0.010
   33	0.010
   34	0.010
   35	0.000
   36	0.010
   37	0.000
   38	0.010
   39	0.000
   40	0.010
   41	0.000
   42	0.010
   43	0.030
   44	0.000
   45	0.000
   46	0.010
   47	0.000
   48	0.010
   49	0.010
   50	0.010
   51	0.080
   52	0.010
   53	0.060
   54	0.000
   55	0.010
   56	0.000
   57	0.000
   58	0.010
   59	0.010
   60	0.090
   61	0.000
   62	0.010
   63	0.000
   64	0.010
   65	0.030
   66	0.000
   67	0.000
   68	0.010
   69	0.000
   70	0.010
   71	0.000
   72	0.010
   73	0.010
   74	0.000
   75	0.010
   76	0.010
   77	0.000
   78	0.060
   79	0.020
   80	0.000
   81	0.010
   82	0.000
   83	0.010
   84	0.010
   85	0.000
   86	0.010
   87	0.000
   88	0.010
   89	0.010
   90	0.010
   91	0.000
   92	0.000
   93	0.000
   94	0.000
   95	0.000
   96	0.000
   97	0.000
   98	0.060
   99	0.010
  100	0.010
;
set c[0,50] :=
50    8     16    24    32    40    48    57    65    73    81    89    97
1     9     17    25    33    41    49    58    66    74    82    90    98
2     10    18    26    34    42    51    59    67    75    83    91    99
3     11    19    27    35    43    52    60    68    76    84    92    100
4     12    20    28    36    44    53    61    69    77    85    93
5     13    21    29    37    45    54    62    70    78    86    94
6     14    22    30    38    46    55    63    71    79    87    95
7     15    23    31    39    47    56    64    72    80    88    96;
set c[1,50] :=
50    8     16    24    32    40    48    57    65    73    81    89    97
1     9     17    25    33    41    49    58    66    74    82    90    98
2     10    18    26    34    42    51    59    67    75    83    91    99
3     11    19    27    35    43    52    60    68    76    84    92    100
4     12    20    28    36    44    53    61    69    77    85    93
5     13    21    29    37    45    54    62    70    78    86    94
6     14    22    30    38    46    55    63    71    79    87    95
7     15    23    31    39    47    56    64    72    80    88    96;
set c[2,50] :=
50    8     16    24    32    40    48    57    65    73    81    89    97
1     9     17    25    33    41    49    58    66    74    82    90    98
2     10    18    26    34    42    51    59    67    75    83    91    99
3     11    19    27    35    43    52    60    68    76    84    92    100
4     12    20    28    36    44    53    61    69    77    85    93
5     13    21    29    37    45    54    62    70    78    86    94
6     14    22    30    38    46    55    63    71    79    87    95
7     15    23    31    39    47    56    64    72    80    88    96;
set c[3,93] := 93 43 56;
set c[3,98] := 98 16 28 45 66 87;
set c[3,60] := 60 2 35 47 67 74 80 85 97;
set c[3,63] := 63 20 21 41 78 96;
set c[3,4] := 4 12 39 77 82;
set c[3,11] := 11 23 44;
set c[3,65] := 65 69 94;
set c[3,51] := 51 14 17 19 27 61 91 95;
set c[3,55] := 55 5 8 9 22 24 29 30 37 53 54 57 71 92;
set c[3,90] := 90 48 86;
set c[3,3] := 3 7 10 34 36 38 64 72 73;
set c[3,79] := 79 50 6 13 18 26 31 40 49 52 59 62 68 76 89;
set c[3,1] := 1 99;
set c[3,83] := 83 15 25 32 33 42 46 58 70 75 81 84 88 100;
set c[4,93] := 93 43 56;
set c[4,66] := 66 98 16 28 45 87;
set c[4,97] := 97 60 2 35 47 67 74 80 85;
set c[4,41] := 41 63 20 21 78 96;
set c[4,12] := 12 4 39 77 82;
set c[4,11] := 11 23 44;
set c[4,65] := 65 69 94;
set c[4,14] := 14 51 17 19 27 61 91 95;
set c[4,37] := 37 55 5 8 9 22 24 29 30 53 54 57 71 92;
set c[4,90] := 90 48 86;
set c[4,3] := 3 7 10 34 36 38 64 72 73;
set c[4,18] := 18 6 13 49;
set c[4,76] := 76 79 26 31;
set c[4,59] := 59 50 89;
set c[4,62] := 62 40 52 68;
set c[4,1] := 1;
set c[4,99] := 99;
set c[4,32] := 32;
set c[4,25] := 25;
set c[4,81] := 81;
set c[4,100] := 100;
set c[4,46] := 46;
set c[4,83] := 83;
set c[4,70] := 70;
set c[4,42] := 42;
set c[4,84] := 84;
set c[4,58] := 58 33;
set c[4,88] := 88 15;
set c[4,75] := 75;
set c[5,93] := 93 43 56;
set c[5,66] := 66 98 16 28 45 87;
set c[5,97] := 97 60 2 35 47 67 74 80 85;
set c[5,41] := 41 63 20 21 78 96;
set c[5,12] := 12 4 39 77 82;
set c[5,11] := 11 23 44;
set c[5,65] := 65 69 94;
set c[5,14] := 14 51 17 19 27 61 91 95;
set c[5,37] := 37 55 5 8 9 22 24 29 30 53 54 57 71 92;
set c[5,90] := 90 48 86;
set c[5,3] := 3 7 10 34 36 38 64 72 73;
set c[5,18] := 18 6 13 49;
set c[5,76] := 76 79 26 31;
set c[5,59] := 59 50 89;
set c[5,62] := 62 40 52 68;
set c[5,1] := 1;
set c[5,99] := 99;
set c[5,32] := 32;
set c[5,25] := 25;
set c[5,81] := 81;
set c[5,100] := 100;
set c[5,46] := 46;
set c[5,83] := 83;
set c[5,70] := 70;
set c[5,42] := 42;
set c[5,84] := 84;
set c[5,58] := 58 33;
set c[5,88] := 88 15;
set c[5,75] := 75;
set c[6,93] := 93 43 56;
set c[6,66] := 66 98 16 28 45 87;
set c[6,97] := 97 60 2 35 47 67 74 80 85;
set c[6,21] := 21 41 63 20 78 96;
set c[6,4] := 4 12 39 77 82;
set c[6,23] := 23 11 44;
set c[6,94] := 94 65 69;
set c[6,17] := 17 14 51 19 27 61 91 95;
set c[6,54] := 54 37 55 5 8 9 22 24 29 30 53 57 71 92;
set c[6,48] := 48 90 86;
set c[6,3] := 3;
set c[6,36] := 36 72 73;
set c[6,64] := 64;
set c[6,38] := 38;
set c[6,10] := 10;
set c[6,34] := 34 7;
set c[6,18] := 18;
set c[6,49] := 49;
set c[6,6] := 6;
set c[6,13] := 13;
set c[6,76] := 76 31;
set c[6,79] := 79 26;
set c[6,50] := 50 89;
set c[6,59] := 59;
set c[6,52] := 52;
set c[6,68] := 68 40;
set c[6,62] := 62;
set c[6,1] := 1;
set c[6,99] := 99;
set c[6,32] := 32;
set c[6,25] := 25;
set c[6,81] := 81;
set c[6,100] := 100;
set c[6,46] := 46;
set c[6,83] := 83;
set c[6,70] := 70;
set c[6,42] := 42;
set c[6,84] := 84;
set c[6,58] := 58 33;
set c[6,88] := 88;
set c[6,15] := 15;
set c[6,75] := 75;
set c[7,56] := 56 93 43;
set c[7,98] := 98 66 16 28 45 87;
set c[7,97] := 97 60 2 35 47 67 74 80 85;
set c[7,20] := 20 21 41 63 78 96;
set c[7,4] := 4 12 39 77 82;
set c[7,23] := 23 11 44;
set c[7,94] := 94 65 69;
set c[7,51] := 51 17 14 19 27 61 91 95;
set c[7,92] := 92 54 37 55 5 8 9 22 24 29 30 53 57 71;
set c[7,48] := 48 90 86;
set c[7,3] := 3;
set c[7,72] := 72 36 73;
set c[7,64] := 64;
set c[7,38] := 38;
set c[7,10] := 10;
set c[7,34] := 34 7;
set c[7,18] := 18;
set c[7,49] := 49;
set c[7,6] := 6;
set c[7,13] := 13;
set c[7,76] := 76 31;
set c[7,79] := 79 26;
set c[7,50] := 50 89;
set c[7,59] := 59;
set c[7,52] := 52;
set c[7,68] := 68 40;
set c[7,62] := 62;
set c[7,1] := 1;
set c[7,99] := 99;
set c[7,32] := 32;
set c[7,25] := 25;
set c[7,81] := 81;
set c[7,100] := 100;
set c[7,46] := 46;
set c[7,83] := 83;
set c[7,70] := 70;
set c[7,42] := 42;
set c[7,84] := 84;
set c[7,58] := 58 33;
set c[7,88] := 88;
set c[7,15] := 15;
set c[7,75] := 75;
set c[8,56] := 56 93 43;
set c[8,98] := 98 66 16 28 45 87;
set c[8,97] := 97 60 2 35 47 67 74 80 85;
set c[8,20] := 20 21 41 63 78 96;
set c[8,4] := 4 12 39 77 82;
set c[8,11] := 11 23 44;
set c[8,94] := 94 65 69;
set c[8,51] := 51 17 14 19 27 61 91 95;
set c[8,92] := 92 54 37 55 5 8 9 22 24 29 30 53 57 71;
set c[8,48] := 48 90 86;
set c[8,3] := 3;
set c[8,72] := 72 36 73;
set c[8,64] := 64;
set c[8,38] := 38;
set c[8,10] := 10;
set c[8,34] := 34 7;
set c[8,18] := 18;
set c[8,49] := 49;
set c[8,6] := 6;
set c[8,13] := 13;
set c[8,76] := 76 31;
set c[8,79] := 79 26;
set c[8,50] := 50 89;
set c[8,59] := 59;
set c[8,52] := 52;
set c[8,68] := 68 40;
set c[8,62] := 62;
set c[8,1] := 1;
set c[8,99] := 99;
set c[8,32] := 32;
set c[8,25] := 25;
set c[8,81] := 81;
set c[8,100] := 100;
set c[8,46] := 46;
set c[8,83] := 83;
set c[8,70] := 70;
set c[8,42] := 42;
set c[8,84] := 84;
set c[8,58] := 58 33;
set c[8,88] := 88;
set c[8,15] := 15;
set c[8,75] := 75;
set c[9,93] := 93 56 43;
set c[9,98] := 98 66 16 28 45 87;
set c[9,97] := 97 60 2 35 47 67 74 80 85;
set c[9,21] := 21 20 41 63 78 96;
set c[9,4] := 4 12 39 77 82;
set c[9,11] := 11 23 44;
set c[9,94] := 94 65 69;
set c[9,51] := 51 17 14 19 27 61 91 95;
set c[9,92] := 92 54 37 55 5 8 9 22 24 29 30 53 57 71;
set c[9,48] := 48 90 86;
set c[9,3] := 3;
set c[9,72] := 72 36 73;
set c[9,64] := 64;
set c[9,38] := 38;
set c[9,10] := 10;
set c[9,34] := 34 7;
set c[9,18] := 18;
set c[9,49] := 49;
set c[9,6] := 6;
set c[9,13] := 13;
set c[9,76] := 76 31;
set c[9,79] := 79 26;
set c[9,50] := 50 89;
set c[9,59] := 59;
set c[9,52] := 52;
set c[9,68] := 68 40;
set c[9,62] := 62;
set c[9,1] := 1;
set c[9,99] := 99;
set c[9,32] := 32;
set c[9,25] := 25;
set c[9,81] := 81;
set c[9,100] := 100;
set c[9,46] := 46;
set c[9,83] := 83;
set c[9,70] := 70;
set c[9,42] := 42;
set c[9,84] := 84;
set c[9,58] := 58 33;
set c[9,88] := 88;
set c[9,15] := 15;
set c[9,75] := 75;
set c[10,93] := 93 56 43;
set c[10,98] := 98 66 16 28 45 87;
set c[10,97] := 97 60 2 35 47 67 74 80 85;
set c[10,78] := 78 21 20 41 63 96;
set c[10,39] := 39 4 12 77 82;
set c[10,11] := 11 23 44;
set c[10,94] := 94 65 69;
set c[10,51] := 51 17 14 19 27 61 91 95;
set c[10,92] := 92 37 5 29 30 53;
set c[10,22] := 22 54 55 8 9 24 57 71;
set c[10,48] := 48 90 86;
set c[10,3] := 3;
set c[10,36] := 36;
set c[10,72] := 72;
set c[10,73] := 73;
set c[10,64] := 64;
set c[10,38] := 38;
set c[10,10] := 10;
set c[10,34] := 34 7;
set c[10,18] := 18;
set c[10,49] := 49;
set c[10,6] := 6;
set c[10,13] := 13;
set c[10,76] := 76 31;
set c[10,79] := 79 26;
set c[10,50] := 50;
set c[10,89] := 89;
set c[10,59] := 59;
set c[10,52] := 52;
set c[10,68] := 68;
set c[10,40] := 40;
set c[10,62] := 62;
set c[10,1] := 1;
set c[10,99] := 99;
set c[10,32] := 32;
set c[10,25] := 25;
set c[10,81] := 81;
set c[10,100] := 100;
set c[10,46] := 46;
set c[10,83] := 83;
set c[10,70] := 70;
set c[10,42] := 42;
set c[10,84] := 84;
set c[10,58] := 58 33;
set c[10,88] := 88;
set c[10,15] := 15;
set c[10,75] := 75;
set c[11,56] := 56 93 43;
set c[11,87] := 87 98 66 16 28 45;
set c[11,97] := 97 60 2 35 47 67 74 80 85;
set c[11,21] := 21 78 20 41 63 96;
set c[11,4] := 4 39 12 77 82;
set c[11,11] := 11 23 44;
set c[11,94] := 94 65 69;
set c[11,17] := 17 51 14 19 27 61 91 95;
set c[11,29] := 29 92 37 5 30 53;
set c[11,57] := 57 22 54 55 8 9 24 71;
set c[11,48] := 48 90 86;
set c[11,3] := 3;
set c[11,36] := 36;
set c[11,72] := 72;
set c[11,73] := 73;
set c[11,64] := 64;
set c[11,38] := 38;
set c[11,10] := 10;
set c[11,34] := 34 7;
set c[11,18] := 18;
set c[11,49] := 49;
set c[11,6] := 6;
set c[11,13] := 13;
set c[11,76] := 76 31;
set c[11,79] := 79 26;
set c[11,50] := 50;
set c[11,89] := 89;
set c[11,59] := 59;
set c[11,52] := 52;
set c[11,68] := 68;
set c[11,40] := 40;
set c[11,62] := 62;
set c[11,1] := 1;
set c[11,99] := 99;
set c[11,32] := 32;
set c[11,25] := 25;
set c[11,81] := 81;
set c[11,100] := 100;
set c[11,46] := 46;
set c[11,83] := 83;
set c[11,70] := 70;
set c[11,42] := 42;
set c[11,84] := 84;
set c[11,58] := 58 33;
set c[11,88] := 88;
set c[11,15] := 15;
set c[11,75] := 75;
set c[12,93] := 93 56 43;
set c[12,87] := 87 98 66 16 28 45;
set c[12,47] := 47 97 60 2 35 67 74 80 85;
set c[12,20] := 20 21 78 41 63 96;
set c[12,4] := 4 39 12 77 82;
set c[12,11] := 11 23 44;
set c[12,65] := 65 94 69;
set c[12,14] := 14 17 51 19 27 61 91 95;
set c[12,53] := 53 29 92 37 5 30;
set c[12,22] := 22 57 54 55 8 9 24 71;
set c[12,48] := 48 90 86;
set c[12,3] := 3;
set c[12,36] := 36;
set c[12,72] := 72;
set c[12,73] := 73;
set c[12,64] := 64;
set c[12,38] := 38;
set c[12,10] := 10;
set c[12,34] := 34 7;
set c[12,18] := 18;
set c[12,49] := 49;
set c[12,6] := 6;
set c[12,13] := 13;
set c[12,76] := 76;
set c[12,31] := 31;
set c[12,79] := 79 26;
set c[12,50] := 50;
set c[12,89] := 89;
set c[12,59] := 59;
set c[12,52] := 52;
set c[12,68] := 68;
set c[12,40] := 40;
set c[12,62] := 62;
set c[12,1] := 1;
set c[12,99] := 99;
set c[12,32] := 32;
set c[12,25] := 25;
set c[12,81] := 81;
set c[12,100] := 100;
set c[12,46] := 46;
set c[12,83] := 83;
set c[12,70] := 70;
set c[12,42] := 42;
set c[12,84] := 84;
set c[12,58] := 58;
set c[12,33] := 33;
set c[12,88] := 88;
set c[12,15] := 15;
set c[12,75] := 75;
set c[13,93] := 93 56 43;
set c[13,87] := 87 98 66 16 28 45;
set c[13,85] := 85 47 97 60 2 35 67 74 80;
set c[13,78] := 78 20 21 41 63 96;
set c[13,77] := 77 4 39 12 82;
set c[13,11] := 11 23 44;
set c[13,65] := 65 94 69;
set c[13,95] := 95 14 17 51 19 27 61 91;
set c[13,53] := 53 29 92 37 5 30;
set c[13,24] := 24 22 57 54 55 8 9 71;
set c[13,48] := 48 90 86;
set c[13,3] := 3;
set c[13,36] := 36;
set c[13,72] := 72;
set c[13,73] := 73;
set c[13,64] := 64;
set c[13,38] := 38;
set c[13,10] := 10;
set c[13,34] := 34 7;
set c[13,18] := 18;
set c[13,49] := 49;
set c[13,6] := 6;
set c[13,13] := 13;
set c[13,76] := 76;
set c[13,31] := 31;
set c[13,79] := 79 26;
set c[13,50] := 50;
set c[13,89] := 89;
set c[13,59] := 59;
set c[13,52] := 52;
set c[13,68] := 68;
set c[13,40] := 40;
set c[13,62] := 62;
set c[13,1] := 1;
set c[13,99] := 99;
set c[13,32] := 32;
set c[13,25] := 25;
set c[13,81] := 81;
set c[13,100] := 100;
set c[13,46] := 46;
set c[13,83] := 83;
set c[13,70] := 70;
set c[13,42] := 42;
set c[13,84] := 84;
set c[13,58] := 58;
set c[13,33] := 33;
set c[13,88] := 88;
set c[13,15] := 15;
set c[13,75] := 75;
set c[14,56] := 56 93 43;
set c[14,87] := 87 98 66 16 28 45;
set c[14,35] := 35 85 47 97 60 2 67 74 80;
set c[14,21] := 21 78 20 41 63 96;
set c[14,77] := 77 4 39 12 82;
set c[14,11] := 11 23 44;
set c[14,65] := 65 94 69;
set c[14,95] := 95 14 17 51 19 27 61 91;
set c[14,53] := 53 29 92 37 5 30;
set c[14,55] := 55 24 22 57 54 8 9 71;
set c[14,90] := 90 48 86;
set c[14,3] := 3;
set c[14,36] := 36;
set c[14,72] := 72;
set c[14,73] := 73;
set c[14,64] := 64;
set c[14,38] := 38;
set c[14,10] := 10;
set c[14,34] := 34 7;
set c[14,18] := 18;
set c[14,49] := 49;
set c[14,6] := 6;
set c[14,13] := 13;
set c[14,76] := 76;
set c[14,31] := 31;
set c[14,79] := 79 26;
set c[14,50] := 50;
set c[14,89] := 89;
set c[14,59] := 59;
set c[14,52] := 52;
set c[14,68] := 68;
set c[14,40] := 40;
set c[14,62] := 62;
set c[14,1] := 1;
set c[14,99] := 99;
set c[14,32] := 32;
set c[14,25] := 25;
set c[14,81] := 81;
set c[14,100] := 100;
set c[14,46] := 46;
set c[14,83] := 83;
set c[14,70] := 70;
set c[14,42] := 42;
set c[14,84] := 84;
set c[14,58] := 58;
set c[14,33] := 33;
set c[14,88] := 88;
set c[14,15] := 15;
set c[14,75] := 75;
set c[15,56] := 56 93 43;
set c[15,87] := 87 98 66 16 28 45;
set c[15,80] := 80 35 85 47 97 60 2 67 74;
set c[15,20] := 20 21 78 41 63 96;
set c[15,82] := 82 77 4 39 12;
set c[15,44] := 44 11 23;
set c[15,69] := 69 65 94;
set c[15,27] := 27 95 14 17 51 19 61 91;
set c[15,30] := 30 53 29 92 37 5;
set c[15,57] := 57 55 24 22 54 8 9 71;
set c[15,86] := 86 90 48;
set c[15,3] := 3;
set c[15,36] := 36;
set c[15,72] := 72;
set c[15,73] := 73;
set c[15,64] := 64;
set c[15,38] := 38;
set c[15,10] := 10;
set c[15,34] := 34;
set c[15,7] := 7;
set c[15,18] := 18;
set c[15,49] := 49;
set c[15,6] := 6;
set c[15,13] := 13;
set c[15,76] := 76;
set c[15,31] := 31;
set c[15,79] := 79 26;
set c[15,50] := 50;
set c[15,89] := 89;
set c[15,59] := 59;
set c[15,52] := 52;
set c[15,68] := 68;
set c[15,40] := 40;
set c[15,62] := 62;
set c[15,1] := 1;
set c[15,99] := 99;
set c[15,32] := 32;
set c[15,25] := 25;
set c[15,81] := 81;
set c[15,100] := 100;
set c[15,46] := 46;
set c[15,83] := 83;
set c[15,70] := 70;
set c[15,42] := 42;
set c[15,84] := 84;
set c[15,58] := 58;
set c[15,33] := 33;
set c[15,88] := 88;
set c[15,15] := 15;
set c[15,75] := 75;
set c[16,56] := 56 93 43;
set c[16,87] := 87 98 66 16 28 45;
set c[16,97] := 97 80 35 85 47 60 2 67 74;
set c[16,21] := 21 20 78 41 63 96;
set c[16,82] := 82 77 4 39 12;
set c[16,11] := 11 44 23;
set c[16,69] := 69 65 94;
set c[16,91] := 91 27 95 14 17 51 19 61;
set c[16,53] := 53 30 29 92 37 5;
set c[16,71] := 71 57 55 24 22 54 8 9;
set c[16,86] := 86 90 48;
set c[16,3] := 3;
set c[16,36] := 36;
set c[16,72] := 72;
set c[16,73] := 73;
set c[16,64] := 64;
set c[16,38] := 38;
set c[16,10] := 10;
set c[16,34] := 34;
set c[16,7] := 7;
set c[16,18] := 18;
set c[16,49] := 49;
set c[16,6] := 6;
set c[16,13] := 13;
set c[16,76] := 76;
set c[16,31] := 31;
set c[16,79] := 79 26;
set c[16,50] := 50;
set c[16,89] := 89;
set c[16,59] := 59;
set c[16,52] := 52;
set c[16,68] := 68;
set c[16,40] := 40;
set c[16,62] := 62;
set c[16,1] := 1;
set c[16,99] := 99;
set c[16,32] := 32;
set c[16,25] := 25;
set c[16,81] := 81;
set c[16,100] := 100;
set c[16,46] := 46;
set c[16,83] := 83;
set c[16,70] := 70;
set c[16,42] := 42;
set c[16,84] := 84;
set c[16,58] := 58;
set c[16,33] := 33;
set c[16,88] := 88;
set c[16,15] := 15;
set c[16,75] := 75;
set c[17,93] := 93 56 43;
set c[17,16] := 16 87 98 66 28 45;
set c[17,74] := 74 97 80 35 85 47 60 2 67;
set c[17,41] := 41 21 20 78 63 96;
set c[17,4] := 4 82 77 39 12;
set c[17,44] := 44 11 23;
set c[17,65] := 65 69 94;
set c[17,95] := 95 91 27 14 17 51 19 61;
set c[17,92] := 92 53 30 29 37 5;
set c[17,71] := 71 57 55 24 22 54 8 9;
set c[17,86] := 86;
set c[17,90] := 90;
set c[17,48] := 48;
set c[17,3] := 3;
set c[17,36] := 36;
set c[17,72] := 72;
set c[17,73] := 73;
set c[17,64] := 64;
set c[17,38] := 38;
set c[17,10] := 10;
set c[17,34] := 34;
set c[17,7] := 7;
set c[17,18] := 18;
set c[17,49] := 49;
set c[17,6] := 6;
set c[17,13] := 13;
set c[17,76] := 76;
set c[17,31] := 31;
set c[17,79] := 79 26;
set c[17,50] := 50;
set c[17,89] := 89;
set c[17,59] := 59;
set c[17,52] := 52;
set c[17,68] := 68;
set c[17,40] := 40;
set c[17,62] := 62;
set c[17,1] := 1;
set c[17,99] := 99;
set c[17,32] := 32;
set c[17,25] := 25;
set c[17,81] := 81;
set c[17,100] := 100;
set c[17,46] := 46;
set c[17,83] := 83;
set c[17,70] := 70;
set c[17,42] := 42;
set c[17,84] := 84;
set c[17,58] := 58;
set c[17,33] := 33;
set c[17,88] := 88;
set c[17,15] := 15;
set c[17,75] := 75;
set c[18,93] := 93 56 43;
set c[18,16] := 16 87 98 66 28 45;
set c[18,35] := 35 74 97 80 85 47 60 2 67;
set c[18,41] := 41 21 20 78 63 96;
set c[18,12] := 12 4 82 77 39;
set c[18,11] := 11 44 23;
set c[18,65] := 65 69 94;
set c[18,95] := 95 91 27 14 17 51 19 61;
set c[18,29] := 29 92 53 30 37 5;
set c[18,24] := 24 71 57 55 22 54 8 9;
set c[18,86] := 86;
set c[18,90] := 90;
set c[18,48] := 48;
set c[18,3] := 3;
set c[18,36] := 36;
set c[18,72] := 72;
set c[18,73] := 73;
set c[18,64] := 64;
set c[18,38] := 38;
set c[18,10] := 10;
set c[18,34] := 34;
set c[18,7] := 7;
set c[18,18] := 18;
set c[18,49] := 49;
set c[18,6] := 6;
set c[18,13] := 13;
set c[18,76] := 76;
set c[18,31] := 31;
set c[18,79] := 79 26;
set c[18,50] := 50;
set c[18,89] := 89;
set c[18,59] := 59;
set c[18,52] := 52;
set c[18,68] := 68;
set c[18,40] := 40;
set c[18,62] := 62;
set c[18,1] := 1;
set c[18,99] := 99;
set c[18,32] := 32;
set c[18,25] := 25;
set c[18,81] := 81;
set c[18,100] := 100;
set c[18,46] := 46;
set c[18,83] := 83;
set c[18,70] := 70;
set c[18,42] := 42;
set c[18,84] := 84;
set c[18,58] := 58;
set c[18,33] := 33;
set c[18,88] := 88;
set c[18,15] := 15;
set c[18,75] := 75;
set c[19,56] := 56 93 43;
set c[19,66] := 66 16 87 98 28 45;
set c[19,85] := 85 35 74 97 80 47 60 2 67;
set c[19,21] := 21 41 20 78 63 96;
set c[19,12] := 12 4 82 77 39;
set c[19,11] := 11 44 23;
set c[19,65] := 65 69 94;
set c[19,27] := 27 95 91 14 17 51 19 61;
set c[19,37] := 37 29 92 53 30 5;
set c[19,24] := 24 71 57 55 22 54 8 9;
set c[19,86] := 86;
set c[19,90] := 90;
set c[19,48] := 48;
set c[19,3] := 3;
set c[19,36] := 36;
set c[19,72] := 72;
set c[19,73] := 73;
set c[19,64] := 64;
set c[19,38] := 38;
set c[19,10] := 10;
set c[19,34] := 34;
set c[19,7] := 7;
set c[19,18] := 18;
set c[19,49] := 49;
set c[19,6] := 6;
set c[19,13] := 13;
set c[19,76] := 76;
set c[19,31] := 31;
set c[19,79] := 79 26;
set c[19,50] := 50;
set c[19,89] := 89;
set c[19,59] := 59;
set c[19,52] := 52;
set c[19,68] := 68;
set c[19,40] := 40;
set c[19,62] := 62;
set c[19,1] := 1;
set c[19,99] := 99;
set c[19,32] := 32;
set c[19,25] := 25;
set c[19,81] := 81;
set c[19,100] := 100;
set c[19,46] := 46;
set c[19,83] := 83;
set c[19,70] := 70;
set c[19,42] := 42;
set c[19,84] := 84;
set c[19,58] := 58;
set c[19,33] := 33;
set c[19,88] := 88;
set c[19,15] := 15;
set c[19,75] := 75;
set c[20,56] := 56 93 43;
set c[20,66] := 66 16 87 98 28 45;
set c[20,2] := 2 85 35 74 97 80 47 60 67;
set c[20,96] := 96 21 41 20 78 63;
set c[20,12] := 12 4 82 77 39;
set c[20,11] := 11 44 23;
set c[20,65] := 65 69 94;
set c[20,14] := 14 27 95 91 17 51 19 61;
set c[20,92] := 92 37 29 53 30 5;
set c[20,55] := 55 24 71 57 22 54 8 9;
set c[20,86] := 86;
set c[20,90] := 90;
set c[20,48] := 48;
set c[20,3] := 3;
set c[20,36] := 36;
set c[20,72] := 72;
set c[20,73] := 73;
set c[20,64] := 64;
set c[20,38] := 38;
set c[20,10] := 10;
set c[20,34] := 34;
set c[20,7] := 7;
set c[20,18] := 18;
set c[20,49] := 49;
set c[20,6] := 6;
set c[20,13] := 13;
set c[20,76] := 76;
set c[20,31] := 31;
set c[20,79] := 79 26;
set c[20,50] := 50;
set c[20,89] := 89;
set c[20,59] := 59;
set c[20,52] := 52;
set c[20,68] := 68;
set c[20,40] := 40;
set c[20,62] := 62;
set c[20,1] := 1;
set c[20,99] := 99;
set c[20,32] := 32;
set c[20,25] := 25;
set c[20,81] := 81;
set c[20,100] := 100;
set c[20,46] := 46;
set c[20,83] := 83;
set c[20,70] := 70;
set c[20,42] := 42;
set c[20,84] := 84;
set c[20,58] := 58;
set c[20,33] := 33;
set c[20,88] := 88;
set c[20,15] := 15;
set c[20,75] := 75;
set c[21,56] := 56 93 43;
set c[21,66] := 66 16 87 98 28 45;
set c[21,2] := 2 85 35 74 97 80 47 60 67;
set c[21,63] := 63 96 21 41 20 78;
set c[21,12] := 12 4 82 77 39;
set c[21,44] := 44 11 23;
set c[21,69] := 69 65 94;
set c[21,95] := 95 14 27 91 17 51 19 61;
set c[21,29] := 29 92 37 53 30 5;
set c[21,24] := 24 55 71 57 22 54 8 9;
set c[21,86] := 86;
set c[21,90] := 90;
set c[21,48] := 48;
set c[21,3] := 3;
set c[21,36] := 36;
set c[21,72] := 72;
set c[21,73] := 73;
set c[21,64] := 64;
set c[21,38] := 38;
set c[21,10] := 10;
set c[21,34] := 34;
set c[21,7] := 7;
set c[21,18] := 18;
set c[21,49] := 49;
set c[21,6] := 6;
set c[21,13] := 13;
set c[21,76] := 76;
set c[21,31] := 31;
set c[21,79] := 79 26;
set c[21,50] := 50;
set c[21,89] := 89;
set c[21,59] := 59;
set c[21,52] := 52;
set c[21,68] := 68;
set c[21,40] := 40;
set c[21,62] := 62;
set c[21,1] := 1;
set c[21,99] := 99;
set c[21,32] := 32;
set c[21,25] := 25;
set c[21,81] := 81;
set c[21,100] := 100;
set c[21,46] := 46;
set c[21,83] := 83;
set c[21,70] := 70;
set c[21,42] := 42;
set c[21,84] := 84;
set c[21,58] := 58;
set c[21,33] := 33;
set c[21,88] := 88;
set c[21,15] := 15;
set c[21,75] := 75;
set c[22,56] := 56 93 43;
set c[22,16] := 16 66 87 98 28 45;
set c[22,2] := 2 85 35 74 97 80 47 60 67;
set c[22,63] := 63 96 21 41 20 78;
set c[22,12] := 12 4 82 77 39;
set c[22,44] := 44 11 23;
set c[22,65] := 65 69 94;
set c[22,27] := 27 95 14 91 17 51 19 61;
set c[22,53] := 53 29 92 37 30 5;
set c[22,24] := 24 55 71 57 22 54 8 9;
set c[22,86] := 86;
set c[22,90] := 90;
set c[22,48] := 48;
set c[22,3] := 3;
set c[22,36] := 36;
set c[22,72] := 72;
set c[22,73] := 73;
set c[22,64] := 64;
set c[22,38] := 38;
set c[22,10] := 10;
set c[22,34] := 34;
set c[22,7] := 7;
set c[22,18] := 18;
set c[22,49] := 49;
set c[22,6] := 6;
set c[22,13] := 13;
set c[22,76] := 76;
set c[22,31] := 31;
set c[22,79] := 79 26;
set c[22,50] := 50;
set c[22,89] := 89;
set c[22,59] := 59;
set c[22,52] := 52;
set c[22,68] := 68;
set c[22,40] := 40;
set c[22,62] := 62;
set c[22,1] := 1;
set c[22,99] := 99;
set c[22,32] := 32;
set c[22,25] := 25;
set c[22,81] := 81;
set c[22,100] := 100;
set c[22,46] := 46;
set c[22,83] := 83;
set c[22,70] := 70;
set c[22,42] := 42;
set c[22,84] := 84;
set c[22,58] := 58;
set c[22,33] := 33;
set c[22,88] := 88;
set c[22,15] := 15;
set c[22,75] := 75;
set c[23,56] := 56 93 43;
set c[23,16] := 16 66 87 98 28 45;
set c[23,97] := 97 2 85 35 74 80 47 60 67;
set c[23,20] := 20 63 96 21 41 78;
set c[23,12] := 12 4 82 77 39;
set c[23,44] := 44 11 23;
set c[23,65] := 65 69 94;
set c[23,91] := 91 27 95 14 17 51 19 61;
set c[23,53] := 53 29 92 37 30 5;
set c[23,24] := 24 55 71 57 22 54 8 9;
set c[23,86] := 86;
set c[23,90] := 90;
set c[23,48] := 48;
set c[23,3] := 3;
set c[23,36] := 36;
set c[23,72] := 72;
set c[23,73] := 73;
set c[23,64] := 64;
set c[23,38] := 38;
set c[23,10] := 10;
set c[23,34] := 34;
set c[23,7] := 7;
set c[23,18] := 18;
set c[23,49] := 49;
set c[23,6] := 6;
set c[23,13] := 13;
set c[23,76] := 76;
set c[23,31] := 31;
set c[23,79] := 79 26;
set c[23,50] := 50;
set c[23,89] := 89;
set c[23,59] := 59;
set c[23,52] := 52;
set c[23,68] := 68;
set c[23,40] := 40;
set c[23,62] := 62;
set c[23,1] := 1;
set c[23,99] := 99;
set c[23,32] := 32;
set c[23,25] := 25;
set c[23,81] := 81;
set c[23,100] := 100;
set c[23,46] := 46;
set c[23,83] := 83;
set c[23,70] := 70;
set c[23,42] := 42;
set c[23,84] := 84;
set c[23,58] := 58;
set c[23,33] := 33;
set c[23,88] := 88;
set c[23,15] := 15;
set c[23,75] := 75;
set c[24,56] := 56 93 43;
set c[24,16] := 16 66 87 98 28 45;
set c[24,85] := 85 97 2 35 74 80 47 60 67;
set c[24,78] := 78 20 63 96 21 41;
set c[24,12] := 12 4 82 77 39;
set c[24,44] := 44 11 23;
set c[24,65] := 65 69 94;
set c[24,91] := 91 27 95 14 17 51 19 61;
set c[24,53] := 53 29 92 37 30 5;
set c[24,54] := 54 24 55 71 57 22 8 9;
set c[24,86] := 86;
set c[24,90] := 90;
set c[24,48] := 48;
set c[24,3] := 3;
set c[24,36] := 36;
set c[24,72] := 72;
set c[24,73] := 73;
set c[24,64] := 64;
set c[24,38] := 38;
set c[24,10] := 10;
set c[24,34] := 34;
set c[24,7] := 7;
set c[24,18] := 18;
set c[24,49] := 49;
set c[24,6] := 6;
set c[24,13] := 13;
set c[24,76] := 76;
set c[24,31] := 31;
set c[24,79] := 79 26;
set c[24,50] := 50;
set c[24,89] := 89;
set c[24,59] := 59;
set c[24,52] := 52;
set c[24,68] := 68;
set c[24,40] := 40;
set c[24,62] := 62;
set c[24,1] := 1;
set c[24,99] := 99;
set c[24,32] := 32;
set c[24,25] := 25;
set c[24,81] := 81;
set c[24,100] := 100;
set c[24,46] := 46;
set c[24,83] := 83;
set c[24,70] := 70;
set c[24,42] := 42;
set c[24,84] := 84;
set c[24,58] := 58;
set c[24,33] := 33;
set c[24,88] := 88;
set c[24,15] := 15;
set c[24,75] := 75;
set c[25,93] := 93 56 43;
set c[25,98] := 98 16 66 87 28 45;
set c[25,85] := 85 97 2 35 74 80 47 60 67;
set c[25,96] := 96 78 20 63 21 41;
set c[25,12] := 12 4 82 77 39;
set c[25,44] := 44 11 23;
set c[25,65] := 65 69 94;
set c[25,91] := 91 27 95 14 17 51 19 61;
set c[25,92] := 92 53 29 37 30 5;
set c[25,24] := 24 54 55 71 57 22 8 9;
set c[25,86] := 86;
set c[25,90] := 90;
set c[25,48] := 48;
set c[25,3] := 3;
set c[25,36] := 36;
set c[25,72] := 72;
set c[25,73] := 73;
set c[25,64] := 64;
set c[25,38] := 38;
set c[25,10] := 10;
set c[25,34] := 34;
set c[25,7] := 7;
set c[25,18] := 18;
set c[25,49] := 49;
set c[25,6] := 6;
set c[25,13] := 13;
set c[25,76] := 76;
set c[25,31] := 31;
set c[25,79] := 79 26;
set c[25,50] := 50;
set c[25,89] := 89;
set c[25,59] := 59;
set c[25,52] := 52;
set c[25,68] := 68;
set c[25,40] := 40;
set c[25,62] := 62;
set c[25,1] := 1;
set c[25,99] := 99;
set c[25,32] := 32;
set c[25,25] := 25;
set c[25,81] := 81;
set c[25,100] := 100;
set c[25,46] := 46;
set c[25,83] := 83;
set c[25,70] := 70;
set c[25,42] := 42;
set c[25,84] := 84;
set c[25,58] := 58;
set c[25,33] := 33;
set c[25,88] := 88;
set c[25,15] := 15;
set c[25,75] := 75;
set c[26,93] := 93 56 43;
set c[26,87] := 87 98 16 66 28 45;
set c[26,97] := 97 85 2 35 74 80 47 60 67;
set c[26,63] := 63 96 78 20 21 41;
set c[26,12] := 12 4 82 77 39;
set c[26,44] := 44 11 23;
set c[26,65] := 65 69 94;
set c[26,91] := 91 27 95 14 17 51 19 61;
set c[26,53] := 53 92 29 37 30 5;
set c[26,24] := 24 54 55 71 57 22 8 9;
set c[26,86] := 86;
set c[26,90] := 90;
set c[26,48] := 48;
set c[26,3] := 3;
set c[26,36] := 36;
set c[26,72] := 72;
set c[26,73] := 73;
set c[26,64] := 64;
set c[26,38] := 38;
set c[26,10] := 10;
set c[26,34] := 34;
set c[26,7] := 7;
set c[26,18] := 18;
set c[26,49] := 49;
set c[26,6] := 6;
set c[26,13] := 13;
set c[26,76] := 76;
set c[26,31] := 31;
set c[26,79] := 79 26;
set c[26,50] := 50;
set c[26,89] := 89;
set c[26,59] := 59;
set c[26,52] := 52;
set c[26,68] := 68;
set c[26,40] := 40;
set c[26,62] := 62;
set c[26,1] := 1;
set c[26,99] := 99;
set c[26,32] := 32;
set c[26,25] := 25;
set c[26,81] := 81;
set c[26,100] := 100;
set c[26,46] := 46;
set c[26,83] := 83;
set c[26,70] := 70;
set c[26,42] := 42;
set c[26,84] := 84;
set c[26,58] := 58;
set c[26,33] := 33;
set c[26,88] := 88;
set c[26,15] := 15;
set c[26,75] := 75;
set c[27,93] := 93 56 43;
set c[27,87] := 87 98 16 66 28 45;
set c[27,60] := 60 97 85 2 35 74 80 47 67;
set c[27,20] := 20 63 96 78 21 41;
set c[27,12] := 12 4 82 77 39;
set c[27,23] := 23 44 11;
set c[27,65] := 65 69 94;
set c[27,91] := 91 27 95 14 17 51 19 61;
set c[27,53] := 53 92 29 37 30 5;
set c[27,24] := 24 54 55 71 57 22 8 9;
set c[27,86] := 86;
set c[27,90] := 90;
set c[27,48] := 48;
set c[27,3] := 3;
set c[27,36] := 36;
set c[27,72] := 72;
set c[27,73] := 73;
set c[27,64] := 64;
set c[27,38] := 38;
set c[27,10] := 10;
set c[27,34] := 34;
set c[27,7] := 7;
set c[27,18] := 18;
set c[27,49] := 49;
set c[27,6] := 6;
set c[27,13] := 13;
set c[27,76] := 76;
set c[27,31] := 31;
set c[27,79] := 79 26;
set c[27,50] := 50;
set c[27,89] := 89;
set c[27,59] := 59;
set c[27,52] := 52;
set c[27,68] := 68;
set c[27,40] := 40;
set c[27,62] := 62;
set c[27,1] := 1;
set c[27,99] := 99;
set c[27,32] := 32;
set c[27,25] := 25;
set c[27,81] := 81;
set c[27,100] := 100;
set c[27,46] := 46;
set c[27,83] := 83;
set c[27,70] := 70;
set c[27,42] := 42;
set c[27,84] := 84;
set c[27,58] := 58;
set c[27,33] := 33;
set c[27,88] := 88;
set c[27,15] := 15;
set c[27,75] := 75;
set c[28,93] := 93 56 43;
set c[28,87] := 87 98 16 66 28 45;
set c[28,80] := 80 60 97 85 2 35 74 47 67;
set c[28,20] := 20 63 96 78 21 41;
set c[28,12] := 12 4 82 77 39;
set c[28,23] := 23 44 11;
set c[28,65] := 65 69 94;
set c[28,27] := 27 91 95 14 17 51 19 61;
set c[28,53] := 53 92 29 37 30 5;
set c[28,24] := 24 54 55 71 57 22 8 9;
set c[28,86] := 86;
set c[28,90] := 90;
set c[28,48] := 48;
set c[28,3] := 3;
set c[28,36] := 36;
set c[28,72] := 72;
set c[28,73] := 73;
set c[28,64] := 64;
set c[28,38] := 38;
set c[28,10] := 10;
set c[28,34] := 34;
set c[28,7] := 7;
set c[28,18] := 18;
set c[28,49] := 49;
set c[28,6] := 6;
set c[28,13] := 13;
set c[28,76] := 76;
set c[28,31] := 31;
set c[28,79] := 79 26;
set c[28,50] := 50;
set c[28,89] := 89;
set c[28,59] := 59;
set c[28,52] := 52;
set c[28,68] := 68;
set c[28,40] := 40;
set c[28,62] := 62;
set c[28,1] := 1;
set c[28,99] := 99;
set c[28,32] := 32;
set c[28,25] := 25;
set c[28,81] := 81;
set c[28,100] := 100;
set c[28,46] := 46;
set c[28,83] := 83;
set c[28,70] := 70;
set c[28,42] := 42;
set c[28,84] := 84;
set c[28,58] := 58;
set c[28,33] := 33;
set c[28,88] := 88;
set c[28,15] := 15;
set c[28,75] := 75;
set c[29,56] := 56 93 43;
set c[29,87] := 87 98 16 66 28 45;
set c[29,80] := 80 60 97 85 2 35 74 47 67;
set c[29,21] := 21 20 63 96 78 41;
set c[29,12] := 12 4 82 77 39;
set c[29,23] := 23 44 11;
set c[29,65] := 65 69 94;
set c[29,27] := 27 91 95 14 17 51 19 61;
set c[29,53] := 53 92 29 37 30 5;
set c[29,8] := 8 24 54 55 71 57 22 9;
set c[29,86] := 86;
set c[29,90] := 90;
set c[29,48] := 48;
set c[29,3] := 3;
set c[29,36] := 36;
set c[29,72] := 72;
set c[29,73] := 73;
set c[29,64] := 64;
set c[29,38] := 38;
set c[29,10] := 10;
set c[29,34] := 34;
set c[29,7] := 7;
set c[29,18] := 18;
set c[29,49] := 49;
set c[29,6] := 6;
set c[29,13] := 13;
set c[29,76] := 76;
set c[29,31] := 31;
set c[29,79] := 79 26;
set c[29,50] := 50;
set c[29,89] := 89;
set c[29,59] := 59;
set c[29,52] := 52;
set c[29,68] := 68;
set c[29,40] := 40;
set c[29,62] := 62;
set c[29,1] := 1;
set c[29,99] := 99;
set c[29,32] := 32;
set c[29,25] := 25;
set c[29,81] := 81;
set c[29,100] := 100;
set c[29,46] := 46;
set c[29,83] := 83;
set c[29,70] := 70;
set c[29,42] := 42;
set c[29,84] := 84;
set c[29,58] := 58;
set c[29,33] := 33;
set c[29,88] := 88;
set c[29,15] := 15;
set c[29,75] := 75;
set c[30,43] := 43 56 93;
set c[30,98] := 98 87 16 66 28 45;
set c[30,60] := 60 80 97 85 2 35 74 47 67;
set c[30,78] := 78 21 20 63 96 41;
set c[30,12] := 12 4 82 77 39;
set c[30,23] := 23 44 11;
set c[30,65] := 65 69 94;
set c[30,51] := 51 27 91 95 14 17 19 61;
set c[30,53] := 53 92 29 37 30 5;
set c[30,55] := 55;
set c[30,22] := 22 9;
set c[30,8] := 8 24 54 71 57;
set c[30,86] := 86;
set c[30,90] := 90;
set c[30,48] := 48;
set c[30,3] := 3;
set c[30,36] := 36;
set c[30,72] := 72;
set c[30,73] := 73;
set c[30,64] := 64;
set c[30,38] := 38;
set c[30,10] := 10;
set c[30,34] := 34;
set c[30,7] := 7;
set c[30,18] := 18;
set c[30,49] := 49;
set c[30,6] := 6;
set c[30,13] := 13;
set c[30,76] := 76;
set c[30,31] := 31;
set c[30,79] := 79 26;
set c[30,50] := 50;
set c[30,89] := 89;
set c[30,59] := 59;
set c[30,52] := 52;
set c[30,68] := 68;
set c[30,40] := 40;
set c[30,62] := 62;
set c[30,1] := 1;
set c[30,99] := 99;
set c[30,32] := 32;
set c[30,25] := 25;
set c[30,81] := 81;
set c[30,100] := 100;
set c[30,46] := 46;
set c[30,83] := 83;
set c[30,70] := 70;
set c[30,42] := 42;
set c[30,84] := 84;
set c[30,58] := 58;
set c[30,33] := 33;
set c[30,88] := 88;
set c[30,15] := 15;
set c[30,75] := 75;

