#erel:= 0.800;
#emax:= 1051.432;
#q:= 0.000;
#nesce:=    63;
#etime:= 1.285;
#snodes:=  1219;
param nS:=   100;
param nSG:=    30;
param nRVSG :=
 1 24    4 24    7  2   10  2   13  2   16  2   19  2   22  2   25  2   28  2
 2 24    5  2    8  2   11  2   14  2   17  2   20  2   23  2   26  2   29  2
 3 24    6  2    9  2   12  2   15 12   18  2   21  2   24  2   27  2   30 24
;

param ScenF :=
  1 113.879        46  60.9931       91 151.943       136   0.3788
  2 120.248        47  82.2349       92 142.325       137   0.434423
  3 100.567        48 158.09         93 125.862       138   0.29
  4  87.9763       49 127.267        94 108.789       139   0.403605
  5  89.1281       50 136.296        95  91.8261      140   0.1019
  6  82.5247       51 129.313        96  79.0616      141   0.348079
  7  77.1032       52 121.745        97   0.0733327   142   0.0036
  8  75.8467       53 120.732        98   0           143   0.29872
  9  85.5282       54 115.743        99   0.11923     144   0
 10 133.192        55 117.324       100   0           145   0.25064
 11 169.117        56 127.907       101   0.165007    146   0
 12 145.268        57 140.585       102   0           147   0.227099
 13 144.046        58 164.836       103   0.176646    148   0
 14 139.055        59 197.81        104   0           149   0.212057
 15 143.822        60 182.886       105   0.161854    150   0
 16 146.541        61 177.041       106   0           151   0.20348
 17 146.415        62 159.955       107   0.123122    152   0
 18 156.925        63 150.47        108   0           153   0.200452
 19 153.838        64 149.802       109   0.0910086   154   0
 20 131.613        65 164.929       110   0           155   0.184466
 21  87.3006       66 172.529       111   0.0766064   156   0
 22 101.73         67 147.275       112   0.0253      157   0
 23 101.908        68 117.494       113   0.0829895   158   0
 24  85.6093       69 101.85        114   0.1552      159   0
 25   0            70 105.353       115   0.0949765   160   0
 26   0            71 103.864       116   0.29        161   0.319488
 27  43.8113       72  90.5258      117 123.897       162   0
 28  66.778        73  84.0049      118 127.273       163   0
 29 111.901        74  96.9556      119 123.406       164   3.41691
 30 103.821        75  82.2326      120 134.987       165   0
 31  77.4857       76  63.3288      121 127.558       166   7.18064
 32  62.255        77  55.5581      122 151.921       167   0
 33 289.269        78  58.51        123 142.89        168 263.963
 34 450.821        79  90.6828      124 154.627       169 118.947
 35  44.2238       80  93.569       125 149.462       170   0
 36   0            81 112.61        126 134.083       171  41.5122
 37  20.229        82 101.2         127 126.314       172  52.0611
 38  21.2142       83 113.116       128 120.746       173   0
 39  27.9042       84 105.635       129   0.148026    174   0
 40   0            85 108.442       130   0.3866      175 267.122
 41 122.605        86 112.168       131   0.252205    176   1.22105
 42   0            87 112.908       132   0.3926      177   2.62783
 43   4.91976      88 119.728       133   0.351554    178   1.69734
 44   0            89 128.772       134   0.3817      179   4.97519
 45  75.8531       90 153.429       135   0.415264    180   6.4054
;

param ScenO :=
  1 140           46   5           91 165.4        136   0.628
  2 135.21        47   6           92 161.2        137   0.047
  3 131.77        48   7           93 170.01       138   0.506
  4 128           49 133.16        94 157.94       139   0.036
  5 125.84        50 130.21        95 147.22       140   0.309
  6 131.77        51 126.91        96 142.5        141   0.03
  7 142.6         52 121.62        97   0.113      142   0.028
  8 151.7         53 120.95        98   0          143   0.022
  9 157           54 125.56        99   0.148      144   0
 10 145.47        55 139.26       100   0          145   0.02
 11 122           56 153.2        101   0.181      146   0
 12 105.57        57 161.24       102   0          147   0.025
 13 105.44        58 146.92       103   0.22       148   0
 14 105.57        59 122          104   0          149   0.031
 15 105.57        60 106.8        105   0.278      150   0
 16 112.78        61 105.44       106   0          151   0.036
 17 142.6         62 106.07       107   0.337      152   0
 18 149.07        63 105.57       108   0          153   0.037
 19 165.08        64 109.78       109   0.382      154   0
 20 161.2         65 147.21       110   0          155   0.042
 21 165.01        66 155.06       111   0.396      156   0
 22 157.94        67 177.39       112   0.036      157   0.676857
 23 147.2         68 168.9        113   0.294      158   0.996598
 24 140.5         69 180          114   0.274      159   0.78546
 25   8.16        70 162.34       115   0.215      160   0.801562
 26  10           71 153.17       116   0.514      161   0.839876
 27   9           72 147.21       117 105.57       162   0.806177
 28   7.8         73 130          118 108.2        163   0.640323
 29   7.8         74 125.21       119 105.57       164   0.731905
 30   7.76        75 121.77       120  89.6        165   0.752229
 31   8           76 118          121 128.74       166   0.340551
 32  14           77 116.04       122 151.17       167   0.649754
 33  15           78 118.41       123 170.4        168   0.805248
 34  13.56        79 132.6        124 171.19       169   0.277124
 35  12.8         80 161.69       125 190.01       170   0.097566
 36  14           81 157.9        126 163.05       171   0.129109
 37  15           82 145.47       127 151.17       172   0.09851
 38  15           83 104.06       128 143.5        173   0.049719
 39  15.32        84 104.06       129   0.149      174   0.715167
 40  19.8         85  96.44       130   0.638      175   0.766477
 41  13.12        86 104.06       131   0.106      176   0.839578
 42  15           87 100.72       132   0.693      177   0.883037
 43   7.76        88  97.78       133   0.081      178   0.746803
 44   5           89 133          134   0.689      179   0.786277
 45   5           90 149.07       135   0.061      180   0.6521
;

param Scen0 (tr)
 :    1	    2	    3	    4	    5	    6	    7	    8	    9	   10	   11	   12	   13	   14	   15	   16	   17	   18	   19	   20	   21	   22	   23	   24	   25	   26	   27	   28	   29	   30	   31	   32	   33	   34	   35	   36	   37	   38	   39	   40	   41	   42	   43	   44	   45	   46	   47	   48	   49	   50	   51	   52	   53	   54	   55	   56	   57	   58	   59	   60	   61	   62	   63	   64	   65	   66	   67	   68	   69	   70	   71	   72	   73	   74	   75	   76	   77	   78	   79	   80	   81	   82	   83	   84	   85	   86	   87	   88	   89	   90	   91	   92	   93	   94	   95	   96	   97	   98	   99	  100	  101	  102	  103	  104	  105	  106	  107	  108	  109	  110	  111	  112	  113	  114	  115	  116	  117	  118	  119	  120	  121	  122	  123	  124	  125	  126	  127	  128	  129	  130	  131	  132	  133	  134	  135	  136	  137	  138	  139	  140	  141	  142	  143	  144	  145	  146	  147	  148	  149	  150	  151	  152	  153	  154	  155	  156	  157	  158	  159	  160	  161	  162	  163	  164	  165	  166	  167	  168	  169	  170	  171	  172	  173	  174	  175	  176	  177	  178	  179	  180	:=
    1	140.000000	135.210000	131.770000	128.000000	125.840000	131.770000	142.600000	151.700000	157.000000	145.470000	122.000000	105.570000	105.440000	105.570000	105.570000	112.780000	142.600000	149.070000	165.080000	161.200000	165.010000	157.940000	147.200000	140.500000	8.160000	10.000000	9.000000	7.800000	7.800000	7.760000	8.000000	14.000000	15.000000	13.560000	12.800000	14.000000	15.000000	15.000000	15.320000	19.800000	13.120000	15.000000	7.760000	5.000000	5.000000	5.000000	6.000000	7.000000	133.160000	133.825000	123.093000	122.674000	125.228000	114.888000	120.967000	129.022000	144.867000	161.240000	198.953000	187.337000	184.937000	165.892000	153.481000	153.704000	162.522000	157.141000	144.646000	131.046000	103.510000	115.601000	97.168300	87.643500	130.000000	92.621100	72.534500	64.472300	53.588400	63.085100	92.727000	99.903300	110.668000	109.806000	122.223000	108.078000	125.892000	128.827000	121.050000	120.682000	140.773000	155.338000	153.729000	148.857000	128.741000	123.718000	88.869000	88.230000	0.113000	0.000000	0.124467	0.000000	0.156667	0.000000	0.195084	0.000000	0.167082	0.000000	0.142399	0.000000	0.116999	0.000000	0.079334	0.037300	0.066513	0.179400	0.064748	0.334700	105.570000	114.749000	130.565000	113.326000	135.838000	161.194000	144.139000	162.381000	142.117000	138.183000	119.278000	120.915000	0.197601	0.442200	0.321182	0.406400	0.428889	0.348700	0.427395	0.312800	0.416143	0.296200	0.406713	0.083100	0.347128	0.003400	0.294786	0.000000	0.269901	0.000000	0.238601	0.000000	0.209971	0.000000	0.199295	0.000000	0.203441	0.000000	0.195361	0.000000	0.676857	0.000000	0.000000	0.000000	0.000000	0.000000	0.000000	3.692990	0.265697	5.395020	33.293500	261.322000	109.227000	423.446000	89.054100	58.283600	0.000000	0.000000	264.712000	0.983792	2.787460	1.896070	4.908530	6.482530	
    2	140.000000	135.210000	131.770000	128.000000	125.840000	131.770000	142.600000	151.700000	157.000000	145.470000	122.000000	105.570000	105.440000	105.570000	105.570000	112.780000	142.600000	149.070000	165.080000	161.200000	165.010000	157.940000	147.200000	140.500000	8.160000	10.000000	9.000000	7.800000	7.800000	7.760000	8.000000	14.000000	15.000000	13.560000	12.800000	14.000000	15.000000	15.000000	15.320000	19.800000	13.120000	15.000000	7.760000	5.000000	5.000000	5.000000	6.000000	7.000000	133.160000	136.490000	129.692000	127.120000	124.223000	119.821000	118.893000	125.070000	137.684000	156.518000	209.070000	186.589000	182.501000	165.354000	150.125000	155.547000	173.493000	157.026000	152.291000	137.321000	117.087000	115.861000	107.454000	93.967700	130.000000	99.097000	86.658300	68.651000	68.520700	58.625400	88.662700	97.528200	100.177000	89.781500	103.017000	95.684900	108.751000	110.065000	126.678000	124.681000	141.051000	159.327000	158.965000	161.390000	145.138000	137.756000	106.021000	85.298500	0.113000	0.000000	0.045341	0.000000	0.062356	0.000000	0.091098	0.000000	0.095578	0.000000	0.057741	0.000000	0.029135	0.000000	0.002212	0.039000	0.000000	0.262200	0.000000	0.207300	105.570000	150.065000	158.266000	140.635000	155.296000	172.950000	163.579000	166.245000	139.768000	136.465000	133.166000	128.234000	0.000000	0.429400	0.052335	0.334500	0.113869	0.447100	0.166060	0.484100	0.651941	0.559900	0.619851	0.130800	0.552246	0.004000	0.484977	0.000000	0.411676	0.000000	0.363102	0.000000	0.324735	0.000000	0.305568	0.000000	0.302133	0.000000	0.282491	0.000000	0.676857	0.000000	0.000000	0.000000	0.000000	0.000000	0.000000	3.245880	0.353870	9.326720	61.317700	277.946000	131.054000	348.722000	79.823400	39.579500	7.235320	0.558419	286.350000	0.876418	3.148030	2.077130	5.051830	6.447960	
    3	140.000000	135.210000	131.770000	128.000000	125.840000	131.770000	142.600000	151.700000	157.000000	145.470000	122.000000	105.570000	105.440000	105.570000	105.570000	112.780000	142.600000	149.070000	165.080000	161.200000	165.010000	157.940000	147.200000	140.500000	8.160000	10.000000	9.000000	7.800000	7.800000	7.760000	8.000000	14.000000	15.000000	13.560000	12.800000	14.000000	15.000000	15.000000	15.320000	19.800000	13.120000	15.000000	7.760000	5.000000	5.000000	5.000000	6.000000	7.000000	133.160000	146.539000	129.562000	128.487000	124.977000	119.211000	124.597000	133.990000	141.702000	168.291000	198.987000	177.446000	172.357000	156.299000	142.467000	145.247000	160.461000	149.515000	144.062000	135.142000	104.115000	106.126000	96.931000	88.790600	130.000000	102.939000	80.072500	63.245400	66.861400	50.422300	89.714900	109.593000	113.941000	105.077000	126.016000	90.604600	109.730000	103.575000	88.648400	89.852700	120.244000	153.161000	162.280000	156.946000	143.041000	126.742000	117.274000	88.786800	0.113000	0.000000	0.125674	0.000000	0.156667	0.000000	0.170729	0.000000	0.167737	0.000000	0.159238	0.000000	0.118706	0.000000	0.092353	0.017600	0.116338	0.144300	0.160966	0.234500	105.570000	131.113000	127.559000	132.773000	136.807000	156.541000	155.235000	150.031000	151.351000	136.069000	126.998000	121.640000	0.253275	0.331400	0.327027	0.341500	0.410168	0.323600	0.487358	0.413200	0.509321	0.295900	0.458612	0.095500	0.397450	0.002200	0.274960	0.000000	0.238689	0.000000	0.223813	0.000000	0.194268	0.000000	0.187669	0.000000	0.216857	0.000000	0.209676	0.000000	0.676857	0.000000	0.274476	0.000000	0.000000	0.000000	0.000000	3.303400	0.000000	8.796240	40.994500	263.217000	101.366000	390.272000	86.644600	46.091000	0.645598	0.565260	255.893000	1.096660	3.292450	1.938430	4.841740	6.165020	
    4	140.000000	135.210000	131.770000	128.000000	125.840000	131.770000	142.600000	151.700000	157.000000	145.470000	122.000000	105.570000	105.440000	105.570000	105.570000	112.780000	142.600000	149.070000	165.080000	161.200000	165.010000	157.940000	147.200000	140.500000	8.160000	10.000000	9.000000	7.800000	7.800000	7.760000	8.000000	14.000000	15.000000	13.560000	12.800000	14.000000	15.000000	15.000000	15.320000	19.800000	13.120000	15.000000	7.760000	5.000000	5.000000	5.000000	6.000000	7.000000	133.160000	133.825000	123.093000	122.674000	125.228000	114.888000	120.967000	129.022000	144.867000	161.240000	198.953000	187.337000	184.937000	165.892000	153.481000	153.704000	162.522000	157.141000	144.646000	131.046000	103.510000	115.601000	97.168300	87.643500	130.000000	92.621100	72.534500	64.472300	53.588400	63.085100	92.727000	99.903300	110.668000	109.806000	122.223000	108.078000	125.892000	128.827000	121.050000	120.682000	140.773000	155.338000	153.729000	148.857000	128.741000	123.718000	88.869000	88.230000	0.113000	0.000000	0.124467	0.000000	0.156667	0.000000	0.195084	0.000000	0.167082	0.000000	0.142399	0.000000	0.116999	0.000000	0.079334	0.037300	0.066513	0.179400	0.064748	0.334700	105.570000	114.749000	130.565000	113.326000	135.838000	161.194000	144.139000	162.381000	142.117000	138.183000	119.278000	120.915000	0.197601	0.442200	0.321182	0.406400	0.428889	0.348700	0.427395	0.312800	0.416143	0.296200	0.406713	0.083100	0.347128	0.003400	0.294786	0.000000	0.269901	0.000000	0.238601	0.000000	0.209971	0.000000	0.199295	0.000000	0.203441	0.000000	0.195361	0.000000	0.676857	0.000000	0.000000	0.000000	0.000000	0.000000	0.000000	3.692990	0.265697	5.395020	33.293500	261.322000	109.227000	423.446000	89.054100	58.283600	0.000000	0.000000	264.712000	0.983792	2.787460	1.896070	4.908530	6.482530	
    5	140.000000	135.210000	131.770000	128.000000	125.840000	131.770000	142.600000	151.700000	157.000000	145.470000	122.000000	105.570000	105.440000	105.570000	105.570000	112.780000	142.600000	149.070000	165.080000	161.200000	165.010000	157.940000	147.200000	140.500000	8.160000	10.000000	9.000000	7.800000	7.800000	7.760000	8.000000	14.000000	15.000000	13.560000	12.800000	14.000000	15.000000	15.000000	15.320000	19.800000	13.120000	15.000000	7.760000	5.000000	5.000000	5.000000	6.000000	7.000000	133.160000	130.641000	125.423000	124.348000	127.954000	126.038000	128.139000	138.597000	143.947000	165.665000	195.258000	183.240000	177.458000	154.359000	138.076000	148.013000	160.461000	149.515000	144.062000	135.142000	104.115000	106.126000	96.931000	88.790600	130.000000	86.573600	69.770300	62.253900	67.900100	63.081700	98.625400	111.088000	95.882700	106.568000	113.294000	97.402100	121.123000	115.133000	105.615000	105.461000	106.473000	127.729000	145.119000	156.167000	133.373000	121.352000	88.209800	76.553500	0.113000	0.000000	0.123897	0.000000	0.168995	0.000000	0.185819	0.000000	0.183814	0.000000	0.121761	0.000000	0.101753	0.000000	0.109179	0.024700	0.077206	0.214600	0.117109	0.322300	105.570000	113.430000	112.091000	115.408000	118.074000	130.794000	146.951000	141.401000	129.987000	116.998000	114.369000	128.234000	0.145926	0.505500	0.418235	0.293100	0.527705	0.625600	0.577486	0.483400	0.582704	0.393200	0.595226	0.095000	0.584093	0.004300	0.566336	0.000000	0.495668	0.000000	0.430173	0.000000	0.365040	0.000000	0.334806	0.000000	0.281118	0.000000	0.275998	0.000000	0.676857	0.257497	0.000000	0.000000	0.000000	0.000000	0.000000	3.431760	0.493279	7.317770	0.000000	271.744000	132.362000	346.210000	82.494300	61.973100	0.000000	0.000000	268.874000	0.928258	3.083390	1.785820	4.543330	7.269700	
    6	140.000000	135.210000	131.770000	128.000000	125.840000	131.770000	142.600000	151.700000	157.000000	145.470000	122.000000	105.570000	105.440000	105.570000	105.570000	112.780000	142.600000	149.070000	165.080000	161.200000	165.010000	157.940000	147.200000	140.500000	8.160000	10.000000	9.000000	7.800000	7.800000	7.760000	8.000000	14.000000	15.000000	13.560000	12.800000	14.000000	15.000000	15.000000	15.320000	19.800000	13.120000	15.000000	7.760000	5.000000	5.000000	5.000000	6.000000	7.000000	133.160000	146.539000	129.562000	128.487000	124.977000	119.211000	124.597000	133.990000	141.702000	168.291000	198.987000	177.446000	172.357000	156.299000	142.467000	145.247000	160.461000	149.515000	144.062000	135.142000	104.115000	106.126000	96.931000	88.790600	130.000000	102.939000	80.072500	63.245400	66.861400	50.422300	89.714900	109.593000	113.941000	105.077000	126.016000	90.604600	109.730000	103.575000	88.648400	89.852700	120.244000	153.161000	162.280000	156.946000	143.041000	126.742000	117.274000	88.786800	0.113000	0.000000	0.125674	0.000000	0.156667	0.000000	0.170729	0.000000	0.167737	0.000000	0.159238	0.000000	0.118706	0.000000	0.092353	0.017600	0.116338	0.144300	0.160966	0.234500	105.570000	131.113000	127.559000	132.773000	136.807000	156.541000	155.235000	150.031000	151.351000	136.069000	126.998000	121.640000	0.253275	0.331400	0.327027	0.341500	0.410168	0.323600	0.487358	0.413200	0.509321	0.295900	0.458612	0.095500	0.397450	0.002200	0.274960	0.000000	0.238689	0.000000	0.223813	0.000000	0.194268	0.000000	0.187669	0.000000	0.216857	0.000000	0.209676	0.000000	0.676857	0.000000	0.087306	0.000000	0.000000	0.608592	0.000000	3.465400	0.332105	6.725820	27.752600	252.126000	91.164800	499.565000	105.142000	55.873800	0.000000	0.938151	277.142000	1.063710	3.143670	1.931400	4.821760	6.232450	
    7	140.000000	135.210000	131.770000	128.000000	125.840000	131.770000	142.600000	151.700000	157.000000	145.470000	122.000000	105.570000	105.440000	105.570000	105.570000	112.780000	142.600000	149.070000	165.080000	161.200000	165.010000	157.940000	147.200000	140.500000	8.160000	10.000000	9.000000	7.800000	7.800000	7.760000	8.000000	14.000000	15.000000	13.560000	12.800000	14.000000	15.000000	15.000000	15.320000	19.800000	13.120000	15.000000	7.760000	5.000000	5.000000	5.000000	6.000000	7.000000	133.160000	130.641000	125.423000	124.348000	127.954000	126.038000	128.139000	138.597000	143.947000	165.665000	195.258000	183.240000	177.458000	154.359000	138.076000	148.013000	160.461000	149.515000	144.062000	135.142000	104.115000	106.126000	96.931000	88.790600	130.000000	86.573600	69.770300	62.253900	67.900100	63.081700	98.625400	111.088000	95.882700	106.568000	113.294000	97.402100	121.123000	115.133000	105.615000	105.461000	106.473000	127.729000	145.119000	156.167000	133.373000	121.352000	88.209800	76.553500	0.113000	0.000000	0.123897	0.000000	0.168995	0.000000	0.185819	0.000000	0.183814	0.000000	0.121761	0.000000	0.101753	0.000000	0.109179	0.024700	0.077206	0.214600	0.117109	0.322300	105.570000	121.552000	115.537000	127.603000	138.492000	142.527000	155.085000	147.488000	132.198000	120.803000	105.584000	125.052000	0.000000	0.295400	0.000000	0.163800	0.031477	0.233300	0.126131	0.236700	0.193943	0.125500	0.232397	0.065900	0.397450	0.004200	0.349808	0.000000	0.307089	0.000000	0.281601	0.000000	0.285667	0.000000	0.299498	0.000000	0.310387	0.000000	0.297175	0.000000	0.676857	0.000000	0.172065	0.786276	0.264763	0.318791	0.000000	3.222310	0.094159	9.518600	46.720800	269.390000	116.287000	434.294000	92.279300	41.359500	0.000000	0.938151	277.142000	1.063710	3.143670	1.931400	4.821760	6.232450	
    8	140.000000	135.210000	131.770000	128.000000	125.840000	131.770000	142.600000	151.700000	157.000000	145.470000	122.000000	105.570000	105.440000	105.570000	105.570000	112.780000	142.600000	149.070000	165.080000	161.200000	165.010000	157.940000	147.200000	140.500000	8.160000	10.000000	9.000000	7.800000	7.800000	7.760000	8.000000	14.000000	15.000000	13.560000	12.800000	14.000000	15.000000	15.000000	15.320000	19.800000	13.120000	15.000000	7.760000	5.000000	5.000000	5.000000	6.000000	7.000000	133.160000	146.539000	129.562000	128.487000	124.977000	119.211000	124.597000	133.990000	141.702000	168.291000	198.987000	177.446000	172.357000	156.299000	142.467000	145.247000	160.461000	149.515000	144.062000	135.142000	104.115000	106.126000	96.931000	88.790600	130.000000	102.939000	80.072500	63.245400	66.861400	50.422300	89.714900	109.593000	113.941000	105.077000	126.016000	90.604600	109.730000	103.575000	88.648400	89.852700	120.244000	153.161000	162.280000	156.946000	143.041000	126.742000	117.274000	88.786800	0.113000	0.000000	0.125674	0.000000	0.156667	0.000000	0.170729	0.000000	0.167737	0.000000	0.159238	0.000000	0.118706	0.000000	0.092353	0.017600	0.116338	0.144300	0.160966	0.234500	105.570000	131.113000	127.559000	132.773000	136.807000	156.541000	155.235000	150.031000	151.351000	136.069000	126.998000	121.640000	0.253275	0.331400	0.327027	0.341500	0.410168	0.323600	0.487358	0.413200	0.509321	0.295900	0.458612	0.095500	0.397450	0.002200	0.274960	0.000000	0.238689	0.000000	0.223813	0.000000	0.194268	0.000000	0.187669	0.000000	0.216857	0.000000	0.209676	0.000000	0.676857	0.172634	0.514573	0.465053	0.000000	0.419045	0.000000	3.445440	0.519155	8.796410	21.080600	270.392000	86.544700	246.561000	0.000000	87.698900	0.000000	0.000000	244.892000	1.585870	3.214330	2.027320	5.001370	6.430880	
    9	140.000000	135.210000	131.770000	128.000000	125.840000	131.770000	142.600000	151.700000	157.000000	145.470000	122.000000	105.570000	105.440000	105.570000	105.570000	112.780000	142.600000	149.070000	165.080000	161.200000	165.010000	157.940000	147.200000	140.500000	8.160000	10.000000	9.000000	7.800000	7.800000	7.760000	8.000000	14.000000	15.000000	13.560000	12.800000	14.000000	15.000000	15.000000	15.320000	19.800000	13.120000	15.000000	7.760000	5.000000	5.000000	5.000000	6.000000	7.000000	133.160000	146.539000	129.562000	128.487000	124.977000	119.211000	124.597000	133.990000	141.702000	168.291000	198.987000	177.446000	172.357000	156.299000	142.467000	145.247000	160.461000	149.515000	144.062000	135.142000	104.115000	106.126000	96.931000	88.790600	130.000000	102.939000	80.072500	63.245400	66.861400	50.422300	89.714900	109.593000	113.941000	105.077000	126.016000	90.604600	109.730000	103.575000	88.648400	89.852700	120.244000	153.161000	162.280000	156.946000	143.041000	126.742000	117.274000	88.786800	0.113000	0.000000	0.125674	0.000000	0.156667	0.000000	0.170729	0.000000	0.167737	0.000000	0.159238	0.000000	0.118706	0.000000	0.092353	0.017600	0.116338	0.144300	0.160966	0.234500	105.570000	131.113000	127.559000	132.773000	136.807000	156.541000	155.235000	150.031000	151.351000	136.069000	126.998000	121.640000	0.253275	0.331400	0.327027	0.341500	0.410168	0.323600	0.487358	0.413200	0.509321	0.295900	0.458612	0.095500	0.397450	0.002200	0.274960	0.000000	0.238689	0.000000	0.223813	0.000000	0.194268	0.000000	0.187669	0.000000	0.216857	0.000000	0.209676	0.000000	0.676857	0.000000	0.000000	0.000000	0.000000	0.000000	0.000000	3.354100	0.334840	6.302630	17.604400	265.929000	116.659000	354.557000	85.990600	54.064500	0.000000	2.181070	262.049000	1.263530	3.133480	2.112420	4.867480	6.233220	
   10	140.000000	135.210000	131.770000	128.000000	125.840000	131.770000	142.600000	151.700000	157.000000	145.470000	122.000000	105.570000	105.440000	105.570000	105.570000	112.780000	142.600000	149.070000	165.080000	161.200000	165.010000	157.940000	147.200000	140.500000	8.160000	10.000000	9.000000	7.800000	7.800000	7.760000	8.000000	14.000000	15.000000	13.560000	12.800000	14.000000	15.000000	15.000000	15.320000	19.800000	13.120000	15.000000	7.760000	5.000000	5.000000	5.000000	6.000000	7.000000	133.160000	136.490000	129.692000	127.120000	124.223000	119.821000	118.893000	125.070000	137.684000	156.518000	209.070000	186.589000	182.501000	165.354000	150.125000	155.547000	173.493000	157.026000	152.291000	137.321000	117.087000	115.861000	107.454000	93.967700	130.000000	113.643000	90.822400	80.320800	78.606400	74.095700	107.655000	119.324000	119.390000	110.970000	103.444000	95.247600	110.020000	121.890000	126.590000	127.500000	139.596000	149.001000	150.053000	143.162000	121.811000	122.497000	97.284900	75.408200	0.113000	0.000000	0.048054	0.000000	0.052319	0.000000	0.048510	0.000000	0.023861	0.000000	0.000000	0.000000	0.000000	0.000000	0.000000	0.015900	0.000000	0.090700	0.000000	0.283500	105.570000	138.102000	137.739000	137.626000	142.877000	151.395000	133.513000	140.138000	140.956000	142.529000	127.472000	117.283000	0.000000	0.391200	0.056570	0.260100	0.136409	0.341100	0.194537	0.492000	0.212560	0.309200	0.180838	0.088000	0.138373	0.002700	0.114877	0.000000	0.092771	0.000000	0.058014	0.000000	0.029960	0.000000	0.004054	0.000000	0.000000	0.000000	0.000000	0.000000	0.676857	0.000000	0.082664	0.000000	0.000000	1.404930	0.000000	3.474250	0.537723	6.800660	32.660500	260.273000	112.836000	461.486000	85.931100	53.879100	4.229340	0.492030	277.413000	0.948866	3.191160	1.968210	4.892510	6.318650	
   11	140.000000	135.210000	131.770000	128.000000	125.840000	131.770000	142.600000	151.700000	157.000000	145.470000	122.000000	105.570000	105.440000	105.570000	105.570000	112.780000	142.600000	149.070000	165.080000	161.200000	165.010000	157.940000	147.200000	140.500000	8.160000	10.000000	9.000000	7.800000	7.800000	7.760000	8.000000	14.000000	15.000000	13.560000	12.800000	14.000000	15.000000	15.000000	15.320000	19.800000	13.120000	15.000000	7.760000	5.000000	5.000000	5.000000	6.000000	7.000000	133.160000	130.530000	125.135000	119.585000	120.183000	109.475000	119.049000	125.067000	130.670000	153.337000	198.704000	188.079000	178.989000	163.096000	141.483000	151.765000	164.481000	153.058000	150.910000	129.248000	101.645000	105.591000	103.812000	93.107000	130.000000	100.236000	69.361300	54.261100	53.060700	51.644500	90.501500	99.563800	102.118000	103.875000	100.434000	85.915000	106.399000	105.144000	110.185000	119.418000	130.871000	148.969000	152.711000	147.133000	134.937000	120.618000	102.611000	80.912600	0.113000	0.000000	0.131987	0.000000	0.197190	0.000000	0.238163	0.000000	0.237538	0.000000	0.168304	0.000000	0.150566	0.000000	0.122529	0.026300	0.131758	0.098700	0.142621	0.360100	105.570000	107.855000	116.412000	119.799000	123.528000	147.780000	131.989000	162.546000	144.797000	134.847000	124.517000	122.441000	0.201780	0.343400	0.306538	0.488400	0.378692	0.503700	0.487358	0.346700	0.516117	0.226000	0.452114	0.113400	0.383486	0.003800	0.321141	0.000000	0.337373	0.000000	0.286468	0.000000	0.247221	0.000000	0.284648	0.000000	0.207554	0.000000	0.223253	0.000000	0.676857	0.000000	0.277367	0.000000	0.051902	0.294381	0.153170	3.435310	0.421203	7.620270	37.928000	264.528000	105.907000	366.738000	67.916800	54.709400	0.000000	0.000000	245.648000	1.495340	3.176530	2.086290	5.119900	6.226540	
   12	140.000000	135.210000	131.770000	128.000000	125.840000	131.770000	142.600000	151.700000	157.000000	145.470000	122.000000	105.570000	105.440000	105.570000	105.570000	112.780000	142.600000	149.070000	165.080000	161.200000	165.010000	157.940000	147.200000	140.500000	8.160000	10.000000	9.000000	7.800000	7.800000	7.760000	8.000000	14.000000	15.000000	13.560000	12.800000	14.000000	15.000000	15.000000	15.320000	19.800000	13.120000	15.000000	7.760000	5.000000	5.000000	5.000000	6.000000	7.000000	133.160000	136.490000	129.692000	127.120000	124.223000	119.821000	118.893000	125.070000	137.684000	156.518000	209.070000	186.589000	182.501000	165.354000	150.125000	155.547000	173.493000	157.026000	152.291000	137.321000	117.087000	115.861000	107.454000	93.967700	130.000000	83.414900	67.124300	47.103700	43.250400	46.520500	63.888400	87.633200	103.618000	91.358700	108.730000	103.789000	121.612000	131.238000	123.978000	131.017000	148.082000	157.853000	163.882000	160.915000	142.969000	130.344000	108.555000	87.339600	0.113000	0.000000	0.116609	0.000000	0.256890	0.000000	0.291812	0.000000	0.271485	0.000000	0.235791	0.000000	0.204133	0.000000	0.176457	0.021500	0.216646	0.116300	0.282827	0.502100	105.570000	156.896000	96.500000	93.132800	137.293000	147.466000	133.823000	136.929000	136.154000	136.252000	127.819000	109.786000	0.373551	0.733900	0.482767	0.869500	0.580747	0.599300	0.651156	0.441800	0.665148	0.353400	0.608042	0.218000	0.457967	0.007800	0.397698	0.000000	0.322159	0.000000	0.285439	0.000000	0.300892	0.000000	0.298063	0.000000	0.340444	0.000000	0.400102	0.000000	0.676857	0.000000	0.000000	0.000000	0.000000	0.000000	0.000000	2.959120	0.118971	6.459470	5.857580	275.902000	150.827000	234.434000	188.830000	78.273600	0.000000	4.850500	264.421000	1.949710	3.744820	1.977960	4.962200	6.064980	
   13	140.000000	135.210000	131.770000	128.000000	125.840000	131.770000	142.600000	151.700000	157.000000	145.470000	122.000000	105.570000	105.440000	105.570000	105.570000	112.780000	142.600000	149.070000	165.080000	161.200000	165.010000	157.940000	147.200000	140.500000	8.160000	10.000000	9.000000	7.800000	7.800000	7.760000	8.000000	14.000000	15.000000	13.560000	12.800000	14.000000	15.000000	15.000000	15.320000	19.800000	13.120000	15.000000	7.760000	5.000000	5.000000	5.000000	6.000000	7.000000	133.160000	130.345000	122.378000	119.374000	120.651000	119.183000	124.224000	128.609000	144.867000	161.240000	198.987000	177.446000	172.357000	156.299000	142.467000	145.247000	160.461000	149.515000	144.062000	135.142000	104.115000	106.126000	96.931000	88.790600	130.000000	87.443100	68.421700	58.006900	56.134900	54.517700	87.459200	104.508000	115.561000	106.211000	86.420100	94.252700	102.079000	105.916000	97.451900	90.122700	104.853000	126.056000	141.856000	129.104000	107.804000	108.144000	78.351100	52.186700	0.113000	0.000000	0.097156	0.000000	0.123958	0.000000	0.138591	0.000000	0.136751	0.000000	0.123150	0.000000	0.091024	0.000000	0.085025	0.020600	0.029656	0.126100	0.042426	0.255600	105.570000	124.755000	126.847000	128.802000	133.556000	149.849000	127.221000	148.249000	142.161000	122.974000	123.356000	115.974000	0.153637	0.340500	0.231210	0.387700	0.410168	0.398100	0.487358	0.497800	0.509321	0.400400	0.454769	0.118100	0.397450	0.003100	0.401196	0.000000	0.337373	0.000000	0.266710	0.000000	0.247221	0.000000	0.220308	0.000000	0.205416	0.000000	0.221689	0.000000	0.676857	0.000000	0.133368	0.088461	0.000000	0.424983	0.000000	3.429640	0.000000	6.805330	31.976100	261.795000	128.247000	336.115000	78.639800	52.571300	0.605067	0.000000	264.712000	0.983792	2.787460	1.896070	4.806370	6.232800	
   14	140.000000	135.210000	131.770000	128.000000	125.840000	131.770000	142.600000	151.700000	157.000000	145.470000	122.000000	105.570000	105.440000	105.570000	105.570000	112.780000	142.600000	149.070000	165.080000	161.200000	165.010000	157.940000	147.200000	140.500000	8.160000	10.000000	9.000000	7.800000	7.800000	7.760000	8.000000	14.000000	15.000000	13.560000	12.800000	14.000000	15.000000	15.000000	15.320000	19.800000	13.120000	15.000000	7.760000	5.000000	5.000000	5.000000	6.000000	7.000000	133.160000	130.345000	122.378000	119.374000	120.651000	119.183000	124.224000	128.609000	144.867000	161.240000	198.987000	177.446000	172.357000	156.299000	142.467000	145.247000	160.461000	149.515000	144.062000	135.142000	104.115000	106.126000	96.931000	88.790600	130.000000	87.443100	68.421700	58.006900	56.134900	54.517700	87.459200	104.508000	115.561000	106.211000	86.420100	94.252700	102.079000	105.916000	97.451900	90.122700	104.853000	126.056000	141.856000	129.104000	107.804000	108.144000	78.351100	52.186700	0.113000	0.000000	0.097156	0.000000	0.123958	0.000000	0.138591	0.000000	0.136751	0.000000	0.123150	0.000000	0.091024	0.000000	0.085025	0.020600	0.029656	0.126100	0.042426	0.255600	105.570000	124.755000	126.847000	128.802000	133.556000	149.849000	127.221000	148.249000	142.161000	122.974000	123.356000	115.974000	0.153637	0.340500	0.231210	0.387700	0.410168	0.398100	0.487358	0.497800	0.509321	0.400400	0.454769	0.118100	0.397450	0.003100	0.401196	0.000000	0.337373	0.000000	0.266710	0.000000	0.247221	0.000000	0.220308	0.000000	0.205416	0.000000	0.221689	0.000000	0.676857	0.000000	0.133368	0.088461	0.000000	0.424983	0.000000	3.429640	0.000000	6.805330	31.976100	261.795000	128.247000	336.115000	78.639800	52.571300	0.605067	0.000000	264.712000	0.983792	2.787460	1.896070	4.806370	6.232800	
   15	140.000000	135.210000	131.770000	128.000000	125.840000	131.770000	142.600000	151.700000	157.000000	145.470000	122.000000	105.570000	105.440000	105.570000	105.570000	112.780000	142.600000	149.070000	165.080000	161.200000	165.010000	157.940000	147.200000	140.500000	8.160000	10.000000	9.000000	7.800000	7.800000	7.760000	8.000000	14.000000	15.000000	13.560000	12.800000	14.000000	15.000000	15.000000	15.320000	19.800000	13.120000	15.000000	7.760000	5.000000	5.000000	5.000000	6.000000	7.000000	133.160000	134.328000	120.572000	123.126000	121.142000	115.504000	115.824000	128.848000	136.164000	154.906000	207.047000	193.199000	185.186000	162.512000	151.006000	153.487000	162.365000	152.129000	142.439000	135.036000	103.752000	94.537000	104.198000	91.632100	130.000000	96.625400	78.950600	63.594000	59.224600	52.311000	95.697700	103.490000	108.056000	97.016400	106.520000	101.370000	111.606000	112.199000	117.377000	130.877000	139.206000	145.247000	149.466000	151.658000	118.099000	100.449000	85.416700	72.600500	0.113000	0.000000	0.161016	0.000000	0.164127	0.000000	0.203456	0.000000	0.195647	0.000000	0.025082	0.000000	0.000000	0.000000	0.000000	0.033100	0.000000	0.184500	0.000000	0.673200	105.570000	122.405000	116.247000	120.336000	126.010000	146.207000	94.948900	115.589000	117.750000	103.934000	99.921800	98.586300	0.000000	0.353600	0.072165	0.283900	0.211708	0.249000	0.313708	0.317600	0.355149	0.155600	0.347012	0.074500	0.343783	0.005400	0.348128	0.000000	0.300253	0.000000	0.250684	0.000000	0.196591	0.000000	0.181782	0.000000	0.191012	0.000000	0.194727	0.000000	0.676857	0.000000	0.192356	0.000000	0.000000	0.000000	0.000000	3.287650	0.523819	5.055930	49.916800	247.178000	93.347400	630.370000	106.372000	69.557900	0.000000	3.685360	262.508000	1.567440	3.380710	2.181940	4.871790	6.210620	
   16	140.000000	135.210000	131.770000	128.000000	125.840000	131.770000	142.600000	151.700000	157.000000	145.470000	122.000000	105.570000	105.440000	105.570000	105.570000	112.780000	142.600000	149.070000	165.080000	161.200000	165.010000	157.940000	147.200000	140.500000	8.160000	10.000000	9.000000	7.800000	7.800000	7.760000	8.000000	14.000000	15.000000	13.560000	12.800000	14.000000	15.000000	15.000000	15.320000	19.800000	13.120000	15.000000	7.760000	5.000000	5.000000	5.000000	6.000000	7.000000	133.160000	130.345000	122.378000	119.374000	120.651000	119.183000	124.224000	128.609000	144.867000	161.240000	198.987000	177.446000	172.357000	156.299000	142.467000	145.247000	160.461000	149.515000	144.062000	135.142000	104.115000	106.126000	96.931000	88.790600	130.000000	87.443100	68.421700	58.006900	56.134900	54.517700	87.459200	104.508000	115.561000	106.211000	86.420100	94.252700	102.079000	105.916000	97.451900	90.122700	104.853000	126.056000	141.856000	129.104000	107.804000	108.144000	78.351100	52.186700	0.113000	0.000000	0.097156	0.000000	0.123958	0.000000	0.138591	0.000000	0.136751	0.000000	0.123150	0.000000	0.091024	0.000000	0.085025	0.020600	0.029656	0.126100	0.042426	0.255600	105.570000	124.755000	126.847000	128.802000	133.556000	149.849000	127.221000	148.249000	142.161000	122.974000	123.356000	115.974000	0.153637	0.340500	0.231210	0.387700	0.410168	0.398100	0.487358	0.497800	0.509321	0.400400	0.454769	0.118100	0.397450	0.003100	0.401196	0.000000	0.337373	0.000000	0.266710	0.000000	0.247221	0.000000	0.220308	0.000000	0.205416	0.000000	0.221689	0.000000	0.676857	0.000000	0.133368	0.088461	0.000000	0.424983	0.000000	3.429640	0.000000	6.805330	31.976100	261.795000	128.247000	336.115000	78.639800	52.571300	0.605067	0.000000	264.712000	0.983792	2.787460	1.896070	4.806370	6.232800	
   17	140.000000	135.210000	131.770000	128.000000	125.840000	131.770000	142.600000	151.700000	157.000000	145.470000	122.000000	105.570000	105.440000	105.570000	105.570000	112.780000	142.600000	149.070000	165.080000	161.200000	165.010000	157.940000	147.200000	140.500000	8.160000	10.000000	9.000000	7.800000	7.800000	7.760000	8.000000	14.000000	15.000000	13.560000	12.800000	14.000000	15.000000	15.000000	15.320000	19.800000	13.120000	15.000000	7.760000	5.000000	5.000000	5.000000	6.000000	7.000000	133.160000	136.490000	129.692000	127.120000	124.223000	119.821000	118.893000	125.070000	137.684000	156.518000	209.070000	186.589000	182.501000	165.354000	150.125000	155.547000	173.493000	157.026000	152.291000	137.321000	117.087000	115.861000	107.454000	93.967700	130.000000	100.526000	80.575600	68.075500	64.911400	62.187000	99.661500	104.207000	107.937000	104.658000	107.748000	103.814000	113.694000	107.597000	115.539000	120.036000	123.961000	138.650000	169.855000	162.589000	126.174000	110.421000	98.984400	85.313200	0.113000	0.000000	0.162536	0.000000	0.214553	0.000000	0.235837	0.000000	0.201727	0.000000	0.125390	0.000000	0.069877	0.000000	0.018172	0.025600	0.004150	0.174200	0.039423	0.184800	105.570000	144.999000	141.455000	147.938000	151.354000	173.986000	160.450000	206.780000	133.055000	129.527000	128.672000	127.310000	0.072231	0.342500	0.168656	0.241400	0.263402	0.436600	0.328167	0.475500	0.339026	0.170500	0.295114	0.058100	0.243823	0.001500	0.238643	0.000000	0.195724	0.000000	0.155694	0.000000	0.140560	0.000000	0.149212	0.000000	0.156135	0.000000	0.145031	0.000000	0.676857	0.257576	0.349928	0.235016	0.000000	0.000000	0.000000	3.320570	0.617756	11.331000	27.097800	269.047000	131.001000	376.374000	67.720600	50.126600	8.187680	0.000000	242.845000	1.667610	3.269860	2.011710	4.949930	6.108280	
   18	140.000000	135.210000	131.770000	128.000000	125.840000	131.770000	142.600000	151.700000	157.000000	145.470000	122.000000	105.570000	105.440000	105.570000	105.570000	112.780000	142.600000	149.070000	165.080000	161.200000	165.010000	157.940000	147.200000	140.500000	8.160000	10.000000	9.000000	7.800000	7.800000	7.760000	8.000000	14.000000	15.000000	13.560000	12.800000	14.000000	15.000000	15.000000	15.320000	19.800000	13.120000	15.000000	7.760000	5.000000	5.000000	5.000000	6.000000	7.000000	133.160000	130.530000	125.135000	119.585000	120.183000	109.475000	119.049000	125.067000	130.670000	153.337000	198.704000	188.079000	178.989000	163.096000	141.483000	151.765000	164.481000	153.058000	150.910000	129.248000	101.645000	105.591000	103.812000	93.107000	130.000000	100.236000	69.361300	54.261100	53.060700	51.644500	90.501500	99.563800	102.118000	103.875000	100.434000	85.915000	106.399000	105.144000	110.185000	119.418000	130.871000	148.969000	152.711000	147.133000	134.937000	120.618000	102.611000	80.912600	0.113000	0.000000	0.131987	0.000000	0.197190	0.000000	0.238163	0.000000	0.237538	0.000000	0.168304	0.000000	0.150566	0.000000	0.122529	0.026300	0.131758	0.098700	0.142621	0.360100	105.570000	107.855000	116.412000	119.799000	123.528000	147.780000	131.989000	162.546000	144.797000	134.847000	124.517000	122.441000	0.201780	0.343400	0.306538	0.488400	0.378692	0.503700	0.487358	0.346700	0.516117	0.226000	0.452114	0.113400	0.383486	0.003800	0.321141	0.000000	0.337373	0.000000	0.286468	0.000000	0.247221	0.000000	0.284648	0.000000	0.207554	0.000000	0.223253	0.000000	0.676857	0.000000	0.277367	0.000000	0.051902	0.294381	0.153170	3.435310	0.421203	7.620270	37.928000	264.528000	105.907000	366.738000	67.916800	54.709400	0.000000	0.000000	245.648000	1.495340	3.176530	2.086290	5.119900	6.226540	
   19	140.000000	135.210000	131.770000	128.000000	125.840000	131.770000	142.600000	151.700000	157.000000	145.470000	122.000000	105.570000	105.440000	105.570000	105.570000	112.780000	142.600000	149.070000	165.080000	161.200000	165.010000	157.940000	147.200000	140.500000	8.160000	10.000000	9.000000	7.800000	7.800000	7.760000	8.000000	14.000000	15.000000	13.560000	12.800000	14.000000	15.000000	15.000000	15.320000	19.800000	13.120000	15.000000	7.760000	5.000000	5.000000	5.000000	6.000000	7.000000	133.160000	130.641000	125.423000	124.348000	127.954000	126.038000	128.139000	138.597000	143.947000	165.665000	195.258000	183.240000	177.458000	154.359000	138.076000	148.013000	160.461000	149.515000	144.062000	135.142000	104.115000	106.126000	96.931000	88.790600	130.000000	86.573600	69.770300	62.253900	67.900100	63.081700	98.625400	111.088000	95.882700	106.568000	113.294000	97.402100	121.123000	115.133000	105.615000	105.461000	106.473000	127.729000	145.119000	156.167000	133.373000	121.352000	88.209800	76.553500	0.113000	0.000000	0.123897	0.000000	0.168995	0.000000	0.185819	0.000000	0.183814	0.000000	0.121761	0.000000	0.101753	0.000000	0.109179	0.024700	0.077206	0.214600	0.117109	0.322300	105.570000	113.430000	112.091000	115.408000	118.074000	130.794000	146.951000	141.401000	129.987000	116.998000	114.369000	128.234000	0.280548	0.136700	0.350183	0.163700	0.434651	0.151900	0.504431	0.117000	0.692478	0.113400	0.645711	0.074900	0.588616	0.005900	0.552973	0.000000	0.504824	0.000000	0.474425	0.000000	0.469570	0.000000	0.484836	0.000000	0.526225	0.000000	0.573973	0.000000	0.676857	0.162390	0.000000	0.049768	1.016160	0.000000	0.000000	3.363400	0.803588	7.719980	0.000000	264.931000	101.790000	407.995000	86.032400	67.248500	0.000000	0.982051	265.377000	1.833930	3.322630	2.009520	5.025790	5.833700	
   20	140.000000	135.210000	131.770000	128.000000	125.840000	131.770000	142.600000	151.700000	157.000000	145.470000	122.000000	105.570000	105.440000	105.570000	105.570000	112.780000	142.600000	149.070000	165.080000	161.200000	165.010000	157.940000	147.200000	140.500000	8.160000	10.000000	9.000000	7.800000	7.800000	7.760000	8.000000	14.000000	15.000000	13.560000	12.800000	14.000000	15.000000	15.000000	15.320000	19.800000	13.120000	15.000000	7.760000	5.000000	5.000000	5.000000	6.000000	7.000000	133.160000	136.490000	129.692000	127.120000	124.223000	119.821000	118.893000	125.070000	137.684000	156.518000	209.070000	186.589000	182.501000	165.354000	150.125000	155.547000	173.493000	157.026000	152.291000	137.321000	117.087000	115.861000	107.454000	93.967700	130.000000	104.096000	76.164800	59.231400	61.195100	57.238100	82.805300	95.807200	89.940400	79.218400	100.934000	90.788500	100.379000	101.230000	93.062900	120.289000	133.107000	144.095000	146.413000	153.897000	138.683000	130.308000	94.713900	82.997500	0.113000	0.000000	0.117895	0.000000	0.180456	0.000000	0.230600	0.000000	0.229651	0.000000	0.192244	0.000000	0.027885	0.000000	0.000000	0.024800	0.000000	0.169300	0.053598	0.190700	105.570000	140.922000	136.478000	145.998000	149.496000	161.189000	135.977000	176.393000	170.810000	150.927000	132.273000	125.850000	0.127608	0.223200	0.240472	0.422000	0.355677	0.291900	0.426933	0.366700	0.432029	0.288800	0.375397	0.121900	0.270517	0.005600	0.157615	0.000000	0.091312	0.000000	0.078740	0.000000	0.091635	0.000000	0.109876	0.000000	0.131794	0.000000	0.115549	0.000000	0.676857	0.000000	0.000000	0.000000	0.000000	0.000000	0.000000	3.490980	0.383806	6.540210	33.192800	272.969000	112.954000	301.042000	82.151800	32.777500	11.170400	0.861361	250.940000	1.192080	3.048200	1.737140	4.617170	5.860350	
   21	140.000000	135.210000	131.770000	128.000000	125.840000	131.770000	142.600000	151.700000	157.000000	145.470000	122.000000	105.570000	105.440000	105.570000	105.570000	112.780000	142.600000	149.070000	165.080000	161.200000	165.010000	157.940000	147.200000	140.500000	8.160000	10.000000	9.000000	7.800000	7.800000	7.760000	8.000000	14.000000	15.000000	13.560000	12.800000	14.000000	15.000000	15.000000	15.320000	19.800000	13.120000	15.000000	7.760000	5.000000	5.000000	5.000000	6.000000	7.000000	133.160000	146.539000	129.562000	128.487000	124.977000	119.211000	124.597000	133.990000	141.702000	168.291000	198.987000	177.446000	172.357000	156.299000	142.467000	145.247000	160.461000	149.515000	144.062000	135.142000	104.115000	106.126000	96.931000	88.790600	130.000000	102.939000	80.072500	63.245400	66.861400	50.422300	89.714900	109.593000	113.941000	105.077000	126.016000	90.604600	109.730000	103.575000	88.648400	89.852700	120.244000	153.161000	162.280000	156.946000	143.041000	126.742000	117.274000	88.786800	0.113000	0.000000	0.125674	0.000000	0.156667	0.000000	0.170729	0.000000	0.167737	0.000000	0.159238	0.000000	0.118706	0.000000	0.092353	0.017600	0.116338	0.144300	0.160966	0.234500	105.570000	131.113000	127.559000	132.773000	136.807000	156.541000	155.235000	150.031000	151.351000	136.069000	126.998000	121.640000	0.253275	0.331400	0.327027	0.341500	0.410168	0.323600	0.487358	0.413200	0.509321	0.295900	0.458612	0.095500	0.397450	0.002200	0.274960	0.000000	0.238689	0.000000	0.223813	0.000000	0.194268	0.000000	0.187669	0.000000	0.216857	0.000000	0.209676	0.000000	0.676857	0.271143	0.112147	0.000000	0.000000	0.996919	0.000000	3.079960	0.678924	5.699850	20.062500	257.707000	144.902000	352.877000	0.000000	29.214300	11.348100	5.438710	270.876000	1.023780	3.239130	1.669420	4.585290	5.869780	
   22	140.000000	135.210000	131.770000	128.000000	125.840000	131.770000	142.600000	151.700000	157.000000	145.470000	122.000000	105.570000	105.440000	105.570000	105.570000	112.780000	142.600000	149.070000	165.080000	161.200000	165.010000	157.940000	147.200000	140.500000	8.160000	10.000000	9.000000	7.800000	7.800000	7.760000	8.000000	14.000000	15.000000	13.560000	12.800000	14.000000	15.000000	15.000000	15.320000	19.800000	13.120000	15.000000	7.760000	5.000000	5.000000	5.000000	6.000000	7.000000	133.160000	136.490000	129.692000	127.120000	124.223000	119.821000	118.893000	125.070000	137.684000	156.518000	209.070000	186.589000	182.501000	165.354000	150.125000	155.547000	173.493000	157.026000	152.291000	137.321000	117.087000	115.861000	107.454000	93.967700	130.000000	118.508000	100.128000	81.935700	67.665000	62.944300	100.976000	105.699000	103.233000	99.452200	102.979000	98.887200	104.240000	104.880000	107.692000	113.618000	127.917000	150.222000	155.252000	140.113000	134.063000	113.531000	101.860000	82.872200	0.113000	0.000000	0.090313	0.000000	0.134700	0.000000	0.159253	0.000000	0.152194	0.000000	0.122578	0.000000	0.083579	0.000000	0.068815	0.020600	0.089860	0.161200	0.092026	0.197900	105.570000	121.552000	115.537000	127.603000	138.492000	142.527000	155.085000	147.488000	132.198000	120.803000	105.584000	128.126000	0.237446	0.190200	0.323201	0.208400	0.414052	0.123500	0.471376	0.176200	0.462298	0.080500	0.365521	0.033800	0.291724	0.001700	0.252408	0.000000	0.158457	0.000000	0.095455	0.000000	0.068085	0.000000	0.072240	0.000000	0.107861	0.000000	0.129272	0.000000	0.676857	0.000000	0.000000	0.267321	0.101859	1.040890	0.000000	3.340950	0.634902	8.318390	19.999600	270.201000	117.046000	270.191000	80.903300	42.249200	3.133270	0.000000	310.984000	0.931075	2.991470	1.758630	4.861810	6.253030	
   23	140.000000	135.210000	131.770000	128.000000	125.840000	131.770000	142.600000	151.700000	157.000000	145.470000	122.000000	105.570000	105.440000	105.570000	105.570000	112.780000	142.600000	149.070000	165.080000	161.200000	165.010000	157.940000	147.200000	140.500000	8.160000	10.000000	9.000000	7.800000	7.800000	7.760000	8.000000	14.000000	15.000000	13.560000	12.800000	14.000000	15.000000	15.000000	15.320000	19.800000	13.120000	15.000000	7.760000	5.000000	5.000000	5.000000	6.000000	7.000000	133.160000	136.490000	129.692000	127.120000	124.223000	119.821000	118.893000	125.070000	137.684000	156.518000	209.070000	186.589000	182.501000	165.354000	150.125000	155.547000	173.493000	157.026000	152.291000	137.321000	117.087000	115.861000	107.454000	93.967700	130.000000	96.092300	85.139000	70.485700	53.676500	54.444000	79.861100	91.794200	106.939000	110.266000	113.415000	103.639000	121.991000	123.238000	122.410000	99.936500	121.446000	130.603000	143.234000	136.910000	115.974000	108.828000	81.308500	77.527500	0.113000	0.000000	0.156000	0.000000	0.194559	0.000000	0.227803	0.000000	0.233233	0.000000	0.202769	0.000000	0.137813	0.000000	0.058863	0.024800	0.000000	0.141500	0.000000	0.265900	105.570000	115.140000	111.864000	129.891000	140.722000	153.572000	139.213000	158.167000	139.453000	121.043000	116.804000	118.232000	0.086161	0.322000	0.197523	0.292300	0.301551	0.273500	0.373451	0.248900	0.393989	0.163300	0.385422	0.086500	0.304689	0.003200	0.232136	0.000000	0.175300	0.000000	0.150378	0.000000	0.142050	0.000000	0.148094	0.000000	0.173310	0.000000	0.182001	0.000000	0.676857	0.316826	0.719877	0.000000	0.000000	0.000000	0.000000	3.823720	0.020849	8.481700	20.212600	262.264000	105.040000	408.936000	100.799000	49.632600	0.000000	1.694170	252.245000	1.589970	3.292570	2.042020	4.887910	6.206430	
   24	140.000000	135.210000	131.770000	128.000000	125.840000	131.770000	142.600000	151.700000	157.000000	145.470000	122.000000	105.570000	105.440000	105.570000	105.570000	112.780000	142.600000	149.070000	165.080000	161.200000	165.010000	157.940000	147.200000	140.500000	8.160000	10.000000	9.000000	7.800000	7.800000	7.760000	8.000000	14.000000	15.000000	13.560000	12.800000	14.000000	15.000000	15.000000	15.320000	19.800000	13.120000	15.000000	7.760000	5.000000	5.000000	5.000000	6.000000	7.000000	133.160000	134.328000	120.572000	123.126000	121.142000	115.504000	115.824000	128.848000	136.164000	154.906000	207.047000	193.199000	185.186000	162.512000	151.006000	153.487000	162.365000	152.129000	142.439000	135.036000	103.752000	94.537000	104.198000	91.632100	130.000000	96.625400	78.950600	63.594000	59.224600	52.311000	95.697700	103.490000	108.056000	97.016400	106.520000	101.370000	111.606000	112.199000	117.377000	130.877000	139.206000	145.247000	149.466000	151.658000	118.099000	100.449000	85.416700	72.600500	0.113000	0.000000	0.161016	0.000000	0.164127	0.000000	0.203456	0.000000	0.195647	0.000000	0.710236	0.000000	0.719767	0.000000	0.694660	0.073100	0.672296	0.282400	0.675084	0.517200	105.570000	132.929000	132.394000	138.486000	141.824000	159.585000	149.042000	190.898000	171.763000	156.955000	151.040000	139.306000	0.729804	0.499000	0.811028	0.411000	0.884488	0.296600	0.919134	0.262800	0.905728	0.196300	0.855172	0.056700	0.770580	0.002300	0.672155	0.000000	0.556242	0.000000	0.448837	0.000000	0.333177	0.000000	0.213696	0.000000	0.259799	0.000000	0.253106	0.000000	0.676857	0.263157	0.620721	0.000000	0.000000	1.661420	0.928004	5.179290	0.073931	1.944390	37.743000	256.527000	94.022800	499.068000	95.422600	41.032500	13.305400	0.000000	876.264000	2.483130	2.950870	2.121660	5.000990	6.398120	
   25	140.000000	135.210000	131.770000	128.000000	125.840000	131.770000	142.600000	151.700000	157.000000	145.470000	122.000000	105.570000	105.440000	105.570000	105.570000	112.780000	142.600000	149.070000	165.080000	161.200000	165.010000	157.940000	147.200000	140.500000	8.160000	10.000000	9.000000	7.800000	7.800000	7.760000	8.000000	14.000000	15.000000	13.560000	12.800000	14.000000	15.000000	15.000000	15.320000	19.800000	13.120000	15.000000	7.760000	5.000000	5.000000	5.000000	6.000000	7.000000	133.160000	130.345000	122.378000	119.374000	120.651000	119.183000	124.224000	128.609000	144.867000	161.240000	198.987000	177.446000	172.357000	156.299000	142.467000	145.247000	160.461000	149.515000	144.062000	135.142000	104.115000	106.126000	96.931000	88.790600	130.000000	87.443100	68.421700	58.006900	56.134900	54.517700	87.459200	104.508000	115.561000	106.211000	86.420100	94.252700	102.079000	105.916000	97.451900	90.122700	104.853000	126.056000	141.856000	129.104000	107.804000	108.144000	78.351100	52.186700	0.113000	0.000000	0.097156	0.000000	0.123958	0.000000	0.138591	0.000000	0.136751	0.000000	0.123150	0.000000	0.091024	0.000000	0.085025	0.020600	0.029656	0.126100	0.042426	0.255600	105.570000	124.755000	126.847000	128.802000	133.556000	149.849000	127.221000	148.249000	142.161000	122.974000	123.356000	115.974000	0.153637	0.340500	0.231210	0.387700	0.410168	0.398100	0.487358	0.497800	0.509321	0.400400	0.454769	0.118100	0.397450	0.003100	0.401196	0.000000	0.337373	0.000000	0.266710	0.000000	0.247221	0.000000	0.220308	0.000000	0.205416	0.000000	0.221689	0.000000	0.676857	0.000000	0.133368	0.088461	0.000000	0.424983	0.000000	3.429640	0.000000	6.805330	31.976100	261.795000	128.247000	336.115000	78.639800	52.571300	0.605067	0.000000	264.712000	0.983792	2.787460	1.896070	4.806370	6.232800	
   26	140.000000	135.210000	131.770000	128.000000	125.840000	131.770000	142.600000	151.700000	157.000000	145.470000	122.000000	105.570000	105.440000	105.570000	105.570000	112.780000	142.600000	149.070000	165.080000	161.200000	165.010000	157.940000	147.200000	140.500000	8.160000	10.000000	9.000000	7.800000	7.800000	7.760000	8.000000	14.000000	15.000000	13.560000	12.800000	14.000000	15.000000	15.000000	15.320000	19.800000	13.120000	15.000000	7.760000	5.000000	5.000000	5.000000	6.000000	7.000000	133.160000	130.530000	125.135000	119.585000	120.183000	109.475000	119.049000	125.067000	130.670000	153.337000	198.704000	188.079000	178.989000	163.096000	141.483000	151.765000	164.481000	153.058000	150.910000	129.248000	101.645000	105.591000	103.812000	93.107000	130.000000	100.236000	69.361300	54.261100	53.060700	51.644500	90.501500	99.563800	102.118000	103.875000	100.434000	85.915000	106.399000	105.144000	110.185000	119.418000	130.871000	148.969000	152.711000	147.133000	134.937000	120.618000	102.611000	80.912600	0.113000	0.000000	0.131987	0.000000	0.197190	0.000000	0.238163	0.000000	0.237538	0.000000	0.168304	0.000000	0.150566	0.000000	0.122529	0.026300	0.131758	0.098700	0.142621	0.360100	105.570000	107.855000	116.412000	119.799000	123.528000	147.780000	131.989000	162.546000	144.797000	134.847000	124.517000	122.441000	0.201780	0.343400	0.306538	0.488400	0.378692	0.503700	0.487358	0.346700	0.516117	0.226000	0.452114	0.113400	0.383486	0.003800	0.321141	0.000000	0.337373	0.000000	0.286468	0.000000	0.247221	0.000000	0.284648	0.000000	0.207554	0.000000	0.223253	0.000000	0.676857	0.000000	0.277367	0.000000	0.051902	0.294381	0.153170	3.435310	0.421203	7.620270	37.928000	264.528000	105.907000	366.738000	67.916800	54.709400	0.000000	0.000000	245.648000	1.495340	3.176530	2.086290	5.119900	6.226540	
   27	140.000000	135.210000	131.770000	128.000000	125.840000	131.770000	142.600000	151.700000	157.000000	145.470000	122.000000	105.570000	105.440000	105.570000	105.570000	112.780000	142.600000	149.070000	165.080000	161.200000	165.010000	157.940000	147.200000	140.500000	8.160000	10.000000	9.000000	7.800000	7.800000	7.760000	8.000000	14.000000	15.000000	13.560000	12.800000	14.000000	15.000000	15.000000	15.320000	19.800000	13.120000	15.000000	7.760000	5.000000	5.000000	5.000000	6.000000	7.000000	133.160000	130.530000	125.135000	119.585000	120.183000	109.475000	119.049000	125.067000	130.670000	153.337000	198.704000	188.079000	178.989000	163.096000	141.483000	151.765000	164.481000	153.058000	150.910000	129.248000	101.645000	105.591000	103.812000	93.107000	130.000000	100.236000	69.361300	54.261100	53.060700	51.644500	90.501500	99.563800	102.118000	103.875000	100.434000	85.915000	106.399000	105.144000	110.185000	119.418000	130.871000	148.969000	152.711000	147.133000	134.937000	120.618000	102.611000	80.912600	0.113000	0.000000	0.131987	0.000000	0.197190	0.000000	0.238163	0.000000	0.237538	0.000000	0.168304	0.000000	0.150566	0.000000	0.122529	0.026300	0.131758	0.098700	0.142621	0.360100	105.570000	107.855000	116.412000	119.799000	123.528000	147.780000	131.989000	162.546000	144.797000	134.847000	124.517000	122.441000	0.201780	0.343400	0.306538	0.488400	0.378692	0.503700	0.487358	0.346700	0.516117	0.226000	0.452114	0.113400	0.383486	0.003800	0.321141	0.000000	0.337373	0.000000	0.286468	0.000000	0.247221	0.000000	0.284648	0.000000	0.207554	0.000000	0.223253	0.000000	0.676857	0.000000	0.277367	0.000000	0.051902	0.294381	0.153170	3.435310	0.421203	7.620270	37.928000	264.528000	105.907000	366.738000	67.916800	54.709400	0.000000	0.000000	245.648000	1.495340	3.176530	2.086290	5.119900	6.226540	
   28	140.000000	135.210000	131.770000	128.000000	125.840000	131.770000	142.600000	151.700000	157.000000	145.470000	122.000000	105.570000	105.440000	105.570000	105.570000	112.780000	142.600000	149.070000	165.080000	161.200000	165.010000	157.940000	147.200000	140.500000	8.160000	10.000000	9.000000	7.800000	7.800000	7.760000	8.000000	14.000000	15.000000	13.560000	12.800000	14.000000	15.000000	15.000000	15.320000	19.800000	13.120000	15.000000	7.760000	5.000000	5.000000	5.000000	6.000000	7.000000	133.160000	134.328000	120.572000	123.126000	121.142000	115.504000	115.824000	128.848000	136.164000	154.906000	207.047000	193.199000	185.186000	162.512000	151.006000	153.487000	162.365000	152.129000	142.439000	135.036000	103.752000	94.537000	104.198000	91.632100	130.000000	96.625400	78.950600	63.594000	59.224600	52.311000	95.697700	103.490000	108.056000	97.016400	106.520000	101.370000	111.606000	112.199000	117.377000	130.877000	139.206000	145.247000	149.466000	151.658000	118.099000	100.449000	85.416700	72.600500	0.113000	0.000000	0.161016	0.000000	0.164127	0.000000	0.203456	0.000000	0.195647	0.000000	0.192244	0.000000	0.152344	0.000000	0.118090	0.017700	0.103255	0.129400	0.110827	0.196000	105.570000	124.188000	119.160000	123.696000	129.861000	144.878000	135.981000	166.844000	182.131000	135.043000	125.020000	117.980000	0.152786	0.223200	0.227152	0.398600	0.295218	0.354300	0.337454	0.413700	0.334972	0.238500	0.254546	0.102000	0.110737	0.005700	0.043814	0.000000	0.035245	0.000000	0.044840	0.000000	0.042175	0.000000	0.015533	0.000000	0.000000	0.000000	0.000000	0.000000	0.676857	0.000000	0.000000	0.000000	0.000000	0.000000	0.000000	3.425860	0.468422	7.358820	21.643500	262.808000	113.367000	266.716000	77.326700	53.073000	0.000000	1.394520	256.216000	1.727010	3.343570	2.131430	4.831770	6.095870	
   29	140.000000	135.210000	131.770000	128.000000	125.840000	131.770000	142.600000	151.700000	157.000000	145.470000	122.000000	105.570000	105.440000	105.570000	105.570000	112.780000	142.600000	149.070000	165.080000	161.200000	165.010000	157.940000	147.200000	140.500000	8.160000	10.000000	9.000000	7.800000	7.800000	7.760000	8.000000	14.000000	15.000000	13.560000	12.800000	14.000000	15.000000	15.000000	15.320000	19.800000	13.120000	15.000000	7.760000	5.000000	5.000000	5.000000	6.000000	7.000000	133.160000	136.490000	129.692000	127.120000	124.223000	119.821000	118.893000	125.070000	137.684000	156.518000	209.070000	186.589000	182.501000	165.354000	150.125000	155.547000	173.493000	157.026000	152.291000	137.321000	117.087000	115.861000	107.454000	93.967700	130.000000	87.410300	70.856600	58.576100	51.702400	47.508600	86.371700	99.416200	117.993000	120.997000	121.802000	107.758000	117.482000	112.578000	114.978000	119.424000	131.516000	163.055000	166.829000	162.091000	141.365000	116.086000	118.278000	107.171000	0.113000	0.000000	0.186066	0.000000	0.192976	0.000000	0.198822	0.000000	0.192122	0.000000	0.169697	0.000000	0.135710	0.000000	0.110790	0.078000	0.134755	0.329400	0.211971	0.342900	105.570000	124.190000	126.041000	135.434000	144.626000	169.949000	171.331000	177.270000	154.920000	134.644000	126.000000	118.782000	0.292068	0.616100	0.389527	0.519500	0.497181	0.345300	0.564748	0.374100	0.582713	0.237800	0.524819	0.070600	0.457967	0.004700	0.397698	0.000000	0.322159	0.000000	0.285439	0.000000	0.300892	0.000000	0.298063	0.000000	0.340444	0.000000	0.400102	0.000000	0.676857	0.000000	0.031481	0.204225	0.000000	0.160570	0.000000	3.328970	0.429526	7.757060	14.275900	266.690000	104.376000	348.264000	107.385000	65.394000	0.000000	4.850500	264.421000	1.949710	3.744820	1.977960	4.962200	6.064980	
   30	140.000000	135.210000	131.770000	128.000000	125.840000	131.770000	142.600000	151.700000	157.000000	145.470000	122.000000	105.570000	105.440000	105.570000	105.570000	112.780000	142.600000	149.070000	165.080000	161.200000	165.010000	157.940000	147.200000	140.500000	8.160000	10.000000	9.000000	7.800000	7.800000	7.760000	8.000000	14.000000	15.000000	13.560000	12.800000	14.000000	15.000000	15.000000	15.320000	19.800000	13.120000	15.000000	7.760000	5.000000	5.000000	5.000000	6.000000	7.000000	133.160000	130.491000	123.945000	125.082000	121.052000	117.663000	116.552000	133.990000	141.702000	168.291000	198.987000	177.446000	172.357000	156.299000	142.467000	145.247000	160.461000	149.515000	144.062000	135.142000	104.115000	106.126000	96.931000	88.790600	130.000000	102.532000	85.711700	73.725700	69.221100	69.688500	104.769000	114.823000	114.828000	112.399000	84.305500	68.248300	90.217900	88.965100	87.042200	86.227700	106.473000	127.729000	145.119000	156.167000	133.373000	121.352000	88.209800	76.553500	0.113000	0.000000	0.156000	0.000000	0.191811	0.000000	0.220313	0.000000	0.186018	0.000000	0.137678	0.000000	0.108825	0.000000	0.058863	0.027400	0.000000	0.183600	0.000000	0.304700	105.570000	136.845000	135.836000	149.156000	152.737000	170.817000	149.759000	158.936000	158.826000	146.602000	136.400000	130.433000	0.126588	0.371300	0.169799	0.620300	0.391948	0.295000	0.473741	0.293500	0.288607	0.295400	0.258266	0.112900	0.397450	0.003500	0.349808	0.000000	0.173870	0.000000	0.153872	0.000000	0.224975	0.000000	0.203434	0.000000	0.207554	0.000000	0.194118	0.000000	0.676857	0.000000	0.000000	0.449321	0.221629	0.844707	0.000000	3.465400	0.332105	6.725820	27.752600	252.126000	91.164800	499.565000	105.142000	55.873800	0.000000	0.938151	277.142000	1.063710	3.143670	1.931400	4.821760	6.232450	
   31	140.000000	135.210000	131.770000	128.000000	125.840000	131.770000	142.600000	151.700000	157.000000	145.470000	122.000000	105.570000	105.440000	105.570000	105.570000	112.780000	142.600000	149.070000	165.080000	161.200000	165.010000	157.940000	147.200000	140.500000	8.160000	10.000000	9.000000	7.800000	7.800000	7.760000	8.000000	14.000000	15.000000	13.560000	12.800000	14.000000	15.000000	15.000000	15.320000	19.800000	13.120000	15.000000	7.760000	5.000000	5.000000	5.000000	6.000000	7.000000	133.160000	135.799000	122.412000	123.278000	117.146000	115.216000	121.731000	129.200000	131.270000	148.216000	202.291000	182.458000	177.392000	161.059000	146.324000	150.735000	164.806000	160.389000	146.567000	132.995000	101.316000	113.681000	99.073200	94.713300	130.000000	96.093100	71.982900	57.873300	46.466800	62.637900	96.085600	96.976900	96.586800	97.894400	105.501000	109.564000	119.895000	123.366000	118.852000	130.659000	136.901000	137.436000	164.263000	147.735000	119.061000	100.158000	75.219600	69.119500	0.113000	0.000000	0.116573	0.000000	0.191811	0.000000	0.231603	0.000000	0.222749	0.000000	0.176325	0.000000	0.168308	0.000000	0.170025	0.018400	0.150023	0.079100	0.127437	0.259900	105.570000	126.299000	120.616000	131.219000	135.236000	151.491000	138.076000	152.539000	137.589000	125.724000	117.250000	111.719000	0.126588	0.357500	0.248892	0.409500	0.230282	0.406200	0.409620	0.346000	0.455131	0.240300	0.420598	0.065100	0.343228	0.001900	0.283264	0.000000	0.251717	0.000000	0.233752	0.000000	0.213706	0.000000	0.203527	0.000000	0.301124	0.000000	0.318019	0.000000	0.676857	0.000000	0.199719	0.000000	0.000000	0.979137	0.005275	3.268150	0.302487	6.247350	20.943200	248.390000	83.119700	410.198000	99.108200	47.091800	5.517670	0.000000	300.883000	1.027070	2.946280	2.019320	4.686710	5.834600	
   32	140.000000	135.210000	131.770000	128.000000	125.840000	131.770000	142.600000	151.700000	157.000000	145.470000	122.000000	105.570000	105.440000	105.570000	105.570000	112.780000	142.600000	149.070000	165.080000	161.200000	165.010000	157.940000	147.200000	140.500000	8.160000	10.000000	9.000000	7.800000	7.800000	7.760000	8.000000	14.000000	15.000000	13.560000	12.800000	14.000000	15.000000	15.000000	15.320000	19.800000	13.120000	15.000000	7.760000	5.000000	5.000000	5.000000	6.000000	7.000000	133.160000	130.345000	122.378000	119.374000	120.651000	119.183000	124.224000	128.609000	144.867000	161.240000	198.987000	177.446000	172.357000	156.299000	142.467000	145.247000	160.461000	149.515000	144.062000	135.142000	104.115000	106.126000	96.931000	88.790600	130.000000	87.443100	68.421700	58.006900	56.134900	54.517700	87.459200	104.508000	115.561000	106.211000	86.420100	94.252700	102.079000	105.916000	97.451900	90.122700	104.853000	126.056000	141.856000	129.104000	107.804000	108.144000	78.351100	52.186700	0.113000	0.000000	0.097156	0.000000	0.123958	0.000000	0.138591	0.000000	0.136751	0.000000	0.123150	0.000000	0.091024	0.000000	0.085025	0.020600	0.029656	0.126100	0.042426	0.255600	105.570000	124.755000	126.847000	128.802000	133.556000	149.849000	127.221000	148.249000	142.161000	122.974000	123.356000	115.974000	0.153637	0.340500	0.231210	0.387700	0.410168	0.398100	0.487358	0.497800	0.509321	0.400400	0.454769	0.118100	0.397450	0.003100	0.401196	0.000000	0.337373	0.000000	0.266710	0.000000	0.247221	0.000000	0.220308	0.000000	0.205416	0.000000	0.221689	0.000000	0.676857	0.000000	0.133368	0.088461	0.000000	0.424983	0.000000	3.429640	0.000000	6.805330	31.976100	261.795000	128.247000	336.115000	78.639800	52.571300	0.605067	0.000000	264.712000	0.983792	2.787460	1.896070	4.806370	6.232800	
   33	140.000000	135.210000	131.770000	128.000000	125.840000	131.770000	142.600000	151.700000	157.000000	145.470000	122.000000	105.570000	105.440000	105.570000	105.570000	112.780000	142.600000	149.070000	165.080000	161.200000	165.010000	157.940000	147.200000	140.500000	8.160000	10.000000	9.000000	7.800000	7.800000	7.760000	8.000000	14.000000	15.000000	13.560000	12.800000	14.000000	15.000000	15.000000	15.320000	19.800000	13.120000	15.000000	7.760000	5.000000	5.000000	5.000000	6.000000	7.000000	133.160000	136.490000	129.692000	127.120000	124.223000	119.821000	118.893000	125.070000	137.684000	156.518000	209.070000	186.589000	182.501000	165.354000	150.125000	155.547000	173.493000	157.026000	152.291000	137.321000	117.087000	115.861000	107.454000	93.967700	130.000000	99.097000	86.658300	68.651000	68.520700	58.625400	88.662700	97.528200	100.177000	89.781500	103.017000	95.684900	108.751000	110.065000	100.926000	105.030000	129.633000	152.222000	142.966000	163.340000	133.572000	135.628000	104.991000	81.387500	0.113000	0.000000	0.045341	0.000000	0.062356	0.000000	0.091098	0.000000	0.095578	0.000000	0.057741	0.000000	0.029135	0.000000	0.002212	0.016200	0.000000	0.123500	0.000000	0.191200	105.570000	126.431000	122.923000	133.707000	131.701000	151.597000	143.422000	154.870000	141.024000	134.214000	126.612000	114.746000	0.000000	0.162000	0.052335	0.165700	0.113869	0.167200	0.166060	0.186600	0.188927	0.202100	0.176937	0.086400	0.127310	0.004100	0.080384	0.000000	0.017256	0.000000	0.000000	0.000000	0.000000	0.000000	0.000000	0.000000	0.000000	0.000000	0.163353	0.000000	0.676857	0.000000	0.000000	0.000000	0.000000	0.000000	0.000000	3.245880	0.353870	9.326720	61.317700	277.946000	131.054000	348.722000	47.325100	27.967400	26.445100	0.000000	269.389000	1.172660	3.293210	1.894600	4.872750	6.396990	
   34	140.000000	135.210000	131.770000	128.000000	125.840000	131.770000	142.600000	151.700000	157.000000	145.470000	122.000000	105.570000	105.440000	105.570000	105.570000	112.780000	142.600000	149.070000	165.080000	161.200000	165.010000	157.940000	147.200000	140.500000	8.160000	10.000000	9.000000	7.800000	7.800000	7.760000	8.000000	14.000000	15.000000	13.560000	12.800000	14.000000	15.000000	15.000000	15.320000	19.800000	13.120000	15.000000	7.760000	5.000000	5.000000	5.000000	6.000000	7.000000	133.160000	146.539000	129.562000	128.487000	124.977000	119.211000	124.597000	133.990000	141.702000	168.291000	198.987000	177.446000	172.357000	156.299000	142.467000	145.247000	160.461000	149.515000	144.062000	135.142000	104.115000	106.126000	96.931000	88.790600	130.000000	102.939000	80.072500	63.245400	66.861400	50.422300	89.714900	109.593000	113.941000	105.077000	126.016000	90.604600	109.730000	103.575000	88.648400	89.852700	120.244000	153.161000	162.280000	156.946000	143.041000	126.742000	117.274000	88.786800	0.113000	0.000000	0.125674	0.000000	0.156667	0.000000	0.170729	0.000000	0.167737	0.000000	0.159238	0.000000	0.118706	0.000000	0.092353	0.017600	0.116338	0.144300	0.160966	0.234500	105.570000	131.113000	127.559000	132.773000	136.807000	156.541000	155.235000	150.031000	151.351000	136.069000	126.998000	121.640000	0.253275	0.331400	0.327027	0.341500	0.410168	0.323600	0.487358	0.413200	0.509321	0.295900	0.458612	0.095500	0.397450	0.002200	0.274960	0.000000	0.238689	0.000000	0.223813	0.000000	0.194268	0.000000	0.187669	0.000000	0.216857	0.000000	0.209676	0.000000	0.676857	0.000000	0.098123	0.000000	0.000000	0.086757	0.000000	3.455870	0.366818	7.987400	14.323500	240.819000	80.309000	512.779000	94.378200	50.870700	12.072900	0.000000	235.817000	1.401780	3.058160	1.962810	5.088800	6.206240	
   35	140.000000	135.210000	131.770000	128.000000	125.840000	131.770000	142.600000	151.700000	157.000000	145.470000	122.000000	105.570000	105.440000	105.570000	105.570000	112.780000	142.600000	149.070000	165.080000	161.200000	165.010000	157.940000	147.200000	140.500000	8.160000	10.000000	9.000000	7.800000	7.800000	7.760000	8.000000	14.000000	15.000000	13.560000	12.800000	14.000000	15.000000	15.000000	15.320000	19.800000	13.120000	15.000000	7.760000	5.000000	5.000000	5.000000	6.000000	7.000000	133.160000	130.641000	125.423000	124.348000	127.954000	126.038000	128.139000	138.597000	143.947000	165.665000	195.258000	183.240000	177.458000	154.359000	138.076000	148.013000	160.461000	149.515000	144.062000	135.142000	104.115000	106.126000	96.931000	88.790600	130.000000	86.573600	69.770300	62.253900	67.900100	63.081700	98.625400	111.088000	95.882700	106.568000	113.294000	97.402100	121.123000	115.133000	105.615000	105.461000	106.473000	127.729000	145.119000	156.167000	133.373000	121.352000	88.209800	76.553500	0.113000	0.000000	0.123897	0.000000	0.168995	0.000000	0.185819	0.000000	0.183814	0.000000	0.121761	0.000000	0.101753	0.000000	0.109179	0.024700	0.077206	0.214600	0.117109	0.322300	105.570000	121.552000	115.537000	127.603000	138.492000	142.527000	155.085000	147.488000	132.198000	120.803000	105.584000	125.052000	0.237446	0.841700	0.323201	0.779500	0.145478	0.675200	0.232869	0.330500	0.263717	0.364500	0.243207	0.131100	0.230437	0.003200	0.241735	0.000000	0.220009	0.000000	0.223813	0.000000	0.254410	0.000000	0.283657	0.000000	0.301119	0.000000	0.292937	0.000000	0.676857	0.843655	0.925389	0.000000	0.000000	0.639382	0.528827	3.681610	0.634902	8.318390	19.999600	270.201000	113.318000	275.892000	64.157800	33.261100	9.347250	0.000000	270.113000	1.467660	3.242240	1.818900	4.755930	5.616340	
   36	140.000000	135.210000	131.770000	128.000000	125.840000	131.770000	142.600000	151.700000	157.000000	145.470000	122.000000	105.570000	105.440000	105.570000	105.570000	112.780000	142.600000	149.070000	165.080000	161.200000	165.010000	157.940000	147.200000	140.500000	8.160000	10.000000	9.000000	7.800000	7.800000	7.760000	8.000000	14.000000	15.000000	13.560000	12.800000	14.000000	15.000000	15.000000	15.320000	19.800000	13.120000	15.000000	7.760000	5.000000	5.000000	5.000000	6.000000	7.000000	133.160000	130.491000	123.945000	125.082000	121.052000	117.663000	116.552000	133.990000	141.702000	168.291000	198.987000	177.446000	172.357000	156.299000	142.467000	145.247000	160.461000	149.515000	144.062000	135.142000	104.115000	106.126000	96.931000	88.790600	130.000000	102.532000	85.711700	73.725700	69.221100	69.688500	104.769000	114.823000	114.828000	112.399000	84.305500	68.248300	90.217900	88.965100	87.042200	86.227700	106.473000	127.729000	145.119000	156.167000	133.373000	121.352000	88.209800	76.553500	0.113000	0.000000	0.156000	0.000000	0.191811	0.000000	0.220313	0.000000	0.186018	0.000000	0.137678	0.000000	0.108825	0.000000	0.058863	0.027400	0.000000	0.183600	0.000000	0.304700	105.570000	136.845000	135.836000	149.156000	152.737000	170.817000	149.759000	158.936000	158.826000	146.602000	136.400000	130.433000	0.126588	0.371300	0.169799	0.620300	0.391948	0.295000	0.473741	0.293500	0.288607	0.295400	0.258266	0.112900	0.397450	0.003500	0.349808	0.000000	0.173870	0.000000	0.153872	0.000000	0.224975	0.000000	0.203434	0.000000	0.207554	0.000000	0.194118	0.000000	0.676857	0.000000	0.000000	0.449321	0.221629	0.844707	0.000000	3.465400	0.332105	6.725820	27.752600	252.126000	91.164800	499.565000	105.142000	55.873800	0.000000	0.938151	277.142000	1.063710	3.143670	1.931400	4.821760	6.232450	
   37	140.000000	135.210000	131.770000	128.000000	125.840000	131.770000	142.600000	151.700000	157.000000	145.470000	122.000000	105.570000	105.440000	105.570000	105.570000	112.780000	142.600000	149.070000	165.080000	161.200000	165.010000	157.940000	147.200000	140.500000	8.160000	10.000000	9.000000	7.800000	7.800000	7.760000	8.000000	14.000000	15.000000	13.560000	12.800000	14.000000	15.000000	15.000000	15.320000	19.800000	13.120000	15.000000	7.760000	5.000000	5.000000	5.000000	6.000000	7.000000	133.160000	130.530000	125.135000	119.585000	120.183000	109.475000	119.049000	125.067000	130.670000	153.337000	198.704000	188.079000	178.989000	163.096000	141.483000	151.765000	164.481000	153.058000	150.910000	129.248000	101.645000	105.591000	103.812000	93.107000	130.000000	100.236000	69.361300	54.261100	53.060700	51.644500	90.501500	99.563800	102.118000	103.875000	100.434000	85.915000	106.399000	105.144000	110.185000	119.418000	130.871000	148.969000	152.711000	147.133000	134.937000	120.618000	102.611000	80.912600	0.113000	0.000000	0.131987	0.000000	0.197190	0.000000	0.238163	0.000000	0.237538	0.000000	0.168304	0.000000	0.150566	0.000000	0.122529	0.026300	0.131758	0.098700	0.142621	0.360100	105.570000	107.855000	116.412000	119.799000	123.528000	147.780000	131.989000	162.546000	144.797000	134.847000	124.517000	122.441000	0.201780	0.343400	0.306538	0.488400	0.378692	0.503700	0.487358	0.346700	0.516117	0.226000	0.452114	0.113400	0.383486	0.003800	0.321141	0.000000	0.337373	0.000000	0.286468	0.000000	0.247221	0.000000	0.284648	0.000000	0.207554	0.000000	0.223253	0.000000	0.676857	0.000000	0.277367	0.000000	0.051902	0.294381	0.153170	3.435310	0.421203	7.620270	37.928000	264.528000	105.907000	366.738000	67.916800	54.709400	0.000000	0.000000	245.648000	1.495340	3.176530	2.086290	5.119900	6.226540	
   38	140.000000	135.210000	131.770000	128.000000	125.840000	131.770000	142.600000	151.700000	157.000000	145.470000	122.000000	105.570000	105.440000	105.570000	105.570000	112.780000	142.600000	149.070000	165.080000	161.200000	165.010000	157.940000	147.200000	140.500000	8.160000	10.000000	9.000000	7.800000	7.800000	7.760000	8.000000	14.000000	15.000000	13.560000	12.800000	14.000000	15.000000	15.000000	15.320000	19.800000	13.120000	15.000000	7.760000	5.000000	5.000000	5.000000	6.000000	7.000000	133.160000	130.345000	122.378000	119.374000	120.651000	119.183000	124.224000	128.609000	144.867000	161.240000	198.987000	177.446000	172.357000	156.299000	142.467000	145.247000	160.461000	149.515000	144.062000	135.142000	104.115000	106.126000	96.931000	88.790600	130.000000	87.443100	68.421700	58.006900	56.134900	54.517700	87.459200	104.508000	115.561000	106.211000	86.420100	94.252700	102.079000	105.916000	97.451900	90.122700	104.853000	126.056000	141.856000	129.104000	107.804000	108.144000	78.351100	52.186700	0.113000	0.000000	0.097156	0.000000	0.123958	0.000000	0.138591	0.000000	0.136751	0.000000	0.123150	0.000000	0.091024	0.000000	0.085025	0.020600	0.029656	0.126100	0.042426	0.255600	105.570000	124.755000	126.847000	128.802000	133.556000	149.849000	127.221000	148.249000	142.161000	122.974000	123.356000	115.974000	0.153637	0.340500	0.231210	0.387700	0.410168	0.398100	0.487358	0.497800	0.509321	0.400400	0.454769	0.118100	0.397450	0.003100	0.401196	0.000000	0.337373	0.000000	0.266710	0.000000	0.247221	0.000000	0.220308	0.000000	0.205416	0.000000	0.221689	0.000000	0.676857	0.000000	0.133368	0.088461	0.000000	0.424983	0.000000	3.429640	0.000000	6.805330	31.976100	261.795000	128.247000	336.115000	78.639800	52.571300	0.605067	0.000000	264.712000	0.983792	2.787460	1.896070	4.806370	6.232800	
   39	140.000000	135.210000	131.770000	128.000000	125.840000	131.770000	142.600000	151.700000	157.000000	145.470000	122.000000	105.570000	105.440000	105.570000	105.570000	112.780000	142.600000	149.070000	165.080000	161.200000	165.010000	157.940000	147.200000	140.500000	8.160000	10.000000	9.000000	7.800000	7.800000	7.760000	8.000000	14.000000	15.000000	13.560000	12.800000	14.000000	15.000000	15.000000	15.320000	19.800000	13.120000	15.000000	7.760000	5.000000	5.000000	5.000000	6.000000	7.000000	133.160000	133.825000	123.093000	122.674000	125.228000	114.888000	120.967000	129.022000	144.867000	161.240000	198.953000	187.337000	184.937000	165.892000	153.481000	153.704000	162.522000	157.141000	144.646000	131.046000	103.510000	115.601000	97.168300	87.643500	130.000000	92.621100	72.534500	64.472300	53.588400	63.085100	92.727000	99.903300	110.668000	109.806000	122.223000	108.078000	125.892000	128.827000	121.050000	120.682000	140.773000	155.338000	153.729000	148.857000	128.741000	123.718000	88.869000	88.230000	0.113000	0.000000	0.124467	0.000000	0.156667	0.000000	0.195084	0.000000	0.167082	0.000000	0.142399	0.000000	0.116999	0.000000	0.079334	0.037300	0.066513	0.179400	0.064748	0.334700	105.570000	114.749000	130.565000	113.326000	135.838000	161.194000	144.139000	162.381000	142.117000	138.183000	119.278000	120.915000	0.197601	0.442200	0.321182	0.406400	0.428889	0.348700	0.427395	0.312800	0.416143	0.296200	0.406713	0.083100	0.347128	0.003400	0.294786	0.000000	0.269901	0.000000	0.238601	0.000000	0.209971	0.000000	0.199295	0.000000	0.203441	0.000000	0.195361	0.000000	0.676857	0.000000	0.000000	0.000000	0.000000	0.000000	0.000000	3.692990	0.265697	5.395020	33.293500	261.322000	109.227000	423.446000	89.054100	58.283600	0.000000	0.000000	264.712000	0.983792	2.787460	1.896070	4.908530	6.482530	
   40	140.000000	135.210000	131.770000	128.000000	125.840000	131.770000	142.600000	151.700000	157.000000	145.470000	122.000000	105.570000	105.440000	105.570000	105.570000	112.780000	142.600000	149.070000	165.080000	161.200000	165.010000	157.940000	147.200000	140.500000	8.160000	10.000000	9.000000	7.800000	7.800000	7.760000	8.000000	14.000000	15.000000	13.560000	12.800000	14.000000	15.000000	15.000000	15.320000	19.800000	13.120000	15.000000	7.760000	5.000000	5.000000	5.000000	6.000000	7.000000	133.160000	146.539000	129.562000	128.487000	124.977000	119.211000	124.597000	133.990000	141.702000	168.291000	198.987000	177.446000	172.357000	156.299000	142.467000	145.247000	160.461000	149.515000	144.062000	135.142000	104.115000	106.126000	96.931000	88.790600	130.000000	102.939000	80.072500	63.245400	66.861400	50.422300	89.714900	109.593000	113.941000	105.077000	126.016000	90.604600	109.730000	103.575000	88.648400	89.852700	120.244000	153.161000	162.280000	156.946000	143.041000	126.742000	117.274000	88.786800	0.113000	0.000000	0.125674	0.000000	0.156667	0.000000	0.170729	0.000000	0.167737	0.000000	0.159238	0.000000	0.118706	0.000000	0.092353	0.017600	0.116338	0.144300	0.160966	0.234500	105.570000	131.113000	127.559000	132.773000	136.807000	156.541000	155.235000	150.031000	151.351000	136.069000	126.998000	121.640000	0.253275	0.331400	0.327027	0.341500	0.410168	0.323600	0.487358	0.413200	0.509321	0.295900	0.458612	0.095500	0.397450	0.002200	0.274960	0.000000	0.238689	0.000000	0.223813	0.000000	0.194268	0.000000	0.187669	0.000000	0.216857	0.000000	0.209676	0.000000	0.676857	0.000000	0.187617	0.000000	0.000000	0.202319	0.000000	3.422130	0.520066	7.082760	14.323500	240.819000	80.309000	512.779000	94.378200	50.870700	12.072900	0.000000	235.817000	1.401780	3.058160	1.962810	4.898090	6.332610	
   41	140.000000	135.210000	131.770000	128.000000	125.840000	131.770000	142.600000	151.700000	157.000000	145.470000	122.000000	105.570000	105.440000	105.570000	105.570000	112.780000	142.600000	149.070000	165.080000	161.200000	165.010000	157.940000	147.200000	140.500000	8.160000	10.000000	9.000000	7.800000	7.800000	7.760000	8.000000	14.000000	15.000000	13.560000	12.800000	14.000000	15.000000	15.000000	15.320000	19.800000	13.120000	15.000000	7.760000	5.000000	5.000000	5.000000	6.000000	7.000000	133.160000	136.490000	129.692000	127.120000	124.223000	119.821000	118.893000	125.070000	137.684000	156.518000	209.070000	186.589000	182.501000	165.354000	150.125000	155.547000	173.493000	157.026000	152.291000	137.321000	117.087000	115.861000	107.454000	93.967700	130.000000	83.541200	60.914700	77.914900	78.949600	69.050400	89.232100	103.716000	97.030500	93.403900	111.495000	114.368000	115.223000	130.678000	118.341000	124.367000	134.249000	147.217000	155.233000	135.656000	117.526000	108.967000	80.797900	58.377400	0.113000	0.000000	0.063396	0.000000	0.043504	0.000000	0.276357	0.000000	0.265675	0.000000	0.233544	0.000000	0.217712	0.000000	0.192487	0.020600	0.197272	0.151300	0.207218	0.287100	105.570000	138.350000	139.339000	149.305000	155.796000	165.278000	162.484000	152.312000	169.697000	151.229000	130.063000	126.353000	0.249084	0.412400	0.333987	0.552100	0.407812	0.402100	0.461129	0.196200	0.505759	0.133100	0.468703	0.077700	0.379970	0.003800	0.297719	0.000000	0.235331	0.000000	0.193528	0.000000	0.160385	0.000000	0.148410	0.000000	0.167836	0.000000	0.171127	0.000000	0.676857	0.000000	0.114385	0.079225	0.000000	0.105480	0.000000	3.442360	0.079521	7.320830	28.537700	265.814000	113.602000	345.233000	79.889900	49.349800	1.948660	1.077850	269.704000	0.958832	2.916720	2.010230	4.967830	6.152400	
   42	140.000000	135.210000	131.770000	128.000000	125.840000	131.770000	142.600000	151.700000	157.000000	145.470000	122.000000	105.570000	105.440000	105.570000	105.570000	112.780000	142.600000	149.070000	165.080000	161.200000	165.010000	157.940000	147.200000	140.500000	8.160000	10.000000	9.000000	7.800000	7.800000	7.760000	8.000000	14.000000	15.000000	13.560000	12.800000	14.000000	15.000000	15.000000	15.320000	19.800000	13.120000	15.000000	7.760000	5.000000	5.000000	5.000000	6.000000	7.000000	133.160000	146.539000	129.562000	128.487000	124.977000	119.211000	124.597000	133.990000	141.702000	168.291000	198.987000	177.446000	172.357000	156.299000	142.467000	145.247000	160.461000	149.515000	144.062000	135.142000	104.115000	106.126000	96.931000	88.790600	130.000000	102.939000	80.072500	63.245400	66.861400	50.422300	89.714900	109.593000	113.941000	105.077000	126.016000	90.604600	109.730000	103.575000	88.648400	89.852700	120.244000	153.161000	162.280000	156.946000	143.041000	126.742000	117.274000	88.786800	0.113000	0.000000	0.125674	0.000000	0.156667	0.000000	0.170729	0.000000	0.167737	0.000000	0.159238	0.000000	0.118706	0.000000	0.092353	0.017600	0.116338	0.144300	0.160966	0.234500	105.570000	131.113000	127.559000	132.773000	136.807000	156.541000	155.235000	150.031000	151.351000	136.069000	126.998000	121.640000	0.253275	0.331400	0.327027	0.341500	0.410168	0.323600	0.487358	0.413200	0.509321	0.295900	0.458612	0.095500	0.397450	0.002200	0.274960	0.000000	0.238689	0.000000	0.223813	0.000000	0.194268	0.000000	0.187669	0.000000	0.216857	0.000000	0.209676	0.000000	0.676857	0.053105	0.000000	0.017930	0.000000	0.000000	0.000000	3.404190	0.349774	7.044000	39.356600	265.501000	112.881000	487.120000	110.549000	61.983100	0.000000	0.000000	278.379000	0.725887	3.169600	1.926080	4.665640	6.113230	
   43	140.000000	135.210000	131.770000	128.000000	125.840000	131.770000	142.600000	151.700000	157.000000	145.470000	122.000000	105.570000	105.440000	105.570000	105.570000	112.780000	142.600000	149.070000	165.080000	161.200000	165.010000	157.940000	147.200000	140.500000	8.160000	10.000000	9.000000	7.800000	7.800000	7.760000	8.000000	14.000000	15.000000	13.560000	12.800000	14.000000	15.000000	15.000000	15.320000	19.800000	13.120000	15.000000	7.760000	5.000000	5.000000	5.000000	6.000000	7.000000	133.160000	136.490000	129.692000	127.120000	124.223000	119.821000	118.893000	125.070000	137.684000	156.518000	209.070000	186.589000	182.501000	165.354000	150.125000	155.547000	173.493000	157.026000	152.291000	137.321000	117.087000	115.861000	107.454000	93.967700	130.000000	87.880900	67.570900	54.140300	52.870900	54.543500	90.935800	86.580300	74.248300	80.667200	90.576200	81.316600	105.015000	112.693000	109.219000	103.721000	122.652000	136.075000	146.318000	145.269000	122.705000	120.628000	97.180600	81.374500	0.113000	0.000000	0.083102	0.000000	0.083661	0.000000	0.064754	0.000000	0.024880	0.000000	0.000000	0.000000	0.000000	0.000000	0.000000	0.019200	0.000000	0.125200	0.000000	0.153500	105.570000	127.793000	135.390000	136.168000	96.006600	106.297000	113.397000	115.884000	104.159000	99.547700	90.348700	69.860400	0.034670	0.234800	0.150557	0.424000	0.293498	0.518300	0.416569	0.377400	0.485032	0.279000	0.523948	0.082000	0.442239	0.002900	0.344055	0.000000	0.215928	0.000000	0.116358	0.000000	0.046902	0.000000	0.012309	0.000000	0.013089	0.000000	0.024126	0.000000	0.676857	0.252927	0.410777	0.429480	0.000000	0.000000	0.000000	3.459390	0.450180	8.836210	11.348500	266.778000	107.920000	255.615000	108.604000	51.381800	0.000000	1.108500	264.175000	1.285590	3.170250	1.948600	5.009740	6.147980	
   44	140.000000	135.210000	131.770000	128.000000	125.840000	131.770000	142.600000	151.700000	157.000000	145.470000	122.000000	105.570000	105.440000	105.570000	105.570000	112.780000	142.600000	149.070000	165.080000	161.200000	165.010000	157.940000	147.200000	140.500000	8.160000	10.000000	9.000000	7.800000	7.800000	7.760000	8.000000	14.000000	15.000000	13.560000	12.800000	14.000000	15.000000	15.000000	15.320000	19.800000	13.120000	15.000000	7.760000	5.000000	5.000000	5.000000	6.000000	7.000000	133.160000	146.539000	129.562000	128.487000	124.977000	119.211000	124.597000	133.990000	141.702000	168.291000	198.987000	177.446000	172.357000	156.299000	142.467000	145.247000	160.461000	149.515000	144.062000	135.142000	104.115000	106.126000	96.931000	88.790600	130.000000	102.939000	80.072500	63.245400	66.861400	50.422300	89.714900	109.593000	113.941000	105.077000	126.016000	90.604600	109.730000	103.575000	88.648400	89.852700	120.244000	153.161000	162.280000	156.946000	143.041000	126.742000	117.274000	88.786800	0.113000	0.000000	0.125674	0.000000	0.156667	0.000000	0.170729	0.000000	0.167737	0.000000	0.159238	0.000000	0.118706	0.000000	0.092353	0.017600	0.116338	0.144300	0.160966	0.234500	105.570000	131.113000	127.559000	132.773000	136.807000	156.541000	155.235000	150.031000	151.351000	136.069000	126.998000	121.640000	0.253275	0.331400	0.327027	0.341500	0.410168	0.323600	0.487358	0.413200	0.509321	0.295900	0.458612	0.095500	0.397450	0.002200	0.274960	0.000000	0.238689	0.000000	0.223813	0.000000	0.194268	0.000000	0.187669	0.000000	0.216857	0.000000	0.209676	0.000000	0.676857	0.271143	0.112147	0.000000	0.000000	0.996919	0.000000	3.079960	0.678924	5.699850	20.062500	257.707000	144.902000	352.877000	0.000000	29.214300	0.000000	0.336403	249.624000	1.447650	3.244890	1.855780	4.676230	6.241640	
   45	140.000000	135.210000	131.770000	128.000000	125.840000	131.770000	142.600000	151.700000	157.000000	145.470000	122.000000	105.570000	105.440000	105.570000	105.570000	112.780000	142.600000	149.070000	165.080000	161.200000	165.010000	157.940000	147.200000	140.500000	8.160000	10.000000	9.000000	7.800000	7.800000	7.760000	8.000000	14.000000	15.000000	13.560000	12.800000	14.000000	15.000000	15.000000	15.320000	19.800000	13.120000	15.000000	7.760000	5.000000	5.000000	5.000000	6.000000	7.000000	133.160000	136.490000	129.692000	127.120000	124.223000	119.821000	118.893000	125.070000	137.684000	156.518000	209.070000	186.589000	182.501000	165.354000	150.125000	155.547000	173.493000	157.026000	152.291000	137.321000	117.087000	115.861000	107.454000	93.967700	130.000000	96.092300	85.139000	70.485700	53.676500	54.444000	79.861100	91.794200	106.939000	110.266000	113.415000	103.639000	121.991000	123.238000	122.410000	130.736000	117.401000	127.777000	148.002000	150.818000	139.482000	136.549000	97.388000	80.925900	0.113000	0.000000	0.156000	0.000000	0.194559	0.000000	0.227803	0.000000	0.233233	0.000000	0.202769	0.000000	0.137813	0.000000	0.058863	0.041200	0.000000	0.210700	0.000000	0.402500	105.570000	99.390000	102.967000	95.375100	115.934000	135.750000	115.567000	132.686000	127.133000	115.444000	113.814000	103.894000	0.086161	0.627400	0.197523	0.924400	0.301551	1.269900	0.373451	1.064200	0.393989	0.526700	0.361845	0.366300	0.327827	0.006200	0.319458	0.000000	0.313754	0.000000	0.294651	0.000000	0.249771	0.000000	0.236059	0.000000	0.270428	0.000000	0.277921	0.000000	0.676857	0.316826	0.719877	0.000000	0.000000	0.000000	0.000000	3.823720	0.020849	8.481700	20.212600	262.264000	105.040000	408.936000	100.799000	45.636200	0.000000	0.520909	267.295000	1.154810	2.786300	1.775420	5.113150	5.943390	
   46	140.000000	135.210000	131.770000	128.000000	125.840000	131.770000	142.600000	151.700000	157.000000	145.470000	122.000000	105.570000	105.440000	105.570000	105.570000	112.780000	142.600000	149.070000	165.080000	161.200000	165.010000	157.940000	147.200000	140.500000	8.160000	10.000000	9.000000	7.800000	7.800000	7.760000	8.000000	14.000000	15.000000	13.560000	12.800000	14.000000	15.000000	15.000000	15.320000	19.800000	13.120000	15.000000	7.760000	5.000000	5.000000	5.000000	6.000000	7.000000	133.160000	136.490000	129.692000	127.120000	124.223000	119.821000	118.893000	125.070000	137.684000	156.518000	209.070000	186.589000	182.501000	165.354000	150.125000	155.547000	173.493000	157.026000	152.291000	137.321000	117.087000	115.861000	107.454000	93.967700	130.000000	104.096000	76.164800	59.231400	61.195100	57.238100	82.805300	95.807200	89.940400	79.218400	100.934000	90.788500	100.379000	101.230000	93.062900	120.289000	133.107000	144.095000	146.413000	153.897000	138.683000	130.308000	94.713900	82.997500	0.113000	0.000000	0.117895	0.000000	0.145821	0.000000	0.155176	0.000000	0.142786	0.000000	0.093720	0.000000	0.057809	0.000000	0.024291	0.034100	0.084636	0.188200	0.146887	0.679800	105.570000	138.350000	113.538000	118.763000	123.775000	132.601000	136.404000	133.985000	113.323000	101.466000	100.776000	89.003900	0.222189	0.589400	0.344392	0.415800	0.459319	0.374000	0.522336	0.319100	0.524123	0.297900	0.313476	0.090100	0.233965	0.002800	0.202626	0.000000	0.209683	0.000000	0.193175	0.000000	0.123174	0.000000	0.064644	0.000000	0.045731	0.000000	0.033470	0.000000	0.676857	0.000000	0.089274	0.000000	0.000000	0.191501	0.000000	3.479520	0.172577	7.305760	10.999800	257.591000	52.738800	348.561000	170.191000	20.426200	30.605600	0.078359	255.004000	1.136290	2.970740	2.019870	4.888210	6.002060	
   47	140.000000	135.210000	131.770000	128.000000	125.840000	131.770000	142.600000	151.700000	157.000000	145.470000	122.000000	105.570000	105.440000	105.570000	105.570000	112.780000	142.600000	149.070000	165.080000	161.200000	165.010000	157.940000	147.200000	140.500000	8.160000	10.000000	9.000000	7.800000	7.800000	7.760000	8.000000	14.000000	15.000000	13.560000	12.800000	14.000000	15.000000	15.000000	15.320000	19.800000	13.120000	15.000000	7.760000	5.000000	5.000000	5.000000	6.000000	7.000000	133.160000	136.490000	129.692000	127.120000	124.223000	119.821000	118.893000	125.070000	137.684000	156.518000	209.070000	186.589000	182.501000	165.354000	150.125000	155.547000	173.493000	157.026000	152.291000	137.321000	117.087000	115.861000	107.454000	93.967700	130.000000	89.904900	74.845400	50.033700	48.783200	47.193800	85.996600	100.449000	99.098600	105.464000	125.664000	91.545400	115.312000	109.983000	109.695000	115.239000	126.360000	159.602000	139.251000	151.332000	128.098000	115.143000	89.829500	73.199600	0.113000	0.000000	0.231584	0.000000	0.105449	0.000000	0.087884	0.000000	0.061887	0.000000	0.046243	0.000000	0.030366	0.000000	0.000000	0.019100	0.000000	0.172300	0.000000	0.287000	105.570000	163.688000	163.086000	162.342000	169.541000	176.323000	155.886000	160.597000	147.695000	132.294000	130.503000	124.593000	0.027678	0.689800	0.112187	0.572900	0.168033	0.722500	0.199107	0.454900	0.190301	0.156600	0.137913	0.033800	0.075315	0.002900	0.040369	0.000000	0.048187	0.000000	0.067563	0.000000	0.081951	0.000000	0.093770	0.000000	0.106670	0.000000	0.108772	0.000000	0.676857	0.172634	0.514573	0.465053	0.000000	0.419045	0.000000	3.754370	1.218130	10.621900	14.856000	262.603000	108.415000	412.970000	104.811000	49.439000	0.000000	0.000000	259.952000	1.421260	3.179770	2.003290	4.915680	6.329900	
   48	140.000000	135.210000	131.770000	128.000000	125.840000	131.770000	142.600000	151.700000	157.000000	145.470000	122.000000	105.570000	105.440000	105.570000	105.570000	112.780000	142.600000	149.070000	165.080000	161.200000	165.010000	157.940000	147.200000	140.500000	8.160000	10.000000	9.000000	7.800000	7.800000	7.760000	8.000000	14.000000	15.000000	13.560000	12.800000	14.000000	15.000000	15.000000	15.320000	19.800000	13.120000	15.000000	7.760000	5.000000	5.000000	5.000000	6.000000	7.000000	133.160000	136.490000	129.692000	127.120000	124.223000	119.821000	118.893000	125.070000	137.684000	156.518000	209.070000	186.589000	182.501000	165.354000	150.125000	155.547000	173.493000	157.026000	152.291000	137.321000	117.087000	115.861000	107.454000	93.967700	130.000000	89.649300	79.764500	61.988700	53.903200	44.232600	91.053200	93.518300	110.187000	92.732100	121.406000	98.830500	118.506000	116.288000	105.921000	107.936000	125.489000	141.350000	163.764000	158.095000	134.029000	135.346000	108.629000	96.707800	0.113000	0.000000	0.129442	0.000000	0.119673	0.000000	0.082845	0.000000	0.048455	0.000000	0.000000	0.000000	0.000000	0.000000	0.000000	0.030700	0.000000	0.085500	0.000000	0.194800	105.570000	154.542000	146.658000	155.396000	167.390000	178.692000	171.440000	189.705000	179.316000	174.802000	126.998000	126.791000	0.056335	0.497500	0.212431	0.513900	0.232894	0.628800	0.332362	0.451700	0.408697	0.358500	0.415773	0.110100	0.377695	0.005400	0.342970	0.000000	0.295841	0.000000	0.241921	0.000000	0.190315	0.000000	0.150529	0.000000	0.126356	0.000000	0.104432	0.000000	0.676857	0.000000	0.045597	0.000000	0.000000	0.483095	0.000000	3.304350	0.463840	5.965360	37.436100	257.240000	102.952000	347.879000	87.115200	45.287900	0.000000	0.082456	248.943000	1.628030	3.211690	2.213720	4.911620	6.402950	
   49	140.000000	135.210000	131.770000	128.000000	125.840000	131.770000	142.600000	151.700000	157.000000	145.470000	122.000000	105.570000	105.440000	105.570000	105.570000	112.780000	142.600000	149.070000	165.080000	161.200000	165.010000	157.940000	147.200000	140.500000	8.160000	10.000000	9.000000	7.800000	7.800000	7.760000	8.000000	14.000000	15.000000	13.560000	12.800000	14.000000	15.000000	15.000000	15.320000	19.800000	13.120000	15.000000	7.760000	5.000000	5.000000	5.000000	6.000000	7.000000	133.160000	136.490000	129.692000	127.120000	124.223000	119.821000	118.893000	125.070000	137.684000	156.518000	209.070000	186.589000	182.501000	165.354000	150.125000	155.547000	173.493000	157.026000	152.291000	137.321000	117.087000	115.861000	107.454000	93.967700	130.000000	98.858200	83.584200	66.775100	66.048800	66.645700	95.753700	98.593800	116.342000	110.486000	113.441000	105.517000	119.386000	132.126000	135.029000	145.853000	148.549000	157.405000	153.710000	162.091000	141.365000	116.086000	118.278000	107.171000	0.113000	0.000000	0.111020	0.000000	0.223363	0.000000	0.220313	0.000000	0.186018	0.000000	0.137678	0.000000	0.108825	0.000000	0.105906	0.025800	0.162611	0.084100	0.221728	0.089000	105.570000	154.542000	121.518000	113.937000	102.546000	124.185000	126.772000	149.135000	155.496000	124.658000	125.899000	122.004000	0.298072	0.224200	0.338260	0.266000	0.444354	0.112300	0.498646	0.177700	0.474477	0.247600	0.394096	0.097500	0.322769	0.002600	0.298786	0.000000	0.196823	0.000000	0.044024	0.000000	0.000000	0.000000	0.000000	0.000000	0.000000	0.000000	0.003908	0.000000	0.676857	0.000000	0.000000	0.449321	0.221629	0.844707	0.000000	3.391190	0.067700	7.816410	51.972400	261.441000	112.167000	274.512000	57.923700	55.024400	1.076780	0.778348	279.486000	1.493670	3.360600	2.194580	5.214300	6.650920	
   50	140.000000	135.210000	131.770000	128.000000	125.840000	131.770000	142.600000	151.700000	157.000000	145.470000	122.000000	105.570000	105.440000	105.570000	105.570000	112.780000	142.600000	149.070000	165.080000	161.200000	165.010000	157.940000	147.200000	140.500000	8.160000	10.000000	9.000000	7.800000	7.800000	7.760000	8.000000	14.000000	15.000000	13.560000	12.800000	14.000000	15.000000	15.000000	15.320000	19.800000	13.120000	15.000000	7.760000	5.000000	5.000000	5.000000	6.000000	7.000000	133.160000	130.345000	122.378000	119.374000	120.651000	119.183000	124.224000	128.609000	144.867000	161.240000	198.987000	177.446000	172.357000	156.299000	142.467000	145.247000	160.461000	149.515000	144.062000	135.142000	104.115000	106.126000	96.931000	88.790600	130.000000	87.443100	68.421700	58.006900	56.134900	54.517700	87.459200	104.508000	115.561000	106.211000	86.420100	94.252700	102.079000	105.916000	97.451900	90.122700	104.853000	126.056000	141.856000	129.104000	107.804000	108.144000	78.351100	52.186700	0.113000	0.000000	0.097156	0.000000	0.123958	0.000000	0.138591	0.000000	0.136751	0.000000	0.123150	0.000000	0.091024	0.000000	0.085025	0.020600	0.029656	0.126100	0.042426	0.255600	105.570000	124.755000	126.847000	128.802000	133.556000	149.849000	127.221000	148.249000	142.161000	122.974000	123.356000	115.974000	0.153637	0.340500	0.231210	0.387700	0.410168	0.398100	0.487358	0.497800	0.509321	0.400400	0.454769	0.118100	0.397450	0.003100	0.401196	0.000000	0.337373	0.000000	0.266710	0.000000	0.247221	0.000000	0.220308	0.000000	0.205416	0.000000	0.221689	0.000000	0.676857	0.000000	0.133368	0.088461	0.000000	0.424983	0.000000	3.429640	0.000000	6.805330	31.976100	261.795000	128.247000	336.115000	78.639800	52.571300	0.605067	0.000000	264.712000	0.983792	2.787460	1.896070	4.806370	6.232800	
   51	140.000000	135.210000	131.770000	128.000000	125.840000	131.770000	142.600000	151.700000	157.000000	145.470000	122.000000	105.570000	105.440000	105.570000	105.570000	112.780000	142.600000	149.070000	165.080000	161.200000	165.010000	157.940000	147.200000	140.500000	8.160000	10.000000	9.000000	7.800000	7.800000	7.760000	8.000000	14.000000	15.000000	13.560000	12.800000	14.000000	15.000000	15.000000	15.320000	19.800000	13.120000	15.000000	7.760000	5.000000	5.000000	5.000000	6.000000	7.000000	133.160000	136.490000	129.692000	127.120000	124.223000	119.821000	118.893000	125.070000	137.684000	156.518000	209.070000	186.589000	182.501000	165.354000	150.125000	155.547000	173.493000	157.026000	152.291000	137.321000	117.087000	115.861000	107.454000	93.967700	130.000000	96.972700	78.222700	61.250600	57.334400	53.309500	95.074200	107.011000	114.436000	111.119000	121.160000	121.141000	138.869000	130.985000	130.246000	136.002000	141.904000	165.234000	161.231000	175.041000	141.426000	103.588000	92.887500	81.252100	0.113000	0.000000	0.139134	0.000000	0.203115	0.000000	0.251287	0.000000	0.253891	0.000000	0.230504	0.000000	0.230353	0.000000	0.215047	0.016000	0.123955	0.079400	0.094909	0.298400	105.570000	150.065000	158.266000	140.635000	155.296000	172.950000	163.579000	166.245000	139.768000	136.465000	133.166000	122.202000	0.276996	0.486000	0.412456	0.607300	0.505000	0.462800	0.540919	0.286100	0.597038	0.174000	0.596412	0.060800	0.550949	0.001500	0.492566	0.000000	0.411521	0.000000	0.340969	0.000000	0.304046	0.000000	0.295179	0.000000	0.310406	0.000000	0.316828	0.000000	0.676857	0.303491	0.460475	0.000000	0.000000	0.000000	0.000000	3.281600	0.296413	7.849660	7.940330	269.777000	116.933000	342.093000	60.464200	30.502300	22.647900	0.000000	260.546000	1.332120	3.188990	1.743700	4.819780	6.166420	
   52	140.000000	135.210000	131.770000	128.000000	125.840000	131.770000	142.600000	151.700000	157.000000	145.470000	122.000000	105.570000	105.440000	105.570000	105.570000	112.780000	142.600000	149.070000	165.080000	161.200000	165.010000	157.940000	147.200000	140.500000	8.160000	10.000000	9.000000	7.800000	7.800000	7.760000	8.000000	14.000000	15.000000	13.560000	12.800000	14.000000	15.000000	15.000000	15.320000	19.800000	13.120000	15.000000	7.760000	5.000000	5.000000	5.000000	6.000000	7.000000	133.160000	130.345000	122.378000	119.374000	120.651000	119.183000	124.224000	128.609000	144.867000	161.240000	198.987000	177.446000	172.357000	156.299000	142.467000	145.247000	160.461000	149.515000	144.062000	135.142000	104.115000	106.126000	96.931000	88.790600	130.000000	87.443100	68.421700	58.006900	56.134900	54.517700	87.459200	104.508000	115.561000	106.211000	86.420100	94.252700	102.079000	105.916000	97.451900	90.122700	104.853000	126.056000	141.856000	129.104000	107.804000	108.144000	78.351100	52.186700	0.113000	0.000000	0.097156	0.000000	0.123958	0.000000	0.138591	0.000000	0.136751	0.000000	0.123150	0.000000	0.091024	0.000000	0.085025	0.020600	0.029656	0.126100	0.042426	0.255600	105.570000	124.755000	126.847000	128.802000	133.556000	149.849000	127.221000	148.249000	142.161000	122.974000	123.356000	115.974000	0.153637	0.340500	0.231210	0.387700	0.410168	0.398100	0.487358	0.497800	0.509321	0.400400	0.454769	0.118100	0.397450	0.003100	0.401196	0.000000	0.337373	0.000000	0.266710	0.000000	0.247221	0.000000	0.220308	0.000000	0.205416	0.000000	0.221689	0.000000	0.676857	0.000000	0.133368	0.088461	0.000000	0.424983	0.000000	3.429640	0.000000	6.805330	31.976100	261.795000	128.247000	336.115000	78.639800	52.571300	0.605067	0.000000	264.712000	0.983792	2.787460	1.896070	4.806370	6.232800	
   53	140.000000	135.210000	131.770000	128.000000	125.840000	131.770000	142.600000	151.700000	157.000000	145.470000	122.000000	105.570000	105.440000	105.570000	105.570000	112.780000	142.600000	149.070000	165.080000	161.200000	165.010000	157.940000	147.200000	140.500000	8.160000	10.000000	9.000000	7.800000	7.800000	7.760000	8.000000	14.000000	15.000000	13.560000	12.800000	14.000000	15.000000	15.000000	15.320000	19.800000	13.120000	15.000000	7.760000	5.000000	5.000000	5.000000	6.000000	7.000000	133.160000	133.825000	123.093000	122.674000	125.228000	114.888000	120.967000	129.022000	144.867000	161.240000	198.953000	187.337000	184.937000	165.892000	153.481000	153.704000	162.522000	157.141000	144.646000	131.046000	103.510000	115.601000	97.168300	87.643500	130.000000	92.621100	72.534500	64.472300	53.588400	63.085100	92.727000	99.903300	110.668000	109.806000	122.223000	108.078000	125.892000	128.827000	121.050000	120.682000	140.773000	155.338000	153.729000	148.857000	128.741000	123.718000	88.869000	88.230000	0.113000	0.000000	0.124467	0.000000	0.156667	0.000000	0.195084	0.000000	0.167082	0.000000	0.142399	0.000000	0.116999	0.000000	0.079334	0.037300	0.066513	0.179400	0.064748	0.334700	105.570000	114.749000	130.565000	113.326000	135.838000	161.194000	144.139000	162.381000	142.117000	138.183000	119.278000	120.915000	0.197601	0.442200	0.321182	0.406400	0.428889	0.348700	0.427395	0.312800	0.416143	0.296200	0.406713	0.083100	0.347128	0.003400	0.294786	0.000000	0.269901	0.000000	0.238601	0.000000	0.209971	0.000000	0.199295	0.000000	0.203441	0.000000	0.195361	0.000000	0.676857	0.000000	0.000000	0.000000	0.000000	0.000000	0.000000	3.692990	0.265697	5.395020	33.293500	261.322000	109.227000	423.446000	89.054100	58.283600	0.000000	0.000000	264.712000	0.983792	2.787460	1.896070	4.908530	6.482530	
   54	140.000000	135.210000	131.770000	128.000000	125.840000	131.770000	142.600000	151.700000	157.000000	145.470000	122.000000	105.570000	105.440000	105.570000	105.570000	112.780000	142.600000	149.070000	165.080000	161.200000	165.010000	157.940000	147.200000	140.500000	8.160000	10.000000	9.000000	7.800000	7.800000	7.760000	8.000000	14.000000	15.000000	13.560000	12.800000	14.000000	15.000000	15.000000	15.320000	19.800000	13.120000	15.000000	7.760000	5.000000	5.000000	5.000000	6.000000	7.000000	133.160000	146.539000	129.562000	128.487000	124.977000	119.211000	124.597000	133.990000	141.702000	168.291000	198.987000	177.446000	172.357000	156.299000	142.467000	145.247000	160.461000	149.515000	144.062000	135.142000	104.115000	106.126000	96.931000	88.790600	130.000000	102.939000	80.072500	63.245400	66.861400	50.422300	89.714900	109.593000	113.941000	105.077000	126.016000	90.604600	109.730000	103.575000	88.648400	89.852700	120.244000	153.161000	162.280000	156.946000	143.041000	126.742000	117.274000	88.786800	0.113000	0.000000	0.125674	0.000000	0.156667	0.000000	0.170729	0.000000	0.167737	0.000000	0.159238	0.000000	0.118706	0.000000	0.092353	0.017600	0.116338	0.144300	0.160966	0.234500	105.570000	131.113000	127.559000	132.773000	136.807000	156.541000	155.235000	150.031000	151.351000	136.069000	126.998000	121.640000	0.253275	0.331400	0.327027	0.341500	0.410168	0.323600	0.487358	0.413200	0.509321	0.295900	0.458612	0.095500	0.397450	0.002200	0.274960	0.000000	0.238689	0.000000	0.223813	0.000000	0.194268	0.000000	0.187669	0.000000	0.216857	0.000000	0.209676	0.000000	0.676857	0.000000	0.000000	0.092553	0.000000	0.000000	0.000000	3.692990	0.265697	5.395020	33.293500	261.322000	109.227000	423.446000	89.054100	58.283600	0.000000	1.936670	269.434000	0.729268	2.740850	2.014980	4.777950	5.773720	
   55	140.000000	135.210000	131.770000	128.000000	125.840000	131.770000	142.600000	151.700000	157.000000	145.470000	122.000000	105.570000	105.440000	105.570000	105.570000	112.780000	142.600000	149.070000	165.080000	161.200000	165.010000	157.940000	147.200000	140.500000	8.160000	10.000000	9.000000	7.800000	7.800000	7.760000	8.000000	14.000000	15.000000	13.560000	12.800000	14.000000	15.000000	15.000000	15.320000	19.800000	13.120000	15.000000	7.760000	5.000000	5.000000	5.000000	6.000000	7.000000	133.160000	136.490000	129.692000	127.120000	124.223000	119.821000	118.893000	125.070000	137.684000	156.518000	209.070000	186.589000	182.501000	165.354000	150.125000	155.547000	173.493000	157.026000	152.291000	137.321000	117.087000	115.861000	107.454000	93.967700	130.000000	104.096000	76.164800	59.231400	61.195100	57.238100	82.805300	95.807200	89.940400	79.218400	100.934000	90.788500	100.379000	101.230000	93.062900	120.289000	133.107000	144.095000	146.413000	153.897000	138.683000	130.308000	94.713900	82.997500	0.113000	0.000000	0.117895	0.000000	0.180456	0.000000	0.230600	0.000000	0.229651	0.000000	0.192244	0.000000	0.027885	0.000000	0.000000	0.024800	0.000000	0.169300	0.053598	0.190700	105.570000	90.314800	87.035700	95.030600	97.089200	102.205000	93.200000	94.621600	109.063000	97.866400	129.582000	141.876000	0.126588	0.143300	0.169799	0.165900	0.230282	0.148800	0.276018	0.197400	0.288607	0.136600	0.375161	0.044900	0.304790	0.002500	0.269876	0.000000	0.242526	0.000000	0.231571	0.000000	0.256155	0.000000	0.277534	0.000000	0.310348	0.000000	0.346995	0.000000	0.676857	0.000000	0.000000	0.025218	0.000000	1.036390	0.496354	4.250210	0.000000	5.053950	37.495400	250.129000	93.273400	486.588000	100.986000	52.295400	0.000000	0.751307	259.659000	1.342660	3.095650	1.891890	4.872160	6.300910	
   56	140.000000	135.210000	131.770000	128.000000	125.840000	131.770000	142.600000	151.700000	157.000000	145.470000	122.000000	105.570000	105.440000	105.570000	105.570000	112.780000	142.600000	149.070000	165.080000	161.200000	165.010000	157.940000	147.200000	140.500000	8.160000	10.000000	9.000000	7.800000	7.800000	7.760000	8.000000	14.000000	15.000000	13.560000	12.800000	14.000000	15.000000	15.000000	15.320000	19.800000	13.120000	15.000000	7.760000	5.000000	5.000000	5.000000	6.000000	7.000000	133.160000	133.825000	123.093000	122.674000	125.228000	114.888000	120.967000	129.022000	144.867000	161.240000	198.953000	187.337000	184.937000	165.892000	153.481000	153.704000	162.522000	157.141000	144.646000	131.046000	103.510000	115.601000	97.168300	87.643500	130.000000	92.621100	72.534500	64.472300	53.588400	63.085100	92.727000	99.903300	110.668000	109.806000	122.223000	108.078000	125.892000	128.827000	121.050000	120.682000	140.773000	155.338000	153.729000	148.857000	128.741000	123.718000	88.869000	88.230000	0.113000	0.000000	0.124467	0.000000	0.156667	0.000000	0.195084	0.000000	0.167082	0.000000	0.142399	0.000000	0.116999	0.000000	0.079334	0.037300	0.066513	0.179400	0.064748	0.334700	105.570000	114.749000	130.565000	113.326000	135.838000	161.194000	144.139000	162.381000	142.117000	138.183000	119.278000	120.915000	0.197601	0.442200	0.321182	0.406400	0.428889	0.348700	0.427395	0.312800	0.416143	0.296200	0.406713	0.083100	0.347128	0.003400	0.294786	0.000000	0.269901	0.000000	0.238601	0.000000	0.209971	0.000000	0.199295	0.000000	0.203441	0.000000	0.195361	0.000000	0.676857	0.000000	0.000000	0.000000	0.000000	0.000000	0.000000	3.692990	0.265697	5.395020	33.293500	261.322000	109.227000	423.446000	89.054100	58.283600	0.000000	0.000000	264.712000	0.983792	2.787460	1.896070	4.908530	6.482530	
   57	140.000000	135.210000	131.770000	128.000000	125.840000	131.770000	142.600000	151.700000	157.000000	145.470000	122.000000	105.570000	105.440000	105.570000	105.570000	112.780000	142.600000	149.070000	165.080000	161.200000	165.010000	157.940000	147.200000	140.500000	8.160000	10.000000	9.000000	7.800000	7.800000	7.760000	8.000000	14.000000	15.000000	13.560000	12.800000	14.000000	15.000000	15.000000	15.320000	19.800000	13.120000	15.000000	7.760000	5.000000	5.000000	5.000000	6.000000	7.000000	133.160000	136.490000	129.692000	127.120000	124.223000	119.821000	118.893000	125.070000	137.684000	156.518000	209.070000	186.589000	182.501000	165.354000	150.125000	155.547000	173.493000	157.026000	152.291000	137.321000	117.087000	115.861000	107.454000	93.967700	130.000000	83.414900	67.124300	47.103700	43.250400	46.520500	63.888400	87.633200	103.618000	91.358700	108.730000	103.789000	121.612000	131.238000	123.978000	131.017000	148.082000	157.853000	163.882000	160.915000	142.969000	130.344000	108.555000	87.339600	0.113000	0.000000	0.116609	0.000000	0.184630	0.000000	0.249015	0.000000	0.263519	0.000000	0.236605	0.000000	0.196140	0.000000	0.000000	0.052700	0.000000	0.196300	0.000000	0.322500	105.570000	138.078000	137.039000	145.139000	144.215000	151.164000	156.185000	167.083000	160.560000	142.595000	130.338000	121.640000	0.075638	0.289200	0.219996	0.258500	0.337944	0.176700	0.409907	0.256100	0.424507	0.184000	0.364062	0.085700	0.266219	0.002500	0.183674	0.000000	0.125107	0.000000	0.077707	0.000000	0.026228	0.000000	0.000000	0.000000	0.000000	0.000000	0.000000	0.000000	0.676857	0.000000	0.000000	0.711304	1.141550	0.000000	0.000000	3.405180	0.420623	7.477290	33.422500	266.031000	115.980000	406.472000	84.192100	48.723500	2.970680	0.059329	270.878000	1.168600	3.092990	2.045830	4.906540	6.220010	
   58	140.000000	135.210000	131.770000	128.000000	125.840000	131.770000	142.600000	151.700000	157.000000	145.470000	122.000000	105.570000	105.440000	105.570000	105.570000	112.780000	142.600000	149.070000	165.080000	161.200000	165.010000	157.940000	147.200000	140.500000	8.160000	10.000000	9.000000	7.800000	7.800000	7.760000	8.000000	14.000000	15.000000	13.560000	12.800000	14.000000	15.000000	15.000000	15.320000	19.800000	13.120000	15.000000	7.760000	5.000000	5.000000	5.000000	6.000000	7.000000	133.160000	130.491000	123.945000	125.082000	121.052000	117.663000	116.552000	133.990000	141.702000	168.291000	198.987000	177.446000	172.357000	156.299000	142.467000	145.247000	160.461000	149.515000	144.062000	135.142000	104.115000	106.126000	96.931000	88.790600	130.000000	102.532000	85.711700	73.725700	69.221100	69.688500	104.769000	114.823000	114.828000	112.399000	84.305500	68.248300	90.217900	88.965100	87.042200	86.227700	106.473000	127.729000	145.119000	156.167000	133.373000	121.352000	88.209800	76.553500	0.113000	0.000000	0.156000	0.000000	0.191811	0.000000	0.220313	0.000000	0.186018	0.000000	0.137678	0.000000	0.108825	0.000000	0.058863	0.027400	0.000000	0.183600	0.000000	0.304700	105.570000	136.845000	135.836000	149.156000	152.737000	170.817000	149.759000	158.936000	158.826000	146.602000	136.400000	130.433000	0.126588	0.371300	0.169799	0.620300	0.391948	0.295000	0.473741	0.293500	0.288607	0.295400	0.258266	0.112900	0.397450	0.003500	0.349808	0.000000	0.173870	0.000000	0.153872	0.000000	0.224975	0.000000	0.203434	0.000000	0.207554	0.000000	0.194118	0.000000	0.676857	0.000000	0.000000	0.449321	0.221629	0.844707	0.000000	3.465400	0.332105	6.725820	27.752600	252.126000	91.164800	499.565000	105.142000	55.873800	0.000000	0.938151	277.142000	1.063710	3.143670	1.931400	4.821760	6.232450	
   59	140.000000	135.210000	131.770000	128.000000	125.840000	131.770000	142.600000	151.700000	157.000000	145.470000	122.000000	105.570000	105.440000	105.570000	105.570000	112.780000	142.600000	149.070000	165.080000	161.200000	165.010000	157.940000	147.200000	140.500000	8.160000	10.000000	9.000000	7.800000	7.800000	7.760000	8.000000	14.000000	15.000000	13.560000	12.800000	14.000000	15.000000	15.000000	15.320000	19.800000	13.120000	15.000000	7.760000	5.000000	5.000000	5.000000	6.000000	7.000000	133.160000	146.539000	129.562000	128.487000	124.977000	119.211000	124.597000	133.990000	141.702000	168.291000	198.987000	177.446000	172.357000	156.299000	142.467000	145.247000	160.461000	149.515000	144.062000	135.142000	104.115000	106.126000	96.931000	88.790600	130.000000	102.939000	80.072500	63.245400	66.861400	50.422300	89.714900	109.593000	113.941000	105.077000	126.016000	90.604600	109.730000	103.575000	88.648400	89.852700	120.244000	153.161000	162.280000	156.946000	143.041000	126.742000	117.274000	88.786800	0.113000	0.000000	0.125674	0.000000	0.156667	0.000000	0.170729	0.000000	0.167737	0.000000	0.159238	0.000000	0.118706	0.000000	0.092353	0.017600	0.116338	0.144300	0.160966	0.234500	105.570000	131.113000	127.559000	132.773000	136.807000	156.541000	155.235000	150.031000	151.351000	136.069000	126.998000	121.640000	0.253275	0.331400	0.327027	0.341500	0.410168	0.323600	0.487358	0.413200	0.509321	0.295900	0.458612	0.095500	0.397450	0.002200	0.274960	0.000000	0.238689	0.000000	0.223813	0.000000	0.194268	0.000000	0.187669	0.000000	0.216857	0.000000	0.209676	0.000000	0.676857	0.000000	0.011711	0.000000	0.000000	0.000000	0.000000	3.404190	0.349774	7.044000	39.356600	265.501000	112.881000	487.120000	110.549000	61.983100	0.000000	0.000000	278.379000	0.725887	3.169600	1.926080	4.665640	6.113230	
   60	140.000000	135.210000	131.770000	128.000000	125.840000	131.770000	142.600000	151.700000	157.000000	145.470000	122.000000	105.570000	105.440000	105.570000	105.570000	112.780000	142.600000	149.070000	165.080000	161.200000	165.010000	157.940000	147.200000	140.500000	8.160000	10.000000	9.000000	7.800000	7.800000	7.760000	8.000000	14.000000	15.000000	13.560000	12.800000	14.000000	15.000000	15.000000	15.320000	19.800000	13.120000	15.000000	7.760000	5.000000	5.000000	5.000000	6.000000	7.000000	133.160000	146.539000	129.562000	128.487000	124.977000	119.211000	124.597000	133.990000	141.702000	168.291000	198.987000	177.446000	172.357000	156.299000	142.467000	145.247000	160.461000	149.515000	144.062000	135.142000	104.115000	106.126000	96.931000	88.790600	130.000000	102.939000	80.072500	63.245400	66.861400	50.422300	89.714900	109.593000	113.941000	105.077000	126.016000	90.604600	109.730000	103.575000	88.648400	89.852700	120.244000	153.161000	162.280000	156.946000	143.041000	126.742000	117.274000	88.786800	0.113000	0.000000	0.125674	0.000000	0.156667	0.000000	0.170729	0.000000	0.167737	0.000000	0.159238	0.000000	0.118706	0.000000	0.092353	0.017600	0.116338	0.144300	0.160966	0.234500	105.570000	131.113000	127.559000	132.773000	136.807000	156.541000	155.235000	150.031000	151.351000	136.069000	126.998000	121.640000	0.253275	0.331400	0.327027	0.341500	0.410168	0.323600	0.487358	0.413200	0.509321	0.295900	0.458612	0.095500	0.397450	0.002200	0.274960	0.000000	0.238689	0.000000	0.223813	0.000000	0.194268	0.000000	0.187669	0.000000	0.216857	0.000000	0.209676	0.000000	0.676857	0.000000	0.000000	0.000000	0.000000	0.000000	0.000000	3.564650	0.266916	10.411400	15.386500	267.821000	113.318000	275.892000	64.157800	33.261100	9.347250	0.000000	270.113000	1.467660	2.577090	2.224180	4.810970	6.320210	
   61	140.000000	135.210000	131.770000	128.000000	125.840000	131.770000	142.600000	151.700000	157.000000	145.470000	122.000000	105.570000	105.440000	105.570000	105.570000	112.780000	142.600000	149.070000	165.080000	161.200000	165.010000	157.940000	147.200000	140.500000	8.160000	10.000000	9.000000	7.800000	7.800000	7.760000	8.000000	14.000000	15.000000	13.560000	12.800000	14.000000	15.000000	15.000000	15.320000	19.800000	13.120000	15.000000	7.760000	5.000000	5.000000	5.000000	6.000000	7.000000	133.160000	130.345000	122.378000	119.374000	120.651000	119.183000	124.224000	128.609000	144.867000	161.240000	198.987000	177.446000	172.357000	156.299000	142.467000	145.247000	160.461000	149.515000	144.062000	135.142000	104.115000	106.126000	96.931000	88.790600	130.000000	87.443100	68.421700	58.006900	56.134900	54.517700	87.459200	104.508000	115.561000	106.211000	86.420100	94.252700	102.079000	105.916000	97.451900	90.122700	104.853000	126.056000	141.856000	129.104000	107.804000	108.144000	78.351100	52.186700	0.113000	0.000000	0.097156	0.000000	0.123958	0.000000	0.138591	0.000000	0.136751	0.000000	0.123150	0.000000	0.091024	0.000000	0.085025	0.020600	0.029656	0.126100	0.042426	0.255600	105.570000	124.755000	126.847000	128.802000	133.556000	149.849000	127.221000	148.249000	142.161000	122.974000	123.356000	115.974000	0.153637	0.340500	0.231210	0.387700	0.410168	0.398100	0.487358	0.497800	0.509321	0.400400	0.454769	0.118100	0.397450	0.003100	0.401196	0.000000	0.337373	0.000000	0.266710	0.000000	0.247221	0.000000	0.220308	0.000000	0.205416	0.000000	0.221689	0.000000	0.676857	0.000000	0.133368	0.088461	0.000000	0.424983	0.000000	3.429640	0.000000	6.805330	31.976100	261.795000	128.247000	336.115000	78.639800	52.571300	0.605067	0.000000	264.712000	0.983792	2.787460	1.896070	4.806370	6.232800	
   62	140.000000	135.210000	131.770000	128.000000	125.840000	131.770000	142.600000	151.700000	157.000000	145.470000	122.000000	105.570000	105.440000	105.570000	105.570000	112.780000	142.600000	149.070000	165.080000	161.200000	165.010000	157.940000	147.200000	140.500000	8.160000	10.000000	9.000000	7.800000	7.800000	7.760000	8.000000	14.000000	15.000000	13.560000	12.800000	14.000000	15.000000	15.000000	15.320000	19.800000	13.120000	15.000000	7.760000	5.000000	5.000000	5.000000	6.000000	7.000000	133.160000	136.490000	129.692000	127.120000	124.223000	119.821000	118.893000	125.070000	137.684000	156.518000	209.070000	186.589000	182.501000	165.354000	150.125000	155.547000	173.493000	157.026000	152.291000	137.321000	117.087000	115.861000	107.454000	93.967700	130.000000	109.242000	91.950800	80.471500	77.069200	75.678500	99.661500	104.556000	112.170000	115.979000	108.046000	108.320000	126.563000	132.940000	134.224000	138.910000	154.048000	165.439000	159.233000	171.058000	127.069000	129.757000	98.851200	78.572500	0.113000	0.000000	0.142196	0.000000	0.158130	0.000000	0.193330	0.000000	0.185099	0.000000	0.126183	0.000000	0.052571	0.000000	0.000000	0.036200	0.000000	0.351600	0.006213	0.657300	105.570000	163.688000	163.086000	162.342000	169.541000	162.994000	159.302000	183.451000	188.563000	144.547000	151.923000	135.326000	0.066272	0.690700	0.156330	0.512600	0.227748	0.538000	0.256902	0.534000	0.276848	1.005000	0.256214	0.414100	0.225477	0.016600	0.189214	0.000000	0.159625	0.000000	0.130366	0.000000	0.125078	0.000000	0.142919	0.000000	0.198985	0.000000	0.267390	0.000000	0.676857	0.000000	0.000000	0.481310	0.009398	0.000000	0.000000	3.307230	0.088454	9.305430	18.793400	237.493000	0.000000	227.821000	85.610400	53.360900	0.000000	0.166340	247.760000	1.024860	3.273150	2.108950	5.229850	6.050060	
   63	140.000000	135.210000	131.770000	128.000000	125.840000	131.770000	142.600000	151.700000	157.000000	145.470000	122.000000	105.570000	105.440000	105.570000	105.570000	112.780000	142.600000	149.070000	165.080000	161.200000	165.010000	157.940000	147.200000	140.500000	8.160000	10.000000	9.000000	7.800000	7.800000	7.760000	8.000000	14.000000	15.000000	13.560000	12.800000	14.000000	15.000000	15.000000	15.320000	19.800000	13.120000	15.000000	7.760000	5.000000	5.000000	5.000000	6.000000	7.000000	133.160000	136.490000	129.692000	127.120000	124.223000	119.821000	118.893000	125.070000	137.684000	156.518000	209.070000	186.589000	182.501000	165.354000	150.125000	155.547000	173.493000	157.026000	152.291000	137.321000	117.087000	115.861000	107.454000	93.967700	130.000000	101.998000	91.263700	80.034700	73.583200	57.732900	91.349400	87.728700	105.589000	101.464000	127.277000	110.238000	130.297000	128.804000	123.944000	125.980000	145.555000	167.856000	158.755000	158.556000	127.231000	123.355000	83.241800	76.662800	0.113000	0.000000	0.114347	0.000000	0.131716	0.000000	0.151070	0.000000	0.167082	0.000000	0.150073	0.000000	0.116999	0.000000	0.114720	0.016400	0.132171	0.124800	0.135109	0.198000	105.570000	160.288000	162.325000	166.788000	163.871000	172.656000	175.989000	164.216000	161.781000	139.047000	135.040000	135.339000	0.201832	0.234000	0.321182	0.338000	0.428889	0.436300	0.507514	0.807300	0.532752	0.927400	0.486140	0.257700	0.391397	0.005000	0.295298	0.000000	0.224654	0.000000	0.247335	0.000000	0.281292	0.000000	0.296469	0.000000	0.047857	0.000000	0.044287	0.000000	0.676857	0.680508	1.072940	0.000000	0.000000	0.000000	0.148785	3.875640	0.154089	8.385960	23.266400	265.310000	116.945000	410.399000	83.327600	52.441300	3.762510	0.834408	281.299000	0.871097	3.077120	1.936810	5.123750	6.592020	
   64	140.000000	135.210000	131.770000	128.000000	125.840000	131.770000	142.600000	151.700000	157.000000	145.470000	122.000000	105.570000	105.440000	105.570000	105.570000	112.780000	142.600000	149.070000	165.080000	161.200000	165.010000	157.940000	147.200000	140.500000	8.160000	10.000000	9.000000	7.800000	7.800000	7.760000	8.000000	14.000000	15.000000	13.560000	12.800000	14.000000	15.000000	15.000000	15.320000	19.800000	13.120000	15.000000	7.760000	5.000000	5.000000	5.000000	6.000000	7.000000	133.160000	136.490000	129.692000	127.120000	124.223000	119.821000	118.893000	125.070000	137.684000	156.518000	209.070000	186.589000	182.501000	165.354000	150.125000	155.547000	173.493000	157.026000	152.291000	137.321000	117.087000	115.861000	107.454000	93.967700	130.000000	97.283500	76.654100	65.727800	61.949300	78.148800	102.143000	110.229000	107.708000	116.836000	120.657000	110.591000	121.653000	128.071000	128.537000	129.877000	147.413000	164.234000	163.377000	155.395000	136.658000	127.764000	98.218600	83.222300	0.113000	0.000000	0.226781	0.000000	0.261447	0.000000	0.283010	0.000000	0.271920	0.000000	0.033168	0.000000	0.000000	0.000000	0.000000	0.035600	0.000000	0.164900	0.009672	0.458200	105.570000	126.954000	127.289000	131.028000	134.948000	141.492000	140.092000	148.193000	138.131000	150.048000	143.550000	140.420000	0.067703	0.428400	0.179077	0.830000	0.292398	0.979300	0.371328	0.927100	0.398584	0.527900	0.381087	0.189300	0.353617	0.004800	0.314064	0.000000	0.236590	0.000000	0.176914	0.000000	0.213750	0.000000	0.211191	0.000000	0.223671	0.000000	0.223253	0.000000	0.676857	0.000000	0.369626	0.240732	0.000000	0.000000	0.000000	3.571380	0.524940	4.834780	21.074000	275.147000	134.797000	278.946000	83.788200	61.279300	0.000000	3.070520	261.939000	1.878270	2.835700	1.823510	4.845680	6.361260	
   65	140.000000	135.210000	131.770000	128.000000	125.840000	131.770000	142.600000	151.700000	157.000000	145.470000	122.000000	105.570000	105.440000	105.570000	105.570000	112.780000	142.600000	149.070000	165.080000	161.200000	165.010000	157.940000	147.200000	140.500000	8.160000	10.000000	9.000000	7.800000	7.800000	7.760000	8.000000	14.000000	15.000000	13.560000	12.800000	14.000000	15.000000	15.000000	15.320000	19.800000	13.120000	15.000000	7.760000	5.000000	5.000000	5.000000	6.000000	7.000000	133.160000	135.799000	122.412000	123.278000	117.146000	115.216000	121.731000	129.200000	131.270000	148.216000	202.291000	182.458000	177.392000	161.059000	146.324000	150.735000	164.806000	160.389000	146.567000	132.995000	101.316000	113.681000	99.073200	94.713300	130.000000	96.093100	71.982900	57.873300	46.466800	62.637900	96.085600	96.976900	96.586800	97.894400	105.501000	109.564000	119.895000	123.366000	118.852000	130.659000	136.901000	137.436000	164.263000	147.735000	119.061000	100.158000	75.219600	69.119500	0.113000	0.000000	0.116573	0.000000	0.191811	0.000000	0.231603	0.000000	0.222749	0.000000	0.176325	0.000000	0.168308	0.000000	0.170025	0.018400	0.150023	0.079100	0.127437	0.259900	105.570000	126.299000	120.616000	131.219000	135.236000	151.491000	138.076000	152.539000	137.589000	125.724000	117.250000	111.719000	0.126588	0.357500	0.248892	0.409500	0.230282	0.406200	0.409620	0.346000	0.455131	0.240300	0.420598	0.065100	0.343228	0.001900	0.283264	0.000000	0.251717	0.000000	0.233752	0.000000	0.213706	0.000000	0.203527	0.000000	0.301124	0.000000	0.318019	0.000000	0.676857	0.000000	0.199719	0.000000	0.000000	0.979137	0.005275	3.268150	0.302487	6.247350	20.943200	248.390000	83.119700	410.198000	99.108200	47.091800	5.517670	0.000000	300.883000	1.027070	2.946280	2.019320	4.686710	5.834600	
   66	140.000000	135.210000	131.770000	128.000000	125.840000	131.770000	142.600000	151.700000	157.000000	145.470000	122.000000	105.570000	105.440000	105.570000	105.570000	112.780000	142.600000	149.070000	165.080000	161.200000	165.010000	157.940000	147.200000	140.500000	8.160000	10.000000	9.000000	7.800000	7.800000	7.760000	8.000000	14.000000	15.000000	13.560000	12.800000	14.000000	15.000000	15.000000	15.320000	19.800000	13.120000	15.000000	7.760000	5.000000	5.000000	5.000000	6.000000	7.000000	133.160000	130.345000	122.378000	119.374000	120.651000	119.183000	124.224000	128.609000	144.867000	161.240000	198.987000	177.446000	172.357000	156.299000	142.467000	145.247000	160.461000	149.515000	144.062000	135.142000	104.115000	106.126000	96.931000	88.790600	130.000000	87.443100	68.421700	58.006900	56.134900	54.517700	87.459200	104.508000	115.561000	106.211000	86.420100	94.252700	102.079000	105.916000	97.451900	90.122700	104.853000	126.056000	141.856000	129.104000	107.804000	108.144000	78.351100	52.186700	0.113000	0.000000	0.097156	0.000000	0.123958	0.000000	0.138591	0.000000	0.136751	0.000000	0.123150	0.000000	0.091024	0.000000	0.085025	0.020600	0.029656	0.126100	0.042426	0.255600	105.570000	124.755000	126.847000	128.802000	133.556000	149.849000	127.221000	148.249000	142.161000	122.974000	123.356000	115.974000	0.153637	0.340500	0.231210	0.387700	0.410168	0.398100	0.487358	0.497800	0.509321	0.400400	0.454769	0.118100	0.397450	0.003100	0.401196	0.000000	0.337373	0.000000	0.266710	0.000000	0.247221	0.000000	0.220308	0.000000	0.205416	0.000000	0.221689	0.000000	0.676857	0.000000	0.133368	0.088461	0.000000	0.424983	0.000000	3.429640	0.000000	6.805330	31.976100	261.795000	128.247000	336.115000	78.639800	52.571300	0.605067	0.000000	264.712000	0.983792	2.787460	1.896070	4.806370	6.232800	
   67	140.000000	135.210000	131.770000	128.000000	125.840000	131.770000	142.600000	151.700000	157.000000	145.470000	122.000000	105.570000	105.440000	105.570000	105.570000	112.780000	142.600000	149.070000	165.080000	161.200000	165.010000	157.940000	147.200000	140.500000	8.160000	10.000000	9.000000	7.800000	7.800000	7.760000	8.000000	14.000000	15.000000	13.560000	12.800000	14.000000	15.000000	15.000000	15.320000	19.800000	13.120000	15.000000	7.760000	5.000000	5.000000	5.000000	6.000000	7.000000	133.160000	136.490000	129.692000	127.120000	124.223000	119.821000	118.893000	125.070000	137.684000	156.518000	209.070000	186.589000	182.501000	165.354000	150.125000	155.547000	173.493000	157.026000	152.291000	137.321000	117.087000	115.861000	107.454000	93.967700	130.000000	97.283500	76.654100	65.727800	61.949300	58.910000	94.890900	111.362000	115.245000	116.205000	117.572000	114.625000	131.655000	141.091000	138.910000	139.533000	156.180000	167.652000	156.865000	162.626000	124.138000	111.270000	96.424800	90.346200	0.113000	0.000000	0.226781	0.000000	0.261447	0.000000	0.283010	0.000000	0.271920	0.000000	0.195598	0.000000	0.120854	0.000000	0.053627	0.047800	0.000471	0.375800	0.039340	0.698300	105.570000	95.923300	84.334100	76.450100	72.713100	122.159000	131.989000	162.546000	144.797000	134.847000	124.517000	124.593000	0.106698	0.607400	0.199321	0.218500	0.291586	0.181400	0.310950	0.187700	0.235561	0.103100	0.110140	0.046000	0.015746	0.002100	0.000000	0.000000	0.544097	0.000000	0.546541	0.000000	0.553771	0.000000	0.579818	0.000000	0.581074	0.000000	0.574248	0.000000	0.676857	0.000000	0.110178	0.000000	0.000000	2.792350	0.000000	3.379740	0.519550	8.085680	51.808300	273.039000	130.838000	406.419000	65.794000	40.480400	15.926700	0.000000	274.822000	1.620940	3.655670	2.138570	5.107360	6.322360	
   68	140.000000	135.210000	131.770000	128.000000	125.840000	131.770000	142.600000	151.700000	157.000000	145.470000	122.000000	105.570000	105.440000	105.570000	105.570000	112.780000	142.600000	149.070000	165.080000	161.200000	165.010000	157.940000	147.200000	140.500000	8.160000	10.000000	9.000000	7.800000	7.800000	7.760000	8.000000	14.000000	15.000000	13.560000	12.800000	14.000000	15.000000	15.000000	15.320000	19.800000	13.120000	15.000000	7.760000	5.000000	5.000000	5.000000	6.000000	7.000000	133.160000	136.490000	129.692000	127.120000	124.223000	119.821000	118.893000	125.070000	137.684000	156.518000	209.070000	186.589000	182.501000	165.354000	150.125000	155.547000	173.493000	157.026000	152.291000	137.321000	117.087000	115.861000	107.454000	93.967700	130.000000	89.904900	74.845400	50.033700	48.783200	47.193800	85.996600	100.449000	99.098600	105.464000	125.664000	91.545400	115.312000	109.983000	109.695000	115.239000	126.360000	159.602000	139.251000	151.332000	128.098000	115.143000	89.829500	73.199600	0.113000	0.000000	0.231584	0.000000	0.278796	0.000000	0.288743	0.000000	0.272786	0.000000	0.221909	0.000000	0.156916	0.000000	0.121902	0.019900	0.096562	0.094300	0.069985	0.119200	105.570000	135.125000	130.086000	139.041000	132.397000	151.400000	150.844000	154.173000	163.786000	133.558000	126.524000	121.365000	0.101593	0.226100	0.227622	0.295300	0.377640	0.289200	0.472425	0.245600	0.518033	0.231000	0.530474	0.100100	0.540259	0.003900	0.526551	0.000000	0.509450	0.000000	0.493381	0.000000	0.443287	0.000000	0.417901	0.000000	0.500197	0.000000	0.475094	0.000000	0.676857	0.263157	0.620721	0.000000	0.000000	0.000000	0.000000	3.474390	0.170384	6.273310	29.950000	269.086000	119.788000	440.603000	77.813800	36.547200	18.707900	0.517443	281.339000	0.773468	3.106050	2.241010	5.080280	6.256060	
   69	140.000000	135.210000	131.770000	128.000000	125.840000	131.770000	142.600000	151.700000	157.000000	145.470000	122.000000	105.570000	105.440000	105.570000	105.570000	112.780000	142.600000	149.070000	165.080000	161.200000	165.010000	157.940000	147.200000	140.500000	8.160000	10.000000	9.000000	7.800000	7.800000	7.760000	8.000000	14.000000	15.000000	13.560000	12.800000	14.000000	15.000000	15.000000	15.320000	19.800000	13.120000	15.000000	7.760000	5.000000	5.000000	5.000000	6.000000	7.000000	133.160000	133.825000	123.093000	122.674000	125.228000	114.888000	120.967000	129.022000	144.867000	161.240000	198.953000	187.337000	184.937000	165.892000	153.481000	153.704000	162.522000	157.141000	144.646000	131.046000	103.510000	115.601000	97.168300	87.643500	130.000000	92.621100	72.534500	64.472300	53.588400	63.085100	92.727000	99.903300	110.668000	109.806000	122.223000	108.078000	125.892000	128.827000	121.050000	120.682000	140.773000	155.338000	153.729000	148.857000	128.741000	123.718000	88.869000	88.230000	0.113000	0.000000	0.124467	0.000000	0.156667	0.000000	0.195084	0.000000	0.167082	0.000000	0.142399	0.000000	0.116999	0.000000	0.079334	0.037300	0.066513	0.179400	0.064748	0.334700	105.570000	114.749000	130.565000	113.326000	135.838000	161.194000	144.139000	162.381000	142.117000	138.183000	119.278000	120.915000	0.197601	0.442200	0.321182	0.406400	0.428889	0.348700	0.427395	0.312800	0.416143	0.296200	0.406713	0.083100	0.347128	0.003400	0.294786	0.000000	0.269901	0.000000	0.238601	0.000000	0.209971	0.000000	0.199295	0.000000	0.203441	0.000000	0.195361	0.000000	0.676857	0.000000	0.000000	0.000000	0.000000	0.000000	0.000000	3.692990	0.265697	5.395020	33.293500	261.322000	109.227000	423.446000	89.054100	58.283600	0.000000	0.000000	264.712000	0.983792	2.787460	1.896070	4.908530	6.482530	
   70	140.000000	135.210000	131.770000	128.000000	125.840000	131.770000	142.600000	151.700000	157.000000	145.470000	122.000000	105.570000	105.440000	105.570000	105.570000	112.780000	142.600000	149.070000	165.080000	161.200000	165.010000	157.940000	147.200000	140.500000	8.160000	10.000000	9.000000	7.800000	7.800000	7.760000	8.000000	14.000000	15.000000	13.560000	12.800000	14.000000	15.000000	15.000000	15.320000	19.800000	13.120000	15.000000	7.760000	5.000000	5.000000	5.000000	6.000000	7.000000	133.160000	146.539000	129.562000	128.487000	124.977000	119.211000	124.597000	133.990000	141.702000	168.291000	198.987000	177.446000	172.357000	156.299000	142.467000	145.247000	160.461000	149.515000	144.062000	135.142000	104.115000	106.126000	96.931000	88.790600	130.000000	102.939000	80.072500	63.245400	66.861400	50.422300	89.714900	109.593000	113.941000	105.077000	126.016000	90.604600	109.730000	103.575000	88.648400	89.852700	120.244000	153.161000	162.280000	156.946000	143.041000	126.742000	117.274000	88.786800	0.113000	0.000000	0.125674	0.000000	0.156667	0.000000	0.170729	0.000000	0.167737	0.000000	0.159238	0.000000	0.118706	0.000000	0.092353	0.017600	0.116338	0.144300	0.160966	0.234500	105.570000	131.113000	127.559000	132.773000	136.807000	156.541000	155.235000	150.031000	151.351000	136.069000	126.998000	121.640000	0.253275	0.331400	0.327027	0.341500	0.410168	0.323600	0.487358	0.413200	0.509321	0.295900	0.458612	0.095500	0.397450	0.002200	0.274960	0.000000	0.238689	0.000000	0.223813	0.000000	0.194268	0.000000	0.187669	0.000000	0.216857	0.000000	0.209676	0.000000	0.676857	0.000000	0.034171	0.000000	0.000000	0.315174	0.000000	3.613770	0.487607	6.094250	32.741400	265.193000	104.354000	323.573000	77.069600	34.389100	18.414800	2.097950	270.751000	1.161090	2.935660	2.160780	5.175220	6.427630	
   71	140.000000	135.210000	131.770000	128.000000	125.840000	131.770000	142.600000	151.700000	157.000000	145.470000	122.000000	105.570000	105.440000	105.570000	105.570000	112.780000	142.600000	149.070000	165.080000	161.200000	165.010000	157.940000	147.200000	140.500000	8.160000	10.000000	9.000000	7.800000	7.800000	7.760000	8.000000	14.000000	15.000000	13.560000	12.800000	14.000000	15.000000	15.000000	15.320000	19.800000	13.120000	15.000000	7.760000	5.000000	5.000000	5.000000	6.000000	7.000000	133.160000	130.345000	122.378000	119.374000	120.651000	119.183000	124.224000	128.609000	144.867000	161.240000	198.987000	177.446000	172.357000	156.299000	142.467000	145.247000	160.461000	149.515000	144.062000	135.142000	104.115000	106.126000	96.931000	88.790600	130.000000	87.443100	68.421700	58.006900	56.134900	54.517700	87.459200	104.508000	115.561000	106.211000	86.420100	94.252700	102.079000	105.916000	97.451900	90.122700	104.853000	126.056000	141.856000	129.104000	107.804000	108.144000	78.351100	52.186700	0.113000	0.000000	0.097156	0.000000	0.123958	0.000000	0.138591	0.000000	0.136751	0.000000	0.123150	0.000000	0.091024	0.000000	0.085025	0.020600	0.029656	0.126100	0.042426	0.255600	105.570000	124.755000	126.847000	128.802000	133.556000	149.849000	127.221000	148.249000	142.161000	122.974000	123.356000	115.974000	0.153637	0.340500	0.231210	0.387700	0.410168	0.398100	0.487358	0.497800	0.509321	0.400400	0.454769	0.118100	0.397450	0.003100	0.401196	0.000000	0.337373	0.000000	0.266710	0.000000	0.247221	0.000000	0.220308	0.000000	0.205416	0.000000	0.221689	0.000000	0.676857	0.000000	0.133368	0.088461	0.000000	0.424983	0.000000	3.429640	0.000000	6.805330	31.976100	261.795000	128.247000	336.115000	78.639800	52.571300	0.605067	0.000000	264.712000	0.983792	2.787460	1.896070	4.806370	6.232800	
   72	140.000000	135.210000	131.770000	128.000000	125.840000	131.770000	142.600000	151.700000	157.000000	145.470000	122.000000	105.570000	105.440000	105.570000	105.570000	112.780000	142.600000	149.070000	165.080000	161.200000	165.010000	157.940000	147.200000	140.500000	8.160000	10.000000	9.000000	7.800000	7.800000	7.760000	8.000000	14.000000	15.000000	13.560000	12.800000	14.000000	15.000000	15.000000	15.320000	19.800000	13.120000	15.000000	7.760000	5.000000	5.000000	5.000000	6.000000	7.000000	133.160000	134.328000	120.572000	123.126000	121.142000	115.504000	115.824000	128.848000	136.164000	154.906000	207.047000	193.199000	185.186000	162.512000	151.006000	153.487000	162.365000	152.129000	142.439000	135.036000	103.752000	94.537000	104.198000	91.632100	130.000000	96.625400	78.950600	63.594000	59.224600	52.311000	95.697700	103.490000	108.056000	97.016400	106.520000	101.370000	111.606000	112.199000	117.377000	130.877000	139.206000	145.247000	149.466000	151.658000	118.099000	100.449000	85.416700	72.600500	0.113000	0.000000	0.161016	0.000000	0.164127	0.000000	0.203456	0.000000	0.195647	0.000000	0.156708	0.000000	0.091024	0.000000	0.034087	0.038800	0.020579	0.373000	0.058549	0.558400	105.570000	182.002000	184.414000	198.674000	191.705000	198.308000	129.474000	152.028000	163.600000	156.961000	131.850000	134.775000	0.132998	0.852300	0.234433	0.484800	0.353848	0.497300	0.460822	0.956500	0.504494	0.676100	0.450041	0.165000	0.432904	0.006300	0.491911	0.000000	0.541992	0.000000	0.585894	0.000000	0.603580	0.000000	0.615948	0.000000	0.624577	0.000000	0.623100	0.000000	0.676857	0.000000	0.000000	0.000000	0.000000	0.000000	0.000000	3.335810	0.402781	7.076590	36.357100	268.258000	123.160000	482.726000	89.600900	50.660800	4.402510	0.766575	258.233000	0.960696	3.209100	1.925830	4.924790	6.037030	
   73	140.000000	135.210000	131.770000	128.000000	125.840000	131.770000	142.600000	151.700000	157.000000	145.470000	122.000000	105.570000	105.440000	105.570000	105.570000	112.780000	142.600000	149.070000	165.080000	161.200000	165.010000	157.940000	147.200000	140.500000	8.160000	10.000000	9.000000	7.800000	7.800000	7.760000	8.000000	14.000000	15.000000	13.560000	12.800000	14.000000	15.000000	15.000000	15.320000	19.800000	13.120000	15.000000	7.760000	5.000000	5.000000	5.000000	6.000000	7.000000	133.160000	136.490000	129.692000	127.120000	124.223000	119.821000	118.893000	125.070000	137.684000	156.518000	209.070000	186.589000	182.501000	165.354000	150.125000	155.547000	173.493000	157.026000	152.291000	137.321000	117.087000	115.861000	107.454000	93.967700	130.000000	109.242000	91.950800	80.471500	77.069200	75.678500	99.661500	104.556000	112.170000	115.979000	108.046000	108.320000	126.563000	132.940000	134.224000	138.910000	154.048000	165.439000	159.233000	171.058000	127.069000	129.757000	98.851200	78.572500	0.113000	0.000000	0.117895	0.000000	0.180456	0.000000	0.230600	0.000000	0.229651	0.000000	0.192244	0.000000	0.069877	0.000000	0.057785	0.071300	0.092863	0.231200	0.143227	0.357300	105.570000	100.803000	99.006400	100.757000	96.006600	106.297000	113.397000	115.884000	180.728000	170.219000	168.228000	153.382000	0.217239	0.397100	0.329591	0.239600	0.440472	0.253100	0.527850	0.217400	0.567879	0.177300	0.540030	0.103000	0.473695	0.004000	0.405940	0.000000	0.321109	0.000000	0.247064	0.000000	0.201879	0.000000	0.176064	0.000000	0.179136	0.000000	0.173139	0.000000	0.676857	0.000000	0.000000	0.000000	0.000000	0.000000	0.000000	3.296890	0.264998	6.622810	35.267600	270.063000	113.163000	337.464000	92.042800	48.935700	0.000000	2.812910	240.260000	1.461380	3.052610	1.956770	4.825310	6.150700	
   74	140.000000	135.210000	131.770000	128.000000	125.840000	131.770000	142.600000	151.700000	157.000000	145.470000	122.000000	105.570000	105.440000	105.570000	105.570000	112.780000	142.600000	149.070000	165.080000	161.200000	165.010000	157.940000	147.200000	140.500000	8.160000	10.000000	9.000000	7.800000	7.800000	7.760000	8.000000	14.000000	15.000000	13.560000	12.800000	14.000000	15.000000	15.000000	15.320000	19.800000	13.120000	15.000000	7.760000	5.000000	5.000000	5.000000	6.000000	7.000000	133.160000	130.530000	125.135000	119.585000	120.183000	109.475000	119.049000	125.067000	130.670000	153.337000	198.704000	188.079000	178.989000	163.096000	141.483000	151.765000	164.481000	153.058000	150.910000	129.248000	101.645000	105.591000	103.812000	93.107000	130.000000	100.236000	69.361300	54.261100	53.060700	51.644500	90.501500	99.563800	102.118000	103.875000	100.434000	85.915000	106.399000	105.144000	110.185000	119.418000	130.871000	148.969000	152.711000	147.133000	134.937000	120.618000	102.611000	80.912600	0.113000	0.000000	0.131987	0.000000	0.197190	0.000000	0.238163	0.000000	0.237538	0.000000	0.168304	0.000000	0.150566	0.000000	0.122529	0.026300	0.131758	0.098700	0.142621	0.360100	105.570000	107.855000	116.412000	119.799000	123.528000	147.780000	131.989000	162.546000	144.797000	134.847000	124.517000	122.441000	0.201780	0.343400	0.306538	0.488400	0.378692	0.503700	0.487358	0.346700	0.516117	0.226000	0.452114	0.113400	0.383486	0.003800	0.321141	0.000000	0.337373	0.000000	0.286468	0.000000	0.247221	0.000000	0.284648	0.000000	0.207554	0.000000	0.223253	0.000000	0.676857	0.000000	0.277367	0.000000	0.051902	0.294381	0.153170	3.435310	0.421203	7.620270	37.928000	264.528000	105.907000	366.738000	67.916800	54.709400	0.000000	0.000000	245.648000	1.495340	3.176530	2.086290	5.119900	6.226540	
   75	140.000000	135.210000	131.770000	128.000000	125.840000	131.770000	142.600000	151.700000	157.000000	145.470000	122.000000	105.570000	105.440000	105.570000	105.570000	112.780000	142.600000	149.070000	165.080000	161.200000	165.010000	157.940000	147.200000	140.500000	8.160000	10.000000	9.000000	7.800000	7.800000	7.760000	8.000000	14.000000	15.000000	13.560000	12.800000	14.000000	15.000000	15.000000	15.320000	19.800000	13.120000	15.000000	7.760000	5.000000	5.000000	5.000000	6.000000	7.000000	133.160000	130.641000	125.423000	124.348000	127.954000	126.038000	128.139000	138.597000	143.947000	165.665000	195.258000	183.240000	177.458000	154.359000	138.076000	148.013000	160.461000	149.515000	144.062000	135.142000	104.115000	106.126000	96.931000	88.790600	130.000000	86.573600	69.770300	62.253900	67.900100	63.081700	98.625400	111.088000	95.882700	106.568000	113.294000	97.402100	121.123000	115.133000	105.615000	105.461000	106.473000	127.729000	145.119000	156.167000	133.373000	121.352000	88.209800	76.553500	0.113000	0.000000	0.123897	0.000000	0.168995	0.000000	0.185819	0.000000	0.183814	0.000000	0.121761	0.000000	0.101753	0.000000	0.109179	0.024700	0.077206	0.214600	0.117109	0.322300	105.570000	121.552000	115.537000	127.603000	138.492000	142.527000	155.085000	147.488000	132.198000	120.803000	105.584000	125.052000	0.133681	0.194100	0.216170	0.287400	0.309162	0.241700	0.371151	0.183400	0.402050	0.113000	0.403554	0.060100	0.410015	0.003900	0.383885	0.000000	0.373731	0.000000	0.343785	0.000000	0.318186	0.000000	0.321371	0.000000	0.336156	0.000000	0.342829	0.000000	0.676857	0.000000	0.008971	0.387224	0.000000	0.086757	0.000000	3.455870	0.366818	7.987400	14.323500	240.819000	80.309000	512.779000	94.378200	50.870700	12.072900	0.000000	235.817000	1.401780	3.058160	1.962810	4.898090	6.332610	
   76	140.000000	135.210000	131.770000	128.000000	125.840000	131.770000	142.600000	151.700000	157.000000	145.470000	122.000000	105.570000	105.440000	105.570000	105.570000	112.780000	142.600000	149.070000	165.080000	161.200000	165.010000	157.940000	147.200000	140.500000	8.160000	10.000000	9.000000	7.800000	7.800000	7.760000	8.000000	14.000000	15.000000	13.560000	12.800000	14.000000	15.000000	15.000000	15.320000	19.800000	13.120000	15.000000	7.760000	5.000000	5.000000	5.000000	6.000000	7.000000	133.160000	130.345000	122.378000	119.374000	120.651000	119.183000	124.224000	128.609000	144.867000	161.240000	198.987000	177.446000	172.357000	156.299000	142.467000	145.247000	160.461000	149.515000	144.062000	135.142000	104.115000	106.126000	96.931000	88.790600	130.000000	87.443100	68.421700	58.006900	56.134900	54.517700	87.459200	104.508000	115.561000	106.211000	86.420100	94.252700	102.079000	105.916000	97.451900	90.122700	104.853000	126.056000	141.856000	129.104000	107.804000	108.144000	78.351100	52.186700	0.113000	0.000000	0.097156	0.000000	0.123958	0.000000	0.138591	0.000000	0.136751	0.000000	0.123150	0.000000	0.091024	0.000000	0.085025	0.020600	0.029656	0.126100	0.042426	0.255600	105.570000	124.755000	126.847000	128.802000	133.556000	149.849000	127.221000	148.249000	142.161000	122.974000	123.356000	115.974000	0.153637	0.340500	0.231210	0.387700	0.410168	0.398100	0.487358	0.497800	0.509321	0.400400	0.454769	0.118100	0.397450	0.003100	0.401196	0.000000	0.337373	0.000000	0.266710	0.000000	0.247221	0.000000	0.220308	0.000000	0.205416	0.000000	0.221689	0.000000	0.676857	0.000000	0.133368	0.088461	0.000000	0.424983	0.000000	3.429640	0.000000	6.805330	31.976100	261.795000	128.247000	336.115000	78.639800	52.571300	0.605067	0.000000	264.712000	0.983792	2.787460	1.896070	4.806370	6.232800	
   77	140.000000	135.210000	131.770000	128.000000	125.840000	131.770000	142.600000	151.700000	157.000000	145.470000	122.000000	105.570000	105.440000	105.570000	105.570000	112.780000	142.600000	149.070000	165.080000	161.200000	165.010000	157.940000	147.200000	140.500000	8.160000	10.000000	9.000000	7.800000	7.800000	7.760000	8.000000	14.000000	15.000000	13.560000	12.800000	14.000000	15.000000	15.000000	15.320000	19.800000	13.120000	15.000000	7.760000	5.000000	5.000000	5.000000	6.000000	7.000000	133.160000	136.490000	129.692000	127.120000	124.223000	119.821000	118.893000	125.070000	137.684000	156.518000	209.070000	186.589000	182.501000	165.354000	150.125000	155.547000	173.493000	157.026000	152.291000	137.321000	117.087000	115.861000	107.454000	93.967700	130.000000	109.242000	91.950800	80.471500	77.069200	75.678500	99.661500	104.556000	112.170000	115.979000	108.046000	108.320000	126.563000	132.940000	134.224000	138.910000	154.048000	165.439000	159.233000	171.058000	127.069000	129.757000	98.851200	78.572500	0.113000	0.000000	0.026952	0.000000	0.037955	0.000000	0.092965	0.000000	0.106269	0.000000	0.074249	0.000000	0.030554	0.000000	0.000000	0.016600	0.000000	0.072500	0.000000	0.165700	105.570000	130.929000	130.299000	140.425000	144.351000	160.248000	145.722000	157.165000	138.131000	150.048000	143.550000	140.420000	0.000000	0.240200	0.338260	0.224600	0.444354	0.344000	0.498646	0.548700	0.474477	0.306200	0.394096	0.155200	0.322769	0.006300	0.298786	0.000000	0.196823	0.000000	0.044024	0.000000	0.000000	0.000000	0.000000	0.000000	0.000000	0.000000	0.003908	0.000000	0.676857	0.000000	0.000000	0.000000	0.000000	0.000000	0.000000	3.547080	0.245455	7.209670	21.172500	261.441000	112.167000	274.512000	57.923700	55.024400	1.076780	0.778348	279.486000	1.493670	3.360600	2.194580	5.214300	6.650920	
   78	140.000000	135.210000	131.770000	128.000000	125.840000	131.770000	142.600000	151.700000	157.000000	145.470000	122.000000	105.570000	105.440000	105.570000	105.570000	112.780000	142.600000	149.070000	165.080000	161.200000	165.010000	157.940000	147.200000	140.500000	8.160000	10.000000	9.000000	7.800000	7.800000	7.760000	8.000000	14.000000	15.000000	13.560000	12.800000	14.000000	15.000000	15.000000	15.320000	19.800000	13.120000	15.000000	7.760000	5.000000	5.000000	5.000000	6.000000	7.000000	133.160000	146.539000	129.562000	128.487000	124.977000	119.211000	124.597000	133.990000	141.702000	168.291000	198.987000	177.446000	172.357000	156.299000	142.467000	145.247000	160.461000	149.515000	144.062000	135.142000	104.115000	106.126000	96.931000	88.790600	130.000000	102.939000	80.072500	63.245400	66.861400	50.422300	89.714900	109.593000	113.941000	105.077000	126.016000	90.604600	109.730000	103.575000	88.648400	89.852700	120.244000	153.161000	162.280000	156.946000	143.041000	126.742000	117.274000	88.786800	0.113000	0.000000	0.125674	0.000000	0.156667	0.000000	0.170729	0.000000	0.167737	0.000000	0.159238	0.000000	0.118706	0.000000	0.092353	0.017600	0.116338	0.144300	0.160966	0.234500	105.570000	131.113000	127.559000	132.773000	136.807000	156.541000	155.235000	150.031000	151.351000	136.069000	126.998000	121.640000	0.253275	0.331400	0.327027	0.341500	0.410168	0.323600	0.487358	0.413200	0.509321	0.295900	0.458612	0.095500	0.397450	0.002200	0.274960	0.000000	0.238689	0.000000	0.223813	0.000000	0.194268	0.000000	0.187669	0.000000	0.216857	0.000000	0.209676	0.000000	0.676857	0.271143	0.112147	0.000000	0.000000	0.996919	0.000000	3.079960	0.678924	5.699850	20.062500	257.707000	144.902000	352.877000	0.000000	29.214300	3.791590	0.000000	231.627000	1.155160	3.173450	1.877530	4.788680	5.999840	
   79	140.000000	135.210000	131.770000	128.000000	125.840000	131.770000	142.600000	151.700000	157.000000	145.470000	122.000000	105.570000	105.440000	105.570000	105.570000	112.780000	142.600000	149.070000	165.080000	161.200000	165.010000	157.940000	147.200000	140.500000	8.160000	10.000000	9.000000	7.800000	7.800000	7.760000	8.000000	14.000000	15.000000	13.560000	12.800000	14.000000	15.000000	15.000000	15.320000	19.800000	13.120000	15.000000	7.760000	5.000000	5.000000	5.000000	6.000000	7.000000	133.160000	130.491000	123.945000	125.082000	121.052000	117.663000	116.552000	133.990000	141.702000	168.291000	198.987000	177.446000	172.357000	156.299000	142.467000	145.247000	160.461000	149.515000	144.062000	135.142000	104.115000	106.126000	96.931000	88.790600	130.000000	102.532000	85.711700	73.725700	69.221100	69.688500	104.769000	114.823000	114.828000	112.399000	84.305500	68.248300	90.217900	88.965100	87.042200	86.227700	106.473000	127.729000	145.119000	156.167000	133.373000	121.352000	88.209800	76.553500	0.113000	0.000000	0.156000	0.000000	0.191811	0.000000	0.220313	0.000000	0.186018	0.000000	0.137678	0.000000	0.108825	0.000000	0.058863	0.027400	0.000000	0.183600	0.000000	0.304700	105.570000	136.845000	135.836000	149.156000	152.737000	170.817000	149.759000	158.936000	158.826000	146.602000	136.400000	130.433000	0.126588	0.371300	0.169799	0.620300	0.391948	0.295000	0.473741	0.293500	0.288607	0.295400	0.258266	0.112900	0.397450	0.003500	0.349808	0.000000	0.173870	0.000000	0.153872	0.000000	0.224975	0.000000	0.203434	0.000000	0.207554	0.000000	0.194118	0.000000	0.676857	0.000000	0.000000	0.449321	0.221629	0.844707	0.000000	3.465400	0.332105	6.725820	27.752600	252.126000	91.164800	499.565000	105.142000	55.873800	0.000000	0.938151	277.142000	1.063710	3.143670	1.931400	4.821760	6.232450	
   80	140.000000	135.210000	131.770000	128.000000	125.840000	131.770000	142.600000	151.700000	157.000000	145.470000	122.000000	105.570000	105.440000	105.570000	105.570000	112.780000	142.600000	149.070000	165.080000	161.200000	165.010000	157.940000	147.200000	140.500000	8.160000	10.000000	9.000000	7.800000	7.800000	7.760000	8.000000	14.000000	15.000000	13.560000	12.800000	14.000000	15.000000	15.000000	15.320000	19.800000	13.120000	15.000000	7.760000	5.000000	5.000000	5.000000	6.000000	7.000000	133.160000	136.490000	129.692000	127.120000	124.223000	119.821000	118.893000	125.070000	137.684000	156.518000	209.070000	186.589000	182.501000	165.354000	150.125000	155.547000	173.493000	157.026000	152.291000	137.321000	117.087000	115.861000	107.454000	93.967700	130.000000	87.942600	72.025600	57.584500	50.039300	51.130200	81.923600	87.633200	103.618000	91.358700	108.730000	103.789000	121.612000	131.238000	123.978000	131.017000	148.082000	157.853000	163.882000	160.915000	142.969000	130.344000	108.555000	87.339600	0.113000	0.000000	0.059680	0.000000	0.081938	0.000000	0.088163	0.000000	0.060331	0.000000	0.008716	0.000000	0.000000	0.000000	0.000000	0.023000	0.000000	0.198100	0.000000	0.280200	105.570000	137.007000	100.008000	116.429000	141.059000	169.376000	170.678000	183.451000	188.563000	144.547000	151.923000	136.706000	0.075638	0.318800	0.219996	0.282000	0.337944	0.210200	0.409907	0.268000	0.424507	0.269500	0.364062	0.139500	0.266219	0.004100	0.183674	0.000000	0.125107	0.000000	0.077707	0.000000	0.026228	0.000000	0.000000	0.000000	0.000000	0.000000	0.000000	0.000000	0.676857	0.000000	0.075750	0.040283	0.000000	0.000000	0.000000	3.405180	0.420623	7.477290	33.422500	266.031000	115.980000	406.472000	84.192100	48.723500	2.970680	0.059329	270.878000	1.168600	3.092990	2.045830	4.906540	6.220010	
   81	140.000000	135.210000	131.770000	128.000000	125.840000	131.770000	142.600000	151.700000	157.000000	145.470000	122.000000	105.570000	105.440000	105.570000	105.570000	112.780000	142.600000	149.070000	165.080000	161.200000	165.010000	157.940000	147.200000	140.500000	8.160000	10.000000	9.000000	7.800000	7.800000	7.760000	8.000000	14.000000	15.000000	13.560000	12.800000	14.000000	15.000000	15.000000	15.320000	19.800000	13.120000	15.000000	7.760000	5.000000	5.000000	5.000000	6.000000	7.000000	133.160000	136.490000	129.692000	127.120000	124.223000	119.821000	118.893000	125.070000	137.684000	156.518000	209.070000	186.589000	182.501000	165.354000	150.125000	155.547000	173.493000	157.026000	152.291000	137.321000	117.087000	115.861000	107.454000	93.967700	130.000000	87.880900	67.570900	54.140300	52.870900	54.543500	90.935800	86.580300	74.248300	80.667200	90.576200	81.316600	105.015000	112.693000	109.219000	103.721000	122.652000	136.075000	146.318000	145.269000	122.705000	120.628000	97.180600	81.374500	0.113000	0.000000	0.083102	0.000000	0.083661	0.000000	0.064754	0.000000	0.024880	0.000000	0.000000	0.000000	0.000000	0.000000	0.000000	0.019200	0.000000	0.125200	0.000000	0.153500	105.570000	151.248000	153.382000	160.733000	137.749000	161.515000	157.155000	156.111000	143.194000	147.075000	136.436000	123.655000	0.132998	0.392500	0.234433	0.494400	0.353848	0.606000	0.460822	0.522300	0.504494	0.354200	0.450041	0.074900	0.365830	0.001700	0.332518	0.000000	0.274990	0.000000	0.219084	0.000000	0.205467	0.000000	0.213843	0.000000	0.238565	0.000000	0.232270	0.000000	0.676857	0.000000	0.000000	0.000000	0.000000	0.000000	0.000000	3.351490	0.402781	7.076590	36.357100	268.258000	123.160000	482.726000	89.600900	50.660800	0.000000	20.776700	272.928000	0.778145	3.125280	1.924130	4.835870	6.287630	
   82	140.000000	135.210000	131.770000	128.000000	125.840000	131.770000	142.600000	151.700000	157.000000	145.470000	122.000000	105.570000	105.440000	105.570000	105.570000	112.780000	142.600000	149.070000	165.080000	161.200000	165.010000	157.940000	147.200000	140.500000	8.160000	10.000000	9.000000	7.800000	7.800000	7.760000	8.000000	14.000000	15.000000	13.560000	12.800000	14.000000	15.000000	15.000000	15.320000	19.800000	13.120000	15.000000	7.760000	5.000000	5.000000	5.000000	6.000000	7.000000	133.160000	133.825000	123.093000	122.674000	125.228000	114.888000	120.967000	129.022000	144.867000	161.240000	198.953000	187.337000	184.937000	165.892000	153.481000	153.704000	162.522000	157.141000	144.646000	131.046000	103.510000	115.601000	97.168300	87.643500	130.000000	92.621100	72.534500	64.472300	53.588400	63.085100	92.727000	99.903300	110.668000	109.806000	122.223000	108.078000	125.892000	128.827000	121.050000	120.682000	140.773000	155.338000	153.729000	148.857000	128.741000	123.718000	88.869000	88.230000	0.113000	0.000000	0.124467	0.000000	0.156667	0.000000	0.195084	0.000000	0.167082	0.000000	0.142399	0.000000	0.116999	0.000000	0.079334	0.037300	0.066513	0.179400	0.064748	0.334700	105.570000	114.749000	130.565000	113.326000	135.838000	161.194000	144.139000	162.381000	142.117000	138.183000	119.278000	120.915000	0.197601	0.442200	0.321182	0.406400	0.428889	0.348700	0.427395	0.312800	0.416143	0.296200	0.406713	0.083100	0.347128	0.003400	0.294786	0.000000	0.269901	0.000000	0.238601	0.000000	0.209971	0.000000	0.199295	0.000000	0.203441	0.000000	0.195361	0.000000	0.676857	0.000000	0.000000	0.000000	0.000000	0.000000	0.000000	3.692990	0.265697	5.395020	33.293500	261.322000	109.227000	423.446000	89.054100	58.283600	0.000000	0.000000	264.712000	0.983792	2.787460	1.896070	4.908530	6.482530	
   83	140.000000	135.210000	131.770000	128.000000	125.840000	131.770000	142.600000	151.700000	157.000000	145.470000	122.000000	105.570000	105.440000	105.570000	105.570000	112.780000	142.600000	149.070000	165.080000	161.200000	165.010000	157.940000	147.200000	140.500000	8.160000	10.000000	9.000000	7.800000	7.800000	7.760000	8.000000	14.000000	15.000000	13.560000	12.800000	14.000000	15.000000	15.000000	15.320000	19.800000	13.120000	15.000000	7.760000	5.000000	5.000000	5.000000	6.000000	7.000000	133.160000	136.490000	129.692000	127.120000	124.223000	119.821000	118.893000	125.070000	137.684000	156.518000	209.070000	186.589000	182.501000	165.354000	150.125000	155.547000	173.493000	157.026000	152.291000	137.321000	117.087000	115.861000	107.454000	93.967700	130.000000	98.858200	83.584200	66.775100	66.048800	66.645700	95.753700	98.593800	116.342000	110.486000	113.441000	105.517000	119.386000	132.126000	135.029000	145.853000	148.549000	157.405000	153.710000	162.091000	141.365000	116.086000	118.278000	107.171000	0.113000	0.000000	0.111020	0.000000	0.134530	0.000000	0.189710	0.000000	0.204193	0.000000	0.167731	0.000000	0.109737	0.000000	0.021358	0.031400	0.017281	0.186000	0.133560	0.352600	105.570000	129.498000	127.211000	130.760000	144.626000	169.949000	171.331000	180.485000	190.266000	165.559000	131.765000	128.126000	0.202793	0.460200	0.284743	0.510100	0.367741	0.628400	0.461458	0.548600	0.514531	0.385500	0.441082	0.131000	0.334660	0.005600	0.312066	0.000000	0.275557	0.000000	0.285439	0.000000	0.300892	0.000000	0.298063	0.000000	0.340444	0.000000	0.400102	0.000000	0.676857	0.000000	0.000000	0.016416	0.027406	0.659859	0.000000	3.439680	0.500677	8.001950	23.208500	255.514000	102.160000	250.308000	75.330400	63.734800	0.000000	0.000000	283.726000	1.949710	3.744820	1.977960	4.962200	6.064980	
   84	140.000000	135.210000	131.770000	128.000000	125.840000	131.770000	142.600000	151.700000	157.000000	145.470000	122.000000	105.570000	105.440000	105.570000	105.570000	112.780000	142.600000	149.070000	165.080000	161.200000	165.010000	157.940000	147.200000	140.500000	8.160000	10.000000	9.000000	7.800000	7.800000	7.760000	8.000000	14.000000	15.000000	13.560000	12.800000	14.000000	15.000000	15.000000	15.320000	19.800000	13.120000	15.000000	7.760000	5.000000	5.000000	5.000000	6.000000	7.000000	133.160000	130.530000	125.135000	119.585000	120.183000	109.475000	119.049000	125.067000	130.670000	153.337000	198.704000	188.079000	178.989000	163.096000	141.483000	151.765000	164.481000	153.058000	150.910000	129.248000	101.645000	105.591000	103.812000	93.107000	130.000000	100.236000	69.361300	54.261100	53.060700	51.644500	90.501500	99.563800	102.118000	103.875000	100.434000	85.915000	106.399000	105.144000	110.185000	119.418000	130.871000	148.969000	152.711000	147.133000	134.937000	120.618000	102.611000	80.912600	0.113000	0.000000	0.131987	0.000000	0.197190	0.000000	0.238163	0.000000	0.237538	0.000000	0.168304	0.000000	0.150566	0.000000	0.122529	0.026300	0.131758	0.098700	0.142621	0.360100	105.570000	107.855000	116.412000	119.799000	123.528000	147.780000	131.989000	162.546000	144.797000	134.847000	124.517000	122.441000	0.201780	0.343400	0.306538	0.488400	0.378692	0.503700	0.487358	0.346700	0.516117	0.226000	0.452114	0.113400	0.383486	0.003800	0.321141	0.000000	0.337373	0.000000	0.286468	0.000000	0.247221	0.000000	0.284648	0.000000	0.207554	0.000000	0.223253	0.000000	0.676857	0.000000	0.277367	0.000000	0.051902	0.294381	0.153170	3.435310	0.421203	7.620270	37.928000	264.528000	105.907000	366.738000	67.916800	54.709400	0.000000	0.000000	245.648000	1.495340	3.176530	2.086290	5.119900	6.226540	
   85	140.000000	135.210000	131.770000	128.000000	125.840000	131.770000	142.600000	151.700000	157.000000	145.470000	122.000000	105.570000	105.440000	105.570000	105.570000	112.780000	142.600000	149.070000	165.080000	161.200000	165.010000	157.940000	147.200000	140.500000	8.160000	10.000000	9.000000	7.800000	7.800000	7.760000	8.000000	14.000000	15.000000	13.560000	12.800000	14.000000	15.000000	15.000000	15.320000	19.800000	13.120000	15.000000	7.760000	5.000000	5.000000	5.000000	6.000000	7.000000	133.160000	146.539000	129.562000	128.487000	124.977000	119.211000	124.597000	133.990000	141.702000	168.291000	198.987000	177.446000	172.357000	156.299000	142.467000	145.247000	160.461000	149.515000	144.062000	135.142000	104.115000	106.126000	96.931000	88.790600	130.000000	102.939000	80.072500	63.245400	66.861400	50.422300	89.714900	109.593000	113.941000	105.077000	126.016000	90.604600	109.730000	103.575000	88.648400	89.852700	120.244000	153.161000	162.280000	156.946000	143.041000	126.742000	117.274000	88.786800	0.113000	0.000000	0.125674	0.000000	0.156667	0.000000	0.170729	0.000000	0.167737	0.000000	0.159238	0.000000	0.118706	0.000000	0.092353	0.017600	0.116338	0.144300	0.160966	0.234500	105.570000	131.113000	127.559000	132.773000	136.807000	156.541000	155.235000	150.031000	151.351000	136.069000	126.998000	121.640000	0.253275	0.331400	0.327027	0.341500	0.410168	0.323600	0.487358	0.413200	0.509321	0.295900	0.458612	0.095500	0.397450	0.002200	0.274960	0.000000	0.238689	0.000000	0.223813	0.000000	0.194268	0.000000	0.187669	0.000000	0.216857	0.000000	0.209676	0.000000	0.676857	0.000000	0.034171	0.000000	0.237881	0.000000	0.000000	3.303400	0.000000	8.796240	40.994500	263.217000	101.366000	390.272000	86.644600	46.091000	0.645598	0.565260	255.893000	1.096660	3.292450	1.938430	4.841740	6.165020	
   86	140.000000	135.210000	131.770000	128.000000	125.840000	131.770000	142.600000	151.700000	157.000000	145.470000	122.000000	105.570000	105.440000	105.570000	105.570000	112.780000	142.600000	149.070000	165.080000	161.200000	165.010000	157.940000	147.200000	140.500000	8.160000	10.000000	9.000000	7.800000	7.800000	7.760000	8.000000	14.000000	15.000000	13.560000	12.800000	14.000000	15.000000	15.000000	15.320000	19.800000	13.120000	15.000000	7.760000	5.000000	5.000000	5.000000	6.000000	7.000000	133.160000	130.345000	122.378000	119.374000	120.651000	119.183000	124.224000	128.609000	144.867000	161.240000	198.987000	177.446000	172.357000	156.299000	142.467000	145.247000	160.461000	149.515000	144.062000	135.142000	104.115000	106.126000	96.931000	88.790600	130.000000	87.443100	68.421700	58.006900	56.134900	54.517700	87.459200	104.508000	115.561000	106.211000	86.420100	94.252700	102.079000	105.916000	97.451900	90.122700	104.853000	126.056000	141.856000	129.104000	107.804000	108.144000	78.351100	52.186700	0.113000	0.000000	0.097156	0.000000	0.123958	0.000000	0.138591	0.000000	0.136751	0.000000	0.123150	0.000000	0.091024	0.000000	0.085025	0.020600	0.029656	0.126100	0.042426	0.255600	105.570000	124.755000	126.847000	128.802000	133.556000	149.849000	127.221000	148.249000	142.161000	122.974000	123.356000	115.974000	0.153637	0.340500	0.231210	0.387700	0.410168	0.398100	0.487358	0.497800	0.509321	0.400400	0.454769	0.118100	0.397450	0.003100	0.401196	0.000000	0.337373	0.000000	0.266710	0.000000	0.247221	0.000000	0.220308	0.000000	0.205416	0.000000	0.221689	0.000000	0.676857	0.000000	0.133368	0.088461	0.000000	0.424983	0.000000	3.429640	0.000000	6.805330	31.976100	261.795000	128.247000	336.115000	78.639800	52.571300	0.605067	0.000000	264.712000	0.983792	2.787460	1.896070	4.806370	6.232800	
   87	140.000000	135.210000	131.770000	128.000000	125.840000	131.770000	142.600000	151.700000	157.000000	145.470000	122.000000	105.570000	105.440000	105.570000	105.570000	112.780000	142.600000	149.070000	165.080000	161.200000	165.010000	157.940000	147.200000	140.500000	8.160000	10.000000	9.000000	7.800000	7.800000	7.760000	8.000000	14.000000	15.000000	13.560000	12.800000	14.000000	15.000000	15.000000	15.320000	19.800000	13.120000	15.000000	7.760000	5.000000	5.000000	5.000000	6.000000	7.000000	133.160000	130.530000	125.135000	119.585000	120.183000	109.475000	119.049000	125.067000	130.670000	153.337000	198.704000	188.079000	178.989000	163.096000	141.483000	151.765000	164.481000	153.058000	150.910000	129.248000	101.645000	105.591000	103.812000	93.107000	130.000000	100.236000	69.361300	54.261100	53.060700	51.644500	90.501500	99.563800	102.118000	103.875000	100.434000	85.915000	106.399000	105.144000	110.185000	119.418000	130.871000	148.969000	152.711000	147.133000	134.937000	120.618000	102.611000	80.912600	0.113000	0.000000	0.131987	0.000000	0.197190	0.000000	0.238163	0.000000	0.237538	0.000000	0.168304	0.000000	0.150566	0.000000	0.122529	0.026300	0.131758	0.098700	0.142621	0.360100	105.570000	107.855000	116.412000	119.799000	123.528000	147.780000	131.989000	162.546000	144.797000	134.847000	124.517000	122.441000	0.201780	0.343400	0.306538	0.488400	0.378692	0.503700	0.487358	0.346700	0.516117	0.226000	0.452114	0.113400	0.383486	0.003800	0.321141	0.000000	0.337373	0.000000	0.286468	0.000000	0.247221	0.000000	0.284648	0.000000	0.207554	0.000000	0.223253	0.000000	0.676857	0.000000	0.277367	0.000000	0.051902	0.294381	0.153170	3.435310	0.421203	7.620270	37.928000	264.528000	105.907000	366.738000	67.916800	54.709400	0.000000	0.000000	245.648000	1.495340	3.176530	2.086290	5.119900	6.226540	
   88	140.000000	135.210000	131.770000	128.000000	125.840000	131.770000	142.600000	151.700000	157.000000	145.470000	122.000000	105.570000	105.440000	105.570000	105.570000	112.780000	142.600000	149.070000	165.080000	161.200000	165.010000	157.940000	147.200000	140.500000	8.160000	10.000000	9.000000	7.800000	7.800000	7.760000	8.000000	14.000000	15.000000	13.560000	12.800000	14.000000	15.000000	15.000000	15.320000	19.800000	13.120000	15.000000	7.760000	5.000000	5.000000	5.000000	6.000000	7.000000	133.160000	135.799000	122.412000	123.278000	117.146000	115.216000	121.731000	129.200000	131.270000	148.216000	202.291000	182.458000	177.392000	161.059000	146.324000	150.735000	164.806000	160.389000	146.567000	132.995000	101.316000	113.681000	99.073200	94.713300	130.000000	96.093100	71.982900	57.873300	46.466800	62.637900	96.085600	96.976900	96.586800	97.894400	105.501000	109.564000	119.895000	123.366000	118.852000	130.659000	136.901000	137.436000	164.263000	147.735000	119.061000	100.158000	75.219600	69.119500	0.113000	0.000000	0.116573	0.000000	0.191811	0.000000	0.231603	0.000000	0.222749	0.000000	0.176325	0.000000	0.168308	0.000000	0.170025	0.018400	0.150023	0.079100	0.127437	0.259900	105.570000	126.299000	120.616000	131.219000	135.236000	151.491000	138.076000	152.539000	137.589000	125.724000	117.250000	111.719000	0.126588	0.357500	0.248892	0.409500	0.230282	0.406200	0.409620	0.346000	0.455131	0.240300	0.420598	0.065100	0.343228	0.001900	0.283264	0.000000	0.251717	0.000000	0.233752	0.000000	0.213706	0.000000	0.203527	0.000000	0.301124	0.000000	0.318019	0.000000	0.676857	0.000000	0.199719	0.000000	0.000000	0.979137	0.005275	3.268150	0.302487	6.247350	20.943200	248.390000	83.119700	410.198000	99.108200	47.091800	5.517670	0.000000	300.883000	1.027070	2.946280	2.019320	4.686710	5.834600	
   89	140.000000	135.210000	131.770000	128.000000	125.840000	131.770000	142.600000	151.700000	157.000000	145.470000	122.000000	105.570000	105.440000	105.570000	105.570000	112.780000	142.600000	149.070000	165.080000	161.200000	165.010000	157.940000	147.200000	140.500000	8.160000	10.000000	9.000000	7.800000	7.800000	7.760000	8.000000	14.000000	15.000000	13.560000	12.800000	14.000000	15.000000	15.000000	15.320000	19.800000	13.120000	15.000000	7.760000	5.000000	5.000000	5.000000	6.000000	7.000000	133.160000	133.825000	123.093000	122.674000	125.228000	114.888000	120.967000	129.022000	144.867000	161.240000	198.953000	187.337000	184.937000	165.892000	153.481000	153.704000	162.522000	157.141000	144.646000	131.046000	103.510000	115.601000	97.168300	87.643500	130.000000	92.621100	72.534500	64.472300	53.588400	63.085100	92.727000	99.903300	110.668000	109.806000	122.223000	108.078000	125.892000	128.827000	121.050000	120.682000	140.773000	155.338000	153.729000	148.857000	128.741000	123.718000	88.869000	88.230000	0.113000	0.000000	0.124467	0.000000	0.156667	0.000000	0.195084	0.000000	0.167082	0.000000	0.142399	0.000000	0.116999	0.000000	0.079334	0.037300	0.066513	0.179400	0.064748	0.334700	105.570000	114.749000	130.565000	113.326000	135.838000	161.194000	144.139000	162.381000	142.117000	138.183000	119.278000	120.915000	0.197601	0.442200	0.321182	0.406400	0.428889	0.348700	0.427395	0.312800	0.416143	0.296200	0.406713	0.083100	0.347128	0.003400	0.294786	0.000000	0.269901	0.000000	0.238601	0.000000	0.209971	0.000000	0.199295	0.000000	0.203441	0.000000	0.195361	0.000000	0.676857	0.000000	0.000000	0.000000	0.000000	0.000000	0.000000	3.692990	0.265697	5.395020	33.293500	261.322000	109.227000	423.446000	89.054100	58.283600	0.000000	0.000000	264.712000	0.983792	2.787460	1.896070	4.908530	6.482530	
   90	140.000000	135.210000	131.770000	128.000000	125.840000	131.770000	142.600000	151.700000	157.000000	145.470000	122.000000	105.570000	105.440000	105.570000	105.570000	112.780000	142.600000	149.070000	165.080000	161.200000	165.010000	157.940000	147.200000	140.500000	8.160000	10.000000	9.000000	7.800000	7.800000	7.760000	8.000000	14.000000	15.000000	13.560000	12.800000	14.000000	15.000000	15.000000	15.320000	19.800000	13.120000	15.000000	7.760000	5.000000	5.000000	5.000000	6.000000	7.000000	133.160000	130.530000	125.135000	119.585000	120.183000	109.475000	119.049000	125.067000	130.670000	153.337000	198.704000	188.079000	178.989000	163.096000	141.483000	151.765000	164.481000	153.058000	150.910000	129.248000	101.645000	105.591000	103.812000	93.107000	130.000000	100.236000	69.361300	54.261100	53.060700	51.644500	90.501500	99.563800	102.118000	103.875000	100.434000	85.915000	106.399000	105.144000	110.185000	119.418000	130.871000	148.969000	152.711000	147.133000	134.937000	120.618000	102.611000	80.912600	0.113000	0.000000	0.131987	0.000000	0.197190	0.000000	0.238163	0.000000	0.237538	0.000000	0.168304	0.000000	0.150566	0.000000	0.122529	0.026300	0.131758	0.098700	0.142621	0.360100	105.570000	107.855000	116.412000	119.799000	123.528000	147.780000	131.989000	162.546000	144.797000	134.847000	124.517000	122.441000	0.201780	0.343400	0.306538	0.488400	0.378692	0.503700	0.487358	0.346700	0.516117	0.226000	0.452114	0.113400	0.383486	0.003800	0.321141	0.000000	0.337373	0.000000	0.286468	0.000000	0.247221	0.000000	0.284648	0.000000	0.207554	0.000000	0.223253	0.000000	0.676857	0.000000	0.277367	0.000000	0.051902	0.294381	0.153170	3.435310	0.421203	7.620270	37.928000	264.528000	105.907000	366.738000	67.916800	54.709400	0.000000	0.000000	245.648000	1.495340	3.176530	2.086290	5.119900	6.226540	
   91	140.000000	135.210000	131.770000	128.000000	125.840000	131.770000	142.600000	151.700000	157.000000	145.470000	122.000000	105.570000	105.440000	105.570000	105.570000	112.780000	142.600000	149.070000	165.080000	161.200000	165.010000	157.940000	147.200000	140.500000	8.160000	10.000000	9.000000	7.800000	7.800000	7.760000	8.000000	14.000000	15.000000	13.560000	12.800000	14.000000	15.000000	15.000000	15.320000	19.800000	13.120000	15.000000	7.760000	5.000000	5.000000	5.000000	6.000000	7.000000	133.160000	133.825000	123.093000	122.674000	125.228000	114.888000	120.967000	129.022000	144.867000	161.240000	198.953000	187.337000	184.937000	165.892000	153.481000	153.704000	162.522000	157.141000	144.646000	131.046000	103.510000	115.601000	97.168300	87.643500	130.000000	92.621100	72.534500	64.472300	53.588400	63.085100	92.727000	99.903300	110.668000	109.806000	122.223000	108.078000	125.892000	128.827000	121.050000	120.682000	140.773000	155.338000	153.729000	148.857000	128.741000	123.718000	88.869000	88.230000	0.113000	0.000000	0.124467	0.000000	0.156667	0.000000	0.195084	0.000000	0.167082	0.000000	0.142399	0.000000	0.116999	0.000000	0.079334	0.037300	0.066513	0.179400	0.064748	0.334700	105.570000	114.749000	130.565000	113.326000	135.838000	161.194000	144.139000	162.381000	142.117000	138.183000	119.278000	120.915000	0.197601	0.442200	0.321182	0.406400	0.428889	0.348700	0.427395	0.312800	0.416143	0.296200	0.406713	0.083100	0.347128	0.003400	0.294786	0.000000	0.269901	0.000000	0.238601	0.000000	0.209971	0.000000	0.199295	0.000000	0.203441	0.000000	0.195361	0.000000	0.676857	0.000000	0.000000	0.000000	0.000000	0.000000	0.000000	3.692990	0.265697	5.395020	33.293500	261.322000	109.227000	423.446000	89.054100	58.283600	0.000000	0.000000	264.712000	0.983792	2.787460	1.896070	4.908530	6.482530	
   92	140.000000	135.210000	131.770000	128.000000	125.840000	131.770000	142.600000	151.700000	157.000000	145.470000	122.000000	105.570000	105.440000	105.570000	105.570000	112.780000	142.600000	149.070000	165.080000	161.200000	165.010000	157.940000	147.200000	140.500000	8.160000	10.000000	9.000000	7.800000	7.800000	7.760000	8.000000	14.000000	15.000000	13.560000	12.800000	14.000000	15.000000	15.000000	15.320000	19.800000	13.120000	15.000000	7.760000	5.000000	5.000000	5.000000	6.000000	7.000000	133.160000	136.490000	129.692000	127.120000	124.223000	119.821000	118.893000	125.070000	137.684000	156.518000	209.070000	186.589000	182.501000	165.354000	150.125000	155.547000	173.493000	157.026000	152.291000	137.321000	117.087000	115.861000	107.454000	93.967700	130.000000	97.283500	76.654100	65.727800	61.949300	78.148800	102.143000	110.229000	107.708000	116.836000	120.657000	110.591000	121.653000	128.071000	128.537000	129.877000	147.413000	164.234000	163.377000	155.395000	136.658000	127.764000	98.218600	83.222300	0.113000	0.000000	0.226781	0.000000	0.261447	0.000000	0.283010	0.000000	0.271920	0.000000	0.033168	0.000000	0.000000	0.000000	0.000000	0.035600	0.000000	0.164900	0.009672	0.458200	105.570000	126.954000	127.289000	131.028000	134.948000	141.492000	140.092000	148.193000	138.131000	150.048000	143.550000	140.420000	0.067703	0.428400	0.179077	0.423800	0.292398	0.390700	0.371328	0.268300	0.398584	0.151700	0.381087	0.072200	0.353617	0.001900	0.314064	0.000000	0.236590	0.000000	0.176914	0.000000	0.129446	0.000000	0.096029	0.000000	0.098019	0.000000	0.096341	0.000000	0.676857	0.000000	0.110178	0.000000	0.000000	0.000000	0.000000	3.571380	0.524940	4.834780	21.074000	275.147000	134.797000	278.946000	83.788200	61.279300	0.000000	3.070520	261.939000	1.878270	3.452460	2.156790	5.054380	6.344210	
   93	140.000000	135.210000	131.770000	128.000000	125.840000	131.770000	142.600000	151.700000	157.000000	145.470000	122.000000	105.570000	105.440000	105.570000	105.570000	112.780000	142.600000	149.070000	165.080000	161.200000	165.010000	157.940000	147.200000	140.500000	8.160000	10.000000	9.000000	7.800000	7.800000	7.760000	8.000000	14.000000	15.000000	13.560000	12.800000	14.000000	15.000000	15.000000	15.320000	19.800000	13.120000	15.000000	7.760000	5.000000	5.000000	5.000000	6.000000	7.000000	133.160000	130.530000	125.135000	119.585000	120.183000	109.475000	119.049000	125.067000	130.670000	153.337000	198.704000	188.079000	178.989000	163.096000	141.483000	151.765000	164.481000	153.058000	150.910000	129.248000	101.645000	105.591000	103.812000	93.107000	130.000000	100.236000	69.361300	54.261100	53.060700	51.644500	90.501500	99.563800	102.118000	103.875000	100.434000	85.915000	106.399000	105.144000	110.185000	119.418000	130.871000	148.969000	152.711000	147.133000	134.937000	120.618000	102.611000	80.912600	0.113000	0.000000	0.131987	0.000000	0.197190	0.000000	0.238163	0.000000	0.237538	0.000000	0.168304	0.000000	0.150566	0.000000	0.122529	0.026300	0.131758	0.098700	0.142621	0.360100	105.570000	107.855000	116.412000	119.799000	123.528000	147.780000	131.989000	162.546000	144.797000	134.847000	124.517000	122.441000	0.201780	0.343400	0.306538	0.488400	0.378692	0.503700	0.487358	0.346700	0.516117	0.226000	0.452114	0.113400	0.383486	0.003800	0.321141	0.000000	0.337373	0.000000	0.286468	0.000000	0.247221	0.000000	0.284648	0.000000	0.207554	0.000000	0.223253	0.000000	0.676857	0.000000	0.277367	0.000000	0.051902	0.294381	0.153170	3.435310	0.421203	7.620270	37.928000	264.528000	105.907000	366.738000	67.916800	54.709400	0.000000	0.000000	245.648000	1.495340	3.176530	2.086290	5.119900	6.226540	
   94	140.000000	135.210000	131.770000	128.000000	125.840000	131.770000	142.600000	151.700000	157.000000	145.470000	122.000000	105.570000	105.440000	105.570000	105.570000	112.780000	142.600000	149.070000	165.080000	161.200000	165.010000	157.940000	147.200000	140.500000	8.160000	10.000000	9.000000	7.800000	7.800000	7.760000	8.000000	14.000000	15.000000	13.560000	12.800000	14.000000	15.000000	15.000000	15.320000	19.800000	13.120000	15.000000	7.760000	5.000000	5.000000	5.000000	6.000000	7.000000	133.160000	136.490000	129.692000	127.120000	124.223000	119.821000	118.893000	125.070000	137.684000	156.518000	209.070000	186.589000	182.501000	165.354000	150.125000	155.547000	173.493000	157.026000	152.291000	137.321000	117.087000	115.861000	107.454000	93.967700	130.000000	86.144400	72.468500	52.338200	44.613700	44.656500	75.921500	91.606400	104.910000	95.132000	101.971000	87.477700	105.518000	114.424000	126.590000	127.500000	139.596000	149.001000	150.053000	143.162000	121.811000	122.497000	97.284900	75.408200	0.113000	0.000000	0.049588	0.000000	0.030499	0.000000	0.047724	0.000000	0.032388	0.000000	0.000000	0.000000	0.000000	0.000000	0.000000	0.027000	0.000000	0.176700	0.000000	0.351100	105.570000	135.615000	133.996000	140.844000	149.095000	162.040000	186.825000	128.607000	140.300000	122.771000	114.913000	107.073000	0.000000	0.750100	0.000000	0.421800	0.068589	0.499800	0.130866	0.527000	0.212560	0.217600	0.180838	0.064900	0.138373	0.002200	0.114877	0.000000	0.092771	0.000000	0.058014	0.000000	0.029960	0.000000	0.004054	0.000000	0.000000	0.000000	0.000000	0.000000	0.676857	0.000000	0.048042	0.000000	0.000000	0.792452	0.000000	3.554800	0.533923	7.123410	32.607500	277.412000	129.048000	303.416000	85.931100	53.879100	4.229340	0.492030	277.413000	0.948866	3.191160	1.968210	4.892510	6.318650	
   95	140.000000	135.210000	131.770000	128.000000	125.840000	131.770000	142.600000	151.700000	157.000000	145.470000	122.000000	105.570000	105.440000	105.570000	105.570000	112.780000	142.600000	149.070000	165.080000	161.200000	165.010000	157.940000	147.200000	140.500000	8.160000	10.000000	9.000000	7.800000	7.800000	7.760000	8.000000	14.000000	15.000000	13.560000	12.800000	14.000000	15.000000	15.000000	15.320000	19.800000	13.120000	15.000000	7.760000	5.000000	5.000000	5.000000	6.000000	7.000000	133.160000	136.490000	129.692000	127.120000	124.223000	119.821000	118.893000	125.070000	137.684000	156.518000	209.070000	186.589000	182.501000	165.354000	150.125000	155.547000	173.493000	157.026000	152.291000	137.321000	117.087000	115.861000	107.454000	93.967700	130.000000	118.508000	100.128000	81.935700	67.665000	62.944300	100.976000	105.699000	103.233000	99.452200	102.979000	98.887200	104.240000	104.880000	107.692000	113.618000	127.917000	150.222000	155.252000	140.113000	134.063000	113.531000	101.860000	82.872200	0.113000	0.000000	0.090313	0.000000	0.134700	0.000000	0.000000	0.000000	0.000000	0.000000	0.000000	0.000000	0.000000	0.000000	0.000000	0.025500	0.000000	0.198400	0.053598	0.460500	105.570000	121.107000	116.735000	124.583000	133.949000	151.756000	148.336000	147.166000	173.043000	99.547700	90.348700	69.860400	0.127608	0.756100	0.240472	0.670300	0.355677	0.296500	0.426933	0.515800	0.432029	0.265300	0.375397	0.085400	0.270517	0.003500	0.157615	0.000000	0.091312	0.000000	0.078740	0.000000	0.091635	0.000000	0.109876	0.000000	0.131794	0.000000	0.115549	0.000000	0.676857	0.000000	0.000000	1.078410	1.358020	0.000000	0.000000	3.599720	0.383806	6.540210	33.192800	272.969000	112.954000	301.042000	82.151800	32.777500	11.170400	0.861361	250.940000	1.192080	3.048200	1.737140	4.617170	5.860350	
   96	140.000000	135.210000	131.770000	128.000000	125.840000	131.770000	142.600000	151.700000	157.000000	145.470000	122.000000	105.570000	105.440000	105.570000	105.570000	112.780000	142.600000	149.070000	165.080000	161.200000	165.010000	157.940000	147.200000	140.500000	8.160000	10.000000	9.000000	7.800000	7.800000	7.760000	8.000000	14.000000	15.000000	13.560000	12.800000	14.000000	15.000000	15.000000	15.320000	19.800000	13.120000	15.000000	7.760000	5.000000	5.000000	5.000000	6.000000	7.000000	133.160000	136.490000	129.692000	127.120000	124.223000	119.821000	118.893000	125.070000	137.684000	156.518000	209.070000	186.589000	182.501000	165.354000	150.125000	155.547000	173.493000	157.026000	152.291000	137.321000	117.087000	115.861000	107.454000	93.967700	130.000000	87.410300	70.856600	58.576100	51.702400	47.508600	86.371700	99.416200	117.993000	120.997000	121.802000	107.758000	117.482000	112.578000	114.978000	119.424000	131.516000	163.055000	166.829000	162.091000	141.365000	116.086000	118.278000	107.171000	0.113000	0.000000	0.186066	0.000000	0.125939	0.000000	0.157762	0.000000	0.166334	0.000000	0.140381	0.000000	0.096556	0.000000	0.082078	0.016400	0.036018	0.119100	0.211971	0.160600	105.570000	115.303000	93.903600	116.280000	116.365000	133.474000	146.542000	147.494000	127.068000	118.437000	153.053000	138.551000	0.292068	0.288900	0.389527	0.316200	0.497181	0.275400	0.564748	0.422800	0.582713	0.204800	0.524819	0.111700	0.457967	0.004400	0.397698	0.000000	0.322159	0.000000	0.285439	0.000000	0.300892	0.000000	0.298063	0.000000	0.340444	0.000000	0.400102	0.000000	0.676857	0.000000	0.000000	0.000000	0.000000	0.317906	0.000000	3.258790	0.061114	7.757060	14.275900	266.690000	104.376000	348.264000	107.385000	65.394000	0.000000	4.850500	264.421000	1.949710	3.744820	1.977960	4.962200	6.064980	
   97	140.000000	135.210000	131.770000	128.000000	125.840000	131.770000	142.600000	151.700000	157.000000	145.470000	122.000000	105.570000	105.440000	105.570000	105.570000	112.780000	142.600000	149.070000	165.080000	161.200000	165.010000	157.940000	147.200000	140.500000	8.160000	10.000000	9.000000	7.800000	7.800000	7.760000	8.000000	14.000000	15.000000	13.560000	12.800000	14.000000	15.000000	15.000000	15.320000	19.800000	13.120000	15.000000	7.760000	5.000000	5.000000	5.000000	6.000000	7.000000	133.160000	133.825000	123.093000	122.674000	125.228000	114.888000	120.967000	129.022000	144.867000	161.240000	198.953000	187.337000	184.937000	165.892000	153.481000	153.704000	162.522000	157.141000	144.646000	131.046000	103.510000	115.601000	97.168300	87.643500	130.000000	92.621100	72.534500	64.472300	53.588400	63.085100	92.727000	99.903300	110.668000	109.806000	122.223000	108.078000	125.892000	128.827000	121.050000	120.682000	140.773000	155.338000	153.729000	148.857000	128.741000	123.718000	88.869000	88.230000	0.113000	0.000000	0.124467	0.000000	0.156667	0.000000	0.195084	0.000000	0.167082	0.000000	0.142399	0.000000	0.116999	0.000000	0.079334	0.037300	0.066513	0.179400	0.064748	0.334700	105.570000	114.749000	130.565000	113.326000	135.838000	161.194000	144.139000	162.381000	142.117000	138.183000	119.278000	120.915000	0.197601	0.442200	0.321182	0.406400	0.428889	0.348700	0.427395	0.312800	0.416143	0.296200	0.406713	0.083100	0.347128	0.003400	0.294786	0.000000	0.269901	0.000000	0.238601	0.000000	0.209971	0.000000	0.199295	0.000000	0.203441	0.000000	0.195361	0.000000	0.676857	0.000000	0.000000	0.000000	0.000000	0.000000	0.000000	3.692990	0.265697	5.395020	33.293500	261.322000	109.227000	423.446000	89.054100	58.283600	0.000000	0.000000	264.712000	0.983792	2.787460	1.896070	4.908530	6.482530	
   98	140.000000	135.210000	131.770000	128.000000	125.840000	131.770000	142.600000	151.700000	157.000000	145.470000	122.000000	105.570000	105.440000	105.570000	105.570000	112.780000	142.600000	149.070000	165.080000	161.200000	165.010000	157.940000	147.200000	140.500000	8.160000	10.000000	9.000000	7.800000	7.800000	7.760000	8.000000	14.000000	15.000000	13.560000	12.800000	14.000000	15.000000	15.000000	15.320000	19.800000	13.120000	15.000000	7.760000	5.000000	5.000000	5.000000	6.000000	7.000000	133.160000	134.328000	120.572000	123.126000	121.142000	115.504000	115.824000	128.848000	136.164000	154.906000	207.047000	193.199000	185.186000	162.512000	151.006000	153.487000	162.365000	152.129000	142.439000	135.036000	103.752000	94.537000	104.198000	91.632100	130.000000	96.625400	78.950600	63.594000	59.224600	52.311000	95.697700	103.490000	108.056000	97.016400	106.520000	101.370000	111.606000	112.199000	117.377000	130.877000	139.206000	145.247000	149.466000	151.658000	118.099000	100.449000	85.416700	72.600500	0.113000	0.000000	0.161016	0.000000	0.164127	0.000000	0.203456	0.000000	0.195647	0.000000	0.137197	0.000000	0.089974	0.000000	0.069500	0.031200	0.086516	0.247100	0.095956	0.276900	105.570000	90.314800	87.035700	95.030600	108.599000	127.990000	124.229000	151.436000	156.192000	144.270000	111.398000	98.517000	0.146673	0.299000	0.000000	0.291200	0.000000	0.670100	0.000000	0.549900	0.000000	0.975100	0.000000	0.283900	0.000000	0.009300	0.000000	0.000000	0.000000	0.000000	0.000000	0.000000	0.018905	0.000000	0.033349	0.000000	0.055838	0.000000	0.052265	0.000000	0.676857	0.000000	0.112924	0.009814	0.000000	0.039064	0.000000	3.419880	0.037663	7.185650	23.240800	246.551000	96.876000	628.628000	71.811300	48.439700	25.556700	0.000000	252.161000	1.580450	3.333980	2.074690	5.042880	6.139720	
   99	140.000000	135.210000	131.770000	128.000000	125.840000	131.770000	142.600000	151.700000	157.000000	145.470000	122.000000	105.570000	105.440000	105.570000	105.570000	112.780000	142.600000	149.070000	165.080000	161.200000	165.010000	157.940000	147.200000	140.500000	8.160000	10.000000	9.000000	7.800000	7.800000	7.760000	8.000000	14.000000	15.000000	13.560000	12.800000	14.000000	15.000000	15.000000	15.320000	19.800000	13.120000	15.000000	7.760000	5.000000	5.000000	5.000000	6.000000	7.000000	133.160000	133.825000	123.093000	122.674000	125.228000	114.888000	120.967000	129.022000	144.867000	161.240000	198.953000	187.337000	184.937000	165.892000	153.481000	153.704000	162.522000	157.141000	144.646000	131.046000	103.510000	115.601000	97.168300	87.643500	130.000000	92.621100	72.534500	64.472300	53.588400	63.085100	92.727000	99.903300	110.668000	109.806000	122.223000	108.078000	125.892000	128.827000	121.050000	120.682000	140.773000	155.338000	153.729000	148.857000	128.741000	123.718000	88.869000	88.230000	0.113000	0.000000	0.124467	0.000000	0.156667	0.000000	0.195084	0.000000	0.167082	0.000000	0.142399	0.000000	0.116999	0.000000	0.079334	0.037300	0.066513	0.179400	0.064748	0.334700	105.570000	114.749000	130.565000	113.326000	135.838000	161.194000	144.139000	162.381000	142.117000	138.183000	119.278000	120.915000	0.197601	0.442200	0.321182	0.406400	0.428889	0.348700	0.427395	0.312800	0.416143	0.296200	0.406713	0.083100	0.347128	0.003400	0.294786	0.000000	0.269901	0.000000	0.238601	0.000000	0.209971	0.000000	0.199295	0.000000	0.203441	0.000000	0.195361	0.000000	0.676857	0.000000	0.000000	0.000000	0.000000	0.000000	0.000000	3.692990	0.265697	5.395020	33.293500	261.322000	109.227000	423.446000	89.054100	58.283600	0.000000	0.000000	264.712000	0.983792	2.787460	1.896070	4.908530	6.482530	
  100	140.000000	135.210000	131.770000	128.000000	125.840000	131.770000	142.600000	151.700000	157.000000	145.470000	122.000000	105.570000	105.440000	105.570000	105.570000	112.780000	142.600000	149.070000	165.080000	161.200000	165.010000	157.940000	147.200000	140.500000	8.160000	10.000000	9.000000	7.800000	7.800000	7.760000	8.000000	14.000000	15.000000	13.560000	12.800000	14.000000	15.000000	15.000000	15.320000	19.800000	13.120000	15.000000	7.760000	5.000000	5.000000	5.000000	6.000000	7.000000	133.160000	130.345000	122.378000	119.374000	120.651000	119.183000	124.224000	128.609000	144.867000	161.240000	198.987000	177.446000	172.357000	156.299000	142.467000	145.247000	160.461000	149.515000	144.062000	135.142000	104.115000	106.126000	96.931000	88.790600	130.000000	87.443100	68.421700	58.006900	56.134900	54.517700	87.459200	104.508000	115.561000	106.211000	86.420100	94.252700	102.079000	105.916000	97.451900	90.122700	104.853000	126.056000	141.856000	129.104000	107.804000	108.144000	78.351100	52.186700	0.113000	0.000000	0.097156	0.000000	0.123958	0.000000	0.138591	0.000000	0.136751	0.000000	0.123150	0.000000	0.091024	0.000000	0.085025	0.020600	0.029656	0.126100	0.042426	0.255600	105.570000	124.755000	126.847000	128.802000	133.556000	149.849000	127.221000	148.249000	142.161000	122.974000	123.356000	115.974000	0.153637	0.340500	0.231210	0.387700	0.410168	0.398100	0.487358	0.497800	0.509321	0.400400	0.454769	0.118100	0.397450	0.003100	0.401196	0.000000	0.337373	0.000000	0.266710	0.000000	0.247221	0.000000	0.220308	0.000000	0.205416	0.000000	0.221689	0.000000	0.676857	0.000000	0.133368	0.088461	0.000000	0.424983	0.000000	3.429640	0.000000	6.805330	31.976100	261.795000	128.247000	336.115000	78.639800	52.571300	0.605067	0.000000	264.712000	0.983792	2.787460	1.896070	4.806370	6.232800	
;
param Prob0 :=
    1	0.110
    2	0.010
    3	0.010
    4	0.000
    5	0.010
    6	0.010
    7	0.010
    8	0.010
    9	0.010
   10	0.010
   11	0.000
   12	0.010
   13	0.000
   14	0.000
   15	0.010
   16	0.000
   17	0.010
   18	0.000
   19	0.010
   20	0.010
   21	0.010
   22	0.010
   23	0.010
   24	0.010
   25	0.000
   26	0.000
   27	0.000
   28	0.010
   29	0.010
   30	0.000
   31	0.000
   32	0.000
   33	0.010
   34	0.010
   35	0.010
   36	0.000
   37	0.000
   38	0.000
   39	0.000
   40	0.010
   41	0.010
   42	0.010
   43	0.010
   44	0.010
   45	0.010
   46	0.010
   47	0.010
   48	0.010
   49	0.010
   50	0.000
   51	0.010
   52	0.000
   53	0.000
   54	0.010
   55	0.010
   56	0.000
   57	0.010
   58	0.040
   59	0.010
   60	0.010
   61	0.000
   62	0.010
   63	0.010
   64	0.010
   65	0.030
   66	0.000
   67	0.010
   68	0.010
   69	0.000
   70	0.010
   71	0.000
   72	0.010
   73	0.010
   74	0.000
   75	0.010
   76	0.000
   77	0.010
   78	0.010
   79	0.000
   80	0.010
   81	0.010
   82	0.000
   83	0.010
   84	0.000
   85	0.010
   86	0.140
   87	0.100
   88	0.000
   89	0.000
   90	0.000
   91	0.000
   92	0.010
   93	0.000
   94	0.010
   95	0.010
   96	0.010
   97	0.000
   98	0.010
   99	0.000
  100	0.000
;
set c[0,50] :=
50    8     16    24    32    40    48    57    65    73    81    89    97
1     9     17    25    33    41    49    58    66    74    82    90    98
2     10    18    26    34    42    51    59    67    75    83    91    99
3     11    19    27    35    43    52    60    68    76    84    92    100
4     12    20    28    36    44    53    61    69    77    85    93
5     13    21    29    37    45    54    62    70    78    86    94
6     14    22    30    38    46    55    63    71    79    87    95
7     15    23    31    39    47    56    64    72    80    88    96;
set c[1,50] :=
50    8     16    24    32    40    48    57    65    73    81    89    97
1     9     17    25    33    41    49    58    66    74    82    90    98
2     10    18    26    34    42    51    59    67    75    83    91    99
3     11    19    27    35    43    52    60    68    76    84    92    100
4     12    20    28    36    44    53    61    69    77    85    93
5     13    21    29    37    45    54    62    70    78    86    94
6     14    22    30    38    46    55    63    71    79    87    95
7     15    23    31    39    47    56    64    72    80    88    96;
set c[2,50] :=
50    8     16    24    32    40    48    57    65    73    81    89    97
1     9     17    25    33    41    49    58    66    74    82    90    98
2     10    18    26    34    42    51    59    67    75    83    91    99
3     11    19    27    35    43    52    60    68    76    84    92    100
4     12    20    28    36    44    53    61    69    77    85    93
5     13    21    29    37    45    54    62    70    78    86    94
6     14    22    30    38    46    55    63    71    79    87    95
7     15    23    31    39    47    56    64    72    80    88    96;
set c[3,89] := 89 1 4 39 53 56 69 82 91 97 99;
set c[3,58] := 58 30 36 79;
set c[3,88] := 88 31 65;
set c[3,52] := 52 50 13 14 16 25 32 38 61 66 71 76 86 100;
set c[3,74] := 74 11 18 26 27 37 84 87 90 93;
set c[3,6] := 6 3 8 9 21 34 40 42 44 54 59 60 70 78 85;
set c[3,7] := 7 5 19 35 75;
set c[3,98] := 98 15 24 28 72;
set c[3,57] :=
57   12   22   33   45   48   55   64   73   81   94
2    17   23   41   46   49   62   67   77   83   95
10   20   29   43   47   51   63   68   80   92   96;
set c[4,82] := 82 89 1 4 39 53 56 69 91 97 99;
set c[4,58] := 58 30 36 79;
set c[4,65] := 65 88 31;
set c[4,32] := 32 52 50 13 14 16 25 38 61 66 71 76 86 100;
set c[4,18] := 18 74 11 26 27 37 84 87 90 93;
set c[4,3] := 3 6 8 9 21 34 40 42 44 54 59 60 70 78 85;
set c[4,7] := 7 5 19 35 75;
set c[4,98] := 98 15 24 28 72;
set c[4,2] := 2;
set c[4,17] := 17;
set c[4,45] := 45;
set c[4,80] := 80;
set c[4,33] := 33;
set c[4,92] := 92 64;
set c[4,48] := 48;
set c[4,63] := 63;
set c[4,22] := 22 95;
set c[4,68] := 68 47;
set c[4,94] := 94;
set c[4,83] := 83 49;
set c[4,46] := 46 20 55;
set c[4,29] := 29 96;
set c[4,10] := 10;
set c[4,57] := 57 12;
set c[4,23] := 23;
set c[4,73] := 73 62 77;
set c[4,41] := 41;
set c[4,51] := 51;
set c[4,43] := 43 81;
set c[4,67] := 67;
set c[5,82] := 82 89 1 4 39 53 56 69 91 97 99;
set c[5,58] := 58 30 36 79;
set c[5,65] := 65 88 31;
set c[5,32] := 32 52 50 13 14 16 25 38 61 66 71 76 86 100;
set c[5,18] := 18 74 11 26 27 37 84 87 90 93;
set c[5,3] := 3 6 8 9 21 34 40 42 44 54 59 60 70 78 85;
set c[5,7] := 7 5 19 35 75;
set c[5,98] := 98 15 24 28 72;
set c[5,2] := 2;
set c[5,17] := 17;
set c[5,45] := 45;
set c[5,80] := 80;
set c[5,33] := 33;
set c[5,92] := 92 64;
set c[5,48] := 48;
set c[5,63] := 63;
set c[5,22] := 22 95;
set c[5,68] := 68 47;
set c[5,94] := 94;
set c[5,83] := 83 49;
set c[5,46] := 46 20 55;
set c[5,29] := 29 96;
set c[5,10] := 10;
set c[5,57] := 57 12;
set c[5,23] := 23;
set c[5,73] := 73 62 77;
set c[5,41] := 41;
set c[5,51] := 51;
set c[5,43] := 43 81;
set c[5,67] := 67;
set c[6,53] := 53 82 89 1 4 39 56 69 91 97 99;
set c[6,30] := 30 58 36 79;
set c[6,31] := 31 65 88;
set c[6,13] := 13 32 52 50 14 16 25 38 61 66 71 76 86 100;
set c[6,26] := 26 18 74 11 27 37 84 87 90 93;
set c[6,3] := 3 6 8 9 21 34 40 42 44 54 59 60 70 78 85;
set c[6,75] := 75 7 5 19 35;
set c[6,72] := 72 98 15 24 28;
set c[6,2] := 2;
set c[6,17] := 17;
set c[6,45] := 45;
set c[6,80] := 80;
set c[6,33] := 33;
set c[6,92] := 92 64;
set c[6,48] := 48;
set c[6,63] := 63;
set c[6,22] := 22 95;
set c[6,68] := 68 47;
set c[6,94] := 94;
set c[6,83] := 83 49;
set c[6,20] := 20 46 55;
set c[6,29] := 29 96;
set c[6,10] := 10;
set c[6,57] := 57 12;
set c[6,23] := 23;
set c[6,73] := 73;
set c[6,62] := 62;
set c[6,77] := 77;
set c[6,41] := 41;
set c[6,51] := 51;
set c[6,43] := 43 81;
set c[6,67] := 67;
set c[7,39] := 39 53 82 89 1 4 56 69 91 97 99;
set c[7,79] := 79 30 58 36;
set c[7,31] := 31 65 88;
set c[7,86] := 86 13 32 52 50 14 16 25 38 61 66 71 76 100;
set c[7,26] := 26 18 74 11 27 37 84 87 90 93;
set c[7,3] := 3 6 8 9 21 34 40 42 44 54 59 60 70 78 85;
set c[7,5] := 5 75 7 19 35;
set c[7,98] := 98 72 15 24 28;
set c[7,2] := 2;
set c[7,17] := 17;
set c[7,45] := 45;
set c[7,80] := 80;
set c[7,33] := 33;
set c[7,92] := 92 64;
set c[7,48] := 48;
set c[7,63] := 63;
set c[7,22] := 22 95;
set c[7,68] := 68;
set c[7,47] := 47;
set c[7,94] := 94;
set c[7,83] := 83;
set c[7,49] := 49;
set c[7,20] := 20 55;
set c[7,46] := 46;
set c[7,29] := 29;
set c[7,96] := 96;
set c[7,10] := 10;
set c[7,57] := 57;
set c[7,12] := 12;
set c[7,23] := 23;
set c[7,73] := 73;
set c[7,62] := 62;
set c[7,77] := 77;
set c[7,41] := 41;
set c[7,51] := 51;
set c[7,43] := 43 81;
set c[7,67] := 67;
set c[8,56] := 56 39 53 82 89 1 4 69 91 97 99;
set c[8,58] := 58 79 30 36;
set c[8,31] := 31 65 88;
set c[8,32] := 32 86 13 52 50 14 16 25 38 61 66 71 76 100;
set c[8,26] := 26 18 74 11 27 37 84 87 90 93;
set c[8,3] := 3 6 8 9 21 34 40 42 44 54 59 60 70 78 85;
set c[8,35] := 35 5 75 7 19;
set c[8,72] := 72 98 15 24 28;
set c[8,2] := 2;
set c[8,17] := 17;
set c[8,45] := 45;
set c[8,80] := 80;
set c[8,33] := 33;
set c[8,92] := 92 64;
set c[8,48] := 48;
set c[8,63] := 63;
set c[8,22] := 22;
set c[8,95] := 95;
set c[8,68] := 68;
set c[8,47] := 47;
set c[8,94] := 94;
set c[8,83] := 83;
set c[8,49] := 49;
set c[8,20] := 20 55;
set c[8,46] := 46;
set c[8,29] := 29;
set c[8,96] := 96;
set c[8,10] := 10;
set c[8,57] := 57;
set c[8,12] := 12;
set c[8,23] := 23;
set c[8,73] := 73;
set c[8,62] := 62;
set c[8,77] := 77;
set c[8,41] := 41;
set c[8,51] := 51;
set c[8,43] := 43 81;
set c[8,67] := 67;
set c[9,91] := 91 56 39 53 82 89 1 4 69 97 99;
set c[9,58] := 58 79 30 36;
set c[9,31] := 31 65 88;
set c[9,50] := 50 32 86 13 52 14 16 25 38 61 66 71 76 100;
set c[9,26] := 26 18 74 11 27 37 84 87 90 93;
set c[9,70] := 70 3 6 8 9 21 34 40 42 44 54 59 60 78 85;
set c[9,35] := 35 5 75 7 19;
set c[9,72] := 72 98 15 24 28;
set c[9,2] := 2;
set c[9,17] := 17;
set c[9,45] := 45;
set c[9,80] := 80;
set c[9,33] := 33;
set c[9,92] := 92 64;
set c[9,48] := 48;
set c[9,63] := 63;
set c[9,22] := 22;
set c[9,95] := 95;
set c[9,68] := 68;
set c[9,47] := 47;
set c[9,94] := 94;
set c[9,83] := 83;
set c[9,49] := 49;
set c[9,20] := 20 55;
set c[9,46] := 46;
set c[9,29] := 29;
set c[9,96] := 96;
set c[9,10] := 10;
set c[9,57] := 57;
set c[9,12] := 12;
set c[9,23] := 23;
set c[9,73] := 73;
set c[9,62] := 62;
set c[9,77] := 77;
set c[9,41] := 41;
set c[9,51] := 51;
set c[9,43] := 43 81;
set c[9,67] := 67;
set c[10,89] := 89 91 56 39 53 82 1 4 69 97 99;
set c[10,58] := 58 79 30 36;
set c[10,31] := 31 65 88;
set c[10,50] := 50 32 86 13 52 14 16 25 38 61 66 71 76 100;
set c[10,11] := 11 26 18 74 27 37 84 87 90 93;
set c[10,21] := 21 70 3 6 8 9 34 40 42 44 54 59 60 78 85;
set c[10,35] := 35 5 75 7 19;
set c[10,28] := 28;
set c[10,72] := 72;
set c[10,98] := 98;
set c[10,15] := 15;
set c[10,24] := 24;
set c[10,2] := 2;
set c[10,17] := 17;
set c[10,45] := 45;
set c[10,80] := 80;
set c[10,33] := 33;
set c[10,92] := 92 64;
set c[10,48] := 48;
set c[10,63] := 63;
set c[10,22] := 22;
set c[10,95] := 95;
set c[10,68] := 68;
set c[10,47] := 47;
set c[10,94] := 94;
set c[10,83] := 83;
set c[10,49] := 49;
set c[10,20] := 20 55;
set c[10,46] := 46;
set c[10,29] := 29;
set c[10,96] := 96;
set c[10,10] := 10;
set c[10,57] := 57;
set c[10,12] := 12;
set c[10,23] := 23;
set c[10,73] := 73;
set c[10,62] := 62;
set c[10,77] := 77;
set c[10,41] := 41;
set c[10,51] := 51;
set c[10,43] := 43 81;
set c[10,67] := 67;
set c[11,91] := 91 89 56 39 53 82 1 4 69 97 99;
set c[11,58] := 58 79 30 36;
set c[11,31] := 31 65 88;
set c[11,71] := 71 50 32 86 13 52 14 16 25 38 61 66 76 100;
set c[11,37] := 37 11 26 18 74 27 84 87 90 93;
set c[11,21] := 21 70 3 6 8 9 34 40 42 44 54 59 60 78 85;
set c[11,75] := 75 35 5 7 19;
set c[11,28] := 28;
set c[11,72] := 72;
set c[11,98] := 98;
set c[11,15] := 15;
set c[11,24] := 24;
set c[11,2] := 2;
set c[11,17] := 17;
set c[11,45] := 45;
set c[11,80] := 80;
set c[11,33] := 33;
set c[11,92] := 92 64;
set c[11,48] := 48;
set c[11,63] := 63;
set c[11,22] := 22;
set c[11,95] := 95;
set c[11,68] := 68;
set c[11,47] := 47;
set c[11,94] := 94;
set c[11,83] := 83;
set c[11,49] := 49;
set c[11,20] := 20 55;
set c[11,46] := 46;
set c[11,29] := 29;
set c[11,96] := 96;
set c[11,10] := 10;
set c[11,57] := 57;
set c[11,12] := 12;
set c[11,23] := 23;
set c[11,73] := 73;
set c[11,62] := 62;
set c[11,77] := 77;
set c[11,41] := 41;
set c[11,51] := 51;
set c[11,43] := 43 81;
set c[11,67] := 67;
set c[12,56] := 56 91 89 39 53 82 1 4 69 97 99;
set c[12,30] := 30 58 79 36;
set c[12,31] := 31 65 88;
set c[12,13] := 13 71 50 32 86 52 14 16 25 38 61 66 76 100;
set c[12,84] := 84 37 11 26 18 74 27 87 90 93;
set c[12,21] := 21 70 3 6 8 9 34 40 42 44 54 59 60 78 85;
set c[12,35] := 35 75 5 7 19;
set c[12,28] := 28;
set c[12,72] := 72;
set c[12,98] := 98;
set c[12,15] := 15;
set c[12,24] := 24;
set c[12,2] := 2;
set c[12,17] := 17;
set c[12,45] := 45;
set c[12,80] := 80;
set c[12,33] := 33;
set c[12,92] := 92 64;
set c[12,48] := 48;
set c[12,63] := 63;
set c[12,22] := 22;
set c[12,95] := 95;
set c[12,68] := 68;
set c[12,47] := 47;
set c[12,94] := 94;
set c[12,83] := 83;
set c[12,49] := 49;
set c[12,20] := 20 55;
set c[12,46] := 46;
set c[12,29] := 29;
set c[12,96] := 96;
set c[12,10] := 10;
set c[12,57] := 57;
set c[12,12] := 12;
set c[12,23] := 23;
set c[12,73] := 73;
set c[12,62] := 62;
set c[12,77] := 77;
set c[12,41] := 41;
set c[12,51] := 51;
set c[12,43] := 43 81;
set c[12,67] := 67;
set c[13,56] := 56 91 89 39 53 82 1 4 69 97 99;
set c[13,30] := 30 58 79 36;
set c[13,31] := 31 65 88;
set c[13,32] := 32 13 71 50 86 52 14 16 25 38 61 66 76 100;
set c[13,37] := 37 84 11 26 18 74 27 87 90 93;
set c[13,78] := 78 21 70 3 6 8 9 34 40 42 44 54 59 60 85;
set c[13,75] := 75 35 5 7 19;
set c[13,28] := 28;
set c[13,72] := 72;
set c[13,98] := 98;
set c[13,15] := 15;
set c[13,24] := 24;
set c[13,2] := 2;
set c[13,17] := 17;
set c[13,45] := 45;
set c[13,80] := 80;
set c[13,33] := 33;
set c[13,92] := 92 64;
set c[13,48] := 48;
set c[13,63] := 63;
set c[13,22] := 22;
set c[13,95] := 95;
set c[13,68] := 68;
set c[13,47] := 47;
set c[13,94] := 94;
set c[13,83] := 83;
set c[13,49] := 49;
set c[13,20] := 20 55;
set c[13,46] := 46;
set c[13,29] := 29;
set c[13,96] := 96;
set c[13,10] := 10;
set c[13,57] := 57;
set c[13,12] := 12;
set c[13,23] := 23;
set c[13,73] := 73;
set c[13,62] := 62;
set c[13,77] := 77;
set c[13,41] := 41;
set c[13,51] := 51;
set c[13,43] := 43 81;
set c[13,67] := 67;
set c[14,4] := 4 56 91 89 39 53 82 1 69 97 99;
set c[14,30] := 30 58 79 36;
set c[14,31] := 31 65 88;
set c[14,32] := 32 13 71 50 86 52 14 16 25 38 61 66 76 100;
set c[14,84] := 84 37 11 26 18 74 27 87 90 93;
set c[14,78] := 78 21 70 3 6 8 9 34 40 42 44 54 59 60 85;
set c[14,5] := 5 75 35 7 19;
set c[14,28] := 28;
set c[14,72] := 72;
set c[14,98] := 98;
set c[14,15] := 15;
set c[14,24] := 24;
set c[14,2] := 2;
set c[14,17] := 17;
set c[14,45] := 45;
set c[14,80] := 80;
set c[14,33] := 33;
set c[14,92] := 92 64;
set c[14,48] := 48;
set c[14,63] := 63;
set c[14,22] := 22;
set c[14,95] := 95;
set c[14,68] := 68;
set c[14,47] := 47;
set c[14,94] := 94;
set c[14,83] := 83;
set c[14,49] := 49;
set c[14,20] := 20 55;
set c[14,46] := 46;
set c[14,29] := 29;
set c[14,96] := 96;
set c[14,10] := 10;
set c[14,57] := 57;
set c[14,12] := 12;
set c[14,23] := 23;
set c[14,73] := 73;
set c[14,62] := 62;
set c[14,77] := 77;
set c[14,41] := 41;
set c[14,51] := 51;
set c[14,43] := 43 81;
set c[14,67] := 67;
set c[15,97] := 97 4 56 91 89 39 53 82 1 69 99;
set c[15,79] := 79 30 58 36;
set c[15,65] := 65 31 88;
set c[15,25] := 25 32 13 71 50 86 52 14 16 38 61 66 76 100;
set c[15,27] := 27 84 37 11 26 18 74 87 90 93;
set c[15,34] := 34 78 21 70 3 6 8 9 40 42 44 54 59 60 85;
set c[15,7] := 7 75 35;
set c[15,19] := 19 5;
set c[15,28] := 28;
set c[15,72] := 72;
set c[15,98] := 98;
set c[15,15] := 15;
set c[15,24] := 24;
set c[15,2] := 2;
set c[15,17] := 17;
set c[15,45] := 45;
set c[15,80] := 80;
set c[15,33] := 33;
set c[15,92] := 92 64;
set c[15,48] := 48;
set c[15,63] := 63;
set c[15,22] := 22;
set c[15,95] := 95;
set c[15,68] := 68;
set c[15,47] := 47;
set c[15,94] := 94;
set c[15,83] := 83;
set c[15,49] := 49;
set c[15,20] := 20;
set c[15,55] := 55;
set c[15,46] := 46;
set c[15,29] := 29;
set c[15,96] := 96;
set c[15,10] := 10;
set c[15,57] := 57;
set c[15,12] := 12;
set c[15,23] := 23;
set c[15,73] := 73;
set c[15,62] := 62;
set c[15,77] := 77;
set c[15,41] := 41;
set c[15,51] := 51;
set c[15,43] := 43;
set c[15,81] := 81;
set c[15,67] := 67;
set c[16,82] := 82 97 4 56 91 89 39 53 1 69 99;
set c[16,79] := 79 30 58 36;
set c[16,31] := 31 65 88;
set c[16,61] := 61 25 32 13 71 50 86 52 14 16 38 66 76 100;
set c[16,84] := 84 27 37 11 26 18 74 87 90 93;
set c[16,44] := 44 34 78 21 70 3 6 8 9 40 42 54 59 60 85;
set c[16,75] := 75;
set c[16,7] := 7;
set c[16,35] := 35;
set c[16,19] := 19;
set c[16,5] := 5;
set c[16,28] := 28;
set c[16,72] := 72;
set c[16,98] := 98;
set c[16,15] := 15;
set c[16,24] := 24;
set c[16,2] := 2;
set c[16,17] := 17;
set c[16,45] := 45;
set c[16,80] := 80;
set c[16,33] := 33;
set c[16,92] := 92 64;
set c[16,48] := 48;
set c[16,63] := 63;
set c[16,22] := 22;
set c[16,95] := 95;
set c[16,68] := 68;
set c[16,47] := 47;
set c[16,94] := 94;
set c[16,83] := 83;
set c[16,49] := 49;
set c[16,20] := 20;
set c[16,55] := 55;
set c[16,46] := 46;
set c[16,29] := 29;
set c[16,96] := 96;
set c[16,10] := 10;
set c[16,57] := 57;
set c[16,12] := 12;
set c[16,23] := 23;
set c[16,73] := 73;
set c[16,62] := 62;
set c[16,77] := 77;
set c[16,41] := 41;
set c[16,51] := 51;
set c[16,43] := 43;
set c[16,81] := 81;
set c[16,67] := 67;
set c[17,91] := 91 82 97 4 56 89 39 53 1 69 99;
set c[17,79] := 79 30 58 36;
set c[17,88] := 88 31 65;
set c[17,66] := 66 61 25 32 13 71 50 86 52 14 16 38 76 100;
set c[17,11] := 11 84 27 37 26 18 74 87 90 93;
set c[17,42] := 42 44 34 78 21 70 3 6 8 9 40 54 59 60 85;
set c[17,75] := 75;
set c[17,7] := 7;
set c[17,35] := 35;
set c[17,19] := 19;
set c[17,5] := 5;
set c[17,28] := 28;
set c[17,72] := 72;
set c[17,98] := 98;
set c[17,15] := 15;
set c[17,24] := 24;
set c[17,2] := 2;
set c[17,17] := 17;
set c[17,45] := 45;
set c[17,80] := 80;
set c[17,33] := 33;
set c[17,92] := 92;
set c[17,64] := 64;
set c[17,48] := 48;
set c[17,63] := 63;
set c[17,22] := 22;
set c[17,95] := 95;
set c[17,68] := 68;
set c[17,47] := 47;
set c[17,94] := 94;
set c[17,83] := 83;
set c[17,49] := 49;
set c[17,20] := 20;
set c[17,55] := 55;
set c[17,46] := 46;
set c[17,29] := 29;
set c[17,96] := 96;
set c[17,10] := 10;
set c[17,57] := 57;
set c[17,12] := 12;
set c[17,23] := 23;
set c[17,73] := 73;
set c[17,62] := 62;
set c[17,77] := 77;
set c[17,41] := 41;
set c[17,51] := 51;
set c[17,43] := 43;
set c[17,81] := 81;
set c[17,67] := 67;
set c[18,91] := 91 82 97 4 56 89 39 53 1 69 99;
set c[18,30] := 30 79 58 36;
set c[18,31] := 31 88 65;
set c[18,25] := 25 66 61 32 13 71 50 86 52 14 16 38 76 100;
set c[18,74] := 74 11 84 27 37 26 18 87 90 93;
set c[18,42] := 42 44 34 78 21 70 3 6 8 9 40 54 59 60 85;
set c[18,75] := 75;
set c[18,7] := 7;
set c[18,35] := 35;
set c[18,19] := 19;
set c[18,5] := 5;
set c[18,28] := 28;
set c[18,72] := 72;
set c[18,98] := 98;
set c[18,15] := 15;
set c[18,24] := 24;
set c[18,2] := 2;
set c[18,17] := 17;
set c[18,45] := 45;
set c[18,80] := 80;
set c[18,33] := 33;
set c[18,92] := 92;
set c[18,64] := 64;
set c[18,48] := 48;
set c[18,63] := 63;
set c[18,22] := 22;
set c[18,95] := 95;
set c[18,68] := 68;
set c[18,47] := 47;
set c[18,94] := 94;
set c[18,83] := 83;
set c[18,49] := 49;
set c[18,20] := 20;
set c[18,55] := 55;
set c[18,46] := 46;
set c[18,29] := 29;
set c[18,96] := 96;
set c[18,10] := 10;
set c[18,57] := 57;
set c[18,12] := 12;
set c[18,23] := 23;
set c[18,73] := 73;
set c[18,62] := 62;
set c[18,77] := 77;
set c[18,41] := 41;
set c[18,51] := 51;
set c[18,43] := 43;
set c[18,81] := 81;
set c[18,67] := 67;
set c[19,53] := 53 91 82 97 4 56 89 39 1 69 99;
set c[19,30] := 30 79 58 36;
set c[19,88] := 88 31 65;
set c[19,76] := 76 25 66 61 32 13 71 50 86 52 14 16 38 100;
set c[19,27] := 27 74 11 84 37 26 18 87 90 93;
set c[19,59] := 59 42 44 34 78 21 70 3 6 8 9 40 54 60 85;
set c[19,75] := 75;
set c[19,7] := 7;
set c[19,35] := 35;
set c[19,19] := 19;
set c[19,5] := 5;
set c[19,28] := 28;
set c[19,72] := 72;
set c[19,98] := 98;
set c[19,15] := 15;
set c[19,24] := 24;
set c[19,2] := 2;
set c[19,17] := 17;
set c[19,45] := 45;
set c[19,80] := 80;
set c[19,33] := 33;
set c[19,92] := 92;
set c[19,64] := 64;
set c[19,48] := 48;
set c[19,63] := 63;
set c[19,22] := 22;
set c[19,95] := 95;
set c[19,68] := 68;
set c[19,47] := 47;
set c[19,94] := 94;
set c[19,83] := 83;
set c[19,49] := 49;
set c[19,20] := 20;
set c[19,55] := 55;
set c[19,46] := 46;
set c[19,29] := 29;
set c[19,96] := 96;
set c[19,10] := 10;
set c[19,57] := 57;
set c[19,12] := 12;
set c[19,23] := 23;
set c[19,73] := 73;
set c[19,62] := 62;
set c[19,77] := 77;
set c[19,41] := 41;
set c[19,51] := 51;
set c[19,43] := 43;
set c[19,81] := 81;
set c[19,67] := 67;
set c[20,89] := 89 53 91 82 97 4 56 39 1 69 99;
set c[20,79] := 79 30 58 36;
set c[20,88] := 88 31 65;
set c[20,52] := 52 76 25 66 61 32 13 71 50 86 14 16 38 100;
set c[20,27] := 27 74 11 84 37 26 18 87 90 93;
set c[20,6] := 6 59 42 44 34 78 21 70 3 8 9 40 54 60 85;
set c[20,75] := 75;
set c[20,7] := 7;
set c[20,35] := 35;
set c[20,19] := 19;
set c[20,5] := 5;
set c[20,28] := 28;
set c[20,72] := 72;
set c[20,98] := 98;
set c[20,15] := 15;
set c[20,24] := 24;
set c[20,2] := 2;
set c[20,17] := 17;
set c[20,45] := 45;
set c[20,80] := 80;
set c[20,33] := 33;
set c[20,92] := 92;
set c[20,64] := 64;
set c[20,48] := 48;
set c[20,63] := 63;
set c[20,22] := 22;
set c[20,95] := 95;
set c[20,68] := 68;
set c[20,47] := 47;
set c[20,94] := 94;
set c[20,83] := 83;
set c[20,49] := 49;
set c[20,20] := 20;
set c[20,55] := 55;
set c[20,46] := 46;
set c[20,29] := 29;
set c[20,96] := 96;
set c[20,10] := 10;
set c[20,57] := 57;
set c[20,12] := 12;
set c[20,23] := 23;
set c[20,73] := 73;
set c[20,62] := 62;
set c[20,77] := 77;
set c[20,41] := 41;
set c[20,51] := 51;
set c[20,43] := 43;
set c[20,81] := 81;
set c[20,67] := 67;
set c[21,91] := 91 89 53 82 97 4 56 39 1 69 99;
set c[21,79] := 79 30 58 36;
set c[21,88] := 88 31 65;
set c[21,50] := 50 52 76 25 66 61 32 13 71 86 14 16 38 100;
set c[21,26] := 26 27 74 11 84 37 18 87 90 93;
set c[21,6] := 6 59 42 44 34 78 21 70 3 8 9 40 54 60 85;
set c[21,75] := 75;
set c[21,7] := 7;
set c[21,35] := 35;
set c[21,19] := 19;
set c[21,5] := 5;
set c[21,28] := 28;
set c[21,72] := 72;
set c[21,98] := 98;
set c[21,15] := 15;
set c[21,24] := 24;
set c[21,2] := 2;
set c[21,17] := 17;
set c[21,45] := 45;
set c[21,80] := 80;
set c[21,33] := 33;
set c[21,92] := 92;
set c[21,64] := 64;
set c[21,48] := 48;
set c[21,63] := 63;
set c[21,22] := 22;
set c[21,95] := 95;
set c[21,68] := 68;
set c[21,47] := 47;
set c[21,94] := 94;
set c[21,83] := 83;
set c[21,49] := 49;
set c[21,20] := 20;
set c[21,55] := 55;
set c[21,46] := 46;
set c[21,29] := 29;
set c[21,96] := 96;
set c[21,10] := 10;
set c[21,57] := 57;
set c[21,12] := 12;
set c[21,23] := 23;
set c[21,73] := 73;
set c[21,62] := 62;
set c[21,77] := 77;
set c[21,41] := 41;
set c[21,51] := 51;
set c[21,43] := 43;
set c[21,81] := 81;
set c[21,67] := 67;
set c[22,91] := 91 89 53 82 97 4 56 39 1 69 99;
set c[22,58] := 58 79 30 36;
set c[22,88] := 88 31 65;
set c[22,52] := 52 50 76 25 66 61 32 13 71 86 14 16 38 100;
set c[22,26] := 26 27 74 11 84 37 18 87 90 93;
set c[22,6] := 6 59 42 44 34 78 21 70 3 8 9 40 54 60 85;
set c[22,75] := 75;
set c[22,7] := 7;
set c[22,35] := 35;
set c[22,19] := 19;
set c[22,5] := 5;
set c[22,28] := 28;
set c[22,72] := 72;
set c[22,98] := 98;
set c[22,15] := 15;
set c[22,24] := 24;
set c[22,2] := 2;
set c[22,17] := 17;
set c[22,45] := 45;
set c[22,80] := 80;
set c[22,33] := 33;
set c[22,92] := 92;
set c[22,64] := 64;
set c[22,48] := 48;
set c[22,63] := 63;
set c[22,22] := 22;
set c[22,95] := 95;
set c[22,68] := 68;
set c[22,47] := 47;
set c[22,94] := 94;
set c[22,83] := 83;
set c[22,49] := 49;
set c[22,20] := 20;
set c[22,55] := 55;
set c[22,46] := 46;
set c[22,29] := 29;
set c[22,96] := 96;
set c[22,10] := 10;
set c[22,57] := 57;
set c[22,12] := 12;
set c[22,23] := 23;
set c[22,73] := 73;
set c[22,62] := 62;
set c[22,77] := 77;
set c[22,41] := 41;
set c[22,51] := 51;
set c[22,43] := 43;
set c[22,81] := 81;
set c[22,67] := 67;
set c[23,91] := 91 89 53 82 97 4 56 39 1 69 99;
set c[23,58] := 58 79 30 36;
set c[23,88] := 88 31 65;
set c[23,100] := 100 52 50 76 25 66 61 32 13 71 86 14 16 38;
set c[23,26] := 26 27 74 11 84 37 18 87 90 93;
set c[23,78] := 78 6 59 42 44 34 21 70 3 8 9 40 54 60 85;
set c[23,75] := 75;
set c[23,7] := 7;
set c[23,35] := 35;
set c[23,19] := 19;
set c[23,5] := 5;
set c[23,28] := 28;
set c[23,72] := 72;
set c[23,98] := 98;
set c[23,15] := 15;
set c[23,24] := 24;
set c[23,2] := 2;
set c[23,17] := 17;
set c[23,45] := 45;
set c[23,80] := 80;
set c[23,33] := 33;
set c[23,92] := 92;
set c[23,64] := 64;
set c[23,48] := 48;
set c[23,63] := 63;
set c[23,22] := 22;
set c[23,95] := 95;
set c[23,68] := 68;
set c[23,47] := 47;
set c[23,94] := 94;
set c[23,83] := 83;
set c[23,49] := 49;
set c[23,20] := 20;
set c[23,55] := 55;
set c[23,46] := 46;
set c[23,29] := 29;
set c[23,96] := 96;
set c[23,10] := 10;
set c[23,57] := 57;
set c[23,12] := 12;
set c[23,23] := 23;
set c[23,73] := 73;
set c[23,62] := 62;
set c[23,77] := 77;
set c[23,41] := 41;
set c[23,51] := 51;
set c[23,43] := 43;
set c[23,81] := 81;
set c[23,67] := 67;
set c[24,56] := 56 91 89 53 82 97 4 39 1 69 99;
set c[24,36] := 36 58 79 30;
set c[24,88] := 88 31 65;
set c[24,76] := 76 100 52 50 25 66 61 32 13 71 86 14 16 38;
set c[24,27] := 27 26 74 11 84 37 18 87 90 93;
set c[24,78] := 78 6 59 42 44 34 21 70 3 8 9 40 54 60 85;
set c[24,75] := 75;
set c[24,7] := 7;
set c[24,35] := 35;
set c[24,19] := 19;
set c[24,5] := 5;
set c[24,28] := 28;
set c[24,72] := 72;
set c[24,98] := 98;
set c[24,15] := 15;
set c[24,24] := 24;
set c[24,2] := 2;
set c[24,17] := 17;
set c[24,45] := 45;
set c[24,80] := 80;
set c[24,33] := 33;
set c[24,92] := 92;
set c[24,64] := 64;
set c[24,48] := 48;
set c[24,63] := 63;
set c[24,22] := 22;
set c[24,95] := 95;
set c[24,68] := 68;
set c[24,47] := 47;
set c[24,94] := 94;
set c[24,83] := 83;
set c[24,49] := 49;
set c[24,20] := 20;
set c[24,55] := 55;
set c[24,46] := 46;
set c[24,29] := 29;
set c[24,96] := 96;
set c[24,10] := 10;
set c[24,57] := 57;
set c[24,12] := 12;
set c[24,23] := 23;
set c[24,73] := 73;
set c[24,62] := 62;
set c[24,77] := 77;
set c[24,41] := 41;
set c[24,51] := 51;
set c[24,43] := 43;
set c[24,81] := 81;
set c[24,67] := 67;
set c[25,1] := 1 56 91 89 53 82 97 4 39 69 99;
set c[25,36] := 36 58 79 30;
set c[25,88] := 88 31 65;
set c[25,50] := 50 76 100 52 25 66 61 32 13 71 86 14 16 38;
set c[25,87] := 87 27 26 74 11 84 37 18 90 93;
set c[25,60] := 60 78 6 59 42 44 34 21 70 3 8 9 40 54 85;
set c[25,75] := 75;
set c[25,7] := 7;
set c[25,35] := 35;
set c[25,19] := 19;
set c[25,5] := 5;
set c[25,28] := 28;
set c[25,72] := 72;
set c[25,98] := 98;
set c[25,15] := 15;
set c[25,24] := 24;
set c[25,2] := 2;
set c[25,17] := 17;
set c[25,45] := 45;
set c[25,80] := 80;
set c[25,33] := 33;
set c[25,92] := 92;
set c[25,64] := 64;
set c[25,48] := 48;
set c[25,63] := 63;
set c[25,22] := 22;
set c[25,95] := 95;
set c[25,68] := 68;
set c[25,47] := 47;
set c[25,94] := 94;
set c[25,83] := 83;
set c[25,49] := 49;
set c[25,20] := 20;
set c[25,55] := 55;
set c[25,46] := 46;
set c[25,29] := 29;
set c[25,96] := 96;
set c[25,10] := 10;
set c[25,57] := 57;
set c[25,12] := 12;
set c[25,23] := 23;
set c[25,73] := 73;
set c[25,62] := 62;
set c[25,77] := 77;
set c[25,41] := 41;
set c[25,51] := 51;
set c[25,43] := 43;
set c[25,81] := 81;
set c[25,67] := 67;
set c[26,91] := 91 1 56 89 53 82 97 4 39 69 99;
set c[26,30] := 30 36 58 79;
set c[26,88] := 88 31 65;
set c[26,76] := 76 50 100 52 25 66 61 32 13 71 86 14 16 38;
set c[26,27] := 27 87 26 74 11 84 37 18 90 93;
set c[26,3] := 3 60 78 6 59 42 44 34 21 70 8 9 40 54 85;
set c[26,75] := 75;
set c[26,7] := 7;
set c[26,35] := 35;
set c[26,19] := 19;
set c[26,5] := 5;
set c[26,28] := 28;
set c[26,72] := 72;
set c[26,98] := 98;
set c[26,15] := 15;
set c[26,24] := 24;
set c[26,2] := 2;
set c[26,17] := 17;
set c[26,45] := 45;
set c[26,80] := 80;
set c[26,33] := 33;
set c[26,92] := 92;
set c[26,64] := 64;
set c[26,48] := 48;
set c[26,63] := 63;
set c[26,22] := 22;
set c[26,95] := 95;
set c[26,68] := 68;
set c[26,47] := 47;
set c[26,94] := 94;
set c[26,83] := 83;
set c[26,49] := 49;
set c[26,20] := 20;
set c[26,55] := 55;
set c[26,46] := 46;
set c[26,29] := 29;
set c[26,96] := 96;
set c[26,10] := 10;
set c[26,57] := 57;
set c[26,12] := 12;
set c[26,23] := 23;
set c[26,73] := 73;
set c[26,62] := 62;
set c[26,77] := 77;
set c[26,41] := 41;
set c[26,51] := 51;
set c[26,43] := 43;
set c[26,81] := 81;
set c[26,67] := 67;
set c[27,91] := 91 1 56 89 53 82 97 4 39 69 99;
set c[27,30] := 30 36 58 79;
set c[27,88] := 88 31 65;
set c[27,14] := 14 76 50 100 52 25 66 61 32 13 71 86 16 38;
set c[27,26] := 26 27 87 74 11 84 37 18 90 93;
set c[27,60] := 60 3 78 6 59 42 44 34 21 70 8 9 40 54 85;
set c[27,75] := 75;
set c[27,7] := 7;
set c[27,35] := 35;
set c[27,19] := 19;
set c[27,5] := 5;
set c[27,28] := 28;
set c[27,72] := 72;
set c[27,98] := 98;
set c[27,15] := 15;
set c[27,24] := 24;
set c[27,2] := 2;
set c[27,17] := 17;
set c[27,45] := 45;
set c[27,80] := 80;
set c[27,33] := 33;
set c[27,92] := 92;
set c[27,64] := 64;
set c[27,48] := 48;
set c[27,63] := 63;
set c[27,22] := 22;
set c[27,95] := 95;
set c[27,68] := 68;
set c[27,47] := 47;
set c[27,94] := 94;
set c[27,83] := 83;
set c[27,49] := 49;
set c[27,20] := 20;
set c[27,55] := 55;
set c[27,46] := 46;
set c[27,29] := 29;
set c[27,96] := 96;
set c[27,10] := 10;
set c[27,57] := 57;
set c[27,12] := 12;
set c[27,23] := 23;
set c[27,73] := 73;
set c[27,62] := 62;
set c[27,77] := 77;
set c[27,41] := 41;
set c[27,51] := 51;
set c[27,43] := 43;
set c[27,81] := 81;
set c[27,67] := 67;
set c[28,91] := 91 1 56 89 53 82 97 4 39 69 99;
set c[28,30] := 30 36 58 79;
set c[28,88] := 88 31 65;
set c[28,100] := 100 14 76 50 52 25 66 61 32 13 71 86 16 38;
set c[28,87] := 87 26 27 74 11 84 37 18 90 93;
set c[28,3] := 3 60 78 6 59 42 44 34 21 70 8 9 40 54 85;
set c[28,75] := 75;
set c[28,7] := 7;
set c[28,35] := 35;
set c[28,19] := 19;
set c[28,5] := 5;
set c[28,28] := 28;
set c[28,72] := 72;
set c[28,98] := 98;
set c[28,15] := 15;
set c[28,24] := 24;
set c[28,2] := 2;
set c[28,17] := 17;
set c[28,45] := 45;
set c[28,80] := 80;
set c[28,33] := 33;
set c[28,92] := 92;
set c[28,64] := 64;
set c[28,48] := 48;
set c[28,63] := 63;
set c[28,22] := 22;
set c[28,95] := 95;
set c[28,68] := 68;
set c[28,47] := 47;
set c[28,94] := 94;
set c[28,83] := 83;
set c[28,49] := 49;
set c[28,20] := 20;
set c[28,55] := 55;
set c[28,46] := 46;
set c[28,29] := 29;
set c[28,96] := 96;
set c[28,10] := 10;
set c[28,57] := 57;
set c[28,12] := 12;
set c[28,23] := 23;
set c[28,73] := 73;
set c[28,62] := 62;
set c[28,77] := 77;
set c[28,41] := 41;
set c[28,51] := 51;
set c[28,43] := 43;
set c[28,81] := 81;
set c[28,67] := 67;
set c[29,91] := 91 1 56 89 53 82 97 4 39 69 99;
set c[29,30] := 30 36 58 79;
set c[29,88] := 88 31 65;
set c[29,71] := 71 100 14 76 50 52 25 66 61 32 13 86 16 38;
set c[29,93] := 93 87 26 27 74 11 84 37 18 90;
set c[29,3] := 3 60 78 6 59 42 44 34 21 70 8 9 40 54 85;
set c[29,75] := 75;
set c[29,7] := 7;
set c[29,35] := 35;
set c[29,19] := 19;
set c[29,5] := 5;
set c[29,28] := 28;
set c[29,72] := 72;
set c[29,98] := 98;
set c[29,15] := 15;
set c[29,24] := 24;
set c[29,2] := 2;
set c[29,17] := 17;
set c[29,45] := 45;
set c[29,80] := 80;
set c[29,33] := 33;
set c[29,92] := 92;
set c[29,64] := 64;
set c[29,48] := 48;
set c[29,63] := 63;
set c[29,22] := 22;
set c[29,95] := 95;
set c[29,68] := 68;
set c[29,47] := 47;
set c[29,94] := 94;
set c[29,83] := 83;
set c[29,49] := 49;
set c[29,20] := 20;
set c[29,55] := 55;
set c[29,46] := 46;
set c[29,29] := 29;
set c[29,96] := 96;
set c[29,10] := 10;
set c[29,57] := 57;
set c[29,12] := 12;
set c[29,23] := 23;
set c[29,73] := 73;
set c[29,62] := 62;
set c[29,77] := 77;
set c[29,41] := 41;
set c[29,51] := 51;
set c[29,43] := 43;
set c[29,81] := 81;
set c[29,67] := 67;
set c[30,1] := 1 91 56 89 53 82 97 4 39 69 99;
set c[30,58] := 58 30 36 79;
set c[30,65] := 65 88 31;
set c[30,86] := 86 71 100 14 76 50 52 25 66 61 32 13 16 38;
set c[30,87] := 87 93 26 27 74 11 84 37 18 90;
set c[30,9] := 9;
set c[30,3] := 3;
set c[30,85] := 85;
set c[30,54] := 54;
set c[30,70] := 70;
set c[30,6] := 6;
set c[30,44] := 44;
set c[30,60] := 60;
set c[30,42] := 42;
set c[30,78] := 78;
set c[30,40] := 40;
set c[30,21] := 21;
set c[30,34] := 34;
set c[30,59] := 59;
set c[30,8] := 8;
set c[30,75] := 75;
set c[30,7] := 7;
set c[30,35] := 35;
set c[30,19] := 19;
set c[30,5] := 5;
set c[30,28] := 28;
set c[30,72] := 72;
set c[30,98] := 98;
set c[30,15] := 15;
set c[30,24] := 24;
set c[30,2] := 2;
set c[30,17] := 17;
set c[30,45] := 45;
set c[30,80] := 80;
set c[30,33] := 33;
set c[30,92] := 92;
set c[30,64] := 64;
set c[30,48] := 48;
set c[30,63] := 63;
set c[30,22] := 22;
set c[30,95] := 95;
set c[30,68] := 68;
set c[30,47] := 47;
set c[30,94] := 94;
set c[30,83] := 83;
set c[30,49] := 49;
set c[30,20] := 20;
set c[30,55] := 55;
set c[30,46] := 46;
set c[30,29] := 29;
set c[30,96] := 96;
set c[30,10] := 10;
set c[30,57] := 57;
set c[30,12] := 12;
set c[30,23] := 23;
set c[30,73] := 73;
set c[30,62] := 62;
set c[30,77] := 77;
set c[30,41] := 41;
set c[30,51] := 51;
set c[30,43] := 43;
set c[30,81] := 81;
set c[30,67] := 67;

