#erel:= 0.800;
#emax:= 1141.439;
#q:= 0.000;
#nesce:=    65;
#etime:= 1.196;
#snodes:=  1242;
param nS:=   100;
param nSG:=    30;
param nRVSG :=
 1 24    4 24    7  2   10  2   13  2   16  2   19  2   22  2   25  2   28  2
 2 24    5  2    8  2   11  2   14  2   17  2   20  2   23  2   26  2   29  2
 3 24    6  2    9  2   12  2   15 12   18  2   21  2   24  2   27  2   30 24
;

param ScenF :=
  1  131.596       46   35.5307      91  144.63       136    0.6069
  2  135.446       47   22.8401      92  136.501      137    0.35937
  3  118.191       48   30.2156      93  135.686      138    0.4693
  4  112.165       49   88.5391      94  136.714      139    0.378767
  5  112.483       50   78.1169      95  130.76       140    0.2259
  6  109.523       51   60.6357      96  114.96       141    0.409518
  7  119.032       52   46.0736      97    0.307021   142    0.0082
  8  135.384       53   43.8147      98    0          143    0.444317
  9  151.532       54   57.1776      99    0.320036   144    0
 10  151.808       55   89.0665     100    0          145    0.481038
 11  152.476       56  138.273      101    0.324804   146    0
 12  140.086       57  149.588      102    0          147    0.513256
 13  140.059       58  128.159      103    0.295527   148    0
 14  144.79        59   85.0658     104    0          149    0.527113
 15  150.359       60   64.1341     105    0.277078   150    0
 16  152.943       61   59.3249     106    0          151    0.521945
 17  169.544       62   70.8083     107    0.270842   152    0
 18  173.045       63   67.4393     108    0          153    0.488792
 19  165.819       64   76.6358     109    0.269815   154    0
 20  159.761       65  146.296      110    0          155    0.443675
 21  146.317       66  180.256      111    0.272012   156    0
 22  141.738       67  178.195      112    0.0308     157    1.51398
 23  125.249       68  144.203      113    0.266351   158    0
 24  111.867       69  152.474      114    0.2638     159    0.48719
 25    9.80273     70  180.626      115    0.252332   160    0
 26   10.118       71  172.622      116    0.5007     161    0
 27   20.5586      72  154.614      117  142.216      162    0
 28   22.3167      73  107.604      118  143.929      163    3.42478
 29   21.7218      74  139.225      119  139.852      164    1.39439
 30   21.2643      75  135.327      120  151.581      165    2.86892
 31   40.1316      76  125.119      121  152.774      166    0
 32   46.3901      77  118.015      122  180.086      167    0
 33   96.6679      78  105.241      123  170.791      168    0
 34   93.8819      79  107.113      124  168.753      169    0
 35   62.0854      80  122.779      125  147.995      170 5655.64
 36   36.0646      81  142.783      126  162.474      171  346.882
 37   28.4793      82  127.574      127  144.338      172  333.219
 38   14.7644      83  114.248      128  135.743      173  143.898
 39    9.18182     84  113.586      129    0.257388   174    6.55143
 40    0           85  108.025      130    0.6262     175    0
 41   10.6387      86  115.708      131    0.285361   176    4.02333
 42    0           87  117.596      132    0.6838     177    1.89065
 43   24.5153      88  129.314      133    0.314449   178    1.55531
 44    2.96087     89  148.906      134    0.6744     179    1.4696
 45   43.1473      90  155.411      135    0.337213   180    0.362334
;

param ScenO :=
  1 129           46   5.16        91 183.97       136   0.296
  2 114.49        47   5.16        92 198          137   0.187
  3 114.49        48   8           93 209.07       138   0.195
  4 113.05        49 133           94 175.18       139   0.233
  5 113.12        50 117.8         95 161          140   0.082
  6 114.16        51 115.49        96 136.1        141   0.302
  7 123.45        52 113.49        97   0.144      142   0.001
  8 155.64        53 113.23        98   0          143   0.363
  9 165.5         54 114.16        99   0.169      144   0
 10 157.5         55 130.25       100   0          145   0.401
 11 139.5         56 163.64       101   0.171      146   0
 12 125           57 174.52       102   0          147   0.425
 13 119.31        58 160.6        103   0.162      148   0
 14 121.6         59 139.61       104   0          149   0.427
 15 130           60 125          105   0.16       150   0
 16 134.76        61 116.41       106   0          151   0.441
 17 141           62 120.7        107   0.17       152   0
 18 158.66        63 130          108   0          153   0.472
 19 167.62        64 134.76       109   0.192      154   0
 20 170           65 150          110   0          155   0.484
 21 179.07        66 165.19       111   0.218      156   0
 22 165.2         67 172.84       112   0.007      157   4.44636
 23 150           68 175          113   0.207      158   4.87449
 24 136.1         69 183.68       114   0.118      159   4.77448
 25   8.68        70 170.3        115   0.199      160   4.83521
 26  13.2         71 155          116   0.252      161   4.78271
 27  13.2         72 137.54       117 124.36       162   4.84408
 28  15           73 129.87       118 124.57       163   5.02187
 29  15           74 127.27       119 131.25       164   4.12715
 30  12.12        75 119.8        120 139.8        165   4.10586
 31  12.6         76 118.05       121 156          166   4.00895
 32   8.56        77 115          122 167          167   4.13649
 33   9.32        78 116.54       123 208.53       168   4.77808
 34   9.84        79 125.45       124 208.53       169   5.01065
 35   8.56        80 167          125 213.69       170   4.91184
 36  11.4         81 195.01       126 173.55       171   4.64562
 37  11.28        82 164.77       127 158.15       172   4.92943
 38  11.52        83 165          128 133.5        173   5.06262
 39  10.44        84 120.77       129   0.179      174   5.47561
 40  15.68        85 119.24       130   0.299      175   0.524758
 41   8.32        86 121.53       131   0.159      176   4.79229
 42   8.36        87 129.93       132   0.398      177   4.79885
 43   5.16        88 149.76       133   0.149      178   4.95291
 44   5.16        89 146          134   0.383      179   4.78973
 45   5.16        90 167.07       135   0.157      180   4.65459
;

param Scen0 (tr)
 :    1	    2	    3	    4	    5	    6	    7	    8	    9	   10	   11	   12	   13	   14	   15	   16	   17	   18	   19	   20	   21	   22	   23	   24	   25	   26	   27	   28	   29	   30	   31	   32	   33	   34	   35	   36	   37	   38	   39	   40	   41	   42	   43	   44	   45	   46	   47	   48	   49	   50	   51	   52	   53	   54	   55	   56	   57	   58	   59	   60	   61	   62	   63	   64	   65	   66	   67	   68	   69	   70	   71	   72	   73	   74	   75	   76	   77	   78	   79	   80	   81	   82	   83	   84	   85	   86	   87	   88	   89	   90	   91	   92	   93	   94	   95	   96	   97	   98	   99	  100	  101	  102	  103	  104	  105	  106	  107	  108	  109	  110	  111	  112	  113	  114	  115	  116	  117	  118	  119	  120	  121	  122	  123	  124	  125	  126	  127	  128	  129	  130	  131	  132	  133	  134	  135	  136	  137	  138	  139	  140	  141	  142	  143	  144	  145	  146	  147	  148	  149	  150	  151	  152	  153	  154	  155	  156	  157	  158	  159	  160	  161	  162	  163	  164	  165	  166	  167	  168	  169	  170	  171	  172	  173	  174	  175	  176	  177	  178	  179	  180	:=
    1	129.000000	114.490000	114.490000	113.050000	113.120000	114.160000	123.450000	155.640000	165.500000	157.500000	139.500000	125.000000	119.310000	121.600000	130.000000	134.760000	141.000000	158.660000	167.620000	170.000000	179.070000	165.200000	150.000000	136.100000	8.680000	13.200000	13.200000	15.000000	15.000000	12.120000	12.600000	8.560000	9.320000	9.840000	8.560000	11.400000	11.280000	11.520000	10.440000	15.680000	8.320000	8.360000	5.160000	5.160000	5.160000	5.160000	5.160000	8.000000	133.000000	73.473700	56.051100	45.417500	47.240900	54.125400	91.066900	126.270000	156.650000	131.878000	87.048400	65.523100	54.830400	74.248600	58.201500	78.559700	145.679000	161.199000	184.138000	155.165000	152.347000	178.758000	172.632000	154.832000	129.870000	138.574000	131.557000	129.970000	120.887000	115.148000	110.802000	132.854000	142.455000	141.040000	127.773000	90.729900	94.740600	103.912000	103.949000	116.583000	141.876000	138.616000	143.238000	143.174000	141.448000	137.944000	132.586000	104.844000	0.144000	0.000000	0.309915	0.000000	0.301025	0.000000	0.267761	0.000000	0.238859	0.000000	0.243883	0.000000	0.220019	0.000000	0.206278	0.023700	0.250403	0.233800	0.227999	0.508900	124.360000	141.584000	138.975000	153.887000	163.069000	178.185000	170.045000	163.010000	139.652000	150.910000	145.355000	140.244000	0.210336	0.729000	0.269303	0.774700	0.326511	0.684300	0.347927	0.596800	0.380259	0.444000	0.367409	0.213900	0.446289	0.004500	0.515010	0.000000	0.542172	0.000000	0.576754	0.000000	0.576359	0.000000	0.567280	0.000000	0.580948	0.000000	0.557425	0.000000	4.446360	0.271360	0.905347	0.000000	0.000000	0.746113	3.981840	1.809280	2.442970	0.000000	0.000000	8.309390	0.000000	5725.460000	381.662000	332.495000	132.202000	5.980730	0.000000	3.393760	1.893250	1.357910	1.033850	0.274428	
    2	129.000000	114.490000	114.490000	113.050000	113.120000	114.160000	123.450000	155.640000	165.500000	157.500000	139.500000	125.000000	119.310000	121.600000	130.000000	134.760000	141.000000	158.660000	167.620000	170.000000	179.070000	165.200000	150.000000	136.100000	8.680000	13.200000	13.200000	15.000000	15.000000	12.120000	12.600000	8.560000	9.320000	9.840000	8.560000	11.400000	11.280000	11.520000	10.440000	15.680000	8.320000	8.360000	5.160000	5.160000	5.160000	5.160000	5.160000	8.000000	133.000000	83.378500	70.210200	56.040100	53.185700	63.502200	96.678600	146.083000	152.190000	136.350000	95.976800	68.005000	65.073600	75.862500	67.286400	80.675400	147.554000	163.046000	180.073000	164.398000	159.413000	185.479000	169.544000	154.959000	129.870000	143.878000	143.301000	132.800000	131.045000	106.325000	106.534000	129.045000	132.539000	117.954000	105.455000	107.025000	110.220000	114.103000	114.658000	125.842000	141.997000	146.130000	139.214000	133.290000	131.681000	129.697000	120.922000	111.989000	0.144000	0.000000	0.212966	0.000000	0.201221	0.000000	0.193040	0.000000	0.193196	0.000000	0.189174	0.000000	0.201078	0.000000	0.201658	0.030500	0.144183	0.395700	0.114005	0.829600	124.360000	177.184000	185.544000	170.395000	195.352000	215.512000	189.157000	175.021000	138.257000	159.243000	146.283000	125.028000	0.121076	0.538400	0.116628	0.708500	0.120605	0.662100	0.139743	0.383900	0.695534	0.185200	0.679875	0.196700	0.692367	0.008600	0.705699	0.000000	0.730238	0.000000	0.725637	0.000000	0.697467	0.000000	0.674600	0.000000	0.641166	0.000000	0.606971	0.000000	4.446360	0.000000	0.000000	0.125289	0.000000	0.000000	0.796025	1.579340	2.356640	0.000000	1.934020	1.584670	0.000000	5796.490000	521.950000	311.285000	156.582000	6.982920	0.000000	2.516930	3.031550	2.049150	0.859376	0.046207	
    3	129.000000	114.490000	114.490000	113.050000	113.120000	114.160000	123.450000	155.640000	165.500000	157.500000	139.500000	125.000000	119.310000	121.600000	130.000000	134.760000	141.000000	158.660000	167.620000	170.000000	179.070000	165.200000	150.000000	136.100000	8.680000	13.200000	13.200000	15.000000	15.000000	12.120000	12.600000	8.560000	9.320000	9.840000	8.560000	11.400000	11.280000	11.520000	10.440000	15.680000	8.320000	8.360000	5.160000	5.160000	5.160000	5.160000	5.160000	8.000000	133.000000	83.378500	70.210200	55.323700	54.550600	56.417400	86.282300	141.270000	141.631000	107.299000	87.048400	65.523100	54.830400	74.248600	58.201500	78.559700	145.679000	161.199000	184.138000	155.165000	152.347000	178.758000	172.632000	154.832000	129.870000	153.193000	148.194000	132.600000	133.130000	98.337500	106.609000	139.454000	136.581000	121.746000	116.581000	104.741000	109.534000	126.030000	115.773000	124.692000	149.331000	151.141000	142.549000	141.603000	135.688000	133.072000	131.122000	110.155000	0.144000	0.000000	0.327987	0.000000	0.327668	0.000000	0.319157	0.000000	0.306603	0.000000	0.285038	0.000000	0.248976	0.000000	0.252416	0.045300	0.194148	0.426000	0.125450	0.636400	124.360000	147.484000	144.844000	155.543000	158.277000	186.840000	169.339000	160.338000	147.909000	152.977000	143.990000	138.110000	0.136137	0.860500	0.152700	1.423200	0.175650	0.826700	0.158906	1.100100	0.098306	0.443400	0.040389	0.267200	0.044485	0.006600	0.082395	0.000000	0.142683	0.000000	0.217039	0.000000	0.272643	0.000000	0.293769	0.000000	0.335307	0.000000	0.401058	0.000000	4.446360	0.000000	0.454404	0.351144	0.227712	0.609185	3.321410	1.925660	2.676410	0.000000	0.000000	15.410500	0.000000	5650.160000	355.443000	316.876000	153.073000	7.082690	10.083600	3.531480	1.968270	1.538450	1.348710	0.489052	
    4	129.000000	114.490000	114.490000	113.050000	113.120000	114.160000	123.450000	155.640000	165.500000	157.500000	139.500000	125.000000	119.310000	121.600000	130.000000	134.760000	141.000000	158.660000	167.620000	170.000000	179.070000	165.200000	150.000000	136.100000	8.680000	13.200000	13.200000	15.000000	15.000000	12.120000	12.600000	8.560000	9.320000	9.840000	8.560000	11.400000	11.280000	11.520000	10.440000	15.680000	8.320000	8.360000	5.160000	5.160000	5.160000	5.160000	5.160000	8.000000	133.000000	72.908500	55.857200	41.759700	43.963800	52.489900	88.659700	131.110000	138.525000	119.735000	79.968100	66.949700	66.621600	79.052200	69.309700	84.226500	156.251000	167.059000	185.259000	159.680000	162.705000	185.704000	172.510000	152.858000	129.870000	144.446000	130.150000	134.883000	118.351000	90.772600	105.153000	128.128000	125.448000	121.112000	112.999000	102.564000	111.042000	130.648000	129.799000	144.215000	168.310000	167.695000	156.266000	152.639000	132.313000	133.585000	131.678000	119.497000	0.144000	0.000000	0.345568	0.000000	0.337361	0.000000	0.319387	0.000000	0.306518	0.000000	0.264947	0.000000	0.211800	0.000000	0.225741	0.034100	0.220197	0.361600	0.216692	0.545600	124.360000	137.792000	137.063000	147.595000	157.722000	176.416000	194.615000	169.226000	135.504000	146.191000	142.971000	139.201000	0.275865	0.742700	0.340200	0.951800	0.353552	0.744600	0.464184	0.640100	0.332476	0.603600	0.388719	0.264300	0.394077	0.008600	0.447264	0.000000	0.506318	0.000000	0.544741	0.000000	0.537595	0.000000	0.534157	0.000000	0.528343	0.000000	0.471975	0.000000	4.446360	0.000000	0.497021	0.160335	0.000000	0.046643	3.386220	1.736830	2.781540	0.000000	0.000000	0.804937	0.000000	5756.100000	374.578000	330.268000	143.157000	6.554120	0.930365	3.466090	1.915060	1.739480	1.326930	0.377318	
    5	129.000000	114.490000	114.490000	113.050000	113.120000	114.160000	123.450000	155.640000	165.500000	157.500000	139.500000	125.000000	119.310000	121.600000	130.000000	134.760000	141.000000	158.660000	167.620000	170.000000	179.070000	165.200000	150.000000	136.100000	8.680000	13.200000	13.200000	15.000000	15.000000	12.120000	12.600000	8.560000	9.320000	9.840000	8.560000	11.400000	11.280000	11.520000	10.440000	15.680000	8.320000	8.360000	5.160000	5.160000	5.160000	5.160000	5.160000	8.000000	133.000000	83.378500	70.210200	56.040100	53.185700	63.502200	96.678600	146.083000	152.190000	136.350000	95.976800	68.005000	65.073600	75.862500	67.286400	80.675400	147.554000	163.046000	180.073000	164.398000	159.413000	185.479000	169.544000	154.959000	129.870000	141.774000	140.250000	135.913000	137.533000	112.608000	118.699000	148.093000	154.860000	143.600000	116.390000	109.601000	114.931000	126.064000	132.184000	146.512000	171.447000	167.372000	148.390000	156.769000	161.854000	165.224000	154.562000	134.090000	0.144000	0.000000	0.320449	0.000000	0.311893	0.000000	0.295377	0.000000	0.375526	0.000000	0.370032	0.000000	0.350519	0.000000	0.315439	0.031200	0.337411	0.176300	0.309123	0.472000	124.360000	129.765000	120.354000	130.717000	146.856000	164.962000	147.137000	154.992000	119.800000	148.801000	131.863000	120.548000	0.271079	0.438700	0.000000	0.260000	0.000000	0.318800	0.000000	0.495300	0.032598	0.412200	0.079921	0.171200	0.140665	0.005800	0.203232	0.000000	0.253595	0.000000	0.277607	0.000000	0.281454	0.000000	0.283964	0.000000	0.280386	0.000000	0.265577	0.000000	4.446360	0.000000	0.811473	0.000000	0.123132	0.000000	3.188250	1.476860	3.258030	0.000000	0.000000	5.618990	0.000000	5683.030000	353.412000	321.734000	153.898000	7.690620	13.344100	3.441740	2.127160	1.888440	1.678400	0.657574	
    6	129.000000	114.490000	114.490000	113.050000	113.120000	114.160000	123.450000	155.640000	165.500000	157.500000	139.500000	125.000000	119.310000	121.600000	130.000000	134.760000	141.000000	158.660000	167.620000	170.000000	179.070000	165.200000	150.000000	136.100000	8.680000	13.200000	13.200000	15.000000	15.000000	12.120000	12.600000	8.560000	9.320000	9.840000	8.560000	11.400000	11.280000	11.520000	10.440000	15.680000	8.320000	8.360000	5.160000	5.160000	5.160000	5.160000	5.160000	8.000000	133.000000	72.908500	55.857200	41.759700	43.963800	52.489900	88.659700	131.110000	138.525000	119.735000	79.968100	66.949700	66.621600	79.052200	69.309700	84.226500	156.251000	167.059000	185.259000	159.680000	162.705000	185.704000	172.510000	152.858000	129.870000	144.446000	130.150000	134.883000	118.351000	90.772600	105.153000	128.128000	125.448000	121.112000	112.999000	102.564000	111.042000	130.648000	129.799000	144.215000	168.310000	167.695000	156.266000	152.639000	132.313000	133.585000	131.678000	119.497000	0.144000	0.000000	0.345568	0.000000	0.337361	0.000000	0.319387	0.000000	0.306518	0.000000	0.264947	0.000000	0.211800	0.000000	0.225741	0.034100	0.220197	0.361600	0.216692	0.545600	124.360000	137.792000	137.063000	147.595000	157.722000	176.416000	194.615000	169.226000	135.504000	146.191000	142.971000	139.201000	0.275865	0.742700	0.340200	0.951800	0.353552	0.744600	0.464184	0.640100	0.332476	0.603600	0.388719	0.264300	0.394077	0.008600	0.447264	0.000000	0.506318	0.000000	0.544741	0.000000	0.537595	0.000000	0.534157	0.000000	0.528343	0.000000	0.471975	0.000000	4.446360	0.421792	0.666000	0.816259	0.545678	1.696180	3.673070	1.901110	3.049970	0.000000	0.000000	4.726590	0.000000	5689.280000	362.769000	311.344000	165.630000	7.466760	35.191300	3.180000	1.854380	1.562030	1.509830	0.553074	
    7	129.000000	114.490000	114.490000	113.050000	113.120000	114.160000	123.450000	155.640000	165.500000	157.500000	139.500000	125.000000	119.310000	121.600000	130.000000	134.760000	141.000000	158.660000	167.620000	170.000000	179.070000	165.200000	150.000000	136.100000	8.680000	13.200000	13.200000	15.000000	15.000000	12.120000	12.600000	8.560000	9.320000	9.840000	8.560000	11.400000	11.280000	11.520000	10.440000	15.680000	8.320000	8.360000	5.160000	5.160000	5.160000	5.160000	5.160000	8.000000	133.000000	73.473700	56.051100	45.417500	47.240900	54.125400	91.066900	126.270000	156.650000	131.878000	87.048400	65.523100	54.830400	74.248600	58.201500	78.559700	145.679000	161.199000	184.138000	155.165000	152.347000	178.758000	172.632000	154.832000	129.870000	138.574000	131.557000	129.970000	120.887000	115.148000	110.802000	132.854000	142.455000	141.040000	127.773000	90.729900	94.740600	103.912000	103.949000	116.583000	141.876000	138.616000	143.238000	143.174000	141.448000	137.944000	132.586000	104.844000	0.144000	0.000000	0.309915	0.000000	0.301025	0.000000	0.267761	0.000000	0.238859	0.000000	0.243883	0.000000	0.220019	0.000000	0.206278	0.023700	0.250403	0.233800	0.227999	0.508900	124.360000	141.584000	138.975000	153.887000	163.069000	178.185000	170.045000	163.010000	139.652000	150.910000	145.355000	140.244000	0.210336	0.729000	0.269303	0.774700	0.326511	0.684300	0.347927	0.596800	0.380259	0.444000	0.367409	0.213900	0.446289	0.004500	0.515010	0.000000	0.542172	0.000000	0.576754	0.000000	0.576359	0.000000	0.567280	0.000000	0.580948	0.000000	0.557425	0.000000	4.446360	0.271360	0.905347	0.000000	0.000000	0.746113	3.981840	1.809280	2.442970	0.000000	0.000000	8.309390	0.000000	5725.460000	381.662000	332.495000	132.202000	5.980730	0.000000	3.393760	1.893250	1.357910	1.033850	0.274428	
    8	129.000000	114.490000	114.490000	113.050000	113.120000	114.160000	123.450000	155.640000	165.500000	157.500000	139.500000	125.000000	119.310000	121.600000	130.000000	134.760000	141.000000	158.660000	167.620000	170.000000	179.070000	165.200000	150.000000	136.100000	8.680000	13.200000	13.200000	15.000000	15.000000	12.120000	12.600000	8.560000	9.320000	9.840000	8.560000	11.400000	11.280000	11.520000	10.440000	15.680000	8.320000	8.360000	5.160000	5.160000	5.160000	5.160000	5.160000	8.000000	133.000000	81.196700	64.110600	52.152300	50.452700	64.228700	92.957300	145.040000	150.637000	117.994000	81.913800	60.966400	48.732500	65.718900	61.151900	71.123200	148.724000	165.327000	185.975000	151.562000	160.089000	195.363000	180.191000	163.471000	129.870000	145.646000	130.214000	123.365000	119.998000	104.527000	111.387000	137.983000	141.327000	137.761000	111.062000	104.030000	106.494000	112.311000	119.320000	129.047000	167.206000	166.424000	153.857000	148.081000	131.164000	141.706000	128.634000	110.583000	0.144000	0.000000	0.325402	0.000000	0.318651	0.000000	0.280541	0.000000	0.229816	0.000000	0.179610	0.000000	0.162078	0.000000	0.177232	0.032200	0.159162	0.290300	0.052478	0.451200	124.360000	138.568000	132.920000	147.335000	159.355000	165.391000	171.551000	160.221000	131.155000	136.958000	132.729000	111.835000	0.000000	0.670600	0.000000	1.048800	0.034219	0.702300	0.082394	0.666100	0.150836	0.480800	0.231814	0.306000	0.338493	0.012000	0.421074	0.000000	0.475545	0.000000	0.497713	0.000000	0.458497	0.000000	0.410378	0.000000	0.369965	0.000000	0.311919	0.000000	4.446360	0.445555	1.143820	0.000000	0.000000	0.000000	3.958960	1.565960	2.587510	0.000000	0.000000	7.316580	0.000000	5693.610000	359.677000	313.490000	154.859000	4.754360	0.000000	3.177920	2.026660	1.530270	1.207470	0.172476	
    9	129.000000	114.490000	114.490000	113.050000	113.120000	114.160000	123.450000	155.640000	165.500000	157.500000	139.500000	125.000000	119.310000	121.600000	130.000000	134.760000	141.000000	158.660000	167.620000	170.000000	179.070000	165.200000	150.000000	136.100000	8.680000	13.200000	13.200000	15.000000	15.000000	12.120000	12.600000	8.560000	9.320000	9.840000	8.560000	11.400000	11.280000	11.520000	10.440000	15.680000	8.320000	8.360000	5.160000	5.160000	5.160000	5.160000	5.160000	8.000000	133.000000	83.378500	70.210200	55.323700	54.550600	56.417400	86.282300	141.270000	141.631000	107.299000	87.048400	65.523100	54.830400	74.248600	58.201500	78.559700	145.679000	161.199000	184.138000	155.165000	152.347000	178.758000	172.632000	154.832000	129.870000	143.878000	143.301000	132.800000	131.045000	106.325000	106.534000	133.551000	138.818000	124.389000	106.980000	104.625000	110.386000	122.314000	117.716000	118.170000	149.504000	146.844000	146.997000	130.505000	135.592000	154.104000	131.182000	101.819000	0.144000	0.000000	0.212966	0.000000	0.201221	0.000000	0.193040	0.000000	0.193196	0.000000	0.189174	0.000000	0.201078	0.000000	0.264338	0.023200	0.273883	0.387800	0.259453	0.611100	124.360000	103.704000	101.779000	114.966000	125.604000	148.600000	127.139000	159.416000	157.077000	182.412000	145.235000	144.317000	0.256205	0.554000	0.281586	0.629000	0.316792	0.506400	0.337437	0.866800	0.351334	0.843900	0.393664	0.510700	0.404059	0.011500	0.433690	0.000000	0.485302	0.000000	0.522864	0.000000	0.521027	0.000000	0.516140	0.000000	0.497083	0.000000	0.459766	0.000000	4.446360	0.000000	0.000000	0.125289	0.000000	0.000000	0.796025	1.452150	2.833410	0.000000	0.000000	0.000000	0.000000	5703.740000	358.547000	323.899000	143.622000	6.560110	0.000000	3.433610	1.948820	1.700830	1.354740	0.396822	
   10	129.000000	114.490000	114.490000	113.050000	113.120000	114.160000	123.450000	155.640000	165.500000	157.500000	139.500000	125.000000	119.310000	121.600000	130.000000	134.760000	141.000000	158.660000	167.620000	170.000000	179.070000	165.200000	150.000000	136.100000	8.680000	13.200000	13.200000	15.000000	15.000000	12.120000	12.600000	8.560000	9.320000	9.840000	8.560000	11.400000	11.280000	11.520000	10.440000	15.680000	8.320000	8.360000	5.160000	5.160000	5.160000	5.160000	5.160000	8.000000	133.000000	72.908500	55.857200	41.759700	43.963800	52.489900	88.659700	131.110000	138.525000	119.735000	79.968100	66.949700	66.621600	79.052200	69.309700	84.226500	156.251000	167.059000	185.259000	159.680000	162.705000	185.704000	172.510000	152.858000	129.870000	144.446000	130.150000	134.883000	118.351000	90.772600	105.153000	128.128000	125.448000	121.112000	112.999000	102.564000	111.042000	130.648000	129.799000	144.215000	168.310000	167.695000	156.266000	152.639000	132.313000	133.585000	131.678000	119.497000	0.144000	0.000000	0.345568	0.000000	0.337361	0.000000	0.319387	0.000000	0.306518	0.000000	0.354891	0.000000	0.461191	0.000000	0.421563	0.030800	0.521609	0.295100	0.564535	0.450000	124.360000	157.517000	159.144000	153.887000	163.069000	178.185000	170.045000	163.010000	139.652000	150.910000	145.355000	139.430000	0.575221	0.597300	0.440834	0.717000	0.434315	0.592700	0.477766	0.681900	0.514107	0.464000	0.434303	0.252700	0.452692	0.008000	0.509061	0.000000	0.557953	0.000000	0.543664	0.000000	0.613875	0.000000	0.615525	0.000000	0.542124	0.000000	0.530844	0.000000	4.446360	0.000000	0.547548	0.051960	0.000000	0.000000	3.426630	1.727480	2.649100	0.000000	0.000000	0.000000	0.000000	5852.250000	377.481000	326.758000	156.904000	5.909110	0.000000	3.668580	1.961390	1.636960	1.235940	0.199012	
   11	129.000000	114.490000	114.490000	113.050000	113.120000	114.160000	123.450000	155.640000	165.500000	157.500000	139.500000	125.000000	119.310000	121.600000	130.000000	134.760000	141.000000	158.660000	167.620000	170.000000	179.070000	165.200000	150.000000	136.100000	8.680000	13.200000	13.200000	15.000000	15.000000	12.120000	12.600000	8.560000	9.320000	9.840000	8.560000	11.400000	11.280000	11.520000	10.440000	15.680000	8.320000	8.360000	5.160000	5.160000	5.160000	5.160000	5.160000	8.000000	133.000000	81.196700	64.110600	52.152300	50.452700	64.228700	92.957300	145.040000	150.637000	117.994000	81.913800	60.966400	48.732500	65.718900	61.151900	71.123200	148.724000	165.327000	185.975000	151.562000	160.089000	195.363000	180.191000	163.471000	129.870000	145.646000	130.214000	123.365000	119.998000	104.527000	111.387000	137.983000	141.327000	137.761000	111.062000	104.030000	106.494000	112.311000	119.320000	129.047000	167.206000	166.424000	153.857000	148.081000	131.164000	141.706000	128.634000	110.583000	0.144000	0.000000	0.325402	0.000000	0.318651	0.000000	0.280541	0.000000	0.285038	0.000000	0.264439	0.000000	0.256619	0.000000	0.260572	0.061000	0.230479	0.494300	0.173828	0.583300	124.360000	148.155000	142.809000	155.040000	165.456000	195.949000	201.096000	186.474000	187.033000	188.413000	168.771000	150.793000	0.163397	0.645200	0.197477	0.842400	0.240809	0.755300	0.276977	0.587100	0.308850	0.669200	0.342287	0.329600	0.352904	0.006400	0.419044	0.000000	0.524069	0.000000	0.551102	0.000000	0.514400	0.000000	0.478802	0.000000	0.440289	0.000000	0.425487	0.000000	4.446360	0.110628	0.774772	0.000000	0.000000	0.000000	3.508850	1.935460	3.073720	0.147232	0.000000	19.390300	2.887390	5602.560000	370.937000	322.104000	133.025000	6.503030	17.265900	3.318100	2.061300	1.608570	1.225530	0.062389	
   12	129.000000	114.490000	114.490000	113.050000	113.120000	114.160000	123.450000	155.640000	165.500000	157.500000	139.500000	125.000000	119.310000	121.600000	130.000000	134.760000	141.000000	158.660000	167.620000	170.000000	179.070000	165.200000	150.000000	136.100000	8.680000	13.200000	13.200000	15.000000	15.000000	12.120000	12.600000	8.560000	9.320000	9.840000	8.560000	11.400000	11.280000	11.520000	10.440000	15.680000	8.320000	8.360000	5.160000	5.160000	5.160000	5.160000	5.160000	8.000000	133.000000	73.473700	56.051100	45.417500	47.240900	54.125400	91.066900	126.270000	156.650000	131.878000	87.048400	65.523100	54.830400	74.248600	58.201500	78.559700	145.679000	161.199000	184.138000	155.165000	152.347000	178.758000	172.632000	154.832000	129.870000	138.574000	131.557000	129.970000	120.887000	115.148000	110.802000	132.854000	142.455000	141.040000	127.773000	90.729900	94.740600	103.912000	103.949000	116.583000	141.876000	138.616000	143.238000	143.174000	141.448000	137.944000	132.586000	104.844000	0.144000	0.000000	0.309915	0.000000	0.301025	0.000000	0.267761	0.000000	0.238859	0.000000	0.243883	0.000000	0.220019	0.000000	0.206278	0.023700	0.250403	0.233800	0.227999	0.508900	124.360000	141.584000	138.975000	153.887000	163.069000	178.185000	170.045000	163.010000	139.652000	150.910000	145.355000	140.244000	0.210336	0.729000	0.269303	0.774700	0.326511	0.684300	0.347927	0.596800	0.380259	0.444000	0.367409	0.213900	0.446289	0.004500	0.515010	0.000000	0.542172	0.000000	0.576754	0.000000	0.576359	0.000000	0.567280	0.000000	0.580948	0.000000	0.557425	0.000000	4.446360	0.271360	0.905347	0.000000	0.000000	0.746113	3.981840	1.809280	2.442970	0.000000	0.000000	8.309390	0.000000	5725.460000	381.662000	332.495000	132.202000	5.980730	0.000000	3.393760	1.893250	1.357910	1.033850	0.274428	
   13	129.000000	114.490000	114.490000	113.050000	113.120000	114.160000	123.450000	155.640000	165.500000	157.500000	139.500000	125.000000	119.310000	121.600000	130.000000	134.760000	141.000000	158.660000	167.620000	170.000000	179.070000	165.200000	150.000000	136.100000	8.680000	13.200000	13.200000	15.000000	15.000000	12.120000	12.600000	8.560000	9.320000	9.840000	8.560000	11.400000	11.280000	11.520000	10.440000	15.680000	8.320000	8.360000	5.160000	5.160000	5.160000	5.160000	5.160000	8.000000	133.000000	72.908500	55.857200	41.759700	43.963800	52.489900	88.659700	131.110000	138.525000	119.735000	79.968100	66.949700	66.621600	79.052200	69.309700	84.226500	156.251000	167.059000	185.259000	159.680000	162.705000	185.704000	172.510000	152.858000	129.870000	144.446000	130.150000	134.883000	118.351000	90.772600	105.153000	128.128000	125.448000	121.112000	112.999000	102.564000	111.042000	130.648000	129.799000	144.215000	168.310000	167.695000	156.266000	152.639000	132.313000	133.585000	131.678000	119.497000	0.144000	0.000000	0.345568	0.000000	0.337361	0.000000	0.319387	0.000000	0.306518	0.000000	0.354891	0.000000	0.461191	0.000000	0.421563	0.030800	0.521609	0.295100	0.564535	0.450000	124.360000	157.517000	159.144000	153.887000	163.069000	178.185000	170.045000	163.010000	139.652000	150.910000	145.355000	139.430000	0.575221	0.597300	0.440834	0.717000	0.434315	0.592700	0.477766	0.681900	0.514107	0.464000	0.434303	0.252700	0.452692	0.008000	0.509061	0.000000	0.557953	0.000000	0.543664	0.000000	0.613875	0.000000	0.615525	0.000000	0.542124	0.000000	0.530844	0.000000	4.446360	0.000000	0.547548	0.051960	0.000000	0.000000	3.426630	1.727480	2.649100	0.000000	0.000000	0.000000	0.000000	5852.250000	377.481000	326.758000	156.904000	5.909110	0.000000	3.668580	1.961390	1.636960	1.235940	0.199012	
   14	129.000000	114.490000	114.490000	113.050000	113.120000	114.160000	123.450000	155.640000	165.500000	157.500000	139.500000	125.000000	119.310000	121.600000	130.000000	134.760000	141.000000	158.660000	167.620000	170.000000	179.070000	165.200000	150.000000	136.100000	8.680000	13.200000	13.200000	15.000000	15.000000	12.120000	12.600000	8.560000	9.320000	9.840000	8.560000	11.400000	11.280000	11.520000	10.440000	15.680000	8.320000	8.360000	5.160000	5.160000	5.160000	5.160000	5.160000	8.000000	133.000000	72.908500	55.857200	41.759700	43.963800	52.489900	88.659700	131.110000	138.525000	119.735000	79.968100	66.949700	66.621600	79.052200	69.309700	84.226500	156.251000	167.059000	185.259000	159.680000	162.705000	185.704000	172.510000	152.858000	129.870000	144.446000	130.150000	134.883000	118.351000	90.772600	105.153000	128.128000	125.448000	121.112000	112.999000	102.564000	111.042000	130.648000	129.799000	144.215000	168.310000	167.695000	156.266000	152.639000	132.313000	133.585000	131.678000	119.497000	0.144000	0.000000	0.345568	0.000000	0.337361	0.000000	0.319387	0.000000	0.306518	0.000000	0.272366	0.000000	0.247948	0.000000	0.231156	0.035000	0.194905	0.159400	0.104773	0.615300	124.360000	128.807000	137.563000	150.720000	158.816000	172.142000	155.808000	164.453000	144.800000	149.106000	142.095000	137.616000	0.040399	0.745600	0.024666	1.024700	0.034023	0.543500	0.342503	0.765700	0.383950	0.324900	0.414969	0.160900	0.445931	0.006400	0.476779	0.000000	0.506448	0.000000	0.521630	0.000000	0.513654	0.000000	0.500049	0.000000	0.468683	0.000000	0.424653	0.000000	4.446360	0.406759	1.285550	0.000000	0.000000	1.341030	3.717410	1.938760	2.669580	0.000000	0.000000	6.011060	0.000000	5742.650000	365.518000	326.162000	150.570000	7.181600	22.761200	3.185300	2.008010	1.636730	1.303090	0.388847	
   15	129.000000	114.490000	114.490000	113.050000	113.120000	114.160000	123.450000	155.640000	165.500000	157.500000	139.500000	125.000000	119.310000	121.600000	130.000000	134.760000	141.000000	158.660000	167.620000	170.000000	179.070000	165.200000	150.000000	136.100000	8.680000	13.200000	13.200000	15.000000	15.000000	12.120000	12.600000	8.560000	9.320000	9.840000	8.560000	11.400000	11.280000	11.520000	10.440000	15.680000	8.320000	8.360000	5.160000	5.160000	5.160000	5.160000	5.160000	8.000000	133.000000	83.378500	70.210200	56.040100	53.185700	63.502200	96.678600	146.083000	152.190000	136.350000	95.976800	68.005000	65.073600	75.862500	67.286400	80.675400	147.554000	163.046000	180.073000	164.398000	159.413000	185.479000	169.544000	154.959000	129.870000	150.124000	126.220000	109.898000	106.062000	96.501100	98.982600	143.790000	139.606000	131.350000	110.786000	99.916500	109.323000	117.611000	124.372000	132.105000	161.609000	157.052000	166.041000	165.572000	145.539000	143.719000	144.645000	121.840000	0.144000	0.000000	0.338580	0.000000	0.203364	0.000000	0.203079	0.000000	0.190944	0.000000	0.141965	0.000000	0.090333	0.000000	0.033745	0.026800	0.000000	0.326900	0.000000	0.457000	124.360000	114.022000	114.074000	125.828000	128.723000	148.344000	135.059000	163.801000	135.504000	146.191000	142.971000	139.201000	0.000000	0.646200	0.000000	0.484700	0.074832	0.589800	0.121442	0.461500	0.108542	0.571800	0.117536	0.249500	0.230954	0.007600	0.410373	0.000000	0.512174	0.000000	0.556463	0.000000	0.580478	0.000000	0.594961	0.000000	0.573799	0.000000	0.534615	0.000000	4.446360	0.150377	0.000000	1.507060	0.000000	0.000000	2.460770	4.065360	3.313990	0.000000	0.000000	0.000000	0.000000	6210.860000	503.389000	343.155000	117.698000	7.827590	0.000000	3.480550	3.574120	2.480050	0.998787	0.777915	
   16	129.000000	114.490000	114.490000	113.050000	113.120000	114.160000	123.450000	155.640000	165.500000	157.500000	139.500000	125.000000	119.310000	121.600000	130.000000	134.760000	141.000000	158.660000	167.620000	170.000000	179.070000	165.200000	150.000000	136.100000	8.680000	13.200000	13.200000	15.000000	15.000000	12.120000	12.600000	8.560000	9.320000	9.840000	8.560000	11.400000	11.280000	11.520000	10.440000	15.680000	8.320000	8.360000	5.160000	5.160000	5.160000	5.160000	5.160000	8.000000	133.000000	72.908500	55.857200	41.759700	43.963800	52.489900	88.659700	131.110000	138.525000	119.735000	79.968100	66.949700	66.621600	79.052200	69.309700	84.226500	156.251000	167.059000	185.259000	159.680000	162.705000	185.704000	172.510000	152.858000	129.870000	144.446000	130.150000	134.883000	118.351000	90.772600	105.153000	128.128000	125.448000	121.112000	112.999000	102.564000	111.042000	130.648000	129.799000	144.215000	168.310000	167.695000	156.266000	152.639000	132.313000	133.585000	131.678000	119.497000	0.144000	0.000000	0.345568	0.000000	0.337361	0.000000	0.319387	0.000000	0.306518	0.000000	0.354891	0.000000	0.461191	0.000000	0.421563	0.030800	0.521609	0.295100	0.564535	0.450000	124.360000	157.517000	159.144000	153.887000	163.069000	178.185000	170.045000	163.010000	139.652000	150.910000	145.355000	139.430000	0.575221	0.597300	0.440834	0.717000	0.434315	0.592700	0.477766	0.681900	0.514107	0.464000	0.434303	0.252700	0.452692	0.008000	0.509061	0.000000	0.557953	0.000000	0.543664	0.000000	0.613875	0.000000	0.615525	0.000000	0.542124	0.000000	0.530844	0.000000	4.446360	0.000000	0.547548	0.051960	0.000000	0.000000	3.426630	1.727480	2.649100	0.000000	0.000000	0.000000	0.000000	5852.250000	377.481000	326.758000	156.904000	5.909110	0.000000	3.668580	1.961390	1.636960	1.235940	0.199012	
   17	129.000000	114.490000	114.490000	113.050000	113.120000	114.160000	123.450000	155.640000	165.500000	157.500000	139.500000	125.000000	119.310000	121.600000	130.000000	134.760000	141.000000	158.660000	167.620000	170.000000	179.070000	165.200000	150.000000	136.100000	8.680000	13.200000	13.200000	15.000000	15.000000	12.120000	12.600000	8.560000	9.320000	9.840000	8.560000	11.400000	11.280000	11.520000	10.440000	15.680000	8.320000	8.360000	5.160000	5.160000	5.160000	5.160000	5.160000	8.000000	133.000000	72.908500	55.857200	41.759700	43.963800	52.489900	88.659700	131.110000	138.525000	119.735000	79.968100	66.949700	66.621600	79.052200	69.309700	84.226500	156.251000	167.059000	185.259000	159.680000	162.705000	185.704000	172.510000	152.858000	129.870000	144.446000	130.150000	134.883000	118.351000	90.772600	105.153000	128.128000	125.448000	121.112000	112.999000	102.564000	111.042000	130.648000	129.799000	144.215000	168.310000	167.695000	156.266000	152.639000	132.313000	133.585000	131.678000	119.497000	0.144000	0.000000	0.345568	0.000000	0.337361	0.000000	0.319387	0.000000	0.306518	0.000000	0.264947	0.000000	0.211800	0.000000	0.225741	0.034100	0.220197	0.361600	0.216692	0.545600	124.360000	137.792000	137.063000	147.595000	157.722000	176.416000	194.615000	169.226000	135.504000	146.191000	142.971000	139.201000	0.275865	0.742700	0.340200	0.951800	0.353552	0.744600	0.464184	0.640100	0.332476	0.603600	0.388719	0.264300	0.394077	0.008600	0.447264	0.000000	0.506318	0.000000	0.544741	0.000000	0.537595	0.000000	0.534157	0.000000	0.528343	0.000000	0.471975	0.000000	4.446360	0.287660	0.756241	1.013340	0.743038	0.000000	2.527650	1.764170	3.142780	0.536940	0.000000	0.000000	0.000000	5832.390000	383.028000	331.808000	142.698000	5.696230	0.000000	3.424530	1.943000	1.701560	1.395220	0.589442	
   18	129.000000	114.490000	114.490000	113.050000	113.120000	114.160000	123.450000	155.640000	165.500000	157.500000	139.500000	125.000000	119.310000	121.600000	130.000000	134.760000	141.000000	158.660000	167.620000	170.000000	179.070000	165.200000	150.000000	136.100000	8.680000	13.200000	13.200000	15.000000	15.000000	12.120000	12.600000	8.560000	9.320000	9.840000	8.560000	11.400000	11.280000	11.520000	10.440000	15.680000	8.320000	8.360000	5.160000	5.160000	5.160000	5.160000	5.160000	8.000000	133.000000	73.473700	56.051100	45.417500	47.240900	54.125400	91.066900	126.270000	156.650000	131.878000	87.048400	65.523100	54.830400	74.248600	58.201500	78.559700	145.679000	161.199000	184.138000	155.165000	152.347000	178.758000	172.632000	154.832000	129.870000	138.574000	131.557000	129.970000	120.887000	115.148000	110.802000	132.854000	142.455000	141.040000	127.773000	90.729900	94.740600	103.912000	103.949000	116.583000	141.876000	138.616000	143.238000	143.174000	141.448000	137.944000	132.586000	104.844000	0.144000	0.000000	0.309915	0.000000	0.301025	0.000000	0.267761	0.000000	0.238859	0.000000	0.243883	0.000000	0.220019	0.000000	0.206278	0.023700	0.250403	0.233800	0.227999	0.508900	124.360000	141.584000	138.975000	153.887000	163.069000	178.185000	170.045000	163.010000	139.652000	150.910000	145.355000	140.244000	0.210336	0.729000	0.269303	0.774700	0.326511	0.684300	0.347927	0.596800	0.380259	0.444000	0.367409	0.213900	0.446289	0.004500	0.515010	0.000000	0.542172	0.000000	0.576754	0.000000	0.576359	0.000000	0.567280	0.000000	0.580948	0.000000	0.557425	0.000000	4.446360	0.271360	0.905347	0.000000	0.000000	0.746113	3.981840	1.809280	2.442970	0.000000	0.000000	8.309390	0.000000	5725.460000	381.662000	332.495000	132.202000	5.980730	0.000000	3.393760	1.893250	1.357910	1.033850	0.274428	
   19	129.000000	114.490000	114.490000	113.050000	113.120000	114.160000	123.450000	155.640000	165.500000	157.500000	139.500000	125.000000	119.310000	121.600000	130.000000	134.760000	141.000000	158.660000	167.620000	170.000000	179.070000	165.200000	150.000000	136.100000	8.680000	13.200000	13.200000	15.000000	15.000000	12.120000	12.600000	8.560000	9.320000	9.840000	8.560000	11.400000	11.280000	11.520000	10.440000	15.680000	8.320000	8.360000	5.160000	5.160000	5.160000	5.160000	5.160000	8.000000	133.000000	72.908500	55.857200	41.759700	43.963800	52.489900	88.659700	131.110000	138.525000	119.735000	79.968100	66.949700	66.621600	79.052200	69.309700	84.226500	156.251000	167.059000	185.259000	159.680000	162.705000	185.704000	172.510000	152.858000	129.870000	144.446000	130.150000	134.883000	118.351000	90.772600	105.153000	128.128000	125.448000	121.112000	112.999000	102.564000	111.042000	130.648000	129.799000	144.215000	168.310000	167.695000	156.266000	152.639000	132.313000	133.585000	131.678000	119.497000	0.144000	0.000000	0.345568	0.000000	0.337361	0.000000	0.319387	0.000000	0.306518	0.000000	0.354891	0.000000	0.461191	0.000000	0.421563	0.030800	0.521609	0.295100	0.564535	0.450000	124.360000	157.517000	159.144000	153.887000	163.069000	178.185000	170.045000	163.010000	139.652000	150.910000	145.355000	139.430000	0.575221	0.597300	0.440834	0.717000	0.434315	0.592700	0.477766	0.681900	0.514107	0.464000	0.434303	0.252700	0.452692	0.008000	0.509061	0.000000	0.557953	0.000000	0.543664	0.000000	0.613875	0.000000	0.615525	0.000000	0.542124	0.000000	0.530844	0.000000	4.446360	0.000000	0.547548	0.051960	0.000000	0.000000	3.426630	1.727480	2.649100	0.000000	0.000000	0.000000	0.000000	5852.250000	377.481000	326.758000	156.904000	5.909110	0.000000	3.668580	1.961390	1.636960	1.235940	0.199012	
   20	129.000000	114.490000	114.490000	113.050000	113.120000	114.160000	123.450000	155.640000	165.500000	157.500000	139.500000	125.000000	119.310000	121.600000	130.000000	134.760000	141.000000	158.660000	167.620000	170.000000	179.070000	165.200000	150.000000	136.100000	8.680000	13.200000	13.200000	15.000000	15.000000	12.120000	12.600000	8.560000	9.320000	9.840000	8.560000	11.400000	11.280000	11.520000	10.440000	15.680000	8.320000	8.360000	5.160000	5.160000	5.160000	5.160000	5.160000	8.000000	133.000000	83.378500	70.210200	56.040100	53.185700	63.502200	96.678600	146.083000	152.190000	136.350000	95.976800	68.005000	65.073600	75.862500	67.286400	80.675400	147.554000	163.046000	180.073000	164.398000	159.413000	185.479000	169.544000	154.959000	129.870000	131.821000	134.880000	114.304000	103.342000	100.994000	117.137000	144.094000	143.846000	140.536000	89.347500	85.640300	99.023800	103.209000	103.767000	111.699000	142.450000	144.117000	142.266000	153.522000	146.844000	151.360000	129.722000	113.258000	0.144000	0.000000	0.353488	0.000000	0.522974	0.000000	0.445624	0.000000	0.320926	0.000000	0.205456	0.000000	0.267561	0.000000	0.257535	0.033500	0.256871	0.370400	0.262154	0.703600	124.360000	142.788000	138.874000	139.975000	140.251000	159.537000	169.680000	158.503000	130.234000	154.808000	140.115000	134.928000	0.282218	0.598800	0.331089	0.593000	0.378441	0.384000	0.399410	0.583000	0.406754	0.497300	0.416929	0.286100	0.452692	0.007300	0.503381	0.000000	0.557953	0.000000	0.591408	0.000000	0.613875	0.000000	0.615525	0.000000	0.581616	0.000000	0.534355	0.000000	4.446360	0.000000	0.503070	1.280260	0.000000	0.000000	3.194790	1.484250	2.725790	0.000000	0.000000	0.000000	0.000000	6181.960000	388.177000	347.459000	163.225000	5.637550	24.298800	3.438300	2.028720	1.592790	1.228960	0.046042	
   21	129.000000	114.490000	114.490000	113.050000	113.120000	114.160000	123.450000	155.640000	165.500000	157.500000	139.500000	125.000000	119.310000	121.600000	130.000000	134.760000	141.000000	158.660000	167.620000	170.000000	179.070000	165.200000	150.000000	136.100000	8.680000	13.200000	13.200000	15.000000	15.000000	12.120000	12.600000	8.560000	9.320000	9.840000	8.560000	11.400000	11.280000	11.520000	10.440000	15.680000	8.320000	8.360000	5.160000	5.160000	5.160000	5.160000	5.160000	8.000000	133.000000	81.196700	64.110600	52.152300	50.452700	64.228700	92.957300	145.040000	150.637000	117.994000	81.913800	60.966400	48.732500	65.718900	61.151900	71.123200	148.724000	165.327000	185.975000	151.562000	160.089000	195.363000	180.191000	163.471000	129.870000	145.646000	130.214000	123.365000	119.998000	104.527000	111.387000	137.983000	141.327000	137.761000	111.062000	104.030000	106.494000	112.311000	119.320000	129.047000	167.206000	166.424000	153.857000	148.081000	131.164000	141.706000	128.634000	110.583000	0.144000	0.000000	0.325402	0.000000	0.318651	0.000000	0.280541	0.000000	0.229816	0.000000	0.179610	0.000000	0.162078	0.000000	0.177232	0.032200	0.159162	0.290300	0.052478	0.451200	124.360000	166.829000	159.733000	169.277000	178.097000	201.659000	174.003000	176.600000	139.227000	149.596000	143.802000	127.713000	0.055443	0.693300	0.050885	0.524400	0.051595	1.058900	0.061045	0.606700	0.089147	0.503100	0.117889	0.192300	0.142937	0.006000	0.142110	0.000000	0.157091	0.000000	0.176592	0.000000	0.197883	0.000000	0.210616	0.000000	0.201917	0.000000	0.189033	0.000000	4.446360	0.000000	0.000000	0.000000	0.000000	1.049310	3.417340	1.675990	3.467940	0.000000	0.000000	0.000000	0.000000	5681.680000	0.000000	378.403000	130.654000	8.932610	0.000000	3.992490	2.069530	1.648230	1.439310	0.378400	
   22	129.000000	114.490000	114.490000	113.050000	113.120000	114.160000	123.450000	155.640000	165.500000	157.500000	139.500000	125.000000	119.310000	121.600000	130.000000	134.760000	141.000000	158.660000	167.620000	170.000000	179.070000	165.200000	150.000000	136.100000	8.680000	13.200000	13.200000	15.000000	15.000000	12.120000	12.600000	8.560000	9.320000	9.840000	8.560000	11.400000	11.280000	11.520000	10.440000	15.680000	8.320000	8.360000	5.160000	5.160000	5.160000	5.160000	5.160000	8.000000	133.000000	83.378500	70.210200	56.040100	53.185700	63.502200	96.678600	146.083000	152.190000	136.350000	95.976800	68.005000	65.073600	75.862500	67.286400	80.675400	147.554000	163.046000	180.073000	164.398000	159.413000	185.479000	169.544000	154.959000	129.870000	133.675000	126.856000	135.442000	125.625000	95.532200	103.376000	133.427000	131.825000	142.448000	122.529000	129.612000	133.436000	143.469000	146.726000	154.533000	182.642000	159.717000	150.683000	152.363000	147.047000	157.132000	145.308000	132.156000	0.144000	0.000000	0.293791	0.000000	0.263723	0.000000	0.239168	0.000000	0.230606	0.000000	0.220086	0.000000	0.196467	0.000000	0.173801	0.016200	0.072486	0.136400	0.051565	0.518500	124.360000	122.894000	119.453000	128.867000	134.639000	140.800000	126.326000	119.327000	116.812000	133.594000	132.497000	139.430000	0.026756	0.464600	0.005800	0.394800	0.019061	0.251700	0.034914	0.259600	0.029222	0.215700	0.047516	0.060700	0.090182	0.002500	0.142718	0.000000	0.200584	0.000000	0.209284	0.000000	0.201640	0.000000	0.202968	0.000000	0.202002	0.000000	0.207036	0.000000	4.446360	0.000000	0.000000	0.000000	0.000000	0.000000	3.137720	1.286640	3.166500	0.000000	0.000000	0.000000	0.000000	5792.560000	387.965000	332.084000	141.294000	7.399500	0.000000	3.714240	2.004330	1.756710	1.391430	0.477123	
   23	129.000000	114.490000	114.490000	113.050000	113.120000	114.160000	123.450000	155.640000	165.500000	157.500000	139.500000	125.000000	119.310000	121.600000	130.000000	134.760000	141.000000	158.660000	167.620000	170.000000	179.070000	165.200000	150.000000	136.100000	8.680000	13.200000	13.200000	15.000000	15.000000	12.120000	12.600000	8.560000	9.320000	9.840000	8.560000	11.400000	11.280000	11.520000	10.440000	15.680000	8.320000	8.360000	5.160000	5.160000	5.160000	5.160000	5.160000	8.000000	133.000000	81.196700	64.110600	52.152300	50.452700	64.228700	92.957300	145.040000	150.637000	117.994000	81.913800	60.966400	48.732500	65.718900	61.151900	71.123200	148.724000	165.327000	185.975000	151.562000	160.089000	195.363000	180.191000	163.471000	129.870000	145.646000	130.214000	123.365000	119.998000	104.527000	111.387000	137.983000	141.327000	137.761000	111.062000	104.030000	106.494000	112.311000	119.320000	129.047000	167.206000	166.424000	153.857000	148.081000	131.164000	141.706000	128.634000	110.583000	0.144000	0.000000	0.325402	0.000000	0.318651	0.000000	0.280541	0.000000	0.287171	0.000000	0.332408	0.000000	0.309368	0.000000	0.328403	0.020000	0.305769	0.195600	0.285445	0.500200	124.360000	137.886000	133.478000	138.324000	159.847000	178.604000	198.512000	170.172000	122.133000	130.280000	130.505000	116.237000	0.432657	0.647500	0.449811	0.573700	0.524043	0.551000	0.528593	0.887800	0.505350	0.453700	0.435124	0.225800	0.480018	0.007200	0.491390	0.000000	0.517736	0.000000	0.548380	0.000000	0.563556	0.000000	0.512526	0.000000	0.342824	0.000000	0.321212	0.000000	4.446360	0.000000	0.000000	0.000000	0.000000	0.000000	2.330270	1.618070	2.533600	0.000000	0.000000	15.540300	1.879850	5671.840000	367.965000	327.397000	149.833000	7.123970	0.000000	3.587870	2.170850	1.690290	1.531310	0.615826	
   24	129.000000	114.490000	114.490000	113.050000	113.120000	114.160000	123.450000	155.640000	165.500000	157.500000	139.500000	125.000000	119.310000	121.600000	130.000000	134.760000	141.000000	158.660000	167.620000	170.000000	179.070000	165.200000	150.000000	136.100000	8.680000	13.200000	13.200000	15.000000	15.000000	12.120000	12.600000	8.560000	9.320000	9.840000	8.560000	11.400000	11.280000	11.520000	10.440000	15.680000	8.320000	8.360000	5.160000	5.160000	5.160000	5.160000	5.160000	8.000000	133.000000	83.378500	70.210200	56.040100	53.185700	63.502200	96.678600	146.083000	152.190000	136.350000	95.976800	68.005000	65.073600	75.862500	67.286400	80.675400	147.554000	163.046000	180.073000	164.398000	159.413000	185.479000	169.544000	154.959000	129.870000	143.699000	140.677000	134.882000	119.090000	114.967000	117.624000	148.914000	143.298000	143.205000	121.577000	122.459000	121.873000	126.512000	147.658000	147.778000	170.692000	168.555000	152.007000	158.449000	134.217000	136.678000	132.407000	122.823000	0.144000	0.000000	0.361788	0.000000	0.366691	0.000000	0.355250	0.000000	0.348125	0.000000	0.199281	0.000000	0.211800	0.000000	0.225741	0.054500	0.220197	0.256700	0.216692	0.349700	124.360000	108.574000	104.752000	115.805000	136.904000	155.477000	119.407000	146.973000	128.915000	149.371000	140.234000	127.966000	0.226064	0.508400	0.264984	0.753800	0.358247	0.690500	0.464184	0.600200	0.547597	0.461300	0.530781	0.269200	0.584474	0.012300	0.698866	0.000000	0.785859	0.000000	0.837168	0.000000	0.871574	0.000000	0.901891	0.000000	0.878248	0.000000	0.849547	0.000000	4.446360	0.000000	0.086527	0.000000	0.122145	0.000000	3.376960	2.071850	1.670750	0.018701	0.000000	0.000000	0.000000	5885.800000	375.511000	315.159000	178.978000	9.739930	0.000000	3.688290	2.195120	1.536740	1.495530	0.445865	
   25	129.000000	114.490000	114.490000	113.050000	113.120000	114.160000	123.450000	155.640000	165.500000	157.500000	139.500000	125.000000	119.310000	121.600000	130.000000	134.760000	141.000000	158.660000	167.620000	170.000000	179.070000	165.200000	150.000000	136.100000	8.680000	13.200000	13.200000	15.000000	15.000000	12.120000	12.600000	8.560000	9.320000	9.840000	8.560000	11.400000	11.280000	11.520000	10.440000	15.680000	8.320000	8.360000	5.160000	5.160000	5.160000	5.160000	5.160000	8.000000	133.000000	72.908500	55.857200	41.759700	43.963800	52.489900	88.659700	131.110000	138.525000	119.735000	79.968100	66.949700	66.621600	79.052200	69.309700	84.226500	156.251000	167.059000	185.259000	159.680000	162.705000	185.704000	172.510000	152.858000	129.870000	144.446000	130.150000	134.883000	118.351000	90.772600	105.153000	128.128000	125.448000	121.112000	112.999000	102.564000	111.042000	130.648000	129.799000	144.215000	168.310000	167.695000	156.266000	152.639000	132.313000	133.585000	131.678000	119.497000	0.144000	0.000000	0.345568	0.000000	0.337361	0.000000	0.319387	0.000000	0.306518	0.000000	0.354891	0.000000	0.461191	0.000000	0.421563	0.030800	0.521609	0.295100	0.564535	0.450000	124.360000	157.517000	159.144000	153.887000	163.069000	178.185000	170.045000	163.010000	139.652000	150.910000	145.355000	139.430000	0.575221	0.597300	0.440834	0.717000	0.434315	0.592700	0.477766	0.681900	0.514107	0.464000	0.434303	0.252700	0.452692	0.008000	0.509061	0.000000	0.557953	0.000000	0.543664	0.000000	0.613875	0.000000	0.615525	0.000000	0.542124	0.000000	0.530844	0.000000	4.446360	0.000000	0.547548	0.051960	0.000000	0.000000	3.426630	1.727480	2.649100	0.000000	0.000000	0.000000	0.000000	5852.250000	377.481000	326.758000	156.904000	5.909110	0.000000	3.668580	1.961390	1.636960	1.235940	0.199012	
   26	129.000000	114.490000	114.490000	113.050000	113.120000	114.160000	123.450000	155.640000	165.500000	157.500000	139.500000	125.000000	119.310000	121.600000	130.000000	134.760000	141.000000	158.660000	167.620000	170.000000	179.070000	165.200000	150.000000	136.100000	8.680000	13.200000	13.200000	15.000000	15.000000	12.120000	12.600000	8.560000	9.320000	9.840000	8.560000	11.400000	11.280000	11.520000	10.440000	15.680000	8.320000	8.360000	5.160000	5.160000	5.160000	5.160000	5.160000	8.000000	133.000000	72.908500	55.857200	41.759700	43.963800	52.489900	88.659700	131.110000	138.525000	119.735000	79.968100	66.949700	66.621600	79.052200	69.309700	84.226500	156.251000	167.059000	185.259000	159.680000	162.705000	185.704000	172.510000	152.858000	129.870000	144.446000	130.150000	134.883000	118.351000	90.772600	105.153000	128.128000	125.448000	121.112000	112.999000	102.564000	111.042000	130.648000	129.799000	144.215000	168.310000	167.695000	156.266000	152.639000	132.313000	133.585000	131.678000	119.497000	0.144000	0.000000	0.345568	0.000000	0.337361	0.000000	0.319387	0.000000	0.306518	0.000000	0.264947	0.000000	0.211800	0.000000	0.225741	0.034100	0.220197	0.361600	0.216692	0.545600	124.360000	137.792000	137.063000	147.595000	157.722000	176.416000	194.615000	169.226000	135.504000	146.191000	142.971000	139.201000	0.275865	0.742700	0.340200	0.951800	0.353552	0.744600	0.464184	0.640100	0.332476	0.603600	0.388719	0.264300	0.394077	0.008600	0.447264	0.000000	0.506318	0.000000	0.544741	0.000000	0.537595	0.000000	0.534157	0.000000	0.528343	0.000000	0.471975	0.000000	4.446360	0.482631	0.709952	0.439617	0.393953	0.000000	3.376960	2.071850	1.670750	0.018701	0.000000	0.000000	0.000000	5885.800000	375.511000	315.159000	178.978000	9.739930	0.000000	3.688290	2.195120	1.536740	1.495530	0.414336	
   27	129.000000	114.490000	114.490000	113.050000	113.120000	114.160000	123.450000	155.640000	165.500000	157.500000	139.500000	125.000000	119.310000	121.600000	130.000000	134.760000	141.000000	158.660000	167.620000	170.000000	179.070000	165.200000	150.000000	136.100000	8.680000	13.200000	13.200000	15.000000	15.000000	12.120000	12.600000	8.560000	9.320000	9.840000	8.560000	11.400000	11.280000	11.520000	10.440000	15.680000	8.320000	8.360000	5.160000	5.160000	5.160000	5.160000	5.160000	8.000000	133.000000	72.908500	55.857200	41.759700	43.963800	52.489900	88.659700	131.110000	138.525000	119.735000	79.968100	66.949700	66.621600	79.052200	69.309700	84.226500	156.251000	167.059000	185.259000	159.680000	162.705000	185.704000	172.510000	152.858000	129.870000	144.446000	130.150000	134.883000	118.351000	90.772600	105.153000	128.128000	125.448000	121.112000	112.999000	102.564000	111.042000	130.648000	129.799000	144.215000	168.310000	167.695000	156.266000	152.639000	132.313000	133.585000	131.678000	119.497000	0.144000	0.000000	0.345568	0.000000	0.337361	0.000000	0.319387	0.000000	0.306518	0.000000	0.264947	0.000000	0.211800	0.000000	0.225741	0.034100	0.220197	0.361600	0.216692	0.545600	124.360000	137.792000	137.063000	147.595000	157.722000	176.416000	194.615000	169.226000	135.504000	146.191000	142.971000	139.201000	0.275865	0.742700	0.340200	0.951800	0.353552	0.744600	0.464184	0.640100	0.332476	0.603600	0.388719	0.264300	0.394077	0.008600	0.447264	0.000000	0.506318	0.000000	0.544741	0.000000	0.537595	0.000000	0.534157	0.000000	0.528343	0.000000	0.471975	0.000000	4.446360	0.661939	1.316660	1.129090	7.684830	12.132300	2.883470	1.471610	2.395530	0.358896	0.000000	0.000000	0.000000	5739.680000	358.527000	333.640000	144.091000	5.900160	0.000000	4.275630	2.088810	1.478080	1.411940	0.332703	
   28	129.000000	114.490000	114.490000	113.050000	113.120000	114.160000	123.450000	155.640000	165.500000	157.500000	139.500000	125.000000	119.310000	121.600000	130.000000	134.760000	141.000000	158.660000	167.620000	170.000000	179.070000	165.200000	150.000000	136.100000	8.680000	13.200000	13.200000	15.000000	15.000000	12.120000	12.600000	8.560000	9.320000	9.840000	8.560000	11.400000	11.280000	11.520000	10.440000	15.680000	8.320000	8.360000	5.160000	5.160000	5.160000	5.160000	5.160000	8.000000	133.000000	72.908500	55.857200	41.759700	43.963800	52.489900	88.659700	131.110000	138.525000	119.735000	79.968100	66.949700	66.621600	79.052200	69.309700	84.226500	156.251000	167.059000	185.259000	159.680000	162.705000	185.704000	172.510000	152.858000	129.870000	144.446000	130.150000	134.883000	118.351000	90.772600	105.153000	128.128000	125.448000	121.112000	112.999000	102.564000	111.042000	130.648000	129.799000	144.215000	168.310000	167.695000	156.266000	152.639000	132.313000	133.585000	131.678000	119.497000	0.144000	0.000000	0.345568	0.000000	0.337361	0.000000	0.319387	0.000000	0.306518	0.000000	0.354891	0.000000	0.461191	0.000000	0.421563	0.030800	0.521609	0.295100	0.564535	0.450000	124.360000	157.517000	159.144000	153.887000	163.069000	178.185000	170.045000	163.010000	139.652000	150.910000	145.355000	139.430000	0.575221	0.597300	0.440834	0.717000	0.434315	0.592700	0.477766	0.681900	0.514107	0.464000	0.434303	0.252700	0.452692	0.008000	0.509061	0.000000	0.557953	0.000000	0.543664	0.000000	0.613875	0.000000	0.615525	0.000000	0.542124	0.000000	0.530844	0.000000	4.446360	0.000000	0.547548	0.051960	0.000000	0.000000	3.426630	1.727480	2.649100	0.000000	0.000000	0.000000	0.000000	5852.250000	377.481000	326.758000	156.904000	5.909110	0.000000	3.668580	1.961390	1.636960	1.235940	0.199012	
   29	129.000000	114.490000	114.490000	113.050000	113.120000	114.160000	123.450000	155.640000	165.500000	157.500000	139.500000	125.000000	119.310000	121.600000	130.000000	134.760000	141.000000	158.660000	167.620000	170.000000	179.070000	165.200000	150.000000	136.100000	8.680000	13.200000	13.200000	15.000000	15.000000	12.120000	12.600000	8.560000	9.320000	9.840000	8.560000	11.400000	11.280000	11.520000	10.440000	15.680000	8.320000	8.360000	5.160000	5.160000	5.160000	5.160000	5.160000	8.000000	133.000000	83.378500	70.210200	56.040100	53.185700	63.502200	96.678600	146.083000	152.190000	136.350000	95.976800	68.005000	65.073600	75.862500	67.286400	80.675400	147.554000	163.046000	180.073000	164.398000	159.413000	185.479000	169.544000	154.959000	129.870000	147.629000	139.062000	136.281000	132.693000	111.769000	111.310000	129.416000	155.702000	146.825000	131.493000	128.533000	126.268000	130.885000	125.511000	124.229000	153.476000	156.603000	146.393000	157.975000	128.875000	135.167000	126.674000	108.966000	0.144000	0.000000	0.322145	0.000000	0.346473	0.000000	0.348143	0.000000	0.339288	0.000000	0.332752	0.000000	0.330107	0.000000	0.327691	0.024500	0.317101	0.222800	0.308915	0.839500	124.360000	139.314000	140.476000	146.333000	122.301000	136.446000	110.759000	118.302000	104.188000	114.382000	109.324000	104.859000	0.311617	0.890200	0.323342	0.811800	0.333174	0.861400	0.340894	0.805900	0.344694	0.632100	0.326392	0.268200	0.319176	0.009000	0.366320	0.000000	0.417253	0.000000	0.449188	0.000000	0.464798	0.000000	0.467807	0.000000	0.451108	0.000000	0.417040	0.000000	4.446360	0.000000	0.427385	0.000000	0.259616	0.173395	3.375340	1.806960	3.115630	0.000000	0.000000	0.000000	0.000000	5743.490000	369.174000	329.589000	144.496000	6.542830	1.801410	3.898080	2.143020	1.594460	1.392540	0.309567	
   30	129.000000	114.490000	114.490000	113.050000	113.120000	114.160000	123.450000	155.640000	165.500000	157.500000	139.500000	125.000000	119.310000	121.600000	130.000000	134.760000	141.000000	158.660000	167.620000	170.000000	179.070000	165.200000	150.000000	136.100000	8.680000	13.200000	13.200000	15.000000	15.000000	12.120000	12.600000	8.560000	9.320000	9.840000	8.560000	11.400000	11.280000	11.520000	10.440000	15.680000	8.320000	8.360000	5.160000	5.160000	5.160000	5.160000	5.160000	8.000000	133.000000	83.378500	70.210200	56.040100	53.185700	63.502200	96.678600	146.083000	152.190000	136.350000	95.976800	68.005000	65.073600	75.862500	67.286400	80.675400	147.554000	163.046000	180.073000	164.398000	159.413000	185.479000	169.544000	154.959000	129.870000	144.818000	140.087000	133.486000	130.727000	118.069000	122.956000	145.423000	155.179000	156.213000	136.966000	115.383000	116.173000	114.174000	123.053000	136.019000	148.637000	146.951000	163.702000	157.142000	138.827000	138.918000	137.818000	121.033000	0.144000	0.000000	0.341294	0.000000	0.324457	0.000000	0.334299	0.000000	0.350800	0.000000	0.360048	0.000000	0.361868	0.000000	0.345194	0.015500	0.245632	0.173500	0.212042	0.393100	124.360000	156.478000	165.729000	155.866000	174.633000	198.964000	192.816000	178.074000	140.304000	141.733000	169.658000	155.152000	0.213735	0.689900	0.322186	1.044400	0.355170	0.418100	0.386927	0.463600	0.407673	0.451300	0.415028	0.181900	0.438830	0.009300	0.504771	0.000000	0.538176	0.000000	0.553053	0.000000	0.565578	0.000000	0.570599	0.000000	0.537930	0.000000	0.491205	0.000000	4.446360	0.000000	0.524686	1.439550	0.000000	0.164475	3.495240	3.695920	2.797550	0.855785	0.000000	0.000000	0.000000	5867.680000	379.665000	317.817000	159.474000	5.779940	0.000000	3.444320	1.974890	1.553790	1.257780	0.092632	
   31	129.000000	114.490000	114.490000	113.050000	113.120000	114.160000	123.450000	155.640000	165.500000	157.500000	139.500000	125.000000	119.310000	121.600000	130.000000	134.760000	141.000000	158.660000	167.620000	170.000000	179.070000	165.200000	150.000000	136.100000	8.680000	13.200000	13.200000	15.000000	15.000000	12.120000	12.600000	8.560000	9.320000	9.840000	8.560000	11.400000	11.280000	11.520000	10.440000	15.680000	8.320000	8.360000	5.160000	5.160000	5.160000	5.160000	5.160000	8.000000	133.000000	73.473700	56.051100	45.417500	47.240900	54.125400	91.066900	126.270000	156.650000	131.878000	87.048400	65.523100	54.830400	74.248600	58.201500	78.559700	145.679000	161.199000	184.138000	155.165000	152.347000	178.758000	172.632000	154.832000	129.870000	138.574000	131.557000	129.970000	120.887000	115.148000	110.802000	132.854000	142.455000	141.040000	127.773000	90.729900	94.740600	103.912000	103.949000	116.583000	141.876000	138.616000	143.238000	143.174000	141.448000	137.944000	132.586000	104.844000	0.144000	0.000000	0.309915	0.000000	0.301025	0.000000	0.267761	0.000000	0.238859	0.000000	0.243883	0.000000	0.220019	0.000000	0.206278	0.023700	0.250403	0.233800	0.227999	0.508900	124.360000	141.584000	138.975000	153.887000	163.069000	178.185000	170.045000	163.010000	139.652000	150.910000	145.355000	140.244000	0.210336	0.729000	0.269303	0.774700	0.326511	0.684300	0.347927	0.596800	0.380259	0.444000	0.367409	0.213900	0.446289	0.004500	0.515010	0.000000	0.542172	0.000000	0.576754	0.000000	0.576359	0.000000	0.567280	0.000000	0.580948	0.000000	0.557425	0.000000	4.446360	0.271360	0.905347	0.000000	0.000000	0.746113	3.981840	1.809280	2.442970	0.000000	0.000000	8.309390	0.000000	5725.460000	381.662000	332.495000	132.202000	5.980730	0.000000	3.393760	1.893250	1.357910	1.033850	0.274428	
   32	129.000000	114.490000	114.490000	113.050000	113.120000	114.160000	123.450000	155.640000	165.500000	157.500000	139.500000	125.000000	119.310000	121.600000	130.000000	134.760000	141.000000	158.660000	167.620000	170.000000	179.070000	165.200000	150.000000	136.100000	8.680000	13.200000	13.200000	15.000000	15.000000	12.120000	12.600000	8.560000	9.320000	9.840000	8.560000	11.400000	11.280000	11.520000	10.440000	15.680000	8.320000	8.360000	5.160000	5.160000	5.160000	5.160000	5.160000	8.000000	133.000000	83.378500	70.210200	55.323700	54.550600	56.417400	86.282300	141.270000	141.631000	107.299000	87.048400	65.523100	54.830400	74.248600	58.201500	78.559700	145.679000	161.199000	184.138000	155.165000	152.347000	178.758000	172.632000	154.832000	129.870000	143.699000	140.677000	134.882000	119.090000	101.139000	96.488600	118.339000	132.740000	130.590000	109.178000	105.852000	113.769000	117.001000	116.663000	117.283000	140.329000	151.658000	151.864000	151.114000	135.169000	128.526000	127.260000	101.719000	0.144000	0.000000	0.361788	0.000000	0.366691	0.000000	0.355250	0.000000	0.348125	0.000000	0.337374	0.000000	0.297638	0.000000	0.234639	0.027700	0.152598	0.268700	0.117876	0.682400	124.360000	144.068000	139.038000	151.466000	154.811000	179.862000	178.952000	182.425000	178.460000	164.873000	162.358000	153.939000	0.154480	0.930800	0.182593	0.672000	0.215809	0.614200	0.250477	0.363900	0.283877	0.579800	0.653179	0.317900	0.669322	0.007900	0.701150	0.000000	0.727132	0.000000	0.752258	0.000000	0.784956	0.000000	0.813772	0.000000	0.835993	0.000000	0.862362	0.000000	4.446360	0.000000	0.086527	0.000000	0.122145	0.000000	2.389580	1.845240	2.525140	0.000000	0.000000	0.000000	0.000000	5758.470000	391.887000	323.445000	149.595000	6.941230	0.374203	4.065880	2.194950	1.524330	1.315710	0.000000	
   33	129.000000	114.490000	114.490000	113.050000	113.120000	114.160000	123.450000	155.640000	165.500000	157.500000	139.500000	125.000000	119.310000	121.600000	130.000000	134.760000	141.000000	158.660000	167.620000	170.000000	179.070000	165.200000	150.000000	136.100000	8.680000	13.200000	13.200000	15.000000	15.000000	12.120000	12.600000	8.560000	9.320000	9.840000	8.560000	11.400000	11.280000	11.520000	10.440000	15.680000	8.320000	8.360000	5.160000	5.160000	5.160000	5.160000	5.160000	8.000000	133.000000	81.196700	64.110600	52.152300	50.452700	64.228700	92.957300	145.040000	150.637000	117.994000	81.913800	60.966400	48.732500	65.718900	61.151900	71.123200	148.724000	165.327000	185.975000	151.562000	160.089000	195.363000	180.191000	163.471000	129.870000	145.646000	130.214000	123.365000	119.998000	104.527000	111.387000	137.983000	141.327000	137.761000	111.062000	104.030000	106.494000	112.311000	119.320000	129.047000	167.206000	166.424000	153.857000	148.081000	131.164000	141.706000	128.634000	110.583000	0.144000	0.000000	0.325402	0.000000	0.318651	0.000000	0.280541	0.000000	0.287171	0.000000	0.332408	0.000000	0.309368	0.000000	0.328403	0.020000	0.305769	0.195600	0.285445	0.500200	124.360000	135.836000	132.927000	142.842000	154.914000	182.754000	182.748000	167.618000	159.570000	168.839000	149.147000	139.600000	0.256677	0.606900	0.175223	0.694900	0.135319	0.820700	0.214823	0.442400	0.254519	0.346100	0.212299	0.245500	0.409190	0.005400	0.467937	0.000000	0.352687	0.000000	0.364723	0.000000	0.563556	0.000000	0.512526	0.000000	0.402211	0.000000	0.371469	0.000000	4.446360	0.000000	0.555323	0.729469	0.000000	0.000000	3.423360	1.209480	2.209510	0.000000	0.000000	0.000000	0.000000	5790.450000	364.366000	344.633000	132.980000	5.538790	0.000000	3.797440	2.316750	1.818280	1.629590	0.765440	
   34	129.000000	114.490000	114.490000	113.050000	113.120000	114.160000	123.450000	155.640000	165.500000	157.500000	139.500000	125.000000	119.310000	121.600000	130.000000	134.760000	141.000000	158.660000	167.620000	170.000000	179.070000	165.200000	150.000000	136.100000	8.680000	13.200000	13.200000	15.000000	15.000000	12.120000	12.600000	8.560000	9.320000	9.840000	8.560000	11.400000	11.280000	11.520000	10.440000	15.680000	8.320000	8.360000	5.160000	5.160000	5.160000	5.160000	5.160000	8.000000	133.000000	73.473700	56.051100	45.417500	47.240900	54.125400	91.066900	126.270000	156.650000	131.878000	87.048400	65.523100	54.830400	74.248600	58.201500	78.559700	145.679000	161.199000	184.138000	155.165000	152.347000	178.758000	172.632000	154.832000	129.870000	138.574000	131.557000	129.970000	120.887000	115.148000	110.802000	132.854000	142.455000	141.040000	127.773000	90.729900	94.740600	103.912000	103.949000	116.583000	141.876000	138.616000	143.238000	143.174000	141.448000	137.944000	132.586000	104.844000	0.144000	0.000000	0.309915	0.000000	0.301025	0.000000	0.267761	0.000000	0.238859	0.000000	0.243883	0.000000	0.220019	0.000000	0.206278	0.023700	0.250403	0.233800	0.227999	0.508900	124.360000	141.584000	138.975000	153.887000	163.069000	178.185000	170.045000	163.010000	139.652000	150.910000	145.355000	140.244000	0.210336	0.729000	0.269303	0.774700	0.326511	0.684300	0.347927	0.596800	0.380259	0.444000	0.367409	0.213900	0.446289	0.004500	0.515010	0.000000	0.542172	0.000000	0.576754	0.000000	0.576359	0.000000	0.567280	0.000000	0.580948	0.000000	0.557425	0.000000	4.446360	0.271360	0.905347	0.000000	0.000000	0.746113	3.981840	1.809280	2.442970	0.000000	0.000000	8.309390	0.000000	5725.460000	381.662000	332.495000	132.202000	5.980730	0.000000	3.393760	1.893250	1.357910	1.033850	0.274428	
   35	129.000000	114.490000	114.490000	113.050000	113.120000	114.160000	123.450000	155.640000	165.500000	157.500000	139.500000	125.000000	119.310000	121.600000	130.000000	134.760000	141.000000	158.660000	167.620000	170.000000	179.070000	165.200000	150.000000	136.100000	8.680000	13.200000	13.200000	15.000000	15.000000	12.120000	12.600000	8.560000	9.320000	9.840000	8.560000	11.400000	11.280000	11.520000	10.440000	15.680000	8.320000	8.360000	5.160000	5.160000	5.160000	5.160000	5.160000	8.000000	133.000000	83.378500	70.210200	56.040100	53.185700	63.502200	96.678600	146.083000	152.190000	136.350000	95.976800	68.005000	65.073600	75.862500	67.286400	80.675400	147.554000	163.046000	180.073000	164.398000	159.413000	185.479000	169.544000	154.959000	129.870000	143.878000	143.301000	132.800000	131.045000	106.325000	106.534000	129.045000	132.539000	117.954000	105.455000	107.025000	103.806000	108.410000	113.225000	128.250000	151.064000	155.964000	147.687000	133.634000	147.258000	146.260000	145.525000	122.718000	0.144000	0.000000	0.212966	0.000000	0.201221	0.000000	0.193040	0.000000	0.193196	0.000000	0.189174	0.000000	0.201078	0.000000	0.201658	0.052500	0.144183	0.339900	0.114005	0.523500	124.360000	149.731000	100.617000	119.982000	126.443000	147.634000	135.059000	163.801000	135.504000	146.191000	142.971000	139.201000	0.121076	0.613300	0.116628	0.562700	0.437650	0.696400	0.460117	0.611800	0.448583	0.363200	0.378885	0.320200	0.349944	0.008200	0.366075	0.000000	0.345882	0.000000	0.341589	0.000000	0.346033	0.000000	0.351504	0.000000	0.355385	0.000000	0.348067	0.000000	4.446360	0.000000	0.000000	0.125289	0.000000	0.000000	0.796025	1.579340	2.356640	0.000000	1.934020	1.584670	0.000000	5790.040000	385.981000	343.775000	126.772000	5.572700	0.000000	4.064200	2.082580	1.470400	1.304350	0.247709	
   36	129.000000	114.490000	114.490000	113.050000	113.120000	114.160000	123.450000	155.640000	165.500000	157.500000	139.500000	125.000000	119.310000	121.600000	130.000000	134.760000	141.000000	158.660000	167.620000	170.000000	179.070000	165.200000	150.000000	136.100000	8.680000	13.200000	13.200000	15.000000	15.000000	12.120000	12.600000	8.560000	9.320000	9.840000	8.560000	11.400000	11.280000	11.520000	10.440000	15.680000	8.320000	8.360000	5.160000	5.160000	5.160000	5.160000	5.160000	8.000000	133.000000	81.196700	64.110600	52.152300	50.452700	64.228700	92.957300	145.040000	150.637000	117.994000	81.913800	60.966400	48.732500	65.718900	61.151900	71.123200	148.724000	165.327000	185.975000	151.562000	160.089000	195.363000	180.191000	163.471000	129.870000	145.646000	130.214000	123.365000	119.998000	104.527000	111.387000	137.983000	141.327000	137.761000	111.062000	104.030000	106.494000	112.311000	119.320000	129.047000	167.206000	166.424000	153.857000	148.081000	131.164000	141.706000	128.634000	110.583000	0.144000	0.000000	0.325402	0.000000	0.318651	0.000000	0.280541	0.000000	0.287171	0.000000	0.332408	0.000000	0.309368	0.000000	0.328403	0.020000	0.305769	0.195600	0.285445	0.500200	124.360000	135.836000	132.927000	142.842000	154.914000	182.754000	182.748000	167.618000	159.570000	168.839000	149.147000	139.600000	0.256677	0.606900	0.175223	0.694900	0.135319	0.820700	0.214823	0.442400	0.254519	0.346100	0.212299	0.245500	0.409190	0.005400	0.467937	0.000000	0.352687	0.000000	0.364723	0.000000	0.563556	0.000000	0.512526	0.000000	0.402211	0.000000	0.371469	0.000000	4.446360	0.000000	0.555323	0.729469	0.000000	0.000000	3.423360	1.209480	2.209510	0.000000	0.000000	0.000000	0.000000	5790.450000	364.366000	344.633000	132.980000	5.538790	0.000000	3.797440	2.316750	1.818280	1.629590	0.765440	
   37	129.000000	114.490000	114.490000	113.050000	113.120000	114.160000	123.450000	155.640000	165.500000	157.500000	139.500000	125.000000	119.310000	121.600000	130.000000	134.760000	141.000000	158.660000	167.620000	170.000000	179.070000	165.200000	150.000000	136.100000	8.680000	13.200000	13.200000	15.000000	15.000000	12.120000	12.600000	8.560000	9.320000	9.840000	8.560000	11.400000	11.280000	11.520000	10.440000	15.680000	8.320000	8.360000	5.160000	5.160000	5.160000	5.160000	5.160000	8.000000	133.000000	83.378500	70.210200	56.040100	53.185700	63.502200	96.678600	146.083000	152.190000	136.350000	95.976800	68.005000	65.073600	75.862500	67.286400	80.675400	147.554000	163.046000	180.073000	164.398000	159.413000	185.479000	169.544000	154.959000	129.870000	139.527000	134.999000	127.649000	117.093000	110.999000	103.551000	133.848000	138.099000	127.396000	106.278000	108.662000	103.806000	108.410000	113.225000	128.250000	151.064000	155.964000	147.687000	133.634000	147.258000	146.260000	117.717000	109.848000	0.144000	0.000000	0.330597	0.000000	0.333904	0.000000	0.348732	0.000000	0.349001	0.000000	0.317636	0.000000	0.348432	0.000000	0.340887	0.031100	0.307982	0.294700	0.274231	0.287000	124.360000	144.239000	173.574000	182.953000	187.409000	200.316000	186.278000	177.806000	178.194000	192.676000	157.096000	147.871000	0.372043	0.458100	0.401683	0.511800	0.437650	0.463300	0.460117	0.316900	0.448583	0.308900	0.378885	0.150900	0.349944	0.007500	0.366075	0.000000	0.345882	0.000000	0.341589	0.000000	0.346033	0.000000	0.351504	0.000000	0.491663	0.000000	0.463038	0.000000	4.446360	0.041795	0.526186	0.000000	0.000000	0.000000	3.294410	1.288740	3.248210	0.214423	0.000000	0.000000	0.000000	5790.040000	385.981000	343.775000	126.772000	5.572700	0.000000	4.064200	2.082580	1.470400	1.404730	0.405006	
   38	129.000000	114.490000	114.490000	113.050000	113.120000	114.160000	123.450000	155.640000	165.500000	157.500000	139.500000	125.000000	119.310000	121.600000	130.000000	134.760000	141.000000	158.660000	167.620000	170.000000	179.070000	165.200000	150.000000	136.100000	8.680000	13.200000	13.200000	15.000000	15.000000	12.120000	12.600000	8.560000	9.320000	9.840000	8.560000	11.400000	11.280000	11.520000	10.440000	15.680000	8.320000	8.360000	5.160000	5.160000	5.160000	5.160000	5.160000	8.000000	133.000000	83.378500	70.210200	55.323700	54.550600	56.417400	86.282300	141.270000	141.631000	107.299000	87.048400	65.523100	54.830400	74.248600	58.201500	78.559700	145.679000	161.199000	184.138000	155.165000	152.347000	178.758000	172.632000	154.832000	129.870000	154.503000	139.116000	127.104000	125.526000	101.750000	120.005000	139.808000	144.614000	124.771000	100.187000	90.210000	90.200700	127.689000	120.182000	126.944000	158.086000	150.955000	118.436000	124.756000	118.724000	132.500000	122.898000	109.758000	0.144000	0.000000	0.293572	0.000000	0.260126	0.000000	0.213160	0.000000	0.186427	0.000000	0.173554	0.000000	0.145043	0.000000	0.135777	0.029800	0.129959	0.315500	0.131490	0.453500	124.360000	165.455000	156.804000	171.677000	180.327000	182.769000	187.838000	192.514000	192.634000	206.193000	152.030000	143.744000	0.125380	0.502000	0.116662	0.367700	0.120181	0.373300	0.133021	0.262100	0.167242	0.339500	0.209132	0.210300	0.261593	0.006700	0.834506	0.000000	0.803931	0.000000	0.760675	0.000000	0.681777	0.000000	0.565585	0.000000	0.581209	0.000000	0.549118	0.000000	4.446360	0.704116	1.647370	0.000000	0.000000	1.275740	4.964660	1.699950	2.987760	0.000000	0.000000	0.000000	0.000000	5821.090000	366.797000	338.701000	142.725000	5.906470	620.742000	4.265190	1.657010	1.518680	1.201310	0.231718	
   39	129.000000	114.490000	114.490000	113.050000	113.120000	114.160000	123.450000	155.640000	165.500000	157.500000	139.500000	125.000000	119.310000	121.600000	130.000000	134.760000	141.000000	158.660000	167.620000	170.000000	179.070000	165.200000	150.000000	136.100000	8.680000	13.200000	13.200000	15.000000	15.000000	12.120000	12.600000	8.560000	9.320000	9.840000	8.560000	11.400000	11.280000	11.520000	10.440000	15.680000	8.320000	8.360000	5.160000	5.160000	5.160000	5.160000	5.160000	8.000000	133.000000	73.473700	56.051100	45.417500	47.240900	54.125400	91.066900	126.270000	156.650000	131.878000	87.048400	65.523100	54.830400	74.248600	58.201500	78.559700	145.679000	161.199000	184.138000	155.165000	152.347000	178.758000	172.632000	154.832000	129.870000	138.574000	131.557000	129.970000	120.887000	115.148000	110.802000	132.854000	142.455000	141.040000	127.773000	90.729900	94.740600	103.912000	103.949000	116.583000	141.876000	138.616000	143.238000	143.174000	141.448000	137.944000	132.586000	104.844000	0.144000	0.000000	0.309915	0.000000	0.301025	0.000000	0.267761	0.000000	0.238859	0.000000	0.243883	0.000000	0.220019	0.000000	0.206278	0.023700	0.250403	0.233800	0.227999	0.508900	124.360000	141.584000	138.975000	153.887000	163.069000	178.185000	170.045000	163.010000	139.652000	150.910000	145.355000	140.244000	0.210336	0.729000	0.269303	0.774700	0.326511	0.684300	0.347927	0.596800	0.380259	0.444000	0.367409	0.213900	0.446289	0.004500	0.515010	0.000000	0.542172	0.000000	0.576754	0.000000	0.576359	0.000000	0.567280	0.000000	0.580948	0.000000	0.557425	0.000000	4.446360	0.271360	0.905347	0.000000	0.000000	0.746113	3.981840	1.809280	2.442970	0.000000	0.000000	8.309390	0.000000	5725.460000	381.662000	332.495000	132.202000	5.980730	0.000000	3.393760	1.893250	1.357910	1.033850	0.274428	
   40	129.000000	114.490000	114.490000	113.050000	113.120000	114.160000	123.450000	155.640000	165.500000	157.500000	139.500000	125.000000	119.310000	121.600000	130.000000	134.760000	141.000000	158.660000	167.620000	170.000000	179.070000	165.200000	150.000000	136.100000	8.680000	13.200000	13.200000	15.000000	15.000000	12.120000	12.600000	8.560000	9.320000	9.840000	8.560000	11.400000	11.280000	11.520000	10.440000	15.680000	8.320000	8.360000	5.160000	5.160000	5.160000	5.160000	5.160000	8.000000	133.000000	73.473700	56.051100	45.417500	47.240900	54.125400	91.066900	126.270000	156.650000	131.878000	87.048400	65.523100	54.830400	74.248600	58.201500	78.559700	145.679000	161.199000	184.138000	155.165000	152.347000	178.758000	172.632000	154.832000	129.870000	138.574000	131.557000	129.970000	120.887000	115.148000	110.802000	132.854000	142.455000	141.040000	127.773000	90.729900	94.740600	103.912000	103.949000	116.583000	141.876000	138.616000	143.238000	143.174000	141.448000	137.944000	132.586000	104.844000	0.144000	0.000000	0.309915	0.000000	0.301025	0.000000	0.267761	0.000000	0.238859	0.000000	0.243883	0.000000	0.220019	0.000000	0.206278	0.023700	0.250403	0.233800	0.227999	0.508900	124.360000	141.584000	138.975000	153.887000	163.069000	178.185000	170.045000	163.010000	139.652000	150.910000	145.355000	140.244000	0.210336	0.729000	0.269303	0.774700	0.326511	0.684300	0.347927	0.596800	0.380259	0.444000	0.367409	0.213900	0.446289	0.004500	0.515010	0.000000	0.542172	0.000000	0.576754	0.000000	0.576359	0.000000	0.567280	0.000000	0.580948	0.000000	0.557425	0.000000	4.446360	0.271360	0.905347	0.000000	0.000000	0.746113	3.981840	1.809280	2.442970	0.000000	0.000000	8.309390	0.000000	5725.460000	381.662000	332.495000	132.202000	5.980730	0.000000	3.393760	1.893250	1.357910	1.033850	0.274428	
   41	129.000000	114.490000	114.490000	113.050000	113.120000	114.160000	123.450000	155.640000	165.500000	157.500000	139.500000	125.000000	119.310000	121.600000	130.000000	134.760000	141.000000	158.660000	167.620000	170.000000	179.070000	165.200000	150.000000	136.100000	8.680000	13.200000	13.200000	15.000000	15.000000	12.120000	12.600000	8.560000	9.320000	9.840000	8.560000	11.400000	11.280000	11.520000	10.440000	15.680000	8.320000	8.360000	5.160000	5.160000	5.160000	5.160000	5.160000	8.000000	133.000000	81.196700	64.110600	52.152300	50.452700	64.228700	92.957300	145.040000	150.637000	117.994000	81.913800	60.966400	48.732500	65.718900	61.151900	71.123200	148.724000	165.327000	185.975000	151.562000	160.089000	195.363000	180.191000	163.471000	129.870000	145.646000	130.214000	123.365000	119.998000	104.527000	111.387000	137.983000	141.327000	137.761000	111.062000	104.030000	106.494000	112.311000	119.320000	129.047000	167.206000	166.424000	153.857000	148.081000	131.164000	141.706000	128.634000	110.583000	0.144000	0.000000	0.325402	0.000000	0.318651	0.000000	0.280541	0.000000	0.287171	0.000000	0.332408	0.000000	0.309368	0.000000	0.328403	0.020000	0.305769	0.195600	0.285445	0.500200	124.360000	135.836000	132.927000	142.842000	154.914000	182.754000	182.748000	167.618000	159.570000	168.839000	149.147000	139.600000	0.256677	0.606900	0.175223	0.694900	0.135319	0.820700	0.214823	0.442400	0.254519	0.346100	0.212299	0.245500	0.409190	0.005400	0.467937	0.000000	0.352687	0.000000	0.364723	0.000000	0.563556	0.000000	0.512526	0.000000	0.402211	0.000000	0.371469	0.000000	4.446360	0.000000	0.555323	0.729469	0.000000	0.000000	3.423360	1.209480	2.209510	0.000000	0.000000	0.000000	0.000000	5790.450000	364.366000	344.633000	132.980000	5.538790	0.000000	3.797440	2.316750	1.818280	1.629590	0.765440	
   42	129.000000	114.490000	114.490000	113.050000	113.120000	114.160000	123.450000	155.640000	165.500000	157.500000	139.500000	125.000000	119.310000	121.600000	130.000000	134.760000	141.000000	158.660000	167.620000	170.000000	179.070000	165.200000	150.000000	136.100000	8.680000	13.200000	13.200000	15.000000	15.000000	12.120000	12.600000	8.560000	9.320000	9.840000	8.560000	11.400000	11.280000	11.520000	10.440000	15.680000	8.320000	8.360000	5.160000	5.160000	5.160000	5.160000	5.160000	8.000000	133.000000	83.378500	70.210200	55.323700	54.550600	56.417400	86.282300	141.270000	141.631000	107.299000	87.048400	65.523100	54.830400	74.248600	58.201500	78.559700	145.679000	161.199000	184.138000	155.165000	152.347000	178.758000	172.632000	154.832000	129.870000	132.719000	145.926000	131.192000	129.453000	113.196000	107.878000	131.751000	122.383000	115.726000	91.302300	80.167900	95.663300	103.839000	102.021000	106.867000	125.301000	127.500000	108.999000	125.232000	120.877000	138.744000	121.553000	102.947000	0.144000	0.000000	0.242718	0.000000	0.356946	0.000000	0.344843	0.000000	0.304035	0.000000	0.269346	0.000000	0.237538	0.000000	0.328403	0.024800	0.305769	0.331200	0.266433	0.544200	124.360000	142.051000	140.161000	207.971000	207.967000	227.423000	201.531000	196.397000	178.090000	174.656000	160.356000	149.940000	0.335287	0.521600	0.377539	0.559800	0.380600	0.440000	0.355906	0.849600	0.340467	0.550000	0.274965	0.430700	0.195709	0.014500	0.204895	0.000000	0.290667	0.000000	0.370479	0.000000	0.401392	0.000000	0.371480	0.000000	0.311331	0.000000	0.240530	0.000000	4.446360	0.131079	0.917739	0.178442	0.000000	0.000000	3.459600	1.982300	2.993010	0.165697	0.000000	0.487872	0.000000	5723.050000	369.935000	330.823000	141.535000	6.684060	0.000000	4.041980	2.200060	1.746400	1.267630	0.341342	
   43	129.000000	114.490000	114.490000	113.050000	113.120000	114.160000	123.450000	155.640000	165.500000	157.500000	139.500000	125.000000	119.310000	121.600000	130.000000	134.760000	141.000000	158.660000	167.620000	170.000000	179.070000	165.200000	150.000000	136.100000	8.680000	13.200000	13.200000	15.000000	15.000000	12.120000	12.600000	8.560000	9.320000	9.840000	8.560000	11.400000	11.280000	11.520000	10.440000	15.680000	8.320000	8.360000	5.160000	5.160000	5.160000	5.160000	5.160000	8.000000	133.000000	72.908500	55.857200	41.759700	43.963800	52.489900	88.659700	131.110000	138.525000	119.735000	79.968100	66.949700	66.621600	79.052200	69.309700	84.226500	156.251000	167.059000	185.259000	159.680000	162.705000	185.704000	172.510000	152.858000	129.870000	144.446000	130.150000	134.883000	118.351000	90.772600	105.153000	128.128000	125.448000	121.112000	112.999000	102.564000	111.042000	130.648000	129.799000	144.215000	168.310000	167.695000	156.266000	152.639000	132.313000	133.585000	131.678000	119.497000	0.144000	0.000000	0.345568	0.000000	0.337361	0.000000	0.319387	0.000000	0.306518	0.000000	0.264947	0.000000	0.211800	0.000000	0.225741	0.034100	0.220197	0.361600	0.216692	0.545600	124.360000	137.792000	137.063000	147.595000	157.722000	176.416000	194.615000	169.226000	135.504000	146.191000	142.971000	139.201000	0.275865	0.742700	0.340200	0.951800	0.353552	0.744600	0.464184	0.640100	0.332476	0.603600	0.388719	0.264300	0.394077	0.008600	0.447264	0.000000	0.506318	0.000000	0.544741	0.000000	0.537595	0.000000	0.534157	0.000000	0.528343	0.000000	0.471975	0.000000	4.446360	0.071271	0.423474	0.901064	0.000000	0.000000	3.033020	2.013570	2.587260	0.260254	0.363000	0.000000	0.000000	5797.330000	366.082000	337.102000	150.589000	5.744650	0.000000	4.418710	2.501830	1.432570	1.103740	0.000000	
   44	129.000000	114.490000	114.490000	113.050000	113.120000	114.160000	123.450000	155.640000	165.500000	157.500000	139.500000	125.000000	119.310000	121.600000	130.000000	134.760000	141.000000	158.660000	167.620000	170.000000	179.070000	165.200000	150.000000	136.100000	8.680000	13.200000	13.200000	15.000000	15.000000	12.120000	12.600000	8.560000	9.320000	9.840000	8.560000	11.400000	11.280000	11.520000	10.440000	15.680000	8.320000	8.360000	5.160000	5.160000	5.160000	5.160000	5.160000	8.000000	133.000000	83.378500	70.210200	56.040100	53.185700	63.502200	96.678600	146.083000	152.190000	136.350000	95.976800	68.005000	65.073600	75.862500	67.286400	80.675400	147.554000	163.046000	180.073000	164.398000	159.413000	185.479000	169.544000	154.959000	129.870000	133.312000	119.049000	119.846000	122.526000	102.062000	104.789000	137.410000	125.807000	135.652000	107.904000	106.687000	109.524000	118.235000	117.363000	127.552000	139.282000	137.775000	150.465000	147.291000	134.237000	146.626000	134.089000	122.919000	0.144000	0.000000	0.273270	0.000000	0.230520	0.000000	0.236722	0.000000	0.230791	0.000000	0.208186	0.000000	0.176596	0.000000	0.127331	0.024500	0.029413	0.196300	0.000000	0.436300	124.360000	150.301000	146.991000	162.158000	180.071000	202.342000	159.999000	187.223000	173.476000	142.580000	139.260000	129.800000	0.000000	0.528800	0.000000	0.400300	0.000000	0.291800	0.012650	0.232300	0.026198	0.185700	0.025760	0.140200	0.487712	0.006300	0.585741	0.000000	0.600519	0.000000	0.567308	0.000000	0.536099	0.000000	0.522404	0.000000	0.501657	0.000000	0.463508	0.000000	4.446360	0.274489	0.649976	0.495964	0.275935	0.033587	3.685510	1.813560	2.836840	0.420836	0.000000	1.783030	0.000000	5746.520000	387.918000	332.245000	0.000000	5.535510	0.000000	3.899810	2.087430	1.913740	1.909090	0.695801	
   45	129.000000	114.490000	114.490000	113.050000	113.120000	114.160000	123.450000	155.640000	165.500000	157.500000	139.500000	125.000000	119.310000	121.600000	130.000000	134.760000	141.000000	158.660000	167.620000	170.000000	179.070000	165.200000	150.000000	136.100000	8.680000	13.200000	13.200000	15.000000	15.000000	12.120000	12.600000	8.560000	9.320000	9.840000	8.560000	11.400000	11.280000	11.520000	10.440000	15.680000	8.320000	8.360000	5.160000	5.160000	5.160000	5.160000	5.160000	8.000000	133.000000	73.473700	56.051100	45.417500	47.240900	54.125400	91.066900	126.270000	156.650000	131.878000	87.048400	65.523100	54.830400	74.248600	58.201500	78.559700	145.679000	161.199000	184.138000	155.165000	152.347000	178.758000	172.632000	154.832000	129.870000	138.574000	131.557000	129.970000	120.887000	115.148000	110.802000	132.854000	142.455000	141.040000	127.773000	90.729900	94.740600	103.912000	103.949000	116.583000	141.876000	138.616000	143.238000	143.174000	141.448000	137.944000	132.586000	104.844000	0.144000	0.000000	0.309915	0.000000	0.301025	0.000000	0.267761	0.000000	0.238859	0.000000	0.243883	0.000000	0.220019	0.000000	0.206278	0.023700	0.250403	0.233800	0.227999	0.508900	124.360000	141.584000	138.975000	153.887000	163.069000	178.185000	170.045000	163.010000	139.652000	150.910000	145.355000	140.244000	0.210336	0.729000	0.269303	0.774700	0.326511	0.684300	0.347927	0.596800	0.380259	0.444000	0.367409	0.213900	0.446289	0.004500	0.515010	0.000000	0.542172	0.000000	0.576754	0.000000	0.576359	0.000000	0.567280	0.000000	0.580948	0.000000	0.557425	0.000000	4.446360	0.271360	0.905347	0.000000	0.000000	0.746113	3.981840	1.809280	2.442970	0.000000	0.000000	8.309390	0.000000	5725.460000	381.662000	332.495000	132.202000	5.980730	0.000000	3.393760	1.893250	1.357910	1.033850	0.274428	
   46	129.000000	114.490000	114.490000	113.050000	113.120000	114.160000	123.450000	155.640000	165.500000	157.500000	139.500000	125.000000	119.310000	121.600000	130.000000	134.760000	141.000000	158.660000	167.620000	170.000000	179.070000	165.200000	150.000000	136.100000	8.680000	13.200000	13.200000	15.000000	15.000000	12.120000	12.600000	8.560000	9.320000	9.840000	8.560000	11.400000	11.280000	11.520000	10.440000	15.680000	8.320000	8.360000	5.160000	5.160000	5.160000	5.160000	5.160000	8.000000	133.000000	81.196700	64.110600	52.152300	50.452700	64.228700	92.957300	145.040000	150.637000	117.994000	81.913800	60.966400	48.732500	65.718900	61.151900	71.123200	148.724000	165.327000	185.975000	151.562000	160.089000	195.363000	180.191000	163.471000	129.870000	145.646000	130.214000	123.365000	119.998000	104.527000	111.387000	137.983000	141.327000	137.761000	111.062000	104.030000	106.494000	112.311000	119.320000	129.047000	167.206000	166.424000	153.857000	148.081000	131.164000	141.706000	128.634000	110.583000	0.144000	0.000000	0.325402	0.000000	0.318651	0.000000	0.280541	0.000000	0.229816	0.000000	0.179610	0.000000	0.162078	0.000000	0.177232	0.032200	0.159162	0.290300	0.052478	0.451200	124.360000	128.578000	168.910000	184.546000	188.646000	211.933000	208.380000	195.058000	179.612000	183.780000	168.430000	166.833000	0.347565	0.589200	0.492180	0.580200	0.674708	0.826500	0.749114	0.890400	0.746509	0.833300	0.383548	0.510500	0.389759	0.009700	0.408645	0.000000	0.451749	0.000000	0.492815	0.000000	0.510345	0.000000	0.508677	0.000000	0.491663	0.000000	0.463038	0.000000	4.446360	0.171265	0.837739	1.311150	1.033680	0.000000	3.331660	1.922590	3.269230	0.000000	0.000000	0.000000	0.000000	5922.070000	374.073000	315.972000	160.838000	6.561610	0.000000	3.708630	1.992590	1.641350	1.404730	0.405006	
   47	129.000000	114.490000	114.490000	113.050000	113.120000	114.160000	123.450000	155.640000	165.500000	157.500000	139.500000	125.000000	119.310000	121.600000	130.000000	134.760000	141.000000	158.660000	167.620000	170.000000	179.070000	165.200000	150.000000	136.100000	8.680000	13.200000	13.200000	15.000000	15.000000	12.120000	12.600000	8.560000	9.320000	9.840000	8.560000	11.400000	11.280000	11.520000	10.440000	15.680000	8.320000	8.360000	5.160000	5.160000	5.160000	5.160000	5.160000	8.000000	133.000000	73.473700	56.051100	45.417500	47.240900	54.125400	91.066900	126.270000	156.650000	131.878000	87.048400	65.523100	54.830400	74.248600	58.201500	78.559700	145.679000	161.199000	184.138000	155.165000	152.347000	178.758000	172.632000	154.832000	129.870000	138.574000	131.557000	129.970000	120.887000	115.148000	110.802000	132.854000	142.455000	141.040000	127.773000	90.729900	94.740600	103.912000	103.949000	116.583000	141.876000	138.616000	143.238000	143.174000	141.448000	137.944000	132.586000	104.844000	0.144000	0.000000	0.309915	0.000000	0.301025	0.000000	0.267761	0.000000	0.238859	0.000000	0.243883	0.000000	0.220019	0.000000	0.206278	0.023700	0.250403	0.233800	0.227999	0.508900	124.360000	141.584000	138.975000	153.887000	163.069000	178.185000	170.045000	163.010000	139.652000	150.910000	145.355000	140.244000	0.210336	0.729000	0.269303	0.774700	0.326511	0.684300	0.347927	0.596800	0.380259	0.444000	0.367409	0.213900	0.446289	0.004500	0.515010	0.000000	0.542172	0.000000	0.576754	0.000000	0.576359	0.000000	0.567280	0.000000	0.580948	0.000000	0.557425	0.000000	4.446360	0.271360	0.905347	0.000000	0.000000	0.746113	3.981840	1.809280	2.442970	0.000000	0.000000	8.309390	0.000000	5725.460000	381.662000	332.495000	132.202000	5.980730	0.000000	3.393760	1.893250	1.357910	1.033850	0.274428	
   48	129.000000	114.490000	114.490000	113.050000	113.120000	114.160000	123.450000	155.640000	165.500000	157.500000	139.500000	125.000000	119.310000	121.600000	130.000000	134.760000	141.000000	158.660000	167.620000	170.000000	179.070000	165.200000	150.000000	136.100000	8.680000	13.200000	13.200000	15.000000	15.000000	12.120000	12.600000	8.560000	9.320000	9.840000	8.560000	11.400000	11.280000	11.520000	10.440000	15.680000	8.320000	8.360000	5.160000	5.160000	5.160000	5.160000	5.160000	8.000000	133.000000	83.378500	70.210200	56.040100	53.185700	63.502200	96.678600	146.083000	152.190000	136.350000	95.976800	68.005000	65.073600	75.862500	67.286400	80.675400	147.554000	163.046000	180.073000	164.398000	159.413000	185.479000	169.544000	154.959000	129.870000	141.774000	140.250000	135.913000	137.533000	112.608000	118.699000	148.093000	154.860000	143.600000	116.390000	109.601000	114.931000	126.064000	132.184000	146.512000	171.447000	167.372000	148.390000	156.769000	161.854000	165.224000	154.562000	134.090000	0.144000	0.000000	0.320449	0.000000	0.311893	0.000000	0.295377	0.000000	0.243695	0.000000	0.228793	0.000000	0.227628	0.000000	0.214801	0.021100	0.265936	0.122700	0.306056	0.512800	124.360000	125.633000	133.580000	136.071000	136.750000	148.293000	201.338000	183.822000	155.246000	162.290000	145.515000	126.538000	0.337021	0.482600	0.398458	0.541300	0.160741	0.503400	0.206786	0.471100	0.255806	0.328000	0.306733	0.166500	0.359667	0.011000	0.395621	0.000000	0.418086	0.000000	0.416356	0.000000	0.410373	0.000000	0.393393	0.000000	0.361652	0.000000	0.341649	0.000000	4.446360	0.000000	0.353793	0.000000	0.000000	0.000000	3.314060	1.513890	2.995210	8.598530	5.689230	0.000000	0.000000	5850.770000	377.991000	343.594000	143.691000	8.676220	0.000000	4.292940	2.321630	1.753510	1.560730	0.716620	
   49	129.000000	114.490000	114.490000	113.050000	113.120000	114.160000	123.450000	155.640000	165.500000	157.500000	139.500000	125.000000	119.310000	121.600000	130.000000	134.760000	141.000000	158.660000	167.620000	170.000000	179.070000	165.200000	150.000000	136.100000	8.680000	13.200000	13.200000	15.000000	15.000000	12.120000	12.600000	8.560000	9.320000	9.840000	8.560000	11.400000	11.280000	11.520000	10.440000	15.680000	8.320000	8.360000	5.160000	5.160000	5.160000	5.160000	5.160000	8.000000	133.000000	73.473700	56.051100	45.417500	47.240900	54.125400	91.066900	126.270000	156.650000	131.878000	87.048400	65.523100	54.830400	74.248600	58.201500	78.559700	145.679000	161.199000	184.138000	155.165000	152.347000	178.758000	172.632000	154.832000	129.870000	138.574000	131.557000	129.970000	120.887000	115.148000	110.802000	132.854000	142.455000	141.040000	127.773000	90.729900	94.740600	103.912000	103.949000	116.583000	141.876000	138.616000	143.238000	143.174000	141.448000	137.944000	132.586000	104.844000	0.144000	0.000000	0.309915	0.000000	0.301025	0.000000	0.267761	0.000000	0.238859	0.000000	0.243883	0.000000	0.220019	0.000000	0.206278	0.023700	0.250403	0.233800	0.227999	0.508900	124.360000	141.584000	138.975000	153.887000	163.069000	178.185000	170.045000	163.010000	139.652000	150.910000	145.355000	140.244000	0.210336	0.729000	0.269303	0.774700	0.326511	0.684300	0.347927	0.596800	0.380259	0.444000	0.367409	0.213900	0.446289	0.004500	0.515010	0.000000	0.542172	0.000000	0.576754	0.000000	0.576359	0.000000	0.567280	0.000000	0.580948	0.000000	0.557425	0.000000	4.446360	0.271360	0.905347	0.000000	0.000000	0.746113	3.981840	1.809280	2.442970	0.000000	0.000000	8.309390	0.000000	5725.460000	381.662000	332.495000	132.202000	5.980730	0.000000	3.393760	1.893250	1.357910	1.033850	0.274428	
   50	129.000000	114.490000	114.490000	113.050000	113.120000	114.160000	123.450000	155.640000	165.500000	157.500000	139.500000	125.000000	119.310000	121.600000	130.000000	134.760000	141.000000	158.660000	167.620000	170.000000	179.070000	165.200000	150.000000	136.100000	8.680000	13.200000	13.200000	15.000000	15.000000	12.120000	12.600000	8.560000	9.320000	9.840000	8.560000	11.400000	11.280000	11.520000	10.440000	15.680000	8.320000	8.360000	5.160000	5.160000	5.160000	5.160000	5.160000	8.000000	133.000000	83.378500	70.210200	56.040100	53.185700	63.502200	96.678600	146.083000	152.190000	136.350000	95.976800	68.005000	65.073600	75.862500	67.286400	80.675400	147.554000	163.046000	180.073000	164.398000	159.413000	185.479000	169.544000	154.959000	129.870000	131.336000	133.938000	121.832000	114.033000	89.377000	104.179000	122.154000	138.979000	117.201000	121.910000	105.106000	122.573000	130.335000	125.023000	129.954000	153.493000	152.043000	131.272000	135.945000	125.403000	115.295000	114.478000	106.513000	0.144000	0.000000	0.311813	0.000000	0.263152	0.000000	0.191721	0.000000	0.158047	0.000000	0.144082	0.000000	0.136614	0.000000	0.137503	0.033000	0.133853	0.176300	0.155187	0.406000	124.360000	109.570000	112.381000	106.414000	124.518000	168.763000	168.582000	168.862000	148.190000	154.942000	144.689000	131.541000	0.209573	0.526300	0.280731	0.778000	0.343735	0.608300	0.397586	0.350100	0.438600	0.328400	0.464470	0.193100	0.488854	0.005100	0.514235	0.000000	0.332279	0.000000	0.394105	0.000000	0.460560	0.000000	0.503430	0.000000	0.502429	0.000000	0.473612	0.000000	4.446360	0.000000	0.522714	0.046095	0.000000	0.000000	3.454990	1.800790	2.358500	0.000000	0.000000	0.000000	0.000000	5820.110000	385.214000	348.434000	131.214000	7.190330	1.623140	3.790280	2.173040	1.520000	1.236220	0.000000	
   51	129.000000	114.490000	114.490000	113.050000	113.120000	114.160000	123.450000	155.640000	165.500000	157.500000	139.500000	125.000000	119.310000	121.600000	130.000000	134.760000	141.000000	158.660000	167.620000	170.000000	179.070000	165.200000	150.000000	136.100000	8.680000	13.200000	13.200000	15.000000	15.000000	12.120000	12.600000	8.560000	9.320000	9.840000	8.560000	11.400000	11.280000	11.520000	10.440000	15.680000	8.320000	8.360000	5.160000	5.160000	5.160000	5.160000	5.160000	8.000000	133.000000	73.473700	56.051100	45.417500	47.240900	54.125400	91.066900	126.270000	156.650000	131.878000	87.048400	65.523100	54.830400	74.248600	58.201500	78.559700	145.679000	161.199000	184.138000	155.165000	152.347000	178.758000	172.632000	154.832000	129.870000	138.574000	131.557000	129.970000	120.887000	115.148000	110.802000	132.854000	142.455000	141.040000	127.773000	90.729900	94.740600	103.912000	103.949000	116.583000	141.876000	138.616000	143.238000	143.174000	141.448000	137.944000	132.586000	104.844000	0.144000	0.000000	0.309915	0.000000	0.301025	0.000000	0.267761	0.000000	0.238859	0.000000	0.243883	0.000000	0.220019	0.000000	0.206278	0.023700	0.250403	0.233800	0.227999	0.508900	124.360000	141.584000	138.975000	153.887000	163.069000	178.185000	170.045000	163.010000	139.652000	150.910000	145.355000	140.244000	0.210336	0.729000	0.269303	0.774700	0.326511	0.684300	0.347927	0.596800	0.380259	0.444000	0.367409	0.213900	0.446289	0.004500	0.515010	0.000000	0.542172	0.000000	0.576754	0.000000	0.576359	0.000000	0.567280	0.000000	0.580948	0.000000	0.557425	0.000000	4.446360	0.271360	0.905347	0.000000	0.000000	0.746113	3.981840	1.809280	2.442970	0.000000	0.000000	8.309390	0.000000	5725.460000	381.662000	332.495000	132.202000	5.980730	0.000000	3.393760	1.893250	1.357910	1.033850	0.274428	
   52	129.000000	114.490000	114.490000	113.050000	113.120000	114.160000	123.450000	155.640000	165.500000	157.500000	139.500000	125.000000	119.310000	121.600000	130.000000	134.760000	141.000000	158.660000	167.620000	170.000000	179.070000	165.200000	150.000000	136.100000	8.680000	13.200000	13.200000	15.000000	15.000000	12.120000	12.600000	8.560000	9.320000	9.840000	8.560000	11.400000	11.280000	11.520000	10.440000	15.680000	8.320000	8.360000	5.160000	5.160000	5.160000	5.160000	5.160000	8.000000	133.000000	72.908500	55.857200	41.759700	43.963800	52.489900	88.659700	131.110000	138.525000	119.735000	79.968100	66.949700	66.621600	79.052200	69.309700	84.226500	156.251000	167.059000	185.259000	159.680000	162.705000	185.704000	172.510000	152.858000	129.870000	144.446000	130.150000	134.883000	118.351000	90.772600	105.153000	128.128000	125.448000	121.112000	112.999000	102.564000	111.042000	130.648000	129.799000	144.215000	168.310000	167.695000	156.266000	152.639000	132.313000	133.585000	131.678000	119.497000	0.144000	0.000000	0.345568	0.000000	0.337361	0.000000	0.319387	0.000000	0.306518	0.000000	0.273511	0.000000	0.283613	0.000000	0.284127	0.024800	0.225804	0.226500	0.239250	0.383600	124.360000	173.771000	175.144000	180.560000	185.906000	185.049000	177.385000	182.957000	170.352000	165.537000	142.080000	131.552000	0.313781	0.343800	0.329815	0.493300	0.323473	0.603300	0.320065	0.577600	0.317243	0.592400	0.310011	0.326300	0.330171	0.010700	0.348215	0.000000	0.374292	0.000000	0.409405	0.000000	0.425974	0.000000	0.412191	0.000000	0.369548	0.000000	0.310892	0.000000	4.446360	0.568458	1.190680	0.823875	0.000000	0.674707	4.044060	2.124940	2.990760	0.000000	0.000000	16.342400	5.196550	5607.450000	350.347000	322.274000	145.516000	6.389350	0.000000	3.815500	2.068060	1.747960	1.698160	0.514232	
   53	129.000000	114.490000	114.490000	113.050000	113.120000	114.160000	123.450000	155.640000	165.500000	157.500000	139.500000	125.000000	119.310000	121.600000	130.000000	134.760000	141.000000	158.660000	167.620000	170.000000	179.070000	165.200000	150.000000	136.100000	8.680000	13.200000	13.200000	15.000000	15.000000	12.120000	12.600000	8.560000	9.320000	9.840000	8.560000	11.400000	11.280000	11.520000	10.440000	15.680000	8.320000	8.360000	5.160000	5.160000	5.160000	5.160000	5.160000	8.000000	133.000000	83.378500	70.210200	55.323700	54.550600	56.417400	86.282300	141.270000	141.631000	107.299000	87.048400	65.523100	54.830400	74.248600	58.201500	78.559700	145.679000	161.199000	184.138000	155.165000	152.347000	178.758000	172.632000	154.832000	129.870000	132.719000	145.926000	131.192000	129.453000	113.196000	107.878000	131.751000	122.383000	115.726000	91.302300	80.167900	95.663300	103.839000	102.021000	106.867000	125.301000	127.500000	108.999000	125.232000	120.877000	138.744000	121.553000	102.947000	0.144000	0.000000	0.242718	0.000000	0.356946	0.000000	0.344843	0.000000	0.304035	0.000000	0.269346	0.000000	0.237538	0.000000	0.328403	0.024800	0.305769	0.331200	0.266433	0.544200	124.360000	173.460000	162.772000	170.231000	185.165000	207.050000	198.319000	207.854000	135.504000	146.191000	142.971000	139.201000	0.138526	0.454000	0.169028	0.590400	0.244256	0.448800	0.326384	0.634300	0.412753	0.362100	0.472614	0.158300	0.512597	0.005400	0.571854	0.000000	0.669964	0.000000	0.739694	0.000000	0.754526	0.000000	0.738837	0.000000	0.679112	0.000000	0.605673	0.000000	4.446360	0.000000	0.000000	0.000000	0.000000	0.404311	3.649690	2.267540	2.674840	0.015202	0.000000	11.052900	0.000000	5633.900000	374.920000	294.455000	158.554000	7.124940	13.376000	16.434900	1.885380	1.391470	1.295280	0.588224	
   54	129.000000	114.490000	114.490000	113.050000	113.120000	114.160000	123.450000	155.640000	165.500000	157.500000	139.500000	125.000000	119.310000	121.600000	130.000000	134.760000	141.000000	158.660000	167.620000	170.000000	179.070000	165.200000	150.000000	136.100000	8.680000	13.200000	13.200000	15.000000	15.000000	12.120000	12.600000	8.560000	9.320000	9.840000	8.560000	11.400000	11.280000	11.520000	10.440000	15.680000	8.320000	8.360000	5.160000	5.160000	5.160000	5.160000	5.160000	8.000000	133.000000	83.378500	70.210200	56.040100	53.185700	63.502200	96.678600	146.083000	152.190000	136.350000	95.976800	68.005000	65.073600	75.862500	67.286400	80.675400	147.554000	163.046000	180.073000	164.398000	159.413000	185.479000	169.544000	154.959000	129.870000	139.272000	132.314000	123.387000	119.595000	104.863000	107.186000	128.491000	137.909000	125.749000	126.702000	105.435000	86.191300	99.978600	101.468000	99.054700	125.225000	165.991000	142.668000	141.363000	126.316000	137.899000	137.212000	115.901000	0.144000	0.000000	0.301553	0.000000	0.332756	0.000000	0.343226	0.000000	0.335738	0.000000	0.202816	0.000000	0.225235	0.000000	0.211005	0.028100	0.181985	0.174400	0.167805	0.764300	124.360000	173.460000	162.772000	170.231000	185.165000	207.050000	198.319000	207.854000	179.575000	154.942000	144.689000	131.541000	0.165764	0.687100	0.163214	1.225600	0.136267	1.697500	0.116275	1.408100	0.110543	0.460100	0.117039	0.182200	0.152017	0.007200	0.212464	0.000000	0.321728	0.000000	0.412842	0.000000	0.466661	0.000000	0.481765	0.000000	0.459546	0.000000	0.432492	0.000000	4.446360	0.000000	0.388540	0.301402	0.094419	0.000000	3.958960	1.958890	3.796040	0.597795	0.000000	0.000000	0.000000	5721.690000	373.231000	337.776000	127.141000	6.620340	0.000000	4.137190	2.249930	1.768640	1.472700	0.539106	
   55	129.000000	114.490000	114.490000	113.050000	113.120000	114.160000	123.450000	155.640000	165.500000	157.500000	139.500000	125.000000	119.310000	121.600000	130.000000	134.760000	141.000000	158.660000	167.620000	170.000000	179.070000	165.200000	150.000000	136.100000	8.680000	13.200000	13.200000	15.000000	15.000000	12.120000	12.600000	8.560000	9.320000	9.840000	8.560000	11.400000	11.280000	11.520000	10.440000	15.680000	8.320000	8.360000	5.160000	5.160000	5.160000	5.160000	5.160000	8.000000	133.000000	73.473700	56.051100	45.417500	47.240900	54.125400	91.066900	126.270000	156.650000	131.878000	87.048400	65.523100	54.830400	74.248600	58.201500	78.559700	145.679000	161.199000	184.138000	155.165000	152.347000	178.758000	172.632000	154.832000	129.870000	138.574000	131.557000	129.970000	120.887000	115.148000	110.802000	132.854000	142.455000	141.040000	127.773000	90.729900	94.740600	103.912000	103.949000	116.583000	141.876000	138.616000	143.238000	143.174000	141.448000	137.944000	132.586000	104.844000	0.144000	0.000000	0.309915	0.000000	0.301025	0.000000	0.267761	0.000000	0.238859	0.000000	0.243883	0.000000	0.220019	0.000000	0.206278	0.023700	0.250403	0.233800	0.227999	0.508900	124.360000	141.584000	138.975000	153.887000	163.069000	178.185000	170.045000	163.010000	139.652000	150.910000	145.355000	140.244000	0.210336	0.729000	0.269303	0.774700	0.326511	0.684300	0.347927	0.596800	0.380259	0.444000	0.367409	0.213900	0.446289	0.004500	0.515010	0.000000	0.542172	0.000000	0.576754	0.000000	0.576359	0.000000	0.567280	0.000000	0.580948	0.000000	0.557425	0.000000	4.446360	0.271360	0.905347	0.000000	0.000000	0.746113	3.981840	1.809280	2.442970	0.000000	0.000000	8.309390	0.000000	5725.460000	381.662000	332.495000	132.202000	5.980730	0.000000	3.393760	1.893250	1.357910	1.033850	0.274428	
   56	129.000000	114.490000	114.490000	113.050000	113.120000	114.160000	123.450000	155.640000	165.500000	157.500000	139.500000	125.000000	119.310000	121.600000	130.000000	134.760000	141.000000	158.660000	167.620000	170.000000	179.070000	165.200000	150.000000	136.100000	8.680000	13.200000	13.200000	15.000000	15.000000	12.120000	12.600000	8.560000	9.320000	9.840000	8.560000	11.400000	11.280000	11.520000	10.440000	15.680000	8.320000	8.360000	5.160000	5.160000	5.160000	5.160000	5.160000	8.000000	133.000000	83.378500	70.210200	55.323700	54.550600	56.417400	86.282300	141.270000	141.631000	107.299000	87.048400	65.523100	54.830400	74.248600	58.201500	78.559700	145.679000	161.199000	184.138000	155.165000	152.347000	178.758000	172.632000	154.832000	129.870000	153.193000	148.194000	132.600000	133.130000	98.337500	106.609000	139.454000	136.581000	121.746000	116.581000	104.741000	109.534000	126.030000	115.773000	124.692000	149.331000	151.141000	142.549000	141.603000	135.688000	133.072000	131.122000	110.155000	0.144000	0.000000	0.327987	0.000000	0.327668	0.000000	0.319157	0.000000	0.306603	0.000000	0.285038	0.000000	0.248976	0.000000	0.252416	0.045300	0.194148	0.426000	0.125450	0.636400	124.360000	153.495000	146.055000	148.010000	138.007000	179.053000	179.308000	163.150000	169.658000	186.300000	167.136000	145.360000	0.237101	0.743700	0.267855	0.712000	0.326511	1.080500	0.363145	0.669500	0.354620	0.300900	0.355623	0.150600	0.291557	0.005900	0.344514	0.000000	0.397805	0.000000	0.432653	0.000000	0.444453	0.000000	0.439637	0.000000	0.408426	0.000000	0.385513	0.000000	4.446360	0.000000	0.529506	0.000000	0.000000	0.012977	3.397350	1.572080	2.567530	0.000000	0.000000	0.240045	0.000000	5676.480000	363.287000	342.181000	121.199000	5.303180	8.159320	3.657740	2.104980	1.608580	1.337500	0.227256	
   57	129.000000	114.490000	114.490000	113.050000	113.120000	114.160000	123.450000	155.640000	165.500000	157.500000	139.500000	125.000000	119.310000	121.600000	130.000000	134.760000	141.000000	158.660000	167.620000	170.000000	179.070000	165.200000	150.000000	136.100000	8.680000	13.200000	13.200000	15.000000	15.000000	12.120000	12.600000	8.560000	9.320000	9.840000	8.560000	11.400000	11.280000	11.520000	10.440000	15.680000	8.320000	8.360000	5.160000	5.160000	5.160000	5.160000	5.160000	8.000000	133.000000	81.196700	64.110600	52.152300	50.452700	64.228700	92.957300	145.040000	150.637000	117.994000	81.913800	60.966400	48.732500	65.718900	61.151900	71.123200	148.724000	165.327000	185.975000	151.562000	160.089000	195.363000	180.191000	163.471000	129.870000	145.646000	130.214000	123.365000	119.998000	104.527000	111.387000	137.983000	141.327000	137.761000	111.062000	104.030000	106.494000	112.311000	119.320000	129.047000	167.206000	166.424000	153.857000	148.081000	131.164000	141.706000	128.634000	110.583000	0.144000	0.000000	0.325402	0.000000	0.318651	0.000000	0.280541	0.000000	0.229816	0.000000	0.179610	0.000000	0.162078	0.000000	0.177232	0.032200	0.159162	0.290300	0.052478	0.451200	124.360000	177.184000	185.544000	170.395000	195.352000	215.512000	201.338000	183.822000	155.246000	162.290000	159.580000	145.247000	0.187587	0.646800	0.173025	1.396300	0.156311	1.551800	0.143747	1.074100	0.146026	0.753800	0.166711	0.446200	0.205993	0.012300	0.235535	0.000000	0.270242	0.000000	0.296764	0.000000	0.321098	0.000000	0.336250	0.000000	0.344900	0.000000	0.341402	0.000000	4.446360	0.000000	0.215374	0.472682	0.132932	1.461190	2.726980	3.599660	3.950720	0.000000	0.000000	0.000000	0.000000	6153.000000	497.998000	281.458000	136.038000	6.792720	0.000000	1.768000	3.452340	2.072790	1.061170	0.000000	
   58	129.000000	114.490000	114.490000	113.050000	113.120000	114.160000	123.450000	155.640000	165.500000	157.500000	139.500000	125.000000	119.310000	121.600000	130.000000	134.760000	141.000000	158.660000	167.620000	170.000000	179.070000	165.200000	150.000000	136.100000	8.680000	13.200000	13.200000	15.000000	15.000000	12.120000	12.600000	8.560000	9.320000	9.840000	8.560000	11.400000	11.280000	11.520000	10.440000	15.680000	8.320000	8.360000	5.160000	5.160000	5.160000	5.160000	5.160000	8.000000	133.000000	83.378500	70.210200	56.040100	53.185700	63.502200	96.678600	146.083000	152.190000	136.350000	95.976800	68.005000	65.073600	75.862500	67.286400	80.675400	147.554000	163.046000	180.073000	164.398000	159.413000	185.479000	169.544000	154.959000	129.870000	117.370000	108.215000	106.582000	98.501200	83.827600	93.769200	130.963000	126.259000	117.314000	111.859000	120.933000	110.618000	128.068000	114.894000	128.752000	150.570000	147.746000	145.091000	128.350000	129.563000	133.487000	117.494000	91.422600	0.144000	0.000000	0.324770	0.000000	0.356946	0.000000	0.344843	0.000000	0.319436	0.000000	0.293096	0.000000	0.309368	0.000000	0.336976	0.039600	0.325990	0.207400	0.311714	0.385600	124.360000	137.886000	133.478000	138.324000	166.276000	181.737000	208.427000	184.214000	145.088000	155.504000	151.286000	146.663000	0.302504	0.417100	0.303690	0.430700	0.300003	0.387800	0.309491	0.285900	0.363810	0.362600	0.389488	0.214700	0.396253	0.005600	0.407857	0.000000	0.443914	0.000000	0.463816	0.000000	0.455860	0.000000	0.440880	0.000000	0.425675	0.000000	0.399131	0.000000	4.446360	0.000000	0.171731	0.530270	0.968665	2.301620	4.777970	1.923950	3.020010	0.000000	0.000000	0.000000	0.000000	5729.600000	359.263000	320.744000	155.061000	7.923510	0.000000	3.627890	1.897990	1.790510	1.655450	0.665701	
   59	129.000000	114.490000	114.490000	113.050000	113.120000	114.160000	123.450000	155.640000	165.500000	157.500000	139.500000	125.000000	119.310000	121.600000	130.000000	134.760000	141.000000	158.660000	167.620000	170.000000	179.070000	165.200000	150.000000	136.100000	8.680000	13.200000	13.200000	15.000000	15.000000	12.120000	12.600000	8.560000	9.320000	9.840000	8.560000	11.400000	11.280000	11.520000	10.440000	15.680000	8.320000	8.360000	5.160000	5.160000	5.160000	5.160000	5.160000	8.000000	133.000000	81.196700	64.110600	52.152300	50.452700	64.228700	92.957300	145.040000	150.637000	117.994000	81.913800	60.966400	48.732500	65.718900	61.151900	71.123200	148.724000	165.327000	185.975000	151.562000	160.089000	195.363000	180.191000	163.471000	129.870000	145.646000	130.214000	123.365000	119.998000	104.527000	111.387000	137.983000	141.327000	137.761000	111.062000	104.030000	106.494000	112.311000	119.320000	129.047000	167.206000	166.424000	153.857000	148.081000	131.164000	141.706000	128.634000	110.583000	0.144000	0.000000	0.325402	0.000000	0.318651	0.000000	0.280541	0.000000	0.287171	0.000000	0.332408	0.000000	0.309368	0.000000	0.328403	0.020000	0.305769	0.195600	0.285445	0.500200	124.360000	137.886000	133.478000	138.324000	159.847000	178.604000	198.512000	170.172000	122.133000	130.280000	130.505000	116.237000	0.432657	0.647500	0.449811	0.573700	0.524043	0.551000	0.528593	0.887800	0.505350	0.453700	0.435124	0.225800	0.480018	0.007200	0.491390	0.000000	0.517736	0.000000	0.548380	0.000000	0.563556	0.000000	0.512526	0.000000	0.342824	0.000000	0.321212	0.000000	4.446360	0.000000	0.000000	0.000000	0.000000	0.000000	2.330270	1.618070	2.533600	0.000000	0.000000	15.540300	1.879850	5671.840000	367.965000	327.397000	149.833000	7.123970	0.000000	3.587870	2.170850	1.690290	1.531310	0.615826	
   60	129.000000	114.490000	114.490000	113.050000	113.120000	114.160000	123.450000	155.640000	165.500000	157.500000	139.500000	125.000000	119.310000	121.600000	130.000000	134.760000	141.000000	158.660000	167.620000	170.000000	179.070000	165.200000	150.000000	136.100000	8.680000	13.200000	13.200000	15.000000	15.000000	12.120000	12.600000	8.560000	9.320000	9.840000	8.560000	11.400000	11.280000	11.520000	10.440000	15.680000	8.320000	8.360000	5.160000	5.160000	5.160000	5.160000	5.160000	8.000000	133.000000	81.196700	64.110600	52.152300	50.452700	64.228700	92.957300	145.040000	150.637000	117.994000	81.913800	60.966400	48.732500	65.718900	61.151900	71.123200	148.724000	165.327000	185.975000	151.562000	160.089000	195.363000	180.191000	163.471000	129.870000	145.646000	130.214000	123.365000	119.998000	104.527000	111.387000	137.983000	141.327000	137.761000	111.062000	104.030000	106.494000	112.311000	119.320000	129.047000	167.206000	166.424000	153.857000	148.081000	131.164000	141.706000	128.634000	110.583000	0.144000	0.000000	0.325402	0.000000	0.318651	0.000000	0.280541	0.000000	0.287171	0.000000	0.332408	0.000000	0.309368	0.000000	0.328403	0.020000	0.305769	0.195600	0.285445	0.500200	124.360000	137.886000	133.478000	138.324000	159.847000	178.604000	198.512000	170.172000	122.133000	130.280000	130.505000	116.237000	0.432657	0.647500	0.449811	0.573700	0.524043	0.551000	0.528593	0.887800	0.505350	0.453700	0.435124	0.225800	0.480018	0.007200	0.491390	0.000000	0.517736	0.000000	0.548380	0.000000	0.563556	0.000000	0.512526	0.000000	0.342824	0.000000	0.321212	0.000000	4.446360	0.000000	0.000000	0.000000	0.000000	0.000000	2.330270	1.618070	2.533600	0.000000	0.000000	15.540300	1.879850	5671.840000	367.965000	327.397000	149.833000	7.123970	0.000000	3.587870	2.170850	1.690290	1.531310	0.615826	
   61	129.000000	114.490000	114.490000	113.050000	113.120000	114.160000	123.450000	155.640000	165.500000	157.500000	139.500000	125.000000	119.310000	121.600000	130.000000	134.760000	141.000000	158.660000	167.620000	170.000000	179.070000	165.200000	150.000000	136.100000	8.680000	13.200000	13.200000	15.000000	15.000000	12.120000	12.600000	8.560000	9.320000	9.840000	8.560000	11.400000	11.280000	11.520000	10.440000	15.680000	8.320000	8.360000	5.160000	5.160000	5.160000	5.160000	5.160000	8.000000	133.000000	73.473700	56.051100	45.417500	47.240900	54.125400	91.066900	126.270000	156.650000	131.878000	87.048400	65.523100	54.830400	74.248600	58.201500	78.559700	145.679000	161.199000	184.138000	155.165000	152.347000	178.758000	172.632000	154.832000	129.870000	138.574000	131.557000	129.970000	120.887000	115.148000	110.802000	132.854000	142.455000	141.040000	127.773000	90.729900	94.740600	103.912000	103.949000	116.583000	141.876000	138.616000	143.238000	143.174000	141.448000	137.944000	132.586000	104.844000	0.144000	0.000000	0.309915	0.000000	0.301025	0.000000	0.267761	0.000000	0.238859	0.000000	0.243883	0.000000	0.220019	0.000000	0.206278	0.023700	0.250403	0.233800	0.227999	0.508900	124.360000	141.584000	138.975000	153.887000	163.069000	178.185000	170.045000	163.010000	139.652000	150.910000	145.355000	140.244000	0.210336	0.729000	0.269303	0.774700	0.326511	0.684300	0.347927	0.596800	0.380259	0.444000	0.367409	0.213900	0.446289	0.004500	0.515010	0.000000	0.542172	0.000000	0.576754	0.000000	0.576359	0.000000	0.567280	0.000000	0.580948	0.000000	0.557425	0.000000	4.446360	0.271360	0.905347	0.000000	0.000000	0.746113	3.981840	1.809280	2.442970	0.000000	0.000000	8.309390	0.000000	5725.460000	381.662000	332.495000	132.202000	5.980730	0.000000	3.393760	1.893250	1.357910	1.033850	0.274428	
   62	129.000000	114.490000	114.490000	113.050000	113.120000	114.160000	123.450000	155.640000	165.500000	157.500000	139.500000	125.000000	119.310000	121.600000	130.000000	134.760000	141.000000	158.660000	167.620000	170.000000	179.070000	165.200000	150.000000	136.100000	8.680000	13.200000	13.200000	15.000000	15.000000	12.120000	12.600000	8.560000	9.320000	9.840000	8.560000	11.400000	11.280000	11.520000	10.440000	15.680000	8.320000	8.360000	5.160000	5.160000	5.160000	5.160000	5.160000	8.000000	133.000000	72.908500	55.857200	41.759700	43.963800	52.489900	88.659700	131.110000	138.525000	119.735000	79.968100	66.949700	66.621600	79.052200	69.309700	84.226500	156.251000	167.059000	185.259000	159.680000	162.705000	185.704000	172.510000	152.858000	129.870000	144.446000	130.150000	134.883000	118.351000	90.772600	105.153000	128.128000	125.448000	121.112000	112.999000	102.564000	111.042000	130.648000	129.799000	144.215000	168.310000	167.695000	156.266000	152.639000	132.313000	133.585000	131.678000	119.497000	0.144000	0.000000	0.345568	0.000000	0.337361	0.000000	0.319387	0.000000	0.306518	0.000000	0.354891	0.000000	0.461191	0.000000	0.421563	0.030800	0.521609	0.295100	0.564535	0.450000	124.360000	157.517000	159.144000	153.887000	163.069000	178.185000	170.045000	163.010000	139.652000	150.910000	145.355000	139.430000	0.575221	0.597300	0.440834	0.717000	0.434315	0.592700	0.477766	0.681900	0.514107	0.464000	0.434303	0.252700	0.452692	0.008000	0.509061	0.000000	0.557953	0.000000	0.543664	0.000000	0.613875	0.000000	0.615525	0.000000	0.542124	0.000000	0.530844	0.000000	4.446360	0.000000	0.547548	0.051960	0.000000	0.000000	3.426630	1.727480	2.649100	0.000000	0.000000	0.000000	0.000000	5852.250000	377.481000	326.758000	156.904000	5.909110	0.000000	3.668580	1.961390	1.636960	1.235940	0.199012	
   63	129.000000	114.490000	114.490000	113.050000	113.120000	114.160000	123.450000	155.640000	165.500000	157.500000	139.500000	125.000000	119.310000	121.600000	130.000000	134.760000	141.000000	158.660000	167.620000	170.000000	179.070000	165.200000	150.000000	136.100000	8.680000	13.200000	13.200000	15.000000	15.000000	12.120000	12.600000	8.560000	9.320000	9.840000	8.560000	11.400000	11.280000	11.520000	10.440000	15.680000	8.320000	8.360000	5.160000	5.160000	5.160000	5.160000	5.160000	8.000000	133.000000	81.196700	64.110600	52.152300	50.452700	64.228700	92.957300	145.040000	150.637000	117.994000	81.913800	60.966400	48.732500	65.718900	61.151900	71.123200	148.724000	165.327000	185.975000	151.562000	160.089000	195.363000	180.191000	163.471000	129.870000	145.646000	130.214000	123.365000	119.998000	104.527000	111.387000	137.983000	141.327000	137.761000	111.062000	104.030000	106.494000	112.311000	119.320000	129.047000	167.206000	166.424000	153.857000	148.081000	131.164000	141.706000	128.634000	110.583000	0.144000	0.000000	0.325402	0.000000	0.318651	0.000000	0.280541	0.000000	0.287171	0.000000	0.332408	0.000000	0.309368	0.000000	0.328403	0.020000	0.305769	0.195600	0.285445	0.500200	124.360000	137.886000	133.478000	138.324000	159.847000	178.604000	198.512000	170.172000	122.133000	130.280000	130.505000	116.237000	0.432657	0.647500	0.449811	0.573700	0.524043	0.551000	0.528593	0.887800	0.505350	0.453700	0.435124	0.225800	0.480018	0.007200	0.491390	0.000000	0.517736	0.000000	0.548380	0.000000	0.563556	0.000000	0.512526	0.000000	0.342824	0.000000	0.321212	0.000000	4.446360	0.000000	0.000000	0.000000	0.000000	0.000000	2.330270	1.618070	2.533600	0.000000	0.000000	15.540300	1.879850	5671.840000	367.965000	327.397000	149.833000	7.123970	0.000000	3.587870	2.170850	1.690290	1.531310	0.615826	
   64	129.000000	114.490000	114.490000	113.050000	113.120000	114.160000	123.450000	155.640000	165.500000	157.500000	139.500000	125.000000	119.310000	121.600000	130.000000	134.760000	141.000000	158.660000	167.620000	170.000000	179.070000	165.200000	150.000000	136.100000	8.680000	13.200000	13.200000	15.000000	15.000000	12.120000	12.600000	8.560000	9.320000	9.840000	8.560000	11.400000	11.280000	11.520000	10.440000	15.680000	8.320000	8.360000	5.160000	5.160000	5.160000	5.160000	5.160000	8.000000	133.000000	81.196700	64.110600	52.152300	50.452700	64.228700	92.957300	145.040000	150.637000	117.994000	81.913800	60.966400	48.732500	65.718900	61.151900	71.123200	148.724000	165.327000	185.975000	151.562000	160.089000	195.363000	180.191000	163.471000	129.870000	145.646000	130.214000	123.365000	119.998000	104.527000	111.387000	137.983000	141.327000	137.761000	111.062000	104.030000	106.494000	112.311000	119.320000	129.047000	167.206000	166.424000	153.857000	148.081000	131.164000	141.706000	128.634000	110.583000	0.144000	0.000000	0.325402	0.000000	0.318651	0.000000	0.280541	0.000000	0.229816	0.000000	0.179610	0.000000	0.162078	0.000000	0.177232	0.032200	0.159162	0.290300	0.052478	0.451200	124.360000	127.751000	123.982000	119.207000	111.631000	142.485000	145.556000	156.398000	146.523000	148.986000	145.387000	135.773000	0.000000	0.349200	0.000000	0.581000	0.000000	0.481100	0.020197	0.527600	0.061733	0.710400	0.109407	0.556200	0.183551	0.013100	0.270956	0.000000	0.332279	0.000000	0.394105	0.000000	0.466661	0.000000	0.481765	0.000000	0.459546	0.000000	0.432492	0.000000	4.446360	0.012425	0.570050	0.000000	0.000000	0.000000	3.802220	1.947410	2.905390	0.635001	0.000000	0.000000	0.000000	5704.960000	362.416000	316.216000	147.985000	4.754880	1.623140	3.790280	2.249930	1.768640	1.472700	0.539106	
   65	129.000000	114.490000	114.490000	113.050000	113.120000	114.160000	123.450000	155.640000	165.500000	157.500000	139.500000	125.000000	119.310000	121.600000	130.000000	134.760000	141.000000	158.660000	167.620000	170.000000	179.070000	165.200000	150.000000	136.100000	8.680000	13.200000	13.200000	15.000000	15.000000	12.120000	12.600000	8.560000	9.320000	9.840000	8.560000	11.400000	11.280000	11.520000	10.440000	15.680000	8.320000	8.360000	5.160000	5.160000	5.160000	5.160000	5.160000	8.000000	133.000000	81.196700	64.110600	52.152300	50.452700	64.228700	92.957300	145.040000	150.637000	117.994000	81.913800	60.966400	48.732500	65.718900	61.151900	71.123200	148.724000	165.327000	185.975000	151.562000	160.089000	195.363000	180.191000	163.471000	129.870000	145.646000	130.214000	123.365000	119.998000	104.527000	111.387000	137.983000	141.327000	137.761000	111.062000	104.030000	106.494000	112.311000	119.320000	129.047000	167.206000	166.424000	153.857000	148.081000	131.164000	141.706000	128.634000	110.583000	0.144000	0.000000	0.325402	0.000000	0.318651	0.000000	0.280541	0.000000	0.229816	0.000000	0.179610	0.000000	0.162078	0.000000	0.177232	0.032200	0.159162	0.290300	0.052478	0.451200	124.360000	162.045000	162.915000	173.781000	177.583000	195.744000	178.536000	167.618000	159.570000	168.839000	143.219000	139.091000	0.140769	1.433100	0.137818	1.588400	0.156273	0.671700	0.218151	0.506200	0.299437	0.749700	0.361744	0.365900	0.423622	0.013400	0.488531	0.000000	0.534223	0.000000	0.530643	0.000000	0.490690	0.000000	0.435896	0.000000	0.368645	0.000000	0.317931	0.000000	4.446360	0.110628	1.198900	0.000000	0.000000	0.000000	4.098210	1.926720	2.720880	0.000000	0.000000	0.000000	0.000000	5729.130000	375.048000	329.408000	132.846000	6.840850	7.436820	3.667040	2.076780	1.824210	1.426850	0.607821	
   66	129.000000	114.490000	114.490000	113.050000	113.120000	114.160000	123.450000	155.640000	165.500000	157.500000	139.500000	125.000000	119.310000	121.600000	130.000000	134.760000	141.000000	158.660000	167.620000	170.000000	179.070000	165.200000	150.000000	136.100000	8.680000	13.200000	13.200000	15.000000	15.000000	12.120000	12.600000	8.560000	9.320000	9.840000	8.560000	11.400000	11.280000	11.520000	10.440000	15.680000	8.320000	8.360000	5.160000	5.160000	5.160000	5.160000	5.160000	8.000000	133.000000	83.378500	70.210200	56.040100	53.185700	63.502200	96.678600	146.083000	152.190000	136.350000	95.976800	68.005000	65.073600	75.862500	67.286400	80.675400	147.554000	163.046000	180.073000	164.398000	159.413000	185.479000	169.544000	154.959000	129.870000	141.774000	140.250000	135.913000	137.533000	112.608000	118.699000	148.093000	154.860000	143.600000	116.390000	109.601000	114.931000	126.064000	132.184000	146.512000	171.447000	167.372000	148.390000	156.769000	161.854000	165.224000	154.562000	134.090000	0.144000	0.000000	0.320449	0.000000	0.311893	0.000000	0.295377	0.000000	0.286333	0.000000	0.256846	0.000000	0.258361	0.000000	0.270270	0.038200	0.276608	0.385700	0.302694	0.684200	124.360000	137.571000	130.312000	119.207000	111.631000	142.485000	145.556000	156.398000	146.523000	146.408000	143.724000	135.575000	0.325809	1.017800	0.362609	1.070100	0.401237	1.463600	0.420304	0.870100	0.407852	0.682100	0.388979	0.324300	0.401735	0.013900	0.447264	0.000000	0.409493	0.000000	0.303070	0.000000	0.223383	0.000000	0.228071	0.000000	0.250747	0.000000	0.272927	0.000000	4.446360	0.440780	0.955672	0.613177	0.000000	0.000000	4.004460	2.144400	3.350770	1.041660	0.000000	8.403070	0.000000	5638.500000	347.213000	313.191000	158.871000	7.116890	8.185070	3.986030	2.381200	1.871000	1.684670	0.738619	
   67	129.000000	114.490000	114.490000	113.050000	113.120000	114.160000	123.450000	155.640000	165.500000	157.500000	139.500000	125.000000	119.310000	121.600000	130.000000	134.760000	141.000000	158.660000	167.620000	170.000000	179.070000	165.200000	150.000000	136.100000	8.680000	13.200000	13.200000	15.000000	15.000000	12.120000	12.600000	8.560000	9.320000	9.840000	8.560000	11.400000	11.280000	11.520000	10.440000	15.680000	8.320000	8.360000	5.160000	5.160000	5.160000	5.160000	5.160000	8.000000	133.000000	83.378500	70.210200	56.040100	53.185700	63.502200	96.678600	146.083000	152.190000	136.350000	95.976800	68.005000	65.073600	75.862500	67.286400	80.675400	147.554000	163.046000	180.073000	164.398000	159.413000	185.479000	169.544000	154.959000	129.870000	147.629000	139.062000	136.281000	132.693000	111.769000	111.310000	129.416000	155.702000	146.825000	131.493000	128.533000	126.268000	130.885000	125.511000	124.229000	153.476000	156.603000	146.393000	157.975000	128.875000	135.167000	126.674000	108.966000	0.144000	0.000000	0.322145	0.000000	0.346473	0.000000	0.348143	0.000000	0.339288	0.000000	0.332752	0.000000	0.330107	0.000000	0.327691	0.024500	0.317101	0.222800	0.308915	0.839500	124.360000	118.416000	118.877000	112.420000	133.595000	146.939000	152.056000	137.004000	132.508000	152.083000	146.277000	121.289000	0.096004	0.407500	0.106432	0.515600	0.109867	0.585900	0.109701	0.463500	0.128523	0.287800	0.202009	0.186800	0.314106	0.005800	0.356071	0.000000	0.501316	0.000000	0.546229	0.000000	0.588430	0.000000	0.592883	0.000000	0.571308	0.000000	0.543173	0.000000	4.446360	0.000000	0.000000	0.254367	0.008011	0.000000	2.963390	1.866270	2.596180	0.922405	0.000000	0.000000	0.000000	5717.100000	365.024000	315.031000	158.029000	5.083870	1.696300	3.400670	2.059340	1.918120	1.387980	0.593643	
   68	129.000000	114.490000	114.490000	113.050000	113.120000	114.160000	123.450000	155.640000	165.500000	157.500000	139.500000	125.000000	119.310000	121.600000	130.000000	134.760000	141.000000	158.660000	167.620000	170.000000	179.070000	165.200000	150.000000	136.100000	8.680000	13.200000	13.200000	15.000000	15.000000	12.120000	12.600000	8.560000	9.320000	9.840000	8.560000	11.400000	11.280000	11.520000	10.440000	15.680000	8.320000	8.360000	5.160000	5.160000	5.160000	5.160000	5.160000	8.000000	133.000000	83.378500	70.210200	56.040100	53.185700	63.502200	96.678600	146.083000	152.190000	136.350000	95.976800	68.005000	65.073600	75.862500	67.286400	80.675400	147.554000	163.046000	180.073000	164.398000	159.413000	185.479000	169.544000	154.959000	129.870000	146.687000	148.743000	144.689000	138.246000	106.014000	110.566000	122.489000	140.184000	130.633000	131.329000	124.119000	134.353000	137.645000	134.576000	145.778000	175.630000	179.940000	158.734000	156.651000	139.106000	152.033000	137.590000	121.432000	0.144000	0.000000	0.285263	0.000000	0.268751	0.000000	0.247914	0.000000	0.257780	0.000000	0.270402	0.000000	0.268343	0.000000	0.283793	0.034600	0.288963	0.245300	0.265307	0.443400	124.360000	173.771000	175.144000	180.560000	154.811000	179.862000	178.952000	166.381000	148.448000	147.856000	144.512000	138.648000	0.279475	0.901900	0.322541	0.961500	0.363432	0.577000	0.405541	0.742500	0.443068	0.957100	0.457508	0.483900	0.455709	0.010300	0.451336	0.000000	0.479710	0.000000	0.572437	0.000000	0.643850	0.000000	0.664282	0.000000	0.592681	0.000000	0.576404	0.000000	4.446360	0.460555	1.114880	0.454957	0.000000	1.880880	4.279050	2.169510	2.876630	0.241447	0.000000	0.000000	0.000000	5721.130000	355.188000	322.660000	154.369000	6.064640	0.000000	3.753540	1.994250	1.778250	1.532530	0.529625	
   69	129.000000	114.490000	114.490000	113.050000	113.120000	114.160000	123.450000	155.640000	165.500000	157.500000	139.500000	125.000000	119.310000	121.600000	130.000000	134.760000	141.000000	158.660000	167.620000	170.000000	179.070000	165.200000	150.000000	136.100000	8.680000	13.200000	13.200000	15.000000	15.000000	12.120000	12.600000	8.560000	9.320000	9.840000	8.560000	11.400000	11.280000	11.520000	10.440000	15.680000	8.320000	8.360000	5.160000	5.160000	5.160000	5.160000	5.160000	8.000000	133.000000	83.378500	70.210200	56.040100	53.185700	63.502200	96.678600	146.083000	152.190000	136.350000	95.976800	68.005000	65.073600	75.862500	67.286400	80.675400	147.554000	163.046000	180.073000	164.398000	159.413000	185.479000	169.544000	154.959000	129.870000	146.898000	147.955000	144.404000	140.241000	114.943000	112.096000	131.163000	128.025000	132.638000	116.125000	113.651000	114.829000	123.347000	103.767000	111.699000	142.450000	144.117000	142.266000	153.522000	146.844000	151.360000	129.722000	113.258000	0.144000	0.000000	0.215046	0.000000	0.200103	0.000000	0.183787	0.000000	0.167199	0.000000	0.147306	0.000000	0.144066	0.000000	0.155022	0.024200	0.158949	0.187900	0.149093	0.299800	124.360000	100.932000	101.725000	117.900000	120.023000	147.200000	147.430000	163.355000	138.256000	157.450000	146.023000	141.287000	0.157974	0.333900	0.198953	0.641300	0.249545	0.398300	0.295783	0.402800	0.406754	0.232400	0.416929	0.171300	0.452692	0.007400	0.503381	0.000000	0.557953	0.000000	0.591408	0.000000	0.613875	0.000000	0.615525	0.000000	0.581616	0.000000	0.534355	0.000000	4.446360	0.000000	0.471435	0.381683	0.000000	0.000000	3.068950	1.867410	2.507760	0.000000	0.000000	20.068800	0.000000	5613.400000	388.177000	347.459000	163.225000	5.637550	24.298800	3.438300	2.028720	1.592790	1.228960	0.046042	
   70	129.000000	114.490000	114.490000	113.050000	113.120000	114.160000	123.450000	155.640000	165.500000	157.500000	139.500000	125.000000	119.310000	121.600000	130.000000	134.760000	141.000000	158.660000	167.620000	170.000000	179.070000	165.200000	150.000000	136.100000	8.680000	13.200000	13.200000	15.000000	15.000000	12.120000	12.600000	8.560000	9.320000	9.840000	8.560000	11.400000	11.280000	11.520000	10.440000	15.680000	8.320000	8.360000	5.160000	5.160000	5.160000	5.160000	5.160000	8.000000	133.000000	72.908500	55.857200	41.759700	43.963800	52.489900	88.659700	131.110000	138.525000	119.735000	79.968100	66.949700	66.621600	79.052200	69.309700	84.226500	156.251000	167.059000	185.259000	159.680000	162.705000	185.704000	172.510000	152.858000	129.870000	144.446000	130.150000	134.883000	118.351000	90.772600	105.153000	128.128000	125.448000	121.112000	112.999000	102.564000	111.042000	130.648000	129.799000	144.215000	168.310000	167.695000	156.266000	152.639000	132.313000	133.585000	131.678000	119.497000	0.144000	0.000000	0.345568	0.000000	0.337361	0.000000	0.319387	0.000000	0.306518	0.000000	0.272366	0.000000	0.247948	0.000000	0.231156	0.035000	0.194905	0.159400	0.104773	0.615300	124.360000	128.807000	137.563000	150.720000	158.816000	172.142000	155.808000	164.453000	144.800000	149.106000	142.095000	137.616000	0.040399	0.745600	0.024666	1.024700	0.034023	0.543500	0.342503	0.765700	0.383950	0.324900	0.414969	0.160900	0.445931	0.006400	0.476779	0.000000	0.506448	0.000000	0.521630	0.000000	0.513654	0.000000	0.500049	0.000000	0.468683	0.000000	0.424653	0.000000	4.446360	0.406759	1.285550	0.000000	0.000000	1.341030	3.717410	1.938760	2.669580	0.000000	0.000000	6.011060	0.000000	5742.650000	365.518000	326.162000	150.570000	7.181600	22.761200	3.185300	2.008010	1.636730	1.303090	0.388847	
   71	129.000000	114.490000	114.490000	113.050000	113.120000	114.160000	123.450000	155.640000	165.500000	157.500000	139.500000	125.000000	119.310000	121.600000	130.000000	134.760000	141.000000	158.660000	167.620000	170.000000	179.070000	165.200000	150.000000	136.100000	8.680000	13.200000	13.200000	15.000000	15.000000	12.120000	12.600000	8.560000	9.320000	9.840000	8.560000	11.400000	11.280000	11.520000	10.440000	15.680000	8.320000	8.360000	5.160000	5.160000	5.160000	5.160000	5.160000	8.000000	133.000000	72.908500	55.857200	41.759700	43.963800	52.489900	88.659700	131.110000	138.525000	119.735000	79.968100	66.949700	66.621600	79.052200	69.309700	84.226500	156.251000	167.059000	185.259000	159.680000	162.705000	185.704000	172.510000	152.858000	129.870000	144.446000	130.150000	134.883000	118.351000	90.772600	105.153000	128.128000	125.448000	121.112000	112.999000	102.564000	111.042000	130.648000	129.799000	144.215000	168.310000	167.695000	156.266000	152.639000	132.313000	133.585000	131.678000	119.497000	0.144000	0.000000	0.345568	0.000000	0.337361	0.000000	0.319387	0.000000	0.306518	0.000000	0.264947	0.000000	0.211800	0.000000	0.225741	0.034100	0.220197	0.361600	0.216692	0.545600	124.360000	137.792000	137.063000	147.595000	157.722000	176.416000	194.615000	169.226000	135.504000	146.191000	142.971000	139.201000	0.275865	0.742700	0.340200	0.951800	0.353552	0.744600	0.464184	0.640100	0.332476	0.603600	0.388719	0.264300	0.394077	0.008600	0.447264	0.000000	0.506318	0.000000	0.544741	0.000000	0.537595	0.000000	0.534157	0.000000	0.528343	0.000000	0.471975	0.000000	4.446360	0.000000	0.494101	0.000000	4.157890	0.265082	3.046280	3.898270	4.787510	0.530791	0.000000	0.000000	0.000000	5965.390000	365.868000	343.537000	155.112000	7.327480	17.149800	4.029480	2.352590	1.684730	1.297700	0.606455	
   72	129.000000	114.490000	114.490000	113.050000	113.120000	114.160000	123.450000	155.640000	165.500000	157.500000	139.500000	125.000000	119.310000	121.600000	130.000000	134.760000	141.000000	158.660000	167.620000	170.000000	179.070000	165.200000	150.000000	136.100000	8.680000	13.200000	13.200000	15.000000	15.000000	12.120000	12.600000	8.560000	9.320000	9.840000	8.560000	11.400000	11.280000	11.520000	10.440000	15.680000	8.320000	8.360000	5.160000	5.160000	5.160000	5.160000	5.160000	8.000000	133.000000	73.473700	56.051100	45.417500	47.240900	54.125400	91.066900	126.270000	156.650000	131.878000	87.048400	65.523100	54.830400	74.248600	58.201500	78.559700	145.679000	161.199000	184.138000	155.165000	152.347000	178.758000	172.632000	154.832000	129.870000	138.574000	131.557000	129.970000	120.887000	115.148000	110.802000	132.854000	142.455000	141.040000	127.773000	90.729900	94.740600	103.912000	103.949000	116.583000	141.876000	138.616000	143.238000	143.174000	141.448000	137.944000	132.586000	104.844000	0.144000	0.000000	0.309915	0.000000	0.301025	0.000000	0.267761	0.000000	0.238859	0.000000	0.243883	0.000000	0.220019	0.000000	0.206278	0.023700	0.250403	0.233800	0.227999	0.508900	124.360000	141.584000	138.975000	153.887000	163.069000	178.185000	170.045000	163.010000	139.652000	150.910000	145.355000	140.244000	0.210336	0.729000	0.269303	0.774700	0.326511	0.684300	0.347927	0.596800	0.380259	0.444000	0.367409	0.213900	0.446289	0.004500	0.515010	0.000000	0.542172	0.000000	0.576754	0.000000	0.576359	0.000000	0.567280	0.000000	0.580948	0.000000	0.557425	0.000000	4.446360	0.271360	0.905347	0.000000	0.000000	0.746113	3.981840	1.809280	2.442970	0.000000	0.000000	8.309390	0.000000	5725.460000	381.662000	332.495000	132.202000	5.980730	0.000000	3.393760	1.893250	1.357910	1.033850	0.274428	
   73	129.000000	114.490000	114.490000	113.050000	113.120000	114.160000	123.450000	155.640000	165.500000	157.500000	139.500000	125.000000	119.310000	121.600000	130.000000	134.760000	141.000000	158.660000	167.620000	170.000000	179.070000	165.200000	150.000000	136.100000	8.680000	13.200000	13.200000	15.000000	15.000000	12.120000	12.600000	8.560000	9.320000	9.840000	8.560000	11.400000	11.280000	11.520000	10.440000	15.680000	8.320000	8.360000	5.160000	5.160000	5.160000	5.160000	5.160000	8.000000	133.000000	72.908500	55.857200	41.759700	43.963800	52.489900	88.659700	131.110000	138.525000	119.735000	79.968100	66.949700	66.621600	79.052200	69.309700	84.226500	156.251000	167.059000	185.259000	159.680000	162.705000	185.704000	172.510000	152.858000	129.870000	144.446000	130.150000	134.883000	118.351000	90.772600	105.153000	128.128000	125.448000	121.112000	112.999000	102.564000	111.042000	130.648000	129.799000	144.215000	168.310000	167.695000	156.266000	152.639000	132.313000	133.585000	131.678000	119.497000	0.144000	0.000000	0.345568	0.000000	0.337361	0.000000	0.319387	0.000000	0.306518	0.000000	0.291408	0.000000	0.375791	0.000000	0.384630	0.022500	0.430211	0.198700	0.446638	0.389900	124.360000	143.268000	139.366000	151.226000	156.966000	179.940000	168.582000	168.862000	140.204000	151.052000	141.953000	138.909000	0.451433	0.571000	0.440834	0.880900	0.402950	0.902100	0.354213	0.890300	0.329422	0.523900	0.328935	0.198400	0.339492	0.008900	0.386034	0.000000	0.443853	0.000000	0.481402	0.000000	0.518937	0.000000	0.530296	0.000000	0.527225	0.000000	0.533842	0.000000	4.446360	0.000000	0.460782	0.000000	0.000000	0.609185	3.250700	1.563180	2.680200	0.000000	0.000000	0.000000	0.000000	5764.570000	365.330000	334.536000	142.828000	6.684920	0.000000	3.834710	2.090530	1.620400	1.407920	0.430086	
   74	129.000000	114.490000	114.490000	113.050000	113.120000	114.160000	123.450000	155.640000	165.500000	157.500000	139.500000	125.000000	119.310000	121.600000	130.000000	134.760000	141.000000	158.660000	167.620000	170.000000	179.070000	165.200000	150.000000	136.100000	8.680000	13.200000	13.200000	15.000000	15.000000	12.120000	12.600000	8.560000	9.320000	9.840000	8.560000	11.400000	11.280000	11.520000	10.440000	15.680000	8.320000	8.360000	5.160000	5.160000	5.160000	5.160000	5.160000	8.000000	133.000000	83.378500	70.210200	56.040100	53.185700	63.502200	96.678600	146.083000	152.190000	136.350000	95.976800	68.005000	65.073600	75.862500	67.286400	80.675400	147.554000	163.046000	180.073000	164.398000	159.413000	185.479000	169.544000	154.959000	129.870000	129.190000	125.166000	106.748000	104.713000	89.130300	97.810300	129.500000	128.914000	128.082000	117.329000	90.696300	104.758000	118.049000	116.525000	125.652000	149.263000	154.677000	142.846000	138.881000	134.953000	163.195000	130.405000	118.603000	0.144000	0.000000	0.513681	0.000000	0.543923	0.000000	0.531879	0.000000	0.517752	0.000000	0.496148	0.000000	0.461191	0.000000	0.437158	0.031600	0.394530	0.252700	0.325139	0.780600	124.360000	105.535000	94.713400	90.135800	172.627000	191.572000	180.603000	180.107000	151.732000	147.800000	141.995000	130.956000	0.293465	0.944500	0.344484	0.546200	0.425984	0.613600	0.336714	0.405300	0.348770	0.492800	0.369561	0.216900	0.406973	0.009900	0.449996	0.000000	0.496249	0.000000	0.515561	0.000000	0.501852	0.000000	0.515783	0.000000	0.530242	0.000000	0.504364	0.000000	4.446360	0.301594	1.165170	0.000000	0.000000	0.858314	4.014240	1.341740	2.686410	0.000000	0.000000	0.000000	0.000000	5693.050000	367.404000	324.192000	143.713000	6.561120	0.000000	4.035030	1.472860	1.884140	1.310780	0.486926	
   75	129.000000	114.490000	114.490000	113.050000	113.120000	114.160000	123.450000	155.640000	165.500000	157.500000	139.500000	125.000000	119.310000	121.600000	130.000000	134.760000	141.000000	158.660000	167.620000	170.000000	179.070000	165.200000	150.000000	136.100000	8.680000	13.200000	13.200000	15.000000	15.000000	12.120000	12.600000	8.560000	9.320000	9.840000	8.560000	11.400000	11.280000	11.520000	10.440000	15.680000	8.320000	8.360000	5.160000	5.160000	5.160000	5.160000	5.160000	8.000000	133.000000	72.908500	55.857200	41.759700	43.963800	52.489900	88.659700	131.110000	138.525000	119.735000	79.968100	66.949700	66.621600	79.052200	69.309700	84.226500	156.251000	167.059000	185.259000	159.680000	162.705000	185.704000	172.510000	152.858000	129.870000	144.446000	130.150000	134.883000	118.351000	90.772600	105.153000	128.128000	125.448000	121.112000	112.999000	102.564000	111.042000	130.648000	129.799000	144.215000	168.310000	167.695000	156.266000	152.639000	132.313000	133.585000	131.678000	119.497000	0.144000	0.000000	0.345568	0.000000	0.337361	0.000000	0.319387	0.000000	0.306518	0.000000	0.264947	0.000000	0.211800	0.000000	0.225741	0.034100	0.220197	0.361600	0.216692	0.545600	124.360000	137.792000	137.063000	147.595000	157.722000	176.416000	194.615000	169.226000	135.504000	146.191000	142.971000	139.201000	0.275865	0.742700	0.340200	0.951800	0.353552	0.744600	0.464184	0.640100	0.332476	0.603600	0.388719	0.264300	0.394077	0.008600	0.447264	0.000000	0.506318	0.000000	0.544741	0.000000	0.537595	0.000000	0.534157	0.000000	0.528343	0.000000	0.471975	0.000000	4.446360	0.000000	0.471435	0.381683	0.000000	0.000000	3.379710	1.486950	2.790880	0.000000	0.000000	0.000000	0.000000	5852.250000	377.481000	326.758000	156.904000	5.909110	0.000000	3.668580	1.961390	1.636960	1.235940	0.199012	
   76	129.000000	114.490000	114.490000	113.050000	113.120000	114.160000	123.450000	155.640000	165.500000	157.500000	139.500000	125.000000	119.310000	121.600000	130.000000	134.760000	141.000000	158.660000	167.620000	170.000000	179.070000	165.200000	150.000000	136.100000	8.680000	13.200000	13.200000	15.000000	15.000000	12.120000	12.600000	8.560000	9.320000	9.840000	8.560000	11.400000	11.280000	11.520000	10.440000	15.680000	8.320000	8.360000	5.160000	5.160000	5.160000	5.160000	5.160000	8.000000	133.000000	83.378500	70.210200	56.040100	53.185700	63.502200	96.678600	146.083000	152.190000	136.350000	95.976800	68.005000	65.073600	75.862500	67.286400	80.675400	147.554000	163.046000	180.073000	164.398000	159.413000	185.479000	169.544000	154.959000	129.870000	153.193000	148.194000	137.261000	132.197000	122.078000	117.137000	144.094000	143.846000	140.536000	89.347500	85.640300	99.023800	103.209000	103.767000	111.699000	142.450000	144.117000	142.266000	153.522000	146.844000	151.360000	129.722000	113.258000	0.144000	0.000000	0.374366	0.000000	0.405250	0.000000	0.295523	0.000000	0.287026	0.000000	0.284158	0.000000	0.267561	0.000000	0.257535	0.018700	0.256871	0.271700	0.262154	0.547200	124.360000	153.106000	158.044000	168.418000	189.370000	194.922000	185.981000	149.097000	115.202000	142.914000	140.157000	124.574000	0.282218	0.918500	0.331089	1.008300	0.378441	0.643000	0.399410	0.517300	0.406754	0.398900	0.416929	0.189300	0.452692	0.006500	0.503381	0.000000	0.557953	0.000000	0.591408	0.000000	0.613875	0.000000	0.615525	0.000000	0.581616	0.000000	0.534355	0.000000	4.446360	0.289579	0.863055	0.557959	0.000000	1.555920	3.194790	1.484250	2.725790	0.000000	0.000000	0.000000	0.000000	6181.960000	388.177000	347.459000	163.225000	5.637550	24.298800	3.438300	2.028720	1.592790	1.228960	0.046042	
   77	129.000000	114.490000	114.490000	113.050000	113.120000	114.160000	123.450000	155.640000	165.500000	157.500000	139.500000	125.000000	119.310000	121.600000	130.000000	134.760000	141.000000	158.660000	167.620000	170.000000	179.070000	165.200000	150.000000	136.100000	8.680000	13.200000	13.200000	15.000000	15.000000	12.120000	12.600000	8.560000	9.320000	9.840000	8.560000	11.400000	11.280000	11.520000	10.440000	15.680000	8.320000	8.360000	5.160000	5.160000	5.160000	5.160000	5.160000	8.000000	133.000000	73.473700	56.051100	45.417500	47.240900	54.125400	91.066900	126.270000	156.650000	131.878000	87.048400	65.523100	54.830400	74.248600	58.201500	78.559700	145.679000	161.199000	184.138000	155.165000	152.347000	178.758000	172.632000	154.832000	129.870000	138.574000	131.557000	129.970000	120.887000	115.148000	110.802000	132.854000	142.455000	141.040000	127.773000	90.729900	94.740600	103.912000	103.949000	116.583000	141.876000	138.616000	143.238000	143.174000	141.448000	137.944000	132.586000	104.844000	0.144000	0.000000	0.309915	0.000000	0.301025	0.000000	0.267761	0.000000	0.238859	0.000000	0.243883	0.000000	0.220019	0.000000	0.206278	0.023700	0.250403	0.233800	0.227999	0.508900	124.360000	141.584000	138.975000	153.887000	163.069000	178.185000	170.045000	163.010000	139.652000	150.910000	145.355000	140.244000	0.210336	0.729000	0.269303	0.774700	0.326511	0.684300	0.347927	0.596800	0.380259	0.444000	0.367409	0.213900	0.446289	0.004500	0.515010	0.000000	0.542172	0.000000	0.576754	0.000000	0.576359	0.000000	0.567280	0.000000	0.580948	0.000000	0.557425	0.000000	4.446360	0.271360	0.905347	0.000000	0.000000	0.746113	3.981840	1.809280	2.442970	0.000000	0.000000	8.309390	0.000000	5725.460000	381.662000	332.495000	132.202000	5.980730	0.000000	3.393760	1.893250	1.357910	1.033850	0.274428	
   78	129.000000	114.490000	114.490000	113.050000	113.120000	114.160000	123.450000	155.640000	165.500000	157.500000	139.500000	125.000000	119.310000	121.600000	130.000000	134.760000	141.000000	158.660000	167.620000	170.000000	179.070000	165.200000	150.000000	136.100000	8.680000	13.200000	13.200000	15.000000	15.000000	12.120000	12.600000	8.560000	9.320000	9.840000	8.560000	11.400000	11.280000	11.520000	10.440000	15.680000	8.320000	8.360000	5.160000	5.160000	5.160000	5.160000	5.160000	8.000000	133.000000	73.473700	56.051100	45.417500	47.240900	54.125400	91.066900	126.270000	156.650000	131.878000	87.048400	65.523100	54.830400	74.248600	58.201500	78.559700	145.679000	161.199000	184.138000	155.165000	152.347000	178.758000	172.632000	154.832000	129.870000	138.574000	131.557000	129.970000	120.887000	115.148000	110.802000	132.854000	142.455000	141.040000	127.773000	90.729900	94.740600	103.912000	103.949000	116.583000	141.876000	138.616000	143.238000	143.174000	141.448000	137.944000	132.586000	104.844000	0.144000	0.000000	0.309915	0.000000	0.301025	0.000000	0.267761	0.000000	0.238859	0.000000	0.243883	0.000000	0.220019	0.000000	0.206278	0.023700	0.250403	0.233800	0.227999	0.508900	124.360000	141.584000	138.975000	153.887000	163.069000	178.185000	170.045000	163.010000	139.652000	150.910000	145.355000	140.244000	0.210336	0.729000	0.269303	0.774700	0.326511	0.684300	0.347927	0.596800	0.380259	0.444000	0.367409	0.213900	0.446289	0.004500	0.515010	0.000000	0.542172	0.000000	0.576754	0.000000	0.576359	0.000000	0.567280	0.000000	0.580948	0.000000	0.557425	0.000000	4.446360	0.271360	0.905347	0.000000	0.000000	0.746113	3.981840	1.809280	2.442970	0.000000	0.000000	8.309390	0.000000	5725.460000	381.662000	332.495000	132.202000	5.980730	0.000000	3.393760	1.893250	1.357910	1.033850	0.274428	
   79	129.000000	114.490000	114.490000	113.050000	113.120000	114.160000	123.450000	155.640000	165.500000	157.500000	139.500000	125.000000	119.310000	121.600000	130.000000	134.760000	141.000000	158.660000	167.620000	170.000000	179.070000	165.200000	150.000000	136.100000	8.680000	13.200000	13.200000	15.000000	15.000000	12.120000	12.600000	8.560000	9.320000	9.840000	8.560000	11.400000	11.280000	11.520000	10.440000	15.680000	8.320000	8.360000	5.160000	5.160000	5.160000	5.160000	5.160000	8.000000	133.000000	83.378500	70.210200	56.040100	53.185700	63.502200	96.678600	146.083000	152.190000	136.350000	95.976800	68.005000	65.073600	75.862500	67.286400	80.675400	147.554000	163.046000	180.073000	164.398000	159.413000	185.479000	169.544000	154.959000	129.870000	147.629000	139.062000	136.281000	132.693000	111.769000	111.310000	129.416000	155.702000	146.825000	131.493000	128.533000	126.268000	130.885000	125.511000	124.229000	153.476000	156.603000	146.393000	157.975000	128.875000	135.167000	126.674000	84.314200	0.144000	0.000000	0.322145	0.000000	0.346473	0.000000	0.348143	0.000000	0.339288	0.000000	0.332752	0.000000	0.330107	0.000000	0.327691	0.052600	0.317101	0.283600	0.308915	0.651300	124.360000	186.029000	189.126000	195.278000	197.070000	203.143000	191.048000	199.673000	176.848000	169.642000	159.808000	139.009000	0.311617	0.913500	0.323342	0.788900	0.333174	0.713600	0.340894	1.197300	0.344694	0.890400	0.326392	0.205600	0.319176	0.005100	0.366320	0.000000	0.417253	0.000000	0.449188	0.000000	0.464798	0.000000	0.467807	0.000000	0.451108	0.000000	0.651974	0.000000	4.446360	0.000000	0.427385	0.000000	0.259616	0.173395	3.375340	1.806960	3.115630	0.000000	0.000000	0.000000	0.000000	5743.490000	369.174000	329.589000	144.496000	6.542830	1.801410	3.898080	2.143020	1.594460	1.392540	0.167546	
   80	129.000000	114.490000	114.490000	113.050000	113.120000	114.160000	123.450000	155.640000	165.500000	157.500000	139.500000	125.000000	119.310000	121.600000	130.000000	134.760000	141.000000	158.660000	167.620000	170.000000	179.070000	165.200000	150.000000	136.100000	8.680000	13.200000	13.200000	15.000000	15.000000	12.120000	12.600000	8.560000	9.320000	9.840000	8.560000	11.400000	11.280000	11.520000	10.440000	15.680000	8.320000	8.360000	5.160000	5.160000	5.160000	5.160000	5.160000	8.000000	133.000000	72.908500	55.857200	41.759700	43.963800	52.489900	88.659700	131.110000	138.525000	119.735000	79.968100	66.949700	66.621600	79.052200	69.309700	84.226500	156.251000	167.059000	185.259000	159.680000	162.705000	185.704000	172.510000	152.858000	129.870000	144.446000	130.150000	134.883000	118.351000	90.772600	105.153000	128.128000	125.448000	121.112000	112.999000	102.564000	111.042000	130.648000	129.799000	144.215000	168.310000	167.695000	156.266000	152.639000	132.313000	133.585000	131.678000	119.497000	0.144000	0.000000	0.345568	0.000000	0.337361	0.000000	0.319387	0.000000	0.306518	0.000000	0.264947	0.000000	0.211800	0.000000	0.225741	0.034100	0.220197	0.361600	0.216692	0.545600	124.360000	137.792000	137.063000	147.595000	157.722000	176.416000	194.615000	169.226000	135.504000	146.191000	142.971000	139.201000	0.275865	0.742700	0.340200	0.951800	0.353552	0.744600	0.464184	0.640100	0.332476	0.603600	0.388719	0.264300	0.394077	0.008600	0.447264	0.000000	0.506318	0.000000	0.544741	0.000000	0.537595	0.000000	0.534157	0.000000	0.528343	0.000000	0.471975	0.000000	4.446360	0.000000	0.482385	0.000000	0.114722	0.285035	3.367380	1.420750	3.012560	0.000000	0.121093	3.699690	0.000000	5663.180000	340.541000	303.419000	155.828000	5.422080	0.000000	3.230620	2.192830	1.631190	1.296210	0.000000	
   81	129.000000	114.490000	114.490000	113.050000	113.120000	114.160000	123.450000	155.640000	165.500000	157.500000	139.500000	125.000000	119.310000	121.600000	130.000000	134.760000	141.000000	158.660000	167.620000	170.000000	179.070000	165.200000	150.000000	136.100000	8.680000	13.200000	13.200000	15.000000	15.000000	12.120000	12.600000	8.560000	9.320000	9.840000	8.560000	11.400000	11.280000	11.520000	10.440000	15.680000	8.320000	8.360000	5.160000	5.160000	5.160000	5.160000	5.160000	8.000000	133.000000	72.908500	55.857200	41.759700	43.963800	52.489900	88.659700	131.110000	138.525000	119.735000	79.968100	66.949700	66.621600	79.052200	69.309700	84.226500	156.251000	167.059000	185.259000	159.680000	162.705000	185.704000	172.510000	152.858000	129.870000	144.446000	130.150000	134.883000	118.351000	90.772600	105.153000	128.128000	125.448000	121.112000	112.999000	102.564000	111.042000	130.648000	129.799000	144.215000	168.310000	167.695000	156.266000	152.639000	132.313000	133.585000	131.678000	119.497000	0.144000	0.000000	0.345568	0.000000	0.337361	0.000000	0.319387	0.000000	0.306518	0.000000	0.264947	0.000000	0.211800	0.000000	0.225741	0.034100	0.220197	0.361600	0.216692	0.545600	124.360000	137.792000	137.063000	147.595000	157.722000	176.416000	194.615000	169.226000	135.504000	146.191000	142.971000	139.201000	0.275865	0.742700	0.340200	0.951800	0.353552	0.744600	0.464184	0.640100	0.332476	0.603600	0.388719	0.264300	0.394077	0.008600	0.447264	0.000000	0.506318	0.000000	0.544741	0.000000	0.537595	0.000000	0.534157	0.000000	0.528343	0.000000	0.471975	0.000000	4.446360	0.482631	0.709952	0.439617	0.393953	0.000000	3.376960	2.071850	1.670750	0.018701	0.000000	0.000000	0.000000	5885.800000	375.511000	315.159000	132.231000	8.091090	33.560300	3.318540	1.878780	1.694250	1.563480	0.674192	
   82	129.000000	114.490000	114.490000	113.050000	113.120000	114.160000	123.450000	155.640000	165.500000	157.500000	139.500000	125.000000	119.310000	121.600000	130.000000	134.760000	141.000000	158.660000	167.620000	170.000000	179.070000	165.200000	150.000000	136.100000	8.680000	13.200000	13.200000	15.000000	15.000000	12.120000	12.600000	8.560000	9.320000	9.840000	8.560000	11.400000	11.280000	11.520000	10.440000	15.680000	8.320000	8.360000	5.160000	5.160000	5.160000	5.160000	5.160000	8.000000	133.000000	73.473700	56.051100	45.417500	47.240900	54.125400	91.066900	126.270000	156.650000	131.878000	87.048400	65.523100	54.830400	74.248600	58.201500	78.559700	145.679000	161.199000	184.138000	155.165000	152.347000	178.758000	172.632000	154.832000	129.870000	138.574000	131.557000	129.970000	120.887000	115.148000	110.802000	132.854000	142.455000	141.040000	127.773000	90.729900	94.740600	103.912000	103.949000	116.583000	141.876000	138.616000	143.238000	143.174000	141.448000	137.944000	132.586000	104.844000	0.144000	0.000000	0.309915	0.000000	0.301025	0.000000	0.267761	0.000000	0.238859	0.000000	0.243883	0.000000	0.220019	0.000000	0.206278	0.023700	0.250403	0.233800	0.227999	0.508900	124.360000	141.584000	138.975000	153.887000	163.069000	178.185000	170.045000	163.010000	139.652000	150.910000	145.355000	140.244000	0.210336	0.729000	0.269303	0.774700	0.326511	0.684300	0.347927	0.596800	0.380259	0.444000	0.367409	0.213900	0.446289	0.004500	0.515010	0.000000	0.542172	0.000000	0.576754	0.000000	0.576359	0.000000	0.567280	0.000000	0.580948	0.000000	0.557425	0.000000	4.446360	0.271360	0.905347	0.000000	0.000000	0.746113	3.981840	1.809280	2.442970	0.000000	0.000000	8.309390	0.000000	5725.460000	381.662000	332.495000	132.202000	5.980730	0.000000	3.393760	1.893250	1.357910	1.033850	0.274428	
   83	129.000000	114.490000	114.490000	113.050000	113.120000	114.160000	123.450000	155.640000	165.500000	157.500000	139.500000	125.000000	119.310000	121.600000	130.000000	134.760000	141.000000	158.660000	167.620000	170.000000	179.070000	165.200000	150.000000	136.100000	8.680000	13.200000	13.200000	15.000000	15.000000	12.120000	12.600000	8.560000	9.320000	9.840000	8.560000	11.400000	11.280000	11.520000	10.440000	15.680000	8.320000	8.360000	5.160000	5.160000	5.160000	5.160000	5.160000	8.000000	133.000000	73.473700	56.051100	45.417500	47.240900	54.125400	91.066900	126.270000	156.650000	131.878000	87.048400	65.523100	54.830400	74.248600	58.201500	78.559700	145.679000	161.199000	184.138000	155.165000	152.347000	178.758000	172.632000	154.832000	129.870000	138.574000	131.557000	129.970000	120.887000	115.148000	110.802000	132.854000	142.455000	141.040000	127.773000	90.729900	94.740600	103.912000	103.949000	116.583000	141.876000	138.616000	143.238000	143.174000	141.448000	137.944000	132.586000	104.844000	0.144000	0.000000	0.309915	0.000000	0.301025	0.000000	0.267761	0.000000	0.238859	0.000000	0.243883	0.000000	0.220019	0.000000	0.206278	0.023700	0.250403	0.233800	0.227999	0.508900	124.360000	141.584000	138.975000	153.887000	163.069000	178.185000	170.045000	163.010000	139.652000	150.910000	145.355000	140.244000	0.210336	0.729000	0.269303	0.774700	0.326511	0.684300	0.347927	0.596800	0.380259	0.444000	0.367409	0.213900	0.446289	0.004500	0.515010	0.000000	0.542172	0.000000	0.576754	0.000000	0.576359	0.000000	0.567280	0.000000	0.580948	0.000000	0.557425	0.000000	4.446360	0.271360	0.905347	0.000000	0.000000	0.746113	3.981840	1.809280	2.442970	0.000000	0.000000	8.309390	0.000000	5725.460000	381.662000	332.495000	132.202000	5.980730	0.000000	3.393760	1.893250	1.357910	1.033850	0.274428	
   84	129.000000	114.490000	114.490000	113.050000	113.120000	114.160000	123.450000	155.640000	165.500000	157.500000	139.500000	125.000000	119.310000	121.600000	130.000000	134.760000	141.000000	158.660000	167.620000	170.000000	179.070000	165.200000	150.000000	136.100000	8.680000	13.200000	13.200000	15.000000	15.000000	12.120000	12.600000	8.560000	9.320000	9.840000	8.560000	11.400000	11.280000	11.520000	10.440000	15.680000	8.320000	8.360000	5.160000	5.160000	5.160000	5.160000	5.160000	8.000000	133.000000	73.473700	56.051100	45.417500	47.240900	54.125400	91.066900	126.270000	156.650000	131.878000	87.048400	65.523100	54.830400	74.248600	58.201500	78.559700	145.679000	161.199000	184.138000	155.165000	152.347000	178.758000	172.632000	154.832000	129.870000	138.574000	131.557000	129.970000	120.887000	115.148000	110.802000	132.854000	142.455000	141.040000	127.773000	90.729900	94.740600	103.912000	103.949000	116.583000	141.876000	138.616000	143.238000	143.174000	141.448000	137.944000	132.586000	104.844000	0.144000	0.000000	0.309915	0.000000	0.301025	0.000000	0.267761	0.000000	0.238859	0.000000	0.243883	0.000000	0.220019	0.000000	0.206278	0.023700	0.250403	0.233800	0.227999	0.508900	124.360000	141.584000	138.975000	153.887000	163.069000	178.185000	170.045000	163.010000	139.652000	150.910000	145.355000	140.244000	0.210336	0.729000	0.269303	0.774700	0.326511	0.684300	0.347927	0.596800	0.380259	0.444000	0.367409	0.213900	0.446289	0.004500	0.515010	0.000000	0.542172	0.000000	0.576754	0.000000	0.576359	0.000000	0.567280	0.000000	0.580948	0.000000	0.557425	0.000000	4.446360	0.271360	0.905347	0.000000	0.000000	0.746113	3.981840	1.809280	2.442970	0.000000	0.000000	8.309390	0.000000	5725.460000	381.662000	332.495000	132.202000	5.980730	0.000000	3.393760	1.893250	1.357910	1.033850	0.274428	
   85	129.000000	114.490000	114.490000	113.050000	113.120000	114.160000	123.450000	155.640000	165.500000	157.500000	139.500000	125.000000	119.310000	121.600000	130.000000	134.760000	141.000000	158.660000	167.620000	170.000000	179.070000	165.200000	150.000000	136.100000	8.680000	13.200000	13.200000	15.000000	15.000000	12.120000	12.600000	8.560000	9.320000	9.840000	8.560000	11.400000	11.280000	11.520000	10.440000	15.680000	8.320000	8.360000	5.160000	5.160000	5.160000	5.160000	5.160000	8.000000	133.000000	83.378500	70.210200	56.040100	53.185700	63.502200	96.678600	146.083000	152.190000	136.350000	95.976800	68.005000	65.073600	75.862500	67.286400	80.675400	147.554000	163.046000	180.073000	164.398000	159.413000	185.479000	169.544000	154.959000	129.870000	143.986000	128.180000	125.390000	136.932000	114.967000	117.624000	148.914000	143.298000	143.205000	121.577000	122.459000	121.873000	126.512000	147.658000	147.778000	170.692000	168.555000	152.007000	158.449000	134.217000	136.678000	132.407000	122.823000	0.144000	0.000000	0.332390	0.000000	0.321989	0.000000	0.280541	0.000000	0.201007	0.000000	0.199281	0.000000	0.211800	0.000000	0.225741	0.045900	0.220197	0.301500	0.216692	0.676200	124.360000	142.602000	139.278000	153.038000	154.318000	179.394000	178.560000	173.170000	141.519000	148.986000	145.387000	135.773000	0.226064	0.998300	0.264984	0.686200	0.358247	1.030000	0.464184	0.603300	0.547597	0.402600	0.530781	0.137300	0.584474	0.006500	0.698866	0.000000	0.785859	0.000000	0.837168	0.000000	0.871574	0.000000	0.901891	0.000000	0.878248	0.000000	0.849547	0.000000	4.446360	0.171265	0.837739	1.311150	0.393953	0.000000	3.376960	2.071850	1.670750	0.018701	0.000000	0.000000	0.000000	5885.800000	375.511000	315.159000	178.978000	9.739930	0.000000	3.688290	2.195120	1.536740	1.495530	0.445865	
   86	129.000000	114.490000	114.490000	113.050000	113.120000	114.160000	123.450000	155.640000	165.500000	157.500000	139.500000	125.000000	119.310000	121.600000	130.000000	134.760000	141.000000	158.660000	167.620000	170.000000	179.070000	165.200000	150.000000	136.100000	8.680000	13.200000	13.200000	15.000000	15.000000	12.120000	12.600000	8.560000	9.320000	9.840000	8.560000	11.400000	11.280000	11.520000	10.440000	15.680000	8.320000	8.360000	5.160000	5.160000	5.160000	5.160000	5.160000	8.000000	133.000000	83.378500	70.210200	55.323700	54.550600	56.417400	86.282300	141.270000	141.631000	107.299000	87.048400	65.523100	54.830400	74.248600	58.201500	78.559700	145.679000	161.199000	184.138000	155.165000	152.347000	178.758000	172.632000	154.832000	129.870000	132.719000	145.926000	131.192000	129.453000	113.196000	107.878000	131.751000	122.383000	115.726000	91.302300	80.167900	95.663300	103.839000	102.021000	106.867000	125.301000	127.500000	108.999000	125.232000	120.877000	138.744000	121.553000	102.947000	0.144000	0.000000	0.242718	0.000000	0.356946	0.000000	0.344843	0.000000	0.304035	0.000000	0.269346	0.000000	0.237538	0.000000	0.328403	0.024800	0.305769	0.331200	0.266433	0.544200	124.360000	142.051000	140.161000	153.337000	152.250000	179.911000	177.101000	165.711000	148.556000	147.143000	144.676000	136.627000	0.218832	0.681300	0.184476	1.009400	0.170450	1.070900	0.171785	0.699700	0.189352	0.705700	0.212299	0.299200	0.241375	0.013000	0.268045	0.000000	0.307004	0.000000	0.339795	0.000000	0.364141	0.000000	0.383491	0.000000	0.822715	0.000000	0.778220	0.000000	4.446360	0.000000	0.171731	0.530270	0.968665	2.301620	4.777970	2.968470	2.088710	0.000000	0.000000	0.000000	0.000000	5802.380000	370.940000	339.239000	157.537000	0.000000	8.102480	3.374480	1.709920	1.868380	1.508580	0.463569	
   87	129.000000	114.490000	114.490000	113.050000	113.120000	114.160000	123.450000	155.640000	165.500000	157.500000	139.500000	125.000000	119.310000	121.600000	130.000000	134.760000	141.000000	158.660000	167.620000	170.000000	179.070000	165.200000	150.000000	136.100000	8.680000	13.200000	13.200000	15.000000	15.000000	12.120000	12.600000	8.560000	9.320000	9.840000	8.560000	11.400000	11.280000	11.520000	10.440000	15.680000	8.320000	8.360000	5.160000	5.160000	5.160000	5.160000	5.160000	8.000000	133.000000	72.908500	55.857200	41.759700	43.963800	52.489900	88.659700	131.110000	138.525000	119.735000	79.968100	66.949700	66.621600	79.052200	69.309700	84.226500	156.251000	167.059000	185.259000	159.680000	162.705000	185.704000	172.510000	152.858000	129.870000	144.446000	130.150000	134.883000	118.351000	90.772600	105.153000	128.128000	125.448000	121.112000	112.999000	102.564000	111.042000	130.648000	129.799000	144.215000	168.310000	167.695000	156.266000	152.639000	132.313000	133.585000	131.678000	119.497000	0.144000	0.000000	0.345568	0.000000	0.337361	0.000000	0.319387	0.000000	0.306518	0.000000	0.264947	0.000000	0.211800	0.000000	0.225741	0.034100	0.220197	0.361600	0.216692	0.545600	124.360000	137.792000	137.063000	147.595000	157.722000	176.416000	194.615000	169.226000	135.504000	146.191000	142.971000	139.201000	0.275865	0.742700	0.340200	0.951800	0.353552	0.744600	0.464184	0.640100	0.332476	0.603600	0.388719	0.264300	0.394077	0.008600	0.447264	0.000000	0.506318	0.000000	0.544741	0.000000	0.537595	0.000000	0.534157	0.000000	0.528343	0.000000	0.471975	0.000000	4.446360	0.358810	0.577112	0.606963	0.000000	0.000000	3.540930	2.112990	3.491730	0.000000	0.000000	102.445000	59.814800	7463.340000	327.449000	288.940000	115.615000	6.304270	12.426000	3.437470	2.133420	1.627210	1.077720	0.323670	
   88	129.000000	114.490000	114.490000	113.050000	113.120000	114.160000	123.450000	155.640000	165.500000	157.500000	139.500000	125.000000	119.310000	121.600000	130.000000	134.760000	141.000000	158.660000	167.620000	170.000000	179.070000	165.200000	150.000000	136.100000	8.680000	13.200000	13.200000	15.000000	15.000000	12.120000	12.600000	8.560000	9.320000	9.840000	8.560000	11.400000	11.280000	11.520000	10.440000	15.680000	8.320000	8.360000	5.160000	5.160000	5.160000	5.160000	5.160000	8.000000	133.000000	83.378500	70.210200	56.040100	53.185700	63.502200	96.678600	146.083000	152.190000	136.350000	95.976800	68.005000	65.073600	75.862500	67.286400	80.675400	147.554000	163.046000	180.073000	164.398000	159.413000	185.479000	169.544000	154.959000	129.870000	139.272000	132.314000	123.387000	119.595000	104.863000	107.186000	128.491000	137.909000	125.749000	126.702000	105.435000	86.191300	99.978600	101.468000	99.054700	125.225000	165.991000	142.668000	141.363000	126.316000	137.899000	137.212000	115.901000	0.144000	0.000000	0.301553	0.000000	0.332756	0.000000	0.343226	0.000000	0.225629	0.000000	0.236801	0.000000	0.231697	0.000000	0.209466	0.035800	0.195122	0.262000	0.198701	0.538500	124.360000	153.495000	146.055000	148.010000	138.007000	179.053000	179.308000	163.150000	146.337000	196.587000	155.594000	146.663000	0.208189	0.438100	0.217706	0.539200	0.255114	0.559800	0.313621	0.304300	0.362716	0.283400	0.371359	0.166100	0.455128	0.008400	0.606646	0.000000	0.750262	0.000000	0.859524	0.000000	0.918807	0.000000	0.945780	0.000000	0.368308	0.000000	0.371985	0.000000	4.446360	0.405265	0.987658	0.000000	0.128852	0.976454	3.706140	1.464530	2.781080	0.000000	0.000000	8.104480	0.000000	5677.180000	369.551000	322.592000	142.095000	6.928530	0.000000	3.070870	1.973340	1.545840	1.525160	0.415462	
   89	129.000000	114.490000	114.490000	113.050000	113.120000	114.160000	123.450000	155.640000	165.500000	157.500000	139.500000	125.000000	119.310000	121.600000	130.000000	134.760000	141.000000	158.660000	167.620000	170.000000	179.070000	165.200000	150.000000	136.100000	8.680000	13.200000	13.200000	15.000000	15.000000	12.120000	12.600000	8.560000	9.320000	9.840000	8.560000	11.400000	11.280000	11.520000	10.440000	15.680000	8.320000	8.360000	5.160000	5.160000	5.160000	5.160000	5.160000	8.000000	133.000000	81.196700	64.110600	52.152300	50.452700	64.228700	92.957300	145.040000	150.637000	117.994000	81.913800	60.966400	48.732500	65.718900	61.151900	71.123200	148.724000	165.327000	185.975000	151.562000	160.089000	195.363000	180.191000	163.471000	129.870000	145.646000	130.214000	123.365000	119.998000	104.527000	111.387000	137.983000	141.327000	137.761000	111.062000	104.030000	106.494000	112.311000	119.320000	129.047000	167.206000	166.424000	153.857000	148.081000	131.164000	141.706000	128.634000	110.583000	0.144000	0.000000	0.325402	0.000000	0.318651	0.000000	0.280541	0.000000	0.274260	0.000000	0.276660	0.000000	0.282512	0.000000	0.275660	0.050500	0.410701	0.301300	0.422962	0.343900	124.360000	100.932000	101.725000	151.072000	154.147000	171.327000	156.511000	167.553000	145.500000	156.114000	144.611000	133.452000	0.438573	0.655500	0.470990	0.627200	0.492436	0.782600	0.491411	0.634300	0.479838	0.589100	0.493564	0.425700	0.550994	0.009700	0.577790	0.000000	0.629842	0.000000	0.668409	0.000000	0.677896	0.000000	0.650716	0.000000	0.603354	0.000000	0.552273	0.000000	4.446360	0.000000	0.532812	0.424418	0.000000	0.027138	3.382790	1.731420	2.637030	0.000000	0.000000	21.068500	17.325800	5579.030000	368.977000	339.419000	121.431000	7.364350	5.269370	4.112590	2.126400	1.620690	1.294130	0.089557	
   90	129.000000	114.490000	114.490000	113.050000	113.120000	114.160000	123.450000	155.640000	165.500000	157.500000	139.500000	125.000000	119.310000	121.600000	130.000000	134.760000	141.000000	158.660000	167.620000	170.000000	179.070000	165.200000	150.000000	136.100000	8.680000	13.200000	13.200000	15.000000	15.000000	12.120000	12.600000	8.560000	9.320000	9.840000	8.560000	11.400000	11.280000	11.520000	10.440000	15.680000	8.320000	8.360000	5.160000	5.160000	5.160000	5.160000	5.160000	8.000000	133.000000	83.378500	70.210200	56.040100	53.185700	63.502200	96.678600	146.083000	152.190000	136.350000	95.976800	68.005000	65.073600	75.862500	67.286400	80.675400	147.554000	163.046000	180.073000	164.398000	159.413000	185.479000	169.544000	154.959000	129.870000	143.878000	143.301000	132.800000	131.045000	106.325000	106.534000	129.045000	132.539000	117.954000	105.455000	107.025000	110.220000	114.103000	114.658000	125.842000	141.997000	146.130000	139.214000	133.290000	131.681000	129.697000	120.922000	111.989000	0.144000	0.000000	0.212966	0.000000	0.201221	0.000000	0.193040	0.000000	0.193196	0.000000	0.189174	0.000000	0.201078	0.000000	0.201658	0.030500	0.144183	0.395700	0.114005	0.829600	124.360000	155.739000	156.146000	173.850000	152.092000	177.427000	152.270000	159.416000	157.077000	182.412000	145.235000	144.317000	0.208189	0.862900	0.217706	0.936400	0.255114	1.255400	0.313621	0.731600	0.362716	0.533400	0.371359	0.195500	0.455128	0.006800	0.606646	0.000000	0.750262	0.000000	0.859524	0.000000	0.918807	0.000000	0.945780	0.000000	0.932308	0.000000	0.907853	0.000000	4.446360	0.000000	0.000000	0.743833	0.128852	0.976454	3.706140	1.464530	2.781080	0.000000	0.000000	8.104480	0.000000	5677.180000	369.551000	322.592000	142.095000	6.928530	0.000000	3.070870	1.973340	1.545840	1.372120	0.289776	
   91	129.000000	114.490000	114.490000	113.050000	113.120000	114.160000	123.450000	155.640000	165.500000	157.500000	139.500000	125.000000	119.310000	121.600000	130.000000	134.760000	141.000000	158.660000	167.620000	170.000000	179.070000	165.200000	150.000000	136.100000	8.680000	13.200000	13.200000	15.000000	15.000000	12.120000	12.600000	8.560000	9.320000	9.840000	8.560000	11.400000	11.280000	11.520000	10.440000	15.680000	8.320000	8.360000	5.160000	5.160000	5.160000	5.160000	5.160000	8.000000	133.000000	83.378500	70.210200	55.323700	54.550600	56.417400	86.282300	141.270000	141.631000	107.299000	87.048400	65.523100	54.830400	74.248600	58.201500	78.559700	145.679000	161.199000	184.138000	155.165000	152.347000	178.758000	172.632000	154.832000	129.870000	143.878000	143.301000	132.800000	131.045000	106.325000	106.534000	133.551000	138.818000	124.389000	106.980000	104.625000	110.386000	122.314000	117.716000	118.170000	149.504000	146.844000	146.997000	130.505000	135.592000	154.104000	131.182000	101.819000	0.144000	0.000000	0.212966	0.000000	0.201221	0.000000	0.193040	0.000000	0.193196	0.000000	0.189174	0.000000	0.201078	0.000000	0.264338	0.023200	0.273883	0.387800	0.259453	0.611100	124.360000	139.314000	140.476000	146.333000	177.698000	201.238000	200.507000	185.166000	157.558000	199.447000	192.195000	175.092000	0.318567	0.714100	0.347670	0.991200	0.379940	0.752500	0.409541	0.476200	0.450127	0.603300	0.516507	0.228600	0.533264	0.005700	0.557822	0.000000	0.578810	0.000000	0.581469	0.000000	0.574499	0.000000	0.549413	0.000000	0.511688	0.000000	0.469752	0.000000	4.446360	0.000000	0.445070	0.072597	0.000000	0.094327	3.218520	1.922260	2.488240	0.056879	0.000000	18.356600	0.725304	5631.820000	351.012000	322.772000	153.790000	6.051000	0.000000	3.578280	1.836900	1.516120	1.171060	0.271853	
   92	129.000000	114.490000	114.490000	113.050000	113.120000	114.160000	123.450000	155.640000	165.500000	157.500000	139.500000	125.000000	119.310000	121.600000	130.000000	134.760000	141.000000	158.660000	167.620000	170.000000	179.070000	165.200000	150.000000	136.100000	8.680000	13.200000	13.200000	15.000000	15.000000	12.120000	12.600000	8.560000	9.320000	9.840000	8.560000	11.400000	11.280000	11.520000	10.440000	15.680000	8.320000	8.360000	5.160000	5.160000	5.160000	5.160000	5.160000	8.000000	133.000000	83.378500	70.210200	55.323700	54.550600	56.417400	86.282300	141.270000	141.631000	107.299000	87.048400	65.523100	54.830400	74.248600	58.201500	78.559700	145.679000	161.199000	184.138000	155.165000	152.347000	178.758000	172.632000	154.832000	129.870000	153.193000	148.194000	132.600000	133.130000	98.337500	106.609000	139.454000	136.581000	121.746000	116.581000	104.741000	109.534000	126.030000	115.773000	124.692000	149.331000	151.141000	142.549000	141.603000	135.688000	133.072000	131.122000	110.155000	0.144000	0.000000	0.327987	0.000000	0.327668	0.000000	0.319157	0.000000	0.306603	0.000000	0.285038	0.000000	0.248976	0.000000	0.252416	0.045300	0.194148	0.426000	0.125450	0.636400	124.360000	137.374000	102.619000	124.758000	151.175000	183.145000	180.908000	178.074000	140.304000	141.733000	136.744000	134.603000	0.237101	0.465500	0.267855	0.765400	0.326511	0.767800	0.363145	0.571200	0.354620	0.402000	0.355623	0.311000	0.406064	0.011700	0.456066	0.000000	0.482303	0.000000	0.518730	0.000000	0.526256	0.000000	0.505060	0.000000	0.494405	0.000000	0.531576	0.000000	4.446360	0.289579	0.863055	0.486373	0.000000	0.012977	3.397350	1.572080	2.567530	0.000000	0.000000	0.240045	0.000000	5676.480000	363.287000	342.181000	144.193000	6.527730	0.000000	3.685770	1.653560	1.557590	1.506780	0.411969	
   93	129.000000	114.490000	114.490000	113.050000	113.120000	114.160000	123.450000	155.640000	165.500000	157.500000	139.500000	125.000000	119.310000	121.600000	130.000000	134.760000	141.000000	158.660000	167.620000	170.000000	179.070000	165.200000	150.000000	136.100000	8.680000	13.200000	13.200000	15.000000	15.000000	12.120000	12.600000	8.560000	9.320000	9.840000	8.560000	11.400000	11.280000	11.520000	10.440000	15.680000	8.320000	8.360000	5.160000	5.160000	5.160000	5.160000	5.160000	8.000000	133.000000	73.473700	56.051100	45.417500	47.240900	54.125400	91.066900	126.270000	156.650000	131.878000	87.048400	65.523100	54.830400	74.248600	58.201500	78.559700	145.679000	161.199000	184.138000	155.165000	152.347000	178.758000	172.632000	154.832000	129.870000	138.574000	131.557000	129.970000	120.887000	115.148000	110.802000	132.854000	142.455000	141.040000	127.773000	90.729900	94.740600	103.912000	103.949000	116.583000	141.876000	138.616000	143.238000	143.174000	141.448000	137.944000	132.586000	104.844000	0.144000	0.000000	0.309915	0.000000	0.301025	0.000000	0.267761	0.000000	0.238859	0.000000	0.243883	0.000000	0.220019	0.000000	0.206278	0.023700	0.250403	0.233800	0.227999	0.508900	124.360000	141.584000	138.975000	153.887000	163.069000	178.185000	170.045000	163.010000	139.652000	150.910000	145.355000	140.244000	0.210336	0.729000	0.269303	0.774700	0.326511	0.684300	0.347927	0.596800	0.380259	0.444000	0.367409	0.213900	0.446289	0.004500	0.515010	0.000000	0.542172	0.000000	0.576754	0.000000	0.576359	0.000000	0.567280	0.000000	0.580948	0.000000	0.557425	0.000000	4.446360	0.271360	0.905347	0.000000	0.000000	0.746113	3.981840	1.809280	2.442970	0.000000	0.000000	8.309390	0.000000	5725.460000	381.662000	332.495000	132.202000	5.980730	0.000000	3.393760	1.893250	1.357910	1.033850	0.274428	
   94	129.000000	114.490000	114.490000	113.050000	113.120000	114.160000	123.450000	155.640000	165.500000	157.500000	139.500000	125.000000	119.310000	121.600000	130.000000	134.760000	141.000000	158.660000	167.620000	170.000000	179.070000	165.200000	150.000000	136.100000	8.680000	13.200000	13.200000	15.000000	15.000000	12.120000	12.600000	8.560000	9.320000	9.840000	8.560000	11.400000	11.280000	11.520000	10.440000	15.680000	8.320000	8.360000	5.160000	5.160000	5.160000	5.160000	5.160000	8.000000	133.000000	83.378500	70.210200	55.323700	54.550600	56.417400	86.282300	141.270000	141.631000	107.299000	87.048400	65.523100	54.830400	74.248600	58.201500	78.559700	145.679000	161.199000	184.138000	155.165000	152.347000	178.758000	172.632000	154.832000	129.870000	153.193000	148.194000	132.600000	133.130000	98.337500	106.609000	139.454000	136.581000	121.746000	116.581000	104.741000	109.534000	126.030000	115.773000	124.692000	149.331000	151.141000	142.549000	141.603000	135.688000	133.072000	131.122000	110.155000	0.144000	0.000000	0.327987	0.000000	0.327668	0.000000	0.319157	0.000000	0.306603	0.000000	0.285038	0.000000	0.248976	0.000000	0.252416	0.045300	0.194148	0.426000	0.125450	0.636400	124.360000	114.022000	114.074000	125.828000	128.723000	148.344000	145.929000	178.074000	140.304000	141.733000	136.744000	134.603000	0.080997	1.036800	0.075768	1.110100	0.093415	1.363100	0.098488	0.771700	0.399260	0.369200	0.435124	0.249400	0.480018	0.005900	0.515010	0.000000	0.542172	0.000000	0.575224	0.000000	0.563556	0.000000	0.512526	0.000000	0.446343	0.000000	0.405106	0.000000	4.446360	0.198724	1.077230	1.024170	0.000000	0.333002	3.804420	1.634920	3.571260	0.000000	0.000000	0.000000	0.000000	5573.580000	395.443000	338.086000	124.241000	7.586150	0.000000	2.914270	1.835070	1.414460	0.947489	0.063016	
   95	129.000000	114.490000	114.490000	113.050000	113.120000	114.160000	123.450000	155.640000	165.500000	157.500000	139.500000	125.000000	119.310000	121.600000	130.000000	134.760000	141.000000	158.660000	167.620000	170.000000	179.070000	165.200000	150.000000	136.100000	8.680000	13.200000	13.200000	15.000000	15.000000	12.120000	12.600000	8.560000	9.320000	9.840000	8.560000	11.400000	11.280000	11.520000	10.440000	15.680000	8.320000	8.360000	5.160000	5.160000	5.160000	5.160000	5.160000	8.000000	133.000000	72.908500	55.857200	41.759700	43.963800	52.489900	88.659700	131.110000	138.525000	119.735000	79.968100	66.949700	66.621600	79.052200	69.309700	84.226500	156.251000	167.059000	185.259000	159.680000	162.705000	185.704000	172.510000	152.858000	129.870000	144.446000	130.150000	134.883000	118.351000	90.772600	105.153000	128.128000	125.448000	121.112000	112.999000	102.564000	111.042000	130.648000	129.799000	144.215000	168.310000	167.695000	156.266000	152.639000	132.313000	133.585000	131.678000	119.497000	0.144000	0.000000	0.345568	0.000000	0.337361	0.000000	0.319387	0.000000	0.306518	0.000000	0.264947	0.000000	0.211800	0.000000	0.225741	0.034100	0.220197	0.361600	0.216692	0.545600	124.360000	137.792000	137.063000	147.595000	157.722000	176.416000	194.615000	169.226000	135.504000	146.191000	142.971000	139.201000	0.275865	0.742700	0.340200	0.951800	0.353552	0.744600	0.464184	0.640100	0.332476	0.603600	0.388719	0.264300	0.394077	0.008600	0.447264	0.000000	0.506318	0.000000	0.544741	0.000000	0.537595	0.000000	0.534157	0.000000	0.528343	0.000000	0.471975	0.000000	4.446360	0.013583	0.988631	0.000000	0.000000	1.264090	4.346150	2.747050	3.350770	1.041660	0.000000	8.403070	0.000000	5638.500000	347.213000	313.191000	158.871000	7.116890	8.185070	3.986030	2.381200	1.871000	1.684670	0.738619	
   96	129.000000	114.490000	114.490000	113.050000	113.120000	114.160000	123.450000	155.640000	165.500000	157.500000	139.500000	125.000000	119.310000	121.600000	130.000000	134.760000	141.000000	158.660000	167.620000	170.000000	179.070000	165.200000	150.000000	136.100000	8.680000	13.200000	13.200000	15.000000	15.000000	12.120000	12.600000	8.560000	9.320000	9.840000	8.560000	11.400000	11.280000	11.520000	10.440000	15.680000	8.320000	8.360000	5.160000	5.160000	5.160000	5.160000	5.160000	8.000000	133.000000	72.908500	55.857200	41.759700	43.963800	52.489900	88.659700	131.110000	138.525000	119.735000	79.968100	66.949700	66.621600	79.052200	69.309700	84.226500	156.251000	167.059000	185.259000	159.680000	162.705000	185.704000	172.510000	152.858000	129.870000	144.446000	130.150000	134.883000	118.351000	90.772600	105.153000	128.128000	125.448000	121.112000	112.999000	102.564000	111.042000	130.648000	129.799000	144.215000	168.310000	167.695000	156.266000	152.639000	132.313000	133.585000	131.678000	119.497000	0.144000	0.000000	0.345568	0.000000	0.337361	0.000000	0.319387	0.000000	0.306518	0.000000	0.264947	0.000000	0.211800	0.000000	0.225741	0.034100	0.220197	0.361600	0.216692	0.545600	124.360000	137.792000	137.063000	147.595000	157.722000	176.416000	194.615000	169.226000	135.504000	146.191000	142.971000	139.201000	0.275865	0.742700	0.340200	0.951800	0.353552	0.744600	0.464184	0.640100	0.332476	0.603600	0.388719	0.264300	0.394077	0.008600	0.447264	0.000000	0.506318	0.000000	0.544741	0.000000	0.537595	0.000000	0.534157	0.000000	0.528343	0.000000	0.471975	0.000000	4.446360	0.000000	0.494101	0.000000	4.157890	0.265082	3.046280	3.898270	4.787510	0.000000	0.000000	7.316580	0.000000	5693.610000	359.677000	313.490000	154.859000	4.754360	0.000000	3.177920	2.026660	1.530270	1.207470	0.172476	
   97	129.000000	114.490000	114.490000	113.050000	113.120000	114.160000	123.450000	155.640000	165.500000	157.500000	139.500000	125.000000	119.310000	121.600000	130.000000	134.760000	141.000000	158.660000	167.620000	170.000000	179.070000	165.200000	150.000000	136.100000	8.680000	13.200000	13.200000	15.000000	15.000000	12.120000	12.600000	8.560000	9.320000	9.840000	8.560000	11.400000	11.280000	11.520000	10.440000	15.680000	8.320000	8.360000	5.160000	5.160000	5.160000	5.160000	5.160000	8.000000	133.000000	81.196700	64.110600	52.152300	50.452700	64.228700	92.957300	145.040000	150.637000	117.994000	81.913800	60.966400	48.732500	65.718900	61.151900	71.123200	148.724000	165.327000	185.975000	151.562000	160.089000	195.363000	180.191000	163.471000	129.870000	145.646000	130.214000	123.365000	119.998000	104.527000	111.387000	137.983000	141.327000	137.761000	111.062000	104.030000	106.494000	112.311000	119.320000	129.047000	167.206000	166.424000	153.857000	148.081000	131.164000	141.706000	128.634000	110.583000	0.144000	0.000000	0.325402	0.000000	0.318651	0.000000	0.280541	0.000000	0.287171	0.000000	0.332408	0.000000	0.309368	0.000000	0.328403	0.020000	0.305769	0.195600	0.285445	0.500200	124.360000	135.836000	132.927000	142.842000	154.914000	182.754000	182.748000	167.618000	159.570000	168.839000	149.147000	139.600000	0.256677	0.606900	0.175223	0.694900	0.135319	0.820700	0.214823	0.442400	0.254519	0.346100	0.212299	0.245500	0.409190	0.005400	0.467937	0.000000	0.352687	0.000000	0.364723	0.000000	0.563556	0.000000	0.512526	0.000000	0.402211	0.000000	0.371469	0.000000	4.446360	0.000000	0.555323	0.729469	0.000000	0.000000	3.423360	1.209480	2.209510	0.000000	0.000000	0.000000	0.000000	5790.450000	364.366000	344.633000	132.980000	5.538790	0.000000	3.797440	2.316750	1.818280	1.629590	0.765440	
   98	129.000000	114.490000	114.490000	113.050000	113.120000	114.160000	123.450000	155.640000	165.500000	157.500000	139.500000	125.000000	119.310000	121.600000	130.000000	134.760000	141.000000	158.660000	167.620000	170.000000	179.070000	165.200000	150.000000	136.100000	8.680000	13.200000	13.200000	15.000000	15.000000	12.120000	12.600000	8.560000	9.320000	9.840000	8.560000	11.400000	11.280000	11.520000	10.440000	15.680000	8.320000	8.360000	5.160000	5.160000	5.160000	5.160000	5.160000	8.000000	133.000000	72.908500	55.857200	41.759700	43.963800	52.489900	88.659700	131.110000	138.525000	119.735000	79.968100	66.949700	66.621600	79.052200	69.309700	84.226500	156.251000	167.059000	185.259000	159.680000	162.705000	185.704000	172.510000	152.858000	129.870000	144.446000	130.150000	134.883000	118.351000	90.772600	105.153000	128.128000	125.448000	121.112000	112.999000	102.564000	111.042000	130.648000	129.799000	144.215000	168.310000	167.695000	156.266000	152.639000	132.313000	133.585000	131.678000	119.497000	0.144000	0.000000	0.345568	0.000000	0.337361	0.000000	0.319387	0.000000	0.306518	0.000000	0.354891	0.000000	0.461191	0.000000	0.421563	0.030800	0.521609	0.295100	0.564535	0.450000	124.360000	157.517000	159.144000	153.887000	163.069000	178.185000	170.045000	163.010000	139.652000	150.910000	145.355000	139.430000	0.575221	0.597300	0.440834	0.717000	0.434315	0.592700	0.477766	0.681900	0.514107	0.464000	0.434303	0.252700	0.452692	0.008000	0.509061	0.000000	0.557953	0.000000	0.543664	0.000000	0.613875	0.000000	0.615525	0.000000	0.542124	0.000000	0.530844	0.000000	4.446360	0.000000	0.547548	0.051960	0.000000	0.000000	3.426630	1.727480	2.649100	0.000000	0.000000	0.000000	0.000000	5852.250000	377.481000	326.758000	156.904000	5.909110	0.000000	3.668580	1.961390	1.636960	1.235940	0.199012	
   99	129.000000	114.490000	114.490000	113.050000	113.120000	114.160000	123.450000	155.640000	165.500000	157.500000	139.500000	125.000000	119.310000	121.600000	130.000000	134.760000	141.000000	158.660000	167.620000	170.000000	179.070000	165.200000	150.000000	136.100000	8.680000	13.200000	13.200000	15.000000	15.000000	12.120000	12.600000	8.560000	9.320000	9.840000	8.560000	11.400000	11.280000	11.520000	10.440000	15.680000	8.320000	8.360000	5.160000	5.160000	5.160000	5.160000	5.160000	8.000000	133.000000	83.378500	70.210200	56.040100	53.185700	63.502200	96.678600	146.083000	152.190000	136.350000	95.976800	68.005000	65.073600	75.862500	67.286400	80.675400	147.554000	163.046000	180.073000	164.398000	159.413000	185.479000	169.544000	154.959000	129.870000	109.451000	110.516000	111.714000	130.236000	111.289000	108.686000	137.086000	131.400000	115.428000	109.268000	111.089000	110.951000	115.514000	110.324000	121.661000	137.090000	134.542000	118.505000	139.440000	130.318000	146.415000	142.332000	125.024000	0.144000	0.000000	0.429895	0.000000	0.478962	0.000000	0.496149	0.000000	0.243695	0.000000	0.228793	0.000000	0.227628	0.000000	0.214801	0.024000	0.265936	0.158500	0.306056	0.327100	124.360000	134.181000	135.828000	151.072000	155.001000	178.052000	169.483000	165.928000	155.489000	168.782000	151.663000	136.710000	0.337021	0.460200	0.398458	0.605300	0.462177	0.553100	0.499306	0.669300	0.520297	0.430500	0.506500	0.152500	0.491599	0.007400	0.531933	0.000000	0.561005	0.000000	0.572773	0.000000	0.597509	0.000000	0.611902	0.000000	0.606077	0.000000	0.566895	0.000000	4.446360	0.000000	1.268060	0.000000	0.000000	0.000000	3.314060	1.513890	2.995210	8.598530	5.689230	0.000000	0.000000	5898.180000	369.738000	342.411000	149.098000	6.957150	7.387490	3.049890	2.035580	1.628240	1.344600	0.390091	
  100	129.000000	114.490000	114.490000	113.050000	113.120000	114.160000	123.450000	155.640000	165.500000	157.500000	139.500000	125.000000	119.310000	121.600000	130.000000	134.760000	141.000000	158.660000	167.620000	170.000000	179.070000	165.200000	150.000000	136.100000	8.680000	13.200000	13.200000	15.000000	15.000000	12.120000	12.600000	8.560000	9.320000	9.840000	8.560000	11.400000	11.280000	11.520000	10.440000	15.680000	8.320000	8.360000	5.160000	5.160000	5.160000	5.160000	5.160000	8.000000	133.000000	72.908500	55.857200	41.759700	43.963800	52.489900	88.659700	131.110000	138.525000	119.735000	79.968100	66.949700	66.621600	79.052200	69.309700	84.226500	156.251000	167.059000	185.259000	159.680000	162.705000	185.704000	172.510000	152.858000	129.870000	144.446000	130.150000	134.883000	118.351000	90.772600	105.153000	128.128000	125.448000	121.112000	112.999000	102.564000	111.042000	130.648000	129.799000	144.215000	168.310000	167.695000	156.266000	152.639000	132.313000	133.585000	131.678000	119.497000	0.144000	0.000000	0.345568	0.000000	0.337361	0.000000	0.319387	0.000000	0.306518	0.000000	0.354891	0.000000	0.461191	0.000000	0.421563	0.030800	0.521609	0.295100	0.564535	0.450000	124.360000	157.517000	159.144000	153.887000	163.069000	178.185000	170.045000	163.010000	139.652000	150.910000	145.355000	139.430000	0.575221	0.597300	0.440834	0.717000	0.434315	0.592700	0.477766	0.681900	0.514107	0.464000	0.434303	0.252700	0.452692	0.008000	0.509061	0.000000	0.557953	0.000000	0.543664	0.000000	0.613875	0.000000	0.615525	0.000000	0.542124	0.000000	0.530844	0.000000	4.446360	0.000000	0.547548	0.051960	0.000000	0.000000	3.426630	1.727480	2.649100	0.000000	0.000000	0.000000	0.000000	5852.250000	377.481000	326.758000	156.904000	5.909110	0.000000	3.668580	1.961390	1.636960	1.235940	0.199012	
;
param Prob0 :=
    1	0.000
    2	0.010
    3	0.010
    4	0.010
    5	0.010
    6	0.010
    7	0.000
    8	0.010
    9	0.010
   10	0.000
   11	0.010
   12	0.000
   13	0.000
   14	0.020
   15	0.010
   16	0.000
   17	0.010
   18	0.000
   19	0.000
   20	0.010
   21	0.010
   22	0.010
   23	0.040
   24	0.010
   25	0.000
   26	0.010
   27	0.010
   28	0.000
   29	0.010
   30	0.010
   31	0.000
   32	0.010
   33	0.000
   34	0.000
   35	0.010
   36	0.000
   37	0.010
   38	0.010
   39	0.000
   40	0.000
   41	0.000
   42	0.010
   43	0.010
   44	0.010
   45	0.000
   46	0.010
   47	0.000
   48	0.010
   49	0.000
   50	0.010
   51	0.000
   52	0.010
   53	0.010
   54	0.010
   55	0.000
   56	0.010
   57	0.010
   58	0.010
   59	0.000
   60	0.000
   61	0.000
   62	0.000
   63	0.000
   64	0.010
   65	0.010
   66	0.010
   67	0.010
   68	0.010
   69	0.010
   70	0.000
   71	0.010
   72	0.000
   73	0.010
   74	0.010
   75	0.010
   76	0.010
   77	0.000
   78	0.000
   79	0.010
   80	0.010
   81	0.010
   82	0.210
   83	0.000
   84	0.000
   85	0.010
   86	0.010
   87	0.010
   88	0.010
   89	0.010
   90	0.010
   91	0.010
   92	0.010
   93	0.000
   94	0.010
   95	0.010
   96	0.010
   97	0.040
   98	0.090
   99	0.010
  100	0.000
;
set c[0,50] :=
50    8     16    24    32    40    48    57    65    73    81    89    97
1     9     17    25    33    41    49    58    66    74    82    90    98
2     10    18    26    34    42    51    59    67    75    83    91    99
3     11    19    27    35    43    52    60    68    76    84    92    100
4     12    20    28    36    44    53    61    69    77    85    93
5     13    21    29    37    45    54    62    70    78    86    94
6     14    22    30    38    46    55    63    71    79    87    95
7     15    23    31    39    47    56    64    72    80    88    96;
set c[1,50] :=
50    8     16    24    32    40    48    57    65    73    81    89    97
1     9     17    25    33    41    49    58    66    74    82    90    98
2     10    18    26    34    42    51    59    67    75    83    91    99
3     11    19    27    35    43    52    60    68    76    84    92    100
4     12    20    28    36    44    53    61    69    77    85    93
5     13    21    29    37    45    54    62    70    78    86    94
6     14    22    30    38    46    55    63    71    79    87    95
7     15    23    31    39    47    56    64    72    80    88    96;
set c[2,50] :=
50    8     16    24    32    40    48    57    65    73    81    89    97
1     9     17    25    33    41    49    58    66    74    82    90    98
2     10    18    26    34    42    51    59    67    75    83    91    99
3     11    19    27    35    43    52    60    68    76    84    92    100
4     12    20    28    36    44    53    61    69    77    85    93
5     13    21    29    37    45    54    62    70    78    86    94
6     14    22    30    38    46    55    63    71    79    87    95
7     15    23    31    39    47    56    64    72    80    88    96;
set c[3,40] := 40 1 7 12 18 31 34 39 45 47 49 51 55 61 72 77 78 82 83 84 93;
set c[3,98] :=
98    6     13    16    19    26    28    52    70    73    80    87    96
4     10    14    17    25    27    43    62    71    75    81    95    100;
set c[3,60] := 60 8 11 21 23 33 36 41 46 57 59 63 64 65 89 97;
set c[3,92] := 92 3 9 32 38 42 53 56 86 91 94;
set c[3,76] :=
76   2    15   22   29   35   44   54   66   68   74   85   90
50   5    20   24   30   37   48   58   67   69   79   88   99;
set c[4,49] := 49 40 1 7 12 18 31 34 39 45 47 51 55 61 72 77 78 82 83 84 93;
set c[4,27] :=
27    4     10    14    17    25    28    52    70    73    80    87    96
98    6     13    16    19    26    43    62    71    75    81    95    100;
set c[4,11] := 11 60 8 21 23 33 36 41 46 57 59 63 64 65 89 97;
set c[4,9] := 9 91;
set c[4,92] := 92 3 56 94;
set c[4,32] := 32;
set c[4,38] := 38;
set c[4,53] := 53 42 86;
set c[4,37] := 37;
set c[4,35] := 35;
set c[4,44] := 44;
set c[4,29] := 29 67;
set c[4,2] := 2 90;
set c[4,69] := 69;
set c[4,15] := 15;
set c[4,24] := 24;
set c[4,79] := 79;
set c[4,74] := 74;
set c[4,85] := 85;
set c[4,30] := 30;
set c[4,50] := 50;
set c[4,20] := 20;
set c[4,99] := 99;
set c[4,5] := 5 48 66;
set c[4,54] := 54 88;
set c[4,22] := 22;
set c[4,76] := 76;
set c[4,58] := 58;
set c[4,68] := 68;
set c[5,49] := 49 40 1 7 12 18 31 34 39 45 47 51 55 61 72 77 78 82 83 84 93;
set c[5,27] :=
27    4     10    14    17    25    28    52    70    73    80    87    96
98    6     13    16    19    26    43    62    71    75    81    95    100;
set c[5,11] := 11 60 8 21 23 33 36 41 46 57 59 63 64 65 89 97;
set c[5,9] := 9 91;
set c[5,92] := 92 3 56 94;
set c[5,32] := 32;
set c[5,38] := 38;
set c[5,53] := 53 42 86;
set c[5,37] := 37;
set c[5,35] := 35;
set c[5,44] := 44;
set c[5,29] := 29 67;
set c[5,2] := 2 90;
set c[5,69] := 69;
set c[5,15] := 15;
set c[5,24] := 24;
set c[5,79] := 79;
set c[5,74] := 74;
set c[5,85] := 85;
set c[5,30] := 30;
set c[5,50] := 50;
set c[5,20] := 20;
set c[5,99] := 99;
set c[5,5] := 5 48 66;
set c[5,54] := 54 88;
set c[5,22] := 22;
set c[5,76] := 76;
set c[5,58] := 58;
set c[5,68] := 68;
set c[6,12] := 12 49 40 1 7 18 31 34 39 45 47 51 55 61 72 77 78 82 83 84 93;
set c[6,4] :=
4     98    10    14    17    25    28    52    70    73    80    87    96
27    6     13    16    19    26    43    62    71    75    81    95    100;
set c[6,59] := 59 11 60 8 21 23 33 36 41 46 57 63 64 65 89 97;
set c[6,9] := 9 91;
set c[6,3] := 3 92 56 94;
set c[6,32] := 32;
set c[6,38] := 38;
set c[6,42] := 42 53 86;
set c[6,37] := 37;
set c[6,35] := 35;
set c[6,44] := 44;
set c[6,29] := 29 67;
set c[6,2] := 2 90;
set c[6,69] := 69;
set c[6,15] := 15;
set c[6,24] := 24;
set c[6,79] := 79;
set c[6,74] := 74;
set c[6,85] := 85;
set c[6,30] := 30;
set c[6,50] := 50;
set c[6,20] := 20;
set c[6,99] := 99;
set c[6,48] := 48 5 66;
set c[6,54] := 54 88;
set c[6,22] := 22;
set c[6,76] := 76;
set c[6,58] := 58;
set c[6,68] := 68;
set c[7,12] := 12 49 40 1 7 18 31 34 39 45 47 51 55 61 72 77 78 82 83 84 93;
set c[7,4] :=
4     98    10    14    17    25    28    52    70    73    80    87    96
27    6     13    16    19    26    43    62    71    75    81    95    100;
set c[7,59] := 59 11 60 8 21 23 33 36 41 46 57 63 64 65 89 97;
set c[7,9] := 9 91;
set c[7,56] := 56 3 92 94;
set c[7,32] := 32;
set c[7,38] := 38;
set c[7,86] := 86 42 53;
set c[7,37] := 37;
set c[7,35] := 35;
set c[7,44] := 44;
set c[7,29] := 29 67;
set c[7,2] := 2 90;
set c[7,69] := 69;
set c[7,15] := 15;
set c[7,24] := 24;
set c[7,79] := 79;
set c[7,74] := 74;
set c[7,85] := 85;
set c[7,30] := 30;
set c[7,50] := 50;
set c[7,20] := 20;
set c[7,99] := 99;
set c[7,66] := 66 48 5;
set c[7,54] := 54 88;
set c[7,22] := 22;
set c[7,76] := 76;
set c[7,58] := 58;
set c[7,68] := 68;
set c[8,39] := 39 12 49 40 1 7 18 31 34 45 47 51 55 61 72 77 78 82 83 84 93;
set c[8,27] :=
27    98    10    14    17    25    28    52    70    73    80    87    96
4     6     13    16    19    26    43    62    71    75    81    95    100;
set c[8,46] := 46 59 11 60 8 21 23 33 36 41 57 63 64 65 89 97;
set c[8,9] := 9 91;
set c[8,94] := 94 56 3 92;
set c[8,32] := 32;
set c[8,38] := 38;
set c[8,86] := 86 42 53;
set c[8,37] := 37;
set c[8,35] := 35;
set c[8,44] := 44;
set c[8,29] := 29 67;
set c[8,2] := 2 90;
set c[8,69] := 69;
set c[8,15] := 15;
set c[8,24] := 24;
set c[8,79] := 79;
set c[8,74] := 74;
set c[8,85] := 85;
set c[8,30] := 30;
set c[8,50] := 50;
set c[8,20] := 20;
set c[8,99] := 99;
set c[8,66] := 66 48 5;
set c[8,54] := 54 88;
set c[8,22] := 22;
set c[8,76] := 76;
set c[8,58] := 58;
set c[8,68] := 68;
set c[9,47] := 47 39 12 49 40 1 7 18 31 34 45 51 55 61 72 77 78 82 83 84 93;
set c[9,27] :=
27    98    10    14    17    25    28    52    70    73    80    87    96
4     6     13    16    19    26    43    62    71    75    81    95    100;
set c[9,89] := 89;
set c[9,11] := 11;
set c[9,59] := 59 60 23 33 36 41 63 97;
set c[9,46] := 46 8 21 57 64 65;
set c[9,9] := 9 91;
set c[9,94] := 94 56 3 92;
set c[9,32] := 32;
set c[9,38] := 38;
set c[9,53] := 53 86 42;
set c[9,37] := 37;
set c[9,35] := 35;
set c[9,44] := 44;
set c[9,29] := 29 67;
set c[9,2] := 2 90;
set c[9,69] := 69;
set c[9,15] := 15;
set c[9,24] := 24;
set c[9,79] := 79;
set c[9,74] := 74;
set c[9,85] := 85;
set c[9,30] := 30;
set c[9,50] := 50;
set c[9,20] := 20;
set c[9,99] := 99;
set c[9,66] := 66;
set c[9,48] := 48;
set c[9,5] := 5;
set c[9,54] := 54;
set c[9,88] := 88;
set c[9,22] := 22;
set c[9,76] := 76;
set c[9,58] := 58;
set c[9,68] := 68;
set c[10,47] := 47 39 12 49 40 1 7 18 31 34 45 51 55 61 72 77 78 82 83 84 93;
set c[10,73] := 73;
set c[10,52] := 52;
set c[10,14] := 14 70;
set c[10,95] := 95 27 4 6 17 26 43 71 75 80 81 87 96;
set c[10,100] := 100 98 10 13 16 19 25 28 62;
set c[10,89] := 89;
set c[10,11] := 11;
set c[10,36] := 36 59 60 23 33 41 63 97;
set c[10,57] := 57 46 8 21 64 65;
set c[10,9] := 9 91;
set c[10,94] := 94 56 3 92;
set c[10,32] := 32;
set c[10,38] := 38;
set c[10,53] := 53 86 42;
set c[10,37] := 37;
set c[10,35] := 35;
set c[10,44] := 44;
set c[10,29] := 29 67;
set c[10,2] := 2 90;
set c[10,69] := 69;
set c[10,15] := 15;
set c[10,24] := 24;
set c[10,79] := 79;
set c[10,74] := 74;
set c[10,85] := 85;
set c[10,30] := 30;
set c[10,50] := 50;
set c[10,20] := 20;
set c[10,99] := 99;
set c[10,66] := 66;
set c[10,48] := 48;
set c[10,5] := 5;
set c[10,54] := 54;
set c[10,88] := 88;
set c[10,22] := 22;
set c[10,76] := 76;
set c[10,58] := 58;
set c[10,68] := 68;
set c[11,18] := 18 47 39 12 49 40 1 7 31 34 45 51 55 61 72 77 78 82 83 84 93;
set c[11,73] := 73;
set c[11,52] := 52;
set c[11,14] := 14 70;
set c[11,26] := 26 95 27 4 6 17 43 71 75 80 81 87 96;
set c[11,25] := 25 100 98 10 13 16 19 28 62;
set c[11,89] := 89;
set c[11,11] := 11;
set c[11,33] := 33 36 59 60 23 41 63 97;
set c[11,57] := 57 46 8 21 64 65;
set c[11,9] := 9 91;
set c[11,56] := 56 94 3 92;
set c[11,32] := 32;
set c[11,38] := 38;
set c[11,53] := 53 86 42;
set c[11,37] := 37;
set c[11,35] := 35;
set c[11,44] := 44;
set c[11,29] := 29 67;
set c[11,2] := 2 90;
set c[11,69] := 69;
set c[11,15] := 15;
set c[11,24] := 24;
set c[11,79] := 79;
set c[11,74] := 74;
set c[11,85] := 85;
set c[11,30] := 30;
set c[11,50] := 50;
set c[11,20] := 20;
set c[11,99] := 99;
set c[11,66] := 66;
set c[11,48] := 48;
set c[11,5] := 5;
set c[11,54] := 54;
set c[11,88] := 88;
set c[11,22] := 22;
set c[11,76] := 76;
set c[11,58] := 58;
set c[11,68] := 68;
set c[12,40] := 40 18 47 39 12 49 1 7 31 34 45 51 55 61 72 77 78 82 83 84 93;
set c[12,73] := 73;
set c[12,52] := 52;
set c[12,14] := 14 70;
set c[12,81] := 81 26 95 27 4 6 17 43 71 75 80 87 96;
set c[12,16] := 16 25 100 98 10 13 19 28 62;
set c[12,89] := 89;
set c[12,11] := 11;
set c[12,33] := 33 36 59 60 23 41 63 97;
set c[12,65] := 65 57 46 8 21 64;
set c[12,9] := 9 91;
set c[12,94] := 94 56 3 92;
set c[12,32] := 32;
set c[12,38] := 38;
set c[12,86] := 86 53 42;
set c[12,37] := 37;
set c[12,35] := 35;
set c[12,44] := 44;
set c[12,29] := 29 67;
set c[12,2] := 2 90;
set c[12,69] := 69;
set c[12,15] := 15;
set c[12,24] := 24;
set c[12,79] := 79;
set c[12,74] := 74;
set c[12,85] := 85;
set c[12,30] := 30;
set c[12,50] := 50;
set c[12,20] := 20;
set c[12,99] := 99;
set c[12,66] := 66;
set c[12,48] := 48;
set c[12,5] := 5;
set c[12,54] := 54;
set c[12,88] := 88;
set c[12,22] := 22;
set c[12,76] := 76;
set c[12,58] := 58;
set c[12,68] := 68;
set c[13,77] := 77 40 18 47 39 12 49 1 7 31 34 45 51 55 61 72 78 82 83 84 93;
set c[13,73] := 73;
set c[13,52] := 52;
set c[13,14] := 14 70;
set c[13,81] := 81 26 95 27 4 6 17 43 71 75 80 87 96;
set c[13,19] := 19 16 25 100 98 10 13 28 62;
set c[13,89] := 89;
set c[13,11] := 11;
set c[13,33] := 33 36 59 60 23 41 63 97;
set c[13,65] := 65 57 46 8 21 64;
set c[13,9] := 9 91;
set c[13,94] := 94 56 3 92;
set c[13,32] := 32;
set c[13,38] := 38;
set c[13,86] := 86 53 42;
set c[13,37] := 37;
set c[13,35] := 35;
set c[13,44] := 44;
set c[13,29] := 29 67;
set c[13,2] := 2 90;
set c[13,69] := 69;
set c[13,15] := 15;
set c[13,24] := 24;
set c[13,79] := 79;
set c[13,74] := 74;
set c[13,85] := 85;
set c[13,30] := 30;
set c[13,50] := 50;
set c[13,20] := 20;
set c[13,99] := 99;
set c[13,66] := 66;
set c[13,48] := 48;
set c[13,5] := 5;
set c[13,54] := 54;
set c[13,88] := 88;
set c[13,22] := 22;
set c[13,76] := 76;
set c[13,58] := 58;
set c[13,68] := 68;
set c[14,77] := 77 40 18 47 39 12 49 1 7 31 34 45 51 55 61 72 78 82 83 84 93;
set c[14,73] := 73;
set c[14,52] := 52;
set c[14,14] := 14 70;
set c[14,26] := 26 81 95 27 4 6 17 43 71 75 80 87 96;
set c[14,98] := 98 19 16 25 100 10 13 28 62;
set c[14,89] := 89;
set c[14,11] := 11;
set c[14,59] := 59 33 36 60 23 41 63 97;
set c[14,21] := 21 65 57 46 8 64;
set c[14,9] := 9 91;
set c[14,94] := 94 56 3 92;
set c[14,32] := 32;
set c[14,38] := 38;
set c[14,86] := 86 53 42;
set c[14,37] := 37;
set c[14,35] := 35;
set c[14,44] := 44;
set c[14,29] := 29 67;
set c[14,2] := 2 90;
set c[14,69] := 69;
set c[14,15] := 15;
set c[14,24] := 24;
set c[14,79] := 79;
set c[14,74] := 74;
set c[14,85] := 85;
set c[14,30] := 30;
set c[14,50] := 50;
set c[14,20] := 20;
set c[14,99] := 99;
set c[14,66] := 66;
set c[14,48] := 48;
set c[14,5] := 5;
set c[14,54] := 54;
set c[14,88] := 88;
set c[14,22] := 22;
set c[14,76] := 76;
set c[14,58] := 58;
set c[14,68] := 68;
set c[15,7] := 7 77 40 18 47 39 12 49 1 31 34 45 51 55 61 72 78 82 83 84 93;
set c[15,73] := 73;
set c[15,52] := 52;
set c[15,14] := 14 70;
set c[15,17] := 17 26 81 95 27 4 6 43 71 75 80 87 96;
set c[15,13] := 13 98 19 16 25 100 10 28 62;
set c[15,89] := 89;
set c[15,11] := 11;
set c[15,59] := 59 60 23 63;
set c[15,36] := 36 33 41 97;
set c[15,65] := 65;
set c[15,21] := 21;
set c[15,8] := 8;
set c[15,57] := 57;
set c[15,46] := 46;
set c[15,64] := 64;
set c[15,9] := 9;
set c[15,91] := 91;
set c[15,92] := 92;
set c[15,3] := 3;
set c[15,94] := 94;
set c[15,56] := 56;
set c[15,32] := 32;
set c[15,38] := 38;
set c[15,53] := 53;
set c[15,86] := 86;
set c[15,42] := 42;
set c[15,37] := 37;
set c[15,35] := 35;
set c[15,44] := 44;
set c[15,29] := 29;
set c[15,67] := 67;
set c[15,2] := 2;
set c[15,90] := 90;
set c[15,69] := 69;
set c[15,15] := 15;
set c[15,24] := 24;
set c[15,79] := 79;
set c[15,74] := 74;
set c[15,85] := 85;
set c[15,30] := 30;
set c[15,50] := 50;
set c[15,20] := 20;
set c[15,99] := 99;
set c[15,66] := 66;
set c[15,48] := 48;
set c[15,5] := 5;
set c[15,54] := 54;
set c[15,88] := 88;
set c[15,22] := 22;
set c[15,76] := 76;
set c[15,58] := 58;
set c[15,68] := 68;
set c[16,77] := 77 7 40 18 47 39 12 49 1 31 34 45 51 55 61 72 78 82 83 84 93;
set c[16,73] := 73;
set c[16,52] := 52;
set c[16,14] := 14 70;
set c[16,71] := 71 17 26 81 95 27 4 6 43 75 80 87 96;
set c[16,98] := 98 13 19 16 25 100 10 28 62;
set c[16,89] := 89;
set c[16,11] := 11;
set c[16,63] := 63 59 60 23;
set c[16,97] := 97 36 33 41;
set c[16,65] := 65;
set c[16,21] := 21;
set c[16,8] := 8;
set c[16,57] := 57;
set c[16,46] := 46;
set c[16,64] := 64;
set c[16,9] := 9;
set c[16,91] := 91;
set c[16,92] := 92;
set c[16,3] := 3;
set c[16,94] := 94;
set c[16,56] := 56;
set c[16,32] := 32;
set c[16,38] := 38;
set c[16,53] := 53;
set c[16,86] := 86;
set c[16,42] := 42;
set c[16,37] := 37;
set c[16,35] := 35;
set c[16,44] := 44;
set c[16,29] := 29;
set c[16,67] := 67;
set c[16,2] := 2;
set c[16,90] := 90;
set c[16,69] := 69;
set c[16,15] := 15;
set c[16,24] := 24;
set c[16,79] := 79;
set c[16,74] := 74;
set c[16,85] := 85;
set c[16,30] := 30;
set c[16,50] := 50;
set c[16,20] := 20;
set c[16,99] := 99;
set c[16,66] := 66;
set c[16,48] := 48;
set c[16,5] := 5;
set c[16,54] := 54;
set c[16,88] := 88;
set c[16,22] := 22;
set c[16,76] := 76;
set c[16,58] := 58;
set c[16,68] := 68;
set c[17,49] := 49 77 7 40 18 47 39 12 1 31 34 45 51 55 61 72 78 82 83 84 93;
set c[17,73] := 73;
set c[17,52] := 52;
set c[17,14] := 14 70;
set c[17,87] := 87 71 17 26 81 95 27 4 6 43 75 80 96;
set c[17,62] := 62 98 13 19 16 25 100 10 28;
set c[17,89] := 89;
set c[17,11] := 11;
set c[17,23] := 23 63 59 60;
set c[17,36] := 36 97 33 41;
set c[17,65] := 65;
set c[17,21] := 21;
set c[17,8] := 8;
set c[17,57] := 57;
set c[17,46] := 46;
set c[17,64] := 64;
set c[17,9] := 9;
set c[17,91] := 91;
set c[17,92] := 92;
set c[17,3] := 3;
set c[17,94] := 94;
set c[17,56] := 56;
set c[17,32] := 32;
set c[17,38] := 38;
set c[17,53] := 53;
set c[17,86] := 86;
set c[17,42] := 42;
set c[17,37] := 37;
set c[17,35] := 35;
set c[17,44] := 44;
set c[17,29] := 29;
set c[17,67] := 67;
set c[17,2] := 2;
set c[17,90] := 90;
set c[17,69] := 69;
set c[17,15] := 15;
set c[17,24] := 24;
set c[17,79] := 79;
set c[17,74] := 74;
set c[17,85] := 85;
set c[17,30] := 30;
set c[17,50] := 50;
set c[17,20] := 20;
set c[17,99] := 99;
set c[17,66] := 66;
set c[17,48] := 48;
set c[17,5] := 5;
set c[17,54] := 54;
set c[17,88] := 88;
set c[17,22] := 22;
set c[17,76] := 76;
set c[17,58] := 58;
set c[17,68] := 68;
set c[18,40] := 40 49 77 7 18 47 39 12 1 31 34 45 51 55 61 72 78 82 83 84 93;
set c[18,73] := 73;
set c[18,52] := 52;
set c[18,14] := 14 70;
set c[18,71] := 71 87 17 26 81 95 27 4 6 43 75 80 96;
set c[18,25] := 25 62 98 13 19 16 100 10 28;
set c[18,89] := 89;
set c[18,11] := 11;
set c[18,23] := 23 63 59 60;
set c[18,97] := 97 36 33 41;
set c[18,65] := 65;
set c[18,21] := 21;
set c[18,8] := 8;
set c[18,57] := 57;
set c[18,46] := 46;
set c[18,64] := 64;
set c[18,9] := 9;
set c[18,91] := 91;
set c[18,92] := 92;
set c[18,3] := 3;
set c[18,94] := 94;
set c[18,56] := 56;
set c[18,32] := 32;
set c[18,38] := 38;
set c[18,53] := 53;
set c[18,86] := 86;
set c[18,42] := 42;
set c[18,37] := 37;
set c[18,35] := 35;
set c[18,44] := 44;
set c[18,29] := 29;
set c[18,67] := 67;
set c[18,2] := 2;
set c[18,90] := 90;
set c[18,69] := 69;
set c[18,15] := 15;
set c[18,24] := 24;
set c[18,79] := 79;
set c[18,74] := 74;
set c[18,85] := 85;
set c[18,30] := 30;
set c[18,50] := 50;
set c[18,20] := 20;
set c[18,99] := 99;
set c[18,66] := 66;
set c[18,48] := 48;
set c[18,5] := 5;
set c[18,54] := 54;
set c[18,88] := 88;
set c[18,22] := 22;
set c[18,76] := 76;
set c[18,58] := 58;
set c[18,68] := 68;
set c[19,45] := 45 40 49 77 7 18 47 39 12 1 31 34 51 55 61 72 78 82 83 84 93;
set c[19,73] := 73;
set c[19,52] := 52;
set c[19,14] := 14 70;
set c[19,26] := 26 71 87 17 81 95 27 4 6 43 75 80 96;
set c[19,25] := 25 62 98 13 19 16 100 10 28;
set c[19,89] := 89;
set c[19,11] := 11;
set c[19,63] := 63 23 59 60;
set c[19,36] := 36 97 33 41;
set c[19,65] := 65;
set c[19,21] := 21;
set c[19,8] := 8;
set c[19,57] := 57;
set c[19,46] := 46;
set c[19,64] := 64;
set c[19,9] := 9;
set c[19,91] := 91;
set c[19,92] := 92;
set c[19,3] := 3;
set c[19,94] := 94;
set c[19,56] := 56;
set c[19,32] := 32;
set c[19,38] := 38;
set c[19,53] := 53;
set c[19,86] := 86;
set c[19,42] := 42;
set c[19,37] := 37;
set c[19,35] := 35;
set c[19,44] := 44;
set c[19,29] := 29;
set c[19,67] := 67;
set c[19,2] := 2;
set c[19,90] := 90;
set c[19,69] := 69;
set c[19,15] := 15;
set c[19,24] := 24;
set c[19,79] := 79;
set c[19,74] := 74;
set c[19,85] := 85;
set c[19,30] := 30;
set c[19,50] := 50;
set c[19,20] := 20;
set c[19,99] := 99;
set c[19,66] := 66;
set c[19,48] := 48;
set c[19,5] := 5;
set c[19,54] := 54;
set c[19,88] := 88;
set c[19,22] := 22;
set c[19,76] := 76;
set c[19,58] := 58;
set c[19,68] := 68;
set c[20,31] := 31 45 40 49 77 7 18 47 39 12 1 34 51 55 61 72 78 82 83 84 93;
set c[20,73] := 73;
set c[20,52] := 52;
set c[20,14] := 14 70;
set c[20,80] := 80 26 71 87 17 81 95 27 4 6 43 75 96;
set c[20,25] := 25 62 98 13 19 16 100 10 28;
set c[20,89] := 89;
set c[20,11] := 11;
set c[20,63] := 63 23 59 60;
set c[20,36] := 36 97 33 41;
set c[20,65] := 65;
set c[20,21] := 21;
set c[20,8] := 8;
set c[20,57] := 57;
set c[20,46] := 46;
set c[20,64] := 64;
set c[20,9] := 9;
set c[20,91] := 91;
set c[20,92] := 92;
set c[20,3] := 3;
set c[20,94] := 94;
set c[20,56] := 56;
set c[20,32] := 32;
set c[20,38] := 38;
set c[20,53] := 53;
set c[20,86] := 86;
set c[20,42] := 42;
set c[20,37] := 37;
set c[20,35] := 35;
set c[20,44] := 44;
set c[20,29] := 29;
set c[20,67] := 67;
set c[20,2] := 2;
set c[20,90] := 90;
set c[20,69] := 69;
set c[20,15] := 15;
set c[20,24] := 24;
set c[20,79] := 79;
set c[20,74] := 74;
set c[20,85] := 85;
set c[20,30] := 30;
set c[20,50] := 50;
set c[20,20] := 20;
set c[20,99] := 99;
set c[20,66] := 66;
set c[20,48] := 48;
set c[20,5] := 5;
set c[20,54] := 54;
set c[20,88] := 88;
set c[20,22] := 22;
set c[20,76] := 76;
set c[20,58] := 58;
set c[20,68] := 68;
set c[21,78] := 78 31 45 40 49 77 7 18 47 39 12 1 34 51 55 61 72 82 83 84 93;
set c[21,73] := 73;
set c[21,52] := 52;
set c[21,14] := 14 70;
set c[21,17] := 17 80 26 71 87 81 95 27 4 6 43 75 96;
set c[21,16] := 16 25 62 98 13 19 100 10 28;
set c[21,89] := 89;
set c[21,11] := 11;
set c[21,59] := 59 63 23 60;
set c[21,33] := 33 36 97 41;
set c[21,65] := 65;
set c[21,21] := 21;
set c[21,8] := 8;
set c[21,57] := 57;
set c[21,46] := 46;
set c[21,64] := 64;
set c[21,9] := 9;
set c[21,91] := 91;
set c[21,92] := 92;
set c[21,3] := 3;
set c[21,94] := 94;
set c[21,56] := 56;
set c[21,32] := 32;
set c[21,38] := 38;
set c[21,53] := 53;
set c[21,86] := 86;
set c[21,42] := 42;
set c[21,37] := 37;
set c[21,35] := 35;
set c[21,44] := 44;
set c[21,29] := 29;
set c[21,67] := 67;
set c[21,2] := 2;
set c[21,90] := 90;
set c[21,69] := 69;
set c[21,15] := 15;
set c[21,24] := 24;
set c[21,79] := 79;
set c[21,74] := 74;
set c[21,85] := 85;
set c[21,30] := 30;
set c[21,50] := 50;
set c[21,20] := 20;
set c[21,99] := 99;
set c[21,66] := 66;
set c[21,48] := 48;
set c[21,5] := 5;
set c[21,54] := 54;
set c[21,88] := 88;
set c[21,22] := 22;
set c[21,76] := 76;
set c[21,58] := 58;
set c[21,68] := 68;
set c[22,12] := 12 78 31 45 40 49 77 7 18 47 39 1 34 51 55 61 72 82 83 84 93;
set c[22,73] := 73;
set c[22,52] := 52;
set c[22,14] := 14 70;
set c[22,6] := 6 17 80 26 71 87 81 95 27 4 43 75 96;
set c[22,19] := 19 16 25 62 98 13 100 10 28;
set c[22,89] := 89;
set c[22,11] := 11;
set c[22,59] := 59 63 23 60;
set c[22,36] := 36 33 97 41;
set c[22,65] := 65;
set c[22,21] := 21;
set c[22,8] := 8;
set c[22,57] := 57;
set c[22,46] := 46;
set c[22,64] := 64;
set c[22,9] := 9;
set c[22,91] := 91;
set c[22,92] := 92;
set c[22,3] := 3;
set c[22,94] := 94;
set c[22,56] := 56;
set c[22,32] := 32;
set c[22,38] := 38;
set c[22,53] := 53;
set c[22,86] := 86;
set c[22,42] := 42;
set c[22,37] := 37;
set c[22,35] := 35;
set c[22,44] := 44;
set c[22,29] := 29;
set c[22,67] := 67;
set c[22,2] := 2;
set c[22,90] := 90;
set c[22,69] := 69;
set c[22,15] := 15;
set c[22,24] := 24;
set c[22,79] := 79;
set c[22,74] := 74;
set c[22,85] := 85;
set c[22,30] := 30;
set c[22,50] := 50;
set c[22,20] := 20;
set c[22,99] := 99;
set c[22,66] := 66;
set c[22,48] := 48;
set c[22,5] := 5;
set c[22,54] := 54;
set c[22,88] := 88;
set c[22,22] := 22;
set c[22,76] := 76;
set c[22,58] := 58;
set c[22,68] := 68;
set c[23,77] := 77 12 78 31 45 40 49 7 18 47 39 1 34 51 55 61 72 82 83 84 93;
set c[23,73] := 73;
set c[23,52] := 52;
set c[23,14] := 14 70;
set c[23,95] := 95 6 17 80 26 71 87 81 27 4 43 75 96;
set c[23,28] := 28 19 16 25 62 98 13 100 10;
set c[23,89] := 89;
set c[23,11] := 11;
set c[23,63] := 63 59 23 60;
set c[23,36] := 36 33 97 41;
set c[23,65] := 65;
set c[23,21] := 21;
set c[23,8] := 8;
set c[23,57] := 57;
set c[23,46] := 46;
set c[23,64] := 64;
set c[23,9] := 9;
set c[23,91] := 91;
set c[23,92] := 92;
set c[23,3] := 3;
set c[23,94] := 94;
set c[23,56] := 56;
set c[23,32] := 32;
set c[23,38] := 38;
set c[23,53] := 53;
set c[23,86] := 86;
set c[23,42] := 42;
set c[23,37] := 37;
set c[23,35] := 35;
set c[23,44] := 44;
set c[23,29] := 29;
set c[23,67] := 67;
set c[23,2] := 2;
set c[23,90] := 90;
set c[23,69] := 69;
set c[23,15] := 15;
set c[23,24] := 24;
set c[23,79] := 79;
set c[23,74] := 74;
set c[23,85] := 85;
set c[23,30] := 30;
set c[23,50] := 50;
set c[23,20] := 20;
set c[23,99] := 99;
set c[23,66] := 66;
set c[23,48] := 48;
set c[23,5] := 5;
set c[23,54] := 54;
set c[23,88] := 88;
set c[23,22] := 22;
set c[23,76] := 76;
set c[23,58] := 58;
set c[23,68] := 68;
set c[24,77] := 77 12 78 31 45 40 49 7 18 47 39 1 34 51 55 61 72 82 83 84 93;
set c[24,73] := 73;
set c[24,52] := 52;
set c[24,14] := 14 70;
set c[24,6] := 6 95 17 80 26 71 87 81 27 4 43 75 96;
set c[24,19] := 19 28 16 25 62 98 13 100 10;
set c[24,89] := 89;
set c[24,11] := 11;
set c[24,63] := 63 59 23 60;
set c[24,97] := 97 36 33 41;
set c[24,65] := 65;
set c[24,21] := 21;
set c[24,8] := 8;
set c[24,57] := 57;
set c[24,46] := 46;
set c[24,64] := 64;
set c[24,9] := 9;
set c[24,91] := 91;
set c[24,92] := 92;
set c[24,3] := 3;
set c[24,94] := 94;
set c[24,56] := 56;
set c[24,32] := 32;
set c[24,38] := 38;
set c[24,53] := 53;
set c[24,86] := 86;
set c[24,42] := 42;
set c[24,37] := 37;
set c[24,35] := 35;
set c[24,44] := 44;
set c[24,29] := 29;
set c[24,67] := 67;
set c[24,2] := 2;
set c[24,90] := 90;
set c[24,69] := 69;
set c[24,15] := 15;
set c[24,24] := 24;
set c[24,79] := 79;
set c[24,74] := 74;
set c[24,85] := 85;
set c[24,30] := 30;
set c[24,50] := 50;
set c[24,20] := 20;
set c[24,99] := 99;
set c[24,66] := 66;
set c[24,48] := 48;
set c[24,5] := 5;
set c[24,54] := 54;
set c[24,88] := 88;
set c[24,22] := 22;
set c[24,76] := 76;
set c[24,58] := 58;
set c[24,68] := 68;
set c[25,49] := 49 77 12 78 31 45 40 7 18 47 39 1 34 51 55 61 72 82 83 84 93;
set c[25,73] := 73;
set c[25,52] := 52;
set c[25,14] := 14 70;
set c[25,6] := 6 95 17 80 26 71 87 81 27 4 43 75 96;
set c[25,28] := 28 19 16 25 62 98 13 100 10;
set c[25,89] := 89;
set c[25,11] := 11;
set c[25,63] := 63 59 23 60;
set c[25,97] := 97 36 33 41;
set c[25,65] := 65;
set c[25,21] := 21;
set c[25,8] := 8;
set c[25,57] := 57;
set c[25,46] := 46;
set c[25,64] := 64;
set c[25,9] := 9;
set c[25,91] := 91;
set c[25,92] := 92;
set c[25,3] := 3;
set c[25,94] := 94;
set c[25,56] := 56;
set c[25,32] := 32;
set c[25,38] := 38;
set c[25,53] := 53;
set c[25,86] := 86;
set c[25,42] := 42;
set c[25,37] := 37;
set c[25,35] := 35;
set c[25,44] := 44;
set c[25,29] := 29;
set c[25,67] := 67;
set c[25,2] := 2;
set c[25,90] := 90;
set c[25,69] := 69;
set c[25,15] := 15;
set c[25,24] := 24;
set c[25,79] := 79;
set c[25,74] := 74;
set c[25,85] := 85;
set c[25,30] := 30;
set c[25,50] := 50;
set c[25,20] := 20;
set c[25,99] := 99;
set c[25,66] := 66;
set c[25,48] := 48;
set c[25,5] := 5;
set c[25,54] := 54;
set c[25,88] := 88;
set c[25,22] := 22;
set c[25,76] := 76;
set c[25,58] := 58;
set c[25,68] := 68;
set c[26,51] := 51 49 77 12 78 31 45 40 7 18 47 39 1 34 55 61 72 82 83 84 93;
set c[26,73] := 73;
set c[26,52] := 52;
set c[26,14] := 14 70;
set c[26,80] := 80 6 95 17 26 71 87 81 27 4 43 75 96;
set c[26,19] := 19 28 16 25 62 98 13 100 10;
set c[26,89] := 89;
set c[26,11] := 11;
set c[26,59] := 59 63 23 60;
set c[26,41] := 41 97 36 33;
set c[26,65] := 65;
set c[26,21] := 21;
set c[26,8] := 8;
set c[26,57] := 57;
set c[26,46] := 46;
set c[26,64] := 64;
set c[26,9] := 9;
set c[26,91] := 91;
set c[26,92] := 92;
set c[26,3] := 3;
set c[26,94] := 94;
set c[26,56] := 56;
set c[26,32] := 32;
set c[26,38] := 38;
set c[26,53] := 53;
set c[26,86] := 86;
set c[26,42] := 42;
set c[26,37] := 37;
set c[26,35] := 35;
set c[26,44] := 44;
set c[26,29] := 29;
set c[26,67] := 67;
set c[26,2] := 2;
set c[26,90] := 90;
set c[26,69] := 69;
set c[26,15] := 15;
set c[26,24] := 24;
set c[26,79] := 79;
set c[26,74] := 74;
set c[26,85] := 85;
set c[26,30] := 30;
set c[26,50] := 50;
set c[26,20] := 20;
set c[26,99] := 99;
set c[26,66] := 66;
set c[26,48] := 48;
set c[26,5] := 5;
set c[26,54] := 54;
set c[26,88] := 88;
set c[26,22] := 22;
set c[26,76] := 76;
set c[26,58] := 58;
set c[26,68] := 68;
set c[27,49] := 49 51 77 12 78 31 45 40 7 18 47 39 1 34 55 61 72 82 83 84 93;
set c[27,73] := 73;
set c[27,52] := 52;
set c[27,14] := 14 70;
set c[27,6] := 6 80 95 17 26 71 87 81 27 4 43 75 96;
set c[27,19] := 19 28 16 25 62 98 13 100 10;
set c[27,89] := 89;
set c[27,11] := 11;
set c[27,59] := 59 63 23 60;
set c[27,41] := 41 97 36 33;
set c[27,65] := 65;
set c[27,21] := 21;
set c[27,8] := 8;
set c[27,57] := 57;
set c[27,46] := 46;
set c[27,64] := 64;
set c[27,9] := 9;
set c[27,91] := 91;
set c[27,92] := 92;
set c[27,3] := 3;
set c[27,94] := 94;
set c[27,56] := 56;
set c[27,32] := 32;
set c[27,38] := 38;
set c[27,53] := 53;
set c[27,86] := 86;
set c[27,42] := 42;
set c[27,37] := 37;
set c[27,35] := 35;
set c[27,44] := 44;
set c[27,29] := 29;
set c[27,67] := 67;
set c[27,2] := 2;
set c[27,90] := 90;
set c[27,69] := 69;
set c[27,15] := 15;
set c[27,24] := 24;
set c[27,79] := 79;
set c[27,74] := 74;
set c[27,85] := 85;
set c[27,30] := 30;
set c[27,50] := 50;
set c[27,20] := 20;
set c[27,99] := 99;
set c[27,66] := 66;
set c[27,48] := 48;
set c[27,5] := 5;
set c[27,54] := 54;
set c[27,88] := 88;
set c[27,22] := 22;
set c[27,76] := 76;
set c[27,58] := 58;
set c[27,68] := 68;
set c[28,18] := 18 49 51 77 12 78 31 45 40 7 47 39 1 34 55 61 72 82 83 84 93;
set c[28,73] := 73;
set c[28,52] := 52;
set c[28,14] := 14 70;
set c[28,27] := 27 6 80 95 17 26 71 87 81 4 43 75 96;
set c[28,62] := 62 19 28 16 25 98 13 100 10;
set c[28,89] := 89;
set c[28,11] := 11;
set c[28,63] := 63 59 23 60;
set c[28,33] := 33 41 97 36;
set c[28,65] := 65;
set c[28,21] := 21;
set c[28,8] := 8;
set c[28,57] := 57;
set c[28,46] := 46;
set c[28,64] := 64;
set c[28,9] := 9;
set c[28,91] := 91;
set c[28,92] := 92;
set c[28,3] := 3;
set c[28,94] := 94;
set c[28,56] := 56;
set c[28,32] := 32;
set c[28,38] := 38;
set c[28,53] := 53;
set c[28,86] := 86;
set c[28,42] := 42;
set c[28,37] := 37;
set c[28,35] := 35;
set c[28,44] := 44;
set c[28,29] := 29;
set c[28,67] := 67;
set c[28,2] := 2;
set c[28,90] := 90;
set c[28,69] := 69;
set c[28,15] := 15;
set c[28,24] := 24;
set c[28,79] := 79;
set c[28,74] := 74;
set c[28,85] := 85;
set c[28,30] := 30;
set c[28,50] := 50;
set c[28,20] := 20;
set c[28,99] := 99;
set c[28,66] := 66;
set c[28,48] := 48;
set c[28,5] := 5;
set c[28,54] := 54;
set c[28,88] := 88;
set c[28,22] := 22;
set c[28,76] := 76;
set c[28,58] := 58;
set c[28,68] := 68;
set c[29,45] := 45 18 49 51 77 12 78 31 40 7 47 39 1 34 55 61 72 82 83 84 93;
set c[29,73] := 73;
set c[29,52] := 52;
set c[29,14] := 14 70;
set c[29,26] := 26 27 6 80 95 17 71 87 81 4 43 75 96;
set c[29,62] := 62 19 28 16 25 98 13 100 10;
set c[29,89] := 89;
set c[29,11] := 11;
set c[29,23] := 23 63 59 60;
set c[29,33] := 33 41 97 36;
set c[29,65] := 65;
set c[29,21] := 21;
set c[29,8] := 8;
set c[29,57] := 57;
set c[29,46] := 46;
set c[29,64] := 64;
set c[29,9] := 9;
set c[29,91] := 91;
set c[29,92] := 92;
set c[29,3] := 3;
set c[29,94] := 94;
set c[29,56] := 56;
set c[29,32] := 32;
set c[29,38] := 38;
set c[29,53] := 53;
set c[29,86] := 86;
set c[29,42] := 42;
set c[29,37] := 37;
set c[29,35] := 35;
set c[29,44] := 44;
set c[29,29] := 29;
set c[29,67] := 67;
set c[29,2] := 2;
set c[29,90] := 90;
set c[29,69] := 69;
set c[29,15] := 15;
set c[29,24] := 24;
set c[29,79] := 79;
set c[29,74] := 74;
set c[29,85] := 85;
set c[29,30] := 30;
set c[29,50] := 50;
set c[29,20] := 20;
set c[29,99] := 99;
set c[29,66] := 66;
set c[29,48] := 48;
set c[29,5] := 5;
set c[29,54] := 54;
set c[29,88] := 88;
set c[29,22] := 22;
set c[29,76] := 76;
set c[29,58] := 58;
set c[29,68] := 68;
set c[30,82] := 82 45 18 49 51 77 12 78 31 40 7 47 39 1 34 55 61 72 83 84 93;
set c[30,73] := 73;
set c[30,52] := 52;
set c[30,14] := 14 70;
set c[30,81] := 81;
set c[30,75] := 75;
set c[30,17] := 17;
set c[30,71] := 71;
set c[30,26] := 26;
set c[30,43] := 43;
set c[30,4] := 4;
set c[30,96] := 96;
set c[30,27] := 27;
set c[30,80] := 80;
set c[30,6] := 6;
set c[30,95] := 95;
set c[30,87] := 87;
set c[30,98] := 98 62 19 28 16 25 13 100 10;
set c[30,89] := 89;
set c[30,11] := 11;
set c[30,23] := 23 63 59 60;
set c[30,97] := 97 33 41 36;
set c[30,65] := 65;
set c[30,21] := 21;
set c[30,8] := 8;
set c[30,57] := 57;
set c[30,46] := 46;
set c[30,64] := 64;
set c[30,9] := 9;
set c[30,91] := 91;
set c[30,92] := 92;
set c[30,3] := 3;
set c[30,94] := 94;
set c[30,56] := 56;
set c[30,32] := 32;
set c[30,38] := 38;
set c[30,53] := 53;
set c[30,86] := 86;
set c[30,42] := 42;
set c[30,37] := 37;
set c[30,35] := 35;
set c[30,44] := 44;
set c[30,29] := 29;
set c[30,67] := 67;
set c[30,2] := 2;
set c[30,90] := 90;
set c[30,69] := 69;
set c[30,15] := 15;
set c[30,24] := 24;
set c[30,79] := 79;
set c[30,74] := 74;
set c[30,85] := 85;
set c[30,30] := 30;
set c[30,50] := 50;
set c[30,20] := 20;
set c[30,99] := 99;
set c[30,66] := 66;
set c[30,48] := 48;
set c[30,5] := 5;
set c[30,54] := 54;
set c[30,88] := 88;
set c[30,22] := 22;
set c[30,76] := 76;
set c[30,58] := 58;
set c[30,68] := 68;

