#erel:= 0.800;
#emax:= 710.646;
#q:= 0.000;
#nesce:=    59;
#etime:= 1.348;
#snodes:=  1316;
param nS:=   100;
param nSG:=    30;
param nRVSG :=
 1 24    4 24    7  2   10  2   13  2   16  2   19  2   22  2   25  2   28  2
 2 24    5  2    8  2   11  2   14  2   17  2   20  2   23  2   26  2   29  2
 3 24    6  2    9  2   12  2   15 12   18  2   21  2   24  2   27  2   30 24
;

param ScenF :=
  1  175.727        46    0            91  289.159       136    0.5736
  2  175.882        47    0.60656      92  265.521       137    0.0653218
  3  165.308        48    0            93  276.586       138    0.528
  4  169.885        49   75.562        94  285.333       139    0.0626441
  5  194.311        50   76.4628       95  216.969       140    0.3565
  6  205.553        51   52.0852       96  174.18        141    0.0737267
  7  225.013        52   52.095        97    0.254717    142    0.196
  8  269.297        53   82.9309       98    0           143    0.110125
  9  307.166        54   88.535        99    0.247622    144    0.0194
 10  331.162        55   97.4495      100    0           145    0.128765
 11  207.818        56  116.723       101    0.183042    146    0
 12  176.145        57  110.49        102    0           147    0.149745
 13  166.872        58  115.936       103    0.0713289   148    0
 14  180.142        59  109.567       104    0           149    0.230445
 15  155.415        60  113.417       105    0           150    0
 16  111.16         61   94.5561      106    0           151    0.331048
 17  136.162        62   84.8846      107    0           152    0
 18  195.39         63   67.9685      108    0           153    0.371633
 19  261.647        64   42.1769      109    0           154    0
 20  206.332        65   56.3206      110    0.0402      155    0.376566
 21  190.181        66   73.1383      111    0           156    0
 22  185.604        67  107.097       112    0.2093      157    8.35068
 23  127.506        68  103.388       113    0           158    5.57539
 24  107.428        69  107.578       114    0.3179      159    5.36654
 25    6.62459      70  120.184       115    0.0153646   160    0
 26    0            71  113.081       116    0.3722      161   16.0057
 27    0            72   75.999       117   90.0718      162   21.3595
 28    0            73  118.541       118   99.4744      163   21.8386
 29    0            74  161.777       119   94.7595      164   20.5468
 30    0            75  193.568       120   74.0003      165    0
 31   17.677        76  191.557       121   56.8715      166    0
 32   62.2797       77  183.638       122   52.0609      167    0
 33  122.693        78  176.365       123   57.2718      168    0
 34   20.1028       79  160.511       124   66.6662      169    0
 35    0            80  216.403       125   88.5881      170  821.573
 36    0            81  260.111       126   85.1062      171 9584.09
 37    0            82  241.345       127   53.3671      172    0
 38    0            83  110.967       128   43.3349      173   84.4829
 39    0            84  196.405       129    0.0360586   174    0
 40   20.6332       85  203.196       130    0.4022      175 4115.4
 41   19.5651       86  277.15        131    0.0476234   176    0
 42    4.44194      87  282.639       132    0.4185      177    0
 43    0            88  281.402       133    0.0580057   178    0
 44  112.969        89  308.977       134    0.4869      179    0
 45    0            90  295.305       135    0.060688    180    0
;

param ScenO :=
  1  98.02        46  55.52        91  82.94       136   0.223
  2  99           47  35.12        92 102.59       137   0.338
  3  98.02        48  57.12        93 105.52       138   0.333
  4  88.66        49  96.01        94  90          139   0.245
  5  86.43        50  93.99        95  83.55       140   0.191
  6  81.59        51  93.02        96  72.25       141   0.118
  7 101.6         52  89.68        97   0.337      142   0.068
  8 119.48        53  97.77        98   0          143   0.085
  9 124.24        54  92.09        99   0.37       144   0
 10 109.25        55  95.66       100   0          145   0.139
 11  90.22        56 114.48       101   0.398      146   0
 12  88.66        57 121.24       102   0          147   0.208
 13  87.26        58 104.85       103   0.441      148   0
 14  78.38        59  90.22       104   0          149   0.243
 15  65           60  85.66       105   0.494      150   0
 16  65           61  82.26       106   0          151   0.224
 17  71.5         62  78.38       107   0.503      152   0
 18  79.44        63  66.07       108   0          153   0.182
 19 101.84        64  66.07       109   0.463      154   0
 20 116.86        65  75.5        110   0.021      155   0.121
 21 117.25        66  79.5        111   0.349      156   0
 22 100           67  96.84       112   0.151      157   0.875332
 23  93.55        68 114.85       113   0.336      158   0.726162
 24  85           69 115          114   0.249      159   0.560294
 25  23.64        70  96.1        115   0.308      160   1.28581
 26  39.36        71  90.8        116   0.266      161   0.871804
 27  41.12        72  84          117  61.24       162   0.75095
 28  54.96        73  90.51       118  54.2        163   0.529429
 29  58.88        74  94          119  54.1        164   0.587713
 30  60.76        75  79.03       120  52.1        165   0.624517
 31  24.2         76  73.67       121  53.2        166   0.316339
 32  46.84        77  86.43       122  65.77       167   0.133452
 33 167.72        78  73.43       123  69.77       168   0.129822
 34 101.88        79  88.8        124  71.77       169   0.028421
 35  62           80 107.53       125  90.55       170   0.379306
 36  58.4         81 118.24       126  79.5        171   0.467385
 37  39.68        82 103          127  71.77       172   0.499538
 38  39.2         83  90          128  64.26       173   0.997203
 39  34.36        84  79.99       129   0.302      174   0.932528
 40  37.76        85  78.53       130   0.28       175   0.17498
 41  37.56        86  76.52       131   0.356      176   0.658651
 42  62.48        87  65          132   0.331      177   0.644094
 43  60           88  58.5        133   0.376      178   0.613
 44  31.92        89  61.61       134   0.184      179   0.308498
 45  42.48        90  77.5        135   0.361      180   0.095529
;

param Scen0 (tr)
 :    1	    2	    3	    4	    5	    6	    7	    8	    9	   10	   11	   12	   13	   14	   15	   16	   17	   18	   19	   20	   21	   22	   23	   24	   25	   26	   27	   28	   29	   30	   31	   32	   33	   34	   35	   36	   37	   38	   39	   40	   41	   42	   43	   44	   45	   46	   47	   48	   49	   50	   51	   52	   53	   54	   55	   56	   57	   58	   59	   60	   61	   62	   63	   64	   65	   66	   67	   68	   69	   70	   71	   72	   73	   74	   75	   76	   77	   78	   79	   80	   81	   82	   83	   84	   85	   86	   87	   88	   89	   90	   91	   92	   93	   94	   95	   96	   97	   98	   99	  100	  101	  102	  103	  104	  105	  106	  107	  108	  109	  110	  111	  112	  113	  114	  115	  116	  117	  118	  119	  120	  121	  122	  123	  124	  125	  126	  127	  128	  129	  130	  131	  132	  133	  134	  135	  136	  137	  138	  139	  140	  141	  142	  143	  144	  145	  146	  147	  148	  149	  150	  151	  152	  153	  154	  155	  156	  157	  158	  159	  160	  161	  162	  163	  164	  165	  166	  167	  168	  169	  170	  171	  172	  173	  174	  175	  176	  177	  178	  179	  180	:=
    1	98.020000	99.000000	98.020000	88.660000	86.430000	81.590000	101.600000	119.480000	124.240000	109.250000	90.220000	88.660000	87.260000	78.380000	65.000000	65.000000	71.500000	79.440000	101.840000	116.860000	117.250000	100.000000	93.550000	85.000000	23.640000	0.000000	0.000000	0.000000	0.000000	0.000000	14.235500	48.746400	119.510000	26.659900	1.591980	4.573580	3.173090	5.447700	4.551500	22.385800	25.925000	6.112980	18.236100	185.936000	19.663800	5.364280	0.000000	0.000000	96.010000	64.311500	49.264900	60.882000	81.249100	92.075100	102.532000	118.732000	117.263000	122.985000	119.629000	109.648000	103.514000	87.213000	69.534500	47.778100	51.802700	65.090600	104.227000	117.635000	108.143000	126.858000	112.570000	97.174700	90.510000	161.116000	190.079000	196.859000	184.050000	170.229000	160.683000	232.042000	254.320000	255.192000	113.845000	189.181000	218.587000	279.959000	281.637000	276.482000	307.716000	293.839000	275.446000	255.510000	280.664000	303.139000	218.891000	190.069000	0.337000	0.000000	0.280050	0.000000	0.220787	0.000000	0.131187	0.000000	0.082963	0.000000	0.046318	0.000000	0.060444	0.066800	0.000000	0.204300	0.000000	0.301700	0.000000	0.288500	61.240000	100.873000	103.041000	72.894200	65.536900	59.206000	39.759100	82.249300	111.424000	110.302000	66.437200	54.633100	0.098117	0.510000	0.101836	0.547600	0.096735	0.556300	0.092708	0.503300	0.118604	0.383200	0.136911	0.332100	0.128466	0.156800	0.088549	0.011000	0.111544	0.000000	0.147418	0.000000	0.246411	0.000000	0.341905	0.000000	0.387033	0.000000	0.432432	0.000000	0.875332	5.891280	5.525840	0.250699	15.732200	21.706300	21.482800	21.058300	0.492475	3.473060	0.000000	6.221490	57.907400	827.658000	9621.750000	0.000000	81.627100	0.046953	4102.590000	0.000000	0.085122	0.102988	0.000000	0.074134	
    2	98.020000	99.000000	98.020000	88.660000	86.430000	81.590000	101.600000	119.480000	124.240000	109.250000	90.220000	88.660000	87.260000	78.380000	65.000000	65.000000	71.500000	79.440000	101.840000	116.860000	117.250000	100.000000	93.550000	85.000000	23.640000	0.000000	0.000000	6.641140	0.923329	0.000000	18.074800	63.814100	121.151000	26.440700	4.058490	5.791970	5.951980	6.552460	0.000000	20.783100	18.300000	6.071650	0.000000	154.070000	30.422700	2.844840	0.000000	0.000000	96.010000	64.311500	49.264900	60.882000	75.766800	90.481700	96.239100	117.060000	113.214000	114.587000	115.642000	102.591000	95.615500	78.319500	63.409400	40.098200	49.892700	70.825600	103.536000	103.139000	109.094000	148.591000	113.046000	93.810500	90.510000	152.827000	188.656000	191.217000	180.542000	164.263000	159.317000	228.503000	249.211000	249.435000	110.154000	183.444000	215.947000	279.982000	282.116000	283.320000	308.046000	304.427000	275.193000	264.457000	273.141000	306.283000	221.079000	183.735000	0.337000	0.000000	0.258088	0.000000	0.192547	0.000000	0.092163	0.000000	0.037614	0.000000	0.063618	0.000000	0.063366	0.043900	0.059800	0.239200	0.063065	0.313600	0.067536	0.487400	61.240000	101.119000	104.124000	75.426100	68.848900	53.240000	55.603000	52.031200	89.510200	64.221700	51.032000	45.826900	0.079560	0.519100	0.084097	0.419500	0.082072	0.474100	0.070236	0.392100	0.061532	0.370100	0.072501	0.268200	0.066250	0.180000	0.050220	0.033700	0.082733	0.000000	0.139631	0.000000	0.227077	0.000000	0.321866	0.000000	0.370024	0.000000	0.408023	0.000000	0.875332	5.939100	5.456790	0.267381	16.524900	22.501500	21.246300	20.617900	0.428816	0.000000	0.000000	0.000000	0.000000	821.375000	9586.190000	5.228820	90.068400	0.015876	4097.700000	0.000000	0.000000	0.122143	0.000000	0.219716	
    3	98.020000	99.000000	98.020000	88.660000	86.430000	81.590000	101.600000	119.480000	124.240000	109.250000	90.220000	88.660000	87.260000	78.380000	65.000000	65.000000	71.500000	79.440000	101.840000	116.860000	117.250000	100.000000	93.550000	85.000000	23.640000	0.549282	0.000000	0.000000	0.000000	4.007460	14.914300	37.750800	108.788000	18.659700	0.323563	0.000000	3.740050	3.626080	3.821010	23.720200	27.497400	5.474410	6.279230	104.906000	45.994800	3.234070	1.386370	0.000000	96.010000	68.918500	47.011800	53.217700	77.303800	90.601100	103.910000	124.591000	119.728000	124.830000	112.862000	110.659000	99.681300	79.034500	61.649600	42.015900	36.337900	56.880600	112.111000	107.673000	108.753000	130.762000	111.829000	101.441000	90.510000	159.452000	194.530000	200.628000	186.006000	172.449000	165.081000	239.782000	245.347000	257.994000	108.290000	180.096000	218.115000	280.109000	283.438000	283.112000	311.547000	295.108000	274.441000	268.800000	281.458000	291.729000	220.187000	190.919000	0.337000	0.000000	0.258370	0.000000	0.174083	0.000000	0.068730	0.000000	0.031186	0.000000	0.023463	0.000000	0.015112	0.044000	0.019156	0.198800	0.010595	0.320200	0.000000	0.376000	61.240000	87.123900	85.723000	68.366800	60.406600	58.501400	53.481800	93.362100	86.969700	77.546300	52.146500	55.514600	0.031078	0.401800	0.055269	0.401100	0.043284	0.467100	0.058195	0.627300	0.118604	0.587400	0.000000	0.344500	0.076164	0.195000	0.061858	0.015900	0.092432	0.000000	0.133716	0.000000	0.212002	0.000000	0.321673	0.000000	0.372932	0.000000	0.399129	0.000000	0.875332	5.848520	5.346320	0.148770	15.465000	21.579800	21.314200	20.759000	0.219982	0.000000	0.000000	0.000000	0.000000	819.307000	9602.480000	4.833240	90.298900	1.992990	4066.150000	0.000000	0.000000	0.257096	0.000000	0.000000	
    4	98.020000	99.000000	98.020000	88.660000	86.430000	81.590000	101.600000	119.480000	124.240000	109.250000	90.220000	88.660000	87.260000	78.380000	65.000000	65.000000	71.500000	79.440000	101.840000	116.860000	117.250000	100.000000	93.550000	85.000000	23.640000	4.698960	1.277320	4.033090	7.151760	6.193740	22.511300	48.039000	140.764000	37.434500	0.000000	0.000000	0.000000	0.000000	0.000000	14.508700	16.711600	0.000000	2.192300	126.384000	34.404600	9.163660	6.415080	0.000000	96.010000	66.258900	48.172600	56.653200	79.499500	90.363700	95.437100	114.748000	113.998000	115.164000	122.360000	103.031000	103.078000	88.710300	72.177200	46.231800	37.787100	73.442400	98.450400	117.497000	103.812000	127.902000	109.291000	91.836600	90.510000	160.718000	188.554000	194.819000	178.746000	173.710000	162.268000	230.813000	258.121000	254.847000	125.093000	187.117000	214.586000	275.406000	279.233000	278.447000	310.531000	298.207000	267.509000	248.566000	276.593000	307.164000	215.965000	182.042000	0.337000	0.000000	0.256514	0.000000	0.176575	0.000000	0.054160	0.000000	0.026449	0.000000	0.033255	0.000000	0.034226	0.041400	0.010327	0.168300	0.001990	0.221100	0.000000	0.336500	61.240000	96.230500	96.542100	69.772300	57.156900	52.319400	56.222000	87.309100	97.547100	65.675800	54.611400	46.327500	0.040373	0.361500	0.045827	0.425700	0.043068	0.514100	0.051386	0.541000	0.056650	0.544900	0.026372	0.391700	0.039582	0.191100	0.109355	0.022100	0.135047	0.000000	0.158884	0.000000	0.249041	0.000000	0.330240	0.000000	0.400254	0.000000	0.414224	0.000000	0.875332	5.628020	5.417060	0.163450	15.631900	21.956100	21.557700	20.754100	0.000000	0.384155	0.000000	0.997055	12.179700	819.863000	9580.400000	0.845444	85.252300	0.098467	4110.240000	0.000000	0.000000	0.149552	0.000000	0.166294	
    5	98.020000	99.000000	98.020000	88.660000	86.430000	81.590000	101.600000	119.480000	124.240000	109.250000	90.220000	88.660000	87.260000	78.380000	65.000000	65.000000	71.500000	79.440000	101.840000	116.860000	117.250000	100.000000	93.550000	85.000000	23.640000	0.000000	0.000000	0.000000	0.000000	0.000000	14.235500	48.746400	119.510000	26.659900	1.591980	4.573580	3.173090	5.447700	4.551500	22.385800	25.925000	6.112980	18.236100	185.936000	19.663800	5.364280	0.000000	0.000000	96.010000	64.311500	49.264900	60.882000	81.249100	92.075100	102.532000	118.732000	117.263000	122.985000	119.629000	109.648000	103.514000	87.213000	69.534500	47.778100	51.802700	65.090600	104.227000	117.635000	108.143000	126.858000	112.570000	97.174700	90.510000	161.116000	190.079000	196.859000	184.050000	170.229000	160.683000	232.042000	254.320000	255.192000	113.845000	189.181000	218.587000	279.959000	281.637000	276.482000	307.716000	293.839000	275.446000	255.510000	280.664000	303.139000	218.891000	190.069000	0.337000	0.000000	0.254000	0.000000	0.137494	0.000000	0.020557	0.000000	0.000000	0.000000	0.009236	0.000000	0.014512	0.036800	0.000000	0.283000	0.000000	0.472600	0.109440	0.491100	61.240000	107.987000	102.241000	70.438800	62.252900	56.998800	72.677500	82.691000	99.496800	52.481400	45.944500	46.607500	0.131296	0.489300	0.151516	0.621900	0.165638	0.550400	0.161676	0.546700	0.155554	0.503100	0.160304	0.332700	0.060453	0.219700	0.038670	0.020200	0.064197	0.000000	0.074034	0.000000	0.134767	0.000000	0.239119	0.000000	0.319838	0.000000	0.349121	0.000000	0.875332	5.573820	5.533730	0.018249	14.638000	20.491300	21.122500	20.412200	0.239257	2.227400	0.000000	0.710250	4.835630	823.069000	9589.630000	4.149790	89.496900	0.000000	4108.050000	0.000000	0.120478	0.149980	0.000000	0.000000	
    6	98.020000	99.000000	98.020000	88.660000	86.430000	81.590000	101.600000	119.480000	124.240000	109.250000	90.220000	88.660000	87.260000	78.380000	65.000000	65.000000	71.500000	79.440000	101.840000	116.860000	117.250000	100.000000	93.550000	85.000000	23.640000	0.000000	0.000000	3.656030	0.000000	4.618230	19.281200	44.934000	122.328000	27.981700	0.000000	3.582520	0.000000	0.672973	0.000000	20.670500	19.533500	5.359010	8.813440	111.686000	19.809300	6.518460	2.095480	0.000000	96.010000	71.998500	51.905000	59.758700	80.579300	90.537800	102.037000	113.196000	114.099000	121.532000	112.170000	105.858000	98.837400	81.062200	62.432100	39.368500	34.183300	55.313200	103.877000	104.711000	103.799000	122.194000	111.014000	101.526000	90.510000	155.063000	190.905000	201.480000	180.020000	160.856000	167.897000	236.219000	250.830000	251.328000	112.219000	186.511000	214.130000	277.998000	282.506000	282.283000	303.802000	293.992000	282.505000	267.050000	266.741000	288.548000	214.128000	193.568000	0.337000	0.000000	0.261832	0.000000	0.180997	0.000000	0.062200	0.000000	0.014511	0.000000	0.046318	0.000000	0.060444	0.045600	0.016756	0.235600	0.000000	0.261000	0.016351	0.476700	61.240000	106.323000	101.225000	77.686000	63.124200	46.164400	60.677400	93.362100	86.969700	77.546300	52.146500	55.514600	0.013308	0.403000	0.024600	0.411500	0.067780	0.476500	0.094003	0.534300	0.075877	0.463800	0.102317	0.390500	0.073417	0.218500	0.126305	0.018800	0.179741	0.000000	0.175015	0.000000	0.260203	0.000000	0.368375	0.000000	0.444716	0.000000	0.429132	0.000000	0.875332	5.560020	5.266220	0.001197	15.354500	21.372000	21.179400	20.828800	0.528881	1.066460	0.000000	1.658080	0.000000	821.192000	9585.310000	4.103660	87.416500	0.000000	4100.890000	0.000000	0.000005	0.300422	0.000000	0.000000	
    7	98.020000	99.000000	98.020000	88.660000	86.430000	81.590000	101.600000	119.480000	124.240000	109.250000	90.220000	88.660000	87.260000	78.380000	65.000000	65.000000	71.500000	79.440000	101.840000	116.860000	117.250000	100.000000	93.550000	85.000000	23.640000	0.000000	2.183530	6.505020	8.843720	7.194630	18.540800	48.582300	125.386000	29.517700	0.000000	0.000000	0.000000	0.000000	0.000000	16.893300	14.168400	0.274322	12.551300	99.214800	6.245350	3.114840	0.983959	0.000000	96.010000	68.607700	49.437300	56.863200	76.866100	87.704100	92.264900	112.844000	116.953000	103.395000	117.522000	106.062000	98.126100	85.965800	71.237400	46.513000	41.994400	59.680400	106.271000	123.927000	107.532000	129.300000	113.195000	85.675800	90.510000	155.064000	190.211000	194.011000	183.641000	163.878000	154.422000	233.900000	247.264000	234.447000	103.967000	184.605000	198.329000	274.842000	273.432000	278.934000	303.969000	286.286000	272.781000	272.030000	259.526000	293.452000	211.498000	180.642000	0.337000	0.000000	0.240746	0.000000	0.174189	0.000000	0.038491	0.000000	0.000000	0.000000	0.000000	0.000000	0.000000	0.039200	0.000000	0.201300	0.000000	0.333500	0.022302	0.318400	61.240000	68.368900	71.510200	43.863000	30.622300	17.563500	38.691700	57.321500	72.107700	58.669500	57.060800	40.230700	0.057239	0.377900	0.082927	0.503700	0.094841	0.514800	0.102116	0.593200	0.137020	0.562000	0.124568	0.470500	0.127030	0.315600	0.160481	0.022700	0.179741	0.000000	0.175015	0.000000	0.227088	0.000000	0.295493	0.000000	0.367546	0.000000	0.429132	0.000000	0.875332	5.757800	5.556470	0.173938	15.913200	21.943300	21.484800	20.888400	0.152539	0.313479	0.000000	0.509538	0.000000	821.101000	9585.020000	3.714850	97.171100	0.000000	4104.520000	0.000000	0.113172	0.060451	0.000000	0.000694	
    8	98.020000	99.000000	98.020000	88.660000	86.430000	81.590000	101.600000	119.480000	124.240000	109.250000	90.220000	88.660000	87.260000	78.380000	65.000000	65.000000	71.500000	79.440000	101.840000	116.860000	117.250000	100.000000	93.550000	85.000000	23.640000	0.000000	0.000000	3.656030	0.000000	4.618230	19.281200	44.934000	122.328000	27.981700	0.000000	3.582520	0.000000	0.672973	0.000000	20.670500	19.533500	5.359010	0.000000	155.550000	72.133700	8.158050	0.152273	0.000000	96.010000	73.594400	50.717300	56.782600	81.115200	91.528700	100.359000	119.080000	115.238000	97.232300	109.256000	107.481000	99.482200	84.192600	66.935600	43.471800	41.413100	66.952600	97.119500	108.252000	103.622000	131.039000	113.399000	87.683000	90.510000	156.678000	190.534000	199.972000	187.741000	168.051000	159.989000	238.081000	249.452000	257.025000	112.171000	187.149000	214.138000	277.953000	282.402000	282.233000	303.283000	297.084000	269.176000	258.102000	268.451000	302.284000	216.837000	185.644000	0.337000	0.000000	0.261832	0.000000	0.192119	0.000000	0.065862	0.000000	0.014511	0.000000	0.015253	0.000000	0.000000	0.035100	0.016756	0.216800	0.021124	0.323200	0.016351	0.350100	61.240000	96.230500	109.631000	79.732400	65.831300	49.476700	53.043700	75.025400	92.303600	68.708500	56.949000	53.013500	0.013308	0.340800	0.024600	0.407700	0.057258	0.451000	0.068958	0.536100	0.077395	0.415700	0.068753	0.360400	0.073417	0.169700	0.115668	0.020800	0.138677	0.000000	0.164579	0.000000	0.234462	0.000000	0.328082	0.000000	0.378670	0.000000	0.458018	0.000000	0.875332	5.636020	5.180010	0.171058	15.585900	22.027100	21.649600	20.698000	0.000000	2.795020	0.000000	0.619621	0.018447	821.336000	9586.320000	2.164260	91.339300	0.043083	4102.170000	0.000000	0.000000	0.381195	0.001979	0.195988	
    9	98.020000	99.000000	98.020000	88.660000	86.430000	81.590000	101.600000	119.480000	124.240000	109.250000	90.220000	88.660000	87.260000	78.380000	65.000000	65.000000	71.500000	79.440000	101.840000	116.860000	117.250000	100.000000	93.550000	85.000000	23.640000	0.549282	0.000000	0.000000	0.000000	4.007460	14.914300	37.750800	108.788000	18.659700	0.323563	0.000000	3.740050	3.626080	3.821010	23.720200	27.497400	5.474410	6.279230	104.906000	45.994800	3.234070	1.386370	0.000000	96.010000	68.918500	47.011800	53.217700	77.303800	90.601100	103.910000	124.591000	119.728000	124.830000	112.862000	110.659000	99.681300	79.034500	61.649600	42.015900	36.337900	56.880600	112.111000	107.673000	108.753000	130.762000	111.829000	101.441000	90.510000	159.452000	194.530000	200.628000	186.006000	172.449000	165.081000	239.782000	245.347000	257.994000	108.290000	180.096000	218.115000	280.109000	283.438000	283.112000	311.547000	295.108000	274.441000	268.800000	281.458000	291.729000	220.187000	190.919000	0.337000	0.000000	0.258370	0.000000	0.174083	0.000000	0.068730	0.000000	0.031186	0.000000	0.023463	0.000000	0.015112	0.044000	0.019156	0.198800	0.010595	0.320200	0.000000	0.376000	61.240000	87.123900	85.723000	68.366800	60.406600	58.501400	53.481800	93.362100	86.969700	77.546300	52.146500	55.514600	0.031078	0.401800	0.055269	0.401100	0.043284	0.467100	0.058195	0.627300	0.118604	0.587400	0.000000	0.344500	0.076164	0.195000	0.061858	0.015900	0.092432	0.000000	0.133716	0.000000	0.212002	0.000000	0.288361	0.000000	0.333227	0.000000	0.336186	0.000000	0.875332	5.799800	5.349160	0.153919	15.614000	21.832500	21.367300	20.412200	0.239257	2.227400	0.000000	2.767730	28.924000	817.316000	9572.070000	1.823840	85.433200	2.796480	4019.710000	0.000000	0.157156	0.060549	0.000000	0.000000	
   10	98.020000	99.000000	98.020000	88.660000	86.430000	81.590000	101.600000	119.480000	124.240000	109.250000	90.220000	88.660000	87.260000	78.380000	65.000000	65.000000	71.500000	79.440000	101.840000	116.860000	117.250000	100.000000	93.550000	85.000000	23.640000	0.000000	0.000000	3.656030	0.000000	4.618230	19.281200	44.934000	122.328000	27.981700	0.000000	3.582520	0.000000	0.672973	0.000000	20.670500	19.533500	5.359010	0.000000	155.550000	72.133700	8.158050	0.152273	0.000000	96.010000	73.594400	50.717300	56.782600	81.115200	91.528700	100.359000	119.080000	115.238000	97.232300	109.256000	107.481000	99.482200	84.192600	66.935600	43.471800	41.413100	66.952600	97.119500	108.252000	103.622000	131.039000	113.399000	87.683000	90.510000	156.678000	190.534000	199.972000	187.741000	168.051000	159.989000	238.081000	249.452000	257.025000	112.171000	187.149000	214.138000	277.953000	282.402000	282.233000	303.283000	297.084000	269.176000	258.102000	268.451000	302.284000	216.837000	185.644000	0.337000	0.000000	0.261832	0.000000	0.192119	0.000000	0.065862	0.000000	0.014511	0.000000	0.015253	0.000000	0.000000	0.035100	0.016756	0.216800	0.021124	0.323200	0.016351	0.350100	61.240000	96.230500	109.631000	79.732400	65.831300	49.476700	53.043700	75.025400	92.303600	68.708500	56.949000	53.013500	0.013308	0.340800	0.024600	0.407700	0.057258	0.451000	0.068958	0.536100	0.077395	0.415700	0.068753	0.360400	0.073417	0.169700	0.115668	0.020800	0.138677	0.000000	0.164579	0.000000	0.234462	0.000000	0.328082	0.000000	0.378670	0.000000	0.458018	0.000000	0.875332	5.636020	5.180010	0.171058	15.585900	22.027100	21.649600	20.698000	0.000000	2.795020	0.000000	0.619621	0.018447	821.336000	9586.320000	2.164260	91.339300	0.043083	4102.170000	0.000000	0.000000	0.381195	0.001979	0.195988	
   11	98.020000	99.000000	98.020000	88.660000	86.430000	81.590000	101.600000	119.480000	124.240000	109.250000	90.220000	88.660000	87.260000	78.380000	65.000000	65.000000	71.500000	79.440000	101.840000	116.860000	117.250000	100.000000	93.550000	85.000000	23.640000	2.561160	0.000000	0.000000	1.062790	2.372190	18.355500	43.792200	112.200000	14.256900	0.224076	0.000000	0.000000	0.000000	0.000000	21.746100	10.897900	0.000000	11.736900	130.953000	46.458500	2.495790	0.962375	4.684120	96.010000	70.751700	48.103400	55.882100	75.711700	85.962700	101.081000	112.300000	111.494000	108.646000	107.799000	104.270000	97.989700	82.921400	71.012800	44.635800	42.016600	61.661700	103.486000	111.032000	104.221000	121.238000	112.519000	97.187600	90.510000	156.678000	190.534000	199.972000	187.741000	168.051000	159.989000	233.399000	259.660000	252.200000	112.147000	186.222000	214.106000	280.743000	282.820000	283.225000	311.736000	295.966000	274.188000	273.703000	280.757000	293.353000	223.526000	193.870000	0.337000	0.000000	0.284387	0.000000	0.192119	0.000000	0.065862	0.000000	0.010883	0.000000	0.015253	0.000000	0.008082	0.036500	0.000000	0.205800	0.000000	0.335700	0.029432	0.345900	61.240000	96.357600	84.311400	52.490200	56.240300	54.834000	64.597500	75.311200	89.357500	47.318200	63.002000	49.018700	0.064301	0.362600	0.081678	0.385800	0.051837	0.547600	0.061433	0.554900	0.000000	0.424200	0.000000	0.318800	0.000000	0.177400	0.020393	0.023600	0.058453	0.000000	0.070756	0.000000	0.158646	0.000000	0.245135	0.000000	0.334520	0.000000	0.445530	0.000000	0.875332	5.623250	5.385770	0.000000	14.961300	20.974200	21.614000	20.843700	0.469608	0.000000	0.000000	0.000000	0.000000	815.074000	9578.030000	0.000000	88.060800	0.606509	4089.700000	0.000000	0.069502	0.071254	0.000000	0.000000	
   12	98.020000	99.000000	98.020000	88.660000	86.430000	81.590000	101.600000	119.480000	124.240000	109.250000	90.220000	88.660000	87.260000	78.380000	65.000000	65.000000	71.500000	79.440000	101.840000	116.860000	117.250000	100.000000	93.550000	85.000000	23.640000	0.000000	0.000000	0.000000	0.000000	3.854690	14.853400	55.063700	107.627000	36.167700	0.000000	0.000000	0.000000	1.276670	0.000000	21.889100	20.239200	0.000000	3.598190	112.064000	32.692200	4.128620	0.000000	0.000000	96.010000	74.600400	49.306700	56.521400	78.619900	88.356500	97.684200	115.193000	117.572000	131.333000	118.348000	107.981000	101.812000	86.627200	74.471400	48.826500	48.315800	66.295900	105.288000	104.295000	112.900000	138.641000	117.899000	96.343700	90.510000	157.985000	198.243000	191.666000	187.182000	174.866000	163.799000	225.910000	255.586000	265.526000	114.037000	189.734000	212.148000	277.981000	280.112000	282.281000	307.811000	292.443000	274.882000	265.286000	273.014000	302.055000	221.765000	181.707000	0.337000	0.000000	0.242206	0.000000	0.136680	0.000000	0.017391	0.000000	0.000000	0.000000	0.000000	0.000000	0.000000	0.041400	0.000000	0.252200	0.000000	0.410600	0.000000	0.427500	61.240000	98.590800	95.225800	76.195100	57.212700	48.738800	55.708800	69.218000	91.171800	71.513100	50.808100	39.215800	0.000000	0.399600	0.015084	0.467000	0.070246	0.510100	0.030309	0.590200	0.033453	0.462000	0.032099	0.298000	0.043244	0.186300	0.077755	0.020500	0.114953	0.000000	0.122174	0.000000	0.181491	0.000000	0.259490	0.000000	0.285720	0.000000	0.309732	0.000000	0.875332	5.699070	5.710700	0.083266	15.699900	21.697500	21.184300	20.889800	0.171639	0.000000	0.000000	0.545359	0.000000	820.705000	9576.280000	4.229600	84.123400	0.000000	4109.080000	0.000000	0.237341	0.188127	0.000000	0.107493	
   13	98.020000	99.000000	98.020000	88.660000	86.430000	81.590000	101.600000	119.480000	124.240000	109.250000	90.220000	88.660000	87.260000	78.380000	65.000000	65.000000	71.500000	79.440000	101.840000	116.860000	117.250000	100.000000	93.550000	85.000000	23.640000	0.000000	0.000000	0.000000	0.000000	0.000000	12.605300	43.554100	108.310000	25.071700	6.863860	3.615690	6.009080	0.000000	0.000000	22.803300	21.820500	2.532060	0.000000	119.666000	18.197600	4.316360	3.452720	0.000000	96.010000	65.915500	45.480800	54.382000	74.039200	86.191800	94.290300	108.749000	114.906000	112.641000	110.310000	111.498000	95.552800	89.351800	71.412400	50.880000	56.181900	57.625400	95.442100	100.711000	100.919000	128.844000	113.018000	89.859400	90.510000	156.735000	185.203000	189.752000	183.231000	161.304000	159.925000	226.852000	252.930000	235.412000	110.882000	186.979000	210.904000	281.013000	282.953000	282.844000	305.462000	294.695000	262.874000	265.967000	272.064000	295.490000	218.250000	187.351000	0.337000	0.000000	0.266498	0.000000	0.206504	0.000000	0.094453	0.000000	0.029479	0.000000	0.054002	0.000000	0.050431	0.038300	0.032981	0.208200	0.010595	0.335300	0.007062	0.455100	61.240000	96.230500	96.542100	69.772300	57.156900	52.319400	56.222000	87.470700	98.268000	69.771300	67.331100	61.338300	0.038503	0.451400	0.078091	0.402300	0.053738	0.548900	0.073399	0.633100	0.058229	0.503600	0.102322	0.411900	0.116349	0.205200	0.143152	0.018900	0.160657	0.000000	0.166951	0.000000	0.230068	0.000000	0.292317	0.000000	0.346516	0.000000	0.396682	0.000000	0.875332	5.746300	5.320590	0.134896	15.627800	21.779700	21.472300	20.817500	0.553169	0.646690	0.000000	0.772469	1.933560	821.731000	9588.640000	4.851350	86.623200	0.000000	4104.270000	0.000000	0.155619	0.264120	0.000000	0.000000	
   14	98.020000	99.000000	98.020000	88.660000	86.430000	81.590000	101.600000	119.480000	124.240000	109.250000	90.220000	88.660000	87.260000	78.380000	65.000000	65.000000	71.500000	79.440000	101.840000	116.860000	117.250000	100.000000	93.550000	85.000000	23.640000	0.549282	0.000000	0.000000	0.000000	4.007460	14.914300	37.750800	108.788000	18.659700	0.323563	0.000000	3.740050	3.626080	3.821010	23.720200	27.497400	5.474410	6.279230	104.906000	45.994800	3.234070	1.386370	0.000000	96.010000	68.918500	47.011800	53.217700	77.303800	90.601100	103.910000	124.591000	119.728000	124.830000	112.862000	110.659000	99.681300	79.034500	61.649600	42.015900	36.337900	56.880600	112.111000	107.673000	108.753000	130.762000	111.829000	101.441000	90.510000	159.452000	194.530000	200.628000	186.006000	172.449000	165.081000	239.782000	245.347000	257.994000	108.290000	180.096000	218.115000	280.109000	283.438000	283.112000	311.547000	295.108000	274.441000	268.800000	281.458000	291.729000	220.187000	190.919000	0.337000	0.000000	0.258370	0.000000	0.174083	0.000000	0.068730	0.000000	0.031186	0.000000	0.023463	0.000000	0.015112	0.044000	0.019156	0.198800	0.010595	0.320200	0.000000	0.376000	61.240000	87.123900	85.723000	68.366800	60.406600	58.501400	53.481800	93.362100	86.969700	77.546300	52.146500	55.514600	0.031078	0.401800	0.055269	0.401100	0.043284	0.467100	0.058195	0.627300	0.118604	0.587400	0.000000	0.344500	0.076164	0.195000	0.061858	0.015900	0.092432	0.000000	0.133716	0.000000	0.212002	0.000000	0.321673	0.000000	0.372932	0.000000	0.399129	0.000000	0.875332	5.848520	5.346320	0.148770	15.465000	21.579800	21.314200	20.759000	0.219982	0.000000	0.000000	0.000000	0.000000	819.307000	9602.480000	4.833240	90.298900	1.992990	4066.150000	0.000000	0.000000	0.257096	0.000000	0.000000	
   15	98.020000	99.000000	98.020000	88.660000	86.430000	81.590000	101.600000	119.480000	124.240000	109.250000	90.220000	88.660000	87.260000	78.380000	65.000000	65.000000	71.500000	79.440000	101.840000	116.860000	117.250000	100.000000	93.550000	85.000000	23.640000	0.000000	0.000000	0.000000	0.000000	3.854690	14.853400	55.063700	107.627000	36.167700	0.000000	0.000000	0.000000	1.276670	0.000000	21.889100	20.239200	0.000000	3.598190	112.064000	32.692200	4.128620	0.000000	0.000000	96.010000	74.600400	49.306700	56.521400	78.619900	88.356500	97.684200	115.193000	117.572000	131.333000	118.348000	107.981000	101.812000	86.627200	74.471400	48.826500	48.315800	66.295900	105.288000	104.295000	112.900000	138.641000	117.899000	96.343700	90.510000	157.985000	198.243000	191.666000	187.182000	174.866000	163.799000	225.910000	255.586000	265.526000	114.037000	189.734000	212.148000	277.981000	280.112000	282.281000	307.811000	292.443000	274.882000	265.286000	273.014000	302.055000	221.765000	181.707000	0.337000	0.000000	0.242206	0.000000	0.136680	0.000000	0.017391	0.000000	0.000000	0.000000	0.000000	0.000000	0.000000	0.041400	0.000000	0.252200	0.000000	0.410600	0.000000	0.427500	61.240000	98.590800	95.225800	76.195100	57.212700	48.738800	55.708800	69.218000	91.171800	71.513100	50.808100	39.215800	0.000000	0.399600	0.015084	0.467000	0.070246	0.510100	0.030309	0.590200	0.033453	0.462000	0.032099	0.298000	0.043244	0.186300	0.077755	0.020500	0.114953	0.000000	0.122174	0.000000	0.181491	0.000000	0.259490	0.000000	0.285720	0.000000	0.309732	0.000000	0.875332	5.699070	5.710700	0.083266	15.699900	21.697500	21.184300	20.889800	0.171639	0.000000	0.000000	0.545359	0.000000	820.705000	9576.280000	4.229600	84.123400	0.000000	4109.080000	0.000000	0.237341	0.188127	0.000000	0.107493	
   16	98.020000	99.000000	98.020000	88.660000	86.430000	81.590000	101.600000	119.480000	124.240000	109.250000	90.220000	88.660000	87.260000	78.380000	65.000000	65.000000	71.500000	79.440000	101.840000	116.860000	117.250000	100.000000	93.550000	85.000000	23.640000	2.561160	0.000000	0.000000	1.062790	2.372190	18.355500	43.792200	112.200000	14.256900	0.224076	0.000000	0.000000	0.000000	0.000000	21.746100	10.897900	0.000000	11.736900	130.953000	46.458500	2.495790	0.962375	4.684120	96.010000	70.751700	48.103400	55.882100	75.711700	85.962700	101.081000	112.300000	111.494000	108.646000	107.799000	104.270000	97.989700	82.921400	71.012800	44.635800	42.016600	61.661700	103.486000	111.032000	104.221000	121.238000	112.519000	97.187600	90.510000	156.678000	190.534000	199.972000	187.741000	168.051000	159.989000	233.399000	259.660000	252.200000	112.147000	186.222000	214.106000	280.743000	282.820000	283.225000	311.736000	295.966000	274.188000	273.703000	280.757000	293.353000	223.526000	193.870000	0.337000	0.000000	0.284387	0.000000	0.192119	0.000000	0.065862	0.000000	0.010883	0.000000	0.015253	0.000000	0.008082	0.036500	0.000000	0.205800	0.000000	0.335700	0.029432	0.345900	61.240000	96.357600	84.311400	52.490200	56.240300	54.834000	64.597500	75.311200	89.357500	47.318200	63.002000	49.018700	0.064301	0.362600	0.081678	0.385800	0.051837	0.547600	0.061433	0.554900	0.000000	0.424200	0.000000	0.318800	0.000000	0.177400	0.020393	0.023600	0.058453	0.000000	0.070756	0.000000	0.158646	0.000000	0.245135	0.000000	0.334520	0.000000	0.445530	0.000000	0.875332	5.623250	5.385770	0.000000	14.961300	20.974200	21.614000	20.843700	0.469608	0.000000	0.000000	0.000000	0.000000	815.074000	9578.030000	0.000000	88.060800	0.606509	4089.700000	0.000000	0.069502	0.071254	0.000000	0.000000	
   17	98.020000	99.000000	98.020000	88.660000	86.430000	81.590000	101.600000	119.480000	124.240000	109.250000	90.220000	88.660000	87.260000	78.380000	65.000000	65.000000	71.500000	79.440000	101.840000	116.860000	117.250000	100.000000	93.550000	85.000000	23.640000	0.000000	0.000000	3.656030	0.000000	4.618230	19.281200	44.934000	122.328000	27.981700	0.000000	3.582520	0.000000	0.672973	0.000000	20.670500	19.533500	5.359010	8.813440	111.686000	19.809300	6.518460	2.095480	0.000000	96.010000	71.998500	51.905000	59.758700	80.579300	90.537800	102.037000	113.196000	114.099000	121.532000	112.170000	105.858000	98.837400	81.062200	62.432100	39.368500	34.183300	55.313200	103.877000	104.711000	103.799000	122.194000	111.014000	101.526000	90.510000	155.063000	190.905000	201.480000	180.020000	160.856000	167.897000	236.219000	250.830000	251.328000	112.219000	186.511000	214.130000	277.998000	282.506000	282.283000	303.802000	293.992000	282.505000	267.050000	266.741000	288.548000	214.128000	193.568000	0.337000	0.000000	0.261832	0.000000	0.180997	0.000000	0.062200	0.000000	0.014511	0.000000	0.046318	0.000000	0.060444	0.045600	0.016756	0.235600	0.000000	0.261000	0.016351	0.476700	61.240000	106.323000	101.225000	77.686000	63.124200	46.164400	60.677400	93.362100	86.969700	77.546300	52.146500	55.514600	0.013308	0.403000	0.024600	0.411500	0.067780	0.476500	0.094003	0.534300	0.075877	0.463800	0.102317	0.390500	0.073417	0.218500	0.126305	0.018800	0.179741	0.000000	0.175015	0.000000	0.260203	0.000000	0.368375	0.000000	0.444716	0.000000	0.429132	0.000000	0.875332	5.560020	5.266220	0.001197	15.354500	21.372000	21.179400	20.828800	0.528881	1.066460	0.000000	1.658080	0.000000	821.192000	9585.310000	4.103660	87.416500	0.000000	4100.890000	0.000000	0.000005	0.300422	0.000000	0.000000	
   18	98.020000	99.000000	98.020000	88.660000	86.430000	81.590000	101.600000	119.480000	124.240000	109.250000	90.220000	88.660000	87.260000	78.380000	65.000000	65.000000	71.500000	79.440000	101.840000	116.860000	117.250000	100.000000	93.550000	85.000000	23.640000	0.000000	2.183530	6.505020	8.843720	7.194630	18.540800	48.582300	125.386000	29.517700	0.000000	0.000000	0.000000	0.000000	0.000000	16.893300	14.168400	0.274322	12.551300	99.214800	6.245350	3.114840	0.983959	0.000000	96.010000	68.607700	49.437300	56.863200	76.866100	87.704100	92.264900	112.844000	116.953000	103.395000	117.522000	106.062000	98.126100	85.965800	71.237400	46.513000	41.994400	59.680400	106.271000	123.927000	107.532000	129.300000	113.195000	85.675800	90.510000	168.647000	188.988000	199.715000	190.369000	170.050000	164.135000	221.630000	269.396000	234.546000	112.548000	191.687000	211.250000	280.777000	280.038000	285.144000	308.145000	292.939000	280.182000	274.414000	273.308000	290.023000	216.680000	176.147000	0.337000	0.000000	0.211669	0.000000	0.104839	0.000000	0.000000	0.000000	0.000000	0.000000	0.000000	0.000000	0.000000	0.044200	0.000000	0.185400	0.000000	0.288200	0.000000	0.279400	61.240000	101.977000	101.982000	71.036000	56.334800	62.307200	63.807900	84.813900	92.479400	81.995500	45.501600	30.213100	0.000000	0.278400	0.008306	0.299200	0.111427	0.328000	0.118381	0.368700	0.119297	0.406200	0.109194	0.234600	0.118936	0.124500	0.147362	0.013000	0.186052	0.000000	0.210509	0.000000	0.276508	0.000000	0.355046	0.000000	0.411887	0.000000	0.478385	0.000000	0.875332	5.817350	5.197260	0.136289	15.718400	21.666400	21.598500	20.770400	0.380416	5.700560	3.166290	6.537450	0.000000	819.561000	9582.240000	0.000000	79.365900	0.763921	4094.320000	0.000000	0.168219	0.230816	0.000000	0.000000	
   19	98.020000	99.000000	98.020000	88.660000	86.430000	81.590000	101.600000	119.480000	124.240000	109.250000	90.220000	88.660000	87.260000	78.380000	65.000000	65.000000	71.500000	79.440000	101.840000	116.860000	117.250000	100.000000	93.550000	85.000000	23.640000	0.000000	0.000000	0.000000	0.000000	3.854690	14.853400	55.063700	107.627000	36.167700	0.000000	0.000000	0.000000	1.276670	0.000000	21.889100	20.239200	0.000000	3.598190	112.064000	32.692200	4.128620	0.000000	0.000000	96.010000	74.600400	49.306700	56.521400	78.619900	88.356500	97.684200	115.193000	117.572000	131.333000	118.348000	107.981000	101.812000	86.627200	74.471400	48.826500	48.315800	66.295900	105.288000	104.295000	112.900000	138.641000	117.899000	96.343700	90.510000	157.985000	198.243000	191.666000	187.182000	174.866000	163.799000	225.910000	255.586000	265.526000	114.037000	189.734000	212.148000	277.981000	280.112000	282.281000	307.811000	292.443000	274.882000	265.286000	273.014000	302.055000	221.765000	181.707000	0.337000	0.000000	0.242206	0.000000	0.136680	0.000000	0.017391	0.000000	0.000000	0.000000	0.000000	0.000000	0.000000	0.041400	0.000000	0.252200	0.000000	0.410600	0.000000	0.427500	61.240000	98.590800	95.225800	76.195100	57.212700	48.738800	55.708800	69.218000	91.171800	71.513100	50.808100	39.215800	0.000000	0.399600	0.015084	0.467000	0.070246	0.510100	0.030309	0.590200	0.033453	0.462000	0.032099	0.298000	0.043244	0.186300	0.077755	0.020500	0.114953	0.000000	0.122174	0.000000	0.181491	0.000000	0.259490	0.000000	0.285720	0.000000	0.309732	0.000000	0.875332	5.699070	5.710700	0.083266	15.699900	21.697500	21.184300	20.889800	0.171639	0.000000	0.000000	0.545359	0.000000	820.705000	9576.280000	4.229600	84.123400	0.000000	4109.080000	0.000000	0.237341	0.188127	0.000000	0.107493	
   20	98.020000	99.000000	98.020000	88.660000	86.430000	81.590000	101.600000	119.480000	124.240000	109.250000	90.220000	88.660000	87.260000	78.380000	65.000000	65.000000	71.500000	79.440000	101.840000	116.860000	117.250000	100.000000	93.550000	85.000000	23.640000	3.706300	0.000000	5.497300	4.830590	6.009430	25.894800	31.359800	131.774000	38.219000	0.000000	0.000000	0.000000	0.000000	0.000000	19.367800	21.794200	0.665520	0.000000	110.913000	37.651900	14.578600	0.000000	0.598620	96.010000	68.918500	47.011800	53.217700	77.303800	90.601100	103.910000	119.893000	124.974000	114.779000	111.538000	105.929000	100.714000	80.688900	67.222000	45.713400	40.977600	63.929400	91.775200	89.910800	104.950000	133.306000	111.359000	92.598800	90.510000	149.165000	195.316000	196.539000	184.871000	161.276000	163.060000	232.165000	251.732000	249.195000	112.276000	188.998000	213.626000	283.311000	284.990000	286.239000	315.599000	292.795000	274.111000	270.177000	273.405000	308.302000	220.182000	182.285000	0.337000	0.000000	0.254844	0.000000	0.174083	0.000000	0.068730	0.000000	0.002514	0.000000	0.033255	0.000000	0.056285	0.038400	0.010254	0.171800	0.000000	0.338800	0.000000	0.359800	61.240000	105.602000	102.895000	74.816600	61.409100	50.667500	76.735500	66.730300	87.076000	60.251100	50.309100	61.376600	0.000000	0.484900	0.002026	0.493100	0.010081	0.524000	0.016375	0.556500	0.031040	0.529500	0.013950	0.399800	0.036711	0.243100	0.070573	0.019200	0.085956	0.000000	0.108179	0.000000	0.168231	0.000000	0.234496	0.000000	0.274981	0.000000	0.285819	0.000000	0.875332	5.796980	5.366370	0.165092	15.633800	21.952800	21.427100	20.689500	0.380386	0.214264	0.000000	0.000000	0.000000	819.223000	9580.030000	2.997170	86.374300	0.700959	4078.980000	0.000000	0.127817	0.188961	0.000000	0.000000	
   21	98.020000	99.000000	98.020000	88.660000	86.430000	81.590000	101.600000	119.480000	124.240000	109.250000	90.220000	88.660000	87.260000	78.380000	65.000000	65.000000	71.500000	79.440000	101.840000	116.860000	117.250000	100.000000	93.550000	85.000000	23.640000	0.000000	0.000000	0.000000	0.000000	0.000000	15.019700	53.252800	128.223000	21.228300	1.349110	1.553890	4.263580	4.915210	2.495540	23.372200	21.377000	0.000000	11.505900	175.857000	32.838200	6.375870	6.647460	9.674090	96.010000	67.652500	49.786300	64.413900	79.493100	97.449100	101.005000	120.644000	118.356000	110.310000	116.195000	108.593000	98.128300	74.759100	57.902500	33.784700	45.091500	61.397100	105.786000	117.597000	113.044000	130.352000	114.914000	97.677700	90.510000	152.038000	196.130000	195.124000	179.694000	161.166000	172.029000	225.620000	252.739000	231.360000	117.308000	174.799000	213.848000	279.449000	282.848000	280.110000	310.017000	284.948000	278.485000	269.112000	270.118000	292.097000	218.227000	194.579000	0.337000	0.000000	0.209319	0.000000	0.129422	0.000000	0.018567	0.000000	0.000000	0.000000	0.000000	0.000000	0.000000	0.041100	0.000000	0.169700	0.000000	0.344200	0.000000	0.306100	61.240000	108.863000	109.255000	80.557700	69.694700	64.730800	49.025500	66.765700	88.890600	62.947100	54.389100	47.437100	0.000000	0.344800	0.003955	0.353300	0.020356	0.550500	0.032388	0.674100	0.036962	0.547000	0.033427	0.416900	0.000000	0.209700	0.049323	0.022300	0.114162	0.000000	0.116515	0.000000	0.282376	0.000000	0.382276	0.000000	0.407159	0.000000	0.401106	0.000000	0.875332	5.660800	5.592160	0.113595	15.767300	21.743500	21.421200	20.802400	0.488407	0.110937	0.000000	0.783219	0.000000	821.362000	9587.250000	5.353820	89.102500	0.000000	4102.450000	0.000000	0.027041	0.084940	0.000000	0.048283	
   22	98.020000	99.000000	98.020000	88.660000	86.430000	81.590000	101.600000	119.480000	124.240000	109.250000	90.220000	88.660000	87.260000	78.380000	65.000000	65.000000	71.500000	79.440000	101.840000	116.860000	117.250000	100.000000	93.550000	85.000000	23.640000	0.000000	0.000000	0.000000	0.000000	0.000000	15.747300	35.700000	129.607000	33.396800	0.000000	0.000000	1.759140	0.000000	0.000000	17.877500	19.775400	7.352320	7.771900	135.972000	35.505400	0.119290	0.000000	1.582660	96.010000	72.255400	52.692400	60.233100	74.972500	86.850900	87.749300	115.324000	115.860000	112.201000	114.868000	103.118000	96.500100	83.606200	69.176900	47.259000	40.632100	58.183200	98.603200	102.001000	107.604000	131.235000	115.386000	93.607000	90.510000	164.502000	197.660000	201.984000	187.930000	169.459000	160.951000	230.109000	259.578000	240.192000	109.987000	184.744000	217.627000	277.030000	279.401000	280.852000	305.841000	294.038000	282.778000	263.319000	277.445000	293.012000	221.206000	181.176000	0.337000	0.000000	0.267327	0.000000	0.157460	0.000000	0.051917	0.000000	0.073016	0.000000	0.091592	0.000000	0.099888	0.042200	0.110299	0.215000	0.000000	0.269000	0.000000	0.353400	61.240000	101.144000	101.760000	82.726200	64.249800	59.485300	75.668900	91.339500	109.223000	80.933200	62.084000	52.526300	0.000000	0.389600	0.000000	0.406100	0.000000	0.445900	0.000000	0.595500	0.000000	0.634500	0.000000	0.373600	0.128466	0.281100	0.126041	0.024100	0.123260	0.000000	0.133716	0.000000	0.212002	0.000000	0.315572	0.000000	0.363219	0.000000	0.375120	0.000000	0.875332	5.798810	5.471300	0.272757	16.187000	22.353900	21.327400	20.748200	0.199632	1.371540	0.000000	3.874060	12.451200	830.613000	9621.670000	8.562830	81.627100	0.000000	4128.200000	0.000000	0.000000	0.200680	0.000000	0.000000	
   23	98.020000	99.000000	98.020000	88.660000	86.430000	81.590000	101.600000	119.480000	124.240000	109.250000	90.220000	88.660000	87.260000	78.380000	65.000000	65.000000	71.500000	79.440000	101.840000	116.860000	117.250000	100.000000	93.550000	85.000000	23.640000	0.549282	0.000000	0.000000	0.000000	4.007460	14.914300	37.750800	108.788000	18.659700	0.323563	0.000000	3.740050	3.626080	3.821010	23.720200	27.497400	5.474410	6.279230	104.906000	45.994800	3.234070	1.386370	0.000000	96.010000	68.918500	47.011800	53.217700	77.303800	90.601100	103.910000	124.591000	119.728000	124.830000	112.862000	110.659000	99.681300	79.034500	61.649600	42.015900	36.337900	56.880600	112.111000	107.673000	108.753000	130.762000	111.829000	101.441000	90.510000	159.452000	194.530000	200.628000	186.006000	172.449000	165.081000	239.782000	245.347000	257.994000	108.290000	180.096000	218.115000	280.109000	283.438000	283.112000	311.547000	295.108000	274.441000	268.800000	281.458000	291.729000	220.187000	190.919000	0.337000	0.000000	0.258370	0.000000	0.174083	0.000000	0.068730	0.000000	0.031186	0.000000	0.023463	0.000000	0.015112	0.044000	0.019156	0.198800	0.010595	0.320200	0.000000	0.376000	61.240000	87.123900	85.723000	68.366800	60.406600	58.501400	53.481800	93.362100	86.969700	77.546300	52.146500	55.514600	0.031078	0.401800	0.055269	0.401100	0.043284	0.467100	0.058195	0.627300	0.118604	0.587400	0.000000	0.344500	0.076164	0.195000	0.061858	0.015900	0.092432	0.000000	0.133716	0.000000	0.212002	0.000000	0.288361	0.000000	0.333227	0.000000	0.336186	0.000000	0.875332	5.799800	5.349160	0.153919	15.614000	21.832500	21.367300	20.412200	0.239257	2.227400	0.000000	2.767730	28.924000	817.316000	9572.070000	1.823840	85.433200	2.796480	4019.710000	0.000000	0.157156	0.060549	0.000000	0.000000	
   24	98.020000	99.000000	98.020000	88.660000	86.430000	81.590000	101.600000	119.480000	124.240000	109.250000	90.220000	88.660000	87.260000	78.380000	65.000000	65.000000	71.500000	79.440000	101.840000	116.860000	117.250000	100.000000	93.550000	85.000000	23.640000	3.504720	0.000000	0.000000	0.000000	8.746040	19.318400	87.936900	122.656000	14.553700	0.057675	2.864500	0.529125	0.840671	0.000000	20.783100	18.300000	6.071650	0.000000	154.070000	30.422700	2.844840	0.000000	0.000000	96.010000	67.985200	50.922900	57.125100	81.061700	92.493000	100.651000	120.638000	126.046000	114.769000	112.192000	108.480000	91.052700	79.481000	67.591600	38.725500	38.366100	59.719800	102.349000	91.300700	108.470000	133.028000	113.902000	96.986500	90.510000	157.533000	182.292000	198.898000	176.058000	164.161000	168.326000	238.168000	250.865000	238.663000	112.356000	188.698000	211.016000	277.977000	283.424000	280.229000	308.965000	294.195000	278.053000	251.195000	272.975000	301.592000	216.985000	177.030000	0.337000	0.000000	0.280449	0.000000	0.220965	0.000000	0.110400	0.000000	0.031205	0.000000	0.009319	0.000000	0.000000	0.023600	0.000000	0.164000	0.004266	0.330100	0.024016	0.350500	61.240000	98.235600	99.326900	74.315100	64.177700	54.227200	49.025500	95.284700	98.067700	71.254000	62.613200	65.318200	0.029503	0.370700	0.038697	0.391800	0.059493	0.363200	0.068208	0.403900	0.061532	0.405600	0.072501	0.346000	0.066250	0.163000	0.101577	0.018000	0.132979	0.000000	0.159574	0.000000	0.227077	0.000000	0.321866	0.000000	0.370024	0.000000	0.403032	0.000000	0.875332	5.836030	6.033980	0.536330	17.405000	21.572600	21.598400	20.789100	0.216528	1.106510	0.000000	0.715319	0.000000	821.427000	9586.190000	5.228820	90.068400	0.015876	4097.700000	0.000000	0.000000	0.122143	0.000000	0.219716	
   25	98.020000	99.000000	98.020000	88.660000	86.430000	81.590000	101.600000	119.480000	124.240000	109.250000	90.220000	88.660000	87.260000	78.380000	65.000000	65.000000	71.500000	79.440000	101.840000	116.860000	117.250000	100.000000	93.550000	85.000000	23.640000	0.000000	2.183530	6.505020	8.843720	7.194630	18.540800	48.582300	125.386000	29.517700	0.000000	0.000000	0.000000	0.000000	0.000000	16.893300	14.168400	0.274322	12.551300	99.214800	6.245350	3.114840	0.983959	0.000000	96.010000	68.607700	49.437300	56.863200	76.866100	87.704100	92.264900	112.844000	116.953000	103.395000	117.522000	106.062000	98.126100	85.965800	71.237400	46.513000	41.994400	59.680400	106.271000	123.927000	107.532000	129.300000	113.195000	85.675800	90.510000	156.552000	202.301000	194.771000	185.031000	169.945000	163.698000	223.474000	261.777000	246.909000	114.925000	185.902000	211.250000	280.777000	280.038000	285.144000	308.145000	292.939000	280.182000	274.414000	273.308000	290.023000	216.680000	176.147000	0.337000	0.000000	0.281764	0.000000	0.295592	0.000000	0.265957	0.000000	0.186318	0.000000	0.195517	0.000000	0.240697	0.060700	0.248578	0.304100	0.220898	0.455000	0.200867	0.538600	61.240000	122.749000	118.665000	92.519800	90.990500	82.975500	50.478600	80.987000	108.599000	85.229000	67.032600	62.473900	0.204913	0.488300	0.103614	0.450600	0.111427	0.563000	0.118381	0.674900	0.119297	0.683100	0.109194	0.399900	0.118936	0.248600	0.147362	0.023800	0.186052	0.000000	0.210509	0.000000	0.276508	0.000000	0.355046	0.000000	0.411887	0.000000	0.478385	0.000000	0.875332	6.156130	5.771040	0.558756	17.191100	23.042700	22.088900	21.292500	0.076817	0.831372	0.000000	0.000000	0.000000	819.561000	9582.240000	0.000000	79.365900	0.763921	4094.320000	0.000000	0.168219	0.230816	0.000000	0.000000	
   26	98.020000	99.000000	98.020000	88.660000	86.430000	81.590000	101.600000	119.480000	124.240000	109.250000	90.220000	88.660000	87.260000	78.380000	65.000000	65.000000	71.500000	79.440000	101.840000	116.860000	117.250000	100.000000	93.550000	85.000000	23.640000	2.716970	0.849757	4.301790	2.481930	6.212380	21.601500	54.077600	117.035000	35.928800	0.000000	0.000000	0.000000	1.594100	0.179140	21.741200	19.357300	4.676990	0.000000	123.561000	0.000000	2.623550	3.794990	5.257280	96.010000	71.020300	51.063900	53.472500	80.926900	88.187200	95.753800	117.020000	108.569000	114.114000	116.114000	108.766000	99.083100	85.783700	72.096300	45.736100	52.152700	73.218600	101.113000	117.107000	107.559000	127.440000	113.262000	85.683000	90.510000	160.395000	189.192000	189.467000	186.374000	167.204000	159.766000	223.209000	254.414000	251.170000	117.033000	192.149000	213.435000	281.193000	283.529000	283.495000	310.761000	302.063000	265.785000	266.195000	273.537000	288.199000	213.415000	171.596000	0.337000	0.000000	0.284387	0.000000	0.208149	0.000000	0.106378	0.000000	0.042356	0.000000	0.067343	0.000000	0.066414	0.036500	0.029526	0.187900	0.013647	0.360100	0.029432	0.366700	61.240000	77.822000	73.700300	45.411900	31.181500	24.976800	68.356900	95.215000	94.484300	59.341900	59.279800	60.501400	0.049008	0.377900	0.050494	0.363600	0.051837	0.379200	0.061433	0.447800	0.067723	0.415200	0.055044	0.290100	0.050621	0.196000	0.095984	0.022400	0.160933	0.000000	0.185721	0.000000	0.234188	0.000000	0.350575	0.000000	0.417747	0.000000	0.468927	0.000000	0.875332	5.483130	5.383040	0.083292	16.008100	21.750800	21.470600	20.648100	0.164179	1.519650	0.000000	0.000000	0.000000	835.961000	9630.920000	4.330480	80.913200	0.000000	4085.600000	0.000000	0.147325	0.146355	0.000000	0.332216	
   27	98.020000	99.000000	98.020000	88.660000	86.430000	81.590000	101.600000	119.480000	124.240000	109.250000	90.220000	88.660000	87.260000	78.380000	65.000000	65.000000	71.500000	79.440000	101.840000	116.860000	117.250000	100.000000	93.550000	85.000000	23.640000	0.000000	2.183530	6.505020	8.843720	7.194630	18.540800	48.582300	125.386000	29.517700	0.000000	0.000000	0.000000	0.000000	0.000000	16.893300	14.168400	0.274322	12.551300	99.214800	6.245350	3.114840	0.983959	0.000000	96.010000	68.607700	49.437300	56.863200	76.866100	87.704100	92.264900	112.844000	116.953000	103.395000	117.522000	106.062000	98.126100	85.965800	71.237400	46.513000	41.994400	59.680400	106.271000	123.927000	107.532000	129.300000	113.195000	85.675800	90.510000	151.717000	183.010000	187.919000	176.016000	158.228000	156.238000	219.769000	243.131000	242.755000	113.893000	182.110000	221.106000	276.748000	278.619000	282.601000	306.157000	297.576000	270.703000	263.003000	270.072000	285.227000	213.047000	184.758000	0.337000	0.000000	0.273928	0.000000	0.222201	0.000000	0.126129	0.000000	0.077338	0.000000	0.065943	0.000000	0.058323	0.042600	0.093655	0.240600	0.112100	0.340700	0.132781	0.304100	61.240000	98.074100	98.389300	69.953500	60.853500	47.231500	24.125800	45.164000	68.664400	53.680000	39.563900	38.823400	0.161992	0.330700	0.188130	0.438500	0.199612	0.685900	0.039679	0.652700	0.021815	0.632400	0.000000	0.390500	0.000000	0.210600	0.010414	0.017800	0.090299	0.000000	0.124609	0.000000	0.192747	0.000000	0.301662	0.000000	0.360847	0.000000	0.408935	0.000000	0.875332	5.878650	5.278280	0.244247	16.424600	22.697200	21.444600	20.686100	0.000000	0.000000	0.000000	0.000000	22.026600	820.766000	9522.850000	10.278000	86.046700	2.636500	4112.030000	0.000000	0.233768	0.250691	0.000000	0.000000	
   28	98.020000	99.000000	98.020000	88.660000	86.430000	81.590000	101.600000	119.480000	124.240000	109.250000	90.220000	88.660000	87.260000	78.380000	65.000000	65.000000	71.500000	79.440000	101.840000	116.860000	117.250000	100.000000	93.550000	85.000000	23.640000	0.000000	0.000000	6.641140	0.923329	0.000000	18.074800	63.814100	121.151000	26.440700	4.058490	5.791970	5.951980	6.552460	0.000000	20.783100	18.300000	6.071650	0.000000	154.070000	30.422700	2.844840	0.000000	0.000000	96.010000	64.311500	49.264900	60.882000	75.766800	90.481700	96.239100	117.060000	113.214000	114.587000	115.642000	102.591000	95.615500	78.319500	63.409400	40.098200	49.892700	70.825600	103.536000	103.139000	109.094000	148.591000	113.046000	93.810500	90.510000	152.827000	188.656000	191.217000	180.542000	164.263000	159.317000	228.503000	249.211000	249.435000	110.154000	183.444000	215.947000	279.982000	282.116000	283.320000	308.046000	304.427000	275.193000	264.457000	273.141000	306.283000	221.079000	183.735000	0.337000	0.000000	0.258088	0.000000	0.192547	0.000000	0.092163	0.000000	0.037614	0.000000	0.063618	0.000000	0.063366	0.043900	0.059800	0.239200	0.063065	0.313600	0.067536	0.487400	61.240000	101.119000	104.124000	75.426100	68.848900	53.240000	55.603000	52.031200	89.510200	64.221700	51.032000	45.826900	0.079560	0.519100	0.084097	0.419500	0.082072	0.474100	0.070236	0.392100	0.061532	0.370100	0.072501	0.268200	0.066250	0.180000	0.050220	0.033700	0.082733	0.000000	0.139631	0.000000	0.227077	0.000000	0.321866	0.000000	0.370024	0.000000	0.408023	0.000000	0.875332	5.939100	5.456790	0.267381	16.524900	22.501500	21.246300	20.617900	0.428816	0.000000	0.000000	0.000000	0.000000	821.375000	9586.190000	5.228820	90.068400	0.015876	4097.700000	0.000000	0.000000	0.122143	0.000000	0.219716	
   29	98.020000	99.000000	98.020000	88.660000	86.430000	81.590000	101.600000	119.480000	124.240000	109.250000	90.220000	88.660000	87.260000	78.380000	65.000000	65.000000	71.500000	79.440000	101.840000	116.860000	117.250000	100.000000	93.550000	85.000000	23.640000	0.000000	0.000000	3.656030	0.000000	4.618230	19.281200	44.934000	122.328000	27.981700	0.000000	3.582520	0.000000	0.672973	0.000000	20.670500	19.533500	5.359010	0.000000	155.550000	72.133700	8.158050	0.152273	0.000000	96.010000	73.594400	50.717300	56.782600	81.115200	91.528700	100.359000	119.080000	115.238000	97.232300	109.256000	107.481000	99.482200	84.192600	66.935600	43.471800	41.413100	66.952600	97.119500	108.252000	103.622000	131.039000	113.399000	87.683000	90.510000	156.678000	190.534000	199.972000	187.741000	168.051000	159.989000	238.081000	249.452000	257.025000	112.171000	187.149000	214.138000	277.953000	282.402000	282.233000	303.283000	297.084000	269.176000	258.102000	268.451000	302.284000	216.837000	185.644000	0.337000	0.000000	0.261832	0.000000	0.192119	0.000000	0.065862	0.000000	0.014511	0.000000	0.015253	0.000000	0.000000	0.035100	0.016756	0.216800	0.021124	0.323200	0.016351	0.350100	61.240000	96.230500	109.631000	79.732400	65.831300	49.476700	53.043700	75.025400	92.303600	68.708500	56.949000	53.013500	0.013308	0.340800	0.024600	0.407700	0.057258	0.451000	0.068958	0.536100	0.077395	0.415700	0.068753	0.360400	0.073417	0.169700	0.115668	0.020800	0.138677	0.000000	0.164579	0.000000	0.234462	0.000000	0.328082	0.000000	0.378670	0.000000	0.458018	0.000000	0.875332	5.636020	5.180010	0.171058	15.585900	22.027100	21.649600	20.698000	0.000000	2.795020	0.000000	0.619621	0.018447	821.336000	9586.320000	2.164260	91.339300	0.043083	4102.170000	0.000000	0.000000	0.381195	0.001979	0.195988	
   30	98.020000	99.000000	98.020000	88.660000	86.430000	81.590000	101.600000	119.480000	124.240000	109.250000	90.220000	88.660000	87.260000	78.380000	65.000000	65.000000	71.500000	79.440000	101.840000	116.860000	117.250000	100.000000	93.550000	85.000000	23.640000	0.000000	0.000000	0.000000	0.000000	0.000000	15.316900	55.136900	111.482000	16.306400	0.000000	6.580470	0.000000	0.110767	0.000000	23.455900	23.138400	0.000000	15.800400	135.302000	21.928700	9.746860	0.000000	1.582660	96.010000	65.876700	50.442000	58.883200	79.518700	89.049400	105.114000	119.393000	121.558000	110.068000	116.841000	109.734000	103.490000	87.321900	73.273700	51.765200	48.544400	69.293500	111.281000	108.936000	112.571000	132.894000	106.870000	95.077300	90.510000	161.262000	192.326000	198.739000	187.401000	172.130000	167.544000	224.210000	261.073000	255.261000	115.233000	184.854000	217.844000	281.198000	281.783000	282.309000	310.486000	291.291000	278.312000	269.813000	273.848000	298.172000	208.368000	179.696000	0.337000	0.000000	0.254844	0.000000	0.173875	0.000000	0.054704	0.000000	0.000000	0.000000	0.000000	0.000000	0.000000	0.043200	0.000000	0.183300	0.000000	0.315900	0.031741	0.438800	61.240000	94.965200	85.723000	68.366800	60.406600	58.501400	53.481800	93.362100	86.969700	77.546300	52.146500	55.514600	0.092788	0.578500	0.125092	0.553800	0.131866	0.582500	0.175270	0.753500	0.115498	0.671200	0.153061	0.430900	0.148949	0.222500	0.172040	0.024400	0.184893	0.000000	0.194771	0.000000	0.247836	0.000000	0.347958	0.000000	0.392216	0.000000	0.397636	0.000000	0.875332	5.796980	5.366370	0.165092	15.633800	21.952800	21.348300	20.808400	0.346291	0.258670	0.000000	0.000000	0.000000	819.969000	9589.460000	5.501040	88.876300	0.685941	4091.770000	0.000000	0.066375	0.102573	0.000000	0.053435	
   31	98.020000	99.000000	98.020000	88.660000	86.430000	81.590000	101.600000	119.480000	124.240000	109.250000	90.220000	88.660000	87.260000	78.380000	65.000000	65.000000	71.500000	79.440000	101.840000	116.860000	117.250000	100.000000	93.550000	85.000000	23.640000	3.706300	0.000000	5.497300	4.830590	6.009430	25.894800	31.359800	131.774000	38.219000	0.000000	0.000000	0.000000	0.000000	0.000000	19.367800	21.794200	0.665520	0.000000	110.913000	37.651900	14.578600	0.000000	0.598620	96.010000	68.918500	47.011800	53.217700	77.303800	90.601100	103.910000	119.893000	124.974000	114.779000	111.538000	105.929000	100.714000	80.688900	67.222000	45.713400	40.977600	63.929400	91.775200	89.910800	104.950000	133.306000	111.359000	92.598800	90.510000	149.165000	195.316000	196.539000	184.871000	161.276000	163.060000	232.165000	251.732000	249.195000	112.276000	188.998000	213.626000	283.311000	284.990000	286.239000	315.599000	292.795000	274.111000	270.177000	273.405000	308.302000	220.182000	182.285000	0.337000	0.000000	0.254844	0.000000	0.174083	0.000000	0.068730	0.000000	0.002514	0.000000	0.033255	0.000000	0.056285	0.038400	0.010254	0.171800	0.000000	0.338800	0.000000	0.359800	61.240000	107.987000	102.241000	38.055000	48.459000	36.403300	19.336900	61.734800	67.100600	60.004100	36.967100	43.830900	0.119118	0.390900	0.108045	0.438300	0.115027	0.461700	0.127595	0.722900	0.146154	0.563300	0.150313	0.456500	0.166351	0.288500	0.220179	0.033700	0.247805	0.000000	0.257646	0.000000	0.311209	0.000000	0.401737	0.000000	0.453885	0.000000	0.470855	0.000000	0.875332	5.620110	5.123130	0.000000	15.400200	21.489200	21.794900	21.158200	0.058696	2.571470	0.000000	5.738030	26.060700	826.895000	9611.720000	1.621300	86.051500	0.098467	4110.240000	0.000000	0.000000	0.149552	0.000000	0.166294	
   32	98.020000	99.000000	98.020000	88.660000	86.430000	81.590000	101.600000	119.480000	124.240000	109.250000	90.220000	88.660000	87.260000	78.380000	65.000000	65.000000	71.500000	79.440000	101.840000	116.860000	117.250000	100.000000	93.550000	85.000000	23.640000	0.000000	0.000000	3.656030	0.000000	4.618230	19.281200	44.934000	122.328000	27.981700	0.000000	3.582520	0.000000	0.672973	0.000000	20.670500	19.533500	5.359010	8.813440	111.686000	19.809300	6.518460	2.095480	0.000000	96.010000	71.998500	51.905000	59.758700	80.579300	90.537800	102.037000	113.196000	114.099000	121.532000	112.170000	105.858000	98.837400	81.062200	62.432100	39.368500	34.183300	55.313200	103.877000	104.711000	103.799000	122.194000	111.014000	101.526000	90.510000	155.063000	190.905000	201.480000	180.020000	160.856000	167.897000	236.219000	250.830000	251.328000	112.219000	186.511000	214.130000	277.998000	282.506000	282.283000	303.802000	293.992000	282.505000	267.050000	266.741000	288.548000	214.128000	193.568000	0.337000	0.000000	0.261832	0.000000	0.180997	0.000000	0.062200	0.000000	0.014511	0.000000	0.046318	0.000000	0.060444	0.045600	0.016756	0.235600	0.000000	0.261000	0.016351	0.476700	61.240000	106.323000	101.225000	77.686000	63.124200	46.164400	60.677400	93.362100	86.969700	77.546300	52.146500	55.514600	0.013308	0.403000	0.024600	0.411500	0.067780	0.476500	0.094003	0.534300	0.075877	0.463800	0.102317	0.390500	0.073417	0.218500	0.126305	0.018800	0.179741	0.000000	0.175015	0.000000	0.260203	0.000000	0.368375	0.000000	0.444716	0.000000	0.429132	0.000000	0.875332	5.560020	5.266220	0.001197	15.354500	21.372000	21.179400	20.828800	0.528881	1.066460	0.000000	1.658080	0.000000	821.192000	9585.310000	4.103660	87.416500	0.000000	4100.890000	0.000000	0.000005	0.300422	0.000000	0.000000	
   33	98.020000	99.000000	98.020000	88.660000	86.430000	81.590000	101.600000	119.480000	124.240000	109.250000	90.220000	88.660000	87.260000	78.380000	65.000000	65.000000	71.500000	79.440000	101.840000	116.860000	117.250000	100.000000	93.550000	85.000000	23.640000	0.000000	0.000000	0.000000	0.000000	0.000000	8.863280	45.626700	120.818000	22.871200	4.015760	0.000000	0.000000	0.000000	0.000000	14.545100	21.377000	0.000000	11.505900	175.857000	32.838200	6.375870	6.647460	9.674090	96.010000	73.937700	52.811900	63.158100	82.962900	94.116400	106.281000	118.888000	118.146000	129.745000	121.155000	103.832000	98.745100	80.458800	53.667300	34.163500	24.475100	66.488600	92.185000	121.611000	105.830000	130.597000	111.181000	99.177800	90.510000	164.566000	197.237000	202.614000	185.938000	173.181000	159.857000	232.188000	261.519000	264.411000	120.812000	187.459000	225.277000	281.553000	282.972000	283.609000	302.000000	308.835000	247.648000	265.588000	271.983000	297.117000	216.576000	188.985000	0.337000	0.000000	0.308597	0.000000	0.210179	0.000000	0.117685	0.000000	0.086143	0.000000	0.112413	0.000000	0.107467	0.052000	0.100422	0.325600	0.074405	0.552400	0.075357	0.502100	61.240000	99.209900	105.631000	70.184500	58.668600	58.445800	76.103900	77.674300	104.721000	70.871800	64.853200	55.930600	0.075494	0.526000	0.072593	0.466400	0.075999	0.440700	0.080604	0.832300	0.098353	0.921300	0.113883	0.573400	0.153758	0.269900	0.174573	0.024300	0.225343	0.000000	0.247706	0.000000	0.313011	0.000000	0.412432	0.000000	0.479136	0.000000	0.340386	0.000000	0.875332	5.664280	5.474990	0.066482	15.595900	21.500300	21.493500	20.797800	0.280290	0.187732	0.000000	0.229751	0.000000	819.313000	9583.540000	3.296300	88.053000	0.125151	4100.900000	0.000000	0.117070	0.148170	0.000000	0.000000	
   34	98.020000	99.000000	98.020000	88.660000	86.430000	81.590000	101.600000	119.480000	124.240000	109.250000	90.220000	88.660000	87.260000	78.380000	65.000000	65.000000	71.500000	79.440000	101.840000	116.860000	117.250000	100.000000	93.550000	85.000000	23.640000	3.706300	0.000000	5.497300	4.830590	6.009430	25.894800	31.359800	131.774000	38.219000	0.000000	0.000000	0.000000	0.000000	0.000000	19.367800	21.794200	0.665520	0.000000	110.913000	37.651900	14.578600	0.000000	0.598620	96.010000	68.918500	47.011800	53.217700	77.303800	90.601100	103.910000	119.893000	124.974000	114.779000	111.538000	105.929000	100.714000	80.688900	67.222000	45.713400	40.977600	63.929400	91.775200	89.910800	104.950000	133.306000	111.359000	92.598800	90.510000	149.165000	195.316000	196.539000	184.871000	161.276000	163.060000	232.165000	251.732000	249.195000	112.276000	188.998000	213.626000	283.311000	284.990000	286.239000	315.599000	292.795000	274.111000	270.177000	273.405000	308.302000	220.182000	182.285000	0.337000	0.000000	0.254844	0.000000	0.174083	0.000000	0.068730	0.000000	0.002514	0.000000	0.033255	0.000000	0.056285	0.038400	0.010254	0.171800	0.000000	0.338800	0.000000	0.359800	61.240000	105.602000	102.895000	74.816600	61.409100	50.667500	76.735500	66.730300	87.076000	60.251100	50.309100	61.376600	0.000000	0.484900	0.002026	0.493100	0.010081	0.524000	0.016375	0.556500	0.027658	0.372200	0.026612	0.250200	0.042317	0.145900	0.086432	0.016100	0.156347	0.000000	0.203723	0.000000	0.282489	0.000000	0.375993	0.000000	0.385290	0.000000	0.391507	0.000000	0.875332	5.714630	5.539940	0.097075	16.247000	21.690100	21.472900	20.720900	0.543965	0.000000	0.000000	0.000000	0.000000	827.658000	9628.980000	7.158140	86.319400	0.297870	4092.750000	0.000000	0.103352	0.176996	0.000000	0.161761	
   35	98.020000	99.000000	98.020000	88.660000	86.430000	81.590000	101.600000	119.480000	124.240000	109.250000	90.220000	88.660000	87.260000	78.380000	65.000000	65.000000	71.500000	79.440000	101.840000	116.860000	117.250000	100.000000	93.550000	85.000000	23.640000	0.000000	0.000000	0.000000	0.000000	0.000000	15.316900	55.136900	111.482000	16.306400	0.000000	6.580470	0.000000	0.110767	0.000000	23.455900	23.138400	0.000000	15.800400	135.302000	21.928700	9.746860	0.000000	1.582660	96.010000	65.876700	50.442000	58.883200	79.518700	89.049400	105.114000	119.393000	121.558000	110.068000	116.841000	109.734000	103.490000	87.321900	73.273700	51.765200	48.544400	69.293500	111.281000	108.936000	112.571000	132.894000	106.870000	95.077300	90.510000	161.262000	192.326000	198.739000	187.401000	172.130000	167.544000	224.210000	261.073000	255.261000	115.233000	184.854000	217.844000	281.198000	281.783000	282.309000	310.486000	291.291000	278.312000	269.813000	273.848000	298.172000	208.368000	179.696000	0.337000	0.000000	0.254844	0.000000	0.173875	0.000000	0.054704	0.000000	0.000000	0.000000	0.000000	0.000000	0.000000	0.043200	0.000000	0.183300	0.000000	0.315900	0.031741	0.438800	61.240000	94.965200	85.723000	68.366800	60.406600	58.501400	53.481800	93.362100	86.969700	77.546300	52.146500	55.514600	0.092788	0.578500	0.125092	0.553800	0.131866	0.582500	0.175270	0.753500	0.115498	0.671200	0.153061	0.430900	0.148949	0.222500	0.172040	0.024400	0.184893	0.000000	0.194771	0.000000	0.247836	0.000000	0.347958	0.000000	0.392216	0.000000	0.397636	0.000000	0.875332	5.796980	5.366370	0.165092	15.633800	21.952800	21.348300	20.808400	0.346291	0.258670	0.000000	0.000000	0.000000	819.969000	9589.460000	5.501040	88.876300	0.685941	4091.770000	0.000000	0.066375	0.102573	0.000000	0.053435	
   36	98.020000	99.000000	98.020000	88.660000	86.430000	81.590000	101.600000	119.480000	124.240000	109.250000	90.220000	88.660000	87.260000	78.380000	65.000000	65.000000	71.500000	79.440000	101.840000	116.860000	117.250000	100.000000	93.550000	85.000000	23.640000	0.000000	0.000000	0.000000	0.000000	3.854690	14.853400	55.063700	107.627000	36.167700	0.000000	0.000000	0.000000	1.276670	0.000000	21.889100	20.239200	0.000000	3.598190	112.064000	32.692200	4.128620	0.000000	0.000000	96.010000	74.600400	49.306700	56.521400	78.619900	88.356500	97.684200	115.193000	117.572000	131.333000	118.348000	107.981000	101.812000	86.627200	74.471400	48.826500	48.315800	66.295900	105.288000	104.295000	112.900000	138.641000	117.899000	96.343700	90.510000	157.985000	198.243000	191.666000	187.182000	174.866000	163.799000	225.910000	255.586000	265.526000	114.037000	189.734000	212.148000	277.981000	280.112000	282.281000	307.811000	292.443000	274.882000	265.286000	273.014000	302.055000	221.765000	181.707000	0.337000	0.000000	0.242206	0.000000	0.136680	0.000000	0.017391	0.000000	0.000000	0.000000	0.000000	0.000000	0.000000	0.041400	0.000000	0.252200	0.000000	0.410600	0.000000	0.427500	61.240000	98.590800	95.225800	76.195100	57.212700	48.738800	55.708800	69.218000	91.171800	71.513100	50.808100	39.215800	0.000000	0.399600	0.015084	0.467000	0.070246	0.510100	0.030309	0.590200	0.033453	0.462000	0.032099	0.298000	0.043244	0.186300	0.077755	0.020500	0.114953	0.000000	0.122174	0.000000	0.181491	0.000000	0.259490	0.000000	0.285720	0.000000	0.309732	0.000000	0.875332	5.699070	5.710700	0.083266	15.699900	21.697500	21.184300	20.889800	0.171639	0.000000	0.000000	0.545359	0.000000	820.705000	9576.280000	4.229600	84.123400	0.000000	4109.080000	0.000000	0.237341	0.188127	0.000000	0.107493	
   37	98.020000	99.000000	98.020000	88.660000	86.430000	81.590000	101.600000	119.480000	124.240000	109.250000	90.220000	88.660000	87.260000	78.380000	65.000000	65.000000	71.500000	79.440000	101.840000	116.860000	117.250000	100.000000	93.550000	85.000000	23.640000	0.000000	0.000000	0.000000	0.000000	0.000000	15.316900	55.136900	111.482000	16.306400	0.000000	6.580470	0.000000	0.110767	0.000000	23.455900	23.138400	0.000000	15.800400	135.302000	21.928700	9.746860	0.000000	1.582660	96.010000	65.876700	50.442000	58.883200	79.518700	89.049400	105.114000	119.393000	121.558000	110.068000	116.841000	109.734000	103.490000	87.321900	73.273700	51.765200	48.544400	69.293500	111.281000	108.936000	112.571000	132.894000	106.870000	95.077300	90.510000	161.262000	192.326000	198.739000	187.401000	172.130000	167.544000	224.210000	261.073000	255.261000	115.233000	184.854000	217.844000	281.198000	281.783000	282.309000	310.486000	291.291000	278.312000	269.813000	273.848000	298.172000	208.368000	179.696000	0.337000	0.000000	0.254844	0.000000	0.173875	0.000000	0.054704	0.000000	0.000000	0.000000	0.000000	0.000000	0.000000	0.043200	0.000000	0.183300	0.000000	0.315900	0.031741	0.438800	61.240000	94.965200	85.723000	68.366800	60.406600	58.501400	53.481800	93.362100	86.969700	77.546300	52.146500	55.514600	0.092788	0.578500	0.125092	0.553800	0.131866	0.582500	0.175270	0.753500	0.115498	0.671200	0.153061	0.430900	0.148949	0.222500	0.172040	0.024400	0.184893	0.000000	0.194771	0.000000	0.247836	0.000000	0.347958	0.000000	0.392216	0.000000	0.397636	0.000000	0.875332	5.796980	5.366370	0.165092	15.633800	21.952800	21.348300	20.808400	0.346291	0.258670	0.000000	0.000000	0.000000	819.969000	9589.460000	5.501040	88.876300	0.685941	4091.770000	0.000000	0.066375	0.102573	0.000000	0.053435	
   38	98.020000	99.000000	98.020000	88.660000	86.430000	81.590000	101.600000	119.480000	124.240000	109.250000	90.220000	88.660000	87.260000	78.380000	65.000000	65.000000	71.500000	79.440000	101.840000	116.860000	117.250000	100.000000	93.550000	85.000000	23.640000	0.000000	2.183530	6.505020	8.843720	7.194630	18.540800	48.582300	125.386000	29.517700	0.000000	0.000000	0.000000	0.000000	0.000000	16.893300	14.168400	0.274322	12.551300	99.214800	6.245350	3.114840	0.983959	0.000000	96.010000	68.607700	49.437300	56.863200	76.866100	87.704100	92.264900	112.844000	116.953000	103.395000	117.522000	106.062000	98.126100	85.965800	71.237400	46.513000	41.994400	59.680400	106.271000	123.927000	107.532000	129.300000	113.195000	85.675800	90.510000	156.552000	202.301000	194.771000	185.031000	169.945000	163.698000	223.474000	261.777000	246.909000	114.925000	187.147000	214.776000	279.106000	279.575000	279.531000	301.547000	291.069000	271.064000	257.191000	263.716000	290.518000	210.669000	162.612000	0.337000	0.000000	0.281764	0.000000	0.295592	0.000000	0.265957	0.000000	0.186318	0.000000	0.195517	0.000000	0.240697	0.031200	0.248578	0.142200	0.220898	0.257700	0.200867	0.380600	61.240000	88.746800	87.880600	60.897400	50.758800	48.738800	71.542700	71.508200	88.704100	63.222900	53.464200	52.171600	0.204913	0.367000	0.203394	0.400500	0.195204	0.472000	0.175912	0.636700	0.157566	0.659100	0.142213	0.398300	0.145878	0.161600	0.144921	0.019400	0.149787	0.000000	0.165360	0.000000	0.247408	0.000000	0.367463	0.000000	0.382037	0.000000	0.425806	0.000000	0.875332	6.156130	5.771040	0.558756	17.191100	23.042700	22.088900	21.292500	0.076817	0.831372	0.000000	9.199740	110.529000	820.146000	9576.160000	2.285900	83.893200	0.000000	4103.620000	0.000000	0.035106	0.095959	0.000000	1.022650	
   39	98.020000	99.000000	98.020000	88.660000	86.430000	81.590000	101.600000	119.480000	124.240000	109.250000	90.220000	88.660000	87.260000	78.380000	65.000000	65.000000	71.500000	79.440000	101.840000	116.860000	117.250000	100.000000	93.550000	85.000000	23.640000	0.000000	0.000000	0.000000	0.000000	0.000000	14.235500	48.746400	119.510000	26.659900	1.591980	4.573580	3.173090	5.447700	4.551500	22.385800	25.925000	6.112980	18.236100	185.936000	19.663800	5.364280	0.000000	0.000000	96.010000	64.311500	49.264900	60.882000	81.249100	92.075100	102.532000	118.732000	117.263000	122.985000	119.629000	109.648000	103.514000	87.213000	69.534500	47.778100	51.802700	65.090600	104.227000	117.635000	108.143000	126.858000	112.570000	97.174700	90.510000	161.116000	190.079000	196.859000	184.050000	170.229000	160.683000	232.042000	254.320000	255.192000	113.845000	189.181000	218.587000	279.959000	281.637000	276.482000	307.716000	293.839000	275.446000	255.510000	280.664000	303.139000	218.891000	190.069000	0.337000	0.000000	0.254000	0.000000	0.137494	0.000000	0.020557	0.000000	0.000000	0.000000	0.009236	0.000000	0.014512	0.036800	0.000000	0.283000	0.000000	0.472600	0.109440	0.491100	61.240000	107.987000	102.241000	70.438800	62.252900	56.998800	72.677500	82.691000	99.496800	52.481400	45.944500	46.607500	0.131296	0.489300	0.151516	0.621900	0.165638	0.550400	0.161676	0.546700	0.155554	0.503100	0.160304	0.332700	0.195431	0.190700	0.241538	0.022300	0.253284	0.000000	0.237014	0.000000	0.287377	0.000000	0.371375	0.000000	0.409886	0.000000	0.419712	0.000000	0.875332	6.013220	5.741400	0.378076	15.637500	21.662600	21.388100	20.852400	0.380802	0.581768	0.000000	0.955204	0.000000	821.147000	9583.550000	4.905040	87.939500	0.083204	4089.750000	0.000000	0.169244	0.135440	0.000000	0.000000	
   40	98.020000	99.000000	98.020000	88.660000	86.430000	81.590000	101.600000	119.480000	124.240000	109.250000	90.220000	88.660000	87.260000	78.380000	65.000000	65.000000	71.500000	79.440000	101.840000	116.860000	117.250000	100.000000	93.550000	85.000000	23.640000	0.000000	0.000000	0.000000	0.000000	0.000000	14.235500	48.746400	119.510000	26.659900	1.591980	4.573580	3.173090	5.447700	4.551500	22.385800	25.925000	6.112980	18.236100	185.936000	19.663800	5.364280	0.000000	0.000000	96.010000	64.311500	49.264900	60.882000	81.249100	92.075100	102.532000	118.732000	117.263000	122.985000	119.629000	109.648000	103.514000	87.213000	69.534500	47.778100	51.802700	65.090600	104.227000	117.635000	108.143000	126.858000	112.570000	97.174700	90.510000	161.116000	190.079000	196.859000	184.050000	170.229000	160.683000	232.042000	254.320000	255.192000	113.845000	189.181000	218.587000	279.959000	281.637000	276.482000	307.716000	293.839000	275.446000	255.510000	280.664000	303.139000	218.891000	190.069000	0.337000	0.000000	0.254844	0.000000	0.173875	0.000000	0.054704	0.000000	0.000000	0.000000	0.000000	0.000000	0.000000	0.045700	0.000000	0.243700	0.000000	0.313000	0.031741	0.472400	61.240000	122.749000	118.665000	92.519800	90.990500	82.975500	81.562100	75.129500	95.328900	70.469800	60.683100	53.398700	0.131296	0.399500	0.151516	0.417700	0.165638	0.593800	0.161676	0.484500	0.155554	0.620100	0.160304	0.298100	0.195431	0.181600	0.241538	0.019100	0.253284	0.000000	0.237014	0.000000	0.287377	0.000000	0.371375	0.000000	0.409886	0.000000	0.419712	0.000000	0.875332	5.796980	5.366370	0.165092	15.633800	21.952800	21.348300	20.808400	0.346291	0.258670	0.000000	0.955204	0.000000	821.147000	9583.550000	4.905040	87.939500	0.083204	4089.750000	0.000000	0.169244	0.135440	0.000000	0.000000	
   41	98.020000	99.000000	98.020000	88.660000	86.430000	81.590000	101.600000	119.480000	124.240000	109.250000	90.220000	88.660000	87.260000	78.380000	65.000000	65.000000	71.500000	79.440000	101.840000	116.860000	117.250000	100.000000	93.550000	85.000000	23.640000	0.000000	0.000000	3.656030	0.000000	4.618230	19.281200	44.934000	122.328000	27.981700	0.000000	3.582520	0.000000	0.672973	0.000000	20.670500	19.533500	5.359010	8.813440	111.686000	19.809300	6.518460	2.095480	0.000000	96.010000	71.998500	51.905000	59.758700	80.579300	90.537800	102.037000	113.196000	114.099000	121.532000	112.170000	105.858000	98.837400	81.062200	62.432100	39.368500	34.183300	55.313200	103.877000	104.711000	103.799000	122.194000	111.014000	101.526000	90.510000	155.063000	190.905000	201.480000	180.020000	160.856000	167.897000	236.219000	250.830000	251.328000	112.219000	186.511000	214.130000	277.998000	282.506000	282.283000	303.802000	293.992000	282.505000	267.050000	266.741000	288.548000	214.128000	193.568000	0.337000	0.000000	0.261832	0.000000	0.180997	0.000000	0.062200	0.000000	0.014511	0.000000	0.046318	0.000000	0.060444	0.045600	0.016756	0.235600	0.000000	0.261000	0.016351	0.476700	61.240000	106.323000	101.225000	77.686000	63.124200	46.164400	60.677400	93.362100	86.969700	77.546300	52.146500	55.514600	0.013308	0.403000	0.024600	0.411500	0.067780	0.476500	0.094003	0.534300	0.075877	0.463800	0.102317	0.390500	0.073417	0.218500	0.126305	0.018800	0.179741	0.000000	0.175015	0.000000	0.260203	0.000000	0.368375	0.000000	0.444716	0.000000	0.429132	0.000000	0.875332	5.560020	5.266220	0.001197	15.354500	21.372000	21.179400	20.828800	0.528881	1.066460	0.000000	1.658080	0.000000	821.192000	9585.310000	4.103660	87.416500	0.000000	4100.890000	0.000000	0.000005	0.300422	0.000000	0.000000	
   42	98.020000	99.000000	98.020000	88.660000	86.430000	81.590000	101.600000	119.480000	124.240000	109.250000	90.220000	88.660000	87.260000	78.380000	65.000000	65.000000	71.500000	79.440000	101.840000	116.860000	117.250000	100.000000	93.550000	85.000000	23.640000	0.000000	0.000000	0.000000	0.000000	6.643490	17.318100	73.853100	122.104000	20.517400	0.000000	0.000000	0.162587	0.000000	0.000000	18.747400	14.510300	0.663738	11.744100	184.661000	23.555800	9.845650	0.000000	3.982740	96.010000	70.648900	53.131600	58.842600	82.604900	92.143000	98.901900	118.005000	121.171000	119.186000	121.019000	110.972000	97.617700	82.679600	68.523300	41.889500	26.776700	54.877800	102.358000	117.813000	107.397000	137.177000	111.114000	96.860000	90.510000	164.987000	190.538000	194.633000	186.524000	164.796000	161.798000	222.864000	255.596000	246.734000	116.357000	188.004000	212.460000	278.179000	278.414000	282.411000	303.886000	300.457000	265.074000	266.460000	263.736000	296.315000	217.074000	190.965000	0.337000	0.000000	0.260989	0.000000	0.192119	0.000000	0.081152	0.000000	0.026449	0.000000	0.052979	0.000000	0.059607	0.035800	0.058077	0.144400	0.017468	0.311000	0.102042	0.338100	61.240000	98.074100	98.389300	69.953500	60.853500	47.231500	29.778400	85.737000	82.955600	59.083900	53.132600	43.034300	0.123669	0.449300	0.120904	0.500300	0.142298	0.672000	0.106725	0.584700	0.141152	0.647100	0.124436	0.450600	0.141967	0.244300	0.151027	0.018200	0.159083	0.000000	0.194425	0.000000	0.288079	0.000000	0.381008	0.000000	0.423854	0.000000	0.464770	0.000000	0.875332	5.620950	5.197100	0.056281	15.787500	21.753500	21.616800	20.603200	0.372589	1.221320	0.000000	0.000000	0.000000	834.232000	9646.370000	9.737920	88.879900	2.389660	4072.960000	0.000000	0.137735	0.472451	0.000000	0.095370	
   43	98.020000	99.000000	98.020000	88.660000	86.430000	81.590000	101.600000	119.480000	124.240000	109.250000	90.220000	88.660000	87.260000	78.380000	65.000000	65.000000	71.500000	79.440000	101.840000	116.860000	117.250000	100.000000	93.550000	85.000000	23.640000	4.698960	1.277320	4.033090	7.151760	6.193740	22.511300	48.039000	140.764000	37.434500	0.000000	0.000000	0.000000	0.000000	0.000000	14.508700	16.711600	0.000000	2.192300	126.384000	34.404600	9.163660	6.415080	0.000000	96.010000	66.258900	48.172600	56.653200	79.499500	90.363700	95.437100	114.748000	113.998000	115.164000	122.360000	103.031000	103.078000	88.710300	72.177200	46.231800	37.787100	73.442400	98.450400	117.497000	103.812000	127.902000	109.291000	91.836600	90.510000	160.718000	188.554000	194.819000	178.746000	173.710000	162.268000	230.813000	258.121000	254.847000	125.093000	187.117000	214.586000	275.406000	279.233000	278.447000	310.531000	298.207000	267.509000	248.566000	276.593000	307.164000	215.965000	182.042000	0.337000	0.000000	0.256514	0.000000	0.176575	0.000000	0.054160	0.000000	0.026449	0.000000	0.033255	0.000000	0.034226	0.041400	0.010327	0.168300	0.001990	0.221100	0.000000	0.336500	61.240000	96.230500	96.542100	69.772300	57.156900	52.319400	56.222000	87.309100	97.547100	65.675800	54.611400	46.327500	0.040373	0.361500	0.045827	0.425700	0.043068	0.514100	0.051386	0.541000	0.056650	0.544900	0.026372	0.391700	0.039582	0.191100	0.109355	0.022100	0.135047	0.000000	0.158884	0.000000	0.249041	0.000000	0.278602	0.000000	0.284663	0.000000	0.308746	0.000000	0.875332	5.700850	5.440010	0.135283	15.689400	21.797400	21.401700	20.827100	0.497201	0.394906	0.000000	0.553902	0.000000	820.947000	9588.490000	5.702400	88.869000	0.204769	4098.160000	0.000000	0.129753	0.184157	0.000000	0.034467	
   44	98.020000	99.000000	98.020000	88.660000	86.430000	81.590000	101.600000	119.480000	124.240000	109.250000	90.220000	88.660000	87.260000	78.380000	65.000000	65.000000	71.500000	79.440000	101.840000	116.860000	117.250000	100.000000	93.550000	85.000000	23.640000	0.000000	0.000000	0.000000	0.000000	0.000000	15.019700	53.252800	128.223000	21.228300	1.349110	1.553890	4.263580	4.915210	2.495540	23.372200	21.377000	0.000000	11.505900	175.857000	32.838200	6.375870	6.647460	9.674090	96.010000	67.652500	49.786300	64.413900	79.493100	97.449100	101.005000	120.644000	118.356000	110.310000	116.195000	108.593000	98.128300	74.759100	57.902500	33.784700	45.091500	61.397100	105.786000	117.597000	113.044000	130.352000	114.914000	97.677700	90.510000	152.038000	196.130000	195.124000	179.694000	161.166000	172.029000	225.620000	252.739000	231.360000	117.308000	174.799000	213.848000	279.449000	282.848000	280.110000	310.017000	284.948000	278.485000	269.112000	270.118000	292.097000	218.227000	194.579000	0.337000	0.000000	0.209319	0.000000	0.129422	0.000000	0.018567	0.000000	0.000000	0.000000	0.000000	0.000000	0.000000	0.041100	0.000000	0.169700	0.000000	0.344200	0.000000	0.306100	61.240000	108.863000	109.255000	80.557700	69.694700	64.730800	49.025500	66.765700	88.890600	62.947100	54.389100	47.437100	0.000000	0.344800	0.003955	0.353300	0.020356	0.550500	0.032388	0.674100	0.036962	0.547000	0.033427	0.416900	0.000000	0.209700	0.049323	0.022300	0.114162	0.000000	0.116515	0.000000	0.160284	0.000000	0.251949	0.000000	0.324803	0.000000	0.373872	0.000000	0.875332	5.626000	5.341550	0.000000	14.797400	20.777200	21.536700	20.789600	0.611597	0.000000	0.000000	0.000000	0.000000	805.573000	9506.230000	4.056480	89.504900	0.102499	4091.380000	0.000000	0.093097	0.256359	0.000000	0.000000	
   45	98.020000	99.000000	98.020000	88.660000	86.430000	81.590000	101.600000	119.480000	124.240000	109.250000	90.220000	88.660000	87.260000	78.380000	65.000000	65.000000	71.500000	79.440000	101.840000	116.860000	117.250000	100.000000	93.550000	85.000000	23.640000	0.000000	0.000000	0.000000	0.000000	0.000000	15.316900	55.136900	111.482000	16.306400	0.000000	6.580470	0.000000	0.110767	0.000000	23.455900	23.138400	0.000000	15.800400	135.302000	21.928700	9.746860	6.297060	0.765431	96.010000	68.550500	49.190700	61.029500	79.518700	89.049400	105.114000	119.393000	121.558000	110.068000	116.841000	109.734000	103.490000	87.321900	73.273700	51.765200	48.544400	69.293500	111.281000	108.936000	112.571000	132.894000	116.304000	98.465700	90.510000	159.609000	188.755000	192.298000	187.401000	172.130000	167.544000	224.210000	261.073000	255.261000	115.233000	184.854000	217.844000	281.198000	281.783000	282.309000	310.486000	291.291000	278.312000	269.813000	273.848000	298.172000	219.386000	187.380000	0.337000	0.000000	0.270780	0.000000	0.195860	0.000000	0.084318	0.000000	0.000000	0.000000	0.000000	0.000000	0.000000	0.035600	0.000000	0.193800	0.000000	0.300700	0.031741	0.427000	61.240000	117.277000	110.677000	59.514900	62.615800	57.679200	27.855100	80.100000	71.822400	52.481400	45.944500	46.607500	0.092788	0.455900	0.109074	0.327100	0.118558	0.410200	0.162042	0.620200	0.224899	0.638900	0.252635	0.410200	0.264565	0.207700	0.277143	0.016000	0.249727	0.000000	0.202905	0.000000	0.204348	0.000000	0.245766	0.000000	0.267627	0.000000	0.289316	0.000000	0.875332	5.811250	5.453090	0.136902	15.633800	21.952800	21.348300	20.808400	0.346291	0.258670	0.000000	0.000000	0.000000	819.969000	9589.460000	5.501040	88.876300	0.685941	4091.770000	0.000000	0.066375	0.102573	0.025812	0.000000	
   46	98.020000	99.000000	98.020000	88.660000	86.430000	81.590000	101.600000	119.480000	124.240000	109.250000	90.220000	88.660000	87.260000	78.380000	65.000000	65.000000	71.500000	79.440000	101.840000	116.860000	117.250000	100.000000	93.550000	85.000000	23.640000	3.504720	0.000000	0.000000	0.000000	8.746040	19.318400	87.936900	122.656000	14.553700	0.057675	2.864500	0.529125	0.840671	0.000000	20.783100	18.300000	6.071650	0.000000	154.070000	30.422700	2.844840	0.000000	0.000000	96.010000	67.985200	50.922900	57.125100	81.061700	92.493000	100.651000	120.638000	126.046000	114.769000	112.192000	108.480000	91.052700	79.481000	67.591600	38.725500	38.366100	59.719800	102.349000	91.300700	108.470000	133.028000	113.902000	96.986500	90.510000	157.533000	182.292000	198.898000	176.058000	164.161000	168.326000	238.168000	250.865000	238.663000	112.356000	188.698000	211.016000	277.977000	283.424000	280.229000	308.965000	294.195000	278.053000	251.195000	272.975000	301.592000	216.985000	177.030000	0.337000	0.000000	0.245900	0.000000	0.123588	0.000000	0.022054	0.000000	0.000000	0.000000	0.025511	0.000000	0.041590	0.046700	0.004530	0.225300	0.000000	0.386600	0.000000	0.423200	61.240000	77.914700	88.536900	66.043300	53.051300	39.509700	44.465600	71.791100	112.185000	61.996300	53.836700	69.217800	0.000000	0.341000	0.000000	0.396400	0.000000	0.502000	0.012571	0.479300	0.024750	0.356100	0.000000	0.251900	0.000000	0.158100	0.000000	0.014400	0.018208	0.000000	0.070756	0.000000	0.158646	0.000000	0.245135	0.000000	0.334520	0.000000	0.445530	0.000000	0.875332	5.860990	5.415450	0.202646	16.034600	22.013900	21.573400	20.930200	0.252832	0.000000	0.000000	0.000000	0.000000	819.580000	9581.980000	7.503820	89.281000	0.000000	4089.580000	0.000000	0.069502	0.071254	0.000000	0.000000	
   47	98.020000	99.000000	98.020000	88.660000	86.430000	81.590000	101.600000	119.480000	124.240000	109.250000	90.220000	88.660000	87.260000	78.380000	65.000000	65.000000	71.500000	79.440000	101.840000	116.860000	117.250000	100.000000	93.550000	85.000000	23.640000	3.504720	0.000000	0.000000	0.000000	8.746040	19.318400	87.936900	122.656000	14.553700	0.057675	2.864500	0.529125	0.840671	0.000000	20.783100	18.300000	6.071650	0.000000	154.070000	30.422700	2.844840	0.000000	0.000000	96.010000	67.985200	50.922900	57.125100	81.061700	92.493000	100.651000	120.638000	126.046000	114.769000	112.192000	108.480000	91.052700	79.481000	67.591600	38.725500	38.366100	59.719800	102.349000	91.300700	108.470000	133.028000	113.902000	96.986500	90.510000	157.533000	182.292000	198.898000	176.058000	164.161000	168.326000	238.168000	250.865000	238.663000	112.356000	188.698000	211.016000	277.977000	283.424000	280.229000	308.965000	294.195000	278.053000	251.195000	272.975000	301.592000	216.985000	177.030000	0.337000	0.000000	0.218054	0.000000	0.126252	0.000000	0.000000	0.000000	0.000000	0.000000	0.000000	0.000000	0.000000	0.041400	0.000000	0.276800	0.000000	0.395700	0.000000	0.342200	61.240000	98.047300	95.332300	74.931600	56.954900	33.728500	49.749900	72.028900	77.804100	54.560900	59.708800	61.376600	0.000000	0.282700	0.000000	0.332900	0.000000	0.385800	0.000000	0.605700	0.019264	0.511900	0.026372	0.415100	0.039582	0.241800	0.109355	0.017100	0.196902	0.000000	0.210507	0.000000	0.249041	0.000000	0.330240	0.000000	0.364860	0.000000	0.381790	0.000000	0.875332	5.764420	5.166080	0.047163	15.745600	21.632900	21.433300	20.646900	0.005129	1.387630	0.000000	0.000000	0.000000	821.343000	9592.070000	5.136200	85.114500	0.326826	4111.040000	11.005400	0.177913	0.149463	0.000000	0.000000	
   48	98.020000	99.000000	98.020000	88.660000	86.430000	81.590000	101.600000	119.480000	124.240000	109.250000	90.220000	88.660000	87.260000	78.380000	65.000000	65.000000	71.500000	79.440000	101.840000	116.860000	117.250000	100.000000	93.550000	85.000000	23.640000	0.000000	0.000000	0.000000	0.000000	0.000000	12.605300	43.554100	108.310000	25.071700	6.863860	3.615690	6.009080	0.000000	0.000000	22.803300	21.820500	2.532060	0.000000	119.666000	18.197600	4.316360	3.452720	0.000000	96.010000	65.915500	45.480800	54.382000	74.039200	86.191800	94.290300	108.749000	114.906000	112.641000	110.310000	111.498000	95.552800	89.351800	71.412400	50.880000	56.181900	57.625400	95.442100	100.711000	100.919000	128.844000	113.018000	89.859400	90.510000	156.735000	185.203000	189.752000	183.231000	161.304000	159.925000	226.852000	252.930000	235.412000	110.882000	186.979000	210.904000	281.013000	282.953000	282.844000	305.462000	294.695000	262.874000	265.967000	272.064000	295.490000	218.250000	187.351000	0.337000	0.000000	0.266498	0.000000	0.206504	0.000000	0.094453	0.000000	0.029479	0.000000	0.054002	0.000000	0.050431	0.038300	0.032981	0.208200	0.010595	0.335300	0.007062	0.455100	61.240000	96.230500	96.542100	69.772300	57.156900	52.319400	56.222000	87.470700	98.268000	69.771300	67.331100	61.338300	0.038503	0.451400	0.078091	0.402300	0.053738	0.548900	0.073399	0.633100	0.058229	0.503600	0.102322	0.411900	0.116349	0.205200	0.143152	0.018900	0.160657	0.000000	0.166951	0.000000	0.230068	0.000000	0.292317	0.000000	0.346516	0.000000	0.396682	0.000000	0.875332	5.746300	5.320590	0.134896	15.627800	21.779700	21.472300	20.817500	0.553169	0.646690	0.000000	0.772469	1.933560	821.731000	9588.640000	4.851350	86.623200	0.000000	4104.270000	0.000000	0.155619	0.264120	0.000000	0.000000	
   49	98.020000	99.000000	98.020000	88.660000	86.430000	81.590000	101.600000	119.480000	124.240000	109.250000	90.220000	88.660000	87.260000	78.380000	65.000000	65.000000	71.500000	79.440000	101.840000	116.860000	117.250000	100.000000	93.550000	85.000000	23.640000	0.000000	0.000000	3.656030	0.000000	4.618230	19.281200	44.934000	122.328000	27.981700	0.000000	3.582520	0.000000	0.672973	0.000000	20.670500	19.533500	5.359010	0.000000	155.550000	72.133700	8.158050	0.152273	0.000000	96.010000	73.594400	50.717300	56.782600	81.115200	91.528700	100.359000	119.080000	115.238000	97.232300	109.256000	107.481000	99.482200	84.192600	66.935600	43.471800	41.413100	66.952600	97.119500	108.252000	103.622000	131.039000	113.399000	87.683000	90.510000	156.678000	190.534000	199.972000	187.741000	168.051000	159.989000	238.081000	249.452000	257.025000	112.171000	187.149000	214.138000	277.953000	282.402000	282.233000	303.283000	297.084000	269.176000	258.102000	268.451000	302.284000	216.837000	185.644000	0.337000	0.000000	0.261832	0.000000	0.192119	0.000000	0.065862	0.000000	0.014511	0.000000	0.015253	0.000000	0.000000	0.035100	0.016756	0.216800	0.021124	0.323200	0.016351	0.350100	61.240000	96.230500	109.631000	79.732400	65.831300	49.476700	53.043700	75.025400	92.303600	68.708500	56.949000	53.013500	0.013308	0.340800	0.024600	0.407700	0.057258	0.451000	0.068958	0.536100	0.077395	0.415700	0.068753	0.360400	0.073417	0.169700	0.115668	0.020800	0.138677	0.000000	0.164579	0.000000	0.234462	0.000000	0.328082	0.000000	0.378670	0.000000	0.458018	0.000000	0.875332	5.636020	5.180010	0.171058	15.585900	22.027100	21.649600	20.698000	0.000000	2.795020	0.000000	0.619621	0.018447	821.336000	9586.320000	2.164260	91.339300	0.043083	4102.170000	0.000000	0.000000	0.381195	0.001979	0.195988	
   50	98.020000	99.000000	98.020000	88.660000	86.430000	81.590000	101.600000	119.480000	124.240000	109.250000	90.220000	88.660000	87.260000	78.380000	65.000000	65.000000	71.500000	79.440000	101.840000	116.860000	117.250000	100.000000	93.550000	85.000000	23.640000	3.706300	0.000000	5.497300	4.830590	6.009430	25.894800	31.359800	131.774000	38.219000	0.000000	0.000000	0.000000	0.000000	0.000000	19.367800	21.794200	0.665520	0.000000	110.913000	37.651900	14.578600	0.000000	0.598620	96.010000	68.918500	47.011800	53.217700	77.303800	90.601100	103.910000	119.893000	124.974000	114.779000	111.538000	105.929000	100.714000	80.688900	67.222000	45.713400	40.977600	63.929400	91.775200	89.910800	104.950000	133.306000	111.359000	92.598800	90.510000	149.165000	195.316000	196.539000	184.871000	161.276000	163.060000	232.165000	251.732000	249.195000	112.276000	188.998000	213.626000	283.311000	284.990000	286.239000	315.599000	292.795000	274.111000	270.177000	273.405000	308.302000	220.182000	182.285000	0.337000	0.000000	0.254844	0.000000	0.174083	0.000000	0.068730	0.000000	0.002514	0.000000	0.033255	0.000000	0.056285	0.038400	0.010254	0.171800	0.000000	0.338800	0.000000	0.359800	61.240000	98.074100	98.389300	69.953500	60.853500	47.231500	44.143900	78.397300	75.232900	63.852400	48.455900	40.187700	0.029155	0.505100	0.035018	0.489400	0.044463	0.577200	0.054627	0.731100	0.095238	0.669500	0.088832	0.623400	0.086904	0.345100	0.122289	0.033900	0.247805	0.000000	0.257646	0.000000	0.311209	0.000000	0.401737	0.000000	0.453885	0.000000	0.470855	0.000000	0.875332	5.799800	5.349160	0.153919	15.614000	21.832500	21.367300	20.879200	0.532388	0.720157	0.000000	1.369410	0.000000	820.869000	9586.120000	5.547280	89.872600	0.000000	4110.240000	0.000000	0.000000	0.149552	0.000000	0.166294	
   51	98.020000	99.000000	98.020000	88.660000	86.430000	81.590000	101.600000	119.480000	124.240000	109.250000	90.220000	88.660000	87.260000	78.380000	65.000000	65.000000	71.500000	79.440000	101.840000	116.860000	117.250000	100.000000	93.550000	85.000000	23.640000	0.000000	0.000000	0.000000	0.000000	6.643490	17.318100	73.853100	122.104000	20.517400	0.000000	0.000000	0.162587	0.000000	0.000000	18.747400	14.510300	0.663738	11.744100	184.661000	23.555800	9.845650	0.000000	3.982740	96.010000	70.648900	53.131600	58.842600	82.604900	92.143000	98.901900	118.005000	121.171000	119.186000	121.019000	110.972000	97.617700	82.679600	68.523300	41.889500	26.776700	54.877800	102.358000	117.813000	107.397000	137.177000	111.114000	96.860000	90.510000	164.987000	190.538000	194.633000	186.524000	164.796000	161.798000	222.864000	255.596000	246.734000	116.357000	188.004000	212.460000	278.179000	278.414000	282.411000	303.886000	300.457000	265.074000	266.460000	263.736000	296.315000	217.074000	190.965000	0.337000	0.000000	0.260989	0.000000	0.192119	0.000000	0.081152	0.000000	0.026449	0.000000	0.052979	0.000000	0.059607	0.035800	0.058077	0.144400	0.017468	0.311000	0.102042	0.338100	61.240000	98.074100	98.389300	69.953500	60.853500	47.231500	29.778400	85.737000	82.955600	59.083900	53.132600	43.034300	0.123669	0.449300	0.120904	0.500300	0.142298	0.672000	0.106725	0.584700	0.081516	0.514000	0.059764	0.403000	0.037728	0.237200	0.030502	0.018400	0.072477	0.000000	0.128022	0.000000	0.239159	0.000000	0.357394	0.000000	0.409201	0.000000	0.406929	0.000000	0.875332	5.722200	5.404110	0.113400	15.759400	21.648100	21.482100	20.740700	0.519026	0.309561	0.000000	0.000000	0.000000	821.020000	9585.850000	3.010100	84.909300	0.000000	4106.120000	0.000000	0.148014	0.115649	0.000000	0.000000	
   52	98.020000	99.000000	98.020000	88.660000	86.430000	81.590000	101.600000	119.480000	124.240000	109.250000	90.220000	88.660000	87.260000	78.380000	65.000000	65.000000	71.500000	79.440000	101.840000	116.860000	117.250000	100.000000	93.550000	85.000000	23.640000	0.000000	0.000000	0.000000	0.000000	0.000000	12.605300	43.554100	108.310000	25.071700	6.863860	3.615690	6.009080	0.000000	0.000000	22.803300	21.820500	2.532060	0.000000	119.666000	18.197600	4.316360	3.452720	0.000000	96.010000	65.915500	45.480800	54.382000	74.039200	86.191800	94.290300	108.749000	114.906000	112.641000	110.310000	111.498000	95.552800	89.351800	71.412400	50.880000	56.181900	57.625400	95.442100	100.711000	100.919000	128.844000	113.018000	89.859400	90.510000	156.735000	185.203000	189.752000	183.231000	161.304000	159.925000	226.852000	252.930000	235.412000	110.882000	186.979000	210.904000	281.013000	282.953000	282.844000	305.462000	294.695000	262.874000	265.967000	272.064000	295.490000	218.250000	187.351000	0.337000	0.000000	0.266498	0.000000	0.206504	0.000000	0.094453	0.000000	0.029479	0.000000	0.054002	0.000000	0.050431	0.038300	0.032981	0.208200	0.010595	0.335300	0.007062	0.455100	61.240000	96.230500	96.542100	69.772300	57.156900	52.319400	56.222000	87.470700	98.268000	69.771300	67.331100	61.338300	0.038503	0.451400	0.078091	0.402300	0.053738	0.548900	0.073399	0.633100	0.058229	0.503600	0.102322	0.411900	0.116349	0.205200	0.143152	0.018900	0.160657	0.000000	0.166951	0.000000	0.230068	0.000000	0.292317	0.000000	0.346516	0.000000	0.396682	0.000000	0.875332	5.746300	5.320590	0.134896	15.627800	21.779700	21.472300	20.817500	0.553169	0.646690	0.000000	0.772469	1.933560	821.731000	9588.640000	4.851350	86.623200	0.000000	4104.270000	0.000000	0.155619	0.264120	0.000000	0.000000	
   53	98.020000	99.000000	98.020000	88.660000	86.430000	81.590000	101.600000	119.480000	124.240000	109.250000	90.220000	88.660000	87.260000	78.380000	65.000000	65.000000	71.500000	79.440000	101.840000	116.860000	117.250000	100.000000	93.550000	85.000000	23.640000	0.000000	2.183530	6.505020	8.843720	7.194630	18.540800	48.582300	125.386000	29.517700	0.000000	0.000000	0.000000	0.000000	0.000000	16.893300	14.168400	0.274322	12.551300	99.214800	6.245350	3.114840	0.983959	0.000000	96.010000	68.607700	49.437300	56.863200	76.866100	87.704100	92.264900	112.844000	116.953000	103.395000	117.522000	106.062000	98.126100	85.965800	71.237400	46.513000	41.994400	59.680400	106.271000	123.927000	107.532000	129.300000	113.195000	85.675800	90.510000	150.897000	190.828000	197.263000	187.130000	168.861000	163.832000	236.193000	253.680000	260.868000	107.639000	183.973000	217.253000	279.712000	281.484000	282.435000	304.279000	292.248000	280.887000	262.633000	280.926000	298.292000	224.377000	188.790000	0.337000	0.000000	0.261832	0.000000	0.118221	0.000000	0.026364	0.000000	0.000000	0.000000	0.000000	0.000000	0.000000	0.043100	0.000000	0.216500	0.000000	0.386300	0.000000	0.525100	61.240000	88.746800	87.880600	60.897400	50.758800	40.408600	56.523700	69.727900	88.211000	87.727500	64.601100	52.954900	0.000000	0.535300	0.000000	0.511400	0.002583	0.686800	0.015683	0.646700	0.043068	0.605000	0.030762	0.371600	0.007938	0.194100	0.039695	0.019000	0.117179	0.000000	0.152042	0.000000	0.185712	0.000000	0.262832	0.000000	0.321746	0.000000	0.359404	0.000000	0.875332	5.665340	5.222530	0.000000	15.220600	21.184000	21.493300	20.811800	0.078217	3.195060	0.000000	36.284600	110.251000	840.363000	9610.630000	0.000000	82.463600	0.000000	4102.700000	0.000000	0.098433	0.199118	0.000000	0.076606	
   54	98.020000	99.000000	98.020000	88.660000	86.430000	81.590000	101.600000	119.480000	124.240000	109.250000	90.220000	88.660000	87.260000	78.380000	65.000000	65.000000	71.500000	79.440000	101.840000	116.860000	117.250000	100.000000	93.550000	85.000000	23.640000	0.000000	0.000000	3.656030	0.000000	4.618230	19.281200	44.934000	122.328000	27.981700	0.000000	3.582520	0.000000	0.672973	0.000000	20.670500	19.533500	5.359010	8.813440	111.686000	19.809300	6.518460	2.095480	0.000000	96.010000	71.998500	51.905000	59.758700	80.579300	90.537800	102.037000	113.196000	114.099000	121.532000	112.170000	105.858000	98.837400	81.062200	62.432100	39.368500	34.183300	55.313200	103.877000	104.711000	103.799000	122.194000	111.014000	101.526000	90.510000	155.063000	190.905000	201.480000	180.020000	160.856000	167.897000	236.219000	250.830000	251.328000	112.219000	186.511000	214.130000	277.998000	282.506000	282.283000	303.802000	293.992000	282.505000	267.050000	266.741000	288.548000	214.128000	193.568000	0.337000	0.000000	0.261832	0.000000	0.180997	0.000000	0.062200	0.000000	0.014511	0.000000	0.046318	0.000000	0.060444	0.045600	0.016756	0.235600	0.000000	0.261000	0.016351	0.476700	61.240000	106.323000	101.225000	77.686000	63.124200	46.164400	60.677400	93.362100	86.969700	77.546300	52.146500	55.514600	0.013308	0.403000	0.024600	0.411500	0.067780	0.476500	0.094003	0.534300	0.075877	0.463800	0.102317	0.390500	0.073417	0.218500	0.126305	0.018800	0.179741	0.000000	0.175015	0.000000	0.260203	0.000000	0.368375	0.000000	0.444716	0.000000	0.429132	0.000000	0.875332	5.560020	5.266220	0.001197	15.354500	21.372000	21.179400	20.828800	0.528881	1.066460	0.000000	1.658080	0.000000	821.192000	9585.310000	4.103660	87.416500	0.000000	4100.890000	0.000000	0.000005	0.300422	0.000000	0.000000	
   55	98.020000	99.000000	98.020000	88.660000	86.430000	81.590000	101.600000	119.480000	124.240000	109.250000	90.220000	88.660000	87.260000	78.380000	65.000000	65.000000	71.500000	79.440000	101.840000	116.860000	117.250000	100.000000	93.550000	85.000000	23.640000	0.000000	5.349240	10.440000	0.000000	8.630610	22.912900	63.538400	146.873000	28.112100	0.000000	0.000000	0.000000	0.000000	0.000000	16.227200	20.501500	4.415010	3.830000	138.899000	32.549500	6.191500	0.000000	3.360470	96.010000	76.801000	48.170700	63.085900	77.197800	91.295700	91.312200	119.401000	126.684000	116.493000	116.897000	108.901000	98.743600	80.014600	61.644200	42.571600	32.746400	59.643200	109.013000	103.812000	109.399000	142.546000	112.045000	83.094800	90.510000	150.897000	193.450000	199.552000	182.540000	162.000000	162.500000	243.338000	251.363000	243.217000	117.916000	187.761000	218.034000	288.938000	285.969000	289.075000	314.781000	294.984000	273.292000	265.086000	274.396000	302.576000	217.299000	182.085000	0.337000	0.000000	0.261832	0.000000	0.165529	0.000000	0.051173	0.000000	0.003611	0.000000	0.004665	0.000000	0.000000	0.038300	0.016756	0.134200	0.000000	0.240800	0.000000	0.351500	61.240000	85.325800	88.536900	53.882100	46.088100	40.572100	42.971500	78.023300	88.195700	80.841100	55.453900	44.258200	0.000000	0.356400	0.000000	0.315500	0.000000	0.379800	0.000000	0.481900	0.025908	0.498600	0.059601	0.335700	0.092160	0.185500	0.115092	0.016500	0.157232	0.000000	0.195872	0.000000	0.269084	0.000000	0.274995	0.000000	0.353603	0.000000	0.389199	0.000000	0.875332	5.778590	5.247300	0.000000	15.631200	21.433100	21.189100	20.628200	0.000000	0.000000	0.000000	0.000000	0.000000	813.419000	9578.440000	2.285900	83.893200	0.000000	4300.800000	3.512250	0.000000	0.207735	0.000000	0.000000	
   56	98.020000	99.000000	98.020000	88.660000	86.430000	81.590000	101.600000	119.480000	124.240000	109.250000	90.220000	88.660000	87.260000	78.380000	65.000000	65.000000	71.500000	79.440000	101.840000	116.860000	117.250000	100.000000	93.550000	85.000000	23.640000	0.000000	2.183530	6.505020	8.843720	7.194630	18.540800	48.582300	125.386000	29.517700	0.000000	0.000000	0.000000	0.000000	0.000000	16.893300	14.168400	0.274322	12.551300	99.214800	6.245350	3.114840	0.983959	0.000000	96.010000	68.607700	49.437300	56.863200	76.866100	87.704100	92.264900	112.844000	116.953000	103.395000	117.522000	106.062000	98.126100	85.965800	71.237400	46.513000	41.994400	59.680400	106.271000	123.927000	107.532000	129.300000	113.195000	85.675800	90.510000	151.007000	183.274000	192.709000	176.389000	160.137000	155.236000	223.445000	242.264000	247.758000	99.086300	180.235000	211.809000	273.714000	277.154000	279.928000	303.856000	292.118000	278.381000	265.967000	272.064000	295.490000	218.250000	187.351000	0.337000	0.000000	0.295945	0.000000	0.275111	0.000000	0.200243	0.000000	0.139336	0.000000	0.124023	0.000000	0.142054	0.033900	0.154912	0.217000	0.139958	0.316400	0.132156	0.316400	61.240000	95.277200	95.108300	64.193900	51.745900	39.923200	57.373100	84.976700	64.598800	45.575600	37.566400	44.150500	0.119118	0.356100	0.108045	0.403500	0.115027	0.597600	0.127595	0.732700	0.146154	0.689600	0.150313	0.544500	0.099561	0.299600	0.114555	0.026800	0.139220	0.000000	0.160080	0.000000	0.208933	0.000000	0.276025	0.000000	0.330219	0.000000	0.396682	0.000000	0.875332	5.620110	5.123130	0.000000	15.400200	21.489200	21.794900	21.158200	0.058696	2.571470	0.000000	5.738030	26.060700	826.895000	9611.720000	1.621300	87.966500	0.928308	4097.150000	0.000000	0.155619	0.264120	0.000000	0.000000	
   57	98.020000	99.000000	98.020000	88.660000	86.430000	81.590000	101.600000	119.480000	124.240000	109.250000	90.220000	88.660000	87.260000	78.380000	65.000000	65.000000	71.500000	79.440000	101.840000	116.860000	117.250000	100.000000	93.550000	85.000000	23.640000	0.000000	0.000000	0.000000	0.000000	0.000000	14.235500	48.746400	119.510000	26.659900	1.591980	4.573580	3.173090	5.447700	4.551500	22.385800	25.925000	6.112980	18.236100	185.936000	19.663800	5.364280	0.000000	0.000000	96.010000	64.311500	49.264900	60.882000	81.249100	92.075100	102.532000	118.732000	117.263000	122.985000	119.629000	109.648000	103.514000	87.213000	69.534500	47.778100	51.802700	65.090600	104.227000	117.635000	108.143000	126.858000	112.570000	97.174700	90.510000	161.116000	190.079000	196.859000	184.050000	170.229000	160.683000	232.042000	254.320000	255.192000	113.845000	189.181000	218.587000	279.959000	281.637000	276.482000	307.716000	293.839000	275.446000	255.510000	280.664000	303.139000	218.891000	190.069000	0.337000	0.000000	0.280050	0.000000	0.220787	0.000000	0.131187	0.000000	0.082963	0.000000	0.046318	0.000000	0.060444	0.066800	0.000000	0.204300	0.000000	0.301700	0.000000	0.288500	61.240000	85.325800	88.536900	66.043300	53.051300	39.509700	68.508500	95.284700	98.067700	71.254000	62.613200	65.318200	0.000000	0.535000	0.000000	0.507000	0.000000	0.473700	0.000000	0.687700	0.000000	0.598900	0.000000	0.367800	0.000000	0.222700	0.000000	0.025100	0.000000	0.000000	0.033420	0.000000	0.129220	0.000000	0.234227	0.000000	0.284663	0.000000	0.308746	0.000000	0.875332	5.642490	5.383160	0.085898	15.857400	21.685100	21.674900	20.837500	0.552307	0.248112	0.000000	0.577176	3.043730	812.885000	9527.870000	1.764050	86.723000	0.723182	4109.000000	0.000000	0.145321	0.124258	0.000000	0.040095	
   58	98.020000	99.000000	98.020000	88.660000	86.430000	81.590000	101.600000	119.480000	124.240000	109.250000	90.220000	88.660000	87.260000	78.380000	65.000000	65.000000	71.500000	79.440000	101.840000	116.860000	117.250000	100.000000	93.550000	85.000000	23.640000	0.000000	0.000000	3.656030	0.000000	4.618230	19.281200	44.934000	122.328000	27.981700	0.000000	3.582520	0.000000	0.672973	0.000000	20.670500	19.533500	5.359010	0.000000	155.550000	72.133700	8.158050	0.152273	0.000000	96.010000	73.594400	50.717300	56.782600	81.115200	91.528700	100.359000	119.080000	115.238000	97.232300	109.256000	107.481000	99.482200	84.192600	66.935600	43.471800	41.413100	66.952600	97.119500	108.252000	103.622000	131.039000	113.399000	87.683000	90.510000	156.678000	190.534000	199.972000	187.741000	168.051000	159.989000	238.081000	249.452000	257.025000	112.171000	187.149000	214.138000	277.953000	282.402000	282.233000	303.283000	297.084000	269.176000	258.102000	268.451000	302.284000	216.837000	185.644000	0.337000	0.000000	0.261832	0.000000	0.192119	0.000000	0.065862	0.000000	0.014511	0.000000	0.015253	0.000000	0.000000	0.035100	0.016756	0.216800	0.021124	0.323200	0.016351	0.350100	61.240000	96.230500	109.631000	79.732400	65.831300	49.476700	53.043700	75.025400	92.303600	68.708500	56.949000	53.013500	0.013308	0.340800	0.024600	0.407700	0.057258	0.451000	0.068958	0.536100	0.077395	0.415700	0.068753	0.360400	0.073417	0.169700	0.115668	0.020800	0.138677	0.000000	0.164579	0.000000	0.234462	0.000000	0.328082	0.000000	0.378670	0.000000	0.458018	0.000000	0.875332	5.636020	5.180010	0.171058	15.585900	22.027100	21.649600	20.698000	0.000000	2.795020	0.000000	0.619621	0.018447	821.336000	9586.320000	2.164260	91.339300	0.043083	4102.170000	0.000000	0.000000	0.381195	0.001979	0.195988	
   59	98.020000	99.000000	98.020000	88.660000	86.430000	81.590000	101.600000	119.480000	124.240000	109.250000	90.220000	88.660000	87.260000	78.380000	65.000000	65.000000	71.500000	79.440000	101.840000	116.860000	117.250000	100.000000	93.550000	85.000000	23.640000	0.000000	2.183530	6.505020	8.843720	7.194630	18.540800	48.582300	125.386000	29.517700	0.000000	0.000000	0.000000	0.000000	0.000000	16.893300	14.168400	0.274322	12.551300	99.214800	6.245350	3.114840	0.983959	0.000000	96.010000	68.607700	49.437300	56.863200	76.866100	87.704100	92.264900	112.844000	116.953000	103.395000	117.522000	106.062000	98.126100	85.965800	71.237400	46.513000	41.994400	59.680400	106.271000	123.927000	107.532000	129.300000	113.195000	85.675800	90.510000	161.427000	192.094000	189.569000	188.255000	175.567000	159.056000	235.156000	255.401000	251.523000	110.715000	189.096000	215.641000	278.735000	280.438000	280.920000	303.856000	292.118000	278.381000	265.967000	272.064000	295.490000	218.250000	187.351000	0.337000	0.000000	0.278792	0.000000	0.190445	0.000000	0.024295	0.000000	0.000000	0.000000	0.023463	0.000000	0.049779	0.046300	0.056219	0.257900	0.038775	0.388700	0.046140	0.393700	61.240000	114.044000	113.233000	86.840500	75.401100	58.352700	68.356900	95.215000	94.484300	59.341900	59.279800	60.501400	0.079305	0.370000	0.104341	0.491800	0.123550	0.615600	0.137428	0.779000	0.133612	0.574400	0.107235	0.321100	0.099561	0.235800	0.114555	0.026000	0.139220	0.000000	0.160080	0.000000	0.208933	0.000000	0.276025	0.000000	0.330219	0.000000	0.396682	0.000000	0.875332	5.722200	5.404110	0.199296	15.807300	22.072500	21.215000	20.847500	0.359899	0.000000	0.000000	0.059805	0.000000	821.015000	9593.830000	2.657210	87.966500	0.928308	4097.150000	0.000000	0.155619	0.264120	0.000000	0.000000	
   60	98.020000	99.000000	98.020000	88.660000	86.430000	81.590000	101.600000	119.480000	124.240000	109.250000	90.220000	88.660000	87.260000	78.380000	65.000000	65.000000	71.500000	79.440000	101.840000	116.860000	117.250000	100.000000	93.550000	85.000000	23.640000	5.490110	2.413060	0.000000	7.115210	3.483380	13.660600	60.068000	104.028000	14.722800	0.000000	6.214850	7.511150	0.000000	0.000000	18.592800	18.441900	1.327530	7.391520	141.617000	19.252100	2.172590	0.187096	0.000000	96.010000	69.937200	48.291000	56.404300	74.972500	90.324900	102.691000	118.221000	117.571000	109.468000	115.817000	100.279000	95.102500	79.826100	63.490400	39.349700	38.975800	59.263800	101.725000	98.232900	108.871000	124.424000	116.668000	99.810100	90.510000	159.609000	188.755000	192.298000	182.520000	169.406000	163.050000	231.197000	256.186000	250.777000	112.612000	187.431000	222.305000	282.775000	283.570000	285.832000	310.030000	290.180000	281.395000	270.778000	279.148000	302.009000	220.319000	188.985000	0.337000	0.000000	0.270780	0.000000	0.195860	0.000000	0.084318	0.000000	0.000000	0.000000	0.000000	0.000000	0.000000	0.041400	0.000000	0.188000	0.000000	0.316300	0.000000	0.512500	61.240000	97.312400	93.039300	70.184500	58.668600	58.445800	76.103900	77.674300	104.721000	70.871800	64.853200	55.930600	0.000000	0.421100	0.000000	0.342900	0.000000	0.461200	0.000000	0.597700	0.000000	0.569800	0.000000	0.438400	0.000000	0.301100	0.000000	0.027900	0.051334	0.000000	0.119859	0.000000	0.221794	0.000000	0.306658	0.000000	0.335293	0.000000	0.340386	0.000000	0.875332	5.811250	5.453090	0.136902	15.440900	21.551300	21.564100	21.053300	0.250217	1.225030	0.000000	8.205720	89.652100	810.157000	9502.360000	3.038040	85.764500	0.324899	4160.730000	0.000000	0.001236	0.226717	0.000000	0.000000	
   61	98.020000	99.000000	98.020000	88.660000	86.430000	81.590000	101.600000	119.480000	124.240000	109.250000	90.220000	88.660000	87.260000	78.380000	65.000000	65.000000	71.500000	79.440000	101.840000	116.860000	117.250000	100.000000	93.550000	85.000000	23.640000	0.000000	0.000000	0.000000	0.000000	0.000000	14.235500	48.746400	119.510000	26.659900	1.591980	4.573580	3.173090	5.447700	4.551500	22.385800	25.925000	6.112980	18.236100	185.936000	19.663800	5.364280	0.000000	0.000000	96.010000	64.311500	49.264900	60.882000	81.249100	92.075100	102.532000	118.732000	117.263000	122.985000	119.629000	109.648000	103.514000	87.213000	69.534500	47.778100	51.802700	65.090600	104.227000	117.635000	108.143000	126.858000	112.570000	97.174700	90.510000	161.116000	190.079000	196.859000	184.050000	170.229000	160.683000	232.042000	254.320000	255.192000	113.845000	189.181000	218.587000	279.959000	281.637000	276.482000	307.716000	293.839000	275.446000	255.510000	280.664000	303.139000	218.891000	190.069000	0.337000	0.000000	0.280050	0.000000	0.220787	0.000000	0.131187	0.000000	0.082963	0.000000	0.046318	0.000000	0.060444	0.066800	0.000000	0.204300	0.000000	0.301700	0.000000	0.288500	61.240000	88.746800	87.880600	60.897400	50.758800	40.408600	56.523700	69.727900	83.535200	49.147900	56.526200	46.301400	0.000000	0.309300	0.000000	0.352400	0.019691	0.535900	0.034861	0.528800	0.040969	0.497700	0.000000	0.487100	0.000000	0.267800	0.000000	0.027200	0.000000	0.000000	0.033420	0.000000	0.129220	0.000000	0.234227	0.000000	0.284663	0.000000	0.308746	0.000000	0.875332	5.722330	5.405490	0.081172	15.646200	21.578000	21.417700	20.846800	0.524046	1.216060	0.000000	2.643060	1.245310	820.225000	9582.590000	1.764050	86.723000	0.723182	4109.000000	0.000000	0.145321	0.124258	0.000000	0.040095	
   62	98.020000	99.000000	98.020000	88.660000	86.430000	81.590000	101.600000	119.480000	124.240000	109.250000	90.220000	88.660000	87.260000	78.380000	65.000000	65.000000	71.500000	79.440000	101.840000	116.860000	117.250000	100.000000	93.550000	85.000000	23.640000	4.698960	1.277320	4.033090	7.151760	6.193740	22.511300	48.039000	140.764000	37.434500	0.000000	0.000000	0.000000	0.000000	0.000000	14.508700	16.711600	0.000000	2.192300	126.384000	34.404600	9.163660	6.415080	0.000000	96.010000	66.258900	48.172600	56.653200	79.499500	90.363700	95.437100	114.748000	113.998000	115.164000	122.360000	103.031000	103.078000	88.710300	72.177200	46.231800	37.787100	73.442400	98.450400	117.497000	103.812000	127.902000	109.291000	91.836600	90.510000	160.718000	188.554000	194.819000	178.746000	173.710000	162.268000	230.813000	258.121000	254.847000	125.093000	187.117000	214.586000	275.406000	279.233000	278.447000	310.531000	298.207000	267.509000	248.566000	276.593000	307.164000	215.965000	182.042000	0.337000	0.000000	0.256514	0.000000	0.176575	0.000000	0.054160	0.000000	0.026449	0.000000	0.033255	0.000000	0.034226	0.041400	0.010327	0.168300	0.001990	0.221100	0.000000	0.336500	61.240000	96.230500	96.542100	69.772300	57.156900	52.319400	56.222000	87.309100	97.547100	65.675800	54.611400	46.327500	0.040373	0.361500	0.045827	0.425700	0.043068	0.514100	0.051386	0.541000	0.056650	0.544900	0.026372	0.391700	0.039582	0.191100	0.109355	0.022100	0.135047	0.000000	0.158884	0.000000	0.249041	0.000000	0.330240	0.000000	0.400254	0.000000	0.414224	0.000000	0.875332	5.628020	5.417060	0.163450	15.631900	21.956100	21.557700	20.754100	0.000000	0.384155	0.000000	0.997055	12.179700	819.863000	9580.400000	0.845444	85.252300	0.098467	4110.240000	0.000000	0.000000	0.149552	0.000000	0.166294	
   63	98.020000	99.000000	98.020000	88.660000	86.430000	81.590000	101.600000	119.480000	124.240000	109.250000	90.220000	88.660000	87.260000	78.380000	65.000000	65.000000	71.500000	79.440000	101.840000	116.860000	117.250000	100.000000	93.550000	85.000000	23.640000	0.000000	0.000000	0.000000	0.000000	6.643490	17.318100	73.853100	122.104000	20.517400	0.000000	0.000000	0.162587	0.000000	0.000000	18.747400	14.510300	0.663738	11.744100	184.661000	23.555800	9.845650	0.000000	3.982740	96.010000	70.648900	53.131600	58.842600	82.604900	92.143000	98.901900	118.005000	121.171000	119.186000	121.019000	110.972000	97.617700	82.679600	68.523300	41.889500	26.776700	54.877800	102.358000	117.813000	107.397000	137.177000	111.114000	96.860000	90.510000	164.987000	190.538000	194.633000	186.524000	164.796000	161.798000	222.864000	255.596000	246.734000	116.357000	188.004000	212.460000	278.179000	278.414000	282.411000	303.886000	300.457000	265.074000	266.460000	263.736000	296.315000	217.074000	190.965000	0.337000	0.000000	0.260989	0.000000	0.192119	0.000000	0.081152	0.000000	0.026449	0.000000	0.052979	0.000000	0.059607	0.035800	0.058077	0.144400	0.017468	0.311000	0.102042	0.338100	61.240000	98.074100	98.389300	69.953500	60.853500	47.231500	29.778400	85.737000	82.955600	59.083900	53.132600	43.034300	0.123669	0.449300	0.120904	0.500300	0.142298	0.672000	0.106725	0.584700	0.091509	0.438100	0.077056	0.385800	0.063765	0.209600	0.088549	0.020900	0.111544	0.000000	0.147418	0.000000	0.246411	0.000000	0.341905	0.000000	0.272525	0.000000	0.306498	0.000000	0.875332	5.662150	5.281560	0.101507	15.759900	21.736200	21.614200	20.709400	0.283045	0.453987	0.000000	0.175601	0.000000	821.601000	9586.290000	2.244440	85.267600	0.046953	4102.590000	0.000000	0.085122	0.102988	0.014759	0.000000	
   64	98.020000	99.000000	98.020000	88.660000	86.430000	81.590000	101.600000	119.480000	124.240000	109.250000	90.220000	88.660000	87.260000	78.380000	65.000000	65.000000	71.500000	79.440000	101.840000	116.860000	117.250000	100.000000	93.550000	85.000000	23.640000	4.698960	1.277320	4.033090	7.151760	6.193740	22.511300	48.039000	140.764000	37.434500	0.000000	0.000000	0.000000	0.000000	0.000000	14.508700	16.711600	0.000000	2.192300	126.384000	34.404600	9.163660	6.415080	0.000000	96.010000	66.258900	48.172600	56.653200	79.499500	90.363700	95.437100	114.748000	113.998000	115.164000	122.360000	103.031000	103.078000	88.710300	72.177200	46.231800	37.787100	73.442400	98.450400	117.497000	103.812000	127.902000	109.291000	91.836600	90.510000	160.718000	188.554000	194.819000	178.746000	173.710000	162.268000	230.813000	258.121000	254.847000	125.093000	187.117000	214.586000	275.406000	279.233000	278.447000	310.531000	298.207000	267.509000	248.566000	276.593000	307.164000	215.965000	182.042000	0.337000	0.000000	0.256514	0.000000	0.176575	0.000000	0.054160	0.000000	0.026449	0.000000	0.033255	0.000000	0.034226	0.041400	0.010327	0.168300	0.001990	0.221100	0.000000	0.336500	61.240000	96.230500	96.542100	69.772300	57.156900	52.319400	56.222000	87.309100	97.547100	65.675800	54.611400	46.327500	0.040373	0.361500	0.045827	0.425700	0.043068	0.514100	0.051386	0.541000	0.056650	0.544900	0.026372	0.391700	0.039582	0.191100	0.109355	0.022100	0.135047	0.000000	0.158884	0.000000	0.249041	0.000000	0.278602	0.000000	0.284663	0.000000	0.308746	0.000000	0.875332	5.700850	5.440010	0.135283	15.689400	21.797400	21.401700	20.827100	0.497201	0.394906	0.000000	0.553902	0.000000	820.947000	9588.490000	5.702400	88.869000	0.204769	4098.160000	0.000000	0.129753	0.184157	0.000000	0.034467	
   65	98.020000	99.000000	98.020000	88.660000	86.430000	81.590000	101.600000	119.480000	124.240000	109.250000	90.220000	88.660000	87.260000	78.380000	65.000000	65.000000	71.500000	79.440000	101.840000	116.860000	117.250000	100.000000	93.550000	85.000000	23.640000	0.000000	0.000000	3.656030	0.000000	4.618230	19.281200	44.934000	122.328000	27.981700	0.000000	3.582520	0.000000	0.672973	0.000000	20.670500	19.533500	5.359010	0.000000	155.550000	72.133700	8.158050	0.152273	0.000000	96.010000	73.594400	50.717300	56.782600	81.115200	91.528700	100.359000	119.080000	115.238000	97.232300	109.256000	107.481000	99.482200	84.192600	66.935600	43.471800	41.413100	66.952600	97.119500	108.252000	103.622000	131.039000	113.399000	87.683000	90.510000	156.678000	190.534000	199.972000	187.741000	168.051000	159.989000	238.081000	249.452000	257.025000	112.171000	187.149000	214.138000	277.953000	282.402000	282.233000	303.283000	297.084000	269.176000	258.102000	268.451000	302.284000	216.837000	185.644000	0.337000	0.000000	0.261832	0.000000	0.192119	0.000000	0.065862	0.000000	0.014511	0.000000	0.015253	0.000000	0.000000	0.035100	0.016756	0.216800	0.021124	0.323200	0.016351	0.350100	61.240000	96.230500	109.631000	79.732400	65.831300	49.476700	53.043700	75.025400	92.303600	68.708500	56.949000	53.013500	0.013308	0.340800	0.024600	0.407700	0.057258	0.451000	0.068958	0.536100	0.077395	0.415700	0.068753	0.360400	0.073417	0.169700	0.115668	0.020800	0.138677	0.000000	0.164579	0.000000	0.234462	0.000000	0.328082	0.000000	0.378670	0.000000	0.458018	0.000000	0.875332	5.636020	5.180010	0.171058	15.585900	22.027100	21.649600	20.698000	0.000000	2.795020	0.000000	0.619621	0.018447	821.336000	9586.320000	2.164260	91.339300	0.043083	4102.170000	0.000000	0.000000	0.381195	0.001979	0.195988	
   66	98.020000	99.000000	98.020000	88.660000	86.430000	81.590000	101.600000	119.480000	124.240000	109.250000	90.220000	88.660000	87.260000	78.380000	65.000000	65.000000	71.500000	79.440000	101.840000	116.860000	117.250000	100.000000	93.550000	85.000000	23.640000	0.549282	0.000000	0.000000	0.000000	4.007460	14.914300	37.750800	108.788000	18.659700	0.323563	0.000000	3.740050	3.626080	3.821010	23.720200	27.497400	5.474410	6.279230	104.906000	45.994800	3.234070	1.386370	0.000000	96.010000	68.918500	47.011800	53.217700	77.303800	90.601100	103.910000	124.591000	119.728000	124.830000	112.862000	110.659000	99.681300	79.034500	61.649600	42.015900	36.337900	56.880600	112.111000	107.673000	108.753000	130.762000	111.829000	101.441000	90.510000	159.452000	194.530000	200.628000	186.006000	172.449000	165.081000	239.782000	245.347000	257.994000	108.290000	180.096000	218.115000	280.109000	283.438000	283.112000	311.547000	295.108000	274.441000	268.800000	281.458000	291.729000	220.187000	190.919000	0.337000	0.000000	0.258370	0.000000	0.174083	0.000000	0.068730	0.000000	0.031186	0.000000	0.023463	0.000000	0.015112	0.044000	0.019156	0.198800	0.010595	0.320200	0.000000	0.376000	61.240000	87.123900	85.723000	68.366800	60.406600	58.501400	53.481800	93.362100	86.969700	77.546300	52.146500	55.514600	0.031078	0.401800	0.055269	0.401100	0.043284	0.467100	0.058195	0.627300	0.118604	0.587400	0.000000	0.344500	0.076164	0.195000	0.061858	0.015900	0.092432	0.000000	0.133716	0.000000	0.212002	0.000000	0.288361	0.000000	0.333227	0.000000	0.336186	0.000000	0.875332	5.799800	5.349160	0.153919	15.614000	21.832500	21.367300	20.412200	0.239257	2.227400	0.000000	2.767730	28.924000	817.316000	9572.070000	1.823840	85.433200	2.796480	4019.710000	0.000000	0.157156	0.060549	0.000000	0.000000	
   67	98.020000	99.000000	98.020000	88.660000	86.430000	81.590000	101.600000	119.480000	124.240000	109.250000	90.220000	88.660000	87.260000	78.380000	65.000000	65.000000	71.500000	79.440000	101.840000	116.860000	117.250000	100.000000	93.550000	85.000000	23.640000	0.000000	0.000000	3.656030	0.000000	4.618230	19.281200	44.934000	122.328000	27.981700	0.000000	3.582520	0.000000	0.672973	0.000000	20.670500	19.533500	5.359010	8.813440	111.686000	19.809300	6.518460	2.095480	0.000000	96.010000	71.998500	51.905000	59.758700	80.579300	90.537800	102.037000	113.196000	114.099000	121.532000	112.170000	105.858000	98.837400	81.062200	62.432100	39.368500	34.183300	55.313200	103.877000	104.711000	103.799000	122.194000	111.014000	101.526000	90.510000	155.063000	190.905000	201.480000	180.020000	160.856000	167.897000	236.219000	250.830000	251.328000	112.219000	186.511000	214.130000	277.998000	282.506000	282.283000	303.802000	293.992000	282.505000	267.050000	266.741000	288.548000	214.128000	193.568000	0.337000	0.000000	0.261832	0.000000	0.180997	0.000000	0.062200	0.000000	0.014511	0.000000	0.046318	0.000000	0.060444	0.045600	0.016756	0.235600	0.000000	0.261000	0.016351	0.476700	61.240000	106.323000	101.225000	77.686000	63.124200	46.164400	60.677400	93.362100	86.969700	77.546300	52.146500	55.514600	0.013308	0.403000	0.024600	0.411500	0.067780	0.476500	0.094003	0.534300	0.075877	0.463800	0.102317	0.390500	0.073417	0.218500	0.126305	0.018800	0.179741	0.000000	0.175015	0.000000	0.260203	0.000000	0.368375	0.000000	0.444716	0.000000	0.429132	0.000000	0.875332	5.560020	5.266220	0.001197	15.354500	21.372000	21.179400	20.828800	0.528881	1.066460	0.000000	1.658080	0.000000	821.192000	9585.310000	4.103660	87.416500	0.000000	4100.890000	0.000000	0.000005	0.300422	0.000000	0.000000	
   68	98.020000	99.000000	98.020000	88.660000	86.430000	81.590000	101.600000	119.480000	124.240000	109.250000	90.220000	88.660000	87.260000	78.380000	65.000000	65.000000	71.500000	79.440000	101.840000	116.860000	117.250000	100.000000	93.550000	85.000000	23.640000	0.877467	0.000000	0.000000	0.000000	11.561200	14.867500	28.373700	131.726000	38.098000	0.144207	0.000000	5.287810	2.394250	0.000000	20.708400	16.906700	4.052250	4.116970	151.616000	27.475000	0.000000	0.000000	9.907110	96.010000	68.918500	47.011800	53.217700	77.303800	90.601100	103.910000	119.893000	124.974000	114.779000	111.538000	105.929000	100.714000	80.688900	67.222000	45.713400	40.977600	63.929400	101.275000	100.733000	101.465000	128.116000	109.757000	68.973700	90.510000	159.452000	194.530000	200.628000	186.006000	172.449000	165.081000	229.943000	262.389000	230.829000	112.374000	183.308000	214.206000	279.094000	283.080000	281.225000	304.657000	294.502000	279.584000	270.481000	274.106000	302.948000	210.669000	162.612000	0.337000	0.000000	0.242983	0.000000	0.174083	0.000000	0.068730	0.000000	0.002514	0.000000	0.006279	0.000000	0.008406	0.036100	0.006163	0.175900	0.008396	0.308400	0.016423	0.295800	61.240000	98.590800	95.225800	76.195100	89.542900	99.383400	90.693700	113.794000	112.285000	79.586700	66.920500	62.474300	0.029155	0.416500	0.035018	0.392000	0.044463	0.559900	0.054627	0.795400	0.095238	0.724200	0.088832	0.644700	0.086904	0.288100	0.122289	0.028100	0.186677	0.000000	0.216323	0.000000	0.261522	0.000000	0.339526	0.000000	0.382037	0.000000	0.425806	0.000000	0.875332	5.799800	5.349160	0.153919	15.614000	21.832500	21.367300	20.879200	0.532388	0.720157	0.000000	1.369410	0.000000	820.869000	9586.120000	5.547280	89.872600	0.000000	4098.030000	0.000000	0.161404	0.187877	0.000000	1.022650	
   69	98.020000	99.000000	98.020000	88.660000	86.430000	81.590000	101.600000	119.480000	124.240000	109.250000	90.220000	88.660000	87.260000	78.380000	65.000000	65.000000	71.500000	79.440000	101.840000	116.860000	117.250000	100.000000	93.550000	85.000000	23.640000	0.000000	0.000000	0.000000	0.000000	3.854690	14.853400	55.063700	107.627000	36.167700	0.000000	0.000000	0.000000	1.276670	0.000000	21.889100	20.239200	0.000000	3.598190	112.064000	32.692200	4.128620	0.000000	0.000000	96.010000	74.600400	49.306700	56.521400	78.619900	88.356500	97.684200	115.193000	117.572000	131.333000	118.348000	107.981000	101.812000	86.627200	74.471400	48.826500	48.315800	66.295900	105.288000	104.295000	112.900000	138.641000	117.899000	96.343700	90.510000	157.985000	198.243000	191.666000	187.182000	174.866000	163.799000	225.910000	255.586000	265.526000	114.037000	189.734000	212.148000	277.981000	280.112000	282.281000	307.811000	292.443000	274.882000	265.286000	273.014000	302.055000	221.765000	181.707000	0.337000	0.000000	0.242206	0.000000	0.136680	0.000000	0.017391	0.000000	0.000000	0.000000	0.000000	0.000000	0.000000	0.041400	0.000000	0.252200	0.000000	0.410600	0.000000	0.427500	61.240000	98.590800	95.225800	76.195100	57.212700	48.738800	55.708800	69.218000	91.171800	71.513100	50.808100	39.215800	0.000000	0.399600	0.015084	0.467000	0.070246	0.510100	0.030309	0.590200	0.033453	0.462000	0.032099	0.298000	0.043244	0.186300	0.077755	0.020500	0.114953	0.000000	0.122174	0.000000	0.181491	0.000000	0.259490	0.000000	0.285720	0.000000	0.309732	0.000000	0.875332	5.699070	5.710700	0.083266	15.699900	21.697500	21.184300	20.889800	0.171639	0.000000	0.000000	0.545359	0.000000	820.705000	9576.280000	4.229600	84.123400	0.000000	4109.080000	0.000000	0.237341	0.188127	0.000000	0.107493	
   70	98.020000	99.000000	98.020000	88.660000	86.430000	81.590000	101.600000	119.480000	124.240000	109.250000	90.220000	88.660000	87.260000	78.380000	65.000000	65.000000	71.500000	79.440000	101.840000	116.860000	117.250000	100.000000	93.550000	85.000000	23.640000	0.000000	0.000000	0.000000	0.000000	0.000000	8.863280	45.626700	120.818000	22.871200	4.015760	0.000000	0.000000	0.000000	0.000000	14.545100	21.377000	0.000000	11.505900	175.857000	32.838200	6.375870	6.647460	9.674090	96.010000	73.937700	52.811900	63.158100	82.962900	94.116400	106.281000	118.888000	118.146000	129.745000	121.155000	103.832000	98.745100	80.458800	53.667300	34.163500	24.475100	66.488600	92.185000	121.611000	105.830000	130.597000	111.181000	99.177800	90.510000	164.566000	197.237000	202.614000	185.938000	173.181000	159.857000	232.188000	261.519000	264.411000	120.812000	187.459000	225.277000	281.553000	282.972000	283.609000	302.000000	308.835000	247.648000	265.588000	271.983000	297.117000	216.576000	188.985000	0.337000	0.000000	0.267327	0.000000	0.154623	0.000000	0.051917	0.000000	0.000000	0.000000	0.000000	0.000000	0.000000	0.032900	0.000000	0.131300	0.000000	0.180400	0.000000	0.227300	61.240000	77.822000	70.696700	33.501200	21.729900	9.617090	38.488200	62.876500	69.969000	55.520700	54.473300	49.426300	0.000000	0.288800	0.000000	0.386400	0.000000	0.563300	0.006297	0.459500	0.016947	0.419000	0.032971	0.255400	0.082698	0.170500	0.149091	0.015900	0.144079	0.000000	0.124604	0.000000	0.178156	0.000000	0.253978	0.000000	0.300086	0.000000	0.374354	0.000000	0.875332	5.405360	5.001810	0.000000	15.074000	21.107500	21.185300	20.375200	0.049335	0.400922	0.000000	1.717720	1.687420	822.866000	9593.620000	5.172610	87.089900	0.000000	4097.000000	0.000000	0.122551	0.129312	0.035308	0.000000	
   71	98.020000	99.000000	98.020000	88.660000	86.430000	81.590000	101.600000	119.480000	124.240000	109.250000	90.220000	88.660000	87.260000	78.380000	65.000000	65.000000	71.500000	79.440000	101.840000	116.860000	117.250000	100.000000	93.550000	85.000000	23.640000	0.000000	0.000000	3.656030	0.000000	4.618230	19.281200	44.934000	122.328000	27.981700	0.000000	3.582520	0.000000	0.672973	0.000000	20.670500	19.533500	5.359010	0.000000	155.550000	72.133700	8.158050	0.152273	0.000000	96.010000	73.594400	50.717300	56.782600	81.115200	91.528700	100.359000	119.080000	115.238000	97.232300	109.256000	107.481000	99.482200	84.192600	66.935600	43.471800	41.413100	66.952600	97.119500	108.252000	103.622000	131.039000	113.399000	87.683000	90.510000	156.678000	190.534000	199.972000	187.741000	168.051000	159.989000	238.081000	249.452000	257.025000	112.171000	187.149000	214.138000	277.953000	282.402000	282.233000	303.283000	297.084000	269.176000	258.102000	268.451000	302.284000	216.837000	185.644000	0.337000	0.000000	0.261832	0.000000	0.192119	0.000000	0.065862	0.000000	0.014511	0.000000	0.015253	0.000000	0.000000	0.035100	0.016756	0.216800	0.021124	0.323200	0.016351	0.350100	61.240000	96.230500	109.631000	79.732400	65.831300	49.476700	53.043700	75.025400	92.303600	68.708500	56.949000	53.013500	0.013308	0.340800	0.024600	0.407700	0.057258	0.451000	0.068958	0.536100	0.077395	0.415700	0.068753	0.360400	0.073417	0.169700	0.115668	0.020800	0.138677	0.000000	0.164579	0.000000	0.234462	0.000000	0.328082	0.000000	0.378670	0.000000	0.458018	0.000000	0.875332	5.636020	5.180010	0.171058	15.585900	22.027100	21.649600	20.698000	0.000000	2.795020	0.000000	0.619621	0.018447	821.336000	9586.320000	2.164260	91.339300	0.043083	4102.170000	0.000000	0.000000	0.381195	0.001979	0.195988	
   72	98.020000	99.000000	98.020000	88.660000	86.430000	81.590000	101.600000	119.480000	124.240000	109.250000	90.220000	88.660000	87.260000	78.380000	65.000000	65.000000	71.500000	79.440000	101.840000	116.860000	117.250000	100.000000	93.550000	85.000000	23.640000	0.000000	0.000000	0.000000	0.000000	5.620200	17.474900	51.876600	110.036000	19.660900	13.051600	0.000000	0.000000	5.518710	2.375920	20.378700	12.057100	5.232710	9.199800	111.781000	38.763800	2.865670	0.000000	0.000000	96.010000	70.976200	52.781200	59.319500	82.267100	92.222800	99.270700	115.846000	112.896000	122.888000	127.253000	106.339000	100.941000	84.273500	68.598100	44.686500	39.153300	58.929100	94.534900	104.739000	104.920000	146.950000	110.980000	90.967700	90.510000	157.933000	190.651000	196.338000	184.106000	163.985000	162.385000	222.289000	248.767000	248.381000	113.227000	176.910000	206.477000	281.625000	278.333000	283.493000	307.681000	293.508000	258.232000	266.251000	270.874000	309.022000	217.019000	182.654000	0.337000	0.000000	0.225045	0.000000	0.126481	0.000000	0.018412	0.000000	0.000000	0.000000	0.000000	0.000000	0.009417	0.056600	0.029976	0.216900	0.000000	0.236100	0.000000	0.261900	61.240000	80.915700	70.733300	46.175500	34.902500	34.905100	60.281100	87.470700	98.268000	69.771300	67.331100	61.338300	0.000000	0.218900	0.000000	0.287000	0.000000	0.407600	0.000000	0.626600	0.000000	0.553900	0.000000	0.312700	0.000000	0.190200	0.064907	0.018600	0.129241	0.000000	0.154775	0.000000	0.246052	0.000000	0.351492	0.000000	0.387703	0.000000	0.400111	0.000000	0.875332	5.871000	5.472350	0.251249	15.970600	22.108700	21.538500	21.035100	0.259497	0.000000	0.000000	2.112410	63.545800	824.832000	9649.860000	4.761090	87.177800	0.282807	4178.450000	0.000000	0.000000	0.201445	0.000000	0.000000	
   73	98.020000	99.000000	98.020000	88.660000	86.430000	81.590000	101.600000	119.480000	124.240000	109.250000	90.220000	88.660000	87.260000	78.380000	65.000000	65.000000	71.500000	79.440000	101.840000	116.860000	117.250000	100.000000	93.550000	85.000000	23.640000	3.706300	0.000000	5.497300	4.830590	6.009430	25.894800	31.359800	131.774000	38.219000	0.000000	0.000000	0.000000	0.000000	0.000000	19.367800	21.794200	0.665520	0.000000	110.913000	37.651900	14.578600	0.000000	0.598620	96.010000	68.918500	47.011800	53.217700	77.303800	90.601100	103.910000	119.893000	124.974000	114.779000	111.538000	105.929000	100.714000	80.688900	67.222000	45.713400	40.977600	63.929400	91.775200	89.910800	104.950000	133.306000	111.359000	92.598800	90.510000	149.165000	195.316000	196.539000	184.871000	161.276000	163.060000	232.165000	251.732000	249.195000	112.276000	188.998000	213.626000	283.311000	284.990000	286.239000	315.599000	292.795000	274.111000	270.177000	273.405000	308.302000	220.182000	182.285000	0.337000	0.000000	0.254844	0.000000	0.174083	0.000000	0.068730	0.000000	0.002514	0.000000	0.033255	0.000000	0.056285	0.038400	0.010254	0.171800	0.000000	0.338800	0.000000	0.359800	61.240000	63.108100	66.286800	40.368600	29.205000	21.106800	23.714500	63.612400	95.304800	82.518100	62.423200	64.406900	0.038503	0.445300	0.062263	0.447600	0.055879	0.429600	0.041016	0.597300	0.031040	0.641800	0.013950	0.371200	0.036711	0.201300	0.070573	0.015200	0.085956	0.000000	0.108179	0.000000	0.168231	0.000000	0.234496	0.000000	0.274981	0.000000	0.285819	0.000000	0.875332	5.798810	5.471300	0.272757	16.187000	22.353900	21.427100	20.689500	0.380386	0.214264	0.000000	0.000000	0.000000	819.223000	9580.030000	2.997170	86.374300	0.700959	4078.980000	0.000000	0.127817	0.188961	0.000000	0.000000	
   74	98.020000	99.000000	98.020000	88.660000	86.430000	81.590000	101.600000	119.480000	124.240000	109.250000	90.220000	88.660000	87.260000	78.380000	65.000000	65.000000	71.500000	79.440000	101.840000	116.860000	117.250000	100.000000	93.550000	85.000000	23.640000	4.698960	1.277320	4.033090	7.151760	6.193740	22.511300	48.039000	140.764000	37.434500	0.000000	0.000000	0.000000	0.000000	0.000000	14.508700	16.711600	0.000000	2.192300	126.384000	34.404600	9.163660	6.415080	0.000000	96.010000	66.258900	48.172600	56.653200	79.499500	90.363700	95.437100	114.748000	113.998000	115.164000	122.360000	103.031000	103.078000	88.710300	72.177200	46.231800	37.787100	73.442400	98.450400	117.497000	103.812000	127.902000	109.291000	91.836600	90.510000	160.718000	188.554000	194.819000	178.746000	173.710000	162.268000	230.813000	258.121000	254.847000	125.093000	187.117000	214.586000	275.406000	279.233000	278.447000	310.531000	298.207000	267.509000	248.566000	276.593000	307.164000	215.965000	182.042000	0.337000	0.000000	0.256514	0.000000	0.176575	0.000000	0.054160	0.000000	0.026449	0.000000	0.033255	0.000000	0.034226	0.041400	0.010327	0.168300	0.001990	0.221100	0.000000	0.336500	61.240000	96.230500	96.542100	69.772300	57.156900	52.319400	56.222000	87.309100	97.547100	65.675800	54.611400	46.327500	0.040373	0.361500	0.045827	0.425700	0.043068	0.514100	0.051386	0.541000	0.056650	0.544900	0.026372	0.391700	0.039582	0.191100	0.109355	0.022100	0.135047	0.000000	0.158884	0.000000	0.249041	0.000000	0.330240	0.000000	0.400254	0.000000	0.414224	0.000000	0.875332	5.628020	5.417060	0.163450	15.631900	21.956100	21.557700	20.754100	0.000000	0.384155	0.000000	0.997055	12.179700	819.863000	9580.400000	0.845444	85.252300	0.098467	4110.240000	0.000000	0.000000	0.149552	0.000000	0.166294	
   75	98.020000	99.000000	98.020000	88.660000	86.430000	81.590000	101.600000	119.480000	124.240000	109.250000	90.220000	88.660000	87.260000	78.380000	65.000000	65.000000	71.500000	79.440000	101.840000	116.860000	117.250000	100.000000	93.550000	85.000000	23.640000	0.000000	0.000000	0.000000	0.000000	5.620200	17.474900	51.876600	110.036000	19.660900	13.051600	0.000000	0.000000	5.518710	2.375920	20.378700	12.057100	5.232710	9.199800	111.781000	38.763800	2.865670	0.000000	0.000000	96.010000	70.976200	52.781200	59.319500	82.267100	92.222800	99.270700	115.846000	112.896000	122.888000	127.253000	106.339000	100.941000	84.273500	68.598100	44.686500	39.153300	58.929100	94.534900	104.739000	104.920000	146.950000	110.980000	90.967700	90.510000	157.933000	190.651000	196.338000	184.106000	163.985000	162.385000	222.289000	248.767000	248.381000	113.227000	176.910000	206.477000	281.625000	278.333000	283.493000	307.681000	293.508000	258.232000	266.251000	270.874000	309.022000	217.019000	182.654000	0.337000	0.000000	0.225045	0.000000	0.126481	0.000000	0.018412	0.000000	0.000000	0.000000	0.000000	0.000000	0.009417	0.056600	0.029976	0.216900	0.000000	0.236100	0.000000	0.261900	61.240000	80.915700	70.733300	46.175500	34.902500	34.905100	60.281100	87.470700	98.268000	69.771300	67.331100	61.338300	0.000000	0.218900	0.000000	0.287000	0.000000	0.407600	0.000000	0.626600	0.000000	0.553900	0.000000	0.312700	0.000000	0.190200	0.064907	0.018600	0.129241	0.000000	0.154775	0.000000	0.246052	0.000000	0.351492	0.000000	0.387703	0.000000	0.400111	0.000000	0.875332	5.871000	5.472350	0.251249	15.970600	22.108700	21.538500	21.035100	0.259497	0.000000	0.000000	2.112410	63.545800	824.832000	9649.860000	4.761090	87.177800	0.282807	4178.450000	0.000000	0.000000	0.201445	0.000000	0.000000	
   76	98.020000	99.000000	98.020000	88.660000	86.430000	81.590000	101.600000	119.480000	124.240000	109.250000	90.220000	88.660000	87.260000	78.380000	65.000000	65.000000	71.500000	79.440000	101.840000	116.860000	117.250000	100.000000	93.550000	85.000000	23.640000	0.000000	0.000000	0.000000	0.000000	0.000000	8.863280	45.626700	120.818000	22.871200	4.015760	0.000000	0.000000	0.000000	0.000000	14.545100	21.377000	0.000000	11.505900	175.857000	32.838200	6.375870	6.647460	9.674090	96.010000	73.937700	52.811900	63.158100	82.962900	94.116400	106.281000	118.888000	118.146000	129.745000	121.155000	103.832000	98.745100	80.458800	53.667300	34.163500	24.475100	66.488600	92.185000	121.611000	105.830000	130.597000	111.181000	99.177800	90.510000	164.566000	197.237000	202.614000	185.938000	173.181000	159.857000	232.188000	261.519000	264.411000	120.812000	187.459000	225.277000	281.553000	282.972000	283.609000	302.000000	308.835000	247.648000	265.588000	271.983000	297.117000	216.576000	188.985000	0.337000	0.000000	0.242206	0.000000	0.136680	0.000000	0.117685	0.000000	0.086143	0.000000	0.112413	0.000000	0.107467	0.021600	0.100422	0.124500	0.074405	0.211400	0.075357	0.306500	61.240000	102.025000	100.423000	68.384100	49.365300	47.134600	60.993200	97.791800	92.950300	51.556400	37.612200	36.734700	0.075494	0.332800	0.072593	0.413000	0.075999	0.423800	0.080604	0.876200	0.098353	0.805200	0.113883	0.505800	0.153758	0.245700	0.174573	0.020200	0.225343	0.000000	0.247706	0.000000	0.313011	0.000000	0.412432	0.000000	0.479136	0.000000	0.539909	0.000000	0.875332	5.699070	5.710700	0.066482	15.595900	21.500300	21.493500	20.797800	0.280290	0.187732	0.000000	0.229751	0.000000	819.313000	9583.540000	3.296300	88.053000	0.125151	4100.900000	0.000000	0.117070	0.148170	0.000000	0.000000	
   77	98.020000	99.000000	98.020000	88.660000	86.430000	81.590000	101.600000	119.480000	124.240000	109.250000	90.220000	88.660000	87.260000	78.380000	65.000000	65.000000	71.500000	79.440000	101.840000	116.860000	117.250000	100.000000	93.550000	85.000000	23.640000	0.000000	0.000000	0.000000	0.000000	0.000000	8.863280	45.626700	120.818000	22.871200	4.015760	0.000000	0.000000	0.000000	0.000000	14.545100	21.377000	0.000000	11.505900	175.857000	32.838200	6.375870	6.647460	9.674090	96.010000	73.937700	52.811900	63.158100	82.962900	94.116400	106.281000	118.888000	118.146000	129.745000	121.155000	103.832000	98.745100	80.458800	53.667300	34.163500	24.475100	66.488600	92.185000	121.611000	105.830000	130.597000	111.181000	99.177800	90.510000	164.566000	197.237000	202.614000	185.938000	173.181000	159.857000	232.188000	261.519000	264.411000	120.812000	187.459000	225.277000	281.553000	282.972000	283.609000	302.000000	308.835000	247.648000	265.588000	271.983000	297.117000	216.576000	188.985000	0.337000	0.000000	0.215055	0.000000	0.116017	0.000000	0.020557	0.000000	0.000000	0.000000	0.005085	0.000000	0.000000	0.053000	0.000000	0.284600	0.000000	0.342500	0.000000	0.489200	61.240000	101.144000	101.760000	82.726200	67.227800	66.576200	58.639000	82.493400	64.764200	24.582500	26.222100	31.583500	0.000000	0.453400	0.000000	0.545600	0.002795	0.702100	0.007554	0.959400	0.000000	1.012700	0.000000	0.456200	0.000000	0.172700	0.049323	0.025600	0.114162	0.000000	0.116515	0.000000	0.160284	0.000000	0.251949	0.000000	0.324803	0.000000	0.373872	0.000000	0.875332	5.573820	5.533730	0.018249	14.638000	20.491300	21.122500	20.412200	0.239257	2.227400	0.000000	0.611893	0.000000	820.083000	9582.240000	4.394710	89.504900	0.102499	4091.380000	0.000000	0.093097	0.256359	0.000000	0.000000	
   78	98.020000	99.000000	98.020000	88.660000	86.430000	81.590000	101.600000	119.480000	124.240000	109.250000	90.220000	88.660000	87.260000	78.380000	65.000000	65.000000	71.500000	79.440000	101.840000	116.860000	117.250000	100.000000	93.550000	85.000000	23.640000	0.000000	0.000000	6.641140	0.923329	0.000000	18.074800	63.814100	121.151000	26.440700	4.058490	5.791970	5.951980	6.552460	0.000000	20.783100	18.300000	6.071650	0.000000	154.070000	30.422700	2.844840	0.000000	0.000000	96.010000	64.311500	49.264900	60.882000	75.766800	90.481700	96.239100	117.060000	113.214000	114.587000	115.642000	102.591000	95.615500	78.319500	63.409400	40.098200	49.892700	70.825600	103.536000	103.139000	109.094000	148.591000	113.046000	93.810500	90.510000	152.827000	188.656000	191.217000	180.542000	164.263000	159.317000	228.503000	249.211000	249.435000	110.154000	183.444000	215.947000	279.982000	282.116000	283.320000	308.046000	304.427000	275.193000	264.457000	273.141000	306.283000	221.079000	183.735000	0.337000	0.000000	0.258088	0.000000	0.192547	0.000000	0.092163	0.000000	0.037614	0.000000	0.063618	0.000000	0.063366	0.043900	0.059800	0.239200	0.063065	0.313600	0.067536	0.487400	61.240000	101.119000	104.124000	75.426100	68.848900	53.240000	55.603000	52.031200	89.510200	64.221700	51.032000	45.826900	0.079560	0.519100	0.084097	0.419500	0.082072	0.474100	0.070236	0.392100	0.061532	0.370100	0.072501	0.268200	0.066250	0.180000	0.050220	0.033700	0.082733	0.000000	0.139631	0.000000	0.227077	0.000000	0.321866	0.000000	0.370024	0.000000	0.408023	0.000000	0.875332	5.939100	5.456790	0.267381	16.524900	22.501500	21.246300	20.617900	0.428816	0.000000	0.000000	0.000000	0.000000	821.375000	9586.190000	5.228820	90.068400	0.015876	4097.700000	0.000000	0.000000	0.122143	0.000000	0.219716	
   79	98.020000	99.000000	98.020000	88.660000	86.430000	81.590000	101.600000	119.480000	124.240000	109.250000	90.220000	88.660000	87.260000	78.380000	65.000000	65.000000	71.500000	79.440000	101.840000	116.860000	117.250000	100.000000	93.550000	85.000000	23.640000	2.561160	0.000000	0.000000	1.062790	2.372190	18.355500	43.792200	112.200000	14.256900	0.224076	0.000000	0.000000	0.000000	0.000000	21.746100	10.897900	0.000000	11.736900	130.953000	46.458500	2.495790	0.962375	4.684120	96.010000	70.751700	48.103400	55.882100	75.711700	85.962700	101.081000	112.300000	111.494000	108.646000	107.799000	104.270000	97.989700	82.921400	71.012800	44.635800	42.016600	61.661700	103.486000	111.032000	104.221000	121.238000	112.519000	97.187600	90.510000	156.678000	190.534000	199.972000	187.741000	168.051000	159.989000	233.399000	259.660000	252.200000	112.147000	186.222000	214.106000	280.743000	282.820000	283.225000	311.736000	295.966000	274.188000	273.703000	280.757000	293.353000	223.526000	193.870000	0.337000	0.000000	0.284387	0.000000	0.192119	0.000000	0.065862	0.000000	0.010883	0.000000	0.015253	0.000000	0.008082	0.036500	0.000000	0.205800	0.000000	0.335700	0.029432	0.345900	61.240000	96.357600	84.311400	52.490200	56.240300	54.834000	64.597500	75.311200	89.357500	47.318200	63.002000	49.018700	0.064301	0.362600	0.081678	0.385800	0.051837	0.547600	0.061433	0.554900	0.000000	0.424200	0.000000	0.318800	0.000000	0.177400	0.020393	0.023600	0.058453	0.000000	0.070756	0.000000	0.158646	0.000000	0.245135	0.000000	0.334520	0.000000	0.445530	0.000000	0.875332	5.623250	5.385770	0.000000	14.961300	20.974200	21.614000	20.843700	0.469608	0.000000	0.000000	0.000000	0.000000	815.074000	9578.030000	0.000000	88.060800	0.606509	4089.700000	0.000000	0.069502	0.071254	0.000000	0.000000	
   80	98.020000	99.000000	98.020000	88.660000	86.430000	81.590000	101.600000	119.480000	124.240000	109.250000	90.220000	88.660000	87.260000	78.380000	65.000000	65.000000	71.500000	79.440000	101.840000	116.860000	117.250000	100.000000	93.550000	85.000000	23.640000	0.000000	2.183530	6.505020	8.843720	7.194630	18.540800	48.582300	125.386000	29.517700	0.000000	0.000000	0.000000	0.000000	0.000000	16.893300	14.168400	0.274322	12.551300	99.214800	6.245350	3.114840	0.983959	0.000000	96.010000	68.607700	49.437300	56.863200	76.866100	87.704100	92.264900	112.844000	116.953000	103.395000	117.522000	106.062000	98.126100	85.965800	71.237400	46.513000	41.994400	59.680400	106.271000	123.927000	107.532000	129.300000	113.195000	85.675800	90.510000	156.391000	190.828000	197.263000	187.130000	168.861000	163.832000	236.193000	253.680000	260.868000	107.639000	183.973000	217.253000	279.712000	281.484000	282.435000	304.279000	292.248000	280.887000	262.633000	280.926000	298.292000	224.377000	188.790000	0.337000	0.000000	0.214359	0.000000	0.118221	0.000000	0.026364	0.000000	0.000000	0.000000	0.000000	0.000000	0.000000	0.041700	0.000000	0.209600	0.000000	0.316600	0.000000	0.330400	61.240000	130.011000	121.987000	103.200000	91.048700	78.677300	100.666000	109.559000	113.109000	118.601000	67.082200	48.549800	0.000000	0.462900	0.000000	0.588400	0.002583	0.727000	0.015683	0.793400	0.043068	0.684600	0.030762	0.537900	0.007938	0.255300	0.039695	0.025100	0.117179	0.000000	0.152042	0.000000	0.185712	0.000000	0.262832	0.000000	0.321746	0.000000	0.359404	0.000000	0.875332	5.624890	5.222530	0.000000	15.220600	21.184000	21.493300	20.811800	0.078217	3.195060	0.000000	36.284600	110.251000	840.363000	9610.630000	0.000000	82.463600	0.000000	4102.700000	0.000000	0.098433	0.199118	0.000000	0.076606	
   81	98.020000	99.000000	98.020000	88.660000	86.430000	81.590000	101.600000	119.480000	124.240000	109.250000	90.220000	88.660000	87.260000	78.380000	65.000000	65.000000	71.500000	79.440000	101.840000	116.860000	117.250000	100.000000	93.550000	85.000000	23.640000	0.000000	0.000000	0.000000	0.000000	0.000000	15.747300	35.700000	129.607000	33.396800	0.000000	0.000000	1.759140	0.000000	0.000000	17.877500	19.775400	7.352320	7.771900	135.972000	35.505400	0.119290	0.000000	1.582660	96.010000	72.255400	52.692400	60.233100	74.972500	86.850900	87.749300	115.324000	115.860000	112.201000	114.868000	103.118000	96.500100	83.606200	69.176900	47.259000	40.632100	58.183200	98.603200	102.001000	107.604000	131.235000	115.386000	93.607000	90.510000	164.502000	197.660000	201.984000	187.930000	169.459000	160.951000	230.109000	259.578000	240.192000	109.987000	184.744000	217.627000	277.030000	279.401000	280.852000	305.841000	294.038000	282.778000	263.319000	277.445000	293.012000	221.206000	181.176000	0.337000	0.000000	0.267327	0.000000	0.157460	0.000000	0.051917	0.000000	0.073016	0.000000	0.091592	0.000000	0.099888	0.042200	0.110299	0.215000	0.000000	0.269000	0.000000	0.353400	61.240000	101.144000	101.760000	82.726200	64.249800	59.485300	75.668900	91.339500	109.223000	80.933200	62.084000	52.526300	0.000000	0.389600	0.000000	0.406100	0.000000	0.445900	0.000000	0.595500	0.000000	0.634500	0.000000	0.373600	0.128466	0.281100	0.126041	0.024100	0.123260	0.000000	0.133716	0.000000	0.212002	0.000000	0.315572	0.000000	0.363219	0.000000	0.375120	0.000000	0.875332	5.798810	5.471300	0.272757	16.187000	22.353900	21.327400	20.748200	0.199632	1.371540	0.000000	3.874060	12.451200	830.613000	9621.670000	8.562830	81.627100	0.000000	4128.200000	0.000000	0.000000	0.200680	0.000000	0.000000	
   82	98.020000	99.000000	98.020000	88.660000	86.430000	81.590000	101.600000	119.480000	124.240000	109.250000	90.220000	88.660000	87.260000	78.380000	65.000000	65.000000	71.500000	79.440000	101.840000	116.860000	117.250000	100.000000	93.550000	85.000000	23.640000	0.549282	0.000000	0.000000	0.000000	4.007460	14.914300	37.750800	108.788000	18.659700	0.323563	0.000000	3.740050	3.626080	3.821010	23.720200	27.497400	5.474410	6.279230	104.906000	45.994800	3.234070	1.386370	0.000000	96.010000	68.918500	47.011800	53.217700	77.303800	90.601100	103.910000	124.591000	119.728000	124.830000	112.862000	110.659000	99.681300	79.034500	61.649600	42.015900	36.337900	56.880600	112.111000	107.673000	108.753000	130.762000	111.829000	101.441000	90.510000	159.452000	194.530000	200.628000	186.006000	172.449000	165.081000	239.782000	245.347000	257.994000	108.290000	180.096000	218.115000	280.109000	283.438000	283.112000	311.547000	295.108000	274.441000	268.800000	281.458000	291.729000	220.187000	190.919000	0.337000	0.000000	0.258370	0.000000	0.174083	0.000000	0.068730	0.000000	0.031186	0.000000	0.023463	0.000000	0.015112	0.044000	0.019156	0.198800	0.010595	0.320200	0.000000	0.376000	61.240000	87.123900	85.723000	68.366800	60.406600	58.501400	53.481800	93.362100	86.969700	77.546300	52.146500	55.514600	0.031078	0.401800	0.055269	0.401100	0.043284	0.467100	0.058195	0.627300	0.118604	0.587400	0.000000	0.344500	0.076164	0.195000	0.061858	0.015900	0.092432	0.000000	0.133716	0.000000	0.212002	0.000000	0.321673	0.000000	0.372932	0.000000	0.399129	0.000000	0.875332	5.848520	5.346320	0.148770	15.465000	21.579800	21.314200	20.759000	0.219982	0.000000	0.000000	0.000000	0.000000	819.307000	9602.480000	4.833240	90.298900	1.992990	4066.150000	0.000000	0.000000	0.257096	0.000000	0.000000	
   83	98.020000	99.000000	98.020000	88.660000	86.430000	81.590000	101.600000	119.480000	124.240000	109.250000	90.220000	88.660000	87.260000	78.380000	65.000000	65.000000	71.500000	79.440000	101.840000	116.860000	117.250000	100.000000	93.550000	85.000000	23.640000	0.000000	0.000000	0.000000	0.000000	0.000000	12.605300	43.554100	108.310000	25.071700	6.863860	3.615690	6.009080	0.000000	0.000000	22.803300	21.820500	2.532060	0.000000	119.666000	18.197600	4.316360	3.452720	0.000000	96.010000	65.915500	45.480800	54.382000	74.039200	86.191800	94.290300	108.749000	114.906000	112.641000	110.310000	111.498000	95.552800	89.351800	71.412400	50.880000	56.181900	57.625400	95.442100	100.711000	100.919000	128.844000	113.018000	89.859400	90.510000	156.735000	185.203000	189.752000	183.231000	161.304000	159.925000	226.852000	252.930000	235.412000	110.882000	186.979000	210.904000	281.013000	282.953000	282.844000	305.462000	294.695000	262.874000	265.967000	272.064000	295.490000	218.250000	187.351000	0.337000	0.000000	0.266498	0.000000	0.206504	0.000000	0.094453	0.000000	0.029479	0.000000	0.054002	0.000000	0.050431	0.038300	0.032981	0.208200	0.010595	0.335300	0.007062	0.455100	61.240000	96.230500	96.542100	69.772300	57.156900	52.319400	56.222000	87.470700	98.268000	69.771300	67.331100	61.338300	0.038503	0.451400	0.078091	0.402300	0.053738	0.548900	0.073399	0.633100	0.058229	0.503600	0.102322	0.411900	0.116349	0.205200	0.143152	0.018900	0.160657	0.000000	0.166951	0.000000	0.230068	0.000000	0.292317	0.000000	0.346516	0.000000	0.396682	0.000000	0.875332	5.746300	5.320590	0.134896	15.627800	21.779700	21.472300	20.817500	0.553169	0.646690	0.000000	0.772469	1.933560	821.731000	9588.640000	4.851350	86.623200	0.000000	4104.270000	0.000000	0.155619	0.264120	0.000000	0.000000	
   84	98.020000	99.000000	98.020000	88.660000	86.430000	81.590000	101.600000	119.480000	124.240000	109.250000	90.220000	88.660000	87.260000	78.380000	65.000000	65.000000	71.500000	79.440000	101.840000	116.860000	117.250000	100.000000	93.550000	85.000000	23.640000	0.549282	0.000000	0.000000	0.000000	4.007460	14.914300	37.750800	108.788000	18.659700	0.323563	0.000000	3.740050	3.626080	3.821010	23.720200	27.497400	5.474410	6.279230	104.906000	45.994800	3.234070	1.386370	0.000000	96.010000	68.918500	47.011800	53.217700	77.303800	90.601100	103.910000	124.591000	119.728000	124.830000	112.862000	110.659000	99.681300	79.034500	61.649600	42.015900	36.337900	56.880600	112.111000	107.673000	108.753000	130.762000	111.829000	101.441000	90.510000	159.452000	194.530000	200.628000	186.006000	172.449000	165.081000	239.782000	245.347000	257.994000	108.290000	180.096000	218.115000	280.109000	283.438000	283.112000	311.547000	295.108000	274.441000	268.800000	281.458000	291.729000	220.187000	190.919000	0.337000	0.000000	0.258370	0.000000	0.174083	0.000000	0.068730	0.000000	0.031186	0.000000	0.023463	0.000000	0.015112	0.044000	0.019156	0.198800	0.010595	0.320200	0.000000	0.376000	61.240000	87.123900	85.723000	68.366800	60.406600	58.501400	53.481800	93.362100	86.969700	77.546300	52.146500	55.514600	0.031078	0.401800	0.055269	0.401100	0.043284	0.467100	0.058195	0.627300	0.118604	0.587400	0.000000	0.344500	0.076164	0.195000	0.061858	0.015900	0.092432	0.000000	0.133716	0.000000	0.212002	0.000000	0.315572	0.000000	0.363219	0.000000	0.375120	0.000000	0.875332	5.746300	5.320590	0.134896	15.627800	21.779700	21.472300	20.817500	0.553169	0.646690	0.000000	6.221490	57.907400	827.658000	9621.750000	0.000000	81.627100	0.000000	4128.200000	0.000000	0.000000	0.200680	0.000000	0.000000	
   85	98.020000	99.000000	98.020000	88.660000	86.430000	81.590000	101.600000	119.480000	124.240000	109.250000	90.220000	88.660000	87.260000	78.380000	65.000000	65.000000	71.500000	79.440000	101.840000	116.860000	117.250000	100.000000	93.550000	85.000000	23.640000	0.000000	0.000000	0.000000	0.000000	0.000000	15.316900	55.136900	111.482000	16.306400	0.000000	6.580470	0.000000	0.110767	0.000000	23.455900	23.138400	0.000000	15.800400	135.302000	21.928700	9.746860	6.297060	0.765431	96.010000	68.550500	49.190700	61.029500	79.518700	89.049400	105.114000	119.393000	121.558000	110.068000	116.841000	109.734000	103.490000	87.321900	73.273700	51.765200	48.544400	69.293500	111.281000	108.936000	112.571000	132.894000	116.304000	98.465700	90.510000	159.609000	188.755000	192.298000	187.401000	172.130000	167.544000	224.210000	261.073000	255.261000	115.233000	184.854000	217.844000	281.198000	281.783000	282.309000	310.486000	291.291000	278.312000	269.813000	273.848000	298.172000	219.386000	187.380000	0.337000	0.000000	0.270780	0.000000	0.195860	0.000000	0.084318	0.000000	0.000000	0.000000	0.000000	0.000000	0.000000	0.035600	0.000000	0.193800	0.000000	0.300700	0.031741	0.427000	61.240000	117.277000	110.677000	59.514900	62.615800	57.679200	27.855100	80.100000	71.822400	52.481400	45.944500	46.607500	0.092788	0.455900	0.109074	0.327100	0.118558	0.410200	0.162042	0.620200	0.224899	0.638900	0.252635	0.410200	0.264565	0.207700	0.277143	0.016000	0.249727	0.000000	0.202905	0.000000	0.204348	0.000000	0.245766	0.000000	0.267627	0.000000	0.289316	0.000000	0.875332	5.811250	5.453090	0.136902	15.633800	21.952800	21.348300	20.808400	0.346291	0.258670	0.000000	0.000000	0.000000	819.969000	9589.460000	5.501040	88.876300	0.685941	4091.770000	0.000000	0.066375	0.102573	0.025812	0.000000	
   86	98.020000	99.000000	98.020000	88.660000	86.430000	81.590000	101.600000	119.480000	124.240000	109.250000	90.220000	88.660000	87.260000	78.380000	65.000000	65.000000	71.500000	79.440000	101.840000	116.860000	117.250000	100.000000	93.550000	85.000000	23.640000	0.000000	0.000000	0.000000	0.000000	0.000000	12.605300	43.554100	108.310000	25.071700	6.863860	3.615690	6.009080	0.000000	0.000000	22.803300	21.820500	2.532060	0.000000	119.666000	18.197600	4.316360	3.452720	0.000000	96.010000	65.915500	45.480800	54.382000	74.039200	86.191800	94.290300	108.749000	114.906000	112.641000	110.310000	111.498000	95.552800	89.351800	71.412400	50.880000	56.181900	57.625400	95.442100	100.711000	100.919000	128.844000	113.018000	89.859400	90.510000	156.735000	185.203000	189.752000	183.231000	161.304000	159.925000	226.852000	252.930000	235.412000	110.882000	186.979000	210.904000	281.013000	282.953000	282.844000	305.462000	294.695000	262.874000	265.967000	272.064000	295.490000	218.250000	187.351000	0.337000	0.000000	0.266498	0.000000	0.206504	0.000000	0.094453	0.000000	0.029479	0.000000	0.054002	0.000000	0.050431	0.038300	0.032981	0.208200	0.010595	0.335300	0.007062	0.455100	61.240000	96.230500	96.542100	69.772300	57.156900	52.319400	56.222000	87.470700	98.268000	69.771300	67.331100	61.338300	0.038503	0.451400	0.078091	0.402300	0.053738	0.548900	0.073399	0.633100	0.058229	0.503600	0.102322	0.411900	0.116349	0.205200	0.143152	0.018900	0.160657	0.000000	0.166951	0.000000	0.230068	0.000000	0.292317	0.000000	0.346516	0.000000	0.396682	0.000000	0.875332	5.746300	5.320590	0.134896	15.627800	21.779700	21.472300	20.817500	0.553169	0.646690	0.000000	0.772469	1.933560	821.731000	9588.640000	4.851350	86.623200	0.000000	4104.270000	0.000000	0.155619	0.264120	0.000000	0.000000	
   87	98.020000	99.000000	98.020000	88.660000	86.430000	81.590000	101.600000	119.480000	124.240000	109.250000	90.220000	88.660000	87.260000	78.380000	65.000000	65.000000	71.500000	79.440000	101.840000	116.860000	117.250000	100.000000	93.550000	85.000000	23.640000	3.706300	0.000000	5.497300	4.830590	6.009430	25.894800	31.359800	131.774000	38.219000	0.000000	0.000000	0.000000	0.000000	0.000000	19.367800	21.794200	0.665520	0.000000	110.913000	37.651900	14.578600	0.000000	0.598620	96.010000	68.918500	47.011800	53.217700	77.303800	90.601100	103.910000	119.893000	124.974000	114.779000	111.538000	105.929000	100.714000	80.688900	67.222000	45.713400	40.977600	63.929400	91.775200	89.910800	104.950000	133.306000	111.359000	92.598800	90.510000	149.165000	195.316000	196.539000	184.871000	161.276000	163.060000	232.165000	251.732000	249.195000	112.276000	188.998000	213.626000	283.311000	284.990000	286.239000	315.599000	292.795000	274.111000	270.177000	273.405000	308.302000	220.182000	182.285000	0.337000	0.000000	0.254844	0.000000	0.174083	0.000000	0.068730	0.000000	0.002514	0.000000	0.033255	0.000000	0.056285	0.038400	0.010254	0.171800	0.000000	0.338800	0.000000	0.359800	61.240000	94.965200	98.389300	69.953500	60.853500	47.231500	29.778400	85.737000	82.955600	59.083900	53.132600	56.274900	0.000000	0.315700	0.000000	0.259800	0.000000	0.280800	0.000000	0.386600	0.025908	0.411900	0.059601	0.194700	0.092160	0.121500	0.115092	0.013900	0.102775	0.000000	0.114175	0.000000	0.149343	0.000000	0.217463	0.000000	0.272525	0.000000	0.306498	0.000000	0.875332	5.835990	5.255110	0.133499	15.732900	21.676600	21.463600	20.771700	0.295482	0.000000	0.000000	0.000000	0.000000	821.253000	9598.920000	4.548910	90.733100	0.424415	4101.290000	0.000000	0.000000	0.237627	0.014759	0.000000	
   88	98.020000	99.000000	98.020000	88.660000	86.430000	81.590000	101.600000	119.480000	124.240000	109.250000	90.220000	88.660000	87.260000	78.380000	65.000000	65.000000	71.500000	79.440000	101.840000	116.860000	117.250000	100.000000	93.550000	85.000000	23.640000	0.000000	0.000000	3.656030	0.000000	4.618230	19.281200	44.934000	122.328000	27.981700	0.000000	3.582520	0.000000	0.672973	0.000000	20.670500	19.533500	5.359010	0.000000	155.550000	72.133700	8.158050	0.152273	0.000000	96.010000	73.594400	50.717300	56.782600	81.115200	91.528700	100.359000	119.080000	115.238000	97.232300	109.256000	107.481000	99.482200	84.192600	66.935600	43.471800	41.413100	66.952600	97.119500	108.252000	103.622000	131.039000	113.399000	87.683000	90.510000	156.678000	190.534000	199.972000	187.741000	168.051000	159.989000	238.081000	249.452000	257.025000	112.171000	187.149000	214.138000	277.953000	282.402000	282.233000	303.283000	297.084000	269.176000	258.102000	268.451000	302.284000	216.837000	185.644000	0.337000	0.000000	0.261832	0.000000	0.192119	0.000000	0.065862	0.000000	0.014511	0.000000	0.015253	0.000000	0.000000	0.035100	0.016756	0.216800	0.021124	0.323200	0.016351	0.350100	61.240000	96.230500	109.631000	79.732400	65.831300	49.476700	53.043700	75.025400	92.303600	68.708500	56.949000	53.013500	0.013308	0.340800	0.024600	0.407700	0.057258	0.451000	0.068958	0.536100	0.077395	0.415700	0.068753	0.360400	0.073417	0.169700	0.115668	0.020800	0.138677	0.000000	0.164579	0.000000	0.234462	0.000000	0.328082	0.000000	0.378670	0.000000	0.458018	0.000000	0.875332	5.636020	5.180010	0.171058	15.585900	22.027100	21.649600	20.698000	0.000000	2.795020	0.000000	0.619621	0.018447	821.336000	9586.320000	2.164260	91.339300	0.043083	4102.170000	0.000000	0.000000	0.381195	0.001979	0.195988	
   89	98.020000	99.000000	98.020000	88.660000	86.430000	81.590000	101.600000	119.480000	124.240000	109.250000	90.220000	88.660000	87.260000	78.380000	65.000000	65.000000	71.500000	79.440000	101.840000	116.860000	117.250000	100.000000	93.550000	85.000000	23.640000	0.000000	5.349240	10.440000	0.000000	8.630610	22.912900	63.538400	146.873000	28.112100	0.000000	0.000000	0.000000	0.000000	0.000000	16.227200	20.501500	4.415010	3.830000	138.899000	32.549500	6.191500	0.000000	3.360470	96.010000	76.801000	48.170700	63.085900	77.197800	91.295700	91.312200	119.401000	126.684000	116.493000	116.897000	108.901000	98.743600	80.014600	61.644200	42.571600	32.746400	59.643200	109.013000	103.812000	109.399000	142.546000	112.045000	83.094800	90.510000	150.897000	193.450000	199.552000	182.540000	162.000000	162.500000	243.338000	251.363000	243.217000	117.916000	187.761000	218.034000	288.938000	285.969000	289.075000	314.781000	294.984000	273.292000	265.086000	274.396000	302.576000	217.299000	182.085000	0.337000	0.000000	0.261832	0.000000	0.165529	0.000000	0.051173	0.000000	0.003611	0.000000	0.004665	0.000000	0.000000	0.038300	0.016756	0.134200	0.000000	0.240800	0.000000	0.351500	61.240000	85.325800	88.536900	53.882100	46.088100	40.572100	42.971500	78.023300	88.195700	80.841100	55.453900	44.258200	0.000000	0.356400	0.000000	0.315500	0.000000	0.379800	0.000000	0.481900	0.025908	0.498600	0.059601	0.335700	0.092160	0.185500	0.115092	0.016500	0.157232	0.000000	0.195872	0.000000	0.269084	0.000000	0.351824	0.000000	0.395264	0.000000	0.391669	0.000000	0.875332	5.665340	5.615110	0.095471	15.780000	21.616400	21.471000	20.766500	0.295482	0.000000	0.000000	0.000000	0.000000	821.253000	9598.920000	4.548910	90.733100	0.424415	4071.960000	0.000000	0.165384	0.099957	0.000000	0.208676	
   90	98.020000	99.000000	98.020000	88.660000	86.430000	81.590000	101.600000	119.480000	124.240000	109.250000	90.220000	88.660000	87.260000	78.380000	65.000000	65.000000	71.500000	79.440000	101.840000	116.860000	117.250000	100.000000	93.550000	85.000000	23.640000	4.698960	1.277320	4.033090	7.151760	6.193740	22.511300	48.039000	140.764000	37.434500	0.000000	0.000000	0.000000	0.000000	0.000000	14.508700	16.711600	0.000000	2.192300	126.384000	34.404600	9.163660	6.415080	0.000000	96.010000	66.258900	48.172600	56.653200	79.499500	90.363700	95.437100	114.748000	113.998000	115.164000	122.360000	103.031000	103.078000	88.710300	72.177200	46.231800	37.787100	73.442400	98.450400	117.497000	103.812000	127.902000	109.291000	91.836600	90.510000	160.718000	188.554000	194.819000	178.746000	173.710000	162.268000	230.813000	258.121000	254.847000	125.093000	187.117000	214.586000	275.406000	279.233000	278.447000	310.531000	298.207000	267.509000	248.566000	276.593000	307.164000	215.965000	182.042000	0.337000	0.000000	0.256514	0.000000	0.176575	0.000000	0.054160	0.000000	0.026449	0.000000	0.033255	0.000000	0.034226	0.041400	0.010327	0.168300	0.001990	0.221100	0.000000	0.336500	61.240000	96.230500	96.542100	69.772300	57.156900	52.319400	56.222000	87.309100	97.547100	65.675800	54.611400	46.327500	0.040373	0.361500	0.045827	0.425700	0.043068	0.514100	0.051386	0.541000	0.056650	0.544900	0.026372	0.391700	0.039582	0.191100	0.109355	0.022100	0.135047	0.000000	0.158884	0.000000	0.249041	0.000000	0.330240	0.000000	0.400254	0.000000	0.414224	0.000000	0.875332	5.628020	5.417060	0.163450	15.631900	21.956100	21.557700	20.754100	0.000000	0.384155	0.000000	0.997055	12.179700	819.863000	9580.400000	0.845444	85.252300	0.098467	4110.240000	0.000000	0.000000	0.149552	0.000000	0.166294	
   91	98.020000	99.000000	98.020000	88.660000	86.430000	81.590000	101.600000	119.480000	124.240000	109.250000	90.220000	88.660000	87.260000	78.380000	65.000000	65.000000	71.500000	79.440000	101.840000	116.860000	117.250000	100.000000	93.550000	85.000000	23.640000	0.000000	0.000000	0.000000	0.000000	0.000000	14.235500	48.746400	119.510000	26.659900	1.591980	4.573580	3.173090	5.447700	4.551500	22.385800	25.925000	6.112980	18.236100	185.936000	19.663800	5.364280	0.000000	0.000000	96.010000	64.311500	49.264900	60.882000	81.249100	92.075100	102.532000	118.732000	117.263000	122.985000	119.629000	109.648000	103.514000	87.213000	69.534500	47.778100	51.802700	65.090600	104.227000	117.635000	108.143000	126.858000	112.570000	97.174700	90.510000	161.116000	190.079000	196.859000	184.050000	170.229000	160.683000	232.042000	254.320000	255.192000	113.845000	189.181000	218.587000	279.959000	281.637000	276.482000	307.716000	293.839000	275.446000	255.510000	280.664000	303.139000	218.891000	190.069000	0.337000	0.000000	0.280050	0.000000	0.220787	0.000000	0.131187	0.000000	0.082963	0.000000	0.046318	0.000000	0.060444	0.066800	0.000000	0.204300	0.000000	0.301700	0.000000	0.288500	61.240000	85.444200	80.207100	53.832200	38.853800	45.091500	55.678200	94.047300	95.304800	118.601000	67.082200	69.494900	0.131296	0.306400	0.151516	0.324600	0.165638	0.522900	0.161676	0.784800	0.155554	0.591400	0.056704	0.310800	0.069799	0.135200	0.094818	0.013900	0.123448	0.000000	0.152639	0.000000	0.221794	0.000000	0.306658	0.000000	0.335293	0.000000	0.340386	0.000000	0.875332	5.830330	5.308370	0.122605	15.637500	21.662600	21.388100	20.852400	0.380802	0.581768	0.000000	0.955204	0.000000	821.147000	9583.550000	3.403940	90.036800	0.022625	4213.440000	0.000000	0.001236	0.226717	0.000000	0.000000	
   92	98.020000	99.000000	98.020000	88.660000	86.430000	81.590000	101.600000	119.480000	124.240000	109.250000	90.220000	88.660000	87.260000	78.380000	65.000000	65.000000	71.500000	79.440000	101.840000	116.860000	117.250000	100.000000	93.550000	85.000000	23.640000	5.490110	2.413060	0.000000	7.115210	3.483380	13.660600	60.068000	104.028000	14.722800	0.000000	6.214850	7.511150	0.000000	0.000000	18.592800	18.441900	1.327530	7.391520	141.617000	19.252100	2.172590	0.187096	0.000000	96.010000	69.937200	48.291000	56.404300	74.972500	90.324900	102.691000	118.221000	117.571000	109.468000	115.817000	100.279000	95.102500	79.826100	63.490400	39.349700	38.975800	59.263800	101.725000	98.232900	108.871000	124.424000	116.668000	99.810100	90.510000	157.660000	191.885000	200.017000	187.930000	170.513000	157.572000	226.630000	259.832000	242.941000	109.389000	183.186000	212.504000	280.172000	279.984000	285.090000	309.840000	297.527000	280.902000	269.677000	286.884000	300.336000	226.807000	192.883000	0.337000	0.000000	0.299999	0.000000	0.299880	0.000000	0.191733	0.000000	0.128961	0.000000	0.000000	0.000000	0.000000	0.038300	0.000000	0.236800	0.000000	0.343800	0.000000	0.480900	61.240000	104.600000	109.631000	79.732400	65.831300	49.476700	53.043700	93.451500	104.894000	75.765000	61.403000	57.201700	0.000000	0.526400	0.000000	0.519000	0.000000	0.713700	0.013443	0.866400	0.042838	0.802600	0.036881	0.480400	0.027177	0.222400	0.039272	0.025200	0.059752	0.000000	0.062854	0.000000	0.109310	0.000000	0.191868	0.000000	0.219457	0.000000	0.243552	0.000000	0.875332	5.891280	5.525840	0.250699	15.732200	21.493800	21.336300	20.854900	0.473320	0.590937	0.000000	1.083010	0.000000	819.046000	9569.450000	4.256460	88.381600	0.070717	4095.250000	0.000000	0.046557	0.223993	0.000000	0.000000	
   93	98.020000	99.000000	98.020000	88.660000	86.430000	81.590000	101.600000	119.480000	124.240000	109.250000	90.220000	88.660000	87.260000	78.380000	65.000000	65.000000	71.500000	79.440000	101.840000	116.860000	117.250000	100.000000	93.550000	85.000000	23.640000	0.000000	0.000000	3.656030	0.000000	4.618230	19.281200	44.934000	122.328000	27.981700	0.000000	3.582520	0.000000	0.672973	0.000000	20.670500	19.533500	5.359010	0.000000	155.550000	72.133700	8.158050	0.152273	0.000000	96.010000	73.594400	50.717300	56.782600	81.115200	91.528700	100.359000	119.080000	115.238000	97.232300	109.256000	107.481000	99.482200	84.192600	66.935600	43.471800	41.413100	66.952600	97.119500	108.252000	103.622000	131.039000	113.399000	87.683000	90.510000	156.678000	190.534000	199.972000	187.741000	168.051000	159.989000	238.081000	249.452000	257.025000	112.171000	187.149000	214.138000	277.953000	282.402000	282.233000	303.283000	297.084000	269.176000	258.102000	268.451000	302.284000	216.837000	185.644000	0.337000	0.000000	0.261832	0.000000	0.192119	0.000000	0.065862	0.000000	0.014511	0.000000	0.015253	0.000000	0.000000	0.035100	0.016756	0.216800	0.021124	0.323200	0.016351	0.350100	61.240000	96.230500	109.631000	79.732400	65.831300	49.476700	53.043700	75.025400	92.303600	68.708500	56.949000	53.013500	0.013308	0.340800	0.024600	0.407700	0.057258	0.451000	0.068958	0.536100	0.077395	0.415700	0.068753	0.360400	0.073417	0.169700	0.115668	0.020800	0.138677	0.000000	0.164579	0.000000	0.234462	0.000000	0.328082	0.000000	0.378670	0.000000	0.458018	0.000000	0.875332	5.636020	5.180010	0.171058	15.585900	22.027100	21.649600	20.698000	0.000000	2.795020	0.000000	0.619621	0.018447	821.336000	9586.320000	2.164260	91.339300	0.043083	4102.170000	0.000000	0.000000	0.381195	0.001979	0.195988	
   94	98.020000	99.000000	98.020000	88.660000	86.430000	81.590000	101.600000	119.480000	124.240000	109.250000	90.220000	88.660000	87.260000	78.380000	65.000000	65.000000	71.500000	79.440000	101.840000	116.860000	117.250000	100.000000	93.550000	85.000000	23.640000	3.504720	0.000000	0.000000	0.000000	8.746040	19.318400	87.936900	122.656000	14.553700	0.057675	2.864500	0.529125	0.840671	0.000000	20.783100	18.300000	6.071650	0.000000	154.070000	30.422700	2.844840	0.000000	0.000000	96.010000	67.985200	50.922900	57.125100	81.061700	92.493000	100.651000	120.638000	126.046000	114.769000	112.192000	108.480000	91.052700	79.481000	67.591600	38.725500	38.366100	59.719800	102.349000	91.300700	108.470000	133.028000	113.902000	96.986500	90.510000	157.533000	182.292000	198.898000	176.058000	164.161000	168.326000	238.168000	250.865000	238.663000	112.356000	188.698000	211.016000	277.977000	283.424000	280.229000	308.965000	294.195000	278.053000	251.195000	272.975000	301.592000	216.985000	177.030000	0.337000	0.000000	0.278792	0.000000	0.190445	0.000000	0.081152	0.000000	0.026449	0.000000	0.052979	0.000000	0.059607	0.035400	0.058077	0.164100	0.081628	0.275900	0.102042	0.356700	61.240000	98.542600	98.750400	68.315300	65.187800	60.900800	57.309400	98.046200	101.110000	92.633500	68.073000	49.942600	0.123669	0.328800	0.141154	0.359500	0.149724	0.471200	0.138655	0.579600	0.120517	0.563000	0.114908	0.519400	0.139659	0.252300	0.138162	0.019500	0.152761	0.000000	0.174623	0.000000	0.254969	0.000000	0.348520	0.000000	0.404099	0.000000	0.436045	0.000000	0.875332	5.722200	5.404110	0.113400	15.759400	21.648100	21.482100	20.740700	0.519026	0.309561	0.000000	0.000000	0.000000	821.810000	9597.540000	5.339620	87.717400	0.657310	4103.160000	0.000000	0.053204	0.140657	0.000000	0.000000	
   95	98.020000	99.000000	98.020000	88.660000	86.430000	81.590000	101.600000	119.480000	124.240000	109.250000	90.220000	88.660000	87.260000	78.380000	65.000000	65.000000	71.500000	79.440000	101.840000	116.860000	117.250000	100.000000	93.550000	85.000000	23.640000	0.000000	0.000000	0.000000	0.000000	6.643490	17.318100	73.853100	122.104000	20.517400	0.000000	0.000000	0.162587	0.000000	0.000000	18.747400	14.510300	0.663738	11.744100	184.661000	23.555800	9.845650	0.000000	3.982740	96.010000	70.648900	53.131600	58.842600	82.604900	92.143000	98.901900	118.005000	121.171000	119.186000	121.019000	110.972000	97.617700	82.679600	68.523300	41.889500	26.776700	54.877800	102.358000	117.813000	107.397000	137.177000	111.114000	96.860000	90.510000	164.987000	190.538000	194.633000	186.524000	164.796000	161.798000	222.864000	255.596000	246.734000	116.357000	188.004000	212.460000	278.179000	278.414000	282.411000	303.886000	300.457000	265.074000	266.460000	263.736000	296.315000	217.074000	190.965000	0.337000	0.000000	0.260989	0.000000	0.192119	0.000000	0.081152	0.000000	0.026449	0.000000	0.052979	0.000000	0.059607	0.035800	0.058077	0.144400	0.017468	0.311000	0.102042	0.338100	61.240000	98.074100	98.389300	69.953500	60.853500	47.231500	29.778400	85.737000	82.955600	59.083900	53.132600	43.034300	0.123669	0.449300	0.120904	0.500300	0.142298	0.672000	0.106725	0.584700	0.000000	0.836700	0.000000	0.538300	0.000000	0.214000	0.014781	0.017800	0.077654	0.000000	0.139647	0.000000	0.260075	0.000000	0.395204	0.000000	0.433830	0.000000	0.441076	0.000000	0.875332	5.390150	5.350760	0.000000	14.437700	20.255900	21.530100	20.888200	0.391828	0.007396	0.000000	1.956000	19.224800	825.390000	9616.340000	6.362900	89.826600	0.000000	4160.020000	0.000000	0.103038	0.207889	0.000000	0.127278	
   96	98.020000	99.000000	98.020000	88.660000	86.430000	81.590000	101.600000	119.480000	124.240000	109.250000	90.220000	88.660000	87.260000	78.380000	65.000000	65.000000	71.500000	79.440000	101.840000	116.860000	117.250000	100.000000	93.550000	85.000000	23.640000	0.000000	0.000000	0.000000	0.000000	0.000000	14.235500	48.746400	119.510000	26.659900	1.591980	4.573580	3.173090	5.447700	4.551500	22.385800	25.925000	6.112980	18.236100	185.936000	19.663800	5.364280	0.000000	0.000000	96.010000	64.311500	49.264900	60.882000	81.249100	92.075100	102.532000	118.732000	117.263000	122.985000	119.629000	109.648000	103.514000	87.213000	69.534500	47.778100	51.802700	65.090600	104.227000	117.635000	108.143000	126.858000	112.570000	97.174700	90.510000	161.116000	190.079000	196.859000	184.050000	170.229000	160.683000	232.042000	254.320000	255.192000	113.845000	189.181000	218.587000	279.959000	281.637000	276.482000	307.716000	293.839000	275.446000	255.510000	280.664000	303.139000	218.891000	190.069000	0.337000	0.000000	0.254000	0.000000	0.137494	0.000000	0.020557	0.000000	0.000000	0.000000	0.009236	0.000000	0.014512	0.036800	0.000000	0.283000	0.000000	0.472600	0.109440	0.491100	61.240000	114.044000	113.233000	86.840500	75.401100	58.352700	68.356900	95.215000	94.484300	59.341900	61.403000	57.201700	0.131296	0.478000	0.151516	0.498400	0.165638	0.479100	0.161676	0.589500	0.155554	0.503300	0.160304	0.386400	0.195431	0.156400	0.241538	0.017200	0.253284	0.000000	0.237014	0.000000	0.287377	0.000000	0.371375	0.000000	0.409886	0.000000	0.419712	0.000000	0.875332	5.523780	5.203030	0.000000	15.219000	20.976700	21.538100	20.919200	0.571095	0.581768	0.000000	0.955204	0.000000	821.147000	9583.550000	4.905040	87.939500	0.083204	4089.750000	0.000000	0.169244	0.135440	0.000000	0.000000	
   97	98.020000	99.000000	98.020000	88.660000	86.430000	81.590000	101.600000	119.480000	124.240000	109.250000	90.220000	88.660000	87.260000	78.380000	65.000000	65.000000	71.500000	79.440000	101.840000	116.860000	117.250000	100.000000	93.550000	85.000000	23.640000	0.000000	0.000000	0.000000	0.000000	0.000000	12.605300	43.554100	108.310000	25.071700	6.863860	3.615690	6.009080	0.000000	0.000000	22.803300	21.820500	2.532060	0.000000	119.666000	18.197600	4.316360	3.452720	0.000000	96.010000	65.915500	45.480800	54.382000	74.039200	86.191800	94.290300	108.749000	114.906000	112.641000	110.310000	111.498000	95.552800	89.351800	71.412400	50.880000	56.181900	57.625400	95.442100	100.711000	100.919000	128.844000	113.018000	89.859400	90.510000	156.735000	185.203000	189.752000	183.231000	161.304000	159.925000	226.852000	252.930000	235.412000	110.882000	186.979000	210.904000	281.013000	282.953000	282.844000	305.462000	294.695000	262.874000	265.967000	272.064000	295.490000	218.250000	187.351000	0.337000	0.000000	0.266498	0.000000	0.206504	0.000000	0.094453	0.000000	0.029479	0.000000	0.054002	0.000000	0.050431	0.038300	0.032981	0.208200	0.010595	0.335300	0.007062	0.455100	61.240000	96.230500	96.542100	69.772300	57.156900	52.319400	56.222000	87.470700	98.268000	69.771300	67.331100	61.338300	0.038503	0.451400	0.078091	0.402300	0.053738	0.548900	0.073399	0.633100	0.058229	0.503600	0.102322	0.411900	0.116349	0.205200	0.143152	0.018900	0.160657	0.000000	0.166951	0.000000	0.230068	0.000000	0.292317	0.000000	0.346516	0.000000	0.396682	0.000000	0.875332	5.746300	5.320590	0.134896	15.627800	21.779700	21.472300	20.817500	0.553169	0.646690	0.000000	0.772469	1.933560	821.731000	9588.640000	4.851350	86.623200	0.000000	4104.270000	0.000000	0.155619	0.264120	0.000000	0.000000	
   98	98.020000	99.000000	98.020000	88.660000	86.430000	81.590000	101.600000	119.480000	124.240000	109.250000	90.220000	88.660000	87.260000	78.380000	65.000000	65.000000	71.500000	79.440000	101.840000	116.860000	117.250000	100.000000	93.550000	85.000000	23.640000	4.698960	1.277320	4.033090	7.151760	6.193740	22.511300	48.039000	140.764000	37.434500	0.000000	0.000000	0.000000	0.000000	0.000000	14.508700	16.711600	0.000000	2.192300	126.384000	34.404600	9.163660	6.415080	0.000000	96.010000	66.258900	48.172600	56.653200	79.499500	90.363700	95.437100	114.748000	113.998000	115.164000	122.360000	103.031000	103.078000	88.710300	72.177200	46.231800	37.787100	73.442400	98.450400	117.497000	103.812000	127.902000	109.291000	91.836600	90.510000	160.718000	188.554000	194.819000	178.746000	173.710000	162.268000	230.813000	258.121000	254.847000	125.093000	187.117000	214.586000	275.406000	279.233000	278.447000	310.531000	298.207000	267.509000	248.566000	276.593000	307.164000	215.965000	182.042000	0.337000	0.000000	0.256514	0.000000	0.176575	0.000000	0.054160	0.000000	0.026449	0.000000	0.033255	0.000000	0.034226	0.041400	0.010327	0.168300	0.001990	0.221100	0.000000	0.336500	61.240000	96.230500	96.542100	69.772300	57.156900	52.319400	56.222000	87.309100	97.547100	65.675800	54.611400	46.327500	0.040373	0.361500	0.045827	0.425700	0.043068	0.514100	0.051386	0.541000	0.056650	0.544900	0.026372	0.391700	0.039582	0.191100	0.109355	0.022100	0.135047	0.000000	0.158884	0.000000	0.249041	0.000000	0.278602	0.000000	0.284663	0.000000	0.308746	0.000000	0.875332	5.700850	5.440010	0.135283	15.689400	21.797400	21.401700	20.827100	0.497201	0.394906	0.000000	0.553902	0.000000	820.947000	9588.490000	5.702400	88.869000	0.204769	4098.160000	0.000000	0.129753	0.184157	0.000000	0.034467	
   99	98.020000	99.000000	98.020000	88.660000	86.430000	81.590000	101.600000	119.480000	124.240000	109.250000	90.220000	88.660000	87.260000	78.380000	65.000000	65.000000	71.500000	79.440000	101.840000	116.860000	117.250000	100.000000	93.550000	85.000000	23.640000	0.000000	0.000000	0.000000	0.000000	0.000000	15.747300	35.700000	129.607000	33.396800	0.000000	0.000000	1.759140	0.000000	0.000000	17.877500	19.775400	7.352320	7.771900	135.972000	35.505400	0.119290	0.000000	1.582660	96.010000	72.255400	52.692400	60.233100	74.972500	86.850900	87.749300	115.324000	115.860000	112.201000	114.868000	103.118000	96.500100	83.606200	69.176900	47.259000	40.632100	58.183200	98.603200	102.001000	107.604000	131.235000	115.386000	93.607000	90.510000	164.502000	197.660000	201.984000	187.930000	169.459000	160.951000	230.109000	259.578000	240.192000	109.987000	184.744000	217.627000	277.030000	279.401000	280.852000	305.841000	294.038000	282.778000	263.319000	277.445000	293.012000	221.206000	181.176000	0.337000	0.000000	0.267327	0.000000	0.157460	0.000000	0.051917	0.000000	0.073016	0.000000	0.091592	0.000000	0.099888	0.042200	0.110299	0.215000	0.000000	0.269000	0.000000	0.353400	61.240000	101.144000	101.760000	82.726200	64.249800	59.485300	75.668900	91.339500	109.223000	80.933200	62.084000	52.526300	0.000000	0.389600	0.000000	0.406100	0.000000	0.445900	0.000000	0.595500	0.000000	0.634500	0.000000	0.373600	0.128466	0.281100	0.126041	0.024100	0.123260	0.000000	0.133716	0.000000	0.212002	0.000000	0.315572	0.000000	0.363219	0.000000	0.375120	0.000000	0.875332	5.798810	5.471300	0.272757	16.187000	22.353900	21.327400	20.748200	0.199632	1.371540	0.000000	3.874060	12.451200	830.613000	9621.670000	8.562830	81.627100	0.000000	4128.200000	0.000000	0.000000	0.200680	0.000000	0.000000	
  100	98.020000	99.000000	98.020000	88.660000	86.430000	81.590000	101.600000	119.480000	124.240000	109.250000	90.220000	88.660000	87.260000	78.380000	65.000000	65.000000	71.500000	79.440000	101.840000	116.860000	117.250000	100.000000	93.550000	85.000000	23.640000	0.000000	0.000000	0.000000	0.000000	6.643490	17.318100	73.853100	122.104000	20.517400	0.000000	0.000000	0.162587	0.000000	0.000000	18.747400	14.510300	0.663738	11.744100	184.661000	23.555800	9.845650	0.000000	3.982740	96.010000	70.648900	53.131600	58.842600	82.604900	92.143000	98.901900	118.005000	121.171000	119.186000	121.019000	110.972000	97.617700	82.679600	68.523300	41.889500	26.776700	54.877800	102.358000	117.813000	107.397000	137.177000	111.114000	96.860000	90.510000	164.987000	190.538000	194.633000	186.524000	164.796000	161.798000	222.864000	255.596000	246.734000	116.357000	188.004000	212.460000	278.179000	278.414000	282.411000	303.886000	300.457000	265.074000	266.460000	263.736000	296.315000	217.074000	190.965000	0.337000	0.000000	0.260989	0.000000	0.192119	0.000000	0.081152	0.000000	0.026449	0.000000	0.052979	0.000000	0.059607	0.035800	0.058077	0.144400	0.017468	0.311000	0.102042	0.338100	61.240000	98.074100	98.389300	69.953500	60.853500	47.231500	29.778400	85.737000	82.955600	59.083900	53.132600	43.034300	0.123669	0.449300	0.120904	0.500300	0.142298	0.672000	0.106725	0.584700	0.091509	0.438100	0.077056	0.385800	0.063765	0.209600	0.088549	0.020900	0.111544	0.000000	0.147418	0.000000	0.246411	0.000000	0.341905	0.000000	0.387033	0.000000	0.432432	0.000000	0.875332	5.453140	5.281560	0.101507	15.759900	21.736200	21.614200	20.709400	0.283045	0.453987	0.000000	0.175601	0.000000	821.601000	9586.290000	2.244440	85.267600	0.046953	4102.590000	0.000000	0.085122	0.102988	0.000000	0.074134	
;
param Prob0 :=
    1	0.010
    2	0.030
    3	0.000
    4	0.040
    5	0.010
    6	0.000
    7	0.010
    8	0.000
    9	0.030
   10	0.090
   11	0.000
   12	0.050
   13	0.000
   14	0.000
   15	0.000
   16	0.030
   17	0.060
   18	0.010
   19	0.000
   20	0.010
   21	0.010
   22	0.000
   23	0.000
   24	0.010
   25	0.010
   26	0.010
   27	0.010
   28	0.000
   29	0.000
   30	0.000
   31	0.010
   32	0.000
   33	0.010
   34	0.010
   35	0.000
   36	0.000
   37	0.030
   38	0.010
   39	0.010
   40	0.010
   41	0.000
   42	0.010
   43	0.000
   44	0.010
   45	0.000
   46	0.010
   47	0.010
   48	0.000
   49	0.000
   50	0.010
   51	0.010
   52	0.000
   53	0.010
   54	0.000
   55	0.010
   56	0.010
   57	0.010
   58	0.000
   59	0.010
   60	0.010
   61	0.010
   62	0.000
   63	0.010
   64	0.030
   65	0.000
   66	0.000
   67	0.000
   68	0.010
   69	0.000
   70	0.010
   71	0.000
   72	0.020
   73	0.010
   74	0.000
   75	0.000
   76	0.010
   77	0.010
   78	0.000
   79	0.000
   80	0.010
   81	0.030
   82	0.030
   83	0.060
   84	0.010
   85	0.020
   86	0.000
   87	0.010
   88	0.000
   89	0.010
   90	0.000
   91	0.010
   92	0.010
   93	0.000
   94	0.010
   95	0.010
   96	0.010
   97	0.000
   98	0.000
   99	0.000
  100	0.010
;
set c[0,50] :=
50    8     16    24    32    40    48    57    65    73    81    89    97
1     9     17    25    33    41    49    58    66    74    82    90    98
2     10    18    26    34    42    51    59    67    75    83    91    99
3     11    19    27    35    43    52    60    68    76    84    92    100
4     12    20    28    36    44    53    61    69    77    85    93
5     13    21    29    37    45    54    62    70    78    86    94
6     14    22    30    38    46    55    63    71    79    87    95
7     15    23    31    39    47    56    64    72    80    88    96;
set c[1,50] :=
50    8     16    24    32    40    48    57    65    73    81    89    97
1     9     17    25    33    41    49    58    66    74    82    90    98
2     10    18    26    34    42    51    59    67    75    83    91    99
3     11    19    27    35    43    52    60    68    76    84    92    100
4     12    20    28    36    44    53    61    69    77    85    93
5     13    21    29    37    45    54    62    70    78    86    94
6     14    22    30    38    46    55    63    71    79    87    95
7     15    23    31    39    47    56    64    72    80    88    96;
set c[2,67] := 67 6 17 32 41 54;
set c[2,22] := 22 81 99;
set c[2,12] := 12 15 19 36 69;
set c[2,2] := 2 28 78;
set c[2,37] := 37 30 35;
set c[2,16] := 16 11 79;
set c[2,48] := 48 13 52 83 86 97;
set c[2,85] := 85 45;
set c[2,72] := 72 75;
set c[2,64] := 64 4 43 62 74 90 98;
set c[2,68] := 68;
set c[2,26] := 26;
set c[2,10] := 10 8 29 49 58 65 71 88 93;
set c[2,89] := 89 55;
set c[2,44] := 44 21;
set c[2,14] := 14 3 9 23 66 82 84;
set c[2,95] := 95 42 51 63 100;
set c[2,34] := 34 50 20 31 73 87;
set c[2,39] := 39 1 5 40 57 61 91 96;
set c[2,24] := 24 46 47 94;
set c[2,77] := 77 33 70 76;
set c[2,92] := 92 60;
set c[2,53] := 53 7 18 25 27 38 56 59 80;
set c[3,54] := 54 67 6 17 32 41;
set c[3,99] := 99 22 81;
set c[3,12] := 12 15 19 36 69;
set c[3,78] := 78 2 28;
set c[3,37] := 37 30 35;
set c[3,79] := 79 16 11;
set c[3,86] := 86 48 13 52 83 97;
set c[3,85] := 85 45;
set c[3,72] := 72 75;
set c[3,43] := 43 64 4 62 74 90 98;
set c[3,68] := 68;
set c[3,26] := 26;
set c[3,29] := 29 10 8 49 58 65 71 88 93;
set c[3,89] := 89 55;
set c[3,44] := 44 21;
set c[3,9] := 9 14 3 23 66 82 84;
set c[3,63] := 63 95 42 51 100;
set c[3,50] := 50 34 20 31 73 87;
set c[3,39] := 39 1 5 40 57 61 91 96;
set c[3,94] := 94 24 46 47;
set c[3,33] := 33 77 70 76;
set c[3,92] := 92 60;
set c[3,25] := 25 53 7 18 27 38 56 59 80;
set c[4,67] := 67 54 6 17 32 41;
set c[4,99] := 99 22 81;
set c[4,12] := 12 15 19 36 69;
set c[4,78] := 78 2 28;
set c[4,37] := 37 30 35;
set c[4,79] := 79 16 11;
set c[4,83] := 83 86 48 13 52 97;
set c[4,85] := 85 45;
set c[4,72] := 72 75;
set c[4,98] := 98 43 64 4 62 74 90;
set c[4,68] := 68;
set c[4,26] := 26;
set c[4,8] := 8 29 10 49 58 65 71 88 93;
set c[4,89] := 89 55;
set c[4,44] := 44 21;
set c[4,9] := 9 14 3 23 66 82 84;
set c[4,63] := 63 95 42 51 100;
set c[4,73] := 73 50 34 20 31 87;
set c[4,61] := 61 39 1 5 40 57 91 96;
set c[4,24] := 24 94 46 47;
set c[4,33] := 33 77 70 76;
set c[4,92] := 92;
set c[4,60] := 60;
set c[4,59] := 59;
set c[4,25] := 25;
set c[4,56] := 56;
set c[4,80] := 80;
set c[4,38] := 38;
set c[4,7] := 7;
set c[4,53] := 53;
set c[4,18] := 18;
set c[4,27] := 27;
set c[5,67] := 67 54 6 17 32 41;
set c[5,99] := 99 22 81;
set c[5,12] := 12 15 19 36 69;
set c[5,78] := 78 2 28;
set c[5,37] := 37 30 35;
set c[5,79] := 79 16 11;
set c[5,83] := 83 86 48 13 52 97;
set c[5,85] := 85 45;
set c[5,72] := 72 75;
set c[5,98] := 98 43 64 4 62 74 90;
set c[5,68] := 68;
set c[5,26] := 26;
set c[5,8] := 8 29 10 49 58 65 71 88 93;
set c[5,89] := 89 55;
set c[5,44] := 44 21;
set c[5,9] := 9 14 3 23 66 82 84;
set c[5,63] := 63 95 42 51 100;
set c[5,73] := 73 50 34 20 31 87;
set c[5,61] := 61 39 1 5 40 57 91 96;
set c[5,24] := 24 94 46 47;
set c[5,33] := 33 77 70 76;
set c[5,92] := 92;
set c[5,60] := 60;
set c[5,59] := 59;
set c[5,25] := 25;
set c[5,56] := 56;
set c[5,80] := 80;
set c[5,38] := 38;
set c[5,7] := 7;
set c[5,53] := 53;
set c[5,18] := 18;
set c[5,27] := 27;
set c[6,32] := 32 67 54 6 17 41;
set c[6,99] := 99 22 81;
set c[6,12] := 12 15 19 36 69;
set c[6,2] := 2 78 28;
set c[6,37] := 37 30 35;
set c[6,11] := 11 79 16;
set c[6,13] := 13 83 86 48 52 97;
set c[6,85] := 85 45;
set c[6,72] := 72 75;
set c[6,98] := 98 43 64 4 62 74 90;
set c[6,68] := 68;
set c[6,26] := 26;
set c[6,88] := 88 8 29 10 49 58 65 71 93;
set c[6,89] := 89 55;
set c[6,44] := 44 21;
set c[6,84] := 84 9 14 3 23 66 82;
set c[6,42] := 42 63 95 51 100;
set c[6,20] := 20 73 50 34 31 87;
set c[6,40] := 40;
set c[6,96] := 96 39 5;
set c[6,57] := 57 61 1 91;
set c[6,46] := 46;
set c[6,94] := 94;
set c[6,24] := 24;
set c[6,47] := 47;
set c[6,70] := 70;
set c[6,76] := 76;
set c[6,33] := 33;
set c[6,77] := 77;
set c[6,92] := 92;
set c[6,60] := 60;
set c[6,59] := 59;
set c[6,25] := 25;
set c[6,56] := 56;
set c[6,80] := 80;
set c[6,38] := 38;
set c[6,7] := 7;
set c[6,53] := 53;
set c[6,18] := 18;
set c[6,27] := 27;
set c[7,54] := 54 32 67 6 17 41;
set c[7,81] := 81 99 22;
set c[7,12] := 12 15 19 36 69;
set c[7,2] := 2 78 28;
set c[7,37] := 37 30 35;
set c[7,79] := 79 11 16;
set c[7,83] := 83 13 86 48 52 97;
set c[7,85] := 85 45;
set c[7,72] := 72 75;
set c[7,98] := 98 43 64 4 62 74 90;
set c[7,68] := 68;
set c[7,26] := 26;
set c[7,8] := 8 88 29 10 49 58 65 71 93;
set c[7,89] := 89 55;
set c[7,44] := 44 21;
set c[7,9] := 9 84 14 3 23 66 82;
set c[7,95] := 95 42 63 51 100;
set c[7,50] := 50 20 73 34 31 87;
set c[7,40] := 40;
set c[7,39] := 39 96 5;
set c[7,91] := 91 57 61 1;
set c[7,46] := 46;
set c[7,94] := 94;
set c[7,24] := 24;
set c[7,47] := 47;
set c[7,70] := 70;
set c[7,76] := 76;
set c[7,33] := 33;
set c[7,77] := 77;
set c[7,92] := 92;
set c[7,60] := 60;
set c[7,59] := 59;
set c[7,25] := 25;
set c[7,56] := 56;
set c[7,80] := 80;
set c[7,38] := 38;
set c[7,7] := 7;
set c[7,53] := 53;
set c[7,18] := 18;
set c[7,27] := 27;
set c[8,6] := 6 54 32 67 17 41;
set c[8,99] := 99 81 22;
set c[8,19] := 19 12 15 36 69;
set c[8,2] := 2 78 28;
set c[8,37] := 37 30 35;
set c[8,79] := 79 11 16;
set c[8,48] := 48 83 13 86 52 97;
set c[8,85] := 85 45;
set c[8,72] := 72 75;
set c[8,98] := 98 43 64 4 62 74 90;
set c[8,68] := 68;
set c[8,26] := 26;
set c[8,8] := 8 88 29 10 49 58 65 71 93;
set c[8,89] := 89 55;
set c[8,44] := 44 21;
set c[8,9] := 9 84 14 3 23 66 82;
set c[8,51] := 51 95 42 63 100;
set c[8,50] := 50 20 73 34 31 87;
set c[8,40] := 40;
set c[8,5] := 5 39 96;
set c[8,91] := 91 57 61 1;
set c[8,46] := 46;
set c[8,94] := 94;
set c[8,24] := 24;
set c[8,47] := 47;
set c[8,70] := 70;
set c[8,76] := 76;
set c[8,33] := 33;
set c[8,77] := 77;
set c[8,92] := 92;
set c[8,60] := 60;
set c[8,59] := 59;
set c[8,25] := 25;
set c[8,56] := 56;
set c[8,80] := 80;
set c[8,38] := 38;
set c[8,7] := 7;
set c[8,53] := 53;
set c[8,18] := 18;
set c[8,27] := 27;
set c[9,67] := 67 6 54 32 17 41;
set c[9,22] := 22 99 81;
set c[9,19] := 19 12 15 36 69;
set c[9,2] := 2 78 28;
set c[9,37] := 37 30 35;
set c[9,79] := 79 11 16;
set c[9,48] := 48 83 13 86 52 97;
set c[9,85] := 85 45;
set c[9,72] := 72 75;
set c[9,62] := 62 98 43 64 4 74 90;
set c[9,68] := 68;
set c[9,26] := 26;
set c[9,10] := 10 8 88 29 49 58 65 71 93;
set c[9,89] := 89 55;
set c[9,44] := 44 21;
set c[9,66] := 66 9 84 14 3 23 82;
set c[9,51] := 51 95 42 63 100;
set c[9,50] := 50 20 73 34 31 87;
set c[9,40] := 40;
set c[9,5] := 5 39 96;
set c[9,91] := 91 57 61 1;
set c[9,46] := 46;
set c[9,94] := 94;
set c[9,24] := 24;
set c[9,47] := 47;
set c[9,70] := 70;
set c[9,76] := 76;
set c[9,33] := 33;
set c[9,77] := 77;
set c[9,92] := 92;
set c[9,60] := 60;
set c[9,59] := 59;
set c[9,25] := 25;
set c[9,56] := 56;
set c[9,80] := 80;
set c[9,38] := 38;
set c[9,7] := 7;
set c[9,53] := 53;
set c[9,18] := 18;
set c[9,27] := 27;
set c[10,41] := 41 67 6 54 32 17;
set c[10,22] := 22 99 81;
set c[10,19] := 19 12 15 36 69;
set c[10,2] := 2 78 28;
set c[10,37] := 37 30 35;
set c[10,79] := 79 11 16;
set c[10,48] := 48 83 13 86 52 97;
set c[10,85] := 85 45;
set c[10,72] := 72 75;
set c[10,74] := 74 62 98 43 64 4 90;
set c[10,68] := 68;
set c[10,26] := 26;
set c[10,8] := 8 10 88 29 49 58 65 71 93;
set c[10,89] := 89 55;
set c[10,44] := 44 21;
set c[10,14] := 14 66 9 84 3 23 82;
set c[10,51] := 51 95 42 63 100;
set c[10,87] := 87 50 20 73 34 31;
set c[10,40] := 40;
set c[10,96] := 96 5 39;
set c[10,57] := 57 91 61 1;
set c[10,46] := 46;
set c[10,94] := 94;
set c[10,24] := 24;
set c[10,47] := 47;
set c[10,70] := 70;
set c[10,76] := 76;
set c[10,33] := 33;
set c[10,77] := 77;
set c[10,92] := 92;
set c[10,60] := 60;
set c[10,59] := 59;
set c[10,25] := 25;
set c[10,56] := 56;
set c[10,80] := 80;
set c[10,38] := 38;
set c[10,7] := 7;
set c[10,53] := 53;
set c[10,18] := 18;
set c[10,27] := 27;
set c[11,41] := 41 67 6 54 32 17;
set c[11,22] := 22 99 81;
set c[11,15] := 15 19 12 36 69;
set c[11,2] := 2 78 28;
set c[11,37] := 37 30 35;
set c[11,79] := 79 11 16;
set c[11,86] := 86 48 83 13 52 97;
set c[11,85] := 85 45;
set c[11,72] := 72 75;
set c[11,74] := 74 62 98 43 64 4 90;
set c[11,68] := 68;
set c[11,26] := 26;
set c[11,58] := 58 8 10 88 29 49 65 71 93;
set c[11,89] := 89 55;
set c[11,44] := 44 21;
set c[11,3] := 3 14 66 9 84 23 82;
set c[11,51] := 51 95 42 63 100;
set c[11,20] := 20 87 50 73 34 31;
set c[11,40] := 40;
set c[11,96] := 96 5 39;
set c[11,57] := 57 91 61 1;
set c[11,46] := 46;
set c[11,94] := 94;
set c[11,24] := 24;
set c[11,47] := 47;
set c[11,70] := 70;
set c[11,76] := 76;
set c[11,33] := 33;
set c[11,77] := 77;
set c[11,92] := 92;
set c[11,60] := 60;
set c[11,59] := 59;
set c[11,25] := 25;
set c[11,56] := 56;
set c[11,80] := 80;
set c[11,38] := 38;
set c[11,7] := 7;
set c[11,53] := 53;
set c[11,18] := 18;
set c[11,27] := 27;
set c[12,32] := 32 41 67 6 54 17;
set c[12,22] := 22 99 81;
set c[12,19] := 19 15 12 36 69;
set c[12,2] := 2 78 28;
set c[12,30] := 30 37 35;
set c[12,79] := 79 11 16;
set c[12,83] := 83 86 48 13 52 97;
set c[12,85] := 85 45;
set c[12,72] := 72 75;
set c[12,98] := 98 74 62 43 64 4 90;
set c[12,68] := 68;
set c[12,26] := 26;
set c[12,58] := 58 8 10 88 29 49 65 71 93;
set c[12,89] := 89 55;
set c[12,44] := 44 21;
set c[12,82] := 82 3 14 66 9 84 23;
set c[12,51] := 51 95 42 63 100;
set c[12,87] := 87 20 50 73 34 31;
set c[12,40] := 40;
set c[12,96] := 96 5 39;
set c[12,61] := 61 57 91 1;
set c[12,46] := 46;
set c[12,94] := 94;
set c[12,24] := 24;
set c[12,47] := 47;
set c[12,70] := 70;
set c[12,76] := 76;
set c[12,33] := 33;
set c[12,77] := 77;
set c[12,92] := 92;
set c[12,60] := 60;
set c[12,59] := 59;
set c[12,25] := 25;
set c[12,56] := 56;
set c[12,80] := 80;
set c[12,38] := 38;
set c[12,7] := 7;
set c[12,53] := 53;
set c[12,18] := 18;
set c[12,27] := 27;
set c[13,17] := 17 32 41 67 6 54;
set c[13,22] := 22 99 81;
set c[13,36] := 36 19 15 12 69;
set c[13,2] := 2 78 28;
set c[13,30] := 30 37 35;
set c[13,79] := 79 11 16;
set c[13,86] := 86 83 48 13 52 97;
set c[13,85] := 85 45;
set c[13,72] := 72 75;
set c[13,98] := 98 74 62 43 64 4 90;
set c[13,68] := 68;
set c[13,26] := 26;
set c[13,58] := 58 8 10 88 29 49 65 71 93;
set c[13,89] := 89 55;
set c[13,44] := 44 21;
set c[13,84] := 84 82 3 14 66 9 23;
set c[13,42] := 42 51 95 63 100;
set c[13,34] := 34 87 20 50 73 31;
set c[13,40] := 40;
set c[13,96] := 96 5 39;
set c[13,61] := 61 57 91 1;
set c[13,46] := 46;
set c[13,94] := 94;
set c[13,24] := 24;
set c[13,47] := 47;
set c[13,70] := 70;
set c[13,76] := 76;
set c[13,33] := 33;
set c[13,77] := 77;
set c[13,92] := 92;
set c[13,60] := 60;
set c[13,59] := 59;
set c[13,25] := 25;
set c[13,56] := 56;
set c[13,80] := 80;
set c[13,38] := 38;
set c[13,7] := 7;
set c[13,53] := 53;
set c[13,18] := 18;
set c[13,27] := 27;
set c[14,32] := 32 17 41 67 6 54;
set c[14,22] := 22 99 81;
set c[14,19] := 19 36 15 12 69;
set c[14,2] := 2 78 28;
set c[14,30] := 30 37 35;
set c[14,11] := 11 79 16;
set c[14,86] := 86 83 48 13 52 97;
set c[14,85] := 85 45;
set c[14,72] := 72 75;
set c[14,64] := 64 98 74 62 43 4 90;
set c[14,68] := 68;
set c[14,26] := 26;
set c[14,58] := 58 8 10 88 29 49 65 71 93;
set c[14,89] := 89 55;
set c[14,44] := 44 21;
set c[14,66] := 66 84 82 3 14 9 23;
set c[14,51] := 51 42 95 63 100;
set c[14,73] := 73 34 87 20 50 31;
set c[14,40] := 40;
set c[14,96] := 96 5 39;
set c[14,61] := 61 57 91 1;
set c[14,46] := 46;
set c[14,94] := 94;
set c[14,24] := 24;
set c[14,47] := 47;
set c[14,70] := 70;
set c[14,76] := 76;
set c[14,33] := 33;
set c[14,77] := 77;
set c[14,92] := 92;
set c[14,60] := 60;
set c[14,59] := 59;
set c[14,25] := 25;
set c[14,56] := 56;
set c[14,80] := 80;
set c[14,38] := 38;
set c[14,7] := 7;
set c[14,53] := 53;
set c[14,18] := 18;
set c[14,27] := 27;
set c[15,41] := 41 32 17 67 6 54;
set c[15,99] := 99 22 81;
set c[15,69] := 69 19 36 15 12;
set c[15,28] := 28 2 78;
set c[15,37] := 37 30 35;
set c[15,16] := 16 11 79;
set c[15,83] := 83 86 48 13 52 97;
set c[15,85] := 85 45;
set c[15,72] := 72 75;
set c[15,62] := 62 64 98 74 43 4 90;
set c[15,68] := 68;
set c[15,26] := 26;
set c[15,49] := 49 58 8 10 88 29 65 71 93;
set c[15,89] := 89 55;
set c[15,44] := 44 21;
set c[15,23] := 23 66 84 82 3 14 9;
set c[15,51] := 51 42 95 63 100;
set c[15,87] := 87;
set c[15,50] := 50;
set c[15,34] := 34 20;
set c[15,31] := 31;
set c[15,73] := 73;
set c[15,40] := 40;
set c[15,39] := 39 5;
set c[15,96] := 96;
set c[15,57] := 57;
set c[15,91] := 91;
set c[15,61] := 61;
set c[15,1] := 1;
set c[15,46] := 46;
set c[15,94] := 94;
set c[15,24] := 24;
set c[15,47] := 47;
set c[15,70] := 70;
set c[15,76] := 76;
set c[15,33] := 33;
set c[15,77] := 77;
set c[15,92] := 92;
set c[15,60] := 60;
set c[15,59] := 59;
set c[15,25] := 25;
set c[15,56] := 56;
set c[15,80] := 80;
set c[15,38] := 38;
set c[15,7] := 7;
set c[15,53] := 53;
set c[15,18] := 18;
set c[15,27] := 27;
set c[16,32] := 32 41 17 67 6 54;
set c[16,22] := 22 99 81;
set c[16,36] := 36 69 19 15 12;
set c[16,2] := 2 28 78;
set c[16,30] := 30 37 35;
set c[16,79] := 79 16 11;
set c[16,52] := 52 83 86 48 13 97;
set c[16,85] := 85 45;
set c[16,72] := 72 75;
set c[16,90] := 90 62 64 98 74 43 4;
set c[16,68] := 68;
set c[16,26] := 26;
set c[16,88] := 88 49 58 8 10 29 65 71 93;
set c[16,89] := 89 55;
set c[16,44] := 44 21;
set c[16,82] := 82 23 66 84 3 14 9;
set c[16,51] := 51 42 95 63 100;
set c[16,87] := 87;
set c[16,50] := 50;
set c[16,34] := 34 20;
set c[16,31] := 31;
set c[16,73] := 73;
set c[16,40] := 40;
set c[16,39] := 39 5;
set c[16,96] := 96;
set c[16,57] := 57;
set c[16,91] := 91;
set c[16,61] := 61;
set c[16,1] := 1;
set c[16,46] := 46;
set c[16,94] := 94;
set c[16,24] := 24;
set c[16,47] := 47;
set c[16,70] := 70;
set c[16,76] := 76;
set c[16,33] := 33;
set c[16,77] := 77;
set c[16,92] := 92;
set c[16,60] := 60;
set c[16,59] := 59;
set c[16,25] := 25;
set c[16,56] := 56;
set c[16,80] := 80;
set c[16,38] := 38;
set c[16,7] := 7;
set c[16,53] := 53;
set c[16,18] := 18;
set c[16,27] := 27;
set c[17,32] := 32 41 17 67 6 54;
set c[17,22] := 22 99 81;
set c[17,36] := 36 69 19 15 12;
set c[17,2] := 2 28 78;
set c[17,35] := 35 30 37;
set c[17,79] := 79 16 11;
set c[17,97] := 97 52 83 86 48 13;
set c[17,85] := 85 45;
set c[17,72] := 72 75;
set c[17,90] := 90 62 64 98 74 43 4;
set c[17,68] := 68;
set c[17,26] := 26;
set c[17,88] := 88 49 58 8 10 29 65 71 93;
set c[17,89] := 89 55;
set c[17,44] := 44 21;
set c[17,82] := 82 23 66 84 3 14 9;
set c[17,42] := 42 51 95 63 100;
set c[17,87] := 87;
set c[17,50] := 50;
set c[17,34] := 34 20;
set c[17,31] := 31;
set c[17,73] := 73;
set c[17,40] := 40;
set c[17,39] := 39 5;
set c[17,96] := 96;
set c[17,57] := 57;
set c[17,91] := 91;
set c[17,61] := 61;
set c[17,1] := 1;
set c[17,46] := 46;
set c[17,94] := 94;
set c[17,24] := 24;
set c[17,47] := 47;
set c[17,70] := 70;
set c[17,76] := 76;
set c[17,33] := 33;
set c[17,77] := 77;
set c[17,92] := 92;
set c[17,60] := 60;
set c[17,59] := 59;
set c[17,25] := 25;
set c[17,56] := 56;
set c[17,80] := 80;
set c[17,38] := 38;
set c[17,7] := 7;
set c[17,53] := 53;
set c[17,18] := 18;
set c[17,27] := 27;
set c[18,32] := 32 41 17 67 6 54;
set c[18,22] := 22 99 81;
set c[18,19] := 19 36 69 15 12;
set c[18,2] := 2 28 78;
set c[18,35] := 35 30 37;
set c[18,11] := 11 79 16;
set c[18,86] := 86 97 52 83 48 13;
set c[18,85] := 85 45;
set c[18,72] := 72 75;
set c[18,64] := 64 90 62 98 74 43 4;
set c[18,68] := 68;
set c[18,26] := 26;
set c[18,10] := 10 88 49 58 8 29 65 71 93;
set c[18,89] := 89 55;
set c[18,44] := 44 21;
set c[18,23] := 23 82 66 84 3 14 9;
set c[18,42] := 42 51 95 63 100;
set c[18,87] := 87;
set c[18,50] := 50;
set c[18,34] := 34 20;
set c[18,31] := 31;
set c[18,73] := 73;
set c[18,40] := 40;
set c[18,39] := 39 5;
set c[18,96] := 96;
set c[18,57] := 57;
set c[18,91] := 91;
set c[18,61] := 61;
set c[18,1] := 1;
set c[18,46] := 46;
set c[18,94] := 94;
set c[18,24] := 24;
set c[18,47] := 47;
set c[18,70] := 70;
set c[18,76] := 76;
set c[18,33] := 33;
set c[18,77] := 77;
set c[18,92] := 92;
set c[18,60] := 60;
set c[18,59] := 59;
set c[18,25] := 25;
set c[18,56] := 56;
set c[18,80] := 80;
set c[18,38] := 38;
set c[18,7] := 7;
set c[18,53] := 53;
set c[18,18] := 18;
set c[18,27] := 27;
set c[19,32] := 32 41 17 67 6 54;
set c[19,22] := 22 99 81;
set c[19,15] := 15 19 36 69 12;
set c[19,2] := 2 28 78;
set c[19,30] := 30 35 37;
set c[19,11] := 11 79 16;
set c[19,86] := 86 97 52 83 48 13;
set c[19,85] := 85 45;
set c[19,72] := 72 75;
set c[19,64] := 64 90 62 98 74 43 4;
set c[19,68] := 68;
set c[19,26] := 26;
set c[19,49] := 49 10 88 58 8 29 65 71 93;
set c[19,89] := 89 55;
set c[19,44] := 44 21;
set c[19,82] := 82 23 66 84 3 14 9;
set c[19,100] := 100 42 51 95 63;
set c[19,87] := 87;
set c[19,50] := 50;
set c[19,34] := 34 20;
set c[19,31] := 31;
set c[19,73] := 73;
set c[19,40] := 40;
set c[19,39] := 39 5;
set c[19,96] := 96;
set c[19,57] := 57;
set c[19,91] := 91;
set c[19,61] := 61;
set c[19,1] := 1;
set c[19,46] := 46;
set c[19,94] := 94;
set c[19,24] := 24;
set c[19,47] := 47;
set c[19,70] := 70;
set c[19,76] := 76;
set c[19,33] := 33;
set c[19,77] := 77;
set c[19,92] := 92;
set c[19,60] := 60;
set c[19,59] := 59;
set c[19,25] := 25;
set c[19,56] := 56;
set c[19,80] := 80;
set c[19,38] := 38;
set c[19,7] := 7;
set c[19,53] := 53;
set c[19,18] := 18;
set c[19,27] := 27;
set c[20,32] := 32 41 17 67 6 54;
set c[20,22] := 22 99 81;
set c[20,15] := 15 19 36 69 12;
set c[20,2] := 2 28 78;
set c[20,35] := 35 30 37;
set c[20,16] := 16 11 79;
set c[20,48] := 48 86 97 52 83 13;
set c[20,85] := 85 45;
set c[20,72] := 72 75;
set c[20,64] := 64 90 62 98 74 43 4;
set c[20,68] := 68;
set c[20,26] := 26;
set c[20,8] := 8 49 10 88 58 29 65 71 93;
set c[20,89] := 89 55;
set c[20,44] := 44 21;
set c[20,84] := 84 82 23 66 3 14 9;
set c[20,51] := 51;
set c[20,42] := 42;
set c[20,100] := 100 63;
set c[20,95] := 95;
set c[20,87] := 87;
set c[20,50] := 50;
set c[20,34] := 34;
set c[20,20] := 20;
set c[20,31] := 31;
set c[20,73] := 73;
set c[20,40] := 40;
set c[20,39] := 39 5;
set c[20,96] := 96;
set c[20,57] := 57;
set c[20,91] := 91;
set c[20,61] := 61;
set c[20,1] := 1;
set c[20,46] := 46;
set c[20,94] := 94;
set c[20,24] := 24;
set c[20,47] := 47;
set c[20,70] := 70;
set c[20,76] := 76;
set c[20,33] := 33;
set c[20,77] := 77;
set c[20,92] := 92;
set c[20,60] := 60;
set c[20,59] := 59;
set c[20,25] := 25;
set c[20,56] := 56;
set c[20,80] := 80;
set c[20,38] := 38;
set c[20,7] := 7;
set c[20,53] := 53;
set c[20,18] := 18;
set c[20,27] := 27;
set c[21,41] := 41 32 17 67 6 54;
set c[21,81] := 81 22 99;
set c[21,69] := 69 15 19 36 12;
set c[21,2] := 2 28 78;
set c[21,30] := 30 35 37;
set c[21,16] := 16 11 79;
set c[21,86] := 86 48 97 52 83 13;
set c[21,85] := 85 45;
set c[21,72] := 72 75;
set c[21,74] := 74 64 90 62 98 43 4;
set c[21,68] := 68;
set c[21,26] := 26;
set c[21,8] := 8 49 10 88 58 29 65 71 93;
set c[21,89] := 89 55;
set c[21,44] := 44 21;
set c[21,23] := 23 84 82 66 3 14 9;
set c[21,51] := 51;
set c[21,42] := 42;
set c[21,100] := 100 63;
set c[21,95] := 95;
set c[21,87] := 87;
set c[21,50] := 50;
set c[21,34] := 34;
set c[21,20] := 20;
set c[21,31] := 31;
set c[21,73] := 73;
set c[21,40] := 40;
set c[21,39] := 39 5;
set c[21,96] := 96;
set c[21,57] := 57;
set c[21,91] := 91;
set c[21,61] := 61;
set c[21,1] := 1;
set c[21,46] := 46;
set c[21,94] := 94;
set c[21,24] := 24;
set c[21,47] := 47;
set c[21,70] := 70;
set c[21,76] := 76;
set c[21,33] := 33;
set c[21,77] := 77;
set c[21,92] := 92;
set c[21,60] := 60;
set c[21,59] := 59;
set c[21,25] := 25;
set c[21,56] := 56;
set c[21,80] := 80;
set c[21,38] := 38;
set c[21,7] := 7;
set c[21,53] := 53;
set c[21,18] := 18;
set c[21,27] := 27;
set c[22,67] := 67 41 32 17 6 54;
set c[22,99] := 99 81 22;
set c[22,69] := 69 15 19 36 12;
set c[22,2] := 2 28 78;
set c[22,35] := 35 30 37;
set c[22,79] := 79 16 11;
set c[22,13] := 13 86 48 97 52 83;
set c[22,85] := 85 45;
set c[22,72] := 72 75;
set c[22,74] := 74 64 90 62 98 43 4;
set c[22,68] := 68;
set c[22,26] := 26;
set c[22,71] := 71 8 49 10 88 58 29 65 93;
set c[22,89] := 89 55;
set c[22,44] := 44 21;
set c[22,82] := 82 23 84 66 3 14 9;
set c[22,51] := 51;
set c[22,42] := 42;
set c[22,100] := 100 63;
set c[22,95] := 95;
set c[22,87] := 87;
set c[22,50] := 50;
set c[22,34] := 34;
set c[22,20] := 20;
set c[22,31] := 31;
set c[22,73] := 73;
set c[22,40] := 40;
set c[22,39] := 39;
set c[22,5] := 5;
set c[22,96] := 96;
set c[22,57] := 57;
set c[22,91] := 91;
set c[22,61] := 61;
set c[22,1] := 1;
set c[22,46] := 46;
set c[22,94] := 94;
set c[22,24] := 24;
set c[22,47] := 47;
set c[22,70] := 70;
set c[22,76] := 76;
set c[22,33] := 33;
set c[22,77] := 77;
set c[22,92] := 92;
set c[22,60] := 60;
set c[22,59] := 59;
set c[22,25] := 25;
set c[22,56] := 56;
set c[22,80] := 80;
set c[22,38] := 38;
set c[22,7] := 7;
set c[22,53] := 53;
set c[22,18] := 18;
set c[22,27] := 27;
set c[23,32] := 32 67 41 17 6 54;
set c[23,99] := 99 81 22;
set c[23,69] := 69 15 19 36 12;
set c[23,78] := 78 2 28;
set c[23,35] := 35 30 37;
set c[23,16] := 16 79 11;
set c[23,13] := 13 86 48 97 52 83;
set c[23,85] := 85 45;
set c[23,72] := 72 75;
set c[23,74] := 74 64 90 62 98 43 4;
set c[23,68] := 68;
set c[23,26] := 26;
set c[23,58] := 58 71 8 49 10 88 29 65 93;
set c[23,89] := 89 55;
set c[23,44] := 44 21;
set c[23,14] := 14 82 23 84 66 3 9;
set c[23,51] := 51;
set c[23,42] := 42;
set c[23,100] := 100 63;
set c[23,95] := 95;
set c[23,87] := 87;
set c[23,50] := 50;
set c[23,34] := 34;
set c[23,20] := 20;
set c[23,31] := 31;
set c[23,73] := 73;
set c[23,40] := 40;
set c[23,39] := 39;
set c[23,5] := 5;
set c[23,96] := 96;
set c[23,57] := 57;
set c[23,91] := 91;
set c[23,61] := 61;
set c[23,1] := 1;
set c[23,46] := 46;
set c[23,94] := 94;
set c[23,24] := 24;
set c[23,47] := 47;
set c[23,70] := 70;
set c[23,76] := 76;
set c[23,33] := 33;
set c[23,77] := 77;
set c[23,92] := 92;
set c[23,60] := 60;
set c[23,59] := 59;
set c[23,25] := 25;
set c[23,56] := 56;
set c[23,80] := 80;
set c[23,38] := 38;
set c[23,7] := 7;
set c[23,53] := 53;
set c[23,18] := 18;
set c[23,27] := 27;
set c[24,41] := 41 32 67 17 6 54;
set c[24,99] := 99 81 22;
set c[24,69] := 69 15 19 36 12;
set c[24,78] := 78 2 28;
set c[24,30] := 30 35 37;
set c[24,16] := 16 79 11;
set c[24,13] := 13 86 48 97 52 83;
set c[24,85] := 85 45;
set c[24,72] := 72 75;
set c[24,64] := 64 74 90 62 98 43 4;
set c[24,68] := 68;
set c[24,26] := 26;
set c[24,8] := 8 58 71 49 10 88 29 65 93;
set c[24,89] := 89 55;
set c[24,44] := 44 21;
set c[24,23] := 23 14 82 84 66 3 9;
set c[24,51] := 51;
set c[24,42] := 42;
set c[24,100] := 100 63;
set c[24,95] := 95;
set c[24,87] := 87;
set c[24,50] := 50;
set c[24,34] := 34;
set c[24,20] := 20;
set c[24,31] := 31;
set c[24,73] := 73;
set c[24,40] := 40;
set c[24,39] := 39;
set c[24,5] := 5;
set c[24,96] := 96;
set c[24,57] := 57;
set c[24,91] := 91;
set c[24,61] := 61;
set c[24,1] := 1;
set c[24,46] := 46;
set c[24,94] := 94;
set c[24,24] := 24;
set c[24,47] := 47;
set c[24,70] := 70;
set c[24,76] := 76;
set c[24,33] := 33;
set c[24,77] := 77;
set c[24,92] := 92;
set c[24,60] := 60;
set c[24,59] := 59;
set c[24,25] := 25;
set c[24,56] := 56;
set c[24,80] := 80;
set c[24,38] := 38;
set c[24,7] := 7;
set c[24,53] := 53;
set c[24,18] := 18;
set c[24,27] := 27;
set c[25,41] := 41 32 67 17 6 54;
set c[25,99] := 99 81 22;
set c[25,69] := 69 15 19 36 12;
set c[25,78] := 78 2 28;
set c[25,35] := 35 30 37;
set c[25,16] := 16 79 11;
set c[25,13] := 13 86 48 97 52 83;
set c[25,85] := 85 45;
set c[25,72] := 72 75;
set c[25,64] := 64 74 90 62 98 43 4;
set c[25,68] := 68;
set c[25,26] := 26;
set c[25,58] := 58 8 71 49 10 88 29 65 93;
set c[25,89] := 89 55;
set c[25,44] := 44 21;
set c[25,84] := 84 23 14 82 66 3 9;
set c[25,51] := 51;
set c[25,42] := 42;
set c[25,100] := 100 63;
set c[25,95] := 95;
set c[25,87] := 87;
set c[25,50] := 50;
set c[25,34] := 34;
set c[25,20] := 20;
set c[25,31] := 31;
set c[25,73] := 73;
set c[25,40] := 40;
set c[25,39] := 39;
set c[25,5] := 5;
set c[25,96] := 96;
set c[25,57] := 57;
set c[25,91] := 91;
set c[25,61] := 61;
set c[25,1] := 1;
set c[25,46] := 46;
set c[25,94] := 94;
set c[25,24] := 24;
set c[25,47] := 47;
set c[25,70] := 70;
set c[25,76] := 76;
set c[25,33] := 33;
set c[25,77] := 77;
set c[25,92] := 92;
set c[25,60] := 60;
set c[25,59] := 59;
set c[25,25] := 25;
set c[25,56] := 56;
set c[25,80] := 80;
set c[25,38] := 38;
set c[25,7] := 7;
set c[25,53] := 53;
set c[25,18] := 18;
set c[25,27] := 27;
set c[26,6] := 6 41 32 67 17 54;
set c[26,99] := 99 81 22;
set c[26,69] := 69 15 19 36 12;
set c[26,2] := 2 78 28;
set c[26,30] := 30 35 37;
set c[26,16] := 16 79 11;
set c[26,86] := 86 13 48 97 52 83;
set c[26,85] := 85 45;
set c[26,72] := 72 75;
set c[26,74] := 74 64 90 62 98 43 4;
set c[26,68] := 68;
set c[26,26] := 26;
set c[26,58] := 58 8 71 49 10 88 29 65 93;
set c[26,89] := 89 55;
set c[26,44] := 44;
set c[26,21] := 21;
set c[26,84] := 84 23 14 82 66 3 9;
set c[26,51] := 51;
set c[26,42] := 42;
set c[26,100] := 100 63;
set c[26,95] := 95;
set c[26,87] := 87;
set c[26,50] := 50;
set c[26,34] := 34;
set c[26,20] := 20;
set c[26,31] := 31;
set c[26,73] := 73;
set c[26,40] := 40;
set c[26,39] := 39;
set c[26,5] := 5;
set c[26,96] := 96;
set c[26,57] := 57;
set c[26,91] := 91;
set c[26,61] := 61;
set c[26,1] := 1;
set c[26,46] := 46;
set c[26,94] := 94;
set c[26,24] := 24;
set c[26,47] := 47;
set c[26,70] := 70;
set c[26,76] := 76;
set c[26,33] := 33;
set c[26,77] := 77;
set c[26,92] := 92;
set c[26,60] := 60;
set c[26,59] := 59;
set c[26,25] := 25;
set c[26,56] := 56;
set c[26,80] := 80;
set c[26,38] := 38;
set c[26,7] := 7;
set c[26,53] := 53;
set c[26,18] := 18;
set c[26,27] := 27;
set c[27,6] := 6 41 32 67 17 54;
set c[27,99] := 99 81 22;
set c[27,69] := 69 15 19 36 12;
set c[27,2] := 2 78 28;
set c[27,30] := 30 35 37;
set c[27,16] := 16 79 11;
set c[27,86] := 86 13 48 97 52 83;
set c[27,85] := 85 45;
set c[27,72] := 72 75;
set c[27,74] := 74 90 62 4;
set c[27,98] := 98 64 43;
set c[27,68] := 68;
set c[27,26] := 26;
set c[27,71] := 71 58 8 49 10 88 29 65 93;
set c[27,89] := 89;
set c[27,55] := 55;
set c[27,44] := 44;
set c[27,21] := 21;
set c[27,84] := 84;
set c[27,82] := 82 14 3;
set c[27,23] := 23 66 9;
set c[27,51] := 51;
set c[27,42] := 42;
set c[27,100] := 100 63;
set c[27,95] := 95;
set c[27,87] := 87;
set c[27,50] := 50;
set c[27,34] := 34;
set c[27,20] := 20;
set c[27,31] := 31;
set c[27,73] := 73;
set c[27,40] := 40;
set c[27,39] := 39;
set c[27,5] := 5;
set c[27,96] := 96;
set c[27,57] := 57;
set c[27,91] := 91;
set c[27,61] := 61;
set c[27,1] := 1;
set c[27,46] := 46;
set c[27,94] := 94;
set c[27,24] := 24;
set c[27,47] := 47;
set c[27,70] := 70;
set c[27,76] := 76;
set c[27,33] := 33;
set c[27,77] := 77;
set c[27,92] := 92;
set c[27,60] := 60;
set c[27,59] := 59;
set c[27,25] := 25;
set c[27,56] := 56;
set c[27,80] := 80;
set c[27,38] := 38;
set c[27,7] := 7;
set c[27,53] := 53;
set c[27,18] := 18;
set c[27,27] := 27;
set c[28,6] := 6 41 32 67 17 54;
set c[28,99] := 99 81 22;
set c[28,69] := 69 15 19 36 12;
set c[28,2] := 2 78 28;
set c[28,30] := 30 35 37;
set c[28,16] := 16 79 11;
set c[28,86] := 86 13 48 97 52 83;
set c[28,85] := 85 45;
set c[28,72] := 72 75;
set c[28,90] := 90 74 62 4;
set c[28,43] := 43 98 64;
set c[28,68] := 68;
set c[28,26] := 26;
set c[28,71] := 71 58 8 49 10 88 29 65 93;
set c[28,89] := 89;
set c[28,55] := 55;
set c[28,44] := 44;
set c[28,21] := 21;
set c[28,84] := 84;
set c[28,82] := 82 14 3;
set c[28,23] := 23 66 9;
set c[28,51] := 51;
set c[28,42] := 42;
set c[28,100] := 100;
set c[28,63] := 63;
set c[28,95] := 95;
set c[28,87] := 87;
set c[28,50] := 50;
set c[28,34] := 34;
set c[28,20] := 20;
set c[28,31] := 31;
set c[28,73] := 73;
set c[28,40] := 40;
set c[28,39] := 39;
set c[28,5] := 5;
set c[28,96] := 96;
set c[28,57] := 57;
set c[28,91] := 91;
set c[28,61] := 61;
set c[28,1] := 1;
set c[28,46] := 46;
set c[28,94] := 94;
set c[28,24] := 24;
set c[28,47] := 47;
set c[28,70] := 70;
set c[28,76] := 76;
set c[28,33] := 33;
set c[28,77] := 77;
set c[28,92] := 92;
set c[28,60] := 60;
set c[28,59] := 59;
set c[28,25] := 25;
set c[28,56] := 56;
set c[28,80] := 80;
set c[28,38] := 38;
set c[28,7] := 7;
set c[28,53] := 53;
set c[28,18] := 18;
set c[28,27] := 27;
set c[29,41] := 41 6 32 67 17 54;
set c[29,99] := 99 81 22;
set c[29,69] := 69 15 19 36 12;
set c[29,78] := 78 2 28;
set c[29,30] := 30 35 37;
set c[29,16] := 16 79 11;
set c[29,83] := 83 86 13 48 97 52;
set c[29,85] := 85 45;
set c[29,72] := 72 75;
set c[29,90] := 90 74 62 4;
set c[29,43] := 43 98 64;
set c[29,68] := 68;
set c[29,26] := 26;
set c[29,58] := 58 71 8 49 10 88 29 65 93;
set c[29,89] := 89;
set c[29,55] := 55;
set c[29,44] := 44;
set c[29,21] := 21;
set c[29,84] := 84;
set c[29,3] := 3 82 14;
set c[29,23] := 23 66 9;
set c[29,51] := 51;
set c[29,42] := 42;
set c[29,100] := 100;
set c[29,63] := 63;
set c[29,95] := 95;
set c[29,87] := 87;
set c[29,50] := 50;
set c[29,34] := 34;
set c[29,20] := 20;
set c[29,31] := 31;
set c[29,73] := 73;
set c[29,40] := 40;
set c[29,39] := 39;
set c[29,5] := 5;
set c[29,96] := 96;
set c[29,57] := 57;
set c[29,91] := 91;
set c[29,61] := 61;
set c[29,1] := 1;
set c[29,46] := 46;
set c[29,94] := 94;
set c[29,24] := 24;
set c[29,47] := 47;
set c[29,70] := 70;
set c[29,76] := 76;
set c[29,33] := 33;
set c[29,77] := 77;
set c[29,92] := 92;
set c[29,60] := 60;
set c[29,59] := 59;
set c[29,25] := 25;
set c[29,56] := 56;
set c[29,80] := 80;
set c[29,38] := 38;
set c[29,7] := 7;
set c[29,53] := 53;
set c[29,18] := 18;
set c[29,27] := 27;
set c[30,17] := 17 41 6 32 67 54;
set c[30,81] := 81 99 22;
set c[30,12] := 12 69 15 19 36;
set c[30,2] := 2 78 28;
set c[30,37] := 37 30 35;
set c[30,16] := 16 79 11;
set c[30,83] := 83 86 13 48 97 52;
set c[30,85] := 85 45;
set c[30,72] := 72 75;
set c[30,4] := 4 90 74 62;
set c[30,64] := 64 43 98;
set c[30,68] := 68;
set c[30,26] := 26;
set c[30,10] := 10 58 71 8 49 88 29 65 93;
set c[30,89] := 89;
set c[30,55] := 55;
set c[30,44] := 44;
set c[30,21] := 21;
set c[30,84] := 84;
set c[30,82] := 82 3 14;
set c[30,9] := 9 23 66;
set c[30,51] := 51;
set c[30,42] := 42;
set c[30,100] := 100;
set c[30,63] := 63;
set c[30,95] := 95;
set c[30,87] := 87;
set c[30,50] := 50;
set c[30,34] := 34;
set c[30,20] := 20;
set c[30,31] := 31;
set c[30,73] := 73;
set c[30,40] := 40;
set c[30,39] := 39;
set c[30,5] := 5;
set c[30,96] := 96;
set c[30,57] := 57;
set c[30,91] := 91;
set c[30,61] := 61;
set c[30,1] := 1;
set c[30,46] := 46;
set c[30,94] := 94;
set c[30,24] := 24;
set c[30,47] := 47;
set c[30,70] := 70;
set c[30,76] := 76;
set c[30,33] := 33;
set c[30,77] := 77;
set c[30,92] := 92;
set c[30,60] := 60;
set c[30,59] := 59;
set c[30,25] := 25;
set c[30,56] := 56;
set c[30,80] := 80;
set c[30,38] := 38;
set c[30,7] := 7;
set c[30,53] := 53;
set c[30,18] := 18;
set c[30,27] := 27;

