#erel:= 0.800;
#emax:= 1459.338;
#q:= 0.000;
#nesce:=    57;
#etime:= 1.351;
#snodes:=  1295;
param nS:=   100;
param nSG:=    30;
param nRVSG :=
 1 24    4 24    7  2   10  2   13  2   16  2   19  2   22  2   25  2   28  2
 2 24    5  2    8  2   11  2   14  2   17  2   20  2   23  2   26  2   29  2
 3 24    6  2    9  2   12  2   15 12   18  2   21  2   24  2   27  2   30 24
;

param ScenF :=
  1  108.1         46   42.3199      91  152.15       136    0.3397
  2  112.365       47  168.268       92  153.1        137    0.585382
  3   96.4252      48  221.903       93  146.418      138    0.2883
  4   82.8807      49  110.154       94  107.125      139    0.642332
  5   82.9001      50  112.607       95   89.6475     140    0.1284
  6   76.9203      51  104.425       96   80.5843     141    0.695167
  7   97.7503      52   93.9074      97    0.657241   142    0.006
  8  142.702       53   90.9718      98    0          143    0.73164
  9  171.061       54   89.1152      99    0.715902   144    0
 10  152.857       55  106.414      100    0          145    0.764306
 11  126.88        56  143.321      101    0.75833    146    0
 12  106.113       57  170.383      102    0          147    0.786063
 13   93.212       58  160.993      103    0.704222   148    0
 14   81.2303      59  150.215      104    0          149    0.790178
 15   86.4556      60  116.779      105    0.637316   150    0
 16  105.298       61  104.975      106    0          151    0.786988
 17  107.094       62   96.1632     107    0.568836   152    0
 18  112.955       63   96.402      108    0          153    0.752174
 19  116.947       64  105.893      109    0.531398   154    0
 20  118.885       65  120.07       110    0          155    0.689779
 21  113.27        66  162.904      111    0.526693   156    0
 22   86.8983      67  171.517      112    0.0109     157    0
 23   83.1458      68  151.535      113    0.528065   158    1.38901
 24   68.7798      69  154.36       114    0.0852     159    0.618335
 25  102.53        70  135.412      115    0.506732   160    1.72884
 26  205.224       71  121.357      116    0.1822     161   18.2283
 27  253.464       72  100.047      117  151.083      162    0
 28  266.124       73  116.282      118  154.624      163    0
 29  285.2         74  130.392      119  149.27       164    2.35537
 30  294.934       75  135.563      120  163.587      165    0
 31  185.103       76  120.608      121  160.465      166    0
 32  196.172       77   95.7524     122  193.836      167  422.584
 33  213.339       78   93.5387     123  177.238      168    0
 34  347.816       79  134.566      124  180.791      169    0
 35  112.459       80  148.253      125  187.753      170 1517.71
 36   58.2902      81  179.207      126  181.54       171   35.9683
 37    6.10992     82  150.867      127  158.037      172  111.047
 38   12.296       83  143.859      128  150.494      173    5.12647
 39    7.75658     84  134.146      129    0.492146   174   18.085
 40    1.42619     85  120.64       130    0.2724     175    0
 41   64.4399      86  111.161      131    0.508505   176    4.04853
 42    0           87  105.16       132    0.2947     177    3.31525
 43    0           88  113.208      133    0.522893   178    1.29634
 44   93.5066      89  116.167      134    0.3146     179    2.05029
 45    0           90  144.685      135    0.543785   180    3.15832
;

param ScenO :=
  1 139.1         46   5           91 162.07       136   0.473
  2 135.2         47   5           92 154.84       137   0.076
  3 132           48   5           93 152.25       138   0.335
  4 130.38        49 129.1         94 144.84       139   0.089
  5 133.48        50 128.73        95 136.13       140   0.111
  6 137.5         51 117.1         96 135.26       141   0.09
  7 142.6         52 114.93        97   0.642      142   0.004
  8 147.8         53 116.73        98   0          143   0.072
  9 156.11        54 129.8         99   0.591      144   0
 10 147.8         55 136          100   0          145   0.052
 11 144.06        56 142.14       101   0.558      146   0
 12 141           57 152.88       102   0          147   0.038
 13 139.1         58 143.72       103   0.555      148   0
 14 138.7         59 138.29       104   0          149   0.035
 15 138.7         60 138.29       105   0.527      150   0
 16 140.5         61 134.2        106   0          151   0.042
 17 140.5         62 131.91       107   0.464      152   0
 18 148.85        63 134.33       108   0          153   0.059
 19 162.07        64 137.5        109   0.386      154   0
 20 154.84        65 142.5        110   0          155   0.083
 21 153.25        66 151.98       111   0.291      156   0
 22 149.73        67 164.1        112   0.058      157   0.702516
 23 144.36        68 156.84       113   0.152      158   1.05281
 24 140.26        69 154.78       114   0.289      159   0.763182
 25  13.56        70 149.74       115   0.08       160   0.73884
 26  13.56        71 144.86       116   0.474      161   0.769404
 27  16           72 143.82       117 129.1        162   0.697164
 28  16           73 115          118 127.7        163   0.608696
 29  16           74 111.92       119 125.34       164   0.689716
 30  13.56        75  95.5        120 129.5        165   0.76587
 31  11.8         76  95.5        121 135.04       166   0.701894
 32  15           77 100.3        122 153          167   0.566639
 33  11.8         78 103          123 165.19       168   0.660426
 34  13.56        79 128.34       124 154.85       169   0.705607
 35   5.52        80 161.65       125 153.26       170   0.770079
 36   5.4         81 160          126 147.84       171   0.745854
 37   5.8         82 159.07       127 134.68       172   0.985694
 38   5.8         83 138.06       128 135.73       173   0.679929
 39   7.52        84 126.9        129   0.035      174   0.678468
 40  14           85 125.19       130   0.583      175   0.929969
 41  15           86 124.83       131   0.02       176   0.923017
 42   9.2         87 122          132   0.58       177   0.645612
 43   5           88 126.45       133   0.034      178   0.687838
 44   5           89 138.16       134   0.525      179   0.693336
 45   5           90 154.84       135   0.053      180   0.71068
;

param Scen0 (tr)
 :    1	    2	    3	    4	    5	    6	    7	    8	    9	   10	   11	   12	   13	   14	   15	   16	   17	   18	   19	   20	   21	   22	   23	   24	   25	   26	   27	   28	   29	   30	   31	   32	   33	   34	   35	   36	   37	   38	   39	   40	   41	   42	   43	   44	   45	   46	   47	   48	   49	   50	   51	   52	   53	   54	   55	   56	   57	   58	   59	   60	   61	   62	   63	   64	   65	   66	   67	   68	   69	   70	   71	   72	   73	   74	   75	   76	   77	   78	   79	   80	   81	   82	   83	   84	   85	   86	   87	   88	   89	   90	   91	   92	   93	   94	   95	   96	   97	   98	   99	  100	  101	  102	  103	  104	  105	  106	  107	  108	  109	  110	  111	  112	  113	  114	  115	  116	  117	  118	  119	  120	  121	  122	  123	  124	  125	  126	  127	  128	  129	  130	  131	  132	  133	  134	  135	  136	  137	  138	  139	  140	  141	  142	  143	  144	  145	  146	  147	  148	  149	  150	  151	  152	  153	  154	  155	  156	  157	  158	  159	  160	  161	  162	  163	  164	  165	  166	  167	  168	  169	  170	  171	  172	  173	  174	  175	  176	  177	  178	  179	  180	:=
    1	139.100000	135.200000	132.000000	130.380000	133.480000	137.500000	142.600000	147.800000	156.110000	147.800000	144.060000	141.000000	139.100000	138.700000	138.700000	140.500000	140.500000	148.850000	162.070000	154.840000	153.250000	149.730000	144.360000	140.260000	13.560000	205.212000	245.872000	260.976000	282.409000	302.142000	186.193000	174.309000	177.896000	350.817000	114.510000	53.740700	9.897810	18.191000	13.081700	2.882110	82.445400	21.679800	34.436600	152.755000	0.245896	41.928000	168.347000	221.976000	129.100000	106.725000	97.483600	92.214600	90.478900	93.970100	116.422000	143.880000	174.126000	156.492000	150.025000	122.965000	113.024000	93.337200	89.633900	102.143000	116.265000	137.500000	169.339000	167.859000	156.678000	138.196000	115.176000	101.306000	115.000000	132.228000	138.346000	125.079000	108.538000	93.843000	133.485000	175.095000	185.060000	160.316000	132.867000	122.684000	121.610000	120.255000	116.398000	117.801000	124.959000	137.123000	149.161000	153.464000	142.372000	120.734000	92.446300	74.793700	0.642000	0.000000	0.711619	0.000000	0.759099	0.000000	0.690341	0.000000	0.630243	0.000000	0.545202	0.000000	0.514842	0.000000	0.519670	0.012300	0.456104	0.101200	0.424099	0.195200	129.100000	157.906000	149.095000	151.008000	152.056000	174.542000	172.739000	178.268000	180.671000	180.929000	159.112000	154.883000	0.501620	0.296800	0.412176	0.334500	0.559270	0.352300	0.598378	0.283500	0.539998	0.419300	0.567582	0.231200	0.689155	0.003100	0.889756	0.000000	0.889341	0.000000	0.857528	0.000000	0.944197	0.000000	0.929211	0.000000	0.891851	0.000000	0.823381	0.000000	0.702516	1.220690	0.704639	1.337450	16.556800	0.650078	0.000000	2.394930	0.356378	0.000000	447.012000	0.000000	0.000000	2003.250000	100.727000	114.754000	2.549730	18.668900	10.635700	3.826790	3.752250	1.528370	1.892830	2.964450	
    2	139.100000	135.200000	132.000000	130.380000	133.480000	137.500000	142.600000	147.800000	156.110000	147.800000	144.060000	141.000000	139.100000	138.700000	138.700000	140.500000	140.500000	148.850000	162.070000	154.840000	153.250000	149.730000	144.360000	140.260000	13.560000	193.562000	250.890000	261.521000	283.387000	288.977000	177.688000	180.917000	198.956000	339.539000	121.335000	47.955300	0.000000	0.000000	0.000000	0.000000	41.315700	0.000000	16.219900	173.979000	0.000000	35.300400	170.600000	212.340000	129.100000	105.199000	98.807100	95.503400	94.643900	97.056900	118.096000	153.985000	175.303000	161.860000	146.692000	117.903000	103.476000	88.575100	82.166000	102.610000	100.465000	139.904000	155.377000	156.263000	140.300000	129.028000	108.006000	98.297700	115.000000	136.333000	146.478000	136.476000	114.346000	101.335000	140.394000	179.721000	179.198000	158.724000	137.028000	118.505000	113.153000	103.699000	91.159900	98.311900	105.222000	122.810000	157.862000	179.211000	151.393000	129.266000	90.067100	87.587300	0.642000	0.000000	0.669622	0.000000	0.633506	0.000000	0.627456	0.000000	0.579974	0.000000	0.511497	0.000000	0.480780	0.000000	0.469891	0.003800	0.459683	0.083900	0.437300	0.146600	129.100000	146.966000	139.621000	154.019000	169.176000	181.591000	186.909000	171.809000	168.485000	165.851000	135.684000	157.119000	0.425007	0.267800	0.498137	0.357500	0.540906	0.367400	0.569921	0.339700	0.576398	0.257000	0.702138	0.106200	0.769333	0.002500	0.802126	0.000000	0.809858	0.000000	0.813900	0.000000	0.782420	0.000000	0.733808	0.000000	0.674467	0.000000	0.615207	0.000000	0.702516	1.273690	0.710858	1.226080	16.295500	0.000000	0.000000	2.336040	0.337867	0.000000	459.957000	0.572090	0.000000	2011.010000	107.135000	122.868000	0.000000	18.008600	7.393240	3.597790	3.881210	1.521280	1.751800	2.844310	
    3	139.100000	135.200000	132.000000	130.380000	133.480000	137.500000	142.600000	147.800000	156.110000	147.800000	144.060000	141.000000	139.100000	138.700000	138.700000	140.500000	140.500000	148.850000	162.070000	154.840000	153.250000	149.730000	144.360000	140.260000	13.560000	209.671000	255.558000	271.349000	291.484000	283.816000	178.085000	182.577000	186.105000	335.997000	118.134000	58.984300	7.958430	10.665500	5.250780	0.000000	56.714300	14.758700	36.747000	151.872000	11.509500	41.258500	163.477000	214.672000	129.100000	113.772000	109.500000	97.947200	92.343400	86.504400	105.356000	140.370000	162.800000	156.106000	161.475000	123.337000	110.424000	103.289000	100.605000	116.302000	126.089000	149.457000	173.207000	162.950000	152.031000	144.200000	118.086000	105.675000	115.000000	135.665000	131.515000	120.170000	106.918000	97.431100	142.800000	170.845000	179.056000	165.960000	149.463000	124.756000	123.711000	115.839000	109.074000	112.674000	114.576000	135.501000	146.124000	156.458000	145.946000	125.246000	91.689400	84.133900	0.642000	0.000000	0.721648	0.000000	0.748745	0.000000	0.696745	0.000000	0.688011	0.000000	0.612105	0.000000	0.559983	0.000000	0.530173	0.014600	0.516302	0.117500	0.495867	0.158500	129.100000	153.258000	148.705000	162.891000	170.516000	203.172000	191.168000	182.112000	181.395000	194.306000	168.026000	153.087000	0.649367	0.561500	0.463190	0.290900	0.471879	0.282600	0.563414	0.444500	0.555065	0.459900	0.631473	0.127700	0.745403	0.005200	0.804977	0.000000	0.871623	0.000000	0.858105	0.000000	0.849847	0.000000	0.837649	0.000000	0.831425	0.000000	0.786430	0.000000	0.702516	0.808898	0.870223	1.721170	16.933200	0.028521	0.000000	2.354020	0.424472	0.585081	462.095000	0.000000	0.000000	1997.480000	91.871200	112.647000	3.049050	18.616600	0.000000	3.782480	3.812370	1.636770	1.979030	3.034170	
    4	139.100000	135.200000	132.000000	130.380000	133.480000	137.500000	142.600000	147.800000	156.110000	147.800000	144.060000	141.000000	139.100000	138.700000	138.700000	140.500000	140.500000	148.850000	162.070000	154.840000	153.250000	149.730000	144.360000	140.260000	13.560000	212.847000	256.976000	266.477000	292.921000	299.134000	180.115000	183.660000	201.722000	359.684000	106.570000	63.159000	4.731660	11.973400	8.715620	5.179770	70.112400	13.254000	4.611350	133.282000	0.000000	35.746800	164.560000	228.194000	129.100000	110.004000	95.036500	95.304300	89.921600	88.967500	107.100000	144.069000	165.909000	150.310000	158.159000	128.442000	113.533000	100.049000	98.727400	110.816000	118.419000	141.109000	167.158000	168.228000	156.315000	126.335000	122.564000	103.560000	115.000000	124.471000	128.320000	108.620000	89.615200	81.800200	131.220000	156.272000	165.494000	155.746000	155.702000	119.386000	127.317000	109.059000	100.616000	106.596000	112.813000	148.635000	138.468000	160.724000	142.380000	125.461000	87.263300	74.421900	0.642000	0.000000	0.743907	0.000000	0.770755	0.000000	0.745692	0.000000	0.661280	0.000000	0.598436	0.000000	0.579867	0.000000	0.564134	0.007100	0.543310	0.087400	0.512880	0.250700	129.100000	159.700000	145.781000	159.418000	166.767000	189.160000	195.744000	177.145000	198.597000	183.425000	154.060000	136.322000	0.591430	0.376100	0.499897	0.334100	0.590688	0.414000	0.561204	0.365900	0.625047	0.352000	0.616494	0.152200	0.681512	0.005200	0.700753	0.000000	0.866652	0.000000	0.745779	0.000000	0.756408	0.000000	0.766861	0.000000	0.758484	0.000000	0.718527	0.000000	0.702516	1.679140	1.296250	1.393440	16.712400	0.000000	0.000000	2.817190	0.000000	0.762115	440.759000	6.077500	0.000000	1915.750000	79.716600	109.432000	3.828510	19.746600	0.000000	4.395240	3.955690	1.641570	1.969580	2.950760	
    5	139.100000	135.200000	132.000000	130.380000	133.480000	137.500000	142.600000	147.800000	156.110000	147.800000	144.060000	141.000000	139.100000	138.700000	138.700000	140.500000	140.500000	148.850000	162.070000	154.840000	153.250000	149.730000	144.360000	140.260000	13.560000	205.212000	245.872000	260.976000	282.409000	302.142000	186.193000	174.309000	177.896000	350.817000	114.510000	53.740700	9.897810	18.191000	13.081700	2.882110	82.445400	21.679800	34.436600	152.755000	0.245896	41.928000	168.347000	221.976000	129.100000	106.725000	97.483600	92.214600	90.478900	93.970100	116.422000	143.880000	174.126000	156.492000	150.025000	122.965000	113.024000	93.337200	89.633900	102.143000	116.265000	137.500000	169.339000	167.859000	156.678000	138.196000	115.176000	101.306000	115.000000	132.228000	138.346000	125.079000	108.538000	93.843000	133.485000	175.095000	185.060000	160.316000	132.867000	122.684000	121.610000	120.255000	116.398000	117.801000	124.959000	137.123000	149.161000	153.464000	142.372000	120.734000	92.446300	74.793700	0.642000	0.000000	0.711619	0.000000	0.759099	0.000000	0.690341	0.000000	0.630243	0.000000	0.545202	0.000000	0.514842	0.000000	0.519670	0.012300	0.456104	0.101200	0.424099	0.195200	129.100000	157.906000	149.095000	151.008000	152.056000	174.542000	172.739000	178.268000	180.671000	180.929000	159.112000	154.883000	0.501620	0.296800	0.412176	0.334500	0.559270	0.352300	0.598378	0.283500	0.539998	0.419300	0.567582	0.231200	0.689155	0.003100	0.889756	0.000000	0.889341	0.000000	0.857528	0.000000	0.944197	0.000000	0.929211	0.000000	0.891851	0.000000	0.823381	0.000000	0.702516	1.220690	0.704639	1.337450	16.556800	0.650078	0.000000	2.394930	0.356378	0.000000	447.012000	0.000000	0.000000	2003.250000	100.727000	114.754000	2.549730	18.668900	10.635700	3.826790	3.752250	1.528370	1.892830	2.964450	
    6	139.100000	135.200000	132.000000	130.380000	133.480000	137.500000	142.600000	147.800000	156.110000	147.800000	144.060000	141.000000	139.100000	138.700000	138.700000	140.500000	140.500000	148.850000	162.070000	154.840000	153.250000	149.730000	144.360000	140.260000	13.560000	205.212000	245.872000	260.976000	282.409000	302.142000	186.193000	174.309000	177.896000	350.817000	114.510000	53.740700	9.897810	18.191000	13.081700	2.882110	82.445400	21.679800	34.436600	152.755000	0.245896	41.928000	168.347000	221.976000	129.100000	106.725000	97.483600	92.214600	90.478900	93.970100	116.422000	143.880000	174.126000	156.492000	150.025000	122.965000	113.024000	93.337200	89.633900	102.143000	116.265000	137.500000	169.339000	167.859000	156.678000	138.196000	115.176000	101.306000	115.000000	132.228000	138.346000	125.079000	108.538000	93.843000	133.485000	175.095000	185.060000	160.316000	132.867000	122.684000	121.610000	120.255000	116.398000	117.801000	124.959000	137.123000	149.161000	153.464000	142.372000	120.734000	92.446300	74.793700	0.642000	0.000000	0.711619	0.000000	0.759099	0.000000	0.690341	0.000000	0.630243	0.000000	0.545202	0.000000	0.514842	0.000000	0.519670	0.012300	0.456104	0.101200	0.424099	0.195200	129.100000	157.906000	149.095000	151.008000	152.056000	174.542000	172.739000	178.268000	180.671000	180.929000	159.112000	154.883000	0.501620	0.296800	0.412176	0.334500	0.559270	0.352300	0.598378	0.283500	0.539998	0.419300	0.567582	0.231200	0.689155	0.003100	0.889756	0.000000	0.889341	0.000000	0.857528	0.000000	0.944197	0.000000	0.929211	0.000000	0.891851	0.000000	0.823381	0.000000	0.702516	1.220690	0.704639	1.337450	16.556800	0.650078	0.000000	2.394930	0.356378	0.000000	447.012000	0.000000	0.000000	2003.250000	100.727000	114.754000	2.549730	18.668900	10.635700	3.826790	3.752250	1.528370	1.892830	2.964450	
    7	139.100000	135.200000	132.000000	130.380000	133.480000	137.500000	142.600000	147.800000	156.110000	147.800000	144.060000	141.000000	139.100000	138.700000	138.700000	140.500000	140.500000	148.850000	162.070000	154.840000	153.250000	149.730000	144.360000	140.260000	13.560000	193.562000	250.890000	261.521000	283.387000	288.977000	177.688000	180.917000	198.956000	339.539000	121.335000	47.955300	0.000000	0.000000	0.000000	0.000000	41.315700	0.000000	16.219900	173.979000	0.000000	35.300400	170.600000	212.340000	129.100000	105.199000	98.807100	95.503400	94.643900	97.056900	118.096000	153.985000	175.303000	161.860000	146.692000	117.903000	103.476000	88.575100	82.166000	102.610000	100.465000	139.904000	155.377000	156.263000	140.300000	129.028000	108.006000	98.297700	115.000000	136.333000	146.478000	136.476000	114.346000	101.335000	140.394000	179.721000	179.198000	158.724000	137.028000	118.505000	113.153000	103.699000	91.159900	98.311900	105.222000	122.810000	157.862000	179.211000	151.393000	129.266000	90.067100	87.587300	0.642000	0.000000	0.669622	0.000000	0.633506	0.000000	0.627456	0.000000	0.579974	0.000000	0.511497	0.000000	0.480780	0.000000	0.469891	0.003800	0.459683	0.083900	0.437300	0.146600	129.100000	146.966000	139.621000	154.019000	169.176000	181.591000	186.909000	171.809000	168.485000	165.851000	135.684000	157.119000	0.425007	0.267800	0.498137	0.357500	0.540906	0.367400	0.569921	0.339700	0.576398	0.257000	0.423421	0.104400	0.449274	0.003500	0.467208	0.000000	0.492538	0.000000	0.509366	0.000000	0.520269	0.000000	0.527398	0.000000	0.502473	0.000000	0.461573	0.000000	0.702516	0.986310	0.773091	2.476490	18.084800	0.475388	0.000000	2.160960	0.108473	2.299930	468.769000	0.000000	0.000000	1986.900000	92.872700	105.147000	0.000000	16.635300	0.000000	4.364510	3.834310	1.607550	2.046490	3.128550	
    8	139.100000	135.200000	132.000000	130.380000	133.480000	137.500000	142.600000	147.800000	156.110000	147.800000	144.060000	141.000000	139.100000	138.700000	138.700000	140.500000	140.500000	148.850000	162.070000	154.840000	153.250000	149.730000	144.360000	140.260000	13.560000	208.358000	248.512000	261.153000	280.123000	289.559000	174.361000	171.019000	196.789000	334.634000	82.027700	30.789000	0.000000	0.000000	0.000000	0.000000	52.729300	0.000000	23.686800	131.581000	6.882080	37.134000	166.817000	218.595000	129.100000	112.195000	108.473000	99.197500	91.357100	90.449800	114.170000	147.972000	166.615000	162.905000	155.110000	119.852000	107.462000	99.104000	95.528500	110.256000	124.428000	138.732000	165.076000	163.299000	149.721000	136.435000	116.337000	103.678000	115.000000	124.057000	126.378000	117.700000	94.432800	84.449900	129.031000	162.110000	168.159000	164.876000	146.790000	140.617000	139.594000	134.088000	128.006000	127.920000	142.006000	140.996000	159.682000	167.957000	152.337000	126.606000	100.097000	94.818300	0.642000	0.000000	0.687738	0.000000	0.703019	0.000000	0.619585	0.000000	0.540790	0.000000	0.494834	0.000000	0.474431	0.000000	0.323200	0.006500	0.303753	0.072500	0.281935	0.102400	129.100000	114.163000	109.782000	121.376000	132.473000	161.701000	137.382000	163.748000	181.406000	168.829000	141.717000	127.559000	0.248448	0.246400	0.219223	0.266300	0.219394	0.196000	0.239612	0.128500	0.257853	0.083400	0.320777	0.099800	0.402798	0.008400	0.469905	0.000000	0.521712	0.000000	0.504133	0.000000	0.468648	0.000000	0.462953	0.000000	0.456220	0.000000	0.440989	0.000000	0.702516	1.524170	1.105060	2.106190	16.883200	0.576755	0.000000	2.293640	0.342374	0.000000	441.168000	0.913283	0.000000	1878.830000	81.805400	113.565000	4.521630	19.970500	0.000000	4.053040	3.763030	1.715780	1.945490	2.980410	
    9	139.100000	135.200000	132.000000	130.380000	133.480000	137.500000	142.600000	147.800000	156.110000	147.800000	144.060000	141.000000	139.100000	138.700000	138.700000	140.500000	140.500000	148.850000	162.070000	154.840000	153.250000	149.730000	144.360000	140.260000	13.560000	205.212000	245.872000	260.976000	282.409000	302.142000	186.193000	174.309000	177.896000	350.817000	114.510000	53.740700	9.897810	18.191000	13.081700	2.882110	82.445400	21.679800	34.436600	152.755000	0.245896	41.928000	168.347000	221.976000	129.100000	106.725000	97.483600	92.214600	90.478900	93.970100	116.422000	143.880000	174.126000	156.492000	150.025000	122.965000	113.024000	93.337200	89.633900	102.143000	116.265000	137.500000	169.339000	167.859000	156.678000	138.196000	115.176000	101.306000	115.000000	132.228000	138.346000	125.079000	108.538000	93.843000	133.485000	175.095000	185.060000	160.316000	132.867000	122.684000	121.610000	120.255000	116.398000	117.801000	124.959000	137.123000	149.161000	153.464000	142.372000	120.734000	92.446300	74.793700	0.642000	0.000000	0.711619	0.000000	0.759099	0.000000	0.690341	0.000000	0.630243	0.000000	0.545202	0.000000	0.514842	0.000000	0.519670	0.012300	0.456104	0.101200	0.424099	0.195200	129.100000	157.906000	149.095000	151.008000	152.056000	174.542000	172.739000	178.268000	180.671000	180.929000	159.112000	154.883000	0.501620	0.296800	0.412176	0.334500	0.559270	0.352300	0.598378	0.283500	0.539998	0.419300	0.567582	0.231200	0.616062	0.004000	0.563667	0.000000	0.585464	0.000000	0.644832	0.000000	0.631810	0.000000	0.632095	0.000000	0.625611	0.000000	0.627174	0.000000	0.702516	0.615858	0.029639	1.804200	17.512900	0.000000	0.000000	2.243650	0.516068	0.000000	451.728000	2.925860	0.000000	1834.440000	70.439200	91.028400	26.522400	20.007900	1.791630	3.956700	3.558230	1.745160	2.227750	3.130010	
   10	139.100000	135.200000	132.000000	130.380000	133.480000	137.500000	142.600000	147.800000	156.110000	147.800000	144.060000	141.000000	139.100000	138.700000	138.700000	140.500000	140.500000	148.850000	162.070000	154.840000	153.250000	149.730000	144.360000	140.260000	13.560000	205.212000	245.872000	260.976000	282.409000	302.142000	186.193000	174.309000	177.896000	350.817000	114.510000	53.740700	9.897810	18.191000	13.081700	2.882110	82.445400	21.679800	34.436600	152.755000	0.245896	41.928000	168.347000	221.976000	129.100000	106.725000	97.483600	92.214600	90.478900	93.970100	116.422000	143.880000	174.126000	156.492000	150.025000	122.965000	113.024000	93.337200	89.633900	102.143000	116.265000	137.500000	169.339000	167.859000	156.678000	138.196000	115.176000	101.306000	115.000000	132.228000	138.346000	125.079000	108.538000	93.843000	133.485000	175.095000	185.060000	160.316000	132.867000	122.684000	121.610000	120.255000	116.398000	117.801000	124.959000	137.123000	149.161000	153.464000	142.372000	120.734000	92.446300	74.793700	0.642000	0.000000	0.711619	0.000000	0.759099	0.000000	0.690341	0.000000	0.630243	0.000000	0.545202	0.000000	0.514842	0.000000	0.519670	0.012300	0.456104	0.101200	0.424099	0.195200	129.100000	157.906000	149.095000	151.008000	152.056000	174.542000	172.739000	178.268000	180.671000	180.929000	159.112000	154.883000	0.501620	0.296800	0.412176	0.334500	0.559270	0.352300	0.598378	0.283500	0.539998	0.419300	0.567582	0.231200	0.689155	0.003100	0.889756	0.000000	0.889341	0.000000	0.857528	0.000000	0.944197	0.000000	0.929211	0.000000	0.891851	0.000000	0.823381	0.000000	0.702516	1.220690	0.704639	1.337450	16.556800	0.650078	0.000000	2.394930	0.356378	0.000000	447.012000	0.000000	0.000000	2003.250000	100.727000	114.754000	2.549730	18.668900	10.635700	3.826790	3.752250	1.528370	1.892830	2.964450	
   11	139.100000	135.200000	132.000000	130.380000	133.480000	137.500000	142.600000	147.800000	156.110000	147.800000	144.060000	141.000000	139.100000	138.700000	138.700000	140.500000	140.500000	148.850000	162.070000	154.840000	153.250000	149.730000	144.360000	140.260000	13.560000	209.713000	256.976000	266.477000	292.921000	299.134000	180.115000	183.660000	201.722000	359.684000	106.570000	63.159000	4.731660	11.973400	8.715620	1.461890	93.235400	0.000000	0.000000	126.367000	6.693680	37.071300	168.292000	211.721000	129.100000	111.862000	97.198800	95.321200	86.709200	88.649200	111.818000	144.481000	160.933000	143.974000	154.099000	116.909000	105.166000	97.199300	92.266600	106.822000	119.986000	149.765000	198.566000	177.215000	154.177000	121.270000	117.209000	106.279000	115.000000	130.038000	131.827000	120.719000	102.395000	85.739100	139.334000	157.819000	172.490000	155.442000	150.339000	121.204000	125.293000	113.937000	104.298000	111.769000	116.191000	139.382000	158.321000	167.576000	155.178000	107.416000	99.997700	95.720500	0.642000	0.000000	0.741772	0.000000	0.770359	0.000000	0.710584	0.000000	0.664091	0.000000	0.606803	0.000000	0.577628	0.000000	0.532484	0.009200	0.566116	0.123500	0.508494	0.257300	129.100000	157.906000	155.092000	172.009000	156.496000	175.674000	152.613000	173.679000	186.020000	178.200000	152.827000	148.822000	0.502306	0.384300	0.505455	0.202900	0.498426	0.142600	0.538106	0.117300	0.605996	0.104100	0.659366	0.074900	0.690258	0.004800	0.715932	0.000000	0.841144	0.000000	0.872934	0.000000	0.857895	0.000000	0.862615	0.000000	0.847306	0.000000	0.818937	0.000000	0.702516	1.029530	0.409598	0.387721	14.901000	0.742379	0.000000	2.517320	0.000000	4.062650	454.390000	22.034000	14.851500	1723.270000	50.408500	79.292000	32.956800	19.876200	0.000000	4.931570	3.982180	1.524180	2.209290	2.648670	
   12	139.100000	135.200000	132.000000	130.380000	133.480000	137.500000	142.600000	147.800000	156.110000	147.800000	144.060000	141.000000	139.100000	138.700000	138.700000	140.500000	140.500000	148.850000	162.070000	154.840000	153.250000	149.730000	144.360000	140.260000	13.560000	204.894000	255.442000	267.099000	285.794000	297.403000	183.426000	189.417000	228.075000	347.084000	79.985300	60.364800	2.926160	10.104800	5.534670	5.384950	60.054400	0.000000	4.670050	132.078000	0.000000	38.096300	158.311000	208.517000	129.100000	110.463000	100.738000	93.569300	93.500700	92.669900	108.783000	149.116000	166.522000	154.913000	157.857000	122.891000	118.191000	110.667000	108.163000	122.647000	113.327000	135.410000	159.096000	137.921000	124.982000	116.743000	105.504000	86.839700	115.000000	113.342000	113.758000	105.836000	88.317200	69.584800	116.388000	137.008000	152.804000	143.810000	133.882000	132.983000	136.892000	133.691000	124.366000	130.464000	106.376000	133.012000	145.651000	138.218000	128.230000	99.986900	77.522800	65.160100	0.642000	0.000000	0.782595	0.000000	0.846178	0.000000	0.815430	0.000000	0.743567	0.000000	0.678646	0.000000	0.640667	0.000000	0.620227	0.014900	0.652798	0.095800	0.683650	0.148000	129.100000	184.131000	158.500000	171.085000	188.514000	207.826000	176.245000	191.113000	176.454000	179.463000	145.455000	139.617000	0.705582	0.293500	0.726679	0.224700	0.739973	0.326500	0.767547	0.236500	0.803555	0.290800	0.833339	0.118200	0.743859	0.005200	0.798610	0.000000	0.831178	0.000000	0.831696	0.000000	0.816024	0.000000	0.816085	0.000000	0.794113	0.000000	0.712896	0.000000	0.702516	0.283381	0.000000	0.562594	15.464000	0.000000	0.000000	1.909530	0.123370	0.000000	418.634000	14.783600	32.973500	1725.580000	186.612000	134.797000	18.909200	22.052700	0.000000	4.349630	3.796750	1.668180	2.024680	2.861400	
   13	139.100000	135.200000	132.000000	130.380000	133.480000	137.500000	142.600000	147.800000	156.110000	147.800000	144.060000	141.000000	139.100000	138.700000	138.700000	140.500000	140.500000	148.850000	162.070000	154.840000	153.250000	149.730000	144.360000	140.260000	13.560000	208.358000	248.512000	261.153000	280.123000	289.559000	174.361000	171.019000	196.789000	334.634000	82.027700	30.789000	0.000000	0.000000	0.000000	0.000000	52.729300	0.000000	23.686800	131.581000	6.882080	37.134000	166.817000	218.595000	129.100000	97.917700	86.631600	77.142400	68.186100	68.216400	96.414300	133.002000	164.286000	155.215000	124.134000	86.186600	73.952700	68.507600	65.488500	83.724200	100.152000	124.950000	151.909000	164.738000	149.310000	128.028000	116.012000	97.004300	115.000000	129.374000	139.914000	116.958000	94.728300	84.010100	129.831000	150.820000	158.927000	166.979000	111.141000	108.263000	110.213000	105.525000	95.778900	99.407900	101.819000	116.746000	152.012000	140.035000	139.357000	98.985400	72.468200	70.226400	0.642000	0.000000	0.694417	0.000000	0.750968	0.000000	0.727800	0.000000	0.678725	0.000000	0.621878	0.000000	0.562939	0.000000	0.535374	0.004700	0.495269	0.027700	0.393435	0.077300	129.100000	153.644000	146.605000	159.708000	168.306000	193.411000	172.133000	180.989000	185.609000	173.338000	149.109000	141.211000	0.311286	0.353900	0.286826	0.282100	0.289392	0.437900	0.320637	0.324500	0.353266	0.323100	0.415840	0.142900	0.505844	0.009800	0.556300	0.000000	0.596229	0.000000	0.606877	0.000000	0.620285	0.000000	0.631871	0.000000	0.803400	0.000000	0.748080	0.000000	0.702516	1.184810	0.896505	1.734180	17.711700	1.903290	0.000000	2.194600	0.000000	0.000000	464.424000	0.000000	0.000000	1914.880000	85.674200	115.349000	2.920740	20.367200	21.525300	3.504600	3.835800	1.486570	2.003560	2.995990	
   14	139.100000	135.200000	132.000000	130.380000	133.480000	137.500000	142.600000	147.800000	156.110000	147.800000	144.060000	141.000000	139.100000	138.700000	138.700000	140.500000	140.500000	148.850000	162.070000	154.840000	153.250000	149.730000	144.360000	140.260000	13.560000	209.713000	256.976000	266.477000	292.921000	299.134000	180.115000	183.660000	201.722000	359.684000	106.570000	63.159000	4.731660	11.973400	8.715620	1.461890	93.235400	0.000000	0.000000	126.367000	6.693680	37.071300	168.292000	211.721000	129.100000	111.649000	106.600000	93.884700	87.259700	89.967200	101.119000	137.553000	191.694000	170.842000	151.048000	112.848000	103.710000	98.430200	94.605300	116.438000	132.770000	150.755000	166.206000	155.872000	152.913000	133.225000	117.320000	126.533000	115.000000	133.503000	137.510000	125.132000	106.706000	101.431000	140.802000	154.623000	183.641000	161.141000	144.297000	133.980000	131.857000	131.485000	126.678000	138.546000	135.967000	148.159000	154.521000	165.213000	154.942000	115.284000	98.147000	108.342000	0.642000	0.000000	0.701678	0.000000	0.749178	0.000000	0.749143	0.000000	0.702211	0.000000	0.636000	0.000000	0.590575	0.000000	0.564477	0.010300	0.543310	0.057700	0.524051	0.251700	129.100000	156.515000	152.814000	159.011000	177.211000	211.367000	205.180000	203.135000	192.924000	181.670000	157.464000	148.136000	0.489925	0.310000	0.515955	0.296600	0.514422	0.325500	0.564932	0.288900	0.639079	0.135500	0.559424	0.153800	0.662131	0.008000	0.750333	0.000000	0.780521	0.000000	0.774714	0.000000	0.739914	0.000000	0.730839	0.000000	0.709992	0.000000	0.669898	0.000000	0.702516	1.220550	0.695988	1.762770	17.689600	0.267526	0.000000	2.395560	0.394910	0.000000	450.464000	0.000000	0.000000	2163.720000	106.036000	131.196000	0.000000	21.812300	0.000000	4.429470	4.094360	1.790190	1.973980	2.991990	
   15	139.100000	135.200000	132.000000	130.380000	133.480000	137.500000	142.600000	147.800000	156.110000	147.800000	144.060000	141.000000	139.100000	138.700000	138.700000	140.500000	140.500000	148.850000	162.070000	154.840000	153.250000	149.730000	144.360000	140.260000	13.560000	212.847000	256.976000	266.477000	292.921000	299.134000	180.115000	183.660000	201.722000	359.684000	106.570000	63.159000	4.731660	11.973400	8.715620	5.179770	70.112400	13.254000	4.611350	133.282000	0.000000	35.746800	164.560000	228.194000	129.100000	110.004000	95.036500	95.304300	89.921600	88.967500	107.100000	144.069000	165.909000	150.310000	158.159000	128.442000	113.533000	100.049000	98.727400	110.816000	118.419000	141.109000	167.158000	168.228000	156.315000	126.335000	122.564000	103.560000	115.000000	124.471000	128.320000	108.620000	89.615200	81.800200	131.220000	156.272000	165.494000	155.746000	155.702000	119.386000	127.317000	109.059000	100.616000	106.596000	112.813000	148.635000	138.468000	160.724000	142.380000	125.461000	87.263300	74.421900	0.642000	0.000000	0.743907	0.000000	0.770755	0.000000	0.745692	0.000000	0.661280	0.000000	0.598436	0.000000	0.579867	0.000000	0.564134	0.007100	0.543310	0.087400	0.512880	0.250700	129.100000	159.700000	145.781000	159.418000	166.767000	189.160000	195.744000	177.145000	198.597000	183.425000	154.060000	136.322000	0.591430	0.376100	0.499897	0.334100	0.590688	0.414000	0.561204	0.365900	0.625047	0.352000	0.616494	0.152200	0.681512	0.005200	0.700753	0.000000	0.866652	0.000000	0.745779	0.000000	0.756408	0.000000	0.766861	0.000000	0.758484	0.000000	0.718527	0.000000	0.702516	1.679140	1.296250	1.393440	16.712400	0.000000	0.000000	2.817190	0.000000	0.762115	440.759000	6.077500	0.000000	1915.750000	79.716600	109.432000	3.828510	19.746600	0.000000	4.395240	3.955690	1.641570	1.969580	2.950760	
   16	139.100000	135.200000	132.000000	130.380000	133.480000	137.500000	142.600000	147.800000	156.110000	147.800000	144.060000	141.000000	139.100000	138.700000	138.700000	140.500000	140.500000	148.850000	162.070000	154.840000	153.250000	149.730000	144.360000	140.260000	13.560000	212.847000	256.976000	266.477000	292.921000	299.134000	180.115000	183.660000	201.722000	359.684000	106.570000	63.159000	4.731660	11.973400	8.715620	5.179770	70.112400	13.254000	4.611350	133.282000	0.000000	35.746800	164.560000	228.194000	129.100000	110.004000	95.036500	95.304300	89.921600	88.967500	107.100000	144.069000	165.909000	150.310000	158.159000	128.442000	113.533000	100.049000	98.727400	110.816000	118.419000	141.109000	167.158000	168.228000	156.315000	126.335000	122.564000	103.560000	115.000000	124.471000	128.320000	108.620000	89.615200	81.800200	131.220000	156.272000	165.494000	155.746000	155.702000	119.386000	127.317000	109.059000	100.616000	106.596000	112.813000	148.635000	138.468000	160.724000	142.380000	125.461000	87.263300	74.421900	0.642000	0.000000	0.743907	0.000000	0.770755	0.000000	0.745692	0.000000	0.661280	0.000000	0.598436	0.000000	0.579867	0.000000	0.564134	0.007100	0.543310	0.087400	0.512880	0.250700	129.100000	159.700000	145.781000	159.418000	166.767000	189.160000	195.744000	177.145000	198.597000	183.425000	154.060000	136.322000	0.591430	0.376100	0.499897	0.334100	0.590688	0.414000	0.561204	0.365900	0.625047	0.352000	0.616494	0.152200	0.681512	0.005200	0.700753	0.000000	0.866652	0.000000	0.745779	0.000000	0.756408	0.000000	0.766861	0.000000	0.758484	0.000000	0.718527	0.000000	0.702516	1.679140	1.296250	1.393440	16.712400	0.000000	0.000000	2.817190	0.000000	0.762115	440.759000	6.077500	0.000000	1915.750000	79.716600	109.432000	3.828510	19.746600	0.000000	4.395240	3.955690	1.641570	1.969580	2.950760	
   17	139.100000	135.200000	132.000000	130.380000	133.480000	137.500000	142.600000	147.800000	156.110000	147.800000	144.060000	141.000000	139.100000	138.700000	138.700000	140.500000	140.500000	148.850000	162.070000	154.840000	153.250000	149.730000	144.360000	140.260000	13.560000	208.358000	248.512000	261.153000	280.123000	289.559000	174.361000	171.019000	196.789000	334.634000	82.027700	30.789000	0.000000	0.000000	0.000000	0.000000	52.729300	0.000000	23.686800	131.581000	6.882080	37.134000	166.817000	218.595000	129.100000	103.088000	98.312600	99.199100	92.213800	94.109800	112.191000	127.148000	154.436000	150.501000	123.697000	94.101200	79.665300	75.625000	79.859600	102.167000	119.586000	144.983000	163.882000	143.192000	138.591000	126.415000	115.922000	101.481000	115.000000	133.564000	131.769000	124.581000	105.032000	97.471100	145.187000	151.208000	169.793000	152.135000	135.165000	131.978000	118.260000	103.948000	101.715000	111.916000	117.550000	138.895000	152.641000	157.436000	155.041000	118.368000	98.710000	80.950200	0.642000	0.000000	0.764071	0.000000	0.815440	0.000000	0.770653	0.000000	0.682836	0.000000	0.575965	0.000000	0.517043	0.000000	0.441362	0.009300	0.477111	0.103900	0.585247	0.357600	129.100000	172.787000	167.779000	177.032000	184.860000	216.582000	195.289000	233.385000	209.545000	196.415000	176.248000	162.983000	0.686648	0.400600	0.745899	0.384100	0.766670	0.313600	0.774253	0.242900	0.788281	0.281900	0.820288	0.151800	0.860377	0.004200	0.872683	0.000000	0.860901	0.000000	0.843281	0.000000	0.840547	0.000000	0.847089	0.000000	0.814095	0.000000	0.744084	0.000000	0.702516	1.605210	0.981554	1.924880	17.659200	0.000000	0.000000	2.378380	0.406371	0.000000	437.608000	6.595510	20.484000	1747.840000	76.803300	112.944000	0.000000	17.790600	46.283700	3.846900	3.641470	1.622330	2.201090	2.998380	
   18	139.100000	135.200000	132.000000	130.380000	133.480000	137.500000	142.600000	147.800000	156.110000	147.800000	144.060000	141.000000	139.100000	138.700000	138.700000	140.500000	140.500000	148.850000	162.070000	154.840000	153.250000	149.730000	144.360000	140.260000	13.560000	209.713000	256.976000	266.477000	292.921000	299.134000	180.115000	183.660000	201.722000	359.684000	106.570000	63.159000	4.731660	11.973400	8.715620	1.461890	93.235400	0.000000	0.000000	126.367000	6.693680	37.071300	168.292000	211.721000	129.100000	111.862000	97.198800	95.321200	86.709200	88.649200	111.818000	144.481000	160.933000	143.974000	154.099000	116.909000	105.166000	97.199300	92.266600	106.822000	119.986000	149.765000	198.566000	177.215000	154.177000	121.270000	117.209000	106.279000	115.000000	130.038000	131.827000	120.719000	102.395000	85.739100	139.334000	157.819000	172.490000	155.442000	150.339000	121.204000	125.293000	113.937000	104.298000	111.769000	116.191000	139.382000	158.321000	167.576000	155.178000	107.416000	99.997700	95.720500	0.642000	0.000000	0.741772	0.000000	0.770359	0.000000	0.710584	0.000000	0.664091	0.000000	0.606803	0.000000	0.577628	0.000000	0.532484	0.009200	0.566116	0.123500	0.508494	0.257300	129.100000	157.906000	155.092000	172.009000	156.496000	175.674000	152.613000	173.679000	186.020000	178.200000	152.827000	148.822000	0.502306	0.384300	0.788747	0.496300	0.760398	0.718300	0.801569	0.789500	0.840943	0.787100	0.881118	0.366600	0.932347	0.012200	0.983055	0.000000	1.014850	0.000000	1.029380	0.000000	1.044440	0.000000	1.064230	0.000000	1.074140	0.000000	1.076900	0.000000	0.702516	0.615858	0.029639	1.804200	17.512900	0.000000	0.000000	2.243650	0.281601	0.412340	468.176000	1.325890	0.000000	1942.410000	81.996000	129.554000	0.000000	19.380300	0.000000	4.685220	3.998740	1.635300	2.143890	2.634230	
   19	139.100000	135.200000	132.000000	130.380000	133.480000	137.500000	142.600000	147.800000	156.110000	147.800000	144.060000	141.000000	139.100000	138.700000	138.700000	140.500000	140.500000	148.850000	162.070000	154.840000	153.250000	149.730000	144.360000	140.260000	13.560000	205.212000	245.872000	260.976000	282.409000	302.142000	186.193000	174.309000	177.896000	350.817000	114.510000	53.740700	9.897810	18.191000	13.081700	2.882110	82.445400	21.679800	34.436600	152.755000	0.245896	41.928000	168.347000	221.976000	129.100000	106.725000	97.483600	92.214600	90.478900	93.970100	116.422000	143.880000	174.126000	156.492000	150.025000	122.965000	113.024000	93.337200	89.633900	102.143000	116.265000	137.500000	169.339000	167.859000	156.678000	138.196000	115.176000	101.306000	115.000000	132.228000	138.346000	125.079000	108.538000	93.843000	133.485000	175.095000	185.060000	160.316000	132.867000	122.684000	121.610000	120.255000	116.398000	117.801000	124.959000	137.123000	149.161000	153.464000	142.372000	120.734000	92.446300	74.793700	0.642000	0.000000	0.711619	0.000000	0.759099	0.000000	0.690341	0.000000	0.630243	0.000000	0.545202	0.000000	0.514842	0.000000	0.519670	0.012300	0.456104	0.101200	0.424099	0.195200	129.100000	157.906000	149.095000	151.008000	152.056000	174.542000	172.739000	178.268000	180.671000	180.929000	159.112000	154.883000	0.501620	0.296800	0.412176	0.334500	0.559270	0.352300	0.598378	0.283500	0.539998	0.419300	0.567582	0.231200	0.616062	0.004000	0.563667	0.000000	0.585464	0.000000	0.644832	0.000000	0.631810	0.000000	0.632095	0.000000	0.625611	0.000000	0.627174	0.000000	0.702516	0.615858	0.029639	1.804200	17.512900	0.000000	0.000000	2.243650	0.516068	0.000000	451.728000	2.925860	0.000000	1834.440000	70.439200	91.028400	26.522400	20.007900	1.791630	3.956700	3.558230	1.745160	2.227750	3.130010	
   20	139.100000	135.200000	132.000000	130.380000	133.480000	137.500000	142.600000	147.800000	156.110000	147.800000	144.060000	141.000000	139.100000	138.700000	138.700000	140.500000	140.500000	148.850000	162.070000	154.840000	153.250000	149.730000	144.360000	140.260000	13.560000	208.358000	248.512000	261.153000	280.123000	289.559000	174.361000	171.019000	196.789000	334.634000	82.027700	30.789000	0.000000	0.000000	0.000000	0.000000	52.729300	0.000000	23.686800	131.581000	6.882080	37.134000	166.817000	218.595000	129.100000	114.850000	109.223000	104.239000	97.594500	97.697800	111.465000	133.929000	158.790000	159.431000	133.198000	106.227000	92.473100	86.594500	90.864700	105.788000	114.972000	144.783000	161.303000	147.027000	147.692000	135.946000	126.875000	112.427000	115.000000	142.626000	144.889000	137.504000	117.278000	111.382000	133.891000	159.047000	159.682000	145.885000	123.929000	95.650600	83.767400	83.515900	77.623500	84.741600	82.401700	92.374200	132.034000	151.483000	137.073000	98.887000	87.923300	83.581000	0.642000	0.000000	0.712642	0.000000	0.770755	0.000000	0.754973	0.000000	0.702211	0.000000	0.636000	0.000000	0.556990	0.000000	0.537890	0.014100	0.554653	0.047900	0.564237	0.107000	129.100000	120.229000	115.431000	126.458000	133.182000	147.954000	130.567000	200.683000	225.724000	222.426000	180.867000	172.598000	0.587960	0.242200	0.675496	0.325700	0.805416	0.488500	0.855276	0.619000	0.854637	0.552400	0.882118	0.382600	0.901389	0.009100	0.923255	0.000000	0.979805	0.000000	1.018790	0.000000	1.046380	0.000000	1.058840	0.000000	1.043130	0.000000	1.009310	0.000000	0.702516	1.356430	0.610840	1.549640	17.096100	0.000000	0.000000	2.069450	0.726258	0.000000	437.906000	0.000000	27.897000	1866.260000	0.000000	90.109600	17.511400	23.048500	8.028050	3.779060	3.826740	1.293370	1.689050	2.658530	
   21	139.100000	135.200000	132.000000	130.380000	133.480000	137.500000	142.600000	147.800000	156.110000	147.800000	144.060000	141.000000	139.100000	138.700000	138.700000	140.500000	140.500000	148.850000	162.070000	154.840000	153.250000	149.730000	144.360000	140.260000	13.560000	212.847000	256.976000	266.477000	292.921000	299.134000	180.115000	183.660000	201.722000	359.684000	106.570000	63.159000	4.731660	11.973400	8.715620	5.179770	70.112400	13.254000	4.611350	133.282000	0.000000	35.746800	164.560000	228.194000	129.100000	110.004000	95.036500	95.304300	89.921600	88.967500	107.100000	144.069000	165.909000	150.310000	158.159000	128.442000	113.533000	100.049000	98.727400	110.816000	118.419000	141.109000	167.158000	168.228000	156.315000	126.335000	122.564000	103.560000	115.000000	124.471000	128.320000	108.620000	89.615200	81.800200	131.220000	156.272000	165.494000	155.746000	155.702000	119.386000	127.317000	109.059000	100.616000	106.596000	112.813000	148.635000	138.468000	160.724000	142.380000	125.461000	87.263300	74.421900	0.642000	0.000000	0.743907	0.000000	0.770755	0.000000	0.745692	0.000000	0.661280	0.000000	0.598436	0.000000	0.579867	0.000000	0.564134	0.007100	0.543310	0.087400	0.512880	0.250700	129.100000	159.700000	145.781000	159.418000	166.767000	189.160000	195.744000	177.145000	198.597000	183.425000	154.060000	136.322000	0.591430	0.376100	0.499897	0.334100	0.590688	0.414000	0.561204	0.365900	0.625047	0.352000	0.616494	0.152200	0.681512	0.005200	0.700753	0.000000	0.866652	0.000000	0.745779	0.000000	0.756408	0.000000	0.766861	0.000000	0.758484	0.000000	0.718527	0.000000	0.702516	1.679140	1.296250	1.393440	16.712400	0.000000	0.000000	2.817190	0.000000	0.762115	440.759000	6.077500	0.000000	1915.750000	79.716600	109.432000	3.828510	19.746600	0.000000	4.395240	3.955690	1.641570	1.969580	2.950760	
   22	139.100000	135.200000	132.000000	130.380000	133.480000	137.500000	142.600000	147.800000	156.110000	147.800000	144.060000	141.000000	139.100000	138.700000	138.700000	140.500000	140.500000	148.850000	162.070000	154.840000	153.250000	149.730000	144.360000	140.260000	13.560000	205.212000	245.872000	260.976000	282.409000	302.142000	186.193000	174.309000	177.896000	350.817000	114.510000	53.740700	9.897810	18.191000	13.081700	2.882110	82.445400	21.679800	34.436600	152.755000	0.245896	41.928000	168.347000	221.976000	129.100000	106.725000	97.483600	92.214600	90.478900	93.970100	116.422000	143.880000	174.126000	156.492000	150.025000	122.965000	113.024000	93.337200	89.633900	102.143000	116.265000	137.500000	169.339000	167.859000	156.678000	138.196000	115.176000	101.306000	115.000000	132.228000	138.346000	125.079000	108.538000	93.843000	133.485000	175.095000	185.060000	160.316000	132.867000	122.684000	121.610000	120.255000	116.398000	117.801000	124.959000	137.123000	149.161000	153.464000	142.372000	120.734000	92.446300	74.793700	0.642000	0.000000	0.711619	0.000000	0.759099	0.000000	0.690341	0.000000	0.630243	0.000000	0.545202	0.000000	0.514842	0.000000	0.519670	0.012300	0.456104	0.101200	0.424099	0.195200	129.100000	157.906000	149.095000	151.008000	152.056000	174.542000	172.739000	178.268000	180.671000	180.929000	159.112000	154.883000	0.501620	0.296800	0.412176	0.334500	0.559270	0.352300	0.598378	0.283500	0.539998	0.419300	0.567582	0.231200	0.681512	0.012500	0.697292	0.000000	0.723989	0.000000	0.745779	0.000000	0.756408	0.000000	0.766861	0.000000	0.758484	0.000000	0.718527	0.000000	0.702516	1.275660	0.522536	1.979350	17.752800	1.706040	0.000000	2.238000	0.457484	0.012131	474.277000	6.077500	0.000000	1915.750000	79.716600	109.432000	3.828510	19.746600	0.000000	4.395240	3.955690	1.641570	1.969580	2.950760	
   23	139.100000	135.200000	132.000000	130.380000	133.480000	137.500000	142.600000	147.800000	156.110000	147.800000	144.060000	141.000000	139.100000	138.700000	138.700000	140.500000	140.500000	148.850000	162.070000	154.840000	153.250000	149.730000	144.360000	140.260000	13.560000	211.701000	250.431000	265.883000	280.236000	288.809000	178.879000	184.680000	229.751000	337.719000	116.362000	60.364800	2.926160	10.104800	5.534670	5.384950	60.054400	0.000000	4.670050	132.078000	0.000000	38.096300	158.311000	208.517000	129.100000	113.004000	105.196000	97.222000	85.530500	87.491100	102.894000	137.419000	165.427000	159.002000	145.056000	111.764000	107.833000	94.550000	89.151000	113.023000	119.049000	136.410000	149.742000	138.102000	125.536000	125.496000	100.307000	89.754800	115.000000	128.986000	136.188000	126.780000	93.943800	89.881200	124.505000	147.528000	172.514000	159.753000	143.014000	132.422000	135.054000	124.514000	116.120000	115.876000	122.496000	131.856000	119.896000	134.735000	123.076000	100.413000	74.332400	69.296000	0.642000	0.000000	0.632646	0.000000	0.711346	0.000000	0.677337	0.000000	0.634637	0.000000	0.581048	0.000000	0.530384	0.000000	0.520055	0.011500	0.464108	0.098500	0.462418	0.212300	129.100000	142.166000	156.554000	142.019000	161.375000	189.518000	163.834000	178.294000	202.098000	204.515000	151.084000	150.385000	0.552564	0.415400	0.584534	0.527000	0.460581	0.411700	0.509405	0.462600	0.541276	0.607500	0.800900	0.086800	0.837711	0.008200	0.918676	0.000000	0.782163	0.000000	0.754183	0.000000	0.711474	0.000000	0.719354	0.000000	0.756107	0.000000	0.757225	0.000000	0.702516	0.986310	0.773091	2.476490	18.084800	0.475388	0.000000	2.160960	0.108473	0.000000	430.890000	4.775480	0.000000	1857.110000	91.850500	106.410000	0.211944	17.506500	36.199300	4.048350	3.936900	1.748700	1.998980	2.968260	
   24	139.100000	135.200000	132.000000	130.380000	133.480000	137.500000	142.600000	147.800000	156.110000	147.800000	144.060000	141.000000	139.100000	138.700000	138.700000	140.500000	140.500000	148.850000	162.070000	154.840000	153.250000	149.730000	144.360000	140.260000	13.560000	193.562000	250.890000	261.521000	283.387000	288.977000	177.688000	180.917000	198.956000	339.539000	121.335000	47.955300	0.000000	0.000000	0.000000	0.000000	41.315700	0.000000	16.219900	173.979000	0.000000	35.300400	170.600000	212.340000	129.100000	105.199000	98.807100	95.503400	94.643900	97.056900	118.096000	153.985000	175.303000	161.860000	146.692000	117.903000	103.476000	88.575100	82.166000	102.610000	100.465000	139.904000	155.377000	156.263000	140.300000	129.028000	108.006000	98.297700	115.000000	136.333000	146.478000	136.476000	114.346000	101.335000	140.394000	179.721000	179.198000	158.724000	137.028000	118.505000	113.153000	103.699000	91.159900	98.311900	105.222000	122.810000	157.862000	179.211000	151.393000	129.266000	90.067100	87.587300	0.642000	0.000000	0.721454	0.000000	0.798473	0.000000	0.735676	0.000000	0.688011	0.000000	0.612105	0.000000	0.539966	0.000000	0.526579	0.015800	0.557172	0.074100	0.592365	0.169400	129.100000	161.017000	159.074000	167.903000	175.780000	202.612000	184.095000	184.050000	178.925000	182.086000	157.668000	142.899000	0.585248	0.237500	0.555024	0.258400	0.553740	0.280300	0.587683	0.353000	0.637472	0.293400	0.702138	0.134500	0.769333	0.007100	0.802126	0.000000	0.809858	0.000000	0.813900	0.000000	0.782420	0.000000	0.733808	0.000000	0.674467	0.000000	0.615207	0.000000	0.702516	1.623120	1.215870	1.010750	15.732700	0.000000	0.000000	2.336040	0.337867	0.000000	459.957000	0.572090	0.000000	2011.010000	107.135000	122.868000	0.000000	18.008600	7.393240	3.597790	3.881210	1.521280	1.751800	2.844310	
   25	139.100000	135.200000	132.000000	130.380000	133.480000	137.500000	142.600000	147.800000	156.110000	147.800000	144.060000	141.000000	139.100000	138.700000	138.700000	140.500000	140.500000	148.850000	162.070000	154.840000	153.250000	149.730000	144.360000	140.260000	13.560000	193.562000	250.890000	261.521000	283.387000	288.977000	177.688000	180.917000	198.956000	339.539000	121.335000	47.955300	0.000000	0.000000	0.000000	0.000000	41.315700	0.000000	16.219900	173.979000	0.000000	35.300400	170.600000	212.340000	129.100000	105.199000	98.807100	95.503400	94.643900	97.056900	118.096000	153.985000	175.303000	161.860000	146.692000	117.903000	103.476000	88.575100	82.166000	102.610000	100.465000	139.904000	155.377000	156.263000	140.300000	129.028000	108.006000	98.297700	115.000000	136.333000	146.478000	136.476000	114.346000	101.335000	140.394000	179.721000	179.198000	158.724000	137.028000	118.505000	113.153000	103.699000	91.159900	98.311900	105.222000	122.810000	157.862000	179.211000	151.393000	129.266000	90.067100	87.587300	0.642000	0.000000	0.669622	0.000000	0.633506	0.000000	0.627456	0.000000	0.579974	0.000000	0.511497	0.000000	0.480780	0.000000	0.469891	0.003800	0.459683	0.083900	0.437300	0.146600	129.100000	146.966000	139.621000	154.019000	169.176000	181.591000	186.909000	171.809000	168.485000	165.851000	135.684000	157.119000	0.425007	0.267800	0.498137	0.357500	0.540906	0.367400	0.569921	0.339700	0.576398	0.257000	0.611541	0.092400	0.689155	0.004900	0.746188	0.000000	0.769580	0.000000	0.793627	0.000000	0.788025	0.000000	0.763491	0.000000	0.751934	0.000000	0.776783	0.000000	0.702516	1.193450	0.731439	0.883582	15.101700	0.000000	0.000000	2.318410	0.000000	0.733476	415.612000	0.227864	0.000000	1795.090000	68.083000	111.226000	5.297390	10.674700	0.000000	3.662820	3.158600	1.372470	2.102530	3.200460	
   26	139.100000	135.200000	132.000000	130.380000	133.480000	137.500000	142.600000	147.800000	156.110000	147.800000	144.060000	141.000000	139.100000	138.700000	138.700000	140.500000	140.500000	148.850000	162.070000	154.840000	153.250000	149.730000	144.360000	140.260000	13.560000	206.422000	248.749000	265.750000	285.267000	297.894000	183.990000	183.846000	201.272000	349.447000	112.546000	61.910400	4.326850	12.812000	8.402990	1.344730	68.410700	0.000000	5.094680	148.305000	25.363800	30.673200	173.614000	218.228000	129.100000	105.084000	95.522400	89.932800	65.035700	71.576400	97.003100	131.311000	157.696000	139.939000	142.188000	120.215000	108.430000	98.388200	89.567500	103.785000	114.123000	127.738000	166.568000	175.410000	154.738000	138.468000	118.248000	94.608500	115.000000	129.931000	127.430000	121.293000	99.144900	88.565800	140.151000	154.554000	172.281000	160.121000	139.167000	119.973000	127.472000	114.654000	104.208000	108.636000	116.445000	142.108000	149.765000	155.395000	145.590000	138.217000	70.306400	66.230700	0.642000	0.000000	0.719432	0.000000	0.739276	0.000000	0.693808	0.000000	0.665223	0.000000	0.588275	0.000000	0.531460	0.000000	0.520762	0.013600	0.513465	0.185800	0.496271	0.166400	129.100000	147.860000	143.773000	156.849000	188.032000	205.127000	176.626000	206.522000	202.809000	200.063000	167.619000	171.220000	0.490109	0.575700	0.555660	0.338800	0.536551	0.430200	0.546432	0.528800	0.626733	0.265900	0.655909	0.086600	0.636816	0.007600	0.699123	0.000000	0.762844	0.000000	0.782977	0.000000	0.786984	0.000000	0.782753	0.000000	0.755041	0.000000	0.649634	0.000000	0.702516	1.290550	0.674684	1.753690	17.386500	0.157044	0.000000	2.337350	0.408062	0.000000	442.149000	1.918030	0.000000	1788.820000	134.736000	107.131000	9.180090	15.001500	1.416020	3.829200	3.530180	1.423550	1.929450	3.110590	
   27	139.100000	135.200000	132.000000	130.380000	133.480000	137.500000	142.600000	147.800000	156.110000	147.800000	144.060000	141.000000	139.100000	138.700000	138.700000	140.500000	140.500000	148.850000	162.070000	154.840000	153.250000	149.730000	144.360000	140.260000	13.560000	209.713000	256.976000	266.477000	292.921000	299.134000	180.115000	183.660000	179.958000	330.366000	117.609000	48.017800	7.641850	21.402000	11.262300	3.819990	58.675900	0.000000	25.623000	123.150000	8.178850	47.787900	173.423000	217.824000	129.100000	90.708400	81.299200	80.393800	77.463000	74.813800	90.554600	120.930000	153.837000	130.619000	147.042000	120.299000	110.384000	86.846000	75.333200	95.364500	120.174000	142.013000	177.664000	165.365000	149.273000	129.893000	123.030000	110.474000	115.000000	119.422000	125.562000	104.922000	91.140600	75.497200	118.841000	137.685000	168.934000	144.158000	135.111000	120.207000	128.512000	87.771800	68.976200	73.145800	91.974100	118.570000	127.388000	139.932000	123.826000	86.939000	71.303000	59.047600	0.642000	0.000000	0.851710	0.000000	1.062240	0.000000	1.210190	0.000000	1.206140	0.000000	1.156660	0.000000	1.160500	0.000000	1.144740	0.010200	1.116690	0.071900	1.086110	0.238700	129.100000	174.946000	180.828000	168.827000	195.009000	227.249000	170.301000	193.071000	220.617000	182.610000	156.815000	147.648000	1.073460	0.418800	1.067010	0.284100	1.055390	0.277900	0.466636	0.485400	0.476105	0.424800	0.462219	0.231600	0.423920	0.006200	0.440304	0.000000	0.508943	0.000000	0.561769	0.000000	0.578435	0.000000	0.557806	0.000000	0.509329	0.000000	0.431850	0.000000	0.702516	2.167460	1.729200	2.492560	18.318700	1.569570	0.890882	4.124890	0.078784	0.000000	460.623000	0.000000	0.000000	1792.210000	67.767700	112.452000	1.654780	19.388300	0.000000	4.536030	4.003900	1.725090	1.898850	2.830750	
   28	139.100000	135.200000	132.000000	130.380000	133.480000	137.500000	142.600000	147.800000	156.110000	147.800000	144.060000	141.000000	139.100000	138.700000	138.700000	140.500000	140.500000	148.850000	162.070000	154.840000	153.250000	149.730000	144.360000	140.260000	13.560000	209.713000	256.976000	266.477000	292.921000	299.134000	180.115000	183.660000	201.722000	359.684000	106.570000	63.159000	4.731660	11.973400	8.715620	1.461890	93.235400	0.000000	0.000000	126.367000	6.693680	37.071300	168.292000	211.721000	129.100000	111.649000	106.600000	93.884700	87.259700	89.967200	101.119000	137.553000	191.694000	170.842000	151.048000	112.848000	103.710000	98.430200	94.605300	116.438000	132.770000	150.755000	166.206000	155.872000	152.913000	133.225000	117.320000	126.533000	115.000000	133.503000	137.510000	125.132000	106.706000	101.431000	140.802000	154.623000	183.641000	161.141000	144.297000	133.980000	131.857000	131.485000	126.678000	138.546000	135.967000	148.159000	154.521000	165.213000	154.942000	115.284000	98.147000	108.342000	0.642000	0.000000	0.701678	0.000000	0.749178	0.000000	0.749143	0.000000	0.702211	0.000000	0.636000	0.000000	0.590575	0.000000	0.564477	0.010300	0.543310	0.057700	0.524051	0.251700	129.100000	156.515000	152.814000	159.011000	177.211000	211.367000	205.180000	203.135000	192.924000	181.670000	157.464000	148.136000	0.489925	0.310000	0.476444	0.393700	0.459957	0.395000	0.459387	0.311900	0.478984	0.280500	0.740402	0.080700	0.779609	0.003200	0.803248	0.000000	0.804850	0.000000	0.811356	0.000000	0.846367	0.000000	0.848652	0.000000	0.861125	0.000000	0.877671	0.000000	0.702516	1.356430	0.610840	1.549640	17.096100	0.000000	0.000000	2.364020	0.486147	0.217841	440.702000	0.000000	0.000000	1779.050000	73.343400	134.589000	0.000000	27.104100	0.000000	5.265470	5.088240	1.552180	2.095930	2.869790	
   29	139.100000	135.200000	132.000000	130.380000	133.480000	137.500000	142.600000	147.800000	156.110000	147.800000	144.060000	141.000000	139.100000	138.700000	138.700000	140.500000	140.500000	148.850000	162.070000	154.840000	153.250000	149.730000	144.360000	140.260000	13.560000	205.212000	245.872000	260.976000	282.409000	302.142000	186.193000	174.309000	177.896000	350.817000	114.510000	53.740700	9.897810	18.191000	13.081700	2.882110	82.445400	21.679800	34.436600	152.755000	0.245896	41.928000	168.347000	221.976000	129.100000	106.725000	97.483600	92.214600	90.478900	93.970100	116.422000	143.880000	174.126000	156.492000	150.025000	122.965000	113.024000	93.337200	89.633900	102.143000	116.265000	137.500000	169.339000	167.859000	156.678000	138.196000	115.176000	101.306000	115.000000	132.228000	138.346000	125.079000	108.538000	93.843000	133.485000	175.095000	185.060000	160.316000	132.867000	122.684000	121.610000	120.255000	116.398000	117.801000	124.959000	137.123000	149.161000	153.464000	142.372000	120.734000	92.446300	74.793700	0.642000	0.000000	0.711619	0.000000	0.759099	0.000000	0.690341	0.000000	0.630243	0.000000	0.545202	0.000000	0.514842	0.000000	0.519670	0.012300	0.456104	0.101200	0.424099	0.195200	129.100000	157.906000	149.095000	151.008000	152.056000	174.542000	172.739000	178.268000	180.671000	180.929000	159.112000	154.883000	0.501620	0.296800	0.412176	0.334500	0.559270	0.352300	0.598378	0.283500	0.539998	0.419300	0.567582	0.231200	0.689155	0.003100	0.889756	0.000000	0.889341	0.000000	0.857528	0.000000	0.944197	0.000000	0.929211	0.000000	0.891851	0.000000	0.823381	0.000000	0.702516	1.220690	0.704639	1.337450	16.556800	0.650078	0.000000	2.394930	0.356378	0.000000	447.012000	0.000000	0.000000	2003.250000	100.727000	114.754000	2.549730	18.668900	10.635700	3.826790	3.752250	1.528370	1.892830	2.964450	
   30	139.100000	135.200000	132.000000	130.380000	133.480000	137.500000	142.600000	147.800000	156.110000	147.800000	144.060000	141.000000	139.100000	138.700000	138.700000	140.500000	140.500000	148.850000	162.070000	154.840000	153.250000	149.730000	144.360000	140.260000	13.560000	212.847000	256.976000	266.477000	292.921000	299.134000	180.115000	183.660000	201.722000	359.684000	106.570000	63.159000	4.731660	11.973400	8.715620	5.179770	70.112400	13.254000	4.611350	133.282000	0.000000	35.746800	164.560000	228.194000	129.100000	110.004000	95.036500	95.304300	89.921600	88.967500	107.100000	144.069000	165.909000	150.310000	158.159000	128.442000	113.533000	100.049000	98.727400	110.816000	118.419000	141.109000	167.158000	168.228000	156.315000	126.335000	122.564000	103.560000	115.000000	124.471000	128.320000	108.620000	89.615200	81.800200	131.220000	156.272000	165.494000	155.746000	155.702000	119.386000	127.317000	109.059000	100.616000	106.596000	112.813000	148.635000	138.468000	160.724000	142.380000	125.461000	87.263300	74.421900	0.642000	0.000000	0.743907	0.000000	0.770755	0.000000	0.745692	0.000000	0.661280	0.000000	0.598436	0.000000	0.579867	0.000000	0.564134	0.007100	0.543310	0.087400	0.512880	0.250700	129.100000	159.700000	145.781000	159.418000	166.767000	189.160000	195.744000	177.145000	198.597000	183.425000	154.060000	136.322000	0.591430	0.376100	0.499897	0.334100	0.590688	0.414000	0.561204	0.365900	0.625047	0.352000	0.616494	0.152200	0.681512	0.005200	0.700753	0.000000	0.866652	0.000000	0.745779	0.000000	0.756408	0.000000	0.766861	0.000000	0.758484	0.000000	0.718527	0.000000	0.702516	1.679140	1.296250	1.393440	16.712400	0.000000	0.000000	2.817190	0.000000	0.762115	440.759000	6.077500	0.000000	1915.750000	79.716600	109.432000	3.828510	19.746600	0.000000	4.395240	3.955690	1.641570	1.969580	2.950760	
   31	139.100000	135.200000	132.000000	130.380000	133.480000	137.500000	142.600000	147.800000	156.110000	147.800000	144.060000	141.000000	139.100000	138.700000	138.700000	140.500000	140.500000	148.850000	162.070000	154.840000	153.250000	149.730000	144.360000	140.260000	13.560000	208.358000	248.512000	261.153000	280.123000	289.559000	174.361000	171.019000	196.789000	334.634000	82.027700	30.789000	0.000000	0.000000	0.000000	0.000000	52.729300	0.000000	23.686800	131.581000	6.882080	37.134000	166.817000	218.595000	129.100000	103.369000	99.644600	96.392300	93.240600	88.497000	100.518000	125.273000	152.520000	112.646000	114.859000	88.605500	79.597200	73.017000	72.392600	90.787600	103.001000	126.435000	159.178000	157.706000	148.738000	140.568000	106.804000	74.662200	115.000000	107.974000	105.388000	101.276000	75.385000	71.561500	123.167000	139.316000	147.891000	132.057000	102.342000	86.724100	91.895600	77.698300	67.018200	73.889100	88.068700	117.946000	142.401000	139.831000	128.289000	107.738000	76.923700	54.624500	0.642000	0.000000	0.710356	0.000000	0.780599	0.000000	0.754757	0.000000	0.694724	0.000000	0.619180	0.000000	0.604734	0.000000	0.613542	0.012500	0.585548	0.131600	0.527635	0.182800	129.100000	114.163000	109.782000	179.411000	182.521000	215.670000	202.974000	218.478000	234.187000	224.645000	186.493000	172.341000	0.458087	0.257900	0.413081	0.461000	0.388645	1.000500	0.391361	0.629900	0.425791	0.654200	0.482207	0.254700	0.534057	0.010700	0.984206	0.000000	0.993157	0.000000	0.972461	0.000000	0.926907	0.000000	0.901940	0.000000	0.817243	0.000000	0.767238	0.000000	0.702516	1.299570	0.512131	1.858970	17.884700	1.015660	0.454473	3.187230	0.000000	0.000000	461.200000	0.000000	0.000000	2000.940000	94.525300	115.462000	8.814760	15.620500	2.871890	3.777210	3.876680	1.345110	1.588110	3.944530	
   32	139.100000	135.200000	132.000000	130.380000	133.480000	137.500000	142.600000	147.800000	156.110000	147.800000	144.060000	141.000000	139.100000	138.700000	138.700000	140.500000	140.500000	148.850000	162.070000	154.840000	153.250000	149.730000	144.360000	140.260000	13.560000	208.358000	248.512000	261.153000	280.123000	289.559000	174.361000	171.019000	196.789000	334.634000	82.027700	30.789000	0.000000	0.000000	0.000000	0.000000	52.729300	0.000000	23.686800	131.581000	6.882080	37.134000	166.817000	218.595000	129.100000	111.726000	106.233000	97.631600	89.804600	94.985100	123.723000	142.620000	166.295000	147.669000	133.236000	115.374000	97.131700	81.961500	71.992200	133.904000	147.041000	159.180000	182.390000	168.610000	159.751000	152.690000	128.464000	104.419000	115.000000	121.402000	120.629000	115.616000	96.481700	88.961000	132.684000	160.427000	181.327000	155.674000	115.353000	121.721000	113.764000	105.525000	88.840900	122.459000	128.610000	140.970000	156.618000	167.812000	163.778000	143.204000	103.991000	83.762000	0.642000	0.000000	0.709906	0.000000	0.719750	0.000000	0.650452	0.000000	0.584467	0.000000	0.519419	0.000000	0.473576	0.000000	0.459560	0.008000	0.440794	0.054400	0.412680	0.176800	129.100000	145.335000	137.743000	144.005000	154.659000	172.686000	164.066000	181.036000	179.498000	181.661000	158.357000	144.215000	0.408406	0.332800	0.413921	0.254300	0.404099	0.332000	0.400619	0.420300	0.425361	0.231100	0.653235	0.124100	0.738171	0.004700	0.779795	0.000000	0.793455	0.000000	0.774978	0.000000	0.757935	0.000000	0.746694	0.000000	0.715306	0.000000	0.675508	0.000000	0.702516	1.043670	0.584192	2.133650	17.904600	0.000000	0.000000	2.192060	0.473125	0.000000	462.060000	7.908230	2.682340	1898.820000	80.086100	83.598300	37.719100	18.888700	0.000000	4.309690	3.865890	1.616870	2.049020	3.142700	
   33	139.100000	135.200000	132.000000	130.380000	133.480000	137.500000	142.600000	147.800000	156.110000	147.800000	144.060000	141.000000	139.100000	138.700000	138.700000	140.500000	140.500000	148.850000	162.070000	154.840000	153.250000	149.730000	144.360000	140.260000	13.560000	205.212000	245.872000	260.976000	282.409000	302.142000	186.193000	174.309000	177.896000	350.817000	114.510000	53.740700	9.897810	18.191000	13.081700	2.882110	82.445400	21.679800	34.436600	152.755000	0.245896	41.928000	168.347000	221.976000	129.100000	106.725000	97.483600	92.214600	90.478900	93.970100	116.422000	143.880000	174.126000	156.492000	150.025000	122.965000	113.024000	93.337200	89.633900	102.143000	116.265000	137.500000	169.339000	167.859000	156.678000	138.196000	115.176000	101.306000	115.000000	132.228000	138.346000	125.079000	108.538000	93.843000	133.485000	175.095000	185.060000	160.316000	132.867000	122.684000	121.610000	120.255000	116.398000	117.801000	124.959000	137.123000	149.161000	153.464000	142.372000	120.734000	92.446300	74.793700	0.642000	0.000000	0.711619	0.000000	0.759099	0.000000	0.690341	0.000000	0.630243	0.000000	0.545202	0.000000	0.514842	0.000000	0.519670	0.012300	0.456104	0.101200	0.424099	0.195200	129.100000	157.906000	149.095000	151.008000	152.056000	174.542000	172.739000	178.268000	180.671000	180.929000	159.112000	154.883000	0.501620	0.296800	0.412176	0.334500	0.559270	0.352300	0.598378	0.283500	0.539998	0.419300	0.567582	0.231200	0.616062	0.004000	0.563667	0.000000	0.585464	0.000000	0.644832	0.000000	0.631810	0.000000	0.632095	0.000000	0.625611	0.000000	0.627174	0.000000	0.702516	0.615858	0.029639	1.804200	17.512900	0.000000	0.000000	2.243650	0.516068	0.000000	451.728000	2.925860	0.000000	1834.440000	70.439200	91.028400	26.522400	20.007900	1.791630	3.956700	3.558230	1.745160	2.227750	3.130010	
   34	139.100000	135.200000	132.000000	130.380000	133.480000	137.500000	142.600000	147.800000	156.110000	147.800000	144.060000	141.000000	139.100000	138.700000	138.700000	140.500000	140.500000	148.850000	162.070000	154.840000	153.250000	149.730000	144.360000	140.260000	13.560000	193.562000	250.890000	261.521000	283.387000	288.977000	177.688000	180.917000	198.956000	339.539000	121.335000	47.955300	0.000000	0.000000	0.000000	0.000000	41.315700	0.000000	16.219900	173.979000	0.000000	35.300400	170.600000	212.340000	129.100000	105.199000	98.807100	95.503400	94.643900	97.056900	118.096000	153.985000	175.303000	161.860000	146.692000	117.903000	103.476000	88.575100	82.166000	102.610000	100.465000	139.904000	155.377000	156.263000	140.300000	129.028000	108.006000	98.297700	115.000000	136.333000	146.478000	136.476000	114.346000	101.335000	140.394000	179.721000	179.198000	158.724000	137.028000	118.505000	113.153000	103.699000	91.159900	98.311900	105.222000	122.810000	157.862000	179.211000	151.393000	129.266000	90.067100	87.587300	0.642000	0.000000	0.721454	0.000000	0.798473	0.000000	0.735676	0.000000	0.688011	0.000000	0.612105	0.000000	0.539966	0.000000	0.526579	0.015800	0.557172	0.074100	0.592365	0.169400	129.100000	161.017000	159.074000	167.903000	175.780000	202.612000	184.095000	184.050000	178.925000	182.086000	157.668000	142.899000	0.585248	0.237500	0.555024	0.258400	0.553740	0.280300	0.587683	0.353000	0.637472	0.293400	0.702138	0.134500	0.745403	0.010800	0.804977	0.000000	0.874132	0.000000	0.888656	0.000000	0.882702	0.000000	0.890389	0.000000	0.881916	0.000000	0.826253	0.000000	0.702516	1.167270	0.673924	1.562840	16.885800	0.000000	0.000000	2.424800	0.368325	0.697905	435.421000	0.000000	0.000000	2022.290000	88.967000	109.544000	17.213400	17.924100	0.000000	4.172720	3.722000	1.565070	1.867350	2.425500	
   35	139.100000	135.200000	132.000000	130.380000	133.480000	137.500000	142.600000	147.800000	156.110000	147.800000	144.060000	141.000000	139.100000	138.700000	138.700000	140.500000	140.500000	148.850000	162.070000	154.840000	153.250000	149.730000	144.360000	140.260000	13.560000	212.847000	256.976000	266.477000	292.921000	299.134000	180.115000	183.660000	201.722000	359.684000	106.570000	63.159000	4.731660	11.973400	8.715620	5.179770	70.112400	13.254000	4.611350	133.282000	0.000000	35.746800	164.560000	228.194000	129.100000	110.004000	95.036500	95.304300	89.921600	88.967500	107.100000	144.069000	165.909000	150.310000	158.159000	128.442000	113.533000	100.049000	98.727400	110.816000	118.419000	141.109000	167.158000	168.228000	156.315000	126.335000	122.564000	103.560000	115.000000	124.471000	128.320000	108.620000	89.615200	81.800200	131.220000	156.272000	165.494000	155.746000	155.702000	119.386000	127.317000	109.059000	100.616000	106.596000	112.813000	148.635000	138.468000	160.724000	142.380000	125.461000	87.263300	74.421900	0.642000	0.000000	0.743907	0.000000	0.770755	0.000000	0.745692	0.000000	0.661280	0.000000	0.598436	0.000000	0.579867	0.000000	0.564134	0.007100	0.543310	0.087400	0.512880	0.250700	129.100000	159.700000	145.781000	159.418000	166.767000	189.160000	195.744000	177.145000	198.597000	183.425000	154.060000	136.322000	0.591430	0.376100	0.499897	0.334100	0.590688	0.414000	0.561204	0.365900	0.625047	0.352000	0.616494	0.152200	0.681512	0.005200	0.700753	0.000000	0.866652	0.000000	0.745779	0.000000	0.756408	0.000000	0.766861	0.000000	0.758484	0.000000	0.718527	0.000000	0.702516	1.679140	1.296250	1.393440	16.712400	0.000000	0.000000	2.817190	0.000000	0.762115	440.759000	6.077500	0.000000	1915.750000	79.716600	109.432000	3.828510	19.746600	0.000000	4.395240	3.955690	1.641570	1.969580	2.950760	
   36	139.100000	135.200000	132.000000	130.380000	133.480000	137.500000	142.600000	147.800000	156.110000	147.800000	144.060000	141.000000	139.100000	138.700000	138.700000	140.500000	140.500000	148.850000	162.070000	154.840000	153.250000	149.730000	144.360000	140.260000	13.560000	205.212000	245.872000	260.976000	282.409000	302.142000	186.193000	174.309000	177.896000	350.817000	114.510000	53.740700	9.897810	18.191000	13.081700	2.882110	82.445400	21.679800	34.436600	152.755000	0.245896	41.928000	168.347000	221.976000	129.100000	106.725000	97.483600	92.214600	90.478900	93.970100	116.422000	143.880000	174.126000	156.492000	150.025000	122.965000	113.024000	93.337200	89.633900	102.143000	116.265000	137.500000	169.339000	167.859000	156.678000	138.196000	115.176000	101.306000	115.000000	132.228000	138.346000	125.079000	108.538000	93.843000	133.485000	175.095000	185.060000	160.316000	132.867000	122.684000	121.610000	120.255000	116.398000	117.801000	124.959000	137.123000	149.161000	153.464000	142.372000	120.734000	92.446300	74.793700	0.642000	0.000000	0.711619	0.000000	0.759099	0.000000	0.690341	0.000000	0.630243	0.000000	0.545202	0.000000	0.514842	0.000000	0.519670	0.012300	0.456104	0.101200	0.424099	0.195200	129.100000	157.906000	149.095000	151.008000	152.056000	174.542000	172.739000	178.268000	180.671000	180.929000	159.112000	154.883000	0.501620	0.296800	0.412176	0.334500	0.559270	0.352300	0.598378	0.283500	0.539998	0.419300	0.567582	0.231200	0.616062	0.004000	0.563667	0.000000	0.585464	0.000000	0.644832	0.000000	0.631810	0.000000	0.632095	0.000000	0.625611	0.000000	0.627174	0.000000	0.702516	0.615858	0.029639	1.804200	17.512900	0.000000	0.000000	2.243650	0.516068	0.000000	451.728000	2.925860	0.000000	1834.440000	70.439200	91.028400	26.522400	20.007900	1.791630	3.956700	3.558230	1.745160	2.227750	3.130010	
   37	139.100000	135.200000	132.000000	130.380000	133.480000	137.500000	142.600000	147.800000	156.110000	147.800000	144.060000	141.000000	139.100000	138.700000	138.700000	140.500000	140.500000	148.850000	162.070000	154.840000	153.250000	149.730000	144.360000	140.260000	13.560000	212.847000	256.976000	266.477000	292.921000	299.134000	180.115000	183.660000	201.722000	359.684000	106.570000	63.159000	4.731660	11.973400	8.715620	5.179770	70.112400	13.254000	4.611350	133.282000	0.000000	35.746800	164.560000	228.194000	129.100000	110.004000	95.036500	95.304300	89.921600	88.967500	107.100000	144.069000	165.909000	150.310000	158.159000	128.442000	113.533000	100.049000	98.727400	110.816000	118.419000	141.109000	167.158000	168.228000	156.315000	126.335000	122.564000	103.560000	115.000000	124.471000	128.320000	108.620000	89.615200	81.800200	131.220000	156.272000	165.494000	155.746000	155.702000	119.386000	127.317000	109.059000	100.616000	106.596000	112.813000	148.635000	138.468000	160.724000	142.380000	125.461000	87.263300	74.421900	0.642000	0.000000	0.743907	0.000000	0.770755	0.000000	0.745692	0.000000	0.661280	0.000000	0.598436	0.000000	0.579867	0.000000	0.564134	0.007100	0.543310	0.087400	0.512880	0.250700	129.100000	159.700000	145.781000	159.418000	166.767000	189.160000	195.744000	177.145000	198.597000	183.425000	154.060000	136.322000	0.591430	0.376100	0.499897	0.334100	0.590688	0.414000	0.561204	0.365900	0.625047	0.352000	0.616494	0.152200	0.681512	0.005200	0.700753	0.000000	0.866652	0.000000	0.745779	0.000000	0.756408	0.000000	0.766861	0.000000	0.758484	0.000000	0.718527	0.000000	0.702516	1.679140	1.296250	1.393440	16.712400	0.000000	0.000000	2.817190	0.000000	0.762115	440.759000	6.077500	0.000000	1915.750000	79.716600	109.432000	3.828510	19.746600	0.000000	4.395240	3.955690	1.641570	1.969580	2.950760	
   38	139.100000	135.200000	132.000000	130.380000	133.480000	137.500000	142.600000	147.800000	156.110000	147.800000	144.060000	141.000000	139.100000	138.700000	138.700000	140.500000	140.500000	148.850000	162.070000	154.840000	153.250000	149.730000	144.360000	140.260000	13.560000	205.212000	245.872000	260.976000	282.409000	302.142000	186.193000	174.309000	177.896000	350.817000	114.510000	53.740700	9.897810	18.191000	13.081700	2.882110	82.445400	21.679800	34.436600	152.755000	0.245896	41.928000	168.347000	221.976000	129.100000	106.725000	97.483600	92.214600	90.478900	93.970100	116.422000	143.880000	174.126000	156.492000	150.025000	122.965000	113.024000	93.337200	89.633900	102.143000	116.265000	137.500000	169.339000	167.859000	156.678000	138.196000	115.176000	101.306000	115.000000	132.228000	138.346000	125.079000	108.538000	93.843000	133.485000	175.095000	185.060000	160.316000	132.867000	122.684000	121.610000	120.255000	116.398000	117.801000	124.959000	137.123000	149.161000	153.464000	142.372000	120.734000	92.446300	74.793700	0.642000	0.000000	0.711619	0.000000	0.759099	0.000000	0.690341	0.000000	0.630243	0.000000	0.545202	0.000000	0.514842	0.000000	0.519670	0.012300	0.456104	0.101200	0.424099	0.195200	129.100000	157.906000	149.095000	151.008000	152.056000	174.542000	172.739000	178.268000	180.671000	180.929000	159.112000	154.883000	0.501620	0.296800	0.412176	0.334500	0.559270	0.352300	0.598378	0.283500	0.539998	0.419300	0.567582	0.231200	0.616062	0.004000	0.563667	0.000000	0.585464	0.000000	0.644832	0.000000	0.631810	0.000000	0.632095	0.000000	0.625611	0.000000	0.627174	0.000000	0.702516	0.615858	0.029639	1.804200	17.512900	0.000000	0.000000	2.243650	0.516068	0.000000	451.728000	2.925860	0.000000	1834.440000	70.439200	91.028400	26.522400	20.007900	1.791630	3.956700	3.558230	1.745160	2.227750	3.130010	
   39	139.100000	135.200000	132.000000	130.380000	133.480000	137.500000	142.600000	147.800000	156.110000	147.800000	144.060000	141.000000	139.100000	138.700000	138.700000	140.500000	140.500000	148.850000	162.070000	154.840000	153.250000	149.730000	144.360000	140.260000	13.560000	209.671000	255.558000	271.349000	291.484000	283.816000	178.085000	182.577000	186.105000	335.997000	118.134000	58.984300	7.958430	10.665500	5.250780	0.000000	56.714300	14.758700	36.747000	151.872000	11.509500	41.258500	163.477000	214.672000	129.100000	113.772000	109.500000	97.947200	92.343400	86.504400	105.356000	140.370000	162.800000	156.106000	161.475000	123.337000	110.424000	103.289000	100.605000	116.302000	126.089000	149.457000	173.207000	162.950000	152.031000	144.200000	118.086000	105.675000	115.000000	135.665000	131.515000	120.170000	106.918000	97.431100	142.800000	170.845000	179.056000	165.960000	149.463000	124.756000	123.711000	115.839000	109.074000	112.674000	114.576000	135.501000	146.124000	156.458000	145.946000	125.246000	91.689400	84.133900	0.642000	0.000000	0.721648	0.000000	0.748745	0.000000	0.696745	0.000000	0.688011	0.000000	0.612105	0.000000	0.559983	0.000000	0.530173	0.014600	0.516302	0.117500	0.495867	0.158500	129.100000	153.258000	148.705000	162.891000	170.516000	203.172000	191.168000	182.112000	181.395000	194.306000	168.026000	153.087000	0.649367	0.561500	0.463190	0.290900	0.471879	0.282600	0.563414	0.444500	0.555065	0.459900	0.631473	0.127700	0.745403	0.005200	0.804977	0.000000	0.871623	0.000000	0.858105	0.000000	0.849847	0.000000	0.837649	0.000000	0.831425	0.000000	0.786430	0.000000	0.702516	0.808898	0.870223	1.721170	16.933200	0.028521	0.000000	2.354020	0.424472	0.585081	462.095000	0.000000	0.000000	1997.480000	91.871200	112.647000	3.049050	18.616600	0.000000	3.782480	3.812370	1.636770	1.979030	3.034170	
   40	139.100000	135.200000	132.000000	130.380000	133.480000	137.500000	142.600000	147.800000	156.110000	147.800000	144.060000	141.000000	139.100000	138.700000	138.700000	140.500000	140.500000	148.850000	162.070000	154.840000	153.250000	149.730000	144.360000	140.260000	13.560000	205.212000	245.872000	260.976000	282.409000	302.142000	186.193000	174.309000	177.896000	350.817000	114.510000	53.740700	9.897810	18.191000	13.081700	2.882110	82.445400	21.679800	34.436600	152.755000	0.245896	41.928000	168.347000	221.976000	129.100000	106.725000	97.483600	92.214600	90.478900	93.970100	116.422000	143.880000	174.126000	156.492000	150.025000	122.965000	113.024000	93.337200	89.633900	102.143000	116.265000	137.500000	169.339000	167.859000	156.678000	138.196000	115.176000	101.306000	115.000000	132.228000	138.346000	125.079000	108.538000	93.843000	133.485000	175.095000	185.060000	160.316000	132.867000	122.684000	121.610000	120.255000	116.398000	117.801000	124.959000	137.123000	149.161000	153.464000	142.372000	120.734000	92.446300	74.793700	0.642000	0.000000	0.711619	0.000000	0.759099	0.000000	0.690341	0.000000	0.630243	0.000000	0.545202	0.000000	0.514842	0.000000	0.519670	0.012300	0.456104	0.101200	0.424099	0.195200	129.100000	157.906000	149.095000	151.008000	152.056000	174.542000	172.739000	178.268000	180.671000	180.929000	159.112000	154.883000	0.501620	0.296800	0.412176	0.334500	0.559270	0.352300	0.598378	0.283500	0.539998	0.419300	0.567582	0.231200	0.681512	0.012500	0.697292	0.000000	0.723989	0.000000	0.745779	0.000000	0.756408	0.000000	0.766861	0.000000	0.758484	0.000000	0.718527	0.000000	0.702516	1.275660	0.522536	1.979350	17.752800	1.706040	0.000000	2.238000	0.457484	0.012131	474.277000	6.077500	0.000000	1915.750000	79.716600	109.432000	3.828510	19.746600	0.000000	4.395240	3.955690	1.641570	1.969580	2.950760	
   41	139.100000	135.200000	132.000000	130.380000	133.480000	137.500000	142.600000	147.800000	156.110000	147.800000	144.060000	141.000000	139.100000	138.700000	138.700000	140.500000	140.500000	148.850000	162.070000	154.840000	153.250000	149.730000	144.360000	140.260000	13.560000	193.562000	250.890000	261.521000	283.387000	288.977000	177.688000	180.917000	198.956000	339.539000	121.335000	47.955300	0.000000	0.000000	0.000000	0.000000	41.315700	0.000000	16.219900	173.979000	0.000000	35.300400	170.600000	212.340000	129.100000	105.199000	98.807100	95.503400	94.643900	97.056900	118.096000	153.985000	175.303000	161.860000	146.692000	117.903000	103.476000	88.575100	82.166000	102.610000	100.465000	139.904000	155.377000	156.263000	140.300000	129.028000	108.006000	98.297700	115.000000	136.333000	146.478000	136.476000	114.346000	101.335000	140.394000	179.721000	179.198000	158.724000	137.028000	118.505000	113.153000	103.699000	91.159900	98.311900	105.222000	122.810000	157.862000	179.211000	151.393000	129.266000	90.067100	87.587300	0.642000	0.000000	0.669622	0.000000	0.633506	0.000000	0.627456	0.000000	0.579974	0.000000	0.511497	0.000000	0.480780	0.000000	0.469891	0.003800	0.459683	0.083900	0.437300	0.146600	129.100000	146.966000	139.621000	154.019000	169.176000	181.591000	186.909000	171.809000	168.485000	165.851000	135.684000	157.119000	0.425007	0.267800	0.498137	0.357500	0.540906	0.367400	0.569921	0.339700	0.576398	0.257000	0.702138	0.106200	0.769333	0.002500	0.802126	0.000000	0.809858	0.000000	0.813900	0.000000	0.782420	0.000000	0.733808	0.000000	0.674467	0.000000	0.615207	0.000000	0.702516	1.273690	0.710858	1.226080	16.295500	0.000000	0.000000	2.336040	0.337867	0.000000	459.957000	0.572090	0.000000	2011.010000	107.135000	122.868000	0.000000	18.008600	7.393240	3.597790	3.881210	1.521280	1.751800	2.844310	
   42	139.100000	135.200000	132.000000	130.380000	133.480000	137.500000	142.600000	147.800000	156.110000	147.800000	144.060000	141.000000	139.100000	138.700000	138.700000	140.500000	140.500000	148.850000	162.070000	154.840000	153.250000	149.730000	144.360000	140.260000	13.560000	209.713000	256.976000	266.477000	292.921000	299.134000	180.115000	183.660000	179.958000	330.366000	117.609000	48.017800	7.641850	21.402000	11.262300	3.819990	58.675900	0.000000	25.623000	123.150000	8.178850	47.787900	173.423000	217.824000	129.100000	95.689800	88.569600	87.458800	82.064300	90.957500	108.416000	145.407000	172.113000	153.092000	159.759000	126.517000	112.661000	102.907000	99.005700	116.271000	132.063000	155.182000	189.890000	169.693000	158.201000	148.203000	126.000000	110.575000	115.000000	121.823000	120.549000	111.804000	92.804800	89.376700	136.753000	142.074000	164.635000	142.320000	126.635000	113.444000	115.504000	107.370000	95.196600	97.097200	111.728000	127.362000	147.507000	155.767000	144.749000	126.392000	100.464000	88.854200	0.642000	0.000000	0.681822	0.000000	0.680236	0.000000	0.595483	0.000000	0.502893	0.000000	0.417986	0.000000	0.367355	0.000000	0.386640	0.015900	0.420670	0.087500	0.458650	0.139400	129.100000	154.784000	160.989000	131.668000	131.615000	151.415000	150.162000	144.131000	145.051000	149.658000	123.950000	101.187000	0.502096	0.206300	0.528859	0.352700	0.551144	0.241200	0.619615	0.273600	0.719494	0.386000	0.788843	0.086000	0.817790	0.004700	0.808001	0.000000	0.763461	0.000000	0.710992	0.000000	0.661077	0.000000	0.630754	0.000000	0.597788	0.000000	0.560318	0.000000	0.702516	1.625360	1.039880	2.292740	17.821300	0.000000	0.000000	2.345190	0.283908	0.249154	464.738000	0.000000	0.000000	1982.070000	93.706100	111.982000	2.521850	19.073300	0.000000	4.086590	3.814010	1.556710	2.101460	2.906490	
   43	139.100000	135.200000	132.000000	130.380000	133.480000	137.500000	142.600000	147.800000	156.110000	147.800000	144.060000	141.000000	139.100000	138.700000	138.700000	140.500000	140.500000	148.850000	162.070000	154.840000	153.250000	149.730000	144.360000	140.260000	13.560000	208.358000	248.512000	261.153000	280.123000	289.559000	174.361000	171.019000	196.789000	334.634000	82.027700	30.789000	0.000000	0.000000	0.000000	0.000000	52.729300	0.000000	23.686800	131.581000	6.882080	37.134000	166.817000	218.595000	129.100000	117.050000	110.633000	101.307000	98.506300	93.081200	111.465000	133.929000	158.790000	159.431000	133.198000	106.227000	92.473100	86.594500	90.864700	125.501000	146.261000	154.849000	173.450000	148.265000	144.273000	149.565000	116.487000	99.675900	115.000000	134.742000	128.795000	122.032000	96.898700	95.661700	133.891000	159.047000	159.682000	145.885000	123.929000	95.650600	83.767400	83.515900	77.623500	108.915000	124.822000	140.185000	153.711000	149.162000	153.487000	136.840000	88.320000	74.717800	0.642000	0.000000	0.745076	0.000000	0.791205	0.000000	0.765575	0.000000	0.683202	0.000000	0.603590	0.000000	0.556990	0.000000	0.537890	0.007500	0.554653	0.071400	0.564237	0.117100	129.100000	195.359000	196.671000	202.398000	188.241000	214.805000	197.743000	192.358000	178.092000	183.844000	164.880000	123.327000	0.587960	0.184400	0.675496	0.210500	0.805416	0.281900	0.855276	0.275500	0.854637	0.278700	0.649289	0.118000	0.662327	0.005900	0.642430	0.000000	0.667342	0.000000	0.675908	0.000000	0.672596	0.000000	0.671608	0.000000	0.663167	0.000000	0.615384	0.000000	0.702516	1.639940	0.697506	1.226080	16.454400	0.827960	0.000000	2.069450	0.726258	0.000000	437.906000	0.000000	27.897000	1866.260000	0.000000	110.901000	6.265100	18.080200	0.000000	4.175110	3.867150	1.406000	1.699850	2.882270	
   44	139.100000	135.200000	132.000000	130.380000	133.480000	137.500000	142.600000	147.800000	156.110000	147.800000	144.060000	141.000000	139.100000	138.700000	138.700000	140.500000	140.500000	148.850000	162.070000	154.840000	153.250000	149.730000	144.360000	140.260000	13.560000	209.713000	256.976000	266.477000	292.921000	299.134000	180.115000	183.660000	201.722000	359.684000	106.570000	63.159000	4.731660	11.973400	8.715620	1.461890	93.235400	0.000000	0.000000	126.367000	6.693680	37.071300	168.292000	211.721000	129.100000	111.862000	97.198800	95.321200	86.709200	88.649200	111.818000	144.481000	160.933000	143.974000	154.099000	116.909000	105.166000	97.199300	92.266600	106.822000	119.986000	149.765000	198.566000	177.215000	154.177000	121.270000	117.209000	106.279000	115.000000	130.038000	131.827000	120.719000	102.395000	85.739100	139.334000	157.819000	172.490000	155.442000	150.339000	121.204000	125.293000	113.937000	104.298000	111.769000	116.191000	139.382000	158.321000	167.576000	155.178000	107.416000	99.997700	95.720500	0.642000	0.000000	0.741772	0.000000	0.770359	0.000000	0.710584	0.000000	0.664091	0.000000	0.606803	0.000000	0.577628	0.000000	0.532484	0.009200	0.566116	0.123500	0.508494	0.257300	129.100000	157.906000	155.092000	172.009000	156.496000	175.674000	152.613000	173.679000	186.020000	178.200000	152.827000	148.822000	0.502306	0.384300	0.460365	0.234800	0.480092	0.326300	0.509405	0.285600	0.552690	0.271200	0.608211	0.124500	0.662106	0.004300	0.739345	0.000000	0.812563	0.000000	0.837759	0.000000	0.812790	0.000000	0.803821	0.000000	0.807349	0.000000	0.770714	0.000000	0.702516	1.679140	1.296250	1.393440	16.712400	0.000000	0.000000	2.817190	0.000000	0.762115	440.759000	0.000000	0.000000	1917.440000	98.042500	107.093000	3.950840	18.302900	0.000000	3.929020	3.413490	1.388290	2.202730	2.709890	
   45	139.100000	135.200000	132.000000	130.380000	133.480000	137.500000	142.600000	147.800000	156.110000	147.800000	144.060000	141.000000	139.100000	138.700000	138.700000	140.500000	140.500000	148.850000	162.070000	154.840000	153.250000	149.730000	144.360000	140.260000	13.560000	204.894000	255.442000	267.099000	285.794000	297.403000	183.426000	189.417000	228.075000	347.084000	79.985300	60.364800	2.926160	10.104800	5.534670	5.384950	60.054400	0.000000	4.670050	132.078000	0.000000	38.096300	158.311000	208.517000	129.100000	105.170000	100.914000	88.821800	86.692700	83.092600	104.171000	145.656000	180.649000	150.819000	149.887000	120.063000	107.449000	99.036700	94.482500	109.957000	162.231000	179.800000	191.253000	185.200000	161.086000	145.089000	119.574000	106.069000	115.000000	138.076000	129.746000	117.614000	101.704000	91.741500	127.503000	150.608000	155.876000	129.110000	132.009000	119.485000	113.094000	100.635000	84.475400	88.706300	122.107000	135.731000	147.530000	164.677000	159.874000	132.306000	94.556000	86.969200	0.642000	0.000000	0.733272	0.000000	0.752438	0.000000	0.695507	0.000000	0.628513	0.000000	0.548031	0.000000	0.509828	0.000000	0.493388	0.018300	0.557172	0.146000	0.592365	0.483100	129.100000	164.648000	164.304000	176.748000	156.352000	173.905000	169.959000	159.726000	151.377000	148.386000	132.146000	118.002000	0.603885	0.513100	0.639665	0.279400	0.669220	0.241600	0.689703	0.282000	0.715588	0.185400	0.737235	0.067500	0.567936	0.005300	0.621488	0.000000	0.708184	0.000000	0.736340	0.000000	0.685533	0.000000	0.632869	0.000000	0.583089	0.000000	0.525484	0.000000	0.702516	1.300320	0.706545	1.560240	17.197100	0.218152	0.000000	2.414830	0.194352	0.168543	427.918000	0.000000	0.000000	1860.620000	167.479000	114.298000	41.161800	18.144900	0.000000	3.876980	3.590490	1.592680	1.927840	2.674740	
   46	139.100000	135.200000	132.000000	130.380000	133.480000	137.500000	142.600000	147.800000	156.110000	147.800000	144.060000	141.000000	139.100000	138.700000	138.700000	140.500000	140.500000	148.850000	162.070000	154.840000	153.250000	149.730000	144.360000	140.260000	13.560000	212.847000	256.976000	266.477000	292.921000	299.134000	180.115000	183.660000	201.722000	359.684000	106.570000	63.159000	4.731660	11.973400	8.715620	5.179770	70.112400	13.254000	4.611350	133.282000	0.000000	35.746800	164.560000	228.194000	129.100000	110.004000	95.036500	95.304300	89.921600	88.967500	107.100000	144.069000	165.909000	150.310000	158.159000	128.442000	113.533000	100.049000	98.727400	110.816000	118.419000	141.109000	167.158000	168.228000	156.315000	126.335000	122.564000	103.560000	115.000000	124.471000	128.320000	108.620000	89.615200	81.800200	131.220000	156.272000	165.494000	155.746000	155.702000	119.386000	127.317000	109.059000	100.616000	106.596000	112.813000	148.635000	138.468000	160.724000	142.380000	125.461000	87.263300	74.421900	0.642000	0.000000	0.743907	0.000000	0.770755	0.000000	0.745692	0.000000	0.661280	0.000000	0.598436	0.000000	0.579867	0.000000	0.564134	0.007100	0.543310	0.087400	0.512880	0.250700	129.100000	159.700000	145.781000	159.418000	166.767000	189.160000	195.744000	177.145000	198.597000	183.425000	154.060000	136.322000	0.591430	0.376100	0.499897	0.334100	0.590688	0.414000	0.561204	0.365900	0.625047	0.352000	0.616494	0.152200	0.681512	0.005200	0.700753	0.000000	0.866652	0.000000	0.745779	0.000000	0.756408	0.000000	0.766861	0.000000	0.758484	0.000000	0.718527	0.000000	0.702516	1.679140	1.296250	1.393440	16.712400	0.000000	0.000000	2.817190	0.000000	0.762115	440.759000	6.077500	0.000000	1915.750000	79.716600	109.432000	3.828510	19.746600	0.000000	4.395240	3.955690	1.641570	1.969580	2.950760	
   47	139.100000	135.200000	132.000000	130.380000	133.480000	137.500000	142.600000	147.800000	156.110000	147.800000	144.060000	141.000000	139.100000	138.700000	138.700000	140.500000	140.500000	148.850000	162.070000	154.840000	153.250000	149.730000	144.360000	140.260000	13.560000	204.894000	255.442000	267.099000	285.794000	297.403000	183.426000	189.417000	228.075000	347.084000	79.985300	60.364800	2.926160	10.104800	5.534670	5.384950	60.054400	0.000000	4.670050	132.078000	0.000000	38.096300	158.311000	208.517000	129.100000	115.761000	110.076000	106.282000	100.327000	101.560000	125.814000	162.282000	203.171000	180.501000	154.224000	120.978000	108.659000	95.472900	89.496300	101.568000	105.850000	125.932000	182.728000	170.930000	176.201000	160.141000	136.573000	115.230000	115.000000	137.154000	138.489000	130.637000	111.903000	102.025000	152.579000	167.053000	197.163000	166.277000	144.555000	123.394000	130.108000	114.779000	96.141700	98.790200	111.429000	129.710000	162.598000	167.779000	153.790000	132.936000	103.412000	95.749600	0.642000	0.000000	0.700706	0.000000	0.724475	0.000000	0.673983	0.000000	0.611818	0.000000	0.557880	0.000000	0.527966	0.000000	0.529764	0.018000	0.534923	0.141600	0.517390	0.306800	129.100000	181.542000	172.288000	183.590000	200.019000	198.584000	189.574000	176.298000	189.878000	183.658000	158.827000	156.473000	0.483157	0.375500	0.453687	0.270700	0.447567	0.296300	0.504820	0.292000	0.605526	0.263500	0.703622	0.145400	0.778377	0.008100	0.833857	0.000000	0.872653	0.000000	0.867002	0.000000	0.834553	0.000000	0.798540	0.000000	0.739071	0.000000	0.666426	0.000000	0.702516	1.644260	0.947518	1.058160	16.443900	1.714650	0.000000	2.263270	0.057681	0.000000	458.345000	0.000000	0.000000	1881.940000	84.929700	105.460000	0.000000	17.518700	0.000000	4.375510	3.804030	1.819120	1.984530	3.153320	
   48	139.100000	135.200000	132.000000	130.380000	133.480000	137.500000	142.600000	147.800000	156.110000	147.800000	144.060000	141.000000	139.100000	138.700000	138.700000	140.500000	140.500000	148.850000	162.070000	154.840000	153.250000	149.730000	144.360000	140.260000	13.560000	209.713000	256.976000	266.477000	292.921000	299.134000	180.115000	183.660000	179.958000	330.366000	117.609000	48.017800	7.641850	21.402000	11.262300	3.819990	58.675900	0.000000	25.623000	123.150000	8.178850	47.787900	173.423000	217.824000	129.100000	105.512000	97.766200	96.768000	88.482300	89.870500	107.533000	146.433000	174.421000	166.173000	146.030000	113.241000	137.367000	126.043000	133.055000	151.467000	168.521000	188.490000	189.447000	184.887000	171.479000	148.249000	138.780000	134.289000	115.000000	135.186000	136.324000	129.750000	108.747000	103.738000	148.916000	170.985000	194.113000	172.791000	167.296000	142.674000	139.336000	123.489000	117.656000	134.151000	132.727000	155.211000	156.974000	174.083000	159.383000	120.295000	114.972000	110.719000	0.642000	0.000000	0.787252	0.000000	0.812833	0.000000	0.744386	0.000000	0.658989	0.000000	0.581265	0.000000	0.546218	0.000000	0.551199	0.006600	0.600461	0.058500	0.624865	0.132200	129.100000	181.542000	172.288000	183.590000	200.019000	220.120000	205.179000	215.556000	217.432000	221.839000	157.955000	151.822000	0.632940	0.227000	0.619428	0.384100	0.627196	0.200400	0.638808	0.442600	0.637565	0.282300	0.645256	0.149900	0.684013	0.006100	0.748053	0.000000	0.727583	0.000000	0.620456	0.000000	0.526200	0.000000	0.522062	0.000000	0.532947	0.000000	0.524547	0.000000	0.702516	0.851120	0.293250	2.159050	17.970800	0.820957	0.000000	2.329680	0.093634	1.100270	469.757000	0.000000	0.000000	1800.660000	55.554000	115.344000	5.049130	18.866200	14.461900	4.304200	4.035260	1.789030	2.284500	3.392650	
   49	139.100000	135.200000	132.000000	130.380000	133.480000	137.500000	142.600000	147.800000	156.110000	147.800000	144.060000	141.000000	139.100000	138.700000	138.700000	140.500000	140.500000	148.850000	162.070000	154.840000	153.250000	149.730000	144.360000	140.260000	13.560000	193.562000	250.890000	261.521000	283.387000	288.977000	177.688000	180.917000	198.956000	339.539000	121.335000	47.955300	0.000000	0.000000	0.000000	0.000000	41.315700	0.000000	16.219900	173.979000	0.000000	35.300400	170.600000	212.340000	129.100000	105.199000	98.807100	95.503400	94.643900	97.056900	118.096000	153.985000	175.303000	161.860000	146.692000	117.903000	103.476000	88.575100	82.166000	102.610000	100.465000	139.904000	155.377000	156.263000	140.300000	129.028000	108.006000	98.297700	115.000000	136.333000	146.478000	136.476000	114.346000	101.335000	140.394000	179.721000	179.198000	158.724000	137.028000	118.505000	113.153000	103.699000	91.159900	98.311900	105.222000	122.810000	157.862000	179.211000	151.393000	129.266000	90.067100	87.587300	0.642000	0.000000	0.669622	0.000000	0.633506	0.000000	0.627456	0.000000	0.579974	0.000000	0.511497	0.000000	0.480780	0.000000	0.469891	0.003800	0.459683	0.083900	0.437300	0.146600	129.100000	146.966000	139.621000	154.019000	169.176000	181.591000	186.909000	171.809000	168.485000	165.851000	135.684000	157.119000	0.425007	0.267800	0.498137	0.357500	0.540906	0.367400	0.569921	0.339700	0.576398	0.257000	0.726880	0.156300	0.755349	0.007300	0.759320	0.000000	0.777090	0.000000	0.804475	0.000000	0.822462	0.000000	0.811892	0.000000	0.774259	0.000000	0.724800	0.000000	0.702516	1.198120	0.714502	1.550110	15.869700	0.000000	0.000000	2.613960	0.625273	0.000000	406.910000	1.325890	0.000000	1955.260000	85.181900	120.872000	0.000000	18.393600	0.000000	4.143810	3.954480	1.930490	2.048650	3.265490	
   50	139.100000	135.200000	132.000000	130.380000	133.480000	137.500000	142.600000	147.800000	156.110000	147.800000	144.060000	141.000000	139.100000	138.700000	138.700000	140.500000	140.500000	148.850000	162.070000	154.840000	153.250000	149.730000	144.360000	140.260000	13.560000	209.671000	255.558000	271.349000	291.484000	283.816000	178.085000	182.577000	186.105000	335.997000	118.134000	58.984300	7.958430	10.665500	5.250780	0.000000	56.714300	14.758700	36.747000	151.872000	11.509500	41.258500	163.477000	214.672000	129.100000	113.772000	109.500000	97.947200	92.343400	86.504400	105.356000	140.370000	162.800000	156.106000	161.475000	123.337000	110.424000	103.289000	100.605000	116.302000	126.089000	149.457000	173.207000	162.950000	152.031000	144.200000	118.086000	105.675000	115.000000	135.665000	131.515000	120.170000	106.918000	97.431100	142.800000	170.845000	179.056000	165.960000	149.463000	124.756000	123.711000	115.839000	109.074000	112.674000	114.576000	135.501000	146.124000	156.458000	145.946000	125.246000	91.689400	84.133900	0.642000	0.000000	0.721648	0.000000	0.748745	0.000000	0.696745	0.000000	0.688011	0.000000	0.612105	0.000000	0.559983	0.000000	0.530173	0.014600	0.516302	0.117500	0.495867	0.158500	129.100000	153.258000	148.705000	162.891000	170.516000	203.172000	191.168000	182.112000	181.395000	194.306000	168.026000	153.087000	0.649367	0.561500	0.463190	0.290900	0.471879	0.282600	0.563414	0.444500	0.555065	0.459900	0.631473	0.127700	0.745403	0.005200	0.804977	0.000000	0.871623	0.000000	0.858105	0.000000	0.849847	0.000000	0.837649	0.000000	0.831425	0.000000	0.786430	0.000000	0.702516	0.808898	0.870223	1.721170	16.933200	0.028521	0.000000	2.354020	0.424472	0.585081	462.095000	0.000000	0.000000	1997.480000	91.871200	112.647000	3.049050	18.616600	0.000000	3.782480	3.812370	1.636770	1.979030	3.034170	
   51	139.100000	135.200000	132.000000	130.380000	133.480000	137.500000	142.600000	147.800000	156.110000	147.800000	144.060000	141.000000	139.100000	138.700000	138.700000	140.500000	140.500000	148.850000	162.070000	154.840000	153.250000	149.730000	144.360000	140.260000	13.560000	205.212000	245.872000	260.976000	282.409000	302.142000	186.193000	174.309000	177.896000	350.817000	114.510000	53.740700	9.897810	18.191000	13.081700	2.882110	82.445400	21.679800	34.436600	152.755000	0.245896	41.928000	168.347000	221.976000	129.100000	106.725000	97.483600	92.214600	90.478900	93.970100	116.422000	143.880000	174.126000	156.492000	150.025000	122.965000	113.024000	93.337200	89.633900	102.143000	116.265000	137.500000	169.339000	167.859000	156.678000	138.196000	115.176000	101.306000	115.000000	132.228000	138.346000	125.079000	108.538000	93.843000	133.485000	175.095000	185.060000	160.316000	132.867000	122.684000	121.610000	120.255000	116.398000	117.801000	124.959000	137.123000	149.161000	153.464000	142.372000	120.734000	92.446300	74.793700	0.642000	0.000000	0.711619	0.000000	0.759099	0.000000	0.690341	0.000000	0.630243	0.000000	0.545202	0.000000	0.514842	0.000000	0.519670	0.012300	0.456104	0.101200	0.424099	0.195200	129.100000	157.906000	149.095000	151.008000	152.056000	174.542000	172.739000	178.268000	180.671000	180.929000	159.112000	154.883000	0.501620	0.296800	0.412176	0.334500	0.559270	0.352300	0.598378	0.283500	0.539998	0.419300	0.567582	0.231200	0.689155	0.003100	0.889756	0.000000	0.889341	0.000000	0.857528	0.000000	0.944197	0.000000	0.929211	0.000000	0.891851	0.000000	0.823381	0.000000	0.702516	1.220690	0.704639	1.337450	16.556800	0.650078	0.000000	2.394930	0.356378	0.000000	447.012000	0.000000	0.000000	2003.250000	100.727000	114.754000	2.549730	18.668900	10.635700	3.826790	3.752250	1.528370	1.892830	2.964450	
   52	139.100000	135.200000	132.000000	130.380000	133.480000	137.500000	142.600000	147.800000	156.110000	147.800000	144.060000	141.000000	139.100000	138.700000	138.700000	140.500000	140.500000	148.850000	162.070000	154.840000	153.250000	149.730000	144.360000	140.260000	13.560000	208.358000	248.512000	261.153000	280.123000	289.559000	174.361000	171.019000	196.789000	334.634000	82.027700	30.789000	0.000000	0.000000	0.000000	0.000000	52.729300	0.000000	23.686800	131.581000	6.882080	37.134000	166.817000	218.595000	129.100000	112.535000	95.753900	95.267500	87.406900	89.068100	105.570000	144.700000	161.652000	140.555000	156.636000	134.769000	124.609000	115.341000	112.892000	125.501000	146.261000	154.849000	173.450000	148.265000	144.273000	149.565000	116.487000	99.675900	115.000000	129.787000	130.033000	120.684000	102.427000	89.741200	136.167000	163.575000	171.785000	144.896000	134.755000	124.596000	123.910000	114.608000	107.944000	108.915000	124.822000	140.185000	153.711000	149.162000	153.487000	136.840000	88.320000	74.717800	0.642000	0.000000	0.721873	0.000000	0.761120	0.000000	0.693559	0.000000	0.646020	0.000000	0.572062	0.000000	0.514842	0.000000	0.546854	0.005000	0.580236	0.031700	0.515395	0.129400	129.100000	160.741000	154.816000	160.786000	187.786000	208.621000	239.114000	212.202000	174.827000	167.704000	158.593000	157.481000	0.502774	0.283900	0.517675	0.395300	0.549644	0.405300	0.585765	0.473100	0.616241	0.289800	0.649289	0.178800	0.662327	0.014300	0.642430	0.000000	0.667342	0.000000	0.675908	0.000000	0.672596	0.000000	0.671608	0.000000	0.663167	0.000000	0.615384	0.000000	0.702516	1.377500	0.683261	1.733500	17.708200	0.021325	0.000000	2.357360	0.144375	0.000000	468.830000	0.000000	0.000000	2063.020000	83.666500	110.901000	6.265100	18.080200	0.000000	4.175110	3.867150	1.406000	1.699850	2.882270	
   53	139.100000	135.200000	132.000000	130.380000	133.480000	137.500000	142.600000	147.800000	156.110000	147.800000	144.060000	141.000000	139.100000	138.700000	138.700000	140.500000	140.500000	148.850000	162.070000	154.840000	153.250000	149.730000	144.360000	140.260000	13.560000	193.562000	250.890000	261.521000	283.387000	288.977000	177.688000	180.917000	198.956000	339.539000	121.335000	47.955300	0.000000	0.000000	0.000000	0.000000	41.315700	0.000000	16.219900	173.979000	0.000000	35.300400	170.600000	212.340000	129.100000	105.199000	98.807100	95.503400	94.643900	97.056900	118.096000	153.985000	175.303000	161.860000	146.692000	117.903000	103.476000	88.575100	82.166000	102.610000	100.465000	139.904000	155.377000	156.263000	140.300000	129.028000	108.006000	98.297700	115.000000	136.333000	146.478000	136.476000	114.346000	101.335000	140.394000	179.721000	179.198000	158.724000	137.028000	118.505000	113.153000	103.699000	91.159900	98.311900	105.222000	122.810000	157.862000	179.211000	151.393000	129.266000	90.067100	87.587300	0.642000	0.000000	0.721151	0.000000	0.976646	0.000000	0.957164	0.000000	0.911149	0.000000	0.843133	0.000000	0.810650	0.000000	0.829805	0.010400	0.784282	0.083500	0.711336	0.245000	129.100000	117.491000	105.128000	116.254000	119.193000	151.388000	158.864000	163.092000	210.058000	206.142000	177.551000	165.181000	0.664645	0.645100	0.645066	0.871300	0.629401	0.956900	0.637854	0.371500	0.701858	0.256300	0.781304	0.082900	0.809867	0.003500	0.796179	0.000000	0.784122	0.000000	0.788924	0.000000	0.804284	0.000000	0.820428	0.000000	0.805835	0.000000	0.743447	0.000000	0.702516	0.670856	0.277808	0.797691	15.997500	0.000000	0.000000	2.617360	0.281718	0.000000	451.867000	0.478263	0.000000	1924.730000	81.478300	114.101000	2.655680	20.100600	0.000000	3.566660	3.410010	1.594880	1.836000	2.472640	
   54	139.100000	135.200000	132.000000	130.380000	133.480000	137.500000	142.600000	147.800000	156.110000	147.800000	144.060000	141.000000	139.100000	138.700000	138.700000	140.500000	140.500000	148.850000	162.070000	154.840000	153.250000	149.730000	144.360000	140.260000	13.560000	209.671000	255.558000	271.349000	291.484000	283.816000	178.085000	182.577000	186.105000	335.997000	118.134000	58.984300	7.958430	10.665500	5.250780	0.000000	56.714300	14.758700	36.747000	151.872000	11.509500	41.258500	163.477000	214.672000	129.100000	113.772000	109.500000	97.947200	92.343400	86.504400	105.356000	140.370000	162.800000	156.106000	161.475000	123.337000	110.424000	103.289000	100.605000	116.302000	126.089000	149.457000	173.207000	162.950000	152.031000	144.200000	118.086000	105.675000	115.000000	135.665000	131.515000	120.170000	106.918000	97.431100	142.800000	170.845000	179.056000	165.960000	149.463000	124.756000	123.711000	115.839000	109.074000	112.674000	114.576000	135.501000	146.124000	156.458000	145.946000	125.246000	91.689400	84.133900	0.642000	0.000000	0.721648	0.000000	0.748745	0.000000	0.696745	0.000000	0.688011	0.000000	0.612105	0.000000	0.559983	0.000000	0.530173	0.014600	0.516302	0.117500	0.495867	0.158500	129.100000	153.258000	148.705000	162.891000	170.516000	203.172000	191.168000	182.112000	181.395000	194.306000	168.026000	153.087000	0.649367	0.561500	0.463190	0.290900	0.471879	0.282600	0.563414	0.444500	0.555065	0.459900	0.631473	0.127700	0.745403	0.005200	0.804977	0.000000	0.871623	0.000000	0.858105	0.000000	0.849847	0.000000	0.837649	0.000000	0.831425	0.000000	0.786430	0.000000	0.702516	0.808898	0.870223	1.721170	16.933200	0.028521	0.000000	2.354020	0.424472	0.585081	462.095000	0.000000	0.000000	1997.480000	91.871200	112.647000	3.049050	18.616600	0.000000	3.782480	3.812370	1.636770	1.979030	3.034170	
   55	139.100000	135.200000	132.000000	130.380000	133.480000	137.500000	142.600000	147.800000	156.110000	147.800000	144.060000	141.000000	139.100000	138.700000	138.700000	140.500000	140.500000	148.850000	162.070000	154.840000	153.250000	149.730000	144.360000	140.260000	13.560000	204.850000	245.821000	265.750000	285.267000	297.894000	183.990000	183.846000	201.272000	349.447000	112.546000	61.910400	4.326850	12.812000	8.402990	1.344730	68.410700	0.000000	5.094680	148.305000	25.363800	30.673200	168.983000	211.706000	129.100000	99.449600	93.159100	84.592200	76.271100	84.764300	104.937000	132.914000	165.406000	158.875000	164.989000	131.451000	119.380000	111.319000	97.864800	107.024000	113.232000	134.183000	165.541000	153.753000	151.989000	136.774000	121.880000	108.862000	115.000000	129.906000	138.913000	121.293000	99.144900	88.565800	140.151000	154.554000	172.281000	160.121000	139.167000	119.973000	127.472000	114.654000	104.208000	108.636000	116.445000	142.108000	149.765000	155.395000	145.590000	138.217000	89.238400	85.346800	0.642000	0.000000	0.722282	0.000000	0.744605	0.000000	0.714832	0.000000	0.646430	0.000000	0.588275	0.000000	0.531460	0.000000	0.509135	0.013100	0.509354	0.089700	0.496271	0.197100	129.100000	146.533000	137.074000	149.791000	221.571000	247.064000	221.863000	205.696000	219.463000	217.961000	200.170000	183.059000	0.490109	0.330300	0.477702	0.243700	0.512362	0.175200	0.539540	0.247400	0.575336	0.276200	0.629582	0.140600	0.694148	0.006100	0.736915	0.000000	0.783868	0.000000	0.794015	0.000000	0.765381	0.000000	0.771119	0.000000	0.771821	0.000000	0.794876	0.000000	0.702516	0.316296	0.000000	1.748510	17.475700	0.017726	0.000000	2.359990	0.000000	0.010576	473.800000	0.061650	0.238031	1946.280000	67.454100	110.767000	4.887150	17.156400	0.000000	4.545030	3.272270	1.820860	1.895860	3.057410	
   56	139.100000	135.200000	132.000000	130.380000	133.480000	137.500000	142.600000	147.800000	156.110000	147.800000	144.060000	141.000000	139.100000	138.700000	138.700000	140.500000	140.500000	148.850000	162.070000	154.840000	153.250000	149.730000	144.360000	140.260000	13.560000	208.358000	248.512000	261.153000	280.123000	289.559000	174.361000	171.019000	196.789000	334.634000	82.027700	30.789000	0.000000	0.000000	0.000000	0.000000	52.729300	0.000000	23.686800	131.581000	6.882080	37.134000	166.817000	218.595000	129.100000	112.364000	104.302000	99.441600	93.201200	93.655000	110.504000	145.245000	167.790000	146.700000	142.242000	111.905000	88.524700	84.327200	83.871600	93.254600	127.813000	145.233000	178.738000	170.584000	169.689000	145.888000	123.775000	103.918000	115.000000	117.671000	120.001000	105.251000	83.927700	81.438100	109.826000	134.859000	158.304000	137.510000	146.680000	144.169000	128.123000	120.919000	105.909000	101.270000	137.119000	149.916000	165.359000	172.403000	164.653000	131.635000	108.010000	90.898800	0.642000	0.000000	0.720269	0.000000	0.788593	0.000000	0.786503	0.000000	0.745980	0.000000	0.688806	0.000000	0.645537	0.000000	0.634880	0.007400	0.681918	0.113500	0.680118	0.129400	129.100000	165.894000	163.423000	174.226000	177.794000	193.826000	161.895000	166.263000	196.613000	187.374000	160.239000	149.329000	0.666347	0.241700	0.677932	0.374500	0.681406	0.267400	0.676284	0.295100	0.681471	0.394400	0.726823	0.200200	0.586178	0.006300	0.587310	0.000000	0.606613	0.000000	0.602790	0.000000	0.570457	0.000000	0.545929	0.000000	0.513041	0.000000	0.469683	0.000000	0.702516	1.229200	0.594351	2.482010	18.645500	0.000000	0.000000	2.234930	0.345952	0.000000	458.270000	1.425710	0.000000	1908.670000	95.742400	119.728000	6.856300	18.106900	4.176020	3.976470	3.756870	1.652910	1.999260	2.978300	
   57	139.100000	135.200000	132.000000	130.380000	133.480000	137.500000	142.600000	147.800000	156.110000	147.800000	144.060000	141.000000	139.100000	138.700000	138.700000	140.500000	140.500000	148.850000	162.070000	154.840000	153.250000	149.730000	144.360000	140.260000	13.560000	205.212000	245.872000	260.976000	282.409000	302.142000	186.193000	174.309000	177.896000	350.817000	114.510000	53.740700	9.897810	18.191000	13.081700	2.882110	82.445400	21.679800	34.436600	152.755000	0.245896	41.928000	168.347000	221.976000	129.100000	106.725000	97.483600	92.214600	90.478900	93.970100	116.422000	143.880000	174.126000	156.492000	150.025000	122.965000	113.024000	93.337200	89.633900	102.143000	116.265000	137.500000	169.339000	167.859000	156.678000	138.196000	115.176000	101.306000	115.000000	132.228000	138.346000	125.079000	108.538000	93.843000	133.485000	175.095000	185.060000	160.316000	132.867000	122.684000	121.610000	120.255000	116.398000	117.801000	124.959000	137.123000	149.161000	153.464000	142.372000	120.734000	92.446300	74.793700	0.642000	0.000000	0.711619	0.000000	0.759099	0.000000	0.690341	0.000000	0.630243	0.000000	0.545202	0.000000	0.514842	0.000000	0.519670	0.012300	0.456104	0.101200	0.424099	0.195200	129.100000	157.906000	149.095000	151.008000	152.056000	174.542000	172.739000	178.268000	180.671000	180.929000	159.112000	154.883000	0.501620	0.296800	0.412176	0.334500	0.559270	0.352300	0.598378	0.283500	0.539998	0.419300	0.567582	0.231200	0.689155	0.003100	0.889756	0.000000	0.889341	0.000000	0.857528	0.000000	0.944197	0.000000	0.929211	0.000000	0.891851	0.000000	0.823381	0.000000	0.702516	1.220690	0.704639	1.337450	16.556800	0.650078	0.000000	2.394930	0.356378	0.000000	447.012000	0.000000	0.000000	2003.250000	100.727000	114.754000	2.549730	18.668900	10.635700	3.826790	3.752250	1.528370	1.892830	2.964450	
   58	139.100000	135.200000	132.000000	130.380000	133.480000	137.500000	142.600000	147.800000	156.110000	147.800000	144.060000	141.000000	139.100000	138.700000	138.700000	140.500000	140.500000	148.850000	162.070000	154.840000	153.250000	149.730000	144.360000	140.260000	13.560000	193.562000	250.890000	261.521000	283.387000	288.977000	177.688000	180.917000	198.956000	339.539000	121.335000	47.955300	0.000000	0.000000	0.000000	0.000000	41.315700	0.000000	16.219900	173.979000	0.000000	35.300400	170.600000	212.340000	129.100000	105.199000	98.807100	95.503400	94.643900	97.056900	118.096000	153.985000	175.303000	161.860000	146.692000	117.903000	103.476000	88.575100	82.166000	102.610000	100.465000	139.904000	155.377000	156.263000	140.300000	129.028000	108.006000	98.297700	115.000000	136.333000	146.478000	136.476000	114.346000	101.335000	140.394000	179.721000	179.198000	158.724000	137.028000	118.505000	113.153000	103.699000	91.159900	98.311900	105.222000	122.810000	157.862000	179.211000	151.393000	129.266000	90.067100	87.587300	0.642000	0.000000	0.721454	0.000000	0.798473	0.000000	0.735676	0.000000	0.688011	0.000000	0.612105	0.000000	0.539966	0.000000	0.526579	0.015800	0.557172	0.074100	0.592365	0.169400	129.100000	161.017000	159.074000	167.903000	175.780000	202.612000	184.095000	184.050000	178.925000	182.086000	157.668000	142.899000	0.585248	0.237500	0.555024	0.258400	0.553740	0.280300	0.587683	0.353000	0.637472	0.293400	0.702138	0.134500	0.769333	0.007700	0.802126	0.000000	0.809858	0.000000	0.813900	0.000000	0.782420	0.000000	0.733808	0.000000	0.674467	0.000000	0.615207	0.000000	0.702516	1.280820	0.632417	1.770280	17.572100	0.106999	0.000000	2.336040	0.337867	0.000000	459.957000	0.572090	0.000000	2011.010000	107.135000	122.868000	0.000000	18.008600	7.393240	3.597790	3.881210	1.521280	1.751800	2.844310	
   59	139.100000	135.200000	132.000000	130.380000	133.480000	137.500000	142.600000	147.800000	156.110000	147.800000	144.060000	141.000000	139.100000	138.700000	138.700000	140.500000	140.500000	148.850000	162.070000	154.840000	153.250000	149.730000	144.360000	140.260000	13.560000	204.850000	245.821000	265.750000	285.267000	297.894000	183.990000	183.846000	201.272000	349.447000	112.546000	61.910400	4.326850	12.812000	8.402990	1.344730	68.410700	0.000000	5.094680	148.305000	25.363800	30.673200	168.983000	211.706000	129.100000	99.449600	93.159100	84.592200	76.271100	84.764300	104.937000	132.914000	165.406000	158.875000	164.989000	131.451000	119.380000	111.319000	97.864800	107.024000	113.232000	134.183000	165.541000	153.753000	151.989000	136.774000	121.880000	108.862000	115.000000	129.906000	138.913000	121.293000	99.144900	88.565800	140.151000	154.554000	172.281000	160.121000	139.167000	119.973000	127.472000	114.654000	104.208000	108.636000	116.445000	142.108000	149.765000	155.395000	145.590000	138.217000	89.238400	85.346800	0.642000	0.000000	0.722282	0.000000	0.744605	0.000000	0.714832	0.000000	0.646430	0.000000	0.588275	0.000000	0.531460	0.000000	0.509135	0.013100	0.509354	0.089700	0.496271	0.197100	129.100000	146.533000	137.074000	149.791000	221.571000	247.064000	221.863000	205.696000	219.463000	217.961000	200.170000	183.059000	0.490109	0.330300	0.477702	0.243700	0.512362	0.175200	0.539540	0.247400	0.575336	0.276200	0.629582	0.140600	0.694148	0.006100	0.736915	0.000000	0.783868	0.000000	0.794015	0.000000	0.765381	0.000000	0.771119	0.000000	0.771821	0.000000	0.794876	0.000000	0.702516	0.316296	0.000000	1.748510	17.475700	0.017726	0.000000	2.359990	0.000000	0.010576	473.800000	0.061650	0.238031	1946.280000	67.454100	110.767000	4.887150	17.156400	0.000000	4.545030	3.272270	1.820860	1.895860	3.057410	
   60	139.100000	135.200000	132.000000	130.380000	133.480000	137.500000	142.600000	147.800000	156.110000	147.800000	144.060000	141.000000	139.100000	138.700000	138.700000	140.500000	140.500000	148.850000	162.070000	154.840000	153.250000	149.730000	144.360000	140.260000	13.560000	204.850000	245.821000	265.750000	285.267000	297.894000	183.990000	183.846000	201.272000	349.447000	112.546000	61.910400	4.326850	12.812000	8.402990	1.344730	68.410700	0.000000	5.094680	148.305000	25.363800	30.673200	168.983000	211.706000	129.100000	99.449600	93.159100	84.592200	76.271100	84.764300	104.937000	132.914000	165.406000	158.875000	164.989000	131.451000	119.380000	111.319000	97.864800	107.024000	113.232000	134.183000	165.541000	153.753000	151.989000	136.774000	121.880000	108.862000	115.000000	129.906000	138.913000	121.293000	99.144900	88.565800	140.151000	154.554000	172.281000	160.121000	139.167000	119.973000	127.472000	114.654000	104.208000	108.636000	116.445000	142.108000	149.765000	155.395000	145.590000	138.217000	89.238400	85.346800	0.642000	0.000000	0.722282	0.000000	0.744605	0.000000	0.714832	0.000000	0.646430	0.000000	0.588275	0.000000	0.531460	0.000000	0.509135	0.013100	0.509354	0.089700	0.496271	0.197100	129.100000	146.533000	137.074000	149.791000	221.571000	247.064000	221.863000	205.696000	219.463000	217.961000	200.170000	183.059000	0.490109	0.330300	0.477702	0.243700	0.512362	0.175200	0.539540	0.247400	0.575336	0.276200	0.629582	0.140600	0.694148	0.006100	0.736915	0.000000	0.783868	0.000000	0.794015	0.000000	0.765381	0.000000	0.771119	0.000000	0.771821	0.000000	0.794876	0.000000	0.702516	0.316296	0.000000	1.748510	17.475700	0.017726	0.000000	2.359990	0.000000	0.010576	473.800000	0.061650	0.238031	1946.280000	67.454100	110.767000	4.887150	17.156400	0.000000	4.545030	3.272270	1.820860	1.895860	3.057410	
   61	139.100000	135.200000	132.000000	130.380000	133.480000	137.500000	142.600000	147.800000	156.110000	147.800000	144.060000	141.000000	139.100000	138.700000	138.700000	140.500000	140.500000	148.850000	162.070000	154.840000	153.250000	149.730000	144.360000	140.260000	13.560000	208.358000	248.512000	261.153000	280.123000	289.559000	174.361000	171.019000	196.789000	334.634000	82.027700	30.789000	0.000000	0.000000	0.000000	0.000000	52.729300	0.000000	23.686800	131.581000	6.882080	37.134000	166.817000	218.595000	129.100000	118.481000	113.480000	105.911000	101.894000	100.810000	119.150000	153.775000	184.672000	185.023000	147.226000	110.797000	104.870000	101.426000	99.246500	117.551000	134.539000	155.851000	195.082000	191.272000	167.953000	152.600000	123.191000	104.762000	115.000000	147.627000	153.489000	145.402000	126.856000	118.443000	163.484000	181.234000	200.751000	176.795000	145.776000	132.273000	141.209000	130.857000	120.897000	130.353000	132.750000	166.142000	174.974000	183.974000	160.737000	128.457000	100.314000	89.778300	0.642000	0.000000	0.746520	0.000000	0.762966	0.000000	0.731581	0.000000	0.668209	0.000000	0.578843	0.000000	0.502704	0.000000	0.464028	0.006400	0.456504	0.072800	0.444824	0.167600	129.100000	191.795000	189.837000	191.781000	203.604000	206.082000	194.298000	197.691000	202.630000	192.911000	168.726000	164.410000	0.439532	0.448900	0.443028	0.610900	0.430069	0.424500	0.423036	0.453700	0.452116	0.622200	0.528196	0.281700	0.609237	0.007300	0.662142	0.000000	0.716682	0.000000	0.734438	0.000000	0.748151	0.000000	0.769892	0.000000	0.791762	0.000000	0.811097	0.000000	0.702516	1.135970	0.503618	2.239380	17.400500	0.000000	0.000000	2.190670	0.167124	2.987920	425.270000	0.000000	0.000000	1757.400000	71.672900	111.711000	0.000000	18.798000	0.000000	3.959100	4.035410	1.701750	2.304950	2.788060	
   62	139.100000	135.200000	132.000000	130.380000	133.480000	137.500000	142.600000	147.800000	156.110000	147.800000	144.060000	141.000000	139.100000	138.700000	138.700000	140.500000	140.500000	148.850000	162.070000	154.840000	153.250000	149.730000	144.360000	140.260000	13.560000	211.701000	250.431000	265.883000	280.236000	288.809000	178.879000	184.680000	229.751000	337.719000	116.362000	60.364800	2.926160	10.104800	5.534670	5.384950	60.054400	0.000000	4.670050	132.078000	0.000000	38.096300	158.311000	208.517000	129.100000	113.004000	105.196000	97.222000	85.530500	87.491100	102.894000	137.419000	165.427000	159.002000	145.056000	111.764000	107.833000	94.550000	89.151000	113.023000	119.049000	136.410000	149.742000	138.102000	125.536000	125.496000	100.307000	89.754800	115.000000	128.986000	136.188000	126.780000	93.943800	89.881200	124.505000	147.528000	172.514000	159.753000	143.014000	132.422000	135.054000	124.514000	116.120000	115.876000	122.496000	131.856000	119.896000	134.735000	123.076000	100.413000	74.332400	69.296000	0.642000	0.000000	0.632646	0.000000	0.711346	0.000000	0.677337	0.000000	0.634637	0.000000	0.581048	0.000000	0.530384	0.000000	0.520055	0.011500	0.464108	0.098500	0.462418	0.212300	129.100000	142.166000	156.554000	142.019000	161.375000	189.518000	163.834000	178.294000	202.098000	204.515000	151.084000	150.385000	0.552564	0.415400	0.584534	0.527000	0.460581	0.411700	0.509405	0.462600	0.541276	0.607500	0.800900	0.086800	0.837711	0.008200	0.918676	0.000000	0.782163	0.000000	0.754183	0.000000	0.711474	0.000000	0.719354	0.000000	0.756107	0.000000	0.757225	0.000000	0.702516	0.986310	0.773091	2.476490	18.084800	0.475388	0.000000	2.160960	0.108473	0.000000	430.890000	4.775480	0.000000	1857.110000	91.850500	106.410000	0.211944	17.506500	36.199300	4.048350	3.936900	1.748700	1.998980	2.968260	
   63	139.100000	135.200000	132.000000	130.380000	133.480000	137.500000	142.600000	147.800000	156.110000	147.800000	144.060000	141.000000	139.100000	138.700000	138.700000	140.500000	140.500000	148.850000	162.070000	154.840000	153.250000	149.730000	144.360000	140.260000	13.560000	208.358000	248.512000	261.153000	280.123000	289.559000	174.361000	171.019000	196.789000	334.634000	82.027700	30.789000	0.000000	0.000000	0.000000	0.000000	52.729300	0.000000	23.686800	131.581000	6.882080	37.134000	166.817000	218.595000	129.100000	121.929000	118.005000	113.410000	107.798000	108.544000	139.513000	166.378000	187.428000	168.575000	158.205000	133.975000	119.762000	111.150000	108.550000	115.870000	133.904000	162.964000	180.538000	166.688000	163.645000	148.348000	116.524000	98.895400	115.000000	141.858000	150.818000	146.384000	127.182000	114.530000	148.282000	166.906000	175.079000	167.887000	152.192000	140.436000	135.737000	129.767000	122.268000	124.034000	136.340000	156.216000	165.111000	166.580000	157.960000	129.529000	84.133700	76.364100	0.642000	0.000000	0.623721	0.000000	0.647676	0.000000	0.612684	0.000000	0.553542	0.000000	0.479166	0.000000	0.440389	0.000000	0.438639	0.011000	0.442202	0.089100	0.422762	0.255500	129.100000	195.359000	196.671000	202.398000	187.579000	205.608000	195.324000	179.019000	186.602000	191.998000	161.731000	145.063000	0.413160	0.690100	0.436889	0.848200	0.465542	0.585400	0.501699	0.507000	0.551397	0.349400	0.621424	0.192700	0.702536	0.009300	0.749404	0.000000	0.752872	0.000000	0.738642	0.000000	0.710596	0.000000	0.681970	0.000000	0.770796	0.000000	0.724383	0.000000	0.702516	1.387480	1.047990	1.976560	17.198300	0.030438	0.000000	2.512780	0.583695	0.000000	432.488000	12.070900	18.626800	1777.710000	79.699500	119.008000	0.000000	20.760400	0.000000	4.624590	4.040160	1.746390	1.929450	3.110590	
   64	139.100000	135.200000	132.000000	130.380000	133.480000	137.500000	142.600000	147.800000	156.110000	147.800000	144.060000	141.000000	139.100000	138.700000	138.700000	140.500000	140.500000	148.850000	162.070000	154.840000	153.250000	149.730000	144.360000	140.260000	13.560000	208.358000	248.512000	261.153000	280.123000	289.559000	174.361000	171.019000	196.789000	334.634000	82.027700	30.789000	0.000000	0.000000	0.000000	0.000000	52.729300	0.000000	23.686800	131.581000	6.882080	37.134000	166.817000	218.595000	129.100000	97.917700	86.631600	77.142400	68.186100	68.216400	96.414300	133.002000	164.286000	155.215000	124.134000	86.186600	73.952700	68.507600	65.488500	83.724200	100.152000	124.950000	151.909000	164.738000	149.310000	128.028000	116.012000	97.004300	115.000000	129.374000	139.914000	116.958000	94.728300	84.010100	129.831000	150.820000	158.927000	166.979000	111.141000	108.263000	110.213000	105.525000	95.778900	99.407900	101.819000	116.746000	152.012000	140.035000	139.357000	98.985400	72.468200	70.226400	0.642000	0.000000	0.694417	0.000000	0.750968	0.000000	0.727800	0.000000	0.678725	0.000000	0.621878	0.000000	0.562939	0.000000	0.535374	0.004700	0.495269	0.027700	0.393435	0.077300	129.100000	153.644000	146.605000	159.708000	168.306000	193.411000	172.133000	180.989000	185.609000	173.338000	149.109000	141.211000	0.311286	0.099900	0.286826	0.169100	0.289392	0.241700	0.320637	0.306100	0.353266	0.263700	0.415840	0.183000	0.505844	0.008300	0.556300	0.000000	0.596229	0.000000	0.606877	0.000000	1.095480	0.000000	1.096420	0.000000	1.088470	0.000000	1.097910	0.000000	0.702516	1.184810	0.896505	1.734180	17.711700	1.903290	0.000000	2.194600	0.000000	0.000000	464.424000	0.000000	0.000000	1914.880000	85.674200	115.349000	2.920740	20.367200	21.525300	3.504600	3.555070	1.620890	1.755970	2.569870	
   65	139.100000	135.200000	132.000000	130.380000	133.480000	137.500000	142.600000	147.800000	156.110000	147.800000	144.060000	141.000000	139.100000	138.700000	138.700000	140.500000	140.500000	148.850000	162.070000	154.840000	153.250000	149.730000	144.360000	140.260000	13.560000	211.701000	250.431000	265.883000	280.236000	288.809000	178.879000	184.680000	229.751000	337.719000	116.362000	60.364800	2.926160	10.104800	5.534670	5.384950	60.054400	0.000000	4.670050	132.078000	0.000000	38.096300	158.311000	208.517000	129.100000	113.004000	105.196000	97.222000	85.530500	87.491100	102.894000	137.419000	165.427000	159.002000	145.056000	111.764000	107.833000	94.550000	89.151000	113.023000	119.049000	136.410000	149.742000	138.102000	125.536000	125.496000	100.307000	89.754800	115.000000	128.986000	136.188000	126.780000	93.943800	89.881200	124.505000	147.528000	172.514000	159.753000	143.014000	132.422000	135.054000	124.514000	116.120000	115.876000	122.496000	131.856000	119.896000	134.735000	123.076000	100.413000	74.332400	69.296000	0.642000	0.000000	0.632646	0.000000	0.711346	0.000000	0.677337	0.000000	0.634637	0.000000	0.581048	0.000000	0.530384	0.000000	0.520055	0.011500	0.464108	0.098500	0.462418	0.212300	129.100000	142.166000	156.554000	142.019000	161.375000	189.518000	163.834000	178.294000	202.098000	204.515000	151.084000	150.385000	0.552564	0.415400	0.584534	0.527000	0.460581	0.411700	0.509405	0.462600	0.541276	0.607500	0.800900	0.086800	0.837711	0.008200	0.918676	0.000000	0.782163	0.000000	0.754183	0.000000	0.711474	0.000000	0.719354	0.000000	0.756107	0.000000	0.757225	0.000000	0.702516	0.986310	0.773091	2.476490	18.084800	0.475388	0.000000	2.160960	0.108473	0.000000	430.890000	4.775480	0.000000	1857.110000	91.850500	106.410000	0.211944	17.506500	36.199300	4.048350	3.936900	1.748700	1.998980	2.968260	
   66	139.100000	135.200000	132.000000	130.380000	133.480000	137.500000	142.600000	147.800000	156.110000	147.800000	144.060000	141.000000	139.100000	138.700000	138.700000	140.500000	140.500000	148.850000	162.070000	154.840000	153.250000	149.730000	144.360000	140.260000	13.560000	205.212000	245.872000	260.976000	282.409000	302.142000	186.193000	174.309000	177.896000	350.817000	114.510000	53.740700	9.897810	18.191000	13.081700	2.882110	82.445400	21.679800	34.436600	152.755000	0.245896	41.928000	168.347000	221.976000	129.100000	106.725000	97.483600	92.214600	90.478900	93.970100	116.422000	143.880000	174.126000	156.492000	150.025000	122.965000	113.024000	93.337200	89.633900	102.143000	116.265000	137.500000	169.339000	167.859000	156.678000	138.196000	115.176000	101.306000	115.000000	132.228000	138.346000	125.079000	108.538000	93.843000	133.485000	175.095000	185.060000	160.316000	132.867000	122.684000	121.610000	120.255000	116.398000	117.801000	124.959000	137.123000	149.161000	153.464000	142.372000	120.734000	92.446300	74.793700	0.642000	0.000000	0.711619	0.000000	0.759099	0.000000	0.690341	0.000000	0.630243	0.000000	0.545202	0.000000	0.514842	0.000000	0.519670	0.012300	0.456104	0.101200	0.424099	0.195200	129.100000	157.906000	149.095000	151.008000	152.056000	174.542000	172.739000	178.268000	180.671000	180.929000	159.112000	154.883000	0.501620	0.296800	0.412176	0.334500	0.559270	0.352300	0.598378	0.283500	0.539998	0.419300	0.567582	0.231200	0.689155	0.003100	0.889756	0.000000	0.889341	0.000000	0.857528	0.000000	0.944197	0.000000	0.929211	0.000000	0.891851	0.000000	0.823381	0.000000	0.702516	1.220690	0.704639	1.337450	16.556800	0.650078	0.000000	2.394930	0.356378	0.000000	447.012000	0.000000	0.000000	2003.250000	100.727000	114.754000	2.549730	18.668900	10.635700	3.826790	3.752250	1.528370	1.892830	2.964450	
   67	139.100000	135.200000	132.000000	130.380000	133.480000	137.500000	142.600000	147.800000	156.110000	147.800000	144.060000	141.000000	139.100000	138.700000	138.700000	140.500000	140.500000	148.850000	162.070000	154.840000	153.250000	149.730000	144.360000	140.260000	13.560000	212.847000	256.976000	266.477000	292.921000	299.134000	180.115000	183.660000	201.722000	359.684000	106.570000	63.159000	4.731660	11.973400	8.715620	5.179770	70.112400	13.254000	4.611350	133.282000	0.000000	35.746800	164.560000	228.194000	129.100000	110.004000	95.036500	95.304300	89.921600	88.967500	107.100000	144.069000	165.909000	150.310000	158.159000	128.442000	113.533000	100.049000	98.727400	110.816000	118.419000	141.109000	167.158000	168.228000	156.315000	126.335000	122.564000	103.560000	115.000000	124.471000	128.320000	108.620000	89.615200	81.800200	131.220000	156.272000	165.494000	155.746000	155.702000	119.386000	127.317000	109.059000	100.616000	106.596000	112.813000	148.635000	138.468000	160.724000	142.380000	125.461000	87.263300	74.421900	0.642000	0.000000	0.743907	0.000000	0.770755	0.000000	0.745692	0.000000	0.661280	0.000000	0.598436	0.000000	0.579867	0.000000	0.564134	0.007100	0.543310	0.087400	0.512880	0.250700	129.100000	159.700000	145.781000	159.418000	166.767000	189.160000	195.744000	177.145000	198.597000	183.425000	154.060000	136.322000	0.591430	0.376100	0.499897	0.334100	0.590688	0.414000	0.561204	0.365900	0.625047	0.352000	0.616494	0.152200	0.681512	0.005200	0.700753	0.000000	0.866652	0.000000	0.745779	0.000000	0.756408	0.000000	0.766861	0.000000	0.758484	0.000000	0.718527	0.000000	0.702516	1.679140	1.296250	1.393440	16.712400	0.000000	0.000000	2.817190	0.000000	0.762115	440.759000	6.077500	0.000000	1915.750000	79.716600	109.432000	3.828510	19.746600	0.000000	4.395240	3.955690	1.641570	1.969580	2.950760	
   68	139.100000	135.200000	132.000000	130.380000	133.480000	137.500000	142.600000	147.800000	156.110000	147.800000	144.060000	141.000000	139.100000	138.700000	138.700000	140.500000	140.500000	148.850000	162.070000	154.840000	153.250000	149.730000	144.360000	140.260000	13.560000	208.358000	248.512000	261.153000	280.123000	289.559000	174.361000	171.019000	196.789000	334.634000	82.027700	30.789000	0.000000	0.000000	0.000000	0.000000	52.729300	0.000000	23.686800	131.581000	6.882080	37.134000	166.817000	218.595000	129.100000	121.929000	118.005000	113.410000	107.798000	108.544000	139.513000	166.378000	187.428000	168.575000	158.205000	133.975000	119.762000	111.150000	108.550000	115.870000	133.904000	162.964000	180.538000	166.688000	163.645000	148.348000	116.524000	98.895400	115.000000	141.858000	150.818000	146.384000	127.182000	114.530000	148.282000	166.906000	175.079000	167.887000	152.192000	140.436000	135.737000	129.767000	122.268000	124.034000	136.340000	156.216000	165.111000	166.580000	157.960000	129.529000	84.133700	76.364100	0.642000	0.000000	0.623721	0.000000	0.647676	0.000000	0.612684	0.000000	0.553542	0.000000	0.479166	0.000000	0.440389	0.000000	0.438639	0.011000	0.442202	0.089100	0.422762	0.255500	129.100000	195.359000	196.671000	202.398000	187.579000	205.608000	195.324000	179.019000	186.602000	191.998000	161.731000	145.063000	0.413160	0.255400	0.436889	0.324800	0.465542	0.440200	0.501699	0.356300	0.551397	0.137000	0.621424	0.047300	0.702536	0.003600	0.749404	0.000000	0.752872	0.000000	0.738642	0.000000	0.710596	0.000000	0.681970	0.000000	1.006030	0.000000	1.026220	0.000000	0.702516	1.387480	1.047990	1.976560	17.198300	0.030438	0.000000	2.512780	0.583695	0.000000	432.488000	12.070900	18.626800	1777.710000	79.699500	119.008000	0.000000	20.760400	0.000000	4.624590	4.040160	1.746390	1.878320	2.986870	
   69	139.100000	135.200000	132.000000	130.380000	133.480000	137.500000	142.600000	147.800000	156.110000	147.800000	144.060000	141.000000	139.100000	138.700000	138.700000	140.500000	140.500000	148.850000	162.070000	154.840000	153.250000	149.730000	144.360000	140.260000	13.560000	205.212000	245.872000	260.976000	282.409000	302.142000	186.193000	174.309000	177.896000	350.817000	114.510000	53.740700	9.897810	18.191000	13.081700	2.882110	82.445400	21.679800	34.436600	152.755000	0.245896	41.928000	168.347000	221.976000	129.100000	106.725000	97.483600	92.214600	90.478900	93.970100	116.422000	143.880000	174.126000	156.492000	150.025000	122.965000	113.024000	93.337200	89.633900	102.143000	116.265000	137.500000	169.339000	167.859000	156.678000	138.196000	115.176000	101.306000	115.000000	132.228000	138.346000	125.079000	108.538000	93.843000	133.485000	175.095000	185.060000	160.316000	132.867000	122.684000	121.610000	120.255000	116.398000	117.801000	124.959000	137.123000	149.161000	153.464000	142.372000	120.734000	92.446300	74.793700	0.642000	0.000000	0.711619	0.000000	0.759099	0.000000	0.690341	0.000000	0.630243	0.000000	0.545202	0.000000	0.514842	0.000000	0.519670	0.012300	0.456104	0.101200	0.424099	0.195200	129.100000	157.906000	149.095000	151.008000	152.056000	174.542000	172.739000	178.268000	180.671000	180.929000	159.112000	154.883000	0.501620	0.296800	0.412176	0.334500	0.559270	0.352300	0.598378	0.283500	0.539998	0.419300	0.567582	0.231200	0.616062	0.004000	0.563667	0.000000	0.585464	0.000000	0.644832	0.000000	0.631810	0.000000	0.632095	0.000000	0.625611	0.000000	0.627174	0.000000	0.702516	0.615858	0.029639	1.804200	17.512900	0.000000	0.000000	2.243650	0.516068	0.000000	451.728000	2.925860	0.000000	1834.440000	70.439200	91.028400	26.522400	20.007900	1.791630	3.956700	3.558230	1.745160	2.227750	3.130010	
   70	139.100000	135.200000	132.000000	130.380000	133.480000	137.500000	142.600000	147.800000	156.110000	147.800000	144.060000	141.000000	139.100000	138.700000	138.700000	140.500000	140.500000	148.850000	162.070000	154.840000	153.250000	149.730000	144.360000	140.260000	13.560000	208.358000	248.512000	261.153000	280.123000	289.559000	174.361000	171.019000	196.789000	334.634000	82.027700	30.789000	0.000000	0.000000	0.000000	0.000000	52.729300	0.000000	23.686800	131.581000	6.882080	37.134000	166.817000	218.595000	129.100000	99.449600	93.159100	84.592200	76.271100	84.764300	104.937000	132.914000	167.790000	146.700000	142.242000	111.905000	88.524700	84.327200	83.871600	93.254600	113.650000	138.144000	174.340000	156.077000	171.359000	163.153000	136.624000	122.134000	115.000000	135.388000	137.020000	126.857000	107.642000	84.990800	130.376000	154.125000	158.304000	137.510000	146.680000	144.169000	128.123000	120.919000	105.909000	101.270000	113.980000	134.229000	153.711000	144.112000	144.856000	125.328000	93.991300	87.307700	0.642000	0.000000	0.757189	0.000000	0.781594	0.000000	0.730839	0.000000	0.671074	0.000000	0.602499	0.000000	0.531242	0.000000	0.483397	0.008000	0.681918	0.048000	0.680118	0.089400	129.100000	166.672000	152.660000	164.114000	168.162000	182.529000	166.903000	185.886000	202.283000	194.599000	159.994000	149.549000	0.666347	0.134200	0.677932	0.266400	0.681406	0.206300	0.676284	0.369200	0.681471	0.249600	0.726823	0.133800	0.796100	0.007400	0.813343	0.000000	0.850629	0.000000	0.876845	0.000000	0.883509	0.000000	0.866648	0.000000	0.828381	0.000000	0.764431	0.000000	0.702516	1.108990	0.405117	1.716210	17.206000	0.000000	0.000000	2.273200	0.345952	0.000000	458.270000	1.425710	0.000000	1908.670000	95.742400	119.728000	0.000000	20.415200	0.000000	4.303780	3.712650	1.503190	1.936420	2.700830	
   71	139.100000	135.200000	132.000000	130.380000	133.480000	137.500000	142.600000	147.800000	156.110000	147.800000	144.060000	141.000000	139.100000	138.700000	138.700000	140.500000	140.500000	148.850000	162.070000	154.840000	153.250000	149.730000	144.360000	140.260000	13.560000	204.850000	245.821000	265.750000	285.267000	297.894000	183.990000	183.846000	201.272000	349.447000	112.546000	61.910400	4.326850	12.812000	8.402990	1.344730	68.410700	0.000000	5.094680	148.305000	25.363800	30.673200	168.983000	211.706000	129.100000	99.449600	93.159100	84.592200	76.271100	84.764300	104.937000	132.914000	165.406000	158.875000	164.989000	131.451000	119.380000	111.319000	97.864800	107.024000	113.232000	134.183000	165.541000	153.753000	151.989000	136.774000	121.880000	108.862000	115.000000	129.906000	138.913000	121.293000	99.144900	88.565800	140.151000	154.554000	172.281000	160.121000	139.167000	119.973000	127.472000	114.654000	104.208000	108.636000	116.445000	142.108000	149.765000	155.395000	145.590000	138.217000	89.238400	85.346800	0.642000	0.000000	0.722282	0.000000	0.744605	0.000000	0.714832	0.000000	0.646430	0.000000	0.588275	0.000000	0.531460	0.000000	0.509135	0.013100	0.509354	0.089700	0.496271	0.197100	129.100000	146.533000	137.074000	149.791000	221.571000	247.064000	221.863000	205.696000	219.463000	217.961000	200.170000	183.059000	0.490109	0.330300	0.477702	0.243700	0.512362	0.175200	0.539540	0.247400	0.575336	0.276200	0.629582	0.140600	0.694148	0.006100	0.736915	0.000000	0.783868	0.000000	0.794015	0.000000	0.765381	0.000000	0.771119	0.000000	0.771821	0.000000	0.794876	0.000000	0.702516	0.316296	0.000000	1.748510	17.475700	0.017726	0.000000	2.359990	0.000000	0.010576	473.800000	0.061650	0.238031	1946.280000	67.454100	110.767000	4.887150	17.156400	0.000000	4.545030	3.272270	1.820860	1.895860	3.057410	
   72	139.100000	135.200000	132.000000	130.380000	133.480000	137.500000	142.600000	147.800000	156.110000	147.800000	144.060000	141.000000	139.100000	138.700000	138.700000	140.500000	140.500000	148.850000	162.070000	154.840000	153.250000	149.730000	144.360000	140.260000	13.560000	209.713000	256.976000	266.477000	292.921000	299.134000	180.115000	183.660000	179.958000	330.366000	117.609000	48.017800	7.641850	21.402000	11.262300	3.819990	58.675900	0.000000	25.623000	123.150000	8.178850	47.787900	173.423000	217.824000	129.100000	114.850000	109.223000	104.239000	97.594500	97.697800	117.317000	155.304000	170.735000	162.669000	165.585000	138.744000	122.814000	113.923000	109.353000	123.076000	138.582000	148.253000	169.317000	172.816000	148.023000	146.053000	119.281000	99.070600	115.000000	142.626000	144.889000	137.504000	117.278000	111.382000	145.820000	163.037000	176.974000	165.106000	137.799000	136.344000	138.872000	132.942000	126.381000	131.440000	141.446000	155.164000	158.778000	180.385000	146.610000	129.844000	96.659300	80.676400	0.642000	0.000000	0.712642	0.000000	0.770755	0.000000	0.754973	0.000000	0.702211	0.000000	0.636000	0.000000	0.590575	0.000000	0.564477	0.014700	0.554276	0.135300	0.575068	0.177600	129.100000	130.257000	126.998000	131.668000	131.615000	151.415000	221.863000	205.696000	219.463000	217.961000	200.170000	183.059000	0.583745	0.373500	0.609084	0.344200	0.634722	0.368900	0.679270	0.504900	0.742430	0.254200	0.803683	0.117000	0.847892	0.007100	0.868461	0.000000	0.867347	0.000000	0.840310	0.000000	0.814438	0.000000	0.793074	0.000000	0.762594	0.000000	0.708109	0.000000	0.702516	1.356430	0.610840	1.549640	17.096100	0.000000	0.000000	2.364020	0.268828	0.000000	451.013000	5.744390	0.000000	1864.310000	92.824300	109.275000	0.000000	21.202500	0.000000	4.325280	3.793390	1.531830	1.885650	2.860070	
   73	139.100000	135.200000	132.000000	130.380000	133.480000	137.500000	142.600000	147.800000	156.110000	147.800000	144.060000	141.000000	139.100000	138.700000	138.700000	140.500000	140.500000	148.850000	162.070000	154.840000	153.250000	149.730000	144.360000	140.260000	13.560000	205.212000	245.872000	260.976000	282.409000	302.142000	186.193000	174.309000	177.896000	350.817000	114.510000	53.740700	9.897810	18.191000	13.081700	2.882110	82.445400	21.679800	34.436600	152.755000	0.245896	41.928000	168.347000	221.976000	129.100000	106.725000	97.483600	92.214600	90.478900	93.970100	116.422000	143.880000	174.126000	156.492000	150.025000	122.965000	113.024000	93.337200	89.633900	102.143000	116.265000	137.500000	169.339000	167.859000	156.678000	138.196000	115.176000	101.306000	115.000000	132.228000	138.346000	125.079000	108.538000	93.843000	133.485000	175.095000	185.060000	160.316000	132.867000	122.684000	121.610000	120.255000	116.398000	117.801000	124.959000	137.123000	149.161000	153.464000	142.372000	120.734000	92.446300	74.793700	0.642000	0.000000	0.711619	0.000000	0.759099	0.000000	0.690341	0.000000	0.630243	0.000000	0.545202	0.000000	0.514842	0.000000	0.519670	0.012300	0.456104	0.101200	0.424099	0.195200	129.100000	157.906000	149.095000	151.008000	152.056000	174.542000	172.739000	178.268000	180.671000	180.929000	159.112000	154.883000	0.501620	0.296800	0.412176	0.334500	0.559270	0.352300	0.598378	0.283500	0.539998	0.419300	0.567582	0.231200	0.689155	0.003100	0.889756	0.000000	0.889341	0.000000	0.857528	0.000000	0.944197	0.000000	0.929211	0.000000	0.891851	0.000000	0.823381	0.000000	0.702516	1.220690	0.704639	1.337450	16.556800	0.650078	0.000000	2.394930	0.356378	0.000000	447.012000	0.000000	0.000000	2003.250000	100.727000	114.754000	2.549730	18.668900	10.635700	3.826790	3.752250	1.528370	1.892830	2.964450	
   74	139.100000	135.200000	132.000000	130.380000	133.480000	137.500000	142.600000	147.800000	156.110000	147.800000	144.060000	141.000000	139.100000	138.700000	138.700000	140.500000	140.500000	148.850000	162.070000	154.840000	153.250000	149.730000	144.360000	140.260000	13.560000	209.671000	255.558000	271.349000	291.484000	283.816000	178.085000	182.577000	186.105000	335.997000	118.134000	58.984300	7.958430	10.665500	5.250780	0.000000	56.714300	14.758700	36.747000	151.872000	11.509500	41.258500	163.477000	214.672000	129.100000	113.772000	109.500000	97.947200	92.343400	86.504400	105.356000	140.370000	162.800000	156.106000	161.475000	123.337000	110.424000	103.289000	100.605000	116.302000	126.089000	149.457000	173.207000	162.950000	152.031000	144.200000	118.086000	105.675000	115.000000	135.665000	131.515000	120.170000	106.918000	97.431100	142.800000	170.845000	179.056000	165.960000	149.463000	124.756000	123.711000	115.839000	109.074000	112.674000	114.576000	135.501000	146.124000	156.458000	145.946000	125.246000	91.689400	84.133900	0.642000	0.000000	0.721648	0.000000	0.748745	0.000000	0.696745	0.000000	0.688011	0.000000	0.612105	0.000000	0.559983	0.000000	0.530173	0.014600	0.516302	0.117500	0.495867	0.158500	129.100000	153.258000	148.705000	162.891000	170.516000	203.172000	191.168000	182.112000	181.395000	194.306000	168.026000	153.087000	0.649367	0.561500	0.463190	0.290900	0.471879	0.282600	0.563414	0.444500	0.555065	0.459900	0.631473	0.127700	0.745403	0.005200	0.804977	0.000000	0.871623	0.000000	0.858105	0.000000	0.849847	0.000000	0.837649	0.000000	0.831425	0.000000	0.786430	0.000000	0.702516	0.808898	0.870223	1.721170	16.933200	0.028521	0.000000	2.354020	0.424472	0.585081	462.095000	0.000000	0.000000	1997.480000	91.871200	112.647000	3.049050	18.616600	0.000000	3.782480	3.812370	1.636770	1.979030	3.034170	
   75	139.100000	135.200000	132.000000	130.380000	133.480000	137.500000	142.600000	147.800000	156.110000	147.800000	144.060000	141.000000	139.100000	138.700000	138.700000	140.500000	140.500000	148.850000	162.070000	154.840000	153.250000	149.730000	144.360000	140.260000	13.560000	193.562000	250.890000	261.521000	283.387000	288.977000	177.688000	180.917000	198.956000	339.539000	121.335000	47.955300	0.000000	0.000000	0.000000	0.000000	41.315700	0.000000	16.219900	173.979000	0.000000	35.300400	170.600000	212.340000	129.100000	105.199000	98.807100	95.503400	94.643900	97.056900	118.096000	153.985000	175.303000	161.860000	146.692000	117.903000	103.476000	88.575100	82.166000	102.610000	100.465000	139.904000	155.377000	156.263000	140.300000	129.028000	108.006000	98.297700	115.000000	136.333000	146.478000	136.476000	114.346000	101.335000	140.394000	179.721000	179.198000	158.724000	137.028000	118.505000	113.153000	103.699000	91.159900	98.311900	105.222000	122.810000	157.862000	179.211000	151.393000	129.266000	90.067100	87.587300	0.642000	0.000000	0.709906	0.000000	0.719750	0.000000	0.650452	0.000000	0.702839	0.000000	0.642493	0.000000	0.607854	0.000000	0.610176	0.006600	0.616291	0.084400	0.608440	0.231000	129.100000	189.072000	182.386000	189.430000	195.338000	227.249000	214.448000	199.468000	187.380000	174.210000	155.123000	153.312000	0.585248	0.308100	0.555024	0.334900	0.553740	0.228900	0.587683	0.147900	0.637472	0.169400	0.702138	0.053600	0.769333	0.003000	0.802126	0.000000	0.809858	0.000000	0.813900	0.000000	0.782420	0.000000	0.733808	0.000000	0.674467	0.000000	0.615207	0.000000	0.702516	1.043670	0.584192	2.133650	16.295500	0.000000	0.000000	2.336040	0.337867	0.000000	459.957000	0.572090	0.000000	2011.010000	107.135000	122.868000	0.000000	18.008600	7.393240	3.597790	3.881210	1.521280	1.751800	2.844310	
   76	139.100000	135.200000	132.000000	130.380000	133.480000	137.500000	142.600000	147.800000	156.110000	147.800000	144.060000	141.000000	139.100000	138.700000	138.700000	140.500000	140.500000	148.850000	162.070000	154.840000	153.250000	149.730000	144.360000	140.260000	13.560000	209.713000	256.976000	266.477000	292.921000	299.134000	180.115000	183.660000	201.722000	359.684000	106.570000	63.159000	4.731660	11.973400	8.715620	1.461890	93.235400	0.000000	0.000000	126.367000	6.693680	37.071300	168.292000	211.721000	129.100000	111.649000	106.600000	93.884700	87.259700	89.967200	101.119000	137.553000	191.694000	170.842000	151.048000	112.848000	103.710000	98.430200	94.605300	116.438000	132.770000	150.755000	166.206000	155.872000	152.913000	133.225000	117.320000	126.533000	115.000000	133.503000	137.510000	125.132000	106.706000	101.431000	140.802000	154.623000	183.641000	161.141000	144.297000	133.980000	131.857000	131.485000	126.678000	138.546000	135.967000	148.159000	154.521000	165.213000	154.942000	115.284000	98.147000	108.342000	0.642000	0.000000	0.666075	0.000000	0.711346	0.000000	0.677337	0.000000	0.634637	0.000000	0.581048	0.000000	0.530384	0.000000	0.520055	0.005100	0.566247	0.082700	0.606390	0.229300	129.100000	143.449000	120.686000	145.713000	150.445000	176.615000	181.563000	174.423000	166.550000	211.155000	185.261000	168.366000	0.616351	0.603700	0.605581	0.148200	0.627196	0.126500	0.638808	0.152400	0.637565	0.095900	0.645256	0.032100	0.684013	0.002200	0.748053	0.000000	0.727583	0.000000	0.620456	0.000000	0.526200	0.000000	0.522062	0.000000	0.532947	0.000000	0.524547	0.000000	0.702516	1.155360	0.438721	2.824190	19.415300	0.210516	0.000000	2.688250	0.438124	1.517200	449.239000	0.000000	0.000000	1800.660000	55.554000	115.344000	5.049130	18.866200	14.461900	4.304200	4.035260	1.789030	2.284500	3.392650	
   77	139.100000	135.200000	132.000000	130.380000	133.480000	137.500000	142.600000	147.800000	156.110000	147.800000	144.060000	141.000000	139.100000	138.700000	138.700000	140.500000	140.500000	148.850000	162.070000	154.840000	153.250000	149.730000	144.360000	140.260000	13.560000	208.358000	248.512000	261.153000	280.123000	289.559000	174.361000	171.019000	196.789000	334.634000	82.027700	30.789000	0.000000	0.000000	0.000000	0.000000	52.729300	0.000000	23.686800	131.581000	6.882080	37.134000	166.817000	218.595000	129.100000	117.050000	110.633000	101.307000	98.506300	93.081200	111.465000	133.929000	158.790000	159.431000	133.198000	117.903000	103.476000	88.575100	82.166000	102.610000	115.826000	135.103000	183.538000	166.364000	160.568000	147.207000	120.506000	116.074000	115.000000	134.742000	128.795000	122.032000	96.898700	95.661700	133.891000	159.047000	159.682000	145.885000	123.929000	125.817000	133.827000	115.582000	98.089700	98.240000	111.920000	138.391000	155.570000	175.971000	177.857000	128.271000	94.630600	94.130900	0.642000	0.000000	0.745076	0.000000	0.791205	0.000000	0.765575	0.000000	0.683202	0.000000	0.603590	0.000000	0.556990	0.000000	0.537890	0.012200	0.554653	0.100200	0.564237	0.358500	129.100000	119.736000	117.511000	130.882000	133.283000	164.272000	171.806000	170.860000	207.961000	196.980000	163.043000	154.456000	0.587960	0.208300	0.136166	0.479500	0.161200	0.607000	0.212478	0.726600	0.300805	0.468600	0.423421	0.154100	0.563397	0.005800	0.651878	0.000000	0.690891	0.000000	0.688873	0.000000	0.636089	0.000000	0.594278	0.000000	0.560410	0.000000	0.492795	0.000000	0.702516	1.639940	0.697506	1.226080	16.454400	0.827960	0.000000	2.069450	0.726258	0.000000	437.906000	0.000000	0.000000	1986.900000	92.872700	105.147000	5.810340	16.053200	0.000000	3.986430	3.804650	1.489560	1.878880	2.764990	
   78	139.100000	135.200000	132.000000	130.380000	133.480000	137.500000	142.600000	147.800000	156.110000	147.800000	144.060000	141.000000	139.100000	138.700000	138.700000	140.500000	140.500000	148.850000	162.070000	154.840000	153.250000	149.730000	144.360000	140.260000	13.560000	204.894000	255.442000	267.099000	285.794000	297.403000	183.426000	189.417000	228.075000	347.084000	79.985300	60.364800	2.926160	10.104800	5.534670	5.384950	60.054400	0.000000	4.670050	132.078000	0.000000	38.096300	158.311000	208.517000	129.100000	103.369000	99.644600	96.392300	93.240600	88.497000	100.518000	125.273000	152.520000	112.646000	114.859000	88.605500	79.597200	73.017000	72.392600	90.787600	106.042000	138.640000	168.124000	170.595000	150.856000	146.965000	125.490000	115.860000	115.000000	107.974000	105.388000	101.276000	75.385000	71.561500	123.167000	139.316000	147.891000	132.057000	102.342000	86.724100	91.895600	77.698300	67.018200	73.889100	104.983000	141.140000	158.145000	167.463000	162.262000	134.099000	103.095000	94.922600	0.642000	0.000000	0.710356	0.000000	0.780599	0.000000	0.754757	0.000000	0.694724	0.000000	0.619180	0.000000	0.604734	0.000000	0.613542	0.022800	0.585548	0.241500	0.527635	0.260000	129.100000	164.915000	162.482000	178.547000	186.661000	213.861000	184.856000	185.813000	198.121000	192.920000	169.272000	159.092000	0.458087	0.252500	0.413081	0.221000	0.388645	0.340500	0.391361	0.216400	0.425791	0.274000	0.482207	0.131900	0.464378	0.010300	0.525034	0.000000	0.589984	0.000000	0.596054	0.000000	0.576745	0.000000	0.574613	0.000000	0.597473	0.000000	0.626429	0.000000	0.702516	1.299570	0.512131	1.858970	17.884700	1.015660	0.454473	3.187230	0.000000	0.000000	461.200000	0.000000	0.000000	2000.940000	94.525300	115.462000	0.000000	18.021100	8.234160	3.654840	3.876110	1.585490	1.953170	3.016670	
   79	139.100000	135.200000	132.000000	130.380000	133.480000	137.500000	142.600000	147.800000	156.110000	147.800000	144.060000	141.000000	139.100000	138.700000	138.700000	140.500000	140.500000	148.850000	162.070000	154.840000	153.250000	149.730000	144.360000	140.260000	13.560000	209.713000	256.976000	266.477000	292.921000	299.134000	180.115000	183.660000	179.958000	330.366000	117.609000	48.017800	7.641850	21.402000	11.262300	3.819990	58.675900	0.000000	25.623000	123.150000	8.178850	47.787900	173.423000	217.824000	129.100000	108.297000	107.228000	96.417600	96.024600	89.479100	100.274000	136.182000	168.341000	173.392000	171.760000	140.435000	130.798000	121.985000	123.512000	142.720000	148.242000	161.352000	189.623000	173.054000	148.267000	151.510000	121.947000	103.918000	115.000000	110.694000	119.208000	103.437000	87.005600	76.924200	112.833000	129.681000	159.219000	146.338000	141.117000	130.482000	119.032000	109.451000	100.074000	111.815000	117.692000	133.500000	148.770000	163.554000	137.484000	112.076000	76.244000	90.898800	0.642000	0.000000	0.667041	0.000000	0.666045	0.000000	0.584024	0.000000	0.513363	0.000000	0.457513	0.000000	0.429618	0.000000	0.423010	0.026200	0.416000	0.159400	0.452963	0.146500	129.100000	163.969000	125.617000	144.559000	173.654000	210.710000	204.304000	209.230000	226.610000	191.488000	183.318000	165.181000	0.518032	0.187700	0.542930	0.300300	0.525059	0.223200	0.506921	0.338000	0.505234	0.419700	0.509694	0.202500	0.542495	0.009600	0.617406	0.000000	0.673945	0.000000	0.696678	0.000000	0.688514	0.000000	0.663589	0.000000	0.629957	0.000000	0.469683	0.000000	0.702516	1.481040	0.415642	2.309010	18.554400	0.000000	0.000000	2.194430	0.321528	0.978850	455.720000	40.365500	0.000000	3934.410000	13.293400	83.626400	16.682300	19.954100	0.000000	4.336110	3.936380	1.556930	2.086240	2.978300	
   80	139.100000	135.200000	132.000000	130.380000	133.480000	137.500000	142.600000	147.800000	156.110000	147.800000	144.060000	141.000000	139.100000	138.700000	138.700000	140.500000	140.500000	148.850000	162.070000	154.840000	153.250000	149.730000	144.360000	140.260000	13.560000	193.562000	250.890000	261.521000	283.387000	288.977000	177.688000	180.917000	198.956000	339.539000	121.335000	47.955300	0.000000	0.000000	0.000000	0.000000	41.315700	0.000000	16.219900	173.979000	0.000000	35.300400	170.600000	212.340000	129.100000	105.199000	98.807100	95.503400	94.643900	97.056900	118.096000	153.985000	175.303000	161.860000	146.692000	117.903000	103.476000	88.575100	82.166000	102.610000	100.465000	139.904000	155.377000	156.263000	140.300000	129.028000	108.006000	98.297700	115.000000	136.333000	146.478000	136.476000	114.346000	101.335000	140.394000	179.721000	179.198000	158.724000	137.028000	118.505000	113.153000	103.699000	91.159900	98.311900	105.222000	122.810000	157.862000	179.211000	151.393000	129.266000	90.067100	87.587300	0.642000	0.000000	0.721454	0.000000	0.798473	0.000000	0.735676	0.000000	0.688011	0.000000	0.612105	0.000000	0.539966	0.000000	0.526579	0.015800	0.557172	0.074100	0.592365	0.169400	129.100000	161.017000	159.074000	167.903000	175.780000	202.612000	184.095000	184.050000	178.925000	182.086000	157.668000	142.899000	0.585248	0.237500	0.555024	0.258400	0.553740	0.280300	0.587683	0.353000	0.637472	0.293400	0.702138	0.134500	0.760940	0.006500	0.817965	0.000000	0.846443	0.000000	0.838631	0.000000	0.843972	0.000000	0.856184	0.000000	0.845920	0.000000	0.789269	0.000000	0.702516	1.300320	0.706545	1.560240	17.197100	0.218152	0.000000	2.414830	0.194352	0.168543	427.918000	0.000000	0.000000	1860.620000	167.479000	114.298000	2.310500	38.690000	5.824350	3.555070	3.767140	1.515310	1.903570	3.013670	
   81	139.100000	135.200000	132.000000	130.380000	133.480000	137.500000	142.600000	147.800000	156.110000	147.800000	144.060000	141.000000	139.100000	138.700000	138.700000	140.500000	140.500000	148.850000	162.070000	154.840000	153.250000	149.730000	144.360000	140.260000	13.560000	206.422000	248.749000	265.750000	285.267000	297.894000	183.990000	183.846000	201.272000	349.447000	112.546000	61.910400	4.326850	12.812000	8.402990	1.344730	68.410700	0.000000	5.094680	148.305000	25.363800	30.673200	173.614000	218.228000	129.100000	105.084000	95.522400	89.932800	65.035700	71.576400	97.003100	131.311000	157.696000	139.939000	142.188000	120.215000	108.430000	98.388200	89.567500	103.785000	114.123000	127.738000	166.568000	175.410000	154.738000	138.468000	118.248000	94.608500	115.000000	129.931000	127.430000	121.293000	99.144900	88.565800	140.151000	154.554000	172.281000	160.121000	139.167000	119.973000	127.472000	114.654000	104.208000	108.636000	116.445000	142.108000	149.765000	155.395000	145.590000	138.217000	70.306400	66.230700	0.642000	0.000000	0.719432	0.000000	0.739276	0.000000	0.693808	0.000000	0.665223	0.000000	0.588275	0.000000	0.531460	0.000000	0.520762	0.013600	0.513465	0.185800	0.496271	0.166400	129.100000	147.860000	143.773000	156.849000	188.032000	205.127000	176.626000	206.522000	202.809000	200.063000	167.619000	171.220000	0.490109	0.575700	0.555660	0.338800	0.536551	0.430200	0.546432	0.528800	0.626733	0.265900	0.655909	0.086600	0.636816	0.007600	0.699123	0.000000	0.762844	0.000000	0.782977	0.000000	0.786984	0.000000	0.782753	0.000000	0.755041	0.000000	0.649634	0.000000	0.702516	1.290550	0.674684	1.753690	17.386500	0.157044	0.000000	2.337350	0.408062	0.000000	442.149000	1.918030	0.000000	1788.820000	134.736000	107.131000	9.180090	15.001500	1.416020	3.829200	3.530180	1.423550	1.929450	3.110590	
   82	139.100000	135.200000	132.000000	130.380000	133.480000	137.500000	142.600000	147.800000	156.110000	147.800000	144.060000	141.000000	139.100000	138.700000	138.700000	140.500000	140.500000	148.850000	162.070000	154.840000	153.250000	149.730000	144.360000	140.260000	13.560000	209.713000	256.976000	266.477000	292.921000	299.134000	180.115000	183.660000	201.722000	359.684000	106.570000	63.159000	4.731660	11.973400	8.715620	1.461890	93.235400	0.000000	0.000000	126.367000	6.693680	37.071300	168.292000	211.721000	129.100000	111.649000	106.600000	93.884700	87.259700	89.967200	101.119000	137.553000	191.694000	170.842000	151.048000	112.848000	103.710000	98.430200	94.605300	116.438000	132.770000	150.755000	166.206000	155.872000	152.913000	133.225000	117.320000	126.533000	115.000000	133.503000	137.510000	125.132000	106.706000	101.431000	140.802000	154.623000	183.641000	161.141000	144.297000	133.980000	131.857000	131.485000	126.678000	138.546000	135.967000	148.159000	154.521000	165.213000	154.942000	115.284000	98.147000	108.342000	0.642000	0.000000	0.701678	0.000000	0.749178	0.000000	0.749143	0.000000	0.702211	0.000000	0.636000	0.000000	0.590575	0.000000	0.564477	0.010300	0.543310	0.057700	0.524051	0.251700	129.100000	156.515000	152.814000	159.011000	177.211000	211.367000	205.180000	203.135000	192.924000	181.670000	157.464000	148.136000	0.489925	0.310000	0.515955	0.296600	0.514422	0.325500	0.564932	0.288900	0.639079	0.135500	0.650720	0.089600	0.649853	0.003700	0.710921	0.000000	0.751769	0.000000	0.761994	0.000000	0.743408	0.000000	0.740055	0.000000	0.692073	0.000000	0.877671	0.000000	0.702516	1.234890	0.514361	1.825350	18.061400	0.229192	0.000000	2.406320	0.495050	0.768761	442.937000	0.000000	0.000000	1761.620000	74.264200	123.202000	0.000000	17.867200	17.247000	4.383060	3.795240	1.442020	1.997310	2.869790	
   83	139.100000	135.200000	132.000000	130.380000	133.480000	137.500000	142.600000	147.800000	156.110000	147.800000	144.060000	141.000000	139.100000	138.700000	138.700000	140.500000	140.500000	148.850000	162.070000	154.840000	153.250000	149.730000	144.360000	140.260000	13.560000	209.713000	256.976000	266.477000	292.921000	299.134000	180.115000	183.660000	201.722000	359.684000	106.570000	63.159000	4.731660	11.973400	8.715620	1.461890	93.235400	0.000000	0.000000	126.367000	6.693680	37.071300	168.292000	211.721000	129.100000	111.862000	97.198800	95.321200	86.709200	88.649200	111.818000	144.481000	160.933000	143.974000	154.099000	116.909000	105.166000	97.199300	92.266600	106.822000	119.986000	149.765000	198.566000	177.215000	154.177000	121.270000	117.209000	106.279000	115.000000	130.038000	131.827000	120.719000	102.395000	85.739100	139.334000	157.819000	172.490000	155.442000	150.339000	121.204000	125.293000	113.937000	104.298000	111.769000	116.191000	139.382000	158.321000	167.576000	155.178000	107.416000	99.997700	95.720500	0.642000	0.000000	0.741772	0.000000	0.770359	0.000000	0.710584	0.000000	0.664091	0.000000	0.606803	0.000000	0.577628	0.000000	0.532484	0.009200	0.566116	0.123500	0.508494	0.257300	129.100000	157.906000	155.092000	172.009000	156.496000	175.674000	152.613000	173.679000	186.020000	178.200000	152.827000	148.822000	0.502306	0.384300	0.559281	0.543200	0.569666	0.609900	0.593303	0.926200	0.651829	0.630600	0.723789	0.234100	0.780859	0.009700	0.844124	0.000000	0.880428	0.000000	0.873084	0.000000	0.846561	0.000000	0.820749	0.000000	0.767439	0.000000	0.698418	0.000000	0.702516	1.124490	0.448453	1.201590	17.036800	0.000000	0.000000	2.325100	0.195331	0.000000	445.211000	34.675700	34.685800	1625.940000	76.520600	100.698000	0.000000	19.770100	44.769100	3.958170	4.167720	1.635050	2.210790	3.281250	
   84	139.100000	135.200000	132.000000	130.380000	133.480000	137.500000	142.600000	147.800000	156.110000	147.800000	144.060000	141.000000	139.100000	138.700000	138.700000	140.500000	140.500000	148.850000	162.070000	154.840000	153.250000	149.730000	144.360000	140.260000	13.560000	193.562000	250.890000	261.521000	283.387000	288.977000	177.688000	180.917000	198.956000	339.539000	121.335000	47.955300	0.000000	0.000000	0.000000	0.000000	41.315700	0.000000	16.219900	173.979000	0.000000	35.300400	170.600000	212.340000	129.100000	105.199000	98.807100	95.503400	94.643900	97.056900	118.096000	153.985000	175.303000	161.860000	146.692000	117.903000	103.476000	88.575100	82.166000	102.610000	100.465000	139.904000	155.377000	156.263000	140.300000	129.028000	108.006000	98.297700	115.000000	136.333000	146.478000	136.476000	114.346000	101.335000	140.394000	179.721000	179.198000	158.724000	137.028000	118.505000	113.153000	103.699000	91.159900	98.311900	105.222000	122.810000	157.862000	179.211000	151.393000	129.266000	90.067100	87.587300	0.642000	0.000000	0.721454	0.000000	0.798473	0.000000	0.735676	0.000000	0.688011	0.000000	0.612105	0.000000	0.539966	0.000000	0.526579	0.015800	0.557172	0.074100	0.592365	0.169400	129.100000	161.017000	159.074000	167.903000	175.780000	202.612000	184.095000	184.050000	178.925000	182.086000	157.668000	142.899000	0.585248	0.237500	0.555024	0.258400	0.553740	0.280300	0.587683	0.353000	0.637472	0.293400	0.702138	0.134500	0.767698	0.005000	0.775016	0.000000	0.774046	0.000000	0.764150	0.000000	0.777052	0.000000	0.790178	0.000000	0.772622	0.000000	0.719097	0.000000	0.702516	1.230370	0.574888	0.998427	16.303100	0.000000	0.000000	2.557290	0.561079	0.000000	443.422000	5.458350	0.000000	1888.590000	82.732000	99.209200	10.087500	18.881100	0.000000	3.955670	4.014500	1.477750	1.853090	2.792220	
   85	139.100000	135.200000	132.000000	130.380000	133.480000	137.500000	142.600000	147.800000	156.110000	147.800000	144.060000	141.000000	139.100000	138.700000	138.700000	140.500000	140.500000	148.850000	162.070000	154.840000	153.250000	149.730000	144.360000	140.260000	13.560000	209.713000	256.976000	266.477000	292.921000	299.134000	180.115000	183.660000	179.958000	330.366000	117.609000	48.017800	7.641850	21.402000	11.262300	3.819990	58.675900	0.000000	25.623000	123.150000	8.178850	47.787900	173.423000	217.824000	129.100000	109.726000	93.131800	90.890400	78.814500	78.724100	96.257500	131.959000	155.826000	157.820000	144.681000	112.883000	106.064000	104.715000	106.100000	119.925000	131.555000	144.317000	177.690000	163.717000	157.421000	138.639000	119.361000	110.400000	115.000000	115.272000	118.569000	106.870000	98.727600	80.365700	115.909000	159.168000	171.576000	162.715000	138.143000	125.521000	126.492000	115.123000	104.145000	107.814000	116.781000	131.976000	153.660000	153.508000	136.946000	103.864000	82.296300	79.221500	0.642000	0.000000	0.687438	0.000000	0.716322	0.000000	0.655984	0.000000	0.627008	0.000000	0.559756	0.000000	0.501612	0.000000	0.474571	0.016300	0.479316	0.094400	0.473535	0.094500	129.100000	184.470000	183.434000	190.728000	202.512000	219.808000	152.669000	150.139000	164.433000	179.028000	164.561000	158.279000	0.473428	0.171400	0.485105	0.234100	0.495281	0.213300	0.505427	0.188900	0.523057	0.171200	0.544992	0.065700	0.564270	0.003000	0.584495	0.000000	0.622631	0.000000	0.610704	0.000000	0.572628	0.000000	0.549269	0.000000	0.516469	0.000000	0.464251	0.000000	0.702516	1.276400	0.741267	1.798370	16.394200	0.000000	0.000000	2.461950	0.674293	2.415220	428.453000	0.000000	0.000000	1913.840000	96.307900	98.916600	11.180100	17.607300	0.000000	3.902210	3.772750	1.503610	1.870670	2.937880	
   86	139.100000	135.200000	132.000000	130.380000	133.480000	137.500000	142.600000	147.800000	156.110000	147.800000	144.060000	141.000000	139.100000	138.700000	138.700000	140.500000	140.500000	148.850000	162.070000	154.840000	153.250000	149.730000	144.360000	140.260000	13.560000	193.562000	250.890000	261.521000	283.387000	288.977000	177.688000	180.917000	198.956000	339.539000	121.335000	47.955300	0.000000	0.000000	0.000000	0.000000	41.315700	0.000000	16.219900	173.979000	0.000000	35.300400	170.600000	212.340000	129.100000	105.199000	98.807100	95.503400	94.643900	97.056900	118.096000	153.985000	175.303000	161.860000	146.692000	117.903000	103.476000	88.575100	82.166000	102.610000	100.465000	139.904000	155.377000	156.263000	140.300000	129.028000	108.006000	98.297700	115.000000	136.333000	146.478000	136.476000	114.346000	101.335000	140.394000	179.721000	179.198000	158.724000	137.028000	118.505000	113.153000	103.699000	91.159900	98.311900	105.222000	122.810000	157.862000	179.211000	151.393000	129.266000	90.067100	87.587300	0.642000	0.000000	0.721454	0.000000	0.798473	0.000000	0.735676	0.000000	0.688011	0.000000	0.612105	0.000000	0.539966	0.000000	0.526579	0.015800	0.557172	0.074100	0.592365	0.169400	129.100000	161.017000	159.074000	167.903000	175.780000	202.612000	184.095000	184.050000	178.925000	182.086000	157.668000	142.899000	0.585248	0.237500	0.555024	0.258400	0.553740	0.280300	0.587683	0.353000	0.637472	0.293400	0.702138	0.134500	0.497954	0.004000	0.558094	0.000000	0.632179	0.000000	0.654370	0.000000	0.654696	0.000000	0.640594	0.000000	0.754282	0.000000	0.694700	0.000000	0.702516	1.114600	0.861143	1.659300	18.028800	0.155456	0.116593	2.392250	0.408142	0.168264	459.774000	0.000000	0.000000	1898.270000	65.935300	114.638000	2.723600	2.538420	6.194420	3.721950	3.894950	1.639110	2.193990	2.987490	
   87	139.100000	135.200000	132.000000	130.380000	133.480000	137.500000	142.600000	147.800000	156.110000	147.800000	144.060000	141.000000	139.100000	138.700000	138.700000	140.500000	140.500000	148.850000	162.070000	154.840000	153.250000	149.730000	144.360000	140.260000	13.560000	209.713000	256.976000	266.477000	292.921000	299.134000	180.115000	183.660000	201.722000	359.684000	106.570000	63.159000	4.731660	11.973400	8.715620	1.461890	93.235400	0.000000	0.000000	126.367000	6.693680	37.071300	168.292000	211.721000	129.100000	111.862000	97.198800	95.321200	86.709200	88.649200	111.818000	144.481000	160.933000	143.974000	154.099000	116.909000	105.166000	97.199300	92.266600	106.822000	119.986000	149.765000	198.566000	177.215000	154.177000	121.270000	117.209000	106.279000	115.000000	130.038000	131.827000	120.719000	102.395000	85.739100	139.334000	157.819000	172.490000	155.442000	150.339000	121.204000	125.293000	113.937000	104.298000	111.769000	116.191000	139.382000	158.321000	167.576000	155.178000	107.416000	99.997700	95.720500	0.642000	0.000000	0.741772	0.000000	0.770359	0.000000	0.710584	0.000000	0.664091	0.000000	0.606803	0.000000	0.577628	0.000000	0.532484	0.009200	0.566116	0.123500	0.508494	0.257300	129.100000	157.906000	155.092000	172.009000	156.496000	175.674000	152.613000	173.679000	186.020000	178.200000	152.827000	148.822000	0.502306	0.384300	0.505455	0.202900	0.498426	0.142600	0.538106	0.117300	0.605996	0.104100	0.659366	0.074900	0.690258	0.004800	0.715932	0.000000	0.841144	0.000000	0.872934	0.000000	0.857895	0.000000	0.862615	0.000000	0.847306	0.000000	0.818937	0.000000	0.702516	1.029530	0.409598	0.387721	14.901000	0.742379	0.000000	2.517320	0.000000	4.062650	454.390000	22.034000	14.851500	1723.270000	50.408500	79.292000	32.956800	19.876200	0.000000	4.931570	3.982180	1.524180	2.209290	2.648670	
   88	139.100000	135.200000	132.000000	130.380000	133.480000	137.500000	142.600000	147.800000	156.110000	147.800000	144.060000	141.000000	139.100000	138.700000	138.700000	140.500000	140.500000	148.850000	162.070000	154.840000	153.250000	149.730000	144.360000	140.260000	13.560000	206.422000	248.749000	265.750000	285.267000	297.894000	183.990000	183.846000	201.272000	349.447000	112.546000	61.910400	4.326850	12.812000	8.402990	1.344730	68.410700	0.000000	5.094680	148.305000	25.363800	30.673200	173.614000	218.228000	129.100000	105.084000	95.522400	89.932800	65.035700	71.576400	97.003100	131.311000	157.696000	139.939000	142.188000	120.215000	108.430000	98.388200	89.567500	103.785000	114.123000	127.738000	166.568000	175.410000	154.738000	138.468000	118.248000	94.608500	115.000000	129.931000	127.430000	121.293000	99.144900	88.565800	140.151000	154.554000	172.281000	160.121000	139.167000	119.973000	127.472000	114.654000	104.208000	108.636000	116.445000	142.108000	149.765000	155.395000	145.590000	138.217000	70.306400	66.230700	0.642000	0.000000	0.719432	0.000000	0.739276	0.000000	0.693808	0.000000	0.665223	0.000000	0.588275	0.000000	0.531460	0.000000	0.520762	0.013600	0.513465	0.185800	0.496271	0.166400	129.100000	147.860000	143.773000	156.849000	188.032000	205.127000	176.626000	206.522000	202.809000	200.063000	167.619000	171.220000	0.490109	0.575700	0.555660	0.338800	0.536551	0.430200	0.546432	0.528800	0.626733	0.265900	0.655909	0.086600	0.636816	0.007600	0.699123	0.000000	0.762844	0.000000	0.782977	0.000000	0.786984	0.000000	0.782753	0.000000	0.755041	0.000000	0.649634	0.000000	0.702516	1.290550	0.674684	1.753690	17.386500	0.157044	0.000000	2.337350	0.408062	0.000000	442.149000	1.918030	0.000000	1788.820000	134.736000	107.131000	9.180090	15.001500	1.416020	3.829200	3.530180	1.423550	1.929450	3.110590	
   89	139.100000	135.200000	132.000000	130.380000	133.480000	137.500000	142.600000	147.800000	156.110000	147.800000	144.060000	141.000000	139.100000	138.700000	138.700000	140.500000	140.500000	148.850000	162.070000	154.840000	153.250000	149.730000	144.360000	140.260000	13.560000	205.212000	245.872000	260.976000	282.409000	302.142000	186.193000	174.309000	177.896000	350.817000	114.510000	53.740700	9.897810	18.191000	13.081700	2.882110	82.445400	21.679800	34.436600	152.755000	0.245896	41.928000	168.347000	221.976000	129.100000	106.725000	97.483600	92.214600	90.478900	93.970100	116.422000	143.880000	174.126000	156.492000	150.025000	122.965000	113.024000	93.337200	89.633900	102.143000	116.265000	137.500000	169.339000	167.859000	156.678000	138.196000	115.176000	101.306000	115.000000	132.228000	138.346000	125.079000	108.538000	93.843000	133.485000	175.095000	185.060000	160.316000	132.867000	122.684000	121.610000	120.255000	116.398000	117.801000	124.959000	137.123000	149.161000	153.464000	142.372000	120.734000	92.446300	74.793700	0.642000	0.000000	0.711619	0.000000	0.759099	0.000000	0.690341	0.000000	0.630243	0.000000	0.545202	0.000000	0.514842	0.000000	0.519670	0.012300	0.456104	0.101200	0.424099	0.195200	129.100000	157.906000	149.095000	151.008000	152.056000	174.542000	172.739000	178.268000	180.671000	180.929000	159.112000	154.883000	0.501620	0.296800	0.412176	0.334500	0.559270	0.352300	0.598378	0.283500	0.539998	0.419300	0.567582	0.231200	0.616062	0.004000	0.563667	0.000000	0.585464	0.000000	0.644832	0.000000	0.631810	0.000000	0.632095	0.000000	0.625611	0.000000	0.627174	0.000000	0.702516	0.615858	0.029639	1.804200	17.512900	0.000000	0.000000	2.243650	0.516068	0.000000	451.728000	2.925860	0.000000	1834.440000	70.439200	91.028400	26.522400	20.007900	1.791630	3.956700	3.558230	1.745160	2.227750	3.130010	
   90	139.100000	135.200000	132.000000	130.380000	133.480000	137.500000	142.600000	147.800000	156.110000	147.800000	144.060000	141.000000	139.100000	138.700000	138.700000	140.500000	140.500000	148.850000	162.070000	154.840000	153.250000	149.730000	144.360000	140.260000	13.560000	206.422000	248.749000	265.750000	285.267000	297.894000	183.990000	183.846000	201.272000	349.447000	112.546000	61.910400	4.326850	12.812000	8.402990	1.344730	68.410700	0.000000	5.094680	148.305000	25.363800	30.673200	173.614000	218.228000	129.100000	105.084000	95.522400	89.932800	65.035700	71.576400	97.003100	131.311000	157.696000	139.939000	142.188000	120.215000	108.430000	98.388200	89.567500	103.785000	114.123000	127.738000	166.568000	175.410000	154.738000	138.468000	118.248000	94.608500	115.000000	129.931000	127.430000	121.293000	99.144900	88.565800	140.151000	154.554000	172.281000	160.121000	139.167000	119.973000	127.472000	114.654000	104.208000	108.636000	116.445000	142.108000	149.765000	155.395000	145.590000	138.217000	70.306400	66.230700	0.642000	0.000000	0.719432	0.000000	0.739276	0.000000	0.693808	0.000000	0.665223	0.000000	0.588275	0.000000	0.531460	0.000000	0.520762	0.013600	0.513465	0.185800	0.496271	0.166400	129.100000	147.860000	143.773000	156.849000	188.032000	205.127000	176.626000	206.522000	202.809000	200.063000	167.619000	171.220000	0.490109	0.575700	0.555660	0.338800	0.536551	0.430200	0.546432	0.528800	0.626733	0.265900	0.655909	0.086600	0.636816	0.007600	0.699123	0.000000	0.762844	0.000000	0.782977	0.000000	0.786984	0.000000	0.782753	0.000000	0.755041	0.000000	0.649634	0.000000	0.702516	1.290550	0.674684	1.753690	17.386500	0.157044	0.000000	2.337350	0.408062	0.000000	442.149000	1.918030	0.000000	1788.820000	134.736000	107.131000	9.180090	15.001500	1.416020	3.829200	3.530180	1.423550	1.929450	3.110590	
   91	139.100000	135.200000	132.000000	130.380000	133.480000	137.500000	142.600000	147.800000	156.110000	147.800000	144.060000	141.000000	139.100000	138.700000	138.700000	140.500000	140.500000	148.850000	162.070000	154.840000	153.250000	149.730000	144.360000	140.260000	13.560000	209.713000	256.976000	266.477000	292.921000	299.134000	180.115000	183.660000	179.958000	330.366000	117.609000	48.017800	7.641850	21.402000	11.262300	3.819990	58.675900	0.000000	25.623000	123.150000	8.178850	47.787900	173.423000	217.824000	129.100000	110.266000	100.721000	98.594400	93.902300	92.890600	117.420000	142.433000	165.307000	161.976000	160.569000	132.920000	120.174000	112.526000	110.607000	115.870000	133.904000	162.964000	180.538000	166.688000	163.645000	148.348000	132.367000	113.014000	115.000000	131.839000	129.961000	124.102000	102.926000	94.314700	140.624000	167.269000	181.596000	166.837000	149.204000	144.102000	145.282000	141.859000	131.583000	124.034000	136.340000	156.216000	165.111000	166.580000	157.960000	129.529000	97.853800	86.996200	0.642000	0.000000	0.826008	0.000000	0.859048	0.000000	0.814348	0.000000	0.749456	0.000000	0.643642	0.000000	0.564922	0.000000	0.509048	0.013400	0.454279	0.098200	0.461389	0.212300	129.100000	152.214000	151.241000	157.300000	165.442000	180.239000	171.664000	154.940000	156.993000	196.409000	174.524000	169.203000	0.461931	0.213900	0.467484	0.250800	0.475496	0.218100	0.452402	0.164600	0.400013	0.209300	0.621424	0.055300	0.702536	0.003300	0.749404	0.000000	0.752872	0.000000	0.738642	0.000000	0.710596	0.000000	0.681970	0.000000	0.651947	0.000000	0.604100	0.000000	0.702516	0.947526	0.676881	1.290430	17.197800	2.557710	0.000000	2.355610	0.547177	0.678730	472.658000	5.101760	9.425280	1930.500000	63.883400	119.008000	0.000000	20.760400	0.000000	4.624590	4.040160	1.746390	2.120240	3.061400	
   92	139.100000	135.200000	132.000000	130.380000	133.480000	137.500000	142.600000	147.800000	156.110000	147.800000	144.060000	141.000000	139.100000	138.700000	138.700000	140.500000	140.500000	148.850000	162.070000	154.840000	153.250000	149.730000	144.360000	140.260000	13.560000	206.422000	248.749000	265.750000	285.267000	297.894000	183.990000	183.846000	201.272000	349.447000	112.546000	61.910400	4.326850	12.812000	8.402990	1.344730	68.410700	0.000000	5.094680	148.305000	25.363800	30.673200	173.614000	218.228000	129.100000	105.084000	95.522400	89.932800	65.035700	71.576400	97.003100	131.311000	157.696000	139.939000	142.188000	120.215000	108.430000	98.388200	89.567500	103.785000	114.123000	127.738000	166.568000	175.410000	154.738000	138.468000	118.248000	94.608500	115.000000	129.931000	127.430000	121.293000	99.144900	88.565800	140.151000	154.554000	172.281000	160.121000	139.167000	119.973000	127.472000	114.654000	104.208000	108.636000	116.445000	142.108000	149.765000	155.395000	145.590000	138.217000	70.306400	66.230700	0.642000	0.000000	0.719432	0.000000	0.739276	0.000000	0.693808	0.000000	0.665223	0.000000	0.588275	0.000000	0.531460	0.000000	0.520762	0.013600	0.513465	0.185800	0.496271	0.166400	129.100000	147.860000	143.773000	156.849000	188.032000	205.127000	176.626000	206.522000	202.809000	200.063000	167.619000	171.220000	0.490109	0.575700	0.555660	0.338800	0.536551	0.430200	0.546432	0.528800	0.626733	0.265900	0.655909	0.086600	0.636816	0.007600	0.699123	0.000000	0.762844	0.000000	0.782977	0.000000	0.786984	0.000000	0.782753	0.000000	0.755041	0.000000	0.649634	0.000000	0.702516	1.290550	0.674684	1.753690	17.386500	0.157044	0.000000	2.337350	0.408062	0.000000	442.149000	1.918030	0.000000	1788.820000	134.736000	107.131000	9.180090	15.001500	1.416020	3.829200	3.530180	1.423550	1.929450	3.110590	
   93	139.100000	135.200000	132.000000	130.380000	133.480000	137.500000	142.600000	147.800000	156.110000	147.800000	144.060000	141.000000	139.100000	138.700000	138.700000	140.500000	140.500000	148.850000	162.070000	154.840000	153.250000	149.730000	144.360000	140.260000	13.560000	205.212000	245.872000	260.976000	282.409000	302.142000	186.193000	174.309000	177.896000	350.817000	114.510000	53.740700	9.897810	18.191000	13.081700	2.882110	82.445400	21.679800	34.436600	152.755000	0.245896	41.928000	168.347000	221.976000	129.100000	106.725000	97.483600	92.214600	90.478900	93.970100	116.422000	143.880000	174.126000	156.492000	150.025000	122.965000	113.024000	93.337200	89.633900	102.143000	116.265000	137.500000	169.339000	167.859000	156.678000	138.196000	115.176000	101.306000	115.000000	132.228000	138.346000	125.079000	108.538000	93.843000	133.485000	175.095000	185.060000	160.316000	132.867000	122.684000	121.610000	120.255000	116.398000	117.801000	124.959000	137.123000	149.161000	153.464000	142.372000	120.734000	92.446300	74.793700	0.642000	0.000000	0.711619	0.000000	0.759099	0.000000	0.690341	0.000000	0.630243	0.000000	0.545202	0.000000	0.514842	0.000000	0.519670	0.012300	0.456104	0.101200	0.424099	0.195200	129.100000	157.906000	149.095000	151.008000	152.056000	174.542000	172.739000	178.268000	180.671000	180.929000	159.112000	154.883000	0.501620	0.296800	0.412176	0.334500	0.559270	0.352300	0.598378	0.283500	0.539998	0.419300	0.567582	0.231200	0.616062	0.004000	0.563667	0.000000	0.585464	0.000000	0.644832	0.000000	0.631810	0.000000	0.632095	0.000000	0.625611	0.000000	0.627174	0.000000	0.702516	0.615858	0.029639	1.804200	17.512900	0.000000	0.000000	2.243650	0.516068	0.000000	451.728000	2.925860	0.000000	1834.440000	70.439200	91.028400	26.522400	20.007900	1.791630	3.956700	3.558230	1.745160	2.227750	3.130010	
   94	139.100000	135.200000	132.000000	130.380000	133.480000	137.500000	142.600000	147.800000	156.110000	147.800000	144.060000	141.000000	139.100000	138.700000	138.700000	140.500000	140.500000	148.850000	162.070000	154.840000	153.250000	149.730000	144.360000	140.260000	13.560000	205.212000	245.872000	260.976000	282.409000	302.142000	186.193000	174.309000	177.896000	350.817000	114.510000	53.740700	9.897810	18.191000	13.081700	2.882110	82.445400	21.679800	34.436600	152.755000	0.245896	41.928000	168.347000	221.976000	129.100000	106.725000	97.483600	92.214600	90.478900	93.970100	116.422000	143.880000	174.126000	156.492000	150.025000	122.965000	113.024000	93.337200	89.633900	102.143000	116.265000	137.500000	169.339000	167.859000	156.678000	138.196000	115.176000	101.306000	115.000000	132.228000	138.346000	125.079000	108.538000	93.843000	133.485000	175.095000	185.060000	160.316000	132.867000	122.684000	121.610000	120.255000	116.398000	117.801000	124.959000	137.123000	149.161000	153.464000	142.372000	120.734000	92.446300	74.793700	0.642000	0.000000	0.711619	0.000000	0.759099	0.000000	0.690341	0.000000	0.630243	0.000000	0.545202	0.000000	0.514842	0.000000	0.519670	0.012300	0.456104	0.101200	0.424099	0.195200	129.100000	157.906000	149.095000	151.008000	152.056000	174.542000	172.739000	178.268000	180.671000	180.929000	159.112000	154.883000	0.501620	0.296800	0.412176	0.334500	0.559270	0.352300	0.598378	0.283500	0.539998	0.419300	0.567582	0.231200	0.616062	0.004000	0.563667	0.000000	0.585464	0.000000	0.644832	0.000000	0.631810	0.000000	0.632095	0.000000	0.625611	0.000000	0.627174	0.000000	0.702516	0.615858	0.029639	1.804200	17.512900	0.000000	0.000000	2.243650	0.516068	0.000000	451.728000	2.925860	0.000000	1834.440000	70.439200	91.028400	26.522400	20.007900	1.791630	3.956700	3.558230	1.745160	2.227750	3.130010	
   95	139.100000	135.200000	132.000000	130.380000	133.480000	137.500000	142.600000	147.800000	156.110000	147.800000	144.060000	141.000000	139.100000	138.700000	138.700000	140.500000	140.500000	148.850000	162.070000	154.840000	153.250000	149.730000	144.360000	140.260000	13.560000	209.713000	256.976000	266.477000	292.921000	299.134000	180.115000	183.660000	201.722000	359.684000	106.570000	63.159000	4.731660	11.973400	8.715620	1.461890	93.235400	0.000000	0.000000	126.367000	6.693680	37.071300	168.292000	211.721000	129.100000	111.649000	106.600000	93.884700	87.259700	89.967200	101.119000	137.553000	191.694000	170.842000	151.048000	112.848000	103.710000	98.430200	94.605300	116.438000	132.770000	150.755000	166.206000	155.872000	152.913000	133.225000	117.320000	126.533000	115.000000	133.503000	137.510000	125.132000	106.706000	101.431000	140.802000	154.623000	183.641000	161.141000	144.297000	133.980000	131.857000	131.485000	126.678000	138.546000	135.967000	148.159000	154.521000	165.213000	154.942000	115.284000	98.147000	108.342000	0.642000	0.000000	0.666075	0.000000	0.711346	0.000000	0.677337	0.000000	0.634637	0.000000	0.581048	0.000000	0.530384	0.000000	0.520055	0.005100	0.566247	0.082700	0.606390	0.229300	129.100000	143.449000	120.686000	145.713000	150.445000	176.615000	181.563000	174.423000	166.550000	211.155000	185.261000	168.366000	0.616351	0.603700	0.625313	0.807800	0.648764	0.619100	0.673408	0.408600	0.712846	0.262200	0.740402	0.137400	0.779609	0.007500	0.803248	0.000000	0.804850	0.000000	0.811356	0.000000	0.846367	0.000000	0.848652	0.000000	0.861125	0.000000	0.877671	0.000000	0.702516	0.910461	0.421611	1.688460	17.718100	0.000000	0.000000	2.299740	0.243030	0.000000	432.693000	0.000000	0.000000	1989.220000	127.838000	134.589000	0.000000	27.104100	0.000000	5.265470	5.088240	1.552180	2.095930	2.869790	
   96	139.100000	135.200000	132.000000	130.380000	133.480000	137.500000	142.600000	147.800000	156.110000	147.800000	144.060000	141.000000	139.100000	138.700000	138.700000	140.500000	140.500000	148.850000	162.070000	154.840000	153.250000	149.730000	144.360000	140.260000	13.560000	211.701000	250.431000	265.883000	280.236000	288.809000	178.879000	184.680000	229.751000	337.719000	116.362000	60.364800	2.926160	10.104800	5.534670	5.384950	60.054400	0.000000	4.670050	132.078000	0.000000	38.096300	158.311000	208.517000	129.100000	113.004000	105.196000	97.222000	85.530500	87.491100	102.894000	137.419000	165.427000	159.002000	145.056000	111.764000	107.833000	94.550000	89.151000	113.023000	119.049000	136.410000	149.742000	138.102000	125.536000	125.496000	100.307000	89.754800	115.000000	128.986000	136.188000	126.780000	93.943800	89.881200	124.505000	147.528000	172.514000	159.753000	143.014000	132.422000	135.054000	124.514000	116.120000	115.876000	122.496000	131.856000	119.896000	134.735000	123.076000	100.413000	74.332400	69.296000	0.642000	0.000000	0.632646	0.000000	0.711346	0.000000	0.677337	0.000000	0.634637	0.000000	0.581048	0.000000	0.530384	0.000000	0.520055	0.011500	0.464108	0.098500	0.462418	0.212300	129.100000	142.166000	156.554000	142.019000	161.375000	189.518000	163.834000	178.294000	202.098000	204.515000	151.084000	150.385000	0.552564	0.415400	0.584534	0.527000	0.460581	0.411700	0.509405	0.462600	0.541276	0.607500	0.800900	0.086800	0.837711	0.008200	0.918676	0.000000	0.782163	0.000000	0.754183	0.000000	0.711474	0.000000	0.719354	0.000000	0.756107	0.000000	0.757225	0.000000	0.702516	0.986310	0.773091	2.476490	18.084800	0.475388	0.000000	2.160960	0.108473	0.000000	430.890000	4.775480	0.000000	1857.110000	91.850500	106.410000	0.211944	17.506500	36.199300	4.048350	3.936900	1.748700	1.998980	2.968260	
   97	139.100000	135.200000	132.000000	130.380000	133.480000	137.500000	142.600000	147.800000	156.110000	147.800000	144.060000	141.000000	139.100000	138.700000	138.700000	140.500000	140.500000	148.850000	162.070000	154.840000	153.250000	149.730000	144.360000	140.260000	13.560000	212.847000	256.976000	266.477000	292.921000	299.134000	180.115000	183.660000	201.722000	359.684000	106.570000	63.159000	4.731660	11.973400	8.715620	5.179770	70.112400	13.254000	4.611350	133.282000	0.000000	35.746800	164.560000	228.194000	129.100000	110.004000	95.036500	95.304300	89.921600	88.967500	107.100000	144.069000	165.909000	150.310000	158.159000	128.442000	113.533000	100.049000	98.727400	110.816000	118.419000	141.109000	167.158000	168.228000	156.315000	126.335000	122.564000	103.560000	115.000000	124.471000	128.320000	108.620000	89.615200	81.800200	131.220000	156.272000	165.494000	155.746000	155.702000	119.386000	127.317000	109.059000	100.616000	106.596000	112.813000	148.635000	138.468000	160.724000	142.380000	125.461000	87.263300	74.421900	0.642000	0.000000	0.743907	0.000000	0.770755	0.000000	0.745692	0.000000	0.661280	0.000000	0.598436	0.000000	0.579867	0.000000	0.564134	0.007100	0.543310	0.087400	0.512880	0.250700	129.100000	159.700000	145.781000	159.418000	166.767000	189.160000	195.744000	177.145000	198.597000	183.425000	154.060000	136.322000	0.591430	0.376100	0.499897	0.334100	0.590688	0.414000	0.561204	0.365900	0.625047	0.352000	0.616494	0.152200	0.681512	0.005200	0.700753	0.000000	0.866652	0.000000	0.745779	0.000000	0.756408	0.000000	0.766861	0.000000	0.758484	0.000000	0.718527	0.000000	0.702516	1.679140	1.296250	1.393440	16.712400	0.000000	0.000000	2.817190	0.000000	0.762115	440.759000	6.077500	0.000000	1915.750000	79.716600	109.432000	3.828510	19.746600	0.000000	4.395240	3.955690	1.641570	1.969580	2.950760	
   98	139.100000	135.200000	132.000000	130.380000	133.480000	137.500000	142.600000	147.800000	156.110000	147.800000	144.060000	141.000000	139.100000	138.700000	138.700000	140.500000	140.500000	148.850000	162.070000	154.840000	153.250000	149.730000	144.360000	140.260000	13.560000	204.894000	255.442000	267.099000	285.794000	297.403000	183.426000	189.417000	228.075000	347.084000	79.985300	60.364800	2.926160	10.104800	5.534670	5.384950	60.054400	0.000000	4.670050	132.078000	0.000000	38.096300	158.311000	208.517000	129.100000	110.463000	100.738000	93.569300	93.500700	92.669900	108.783000	149.116000	166.522000	154.913000	157.857000	136.950000	130.595000	112.238000	112.354000	114.469000	128.968000	160.792000	178.781000	162.867000	150.967000	127.596000	117.371000	106.713000	115.000000	113.342000	113.758000	105.836000	88.317200	69.584800	116.388000	137.008000	152.804000	143.810000	133.882000	150.148000	151.990000	133.072000	126.686000	123.639000	135.743000	152.334000	162.090000	161.355000	141.682000	104.297000	91.966500	91.983900	0.642000	0.000000	0.782595	0.000000	0.846178	0.000000	0.815430	0.000000	0.743567	0.000000	0.678646	0.000000	0.640667	0.000000	0.620227	0.013500	0.652798	0.048000	0.683650	0.137400	129.100000	184.131000	181.403000	196.133000	163.161000	189.368000	167.522000	186.857000	210.112000	200.031000	165.797000	153.425000	0.705582	0.243800	0.698495	0.277200	0.706426	0.140900	0.728491	0.304800	0.773322	0.382000	0.800900	0.275000	0.837711	0.011400	0.918676	0.000000	0.959220	0.000000	0.959596	0.000000	0.929300	0.000000	0.901356	0.000000	0.860088	0.000000	0.800126	0.000000	0.702516	0.283381	0.000000	0.562594	15.464000	0.000000	0.000000	1.909530	0.123370	0.000000	418.634000	4.775480	0.000000	1857.110000	91.850500	106.410000	0.211944	17.506500	36.199300	4.048350	3.936900	1.748700	1.998980	2.968260	
   99	139.100000	135.200000	132.000000	130.380000	133.480000	137.500000	142.600000	147.800000	156.110000	147.800000	144.060000	141.000000	139.100000	138.700000	138.700000	140.500000	140.500000	148.850000	162.070000	154.840000	153.250000	149.730000	144.360000	140.260000	13.560000	209.713000	256.976000	266.477000	292.921000	299.134000	180.115000	183.660000	201.722000	359.684000	106.570000	63.159000	4.731660	11.973400	8.715620	1.461890	93.235400	0.000000	0.000000	126.367000	6.693680	37.071300	168.292000	211.721000	129.100000	111.862000	97.198800	95.321200	86.709200	88.649200	111.818000	144.481000	160.933000	143.974000	154.099000	116.909000	105.166000	97.199300	92.266600	106.822000	119.986000	149.765000	198.566000	177.215000	154.177000	121.270000	117.209000	106.279000	115.000000	130.038000	131.827000	120.719000	102.395000	85.739100	139.334000	157.819000	172.490000	155.442000	150.339000	121.204000	125.293000	113.937000	104.298000	111.769000	116.191000	139.382000	158.321000	167.576000	155.178000	107.416000	99.997700	95.720500	0.642000	0.000000	0.741772	0.000000	0.770359	0.000000	0.710584	0.000000	0.664091	0.000000	0.606803	0.000000	0.577628	0.000000	0.532484	0.009200	0.566116	0.123500	0.508494	0.257300	129.100000	157.906000	155.092000	172.009000	156.496000	175.674000	152.613000	173.679000	186.020000	178.200000	152.827000	148.822000	0.502306	0.384300	0.559281	0.543200	0.569666	0.609900	0.593303	0.926200	0.651829	0.630600	0.723789	0.234100	0.780859	0.009700	0.844124	0.000000	0.880428	0.000000	0.873084	0.000000	0.846561	0.000000	0.820749	0.000000	0.767439	0.000000	0.698418	0.000000	0.702516	1.124490	0.448453	1.201590	17.036800	0.000000	0.000000	2.325100	0.195331	0.000000	445.211000	34.675700	34.685800	1625.940000	76.520600	100.698000	0.000000	19.770100	44.769100	3.958170	4.167720	1.635050	2.210790	3.281250	
  100	139.100000	135.200000	132.000000	130.380000	133.480000	137.500000	142.600000	147.800000	156.110000	147.800000	144.060000	141.000000	139.100000	138.700000	138.700000	140.500000	140.500000	148.850000	162.070000	154.840000	153.250000	149.730000	144.360000	140.260000	13.560000	209.713000	256.976000	266.477000	292.921000	299.134000	180.115000	183.660000	179.958000	330.366000	117.609000	48.017800	7.641850	21.402000	11.262300	3.819990	58.675900	0.000000	25.623000	123.150000	8.178850	47.787900	173.423000	217.824000	129.100000	109.726000	90.780800	89.583900	85.197900	85.419000	112.823000	145.407000	172.113000	153.092000	159.759000	126.517000	112.661000	102.907000	99.005700	116.271000	132.063000	155.182000	189.890000	169.693000	158.201000	148.203000	126.000000	110.575000	115.000000	115.272000	109.925000	106.430000	86.187100	85.520900	130.201000	142.074000	164.635000	142.320000	126.635000	113.444000	115.504000	107.370000	95.196600	97.097200	111.728000	127.362000	147.507000	155.767000	144.749000	126.392000	100.464000	88.854200	0.642000	0.000000	0.687438	0.000000	0.645541	0.000000	0.554711	0.000000	0.481980	0.000000	0.419263	0.000000	0.379934	0.000000	0.386640	0.009900	0.420670	0.064700	0.458650	0.149000	129.100000	143.421000	128.720000	141.197000	152.906000	175.573000	160.175000	168.184000	185.079000	214.394000	187.046000	172.970000	0.502096	0.313100	0.528859	0.229100	0.551144	0.320700	0.619615	0.375000	0.719494	0.236000	0.788843	0.100200	0.817790	0.004800	0.808001	0.000000	0.763461	0.000000	0.710992	0.000000	0.661077	0.000000	0.630754	0.000000	0.597788	0.000000	0.560318	0.000000	0.702516	1.276400	0.710858	1.959410	17.410700	0.555244	0.000000	2.345190	0.283908	0.249154	464.738000	0.000000	0.000000	1982.070000	93.706100	111.982000	2.521850	19.073300	0.000000	4.086590	3.814010	1.556710	2.101460	2.906490	
;
param Prob0 :=
    1	0.000
    2	0.000
    3	0.050
    4	0.000
    5	0.000
    6	0.090
    7	0.010
    8	0.010
    9	0.000
   10	0.000
   11	0.000
   12	0.010
   13	0.010
   14	0.010
   15	0.000
   16	0.000
   17	0.010
   18	0.010
   19	0.000
   20	0.010
   21	0.000
   22	0.020
   23	0.000
   24	0.010
   25	0.010
   26	0.000
   27	0.010
   28	0.010
   29	0.000
   30	0.100
   31	0.010
   32	0.010
   33	0.000
   34	0.010
   35	0.000
   36	0.000
   37	0.000
   38	0.000
   39	0.000
   40	0.000
   41	0.020
   42	0.010
   43	0.010
   44	0.010
   45	0.010
   46	0.000
   47	0.010
   48	0.010
   49	0.010
   50	0.000
   51	0.000
   52	0.010
   53	0.010
   54	0.000
   55	0.000
   56	0.010
   57	0.000
   58	0.010
   59	0.040
   60	0.000
   61	0.010
   62	0.000
   63	0.010
   64	0.010
   65	0.000
   66	0.000
   67	0.000
   68	0.010
   69	0.000
   70	0.010
   71	0.000
   72	0.010
   73	0.000
   74	0.000
   75	0.010
   76	0.010
   77	0.010
   78	0.010
   79	0.010
   80	0.010
   81	0.000
   82	0.010
   83	0.000
   84	0.010
   85	0.010
   86	0.010
   87	0.020
   88	0.000
   89	0.090
   90	0.000
   91	0.010
   92	0.050
   93	0.000
   94	0.000
   95	0.010
   96	0.040
   97	0.000
   98	0.010
   99	0.020
  100	0.010
;
set c[0,50] :=
50    8     16    24    32    40    48    57    65    73    81    89    97
1     9     17    25    33    41    49    58    66    74    82    90    98
2     10    18    26    34    42    51    59    67    75    83    91    99
3     11    19    27    35    43    52    60    68    76    84    92    100
4     12    20    28    36    44    53    61    69    77    85    93
5     13    21    29    37    45    54    62    70    78    86    94
6     14    22    30    38    46    55    63    71    79    87    95
7     15    23    31    39    47    56    64    72    80    88    96;
set c[1,50] :=
50    8     16    24    32    40    48    57    65    73    81    89    97
1     9     17    25    33    41    49    58    66    74    82    90    98
2     10    18    26    34    42    51    59    67    75    83    91    99
3     11    19    27    35    43    52    60    68    76    84    92    100
4     12    20    28    36    44    53    61    69    77    85    93
5     13    21    29    37    45    54    62    70    78    86    94
6     14    22    30    38    46    55    63    71    79    87    95
7     15    23    31    39    47    56    64    72    80    88    96;
set c[2,88] := 88 26 81 90 92;
set c[2,59] := 59 55 60 71;
set c[2,15] := 15 4 16 21 30 35 37 46 67 97;
set c[2,3] := 3 50 39 54 74;
set c[2,96] := 96 23 62 65;
set c[2,51] := 51 1 5 6 9 10 19 22 29 33 36 38 40 57 66 69 73 89 93 94;
set c[2,84] := 84 2 7 24 25 34 41 49 53 58 75 80 86;
set c[2,28] := 28 11 14 18 44 76 82 83 87 95 99;
set c[2,8] := 8 13 17 20 31 32 43 52 56 61 63 64 68 70 77;
set c[2,72] := 72 27 42 48 79 85 91 100;
set c[2,98] := 98 12 45 47 78;
set c[3,26] := 26 88 81 90 92;
set c[3,71] := 71 59 55 60;
set c[3,97] := 97 15 4 16 21 30 35 37 46 67;
set c[3,3] := 3 50 39 54 74;
set c[3,23] := 23 96 62 65;
set c[3,51] := 51 1 5 6 9 10 19 22 29 33 36 38 40 57 66 69 73 89 93 94;
set c[3,7] := 7 84 2 24 25 34 41 49 53 58 75 80 86;
set c[3,87] := 87 11 18 44 83 99;
set c[3,82] := 82 28 14 76 95;
set c[3,56] := 56;
set c[3,77] := 77;
set c[3,8] := 8;
set c[3,20] := 20;
set c[3,43] := 43;
set c[3,32] := 32;
set c[3,17] := 17;
set c[3,70] := 70;
set c[3,52] := 52;
set c[3,61] := 61;
set c[3,31] := 31;
set c[3,68] := 68 63;
set c[3,64] := 64 13;
set c[3,100] := 100;
set c[3,42] := 42;
set c[3,91] := 91;
set c[3,85] := 85;
set c[3,79] := 79;
set c[3,72] := 72;
set c[3,27] := 27;
set c[3,48] := 48;
set c[3,98] := 98;
set c[3,45] := 45;
set c[3,47] := 47;
set c[3,12] := 12;
set c[3,78] := 78;
set c[4,88] := 88 26 81 90 92;
set c[4,59] := 59 71 55 60;
set c[4,67] := 67 97 15 4 16 21 30 35 37 46;
set c[4,3] := 3 50 39 54 74;
set c[4,23] := 23 96 62 65;
set c[4,9] := 9 51 1 5 6 10 19 22 29 33 36 38 40 57 66 69 73 89 93 94;
set c[4,86] := 86 7 84 2 24 25 34 41 49 53 58 75 80;
set c[4,87] := 87 11 18 44 83 99;
set c[4,82] := 82 28 14 76 95;
set c[4,56] := 56;
set c[4,77] := 77;
set c[4,8] := 8;
set c[4,20] := 20;
set c[4,43] := 43;
set c[4,32] := 32;
set c[4,17] := 17;
set c[4,70] := 70;
set c[4,52] := 52;
set c[4,61] := 61;
set c[4,31] := 31;
set c[4,68] := 68 63;
set c[4,64] := 64 13;
set c[4,100] := 100;
set c[4,42] := 42;
set c[4,91] := 91;
set c[4,85] := 85;
set c[4,79] := 79;
set c[4,72] := 72;
set c[4,27] := 27;
set c[4,48] := 48;
set c[4,98] := 98;
set c[4,45] := 45;
set c[4,47] := 47;
set c[4,12] := 12;
set c[4,78] := 78;
set c[5,88] := 88 26 81 90 92;
set c[5,59] := 59 71 55 60;
set c[5,67] := 67 97 15 4 16 21 30 35 37 46;
set c[5,3] := 3 50 39 54 74;
set c[5,23] := 23 96 62 65;
set c[5,9] := 9 51 1 5 6 10 19 22 29 33 36 38 40 57 66 69 73 89 93 94;
set c[5,86] := 86 7 84 2 24 25 34 41 49 53 58 75 80;
set c[5,87] := 87 11 18 44 83 99;
set c[5,82] := 82 28 14 76 95;
set c[5,56] := 56;
set c[5,77] := 77;
set c[5,8] := 8;
set c[5,20] := 20;
set c[5,43] := 43;
set c[5,32] := 32;
set c[5,17] := 17;
set c[5,70] := 70;
set c[5,52] := 52;
set c[5,61] := 61;
set c[5,31] := 31;
set c[5,68] := 68 63;
set c[5,64] := 64 13;
set c[5,100] := 100;
set c[5,42] := 42;
set c[5,91] := 91;
set c[5,85] := 85;
set c[5,79] := 79;
set c[5,72] := 72;
set c[5,27] := 27;
set c[5,48] := 48;
set c[5,98] := 98;
set c[5,45] := 45;
set c[5,47] := 47;
set c[5,12] := 12;
set c[5,78] := 78;
set c[6,81] := 81 88 26 90 92;
set c[6,55] := 55 59 71 60;
set c[6,15] := 15 67 97 4 16 21 30 35 37 46;
set c[6,3] := 3 50 39 54 74;
set c[6,65] := 65 23 96 62;
set c[6,36] := 36 9 51 1 5 6 10 19 22 29 33 38 40 57 66 69 73 89 93 94;
set c[6,75] := 75;
set c[6,53] := 53;
set c[6,86] := 86 84 24 34 58 80;
set c[6,49] := 49 7 2 25 41;
set c[6,99] := 99 87 11 18 44 83;
set c[6,95] := 95 76;
set c[6,82] := 82 28 14;
set c[6,56] := 56;
set c[6,77] := 77;
set c[6,8] := 8;
set c[6,20] := 20;
set c[6,43] := 43;
set c[6,32] := 32;
set c[6,17] := 17;
set c[6,70] := 70;
set c[6,52] := 52;
set c[6,61] := 61;
set c[6,31] := 31;
set c[6,68] := 68 63;
set c[6,64] := 64 13;
set c[6,100] := 100;
set c[6,42] := 42;
set c[6,91] := 91;
set c[6,85] := 85;
set c[6,79] := 79;
set c[6,72] := 72;
set c[6,27] := 27;
set c[6,48] := 48;
set c[6,98] := 98;
set c[6,45] := 45;
set c[6,47] := 47;
set c[6,12] := 12;
set c[6,78] := 78;
set c[7,92] := 92 81 88 26 90;
set c[7,60] := 60 55 59 71;
set c[7,15] := 15 67 97 4 16 21 30 35 37 46;
set c[7,3] := 3 50 39 54 74;
set c[7,65] := 65 23 96 62;
set c[7,5] := 5 36 9 51 1 6 10 19 22 29 33 38 40 57 66 69 73 89 93 94;
set c[7,75] := 75;
set c[7,53] := 53;
set c[7,84] := 84 86 24 34 58 80;
set c[7,25] := 25 49 7 2 41;
set c[7,99] := 99 87 11 18 44 83;
set c[7,95] := 95 76;
set c[7,14] := 14 82 28;
set c[7,56] := 56;
set c[7,77] := 77;
set c[7,8] := 8;
set c[7,20] := 20;
set c[7,43] := 43;
set c[7,32] := 32;
set c[7,17] := 17;
set c[7,70] := 70;
set c[7,52] := 52;
set c[7,61] := 61;
set c[7,31] := 31;
set c[7,68] := 68 63;
set c[7,64] := 64 13;
set c[7,100] := 100;
set c[7,42] := 42;
set c[7,91] := 91;
set c[7,85] := 85;
set c[7,79] := 79;
set c[7,72] := 72;
set c[7,27] := 27;
set c[7,48] := 48;
set c[7,98] := 98;
set c[7,45] := 45;
set c[7,47] := 47;
set c[7,12] := 12;
set c[7,78] := 78;
set c[8,88] := 88 92 81 26 90;
set c[8,55] := 55 60 59 71;
set c[8,46] := 46 15 67 97 4 16 21 30 35 37;
set c[8,3] := 3 50 39 54 74;
set c[8,65] := 65 23 96 62;
set c[8,22] := 22 5 36 9 51 1 6 10 19 29 33 38 40 57 66 69 73 89 93 94;
set c[8,75] := 75;
set c[8,53] := 53;
set c[8,84] := 84 86 24 34 58 80;
set c[8,49] := 49 25 7 2 41;
set c[8,87] := 87 99 11 18 44 83;
set c[8,95] := 95 76;
set c[8,14] := 14 82 28;
set c[8,56] := 56;
set c[8,77] := 77;
set c[8,8] := 8;
set c[8,20] := 20;
set c[8,43] := 43;
set c[8,32] := 32;
set c[8,17] := 17;
set c[8,70] := 70;
set c[8,52] := 52;
set c[8,61] := 61;
set c[8,31] := 31;
set c[8,68] := 68 63;
set c[8,64] := 64 13;
set c[8,100] := 100;
set c[8,42] := 42;
set c[8,91] := 91;
set c[8,85] := 85;
set c[8,79] := 79;
set c[8,72] := 72;
set c[8,27] := 27;
set c[8,48] := 48;
set c[8,98] := 98;
set c[8,45] := 45;
set c[8,47] := 47;
set c[8,12] := 12;
set c[8,78] := 78;
set c[9,88] := 88 92 81 26 90;
set c[9,60] := 60 55 59 71;
set c[9,21] := 21 46 15 67 97 4 16 30 35 37;
set c[9,39] := 39 3 50 54 74;
set c[9,65] := 65 23 96 62;
set c[9,22] := 22 5 36 9 51 1 6 10 19 29 33 38 40 57 66 69 73 89 93 94;
set c[9,75] := 75;
set c[9,53] := 53;
set c[9,34] := 34 84 86 24 58 80;
set c[9,2] := 2 49 25 7 41;
set c[9,11] := 11 87 99 18 44 83;
set c[9,95] := 95 76;
set c[9,28] := 28 14 82;
set c[9,56] := 56;
set c[9,77] := 77;
set c[9,8] := 8;
set c[9,20] := 20;
set c[9,43] := 43;
set c[9,32] := 32;
set c[9,17] := 17;
set c[9,70] := 70;
set c[9,52] := 52;
set c[9,61] := 61;
set c[9,31] := 31;
set c[9,68] := 68 63;
set c[9,64] := 64 13;
set c[9,100] := 100;
set c[9,42] := 42;
set c[9,91] := 91;
set c[9,85] := 85;
set c[9,79] := 79;
set c[9,72] := 72;
set c[9,27] := 27;
set c[9,48] := 48;
set c[9,98] := 98;
set c[9,45] := 45;
set c[9,47] := 47;
set c[9,12] := 12;
set c[9,78] := 78;
set c[10,88] := 88 92 81 26 90;
set c[10,59] := 59 60 55 71;
set c[10,4] := 4 21 46 15 67 97 16 30 35 37;
set c[10,39] := 39 3 50 54 74;
set c[10,65] := 65 23 96 62;
set c[10,40] := 40 22 5 36 9 51 1 6 10 19 29 33 38 57 66 69 73 89 93 94;
set c[10,75] := 75;
set c[10,53] := 53;
set c[10,34] := 34 84 86 24 58 80;
set c[10,2] := 2 49 25 7 41;
set c[10,11] := 11 87 99 18 44 83;
set c[10,95] := 95 76;
set c[10,28] := 28 14 82;
set c[10,56] := 56;
set c[10,77] := 77;
set c[10,8] := 8;
set c[10,20] := 20;
set c[10,43] := 43;
set c[10,32] := 32;
set c[10,17] := 17;
set c[10,70] := 70;
set c[10,52] := 52;
set c[10,61] := 61;
set c[10,31] := 31;
set c[10,68] := 68 63;
set c[10,64] := 64 13;
set c[10,100] := 100;
set c[10,42] := 42;
set c[10,91] := 91;
set c[10,85] := 85;
set c[10,79] := 79;
set c[10,72] := 72;
set c[10,27] := 27;
set c[10,48] := 48;
set c[10,98] := 98;
set c[10,45] := 45;
set c[10,47] := 47;
set c[10,12] := 12;
set c[10,78] := 78;
set c[11,90] := 90 88 92 81 26;
set c[11,60] := 60 59 55 71;
set c[11,30] := 30 4 21 46 15 67 97 16 35 37;
set c[11,3] := 3 39 50 54 74;
set c[11,65] := 65 23 96 62;
set c[11,73] := 73 40 22 5 36 9 51 1 6 10 19 29 33 38 57 66 69 89 93 94;
set c[11,75] := 75;
set c[11,53] := 53;
set c[11,34] := 34 84 86 24 58 80;
set c[11,2] := 2 49 25 7 41;
set c[11,99] := 99 11 87 18 44 83;
set c[11,95] := 95 76;
set c[11,28] := 28 14 82;
set c[11,56] := 56;
set c[11,77] := 77;
set c[11,8] := 8;
set c[11,20] := 20;
set c[11,43] := 43;
set c[11,32] := 32;
set c[11,17] := 17;
set c[11,70] := 70;
set c[11,52] := 52;
set c[11,61] := 61;
set c[11,31] := 31;
set c[11,68] := 68 63;
set c[11,64] := 64 13;
set c[11,100] := 100;
set c[11,42] := 42;
set c[11,91] := 91;
set c[11,85] := 85;
set c[11,79] := 79;
set c[11,72] := 72;
set c[11,27] := 27;
set c[11,48] := 48;
set c[11,98] := 98;
set c[11,45] := 45;
set c[11,47] := 47;
set c[11,12] := 12;
set c[11,78] := 78;
set c[12,90] := 90 88 92 81 26;
set c[12,59] := 59 60 55 71;
set c[12,21] := 21 30 4 46 15 67 97 16 35 37;
set c[12,3] := 3 39 50 54 74;
set c[12,65] := 65 23 96 62;
set c[12,5] := 5 73 40 22 36 9 51 1 6 10 19 29 33 38 57 66 69 89 93 94;
set c[12,75] := 75;
set c[12,53] := 53;
set c[12,34] := 34 84 86 24 58 80;
set c[12,2] := 2 49 25 7 41;
set c[12,87] := 87 99 11 18 44 83;
set c[12,95] := 95 76;
set c[12,28] := 28 14 82;
set c[12,56] := 56;
set c[12,77] := 77;
set c[12,8] := 8;
set c[12,20] := 20;
set c[12,43] := 43;
set c[12,32] := 32;
set c[12,17] := 17;
set c[12,70] := 70;
set c[12,52] := 52;
set c[12,61] := 61;
set c[12,31] := 31;
set c[12,68] := 68 63;
set c[12,64] := 64 13;
set c[12,100] := 100;
set c[12,42] := 42;
set c[12,91] := 91;
set c[12,85] := 85;
set c[12,79] := 79;
set c[12,72] := 72;
set c[12,27] := 27;
set c[12,48] := 48;
set c[12,98] := 98;
set c[12,45] := 45;
set c[12,47] := 47;
set c[12,12] := 12;
set c[12,78] := 78;
set c[13,90] := 90 88 92 81 26;
set c[13,59] := 59 60 55 71;
set c[13,15] := 15 21 30 4 46 67 97 16 35 37;
set c[13,39] := 39 3 50 54 74;
set c[13,65] := 65 23 96 62;
set c[13,38] := 38 5 73 40 22 36 9 51 1 6 10 19 29 33 57 66 69 89 93 94;
set c[13,75] := 75;
set c[13,53] := 53;
set c[13,80] := 80 34 84 86 24 58;
set c[13,25] := 25 2 49 7 41;
set c[13,83] := 83 87 99 11 18 44;
set c[13,95] := 95 76;
set c[13,28] := 28 14 82;
set c[13,56] := 56;
set c[13,77] := 77;
set c[13,8] := 8;
set c[13,20] := 20;
set c[13,43] := 43;
set c[13,32] := 32;
set c[13,17] := 17;
set c[13,70] := 70;
set c[13,52] := 52;
set c[13,61] := 61;
set c[13,31] := 31;
set c[13,68] := 68 63;
set c[13,64] := 64 13;
set c[13,100] := 100;
set c[13,42] := 42;
set c[13,91] := 91;
set c[13,85] := 85;
set c[13,79] := 79;
set c[13,72] := 72;
set c[13,27] := 27;
set c[13,48] := 48;
set c[13,98] := 98;
set c[13,45] := 45;
set c[13,47] := 47;
set c[13,12] := 12;
set c[13,78] := 78;
set c[14,88] := 88 90 92 81 26;
set c[14,59] := 59 60 55 71;
set c[14,21] := 21 15 30 4 46 67 97 16 35 37;
set c[14,39] := 39 3 50 54 74;
set c[14,65] := 65 23 96 62;
set c[14,40] := 40 38 5 73 22 36 9 51 1 6 10 19 29 33 57 66 69 89 93 94;
set c[14,75] := 75;
set c[14,53] := 53;
set c[14,80] := 80 34 84 86 24 58;
set c[14,25] := 25 2 49 7 41;
set c[14,87] := 87 83 99 11 18 44;
set c[14,95] := 95 76;
set c[14,82] := 82 28 14;
set c[14,56] := 56;
set c[14,77] := 77;
set c[14,8] := 8;
set c[14,20] := 20;
set c[14,43] := 43;
set c[14,32] := 32;
set c[14,17] := 17;
set c[14,70] := 70;
set c[14,52] := 52;
set c[14,61] := 61;
set c[14,31] := 31;
set c[14,68] := 68 63;
set c[14,64] := 64 13;
set c[14,100] := 100;
set c[14,42] := 42;
set c[14,91] := 91;
set c[14,85] := 85;
set c[14,79] := 79;
set c[14,72] := 72;
set c[14,27] := 27;
set c[14,48] := 48;
set c[14,98] := 98;
set c[14,45] := 45;
set c[14,47] := 47;
set c[14,12] := 12;
set c[14,78] := 78;
set c[15,90] := 90 88 92 81 26;
set c[15,59] := 59 60 55 71;
set c[15,30] := 30 21 15 4 46 67 97 16 35 37;
set c[15,74] := 74 39 3 50 54;
set c[15,96] := 96 65 23 62;
set c[15,6] := 6 40 38 5 73 22 36 9 51 1 10 19 29 33 57 66 69 89 93 94;
set c[15,75] := 75;
set c[15,53] := 53;
set c[15,58] := 58 80 34 84 86 24;
set c[15,7] := 7 25 2 49 41;
set c[15,99] := 99 87 83 11 18 44;
set c[15,95] := 95 76;
set c[15,28] := 28 82 14;
set c[15,56] := 56;
set c[15,77] := 77;
set c[15,8] := 8;
set c[15,20] := 20;
set c[15,43] := 43;
set c[15,32] := 32;
set c[15,17] := 17;
set c[15,70] := 70;
set c[15,52] := 52;
set c[15,61] := 61;
set c[15,31] := 31;
set c[15,68] := 68 63;
set c[15,64] := 64 13;
set c[15,100] := 100;
set c[15,42] := 42;
set c[15,91] := 91;
set c[15,85] := 85;
set c[15,79] := 79;
set c[15,72] := 72;
set c[15,27] := 27;
set c[15,48] := 48;
set c[15,98] := 98;
set c[15,45] := 45;
set c[15,47] := 47;
set c[15,12] := 12;
set c[15,78] := 78;
set c[16,88] := 88 90 92 81 26;
set c[16,59] := 59 60 55 71;
set c[16,16] := 16 30 21 15 4 46 67 97 35 37;
set c[16,50] := 50 74 39 3 54;
set c[16,62] := 62 96 65 23;
set c[16,22] := 22 6 40 38 5 73 36 9 51 1 10 19 29 33 57 66 69 89 93 94;
set c[16,75] := 75;
set c[16,53] := 53;
set c[16,24] := 24 58 80 34 84 86;
set c[16,25] := 25 7 2 49 41;
set c[16,87] := 87 99 83 11 18 44;
set c[16,95] := 95 76;
set c[16,28] := 28 82 14;
set c[16,56] := 56;
set c[16,77] := 77;
set c[16,8] := 8;
set c[16,20] := 20;
set c[16,43] := 43;
set c[16,32] := 32;
set c[16,17] := 17;
set c[16,70] := 70;
set c[16,52] := 52;
set c[16,61] := 61;
set c[16,31] := 31;
set c[16,68] := 68;
set c[16,63] := 63;
set c[16,64] := 64;
set c[16,13] := 13;
set c[16,100] := 100;
set c[16,42] := 42;
set c[16,91] := 91;
set c[16,85] := 85;
set c[16,79] := 79;
set c[16,72] := 72;
set c[16,27] := 27;
set c[16,48] := 48;
set c[16,98] := 98;
set c[16,45] := 45;
set c[16,47] := 47;
set c[16,12] := 12;
set c[16,78] := 78;
set c[17,92] := 92 88 90 81 26;
set c[17,71] := 71 59 60 55;
set c[17,30] := 30 16 21 15 4 46 67 97 35 37;
set c[17,39] := 39 50 74 3 54;
set c[17,62] := 62 96 65 23;
set c[17,51] := 51 22 6 40 38 5 73 36 9 1 10 19 29 33 57 66 69 89 93 94;
set c[17,75] := 75;
set c[17,53] := 53;
set c[17,58] := 58 24 80 34 84 86;
set c[17,25] := 25 7 2 49 41;
set c[17,99] := 99 83;
set c[17,87] := 87 11;
set c[17,44] := 44;
set c[17,18] := 18;
set c[17,95] := 95;
set c[17,76] := 76;
set c[17,82] := 82 14;
set c[17,28] := 28;
set c[17,56] := 56;
set c[17,77] := 77;
set c[17,8] := 8;
set c[17,20] := 20;
set c[17,43] := 43;
set c[17,32] := 32;
set c[17,17] := 17;
set c[17,70] := 70;
set c[17,52] := 52;
set c[17,61] := 61;
set c[17,31] := 31;
set c[17,68] := 68;
set c[17,63] := 63;
set c[17,64] := 64;
set c[17,13] := 13;
set c[17,100] := 100;
set c[17,42] := 42;
set c[17,91] := 91;
set c[17,85] := 85;
set c[17,79] := 79;
set c[17,72] := 72;
set c[17,27] := 27;
set c[17,48] := 48;
set c[17,98] := 98;
set c[17,45] := 45;
set c[17,47] := 47;
set c[17,12] := 12;
set c[17,78] := 78;
set c[18,88] := 88 92 90 81 26;
set c[18,71] := 71 59 60 55;
set c[18,35] := 35 30 16 21 15 4 46 67 97 37;
set c[18,39] := 39 50 74 3 54;
set c[18,65] := 65 62 96 23;
set c[18,29] := 29 51 22 6 40 38 5 73 36 9 1 10 19 33 57 66 69 89 93 94;
set c[18,75] := 75;
set c[18,53] := 53;
set c[18,58] := 58 24 80 34 84 86;
set c[18,25] := 25 7 2 49 41;
set c[18,99] := 99 83;
set c[18,87] := 87 11;
set c[18,44] := 44;
set c[18,18] := 18;
set c[18,95] := 95;
set c[18,76] := 76;
set c[18,82] := 82 14;
set c[18,28] := 28;
set c[18,56] := 56;
set c[18,77] := 77;
set c[18,8] := 8;
set c[18,20] := 20;
set c[18,43] := 43;
set c[18,32] := 32;
set c[18,17] := 17;
set c[18,70] := 70;
set c[18,52] := 52;
set c[18,61] := 61;
set c[18,31] := 31;
set c[18,68] := 68;
set c[18,63] := 63;
set c[18,64] := 64;
set c[18,13] := 13;
set c[18,100] := 100;
set c[18,42] := 42;
set c[18,91] := 91;
set c[18,85] := 85;
set c[18,79] := 79;
set c[18,72] := 72;
set c[18,27] := 27;
set c[18,48] := 48;
set c[18,98] := 98;
set c[18,45] := 45;
set c[18,47] := 47;
set c[18,12] := 12;
set c[18,78] := 78;
set c[19,88] := 88 92 90 81 26;
set c[19,60] := 60 71 59 55;
set c[19,67] := 67 35 30 16 21 15 4 46 97 37;
set c[19,54] := 54 39 50 74 3;
set c[19,23] := 23 65 62 96;
set c[19,29] := 29 51 22 6 40 38 5 73 36 9 1 10 19 33 57 66 69 89 93 94;
set c[19,75] := 75;
set c[19,53] := 53;
set c[19,24] := 24 58 80 34 84 86;
set c[19,25] := 25 7 2 49 41;
set c[19,99] := 99 83;
set c[19,87] := 87 11;
set c[19,44] := 44;
set c[19,18] := 18;
set c[19,95] := 95;
set c[19,76] := 76;
set c[19,82] := 82 14;
set c[19,28] := 28;
set c[19,56] := 56;
set c[19,77] := 77;
set c[19,8] := 8;
set c[19,20] := 20;
set c[19,43] := 43;
set c[19,32] := 32;
set c[19,17] := 17;
set c[19,70] := 70;
set c[19,52] := 52;
set c[19,61] := 61;
set c[19,31] := 31;
set c[19,68] := 68;
set c[19,63] := 63;
set c[19,64] := 64;
set c[19,13] := 13;
set c[19,100] := 100;
set c[19,42] := 42;
set c[19,91] := 91;
set c[19,85] := 85;
set c[19,79] := 79;
set c[19,72] := 72;
set c[19,27] := 27;
set c[19,48] := 48;
set c[19,98] := 98;
set c[19,45] := 45;
set c[19,47] := 47;
set c[19,12] := 12;
set c[19,78] := 78;
set c[20,92] := 92 88 90 81 26;
set c[20,59] := 59 60 71 55;
set c[20,21] := 21 67 35 30 16 15 4 46 97 37;
set c[20,54] := 54 39 50 74 3;
set c[20,65] := 65 23 62 96;
set c[20,19] := 19 29 51 22 6 40 38 5 73 36 9 1 10 33 57 66 69 89 93 94;
set c[20,75] := 75;
set c[20,53] := 53;
set c[20,24] := 24 58 80 34 84 86;
set c[20,25] := 25 7 2 49 41;
set c[20,99] := 99 83;
set c[20,87] := 87 11;
set c[20,44] := 44;
set c[20,18] := 18;
set c[20,95] := 95;
set c[20,76] := 76;
set c[20,82] := 82 14;
set c[20,28] := 28;
set c[20,56] := 56;
set c[20,77] := 77;
set c[20,8] := 8;
set c[20,20] := 20;
set c[20,43] := 43;
set c[20,32] := 32;
set c[20,17] := 17;
set c[20,70] := 70;
set c[20,52] := 52;
set c[20,61] := 61;
set c[20,31] := 31;
set c[20,68] := 68;
set c[20,63] := 63;
set c[20,64] := 64;
set c[20,13] := 13;
set c[20,100] := 100;
set c[20,42] := 42;
set c[20,91] := 91;
set c[20,85] := 85;
set c[20,79] := 79;
set c[20,72] := 72;
set c[20,27] := 27;
set c[20,48] := 48;
set c[20,98] := 98;
set c[20,45] := 45;
set c[20,47] := 47;
set c[20,12] := 12;
set c[20,78] := 78;
set c[21,81] := 81 92 88 90 26;
set c[21,55] := 55 59 60 71;
set c[21,21] := 21 67 35 30 16 15 4 46 97 37;
set c[21,39] := 39 54 50 74 3;
set c[21,96] := 96 65 23 62;
set c[21,19] := 19 29 51 22 6 40 38 5 73 36 9 1 10 33 57 66 69 89 93 94;
set c[21,75] := 75;
set c[21,53] := 53;
set c[21,24] := 24 58 80 34 84 86;
set c[21,41] := 41 2;
set c[21,25] := 25;
set c[21,49] := 49;
set c[21,7] := 7;
set c[21,99] := 99 83;
set c[21,87] := 87 11;
set c[21,44] := 44;
set c[21,18] := 18;
set c[21,95] := 95;
set c[21,76] := 76;
set c[21,82] := 82;
set c[21,14] := 14;
set c[21,28] := 28;
set c[21,56] := 56;
set c[21,77] := 77;
set c[21,8] := 8;
set c[21,20] := 20;
set c[21,43] := 43;
set c[21,32] := 32;
set c[21,17] := 17;
set c[21,70] := 70;
set c[21,52] := 52;
set c[21,61] := 61;
set c[21,31] := 31;
set c[21,68] := 68;
set c[21,63] := 63;
set c[21,64] := 64;
set c[21,13] := 13;
set c[21,100] := 100;
set c[21,42] := 42;
set c[21,91] := 91;
set c[21,85] := 85;
set c[21,79] := 79;
set c[21,72] := 72;
set c[21,27] := 27;
set c[21,48] := 48;
set c[21,98] := 98;
set c[21,45] := 45;
set c[21,47] := 47;
set c[21,12] := 12;
set c[21,78] := 78;
set c[22,92] := 92 81 88 90 26;
set c[22,60] := 60 55 59 71;
set c[22,30] := 30 21 67 35 16 15 4 46 97 37;
set c[22,39] := 39 54 50 74 3;
set c[22,96] := 96 65 23 62;
set c[22,73] := 73 29 51 6 5 1 10 57 66;
set c[22,22] := 22 40;
set c[22,38] := 38 19 36 9 33 69 89 93 94;
set c[22,75] := 75;
set c[22,53] := 53;
set c[22,34] := 34;
set c[22,80] := 80;
set c[22,84] := 84;
set c[22,24] := 24;
set c[22,58] := 58;
set c[22,86] := 86;
set c[22,41] := 41 2;
set c[22,25] := 25;
set c[22,49] := 49;
set c[22,7] := 7;
set c[22,99] := 99 83;
set c[22,87] := 87 11;
set c[22,44] := 44;
set c[22,18] := 18;
set c[22,95] := 95;
set c[22,76] := 76;
set c[22,82] := 82;
set c[22,14] := 14;
set c[22,28] := 28;
set c[22,56] := 56;
set c[22,77] := 77;
set c[22,8] := 8;
set c[22,20] := 20;
set c[22,43] := 43;
set c[22,32] := 32;
set c[22,17] := 17;
set c[22,70] := 70;
set c[22,52] := 52;
set c[22,61] := 61;
set c[22,31] := 31;
set c[22,68] := 68;
set c[22,63] := 63;
set c[22,64] := 64;
set c[22,13] := 13;
set c[22,100] := 100;
set c[22,42] := 42;
set c[22,91] := 91;
set c[22,85] := 85;
set c[22,79] := 79;
set c[22,72] := 72;
set c[22,27] := 27;
set c[22,48] := 48;
set c[22,98] := 98;
set c[22,45] := 45;
set c[22,47] := 47;
set c[22,12] := 12;
set c[22,78] := 78;
set c[23,92] := 92 81 88 90 26;
set c[23,55] := 55 60 59 71;
set c[23,21] := 21 30 67 35 16 15 4 46 97 37;
set c[23,39] := 39 54 50 74 3;
set c[23,96] := 96 65 23 62;
set c[23,29] := 29 73 51 6 5 1 10 57 66;
set c[23,22] := 22 40;
set c[23,33] := 33 38 19 36 9 69 89 93 94;
set c[23,75] := 75;
set c[23,53] := 53;
set c[23,34] := 34;
set c[23,80] := 80;
set c[23,84] := 84;
set c[23,24] := 24;
set c[23,58] := 58;
set c[23,86] := 86;
set c[23,41] := 41 2;
set c[23,25] := 25;
set c[23,49] := 49;
set c[23,7] := 7;
set c[23,99] := 99 83;
set c[23,87] := 87 11;
set c[23,44] := 44;
set c[23,18] := 18;
set c[23,95] := 95;
set c[23,76] := 76;
set c[23,82] := 82;
set c[23,14] := 14;
set c[23,28] := 28;
set c[23,56] := 56;
set c[23,77] := 77;
set c[23,8] := 8;
set c[23,20] := 20;
set c[23,43] := 43;
set c[23,32] := 32;
set c[23,17] := 17;
set c[23,70] := 70;
set c[23,52] := 52;
set c[23,61] := 61;
set c[23,31] := 31;
set c[23,68] := 68;
set c[23,63] := 63;
set c[23,64] := 64;
set c[23,13] := 13;
set c[23,100] := 100;
set c[23,42] := 42;
set c[23,91] := 91;
set c[23,85] := 85;
set c[23,79] := 79;
set c[23,72] := 72;
set c[23,27] := 27;
set c[23,48] := 48;
set c[23,98] := 98;
set c[23,45] := 45;
set c[23,47] := 47;
set c[23,12] := 12;
set c[23,78] := 78;
set c[24,92] := 92 81 88 90 26;
set c[24,55] := 55 60 59 71;
set c[24,35] := 35 21 30 67 16 15 4 46 97 37;
set c[24,3] := 3 39 54 50 74;
set c[24,65] := 65 96 23 62;
set c[24,29] := 29 73 51 6 5 1 10 57 66;
set c[24,22] := 22 40;
set c[24,33] := 33 38 19 36 9 69 89 93 94;
set c[24,75] := 75;
set c[24,53] := 53;
set c[24,34] := 34;
set c[24,80] := 80;
set c[24,84] := 84;
set c[24,24] := 24;
set c[24,58] := 58;
set c[24,86] := 86;
set c[24,41] := 41 2;
set c[24,25] := 25;
set c[24,49] := 49;
set c[24,7] := 7;
set c[24,99] := 99 83;
set c[24,87] := 87 11;
set c[24,44] := 44;
set c[24,18] := 18;
set c[24,95] := 95;
set c[24,76] := 76;
set c[24,82] := 82;
set c[24,14] := 14;
set c[24,28] := 28;
set c[24,56] := 56;
set c[24,77] := 77;
set c[24,8] := 8;
set c[24,20] := 20;
set c[24,43] := 43;
set c[24,32] := 32;
set c[24,17] := 17;
set c[24,70] := 70;
set c[24,52] := 52;
set c[24,61] := 61;
set c[24,31] := 31;
set c[24,68] := 68;
set c[24,63] := 63;
set c[24,64] := 64;
set c[24,13] := 13;
set c[24,100] := 100;
set c[24,42] := 42;
set c[24,91] := 91;
set c[24,85] := 85;
set c[24,79] := 79;
set c[24,72] := 72;
set c[24,27] := 27;
set c[24,48] := 48;
set c[24,98] := 98;
set c[24,45] := 45;
set c[24,47] := 47;
set c[24,12] := 12;
set c[24,78] := 78;
set c[25,92] := 92 81 88 90 26;
set c[25,55] := 55 60 59 71;
set c[25,30] := 30 35 21 67 16 15 4 46 97 37;
set c[25,50] := 50 3 39 54 74;
set c[25,65] := 65 96 23 62;
set c[25,51] := 51 29 73 6 5 1 10 57 66;
set c[25,22] := 22 40;
set c[25,38] := 38 33 19 36 9 69 89 93 94;
set c[25,75] := 75;
set c[25,53] := 53;
set c[25,34] := 34;
set c[25,80] := 80;
set c[25,84] := 84;
set c[25,24] := 24;
set c[25,58] := 58;
set c[25,86] := 86;
set c[25,41] := 41 2;
set c[25,25] := 25;
set c[25,49] := 49;
set c[25,7] := 7;
set c[25,99] := 99 83;
set c[25,87] := 87 11;
set c[25,44] := 44;
set c[25,18] := 18;
set c[25,95] := 95;
set c[25,76] := 76;
set c[25,82] := 82;
set c[25,14] := 14;
set c[25,28] := 28;
set c[25,56] := 56;
set c[25,77] := 77;
set c[25,8] := 8;
set c[25,20] := 20;
set c[25,43] := 43;
set c[25,32] := 32;
set c[25,17] := 17;
set c[25,70] := 70;
set c[25,52] := 52;
set c[25,61] := 61;
set c[25,31] := 31;
set c[25,68] := 68;
set c[25,63] := 63;
set c[25,64] := 64;
set c[25,13] := 13;
set c[25,100] := 100;
set c[25,42] := 42;
set c[25,91] := 91;
set c[25,85] := 85;
set c[25,79] := 79;
set c[25,72] := 72;
set c[25,27] := 27;
set c[25,48] := 48;
set c[25,98] := 98;
set c[25,45] := 45;
set c[25,47] := 47;
set c[25,12] := 12;
set c[25,78] := 78;
set c[26,92] := 92 81 88 90 26;
set c[26,55] := 55 60 59 71;
set c[26,30] := 30 35 21 67 16 15 4 46 97 37;
set c[26,3] := 3 50 39 54 74;
set c[26,65] := 65 96 23 62;
set c[26,1] := 1 51 29 73 6 5 10 57 66;
set c[26,22] := 22 40;
set c[26,69] := 69 38 33 19 36 9 89 93 94;
set c[26,75] := 75;
set c[26,53] := 53;
set c[26,34] := 34;
set c[26,80] := 80;
set c[26,84] := 84;
set c[26,24] := 24;
set c[26,58] := 58;
set c[26,86] := 86;
set c[26,41] := 41 2;
set c[26,25] := 25;
set c[26,49] := 49;
set c[26,7] := 7;
set c[26,99] := 99 83;
set c[26,87] := 87 11;
set c[26,44] := 44;
set c[26,18] := 18;
set c[26,95] := 95;
set c[26,76] := 76;
set c[26,82] := 82;
set c[26,14] := 14;
set c[26,28] := 28;
set c[26,56] := 56;
set c[26,77] := 77;
set c[26,8] := 8;
set c[26,20] := 20;
set c[26,43] := 43;
set c[26,32] := 32;
set c[26,17] := 17;
set c[26,70] := 70;
set c[26,52] := 52;
set c[26,61] := 61;
set c[26,31] := 31;
set c[26,68] := 68;
set c[26,63] := 63;
set c[26,64] := 64;
set c[26,13] := 13;
set c[26,100] := 100;
set c[26,42] := 42;
set c[26,91] := 91;
set c[26,85] := 85;
set c[26,79] := 79;
set c[26,72] := 72;
set c[26,27] := 27;
set c[26,48] := 48;
set c[26,98] := 98;
set c[26,45] := 45;
set c[26,47] := 47;
set c[26,12] := 12;
set c[26,78] := 78;
set c[27,90] := 90 92 81 88 26;
set c[27,55] := 55 60 59 71;
set c[27,30] := 30 35 21 67 16 15 4 46 97 37;
set c[27,50] := 50 3 39 54 74;
set c[27,65] := 65 96 23 62;
set c[27,1] := 1 51 29 73 6 5 10 57 66;
set c[27,22] := 22 40;
set c[27,19] := 19 69 38 33 36 9 89 93 94;
set c[27,75] := 75;
set c[27,53] := 53;
set c[27,34] := 34;
set c[27,80] := 80;
set c[27,84] := 84;
set c[27,24] := 24;
set c[27,58] := 58;
set c[27,86] := 86;
set c[27,41] := 41 2;
set c[27,25] := 25;
set c[27,49] := 49;
set c[27,7] := 7;
set c[27,99] := 99 83;
set c[27,87] := 87 11;
set c[27,44] := 44;
set c[27,18] := 18;
set c[27,95] := 95;
set c[27,76] := 76;
set c[27,82] := 82;
set c[27,14] := 14;
set c[27,28] := 28;
set c[27,56] := 56;
set c[27,77] := 77;
set c[27,8] := 8;
set c[27,20] := 20;
set c[27,43] := 43;
set c[27,32] := 32;
set c[27,17] := 17;
set c[27,70] := 70;
set c[27,52] := 52;
set c[27,61] := 61;
set c[27,31] := 31;
set c[27,68] := 68;
set c[27,63] := 63;
set c[27,64] := 64;
set c[27,13] := 13;
set c[27,100] := 100;
set c[27,42] := 42;
set c[27,91] := 91;
set c[27,85] := 85;
set c[27,79] := 79;
set c[27,72] := 72;
set c[27,27] := 27;
set c[27,48] := 48;
set c[27,98] := 98;
set c[27,45] := 45;
set c[27,47] := 47;
set c[27,12] := 12;
set c[27,78] := 78;
set c[28,90] := 90 92 81 88 26;
set c[28,55] := 55 60 59 71;
set c[28,30] := 30 35 21 67 16 15 4 46 97 37;
set c[28,54] := 54 50 3 39 74;
set c[28,65] := 65 96 23 62;
set c[28,1] := 1 51 29 73 6 5 10 57 66;
set c[28,22] := 22 40;
set c[28,19] := 19 69 38 33 36 9 89 93 94;
set c[28,75] := 75;
set c[28,53] := 53;
set c[28,34] := 34;
set c[28,80] := 80;
set c[28,84] := 84;
set c[28,24] := 24;
set c[28,58] := 58;
set c[28,86] := 86;
set c[28,41] := 41 2;
set c[28,25] := 25;
set c[28,49] := 49;
set c[28,7] := 7;
set c[28,99] := 99 83;
set c[28,87] := 87 11;
set c[28,44] := 44;
set c[28,18] := 18;
set c[28,95] := 95;
set c[28,76] := 76;
set c[28,82] := 82;
set c[28,14] := 14;
set c[28,28] := 28;
set c[28,56] := 56;
set c[28,77] := 77;
set c[28,8] := 8;
set c[28,20] := 20;
set c[28,43] := 43;
set c[28,32] := 32;
set c[28,17] := 17;
set c[28,70] := 70;
set c[28,52] := 52;
set c[28,61] := 61;
set c[28,31] := 31;
set c[28,68] := 68;
set c[28,63] := 63;
set c[28,64] := 64;
set c[28,13] := 13;
set c[28,100] := 100;
set c[28,42] := 42;
set c[28,91] := 91;
set c[28,85] := 85;
set c[28,79] := 79;
set c[28,72] := 72;
set c[28,27] := 27;
set c[28,48] := 48;
set c[28,98] := 98;
set c[28,45] := 45;
set c[28,47] := 47;
set c[28,12] := 12;
set c[28,78] := 78;
set c[29,81] := 81 90 92 88 26;
set c[29,60] := 60 55 59 71;
set c[29,30] := 30 35 21 67 16 15 4 46 97 37;
set c[29,50] := 50 54 3 39 74;
set c[29,23] := 23 65 96 62;
set c[29,1] := 1 51 29 73 6 5 10 57 66;
set c[29,22] := 22 40;
set c[29,69] := 69 19 38 33 36 9 89 93 94;
set c[29,75] := 75;
set c[29,53] := 53;
set c[29,34] := 34;
set c[29,80] := 80;
set c[29,84] := 84;
set c[29,24] := 24;
set c[29,58] := 58;
set c[29,86] := 86;
set c[29,41] := 41 2;
set c[29,25] := 25;
set c[29,49] := 49;
set c[29,7] := 7;
set c[29,99] := 99 83;
set c[29,87] := 87 11;
set c[29,44] := 44;
set c[29,18] := 18;
set c[29,95] := 95;
set c[29,76] := 76;
set c[29,82] := 82;
set c[29,14] := 14;
set c[29,28] := 28;
set c[29,56] := 56;
set c[29,77] := 77;
set c[29,8] := 8;
set c[29,20] := 20;
set c[29,43] := 43;
set c[29,32] := 32;
set c[29,17] := 17;
set c[29,70] := 70;
set c[29,52] := 52;
set c[29,61] := 61;
set c[29,31] := 31;
set c[29,68] := 68;
set c[29,63] := 63;
set c[29,64] := 64;
set c[29,13] := 13;
set c[29,100] := 100;
set c[29,42] := 42;
set c[29,91] := 91;
set c[29,85] := 85;
set c[29,79] := 79;
set c[29,72] := 72;
set c[29,27] := 27;
set c[29,48] := 48;
set c[29,98] := 98;
set c[29,45] := 45;
set c[29,47] := 47;
set c[29,12] := 12;
set c[29,78] := 78;
set c[30,92] := 92 81 90 88 26;
set c[30,59] := 59 60 55 71;
set c[30,30] := 30 35 21 67 16 15 4 46 97 37;
set c[30,3] := 3 50 54 39 74;
set c[30,96] := 96 23 65 62;
set c[30,6] := 6 1 51 29 73 5 10 57 66;
set c[30,22] := 22 40;
set c[30,89] := 89 69 19 38 33 36 9 93 94;
set c[30,75] := 75;
set c[30,53] := 53;
set c[30,34] := 34;
set c[30,80] := 80;
set c[30,84] := 84;
set c[30,24] := 24;
set c[30,58] := 58;
set c[30,86] := 86;
set c[30,41] := 41 2;
set c[30,25] := 25;
set c[30,49] := 49;
set c[30,7] := 7;
set c[30,99] := 99 83;
set c[30,87] := 87 11;
set c[30,44] := 44;
set c[30,18] := 18;
set c[30,95] := 95;
set c[30,76] := 76;
set c[30,82] := 82;
set c[30,14] := 14;
set c[30,28] := 28;
set c[30,56] := 56;
set c[30,77] := 77;
set c[30,8] := 8;
set c[30,20] := 20;
set c[30,43] := 43;
set c[30,32] := 32;
set c[30,17] := 17;
set c[30,70] := 70;
set c[30,52] := 52;
set c[30,61] := 61;
set c[30,31] := 31;
set c[30,68] := 68;
set c[30,63] := 63;
set c[30,64] := 64;
set c[30,13] := 13;
set c[30,100] := 100;
set c[30,42] := 42;
set c[30,91] := 91;
set c[30,85] := 85;
set c[30,79] := 79;
set c[30,72] := 72;
set c[30,27] := 27;
set c[30,48] := 48;
set c[30,98] := 98;
set c[30,45] := 45;
set c[30,47] := 47;
set c[30,12] := 12;
set c[30,78] := 78;

