#erel:= 0.800;
#emax:= 1256.372;
#q:= 0.000;
#nesce:=    65;
#etime:= 1.261;
#snodes:=  1526;
param nS:=   100;
param nSG:=    30;
param nRVSG :=
 1 24    4 24    7  2   10  2   13  2   16  2   19  2   22  2   25  2   28  2
 2 24    5  2    8  2   11  2   14  2   17  2   20  2   23  2   26  2   29  2
 3 24    6  2    9  2   12  2   15 12   18  2   21  2   24  2   27  2   30 24
;

param ScenF :=
  1  84.5069      46   8.32984     91 140.885      136   0.1449
  2  89.6497      47   0           92 131.493      137   1.08385
  3  78.9819      48   0           93 120.428      138   0.0993
  4  70.147       49  94.3355      94 124.944      139   1.15435
  5  72.209       50  86.7918      95 122.024      140   0.0437
  6  64.802       51  73.914       96 103.27       141   1.19671
  7  79.1705      52  54.7019      97   0.643674   142   0.0032
  8 117.682       53  42.9264      98   0          143   1.17889
  9 132.062       54  40.6526      99   0.699075   144   0
 10 110.328       55  69.4151     100   0          145   1.11016
 11  94.6991      56 107.244      101   0.762638   146   0
 12  95.7217      57 117.724      102   0          147   1.04491
 13  86.9218      58  93.245      103   0.727616   148   0
 14  88.8577      59  50.6482     104   0          149   0.987613
 15  84.114       60  33.7439     105   0.68468    150   0
 16  85.5685      61  25.7346     106   0          151   0.952127
 17 116.519       62  39.267      107   0.641091   152   0
 18 139.281       63  44.0822     108   0          153   0.915608
 19 136.406       64  59.1171     109   0.654186   154   0
 20 111.692       65  98.1031     110   0          155   0.850078
 21 102.941       66 125.989      111   0.719031   156   0
 22  96.5534      67 138.964      112   0.0124     157   0
 23  86.8945      68  91.6669     113   0.779688   158   0.450626
 24  78.2607      69  80.5694     114   0.0879     159   0.549745
 25  10.6221      70  98.3327     115   0.791961   160   1.07097
 26  13.9973      71 106.003      116   0.1715     161   0.77982
 27  11.5017      72  82.8321     117 110.477      162   0
 28   6.26019     73  63.7921     118 111.472      163   0.552742
 29   1.7082      74  88.9769     119 106.607      164   0.377062
 30   3.62361     75  76.9456     120 111.291      165   0.23189
 31   0           76  65.7035     121  91.3237     166   0
 32   0           77  58.7742     122 110.87       167   0
 33   0           78  68.5379     123 134.036      168   0
 34   0           79  90.8277     124 145.998      169   0
 35   1.53099     80  92.2024     125 118.341      170   0
 36  18.7391      81 124.481      126 129.552      171  32.6287
 37  27.3197      82  85.0167     127 114.248      172  28.8197
 38  29.7385      83  88.2925     128 100.385      173   0
 39  33.3806      84  76.8849     129   0.813041   174   2.36278
 40  25.2619      85  57.2104     130   0.193      175  20.2156
 41  14.9204      86  58.1378     131   0.876702   176   0.837545
 42  20.6021      87  55.0786     132   0.166      177   0.420099
 43   9.67503     88  45.8427     133   0.942981   178   0.483861
 44   0           89  58.7888     134   0.1521     179   0.718743
 45  24.4102      90 103.866      135   1.00886    180   1.09974
;

param ScenO :=
  1  90.2         46  18.24        91 151.82       136   0.546
  2  90           47  14.48        92 155.68       137   0.011
  3  89.53        48  36.2         93 140.96       138   0.424
  4  89.99        49  98.12        94 135.62       139   0.056
  5  90.2         50  99.05        95 124.49       140   0.242
  6  95.74        51  98.12        96 112.38       141   0.155
  7 110.99        52  98.12        97   0.668      142   0.035
  8 125.28        53  99.05        98   0          143   0.258
  9 134.11        54  99.05        99   0.546      144   0
 10 125.8         55 106          100   0          145   0.337
 11 121.71        56 117.78       101   0.363      146   0
 12 120.76        57 124.11       102   0          147   0.386
 13 119.8         58 113.9        103   0.201      148   0
 14 120.76        59 108.41       104   0          149   0.41
 15 122.54        60 105.61       105   0.138      150   0
 16 126.04        61 104.89       106   0          151   0.413
 17 133.12        62 107.11       107   0.167      152   0
 18 136.23        63 107.2        108   0          153   0.394
 19 146.26        64 109.05       109   0.245      154   0
 20 151.63        65 121.11       110   0          155   0.358
 21 140.1         66 129.22       111   0.278      156   0
 22 129.81        67 140.76       112   0.042      157   0.87561
 23 123.28        68 147.8        113   0.207      158   0.727222
 24 112.91        69 140.1        114   0.185      159   1.26717
 25  60.92        70 127.94       115   0.135      160   0.862763
 26  53.92        71 121.28       116   0.347      161   0.83459
 27  60           72 109.91       117 106.66       162   0.815438
 28  60.56        73 108.22       118 102.6        163   0.672583
 29  60.36        74 106.34       119  99.99       164   0.726852
 30  59.84        75 102.74       120 118.88       165   0.79308
 31  51.88        76  97.3        121 131.57       166   0.984579
 32  37.88        77 101.29       122 146.26       167   0.998603
 33  36.36        78 102.88       123 147.76       168   0.833471
 34  27.48        79 101          124 151.74       169   1.0783
 35  52.04        80 123.28       125 144.1        170   0.936568
 36  44.68        81 138.67       126 146.56       171   1.30194
 37  41.84        82 130.04       127 128.7        172   0.7596
 38  47.28        83 121.71       128 115.98       173   0.666466
 39  23.76        84 108.68       129   0.113      174   0.749615
 40  52.76        85 107.82       130   0.477      175   0.698482
 41  25.2         86 108.68       131   0.08       176   0.714766
 42  22.04        87 112.74       132   0.581      177   0.728908
 43  20.24        88 125.05       133   0.041      178   0.722749
 44  20.72        89 133.12       134   0.606      179   0.808971
 45  16.84        90 144          135   0.013      180   0.647507
;

param Scen0 (tr)
 :    1	    2	    3	    4	    5	    6	    7	    8	    9	   10	   11	   12	   13	   14	   15	   16	   17	   18	   19	   20	   21	   22	   23	   24	   25	   26	   27	   28	   29	   30	   31	   32	   33	   34	   35	   36	   37	   38	   39	   40	   41	   42	   43	   44	   45	   46	   47	   48	   49	   50	   51	   52	   53	   54	   55	   56	   57	   58	   59	   60	   61	   62	   63	   64	   65	   66	   67	   68	   69	   70	   71	   72	   73	   74	   75	   76	   77	   78	   79	   80	   81	   82	   83	   84	   85	   86	   87	   88	   89	   90	   91	   92	   93	   94	   95	   96	   97	   98	   99	  100	  101	  102	  103	  104	  105	  106	  107	  108	  109	  110	  111	  112	  113	  114	  115	  116	  117	  118	  119	  120	  121	  122	  123	  124	  125	  126	  127	  128	  129	  130	  131	  132	  133	  134	  135	  136	  137	  138	  139	  140	  141	  142	  143	  144	  145	  146	  147	  148	  149	  150	  151	  152	  153	  154	  155	  156	  157	  158	  159	  160	  161	  162	  163	  164	  165	  166	  167	  168	  169	  170	  171	  172	  173	  174	  175	  176	  177	  178	  179	  180	:=
    1	90.200000	90.000000	89.530000	89.990000	90.200000	95.740000	110.990000	125.280000	134.110000	125.800000	121.710000	120.760000	119.800000	120.760000	122.540000	126.040000	133.120000	136.230000	146.260000	151.630000	140.100000	129.810000	123.280000	112.910000	60.920000	6.623310	0.000000	0.000000	0.000000	0.000000	0.000000	0.000000	0.000000	8.682720	20.667400	15.253400	27.612200	29.279900	33.704800	23.962300	25.478100	17.482400	32.509100	53.327300	50.674200	3.908760	0.813277	0.000000	98.120000	81.693100	68.217800	51.669200	28.109200	34.093400	60.327400	106.238000	117.953000	88.660700	55.964600	37.053700	33.977200	47.115800	45.015800	65.203000	95.454900	108.990000	136.981000	105.995000	80.983500	102.173000	105.529000	93.310100	108.220000	86.996400	78.904500	74.844200	65.920200	77.665500	93.376500	112.504000	116.998000	104.357000	98.006600	55.849200	53.757400	39.305800	30.884500	46.338400	66.023400	107.923000	131.473000	117.812000	103.204000	124.956000	122.421000	112.215000	0.668000	0.000000	0.733698	0.000000	0.752150	0.000000	0.732548	0.000000	0.817019	0.000000	0.781837	0.000000	0.916335	0.000000	0.989289	0.017800	0.991111	0.103000	0.943162	0.303800	106.660000	97.746800	100.738000	96.401400	87.851000	90.010900	101.376000	118.039000	95.757700	99.911200	106.657000	95.133200	0.923472	0.324200	0.942775	0.537500	0.970306	0.360000	1.017120	0.252200	1.108340	0.162300	1.197860	0.089400	1.214560	0.004700	0.969689	0.000000	0.907853	0.000000	0.793851	0.000000	0.694439	0.000000	0.655523	0.000000	0.651395	0.000000	0.640102	0.000000	0.875610	0.000000	0.149731	0.895383	0.000000	0.328550	0.077283	0.973571	0.623438	0.000000	1.534780	6.790930	0.000000	320.440000	69.639100	20.395700	0.000000	3.185740	8.752650	0.514063	0.622493	0.747718	0.640652	0.759757	
    2	90.200000	90.000000	89.530000	89.990000	90.200000	95.740000	110.990000	125.280000	134.110000	125.800000	121.710000	120.760000	119.800000	120.760000	122.540000	126.040000	133.120000	136.230000	146.260000	151.630000	140.100000	129.810000	123.280000	112.910000	60.920000	4.576060	0.000000	0.000000	0.000000	0.000000	0.000000	0.000000	0.000000	4.474000	0.000000	24.970500	32.795600	37.653900	41.322800	33.421700	23.691800	0.000000	18.695900	82.455900	50.648800	0.000000	0.000000	0.000000	98.120000	88.994000	71.952100	58.231100	50.882400	47.984500	74.072200	116.493000	129.752000	94.067500	59.245400	32.389200	32.156000	41.483100	58.257100	79.232800	113.252000	122.423000	153.225000	115.564000	88.590300	119.106000	117.099000	92.433000	108.220000	92.674200	83.671800	74.379500	72.904400	72.598300	93.057100	99.174900	106.129000	76.886200	80.704600	63.991100	59.170700	57.630600	59.820700	47.703500	64.114200	104.939000	139.156000	127.317000	111.616000	128.913000	118.989000	99.305500	0.668000	0.000000	0.695430	0.000000	0.737944	0.000000	0.736799	0.000000	0.725075	0.000000	0.707371	0.000000	0.747645	0.000000	0.808687	0.021300	0.808820	0.090400	0.791859	0.145200	106.660000	141.458000	149.499000	126.459000	131.794000	137.036000	145.213000	153.102000	107.595000	118.814000	113.205000	94.006400	0.804389	0.121000	0.824681	0.080400	0.860577	0.104200	0.917978	0.070500	1.125580	0.058500	1.185790	0.042300	1.225430	0.003100	1.224900	0.000000	1.193620	0.000000	1.142400	0.000000	1.094640	0.000000	1.048620	0.000000	0.984825	0.000000	0.916096	0.000000	0.875610	0.000000	0.000000	0.822320	0.000000	1.263820	0.000000	0.250420	0.532501	0.000000	38.405800	0.288690	0.000000	344.991000	62.244000	28.665400	0.000000	2.968180	2.466360	0.504689	0.709069	0.658600	0.662907	0.884906	
    3	90.200000	90.000000	89.530000	89.990000	90.200000	95.740000	110.990000	125.280000	134.110000	125.800000	121.710000	120.760000	119.800000	120.760000	122.540000	126.040000	133.120000	136.230000	146.260000	151.630000	140.100000	129.810000	123.280000	112.910000	60.920000	16.888300	10.880900	9.509230	4.044990	6.579200	0.000000	0.000000	0.000000	0.000000	5.113290	23.125800	32.149900	39.076900	37.005800	27.491000	19.520900	0.000000	16.090900	81.542300	39.474700	0.000000	0.000000	0.568638	98.120000	80.786500	69.206100	60.489300	47.737400	47.139300	80.939800	116.759000	126.004000	102.344000	54.804100	41.829300	37.266300	45.907800	46.809200	61.724500	99.898600	113.763000	140.839000	107.916000	94.823700	106.625000	112.359000	99.168500	108.220000	90.073700	72.834100	65.035500	60.520900	64.745300	94.118900	107.781000	124.087000	100.802000	100.477000	88.290500	90.357800	81.599100	77.250800	17.683300	36.403500	86.290800	135.554000	140.146000	125.536000	136.506000	120.427000	109.572000	0.668000	0.000000	0.726189	0.000000	0.775848	0.000000	0.748761	0.000000	0.716930	0.000000	0.642179	0.000000	0.675252	0.000000	0.722110	0.014900	0.783112	0.137100	0.848142	0.136600	106.660000	110.663000	107.400000	110.523000	95.774300	110.768000	131.407000	145.159000	118.679000	117.459000	114.602000	109.893000	0.818340	0.260600	0.850472	0.193400	0.971727	0.103100	1.042590	0.071500	1.101490	0.066100	1.221690	0.038300	1.266760	0.004500	1.249260	0.000000	1.188340	0.000000	1.134220	0.000000	1.058550	0.000000	0.997448	0.000000	0.957859	0.000000	0.890151	0.000000	0.875610	0.625254	0.616510	0.892520	0.661408	0.864200	0.538864	0.651956	0.673818	0.000000	18.413900	0.000000	0.000000	363.318000	57.832900	33.565800	0.000000	2.238840	1.174090	0.609119	0.738484	0.891542	0.777238	1.183500	
    4	90.200000	90.000000	89.530000	89.990000	90.200000	95.740000	110.990000	125.280000	134.110000	125.800000	121.710000	120.760000	119.800000	120.760000	122.540000	126.040000	133.120000	136.230000	146.260000	151.630000	140.100000	129.810000	123.280000	112.910000	60.920000	22.298200	12.053600	5.633000	9.625520	5.786410	0.000000	0.000000	0.000000	20.001500	0.000000	14.177200	27.462900	20.512700	28.736600	21.891300	15.057000	0.000000	5.585910	86.503000	22.415400	0.000000	0.000000	0.000000	98.120000	74.062000	64.247800	53.395400	37.624600	34.392700	57.117600	86.390000	114.329000	80.946400	48.021500	35.379100	35.767400	41.751800	42.256000	58.760100	90.863700	109.247000	130.496000	98.297000	75.337600	99.398600	95.550400	84.329300	108.220000	82.557800	70.307900	59.236100	52.271800	58.707200	82.571700	98.450500	106.146000	88.150500	94.123100	54.483600	57.597200	58.642300	53.834900	35.856700	54.143700	106.252000	135.752000	116.235000	107.593000	118.613000	111.427000	96.104300	0.668000	0.000000	0.716040	0.000000	0.769076	0.000000	0.794928	0.000000	0.756649	0.000000	0.781837	0.000000	0.877695	0.000000	0.918028	0.013800	0.949483	0.180900	0.933958	0.361500	106.660000	114.829000	116.701000	122.070000	119.253000	122.374000	130.393000	157.613000	104.807000	110.560000	100.765000	92.604000	0.914156	0.236100	0.927491	0.216600	0.956623	0.201100	1.008840	0.099100	1.089530	0.052300	1.190330	0.028300	1.264920	0.003000	1.267250	0.000000	1.204690	0.000000	1.119860	0.000000	1.032650	0.000000	0.981092	0.000000	0.942557	0.000000	0.850454	0.000000	0.875610	0.324100	0.615614	1.367990	0.000000	0.003096	0.353303	0.494490	0.406711	0.000000	2.375450	1.397080	25.462100	475.903000	26.625800	35.456600	19.948300	5.055650	0.000000	0.870451	0.540195	0.614821	0.570316	0.496096	
    5	90.200000	90.000000	89.530000	89.990000	90.200000	95.740000	110.990000	125.280000	134.110000	125.800000	121.710000	120.760000	119.800000	120.760000	122.540000	126.040000	133.120000	136.230000	146.260000	151.630000	140.100000	129.810000	123.280000	112.910000	60.920000	1.962480	12.096900	0.000000	0.000000	0.000000	0.000000	0.000000	0.000000	3.099690	9.765420	22.047000	25.819500	31.319600	34.989800	24.829500	19.097600	0.000000	7.970480	28.700700	40.297800	9.270830	0.000000	0.838913	98.120000	85.447300	70.659900	55.874900	44.768700	44.758600	70.631100	112.759000	113.537000	86.704100	56.433000	35.285900	37.398900	50.298100	54.637900	73.998400	84.894900	107.989000	126.840000	84.621100	70.664800	93.416200	109.225000	94.491900	108.220000	92.613400	67.155300	63.350400	55.998900	68.534100	88.249200	101.178000	100.407000	81.299700	94.592700	72.089300	64.742800	71.629600	55.757000	50.705300	68.117200	114.003000	146.708000	141.258000	126.751000	117.418000	125.826000	117.072000	0.668000	0.000000	0.709523	0.000000	0.748918	0.000000	0.736799	0.000000	0.678551	0.000000	0.652330	0.000000	0.677755	0.000000	0.723259	0.013500	0.745592	0.088300	0.807844	0.210700	106.660000	100.639000	94.921500	98.524600	93.446500	117.044000	130.595000	148.799000	105.681000	101.878000	113.597000	97.511500	0.800189	0.304300	0.903139	0.387900	0.978645	0.320300	0.959393	0.107500	1.083530	0.130500	1.200440	0.074600	1.266240	0.003800	1.271430	0.000000	1.183300	0.000000	1.105520	0.000000	1.063040	0.000000	1.039160	0.000000	0.985053	0.000000	0.909310	0.000000	0.875610	0.000000	0.000000	0.822320	0.000000	1.263820	0.000000	0.618917	0.614981	0.000000	4.507650	0.000000	2.598880	282.733000	87.787600	36.711500	0.000000	3.493550	42.474600	0.750283	0.718700	0.688064	0.772497	0.742485	
    6	90.200000	90.000000	89.530000	89.990000	90.200000	95.740000	110.990000	125.280000	134.110000	125.800000	121.710000	120.760000	119.800000	120.760000	122.540000	126.040000	133.120000	136.230000	146.260000	151.630000	140.100000	129.810000	123.280000	112.910000	60.920000	1.962480	12.096900	0.000000	0.000000	0.000000	0.000000	0.000000	0.000000	3.099690	9.765420	22.047000	25.819500	31.319600	34.989800	24.829500	19.097600	0.000000	7.970480	28.700700	40.297800	9.270830	0.000000	0.838913	98.120000	85.447300	70.659900	55.874900	44.768700	44.758600	70.631100	112.759000	113.537000	86.704100	56.433000	35.285900	37.398900	50.298100	54.637900	73.998400	84.894900	107.989000	126.840000	84.621100	70.664800	93.416200	109.225000	94.491900	108.220000	92.613400	67.155300	63.350400	55.998900	68.534100	88.249200	101.178000	100.407000	81.299700	94.592700	72.089300	64.742800	71.629600	55.757000	50.705300	68.117200	114.003000	146.708000	141.258000	126.751000	117.418000	125.826000	117.072000	0.668000	0.000000	0.709523	0.000000	0.748918	0.000000	0.736799	0.000000	0.678551	0.000000	0.652330	0.000000	0.677755	0.000000	0.723259	0.013500	0.745592	0.088300	0.682166	0.229500	106.660000	109.892000	77.240300	84.476100	73.936200	70.942100	76.009600	97.897800	76.749200	74.671500	81.717900	76.089100	0.694407	0.387200	0.761715	0.458000	0.859243	0.236400	0.956514	0.210400	1.043900	0.122700	1.118600	0.062400	1.183370	0.003300	1.191950	0.000000	1.114110	0.000000	1.036370	0.000000	0.965980	0.000000	0.942276	0.000000	0.923967	0.000000	0.877655	0.000000	0.875610	0.187588	0.682385	0.144360	0.000000	0.679645	0.567168	0.561540	0.846027	0.000000	20.890600	0.000000	0.000000	481.740000	94.973500	43.823000	0.000000	5.329070	0.000000	1.180490	0.764351	0.848417	0.651230	0.773981	
    7	90.200000	90.000000	89.530000	89.990000	90.200000	95.740000	110.990000	125.280000	134.110000	125.800000	121.710000	120.760000	119.800000	120.760000	122.540000	126.040000	133.120000	136.230000	146.260000	151.630000	140.100000	129.810000	123.280000	112.910000	60.920000	16.231900	6.478350	3.703900	0.000000	0.000000	0.000000	0.000000	15.036100	0.000000	0.000000	8.280730	21.668500	27.492400	32.342600	27.464800	22.118200	15.849700	0.721235	40.215100	30.586800	1.665920	0.000000	5.190460	98.120000	74.990000	62.720200	51.400400	50.626200	53.167300	73.489400	117.397000	142.555000	84.613300	44.678600	22.331400	13.527900	28.425800	26.481200	47.944800	91.406300	105.220000	133.850000	96.672200	93.351800	124.047000	111.869000	106.731000	108.220000	99.880400	77.491400	69.788000	67.203500	65.720000	99.618300	105.062000	116.523000	86.020500	81.661200	52.382900	46.508800	73.945900	57.800700	46.082300	66.837900	105.598000	135.941000	131.276000	125.520000	156.872000	141.149000	110.429000	0.668000	0.000000	0.556183	0.000000	0.598686	0.000000	0.602161	0.000000	0.589320	0.000000	0.574196	0.000000	0.553430	0.000000	0.499256	0.009300	0.520856	0.043000	0.531508	0.077600	106.660000	66.876100	65.982400	70.431700	65.393400	78.829400	85.780700	118.912000	104.611000	109.694000	110.428000	118.468000	0.543195	0.166600	0.592362	0.108400	0.681334	0.165300	0.789757	0.110400	0.917247	0.095900	1.049920	0.060500	1.106220	0.003400	1.092890	0.000000	1.019420	0.000000	0.928396	0.000000	0.840039	0.000000	0.779855	0.000000	0.738439	0.000000	0.677483	0.000000	0.875610	0.033153	0.600699	1.048110	0.000000	0.000000	0.000000	0.552045	0.458481	1.009960	0.000000	0.000000	0.000000	418.252000	53.958800	34.804800	0.000000	2.162620	13.918100	0.835277	0.683608	0.631512	0.703514	0.586748	
    8	90.200000	90.000000	89.530000	89.990000	90.200000	95.740000	110.990000	125.280000	134.110000	125.800000	121.710000	120.760000	119.800000	120.760000	122.540000	126.040000	133.120000	136.230000	146.260000	151.630000	140.100000	129.810000	123.280000	112.910000	60.920000	1.962480	12.096900	0.000000	0.000000	0.000000	0.000000	0.000000	0.000000	3.099690	9.765420	22.047000	25.819500	31.319600	34.989800	24.829500	19.097600	0.000000	7.970480	28.700700	40.297800	9.270830	0.000000	0.838913	98.120000	85.447300	70.659900	55.874900	44.768700	44.758600	70.631100	112.759000	113.537000	86.704100	56.433000	35.285900	37.398900	50.298100	54.637900	73.998400	84.894900	107.989000	126.840000	84.621100	70.664800	93.416200	109.225000	94.491900	108.220000	92.613400	67.155300	63.350400	55.998900	68.534100	88.249200	101.178000	100.407000	81.299700	94.592700	72.089300	64.742800	71.629600	55.757000	50.705300	68.117200	114.003000	146.708000	141.258000	126.751000	117.418000	125.826000	117.072000	0.668000	0.000000	0.709523	0.000000	0.748918	0.000000	0.736799	0.000000	0.678551	0.000000	0.652330	0.000000	0.677755	0.000000	0.723259	0.013500	0.745592	0.088300	0.840817	0.126900	106.660000	120.744000	115.529000	114.195000	129.177000	126.940000	174.641000	141.962000	109.405000	115.737000	115.647000	110.743000	0.835909	0.136900	0.890821	0.097000	0.954117	0.129400	1.019760	0.125200	1.082120	0.112400	1.131110	0.065200	1.162920	0.003100	1.169700	0.000000	1.085010	0.000000	0.997460	0.000000	0.950147	0.000000	0.939795	0.000000	0.922449	0.000000	0.868805	0.000000	0.875610	0.815194	1.160450	1.565920	0.000000	0.000000	0.711784	0.476228	0.785287	1.310970	14.510500	0.000000	0.000000	496.369000	51.333000	30.110000	12.771300	0.000000	9.757160	0.661550	0.725338	0.699518	0.695399	0.698609	
    9	90.200000	90.000000	89.530000	89.990000	90.200000	95.740000	110.990000	125.280000	134.110000	125.800000	121.710000	120.760000	119.800000	120.760000	122.540000	126.040000	133.120000	136.230000	146.260000	151.630000	140.100000	129.810000	123.280000	112.910000	60.920000	1.962480	12.096900	0.000000	0.000000	0.000000	0.000000	0.000000	0.000000	3.099690	9.765420	22.047000	25.819500	31.319600	34.989800	24.829500	19.097600	0.000000	7.970480	28.700700	40.297800	9.270830	0.000000	0.838913	98.120000	85.447300	70.659900	55.874900	44.768700	44.758600	70.631100	112.759000	113.537000	86.704100	56.433000	35.285900	37.398900	50.298100	54.637900	73.998400	84.894900	107.989000	126.840000	84.621100	70.664800	93.416200	109.225000	94.491900	108.220000	92.613400	67.155300	63.350400	55.998900	68.534100	88.249200	101.178000	100.407000	81.299700	94.592700	72.089300	64.742800	71.629600	55.757000	50.705300	68.117200	114.003000	146.708000	141.258000	126.751000	117.418000	125.826000	117.072000	0.668000	0.000000	0.709523	0.000000	0.748918	0.000000	0.736799	0.000000	0.678551	0.000000	0.652330	0.000000	0.677755	0.000000	0.723259	0.013500	0.745592	0.088300	0.807844	0.210700	106.660000	100.639000	94.921500	98.524600	93.446500	117.044000	130.595000	148.799000	105.681000	101.878000	113.597000	97.511500	0.800189	0.304300	0.903139	0.387900	0.978645	0.320300	0.959393	0.107500	1.083530	0.130500	1.200440	0.074600	1.266240	0.003800	1.271430	0.000000	1.183300	0.000000	1.105520	0.000000	1.063040	0.000000	1.039160	0.000000	0.985053	0.000000	0.909310	0.000000	0.875610	0.000000	0.000000	0.822320	0.000000	1.263820	0.000000	0.618917	0.614981	0.000000	4.507650	0.000000	2.598880	282.733000	87.787600	36.711500	0.000000	3.493550	42.474600	0.750283	0.718700	0.688064	0.772497	0.742485	
   10	90.200000	90.000000	89.530000	89.990000	90.200000	95.740000	110.990000	125.280000	134.110000	125.800000	121.710000	120.760000	119.800000	120.760000	122.540000	126.040000	133.120000	136.230000	146.260000	151.630000	140.100000	129.810000	123.280000	112.910000	60.920000	14.736600	9.398790	2.638170	2.308400	4.884320	3.306880	0.000000	0.000000	1.551060	0.000000	14.155200	30.050300	31.759800	33.266700	18.786100	22.648200	9.018760	12.333500	89.191900	62.990500	0.000000	2.236960	0.000000	98.120000	83.518600	62.709000	56.053800	49.253100	56.691500	86.693600	112.992000	119.295000	101.564000	51.883300	18.447700	15.017800	29.666800	13.226500	35.129200	74.942600	118.814000	132.795000	110.656000	71.367900	101.001000	106.421000	94.382200	108.220000	78.336300	61.000900	60.723300	64.427300	70.996300	97.198300	112.370000	107.664000	88.178600	102.451000	70.901900	72.397100	67.400400	62.617200	55.984600	67.355800	101.098000	139.188000	146.121000	127.260000	146.732000	125.018000	115.066000	0.668000	0.000000	0.704105	0.000000	0.741962	0.000000	0.710702	0.000000	0.700204	0.000000	0.649980	0.000000	0.645972	0.000000	0.672931	0.006700	0.735812	0.037600	0.786131	0.066100	106.660000	88.736400	84.914000	87.095400	108.833000	115.377000	128.888000	121.543000	109.948000	102.412000	107.657000	95.123800	0.766004	0.169800	0.804736	0.169400	0.875917	0.120600	0.953332	0.138400	1.052040	0.100700	1.126100	0.046500	1.193700	0.002200	1.172010	0.000000	1.117330	0.000000	1.054510	0.000000	0.976162	0.000000	0.943208	0.000000	0.922376	0.000000	0.876828	0.000000	0.875610	0.038111	0.253241	0.376880	0.000000	0.184512	0.193945	0.785587	0.395161	0.000000	0.924747	0.000000	0.000000	374.672000	61.575400	31.734900	0.000000	2.397600	6.126590	0.616933	0.188886	0.651667	0.709303	1.068150	
   11	90.200000	90.000000	89.530000	89.990000	90.200000	95.740000	110.990000	125.280000	134.110000	125.800000	121.710000	120.760000	119.800000	120.760000	122.540000	126.040000	133.120000	136.230000	146.260000	151.630000	140.100000	129.810000	123.280000	112.910000	60.920000	1.962480	12.096900	0.000000	0.000000	0.000000	0.000000	0.000000	0.000000	3.099690	9.765420	22.047000	25.819500	31.319600	34.989800	24.829500	19.097600	0.000000	7.970480	28.700700	40.297800	9.270830	0.000000	0.838913	98.120000	85.447300	70.659900	55.874900	44.768700	44.758600	70.631100	112.759000	113.537000	86.704100	56.433000	35.285900	37.398900	50.298100	54.637900	73.998400	84.894900	107.989000	126.840000	84.621100	70.664800	93.416200	109.225000	94.491900	108.220000	92.613400	67.155300	63.350400	55.998900	68.534100	88.249200	101.178000	100.407000	81.299700	94.592700	72.089300	64.742800	71.629600	55.757000	50.705300	68.117200	114.003000	146.708000	141.258000	126.751000	117.418000	125.826000	117.072000	0.668000	0.000000	0.709523	0.000000	0.748918	0.000000	0.736799	0.000000	0.678551	0.000000	0.652330	0.000000	0.677755	0.000000	0.723259	0.013500	0.745592	0.088300	0.844528	0.150200	106.660000	118.376000	119.770000	128.772000	121.008000	132.910000	139.190000	163.375000	138.821000	125.825000	118.349000	108.077000	0.877498	0.126100	0.943299	0.115200	1.020010	0.151100	1.103840	0.230500	1.184970	0.183800	1.240440	0.069900	1.391480	0.005800	1.359760	0.000000	1.293770	0.000000	1.218210	0.000000	1.168660	0.000000	1.140160	0.000000	1.125800	0.000000	1.108020	0.000000	0.875610	0.000000	0.000000	0.331657	0.000000	0.000000	0.000000	0.080606	0.440427	0.112931	0.000000	4.881730	29.780700	349.676000	171.993000	57.462200	0.000000	3.660110	17.159100	0.565566	0.652990	0.498181	0.373930	0.446622	
   12	90.200000	90.000000	89.530000	89.990000	90.200000	95.740000	110.990000	125.280000	134.110000	125.800000	121.710000	120.760000	119.800000	120.760000	122.540000	126.040000	133.120000	136.230000	146.260000	151.630000	140.100000	129.810000	123.280000	112.910000	60.920000	7.970910	2.676170	0.000000	0.379549	1.371810	1.638420	13.170800	0.000000	0.000000	0.000000	13.675100	20.550600	25.612800	29.365300	22.311000	14.800000	11.257700	16.018300	66.812100	52.794000	0.000000	0.000000	0.000000	98.120000	87.344000	74.351700	62.595700	47.582100	50.483700	76.701400	113.859000	120.571000	81.663900	46.899400	35.024600	33.266000	42.742700	58.574300	70.002700	107.690000	126.018000	131.592000	96.895600	82.291100	97.030300	109.551000	91.634600	108.220000	92.837500	72.256600	68.795000	75.604500	73.734000	97.067800	92.609600	130.113000	77.457000	90.136700	66.258700	73.051900	70.640400	58.102300	50.581800	67.306200	109.414000	157.951000	147.679000	132.308000	146.013000	135.681000	114.019000	0.668000	0.000000	0.688905	0.000000	0.716208	0.000000	0.688006	0.000000	0.661128	0.000000	0.649719	0.000000	0.683022	0.000000	0.747924	0.018800	0.829605	0.053700	0.814402	0.150100	106.660000	109.652000	118.652000	120.872000	110.062000	122.298000	153.841000	154.869000	136.734000	137.073000	123.735000	118.046000	0.800202	0.177000	0.836701	0.187900	0.960322	0.141600	1.033770	0.266500	1.086780	0.097100	1.136690	0.048400	1.181590	0.002900	1.162370	0.000000	1.037760	0.000000	0.975579	0.000000	0.944253	0.000000	0.949203	0.000000	0.928442	0.000000	0.889915	0.000000	0.875610	0.172266	0.404848	1.548850	1.562220	0.819807	0.156874	0.546698	0.373937	0.000000	25.988600	0.000000	0.000000	298.554000	52.638100	18.578200	22.514400	4.337880	42.278200	0.290806	0.586235	0.554067	0.461253	0.637396	
   13	90.200000	90.000000	89.530000	89.990000	90.200000	95.740000	110.990000	125.280000	134.110000	125.800000	121.710000	120.760000	119.800000	120.760000	122.540000	126.040000	133.120000	136.230000	146.260000	151.630000	140.100000	129.810000	123.280000	112.910000	60.920000	1.962480	12.096900	0.000000	0.000000	0.000000	0.000000	0.000000	0.000000	3.099690	9.765420	22.047000	25.819500	31.319600	34.989800	24.829500	19.097600	0.000000	7.970480	28.700700	40.297800	9.270830	0.000000	0.838913	98.120000	85.447300	70.659900	55.874900	44.768700	44.758600	70.631100	112.759000	113.537000	86.704100	56.433000	35.285900	37.398900	50.298100	54.637900	73.998400	84.894900	107.989000	126.840000	84.621100	70.664800	93.416200	109.225000	94.491900	108.220000	92.613400	67.155300	63.350400	55.998900	68.534100	88.249200	101.178000	100.407000	81.299700	94.592700	72.089300	64.742800	71.629600	55.757000	50.705300	68.117200	114.003000	146.708000	141.258000	126.751000	117.418000	125.826000	117.072000	0.668000	0.000000	0.709523	0.000000	0.748918	0.000000	0.736799	0.000000	0.678551	0.000000	0.652330	0.000000	0.677755	0.000000	0.723259	0.013500	0.745592	0.088300	0.820358	0.182000	106.660000	89.652900	89.432400	111.107000	111.245000	112.519000	148.036000	168.106000	155.215000	165.855000	124.849000	114.021000	0.813959	0.120100	0.837691	0.108700	0.890094	0.078300	0.959393	0.114500	1.031310	0.113500	1.115240	0.040000	1.186550	0.002200	1.227130	0.000000	1.167600	0.000000	1.086820	0.000000	1.040390	0.000000	1.017100	0.000000	0.932363	0.000000	0.894443	0.000000	0.875610	0.359002	0.591776	1.045150	0.154754	0.458262	0.508624	0.578194	0.593978	0.000000	9.091960	0.992067	0.000000	176.382000	52.854700	28.379600	0.500082	1.873550	22.442200	1.060190	0.643941	0.521022	0.698690	0.818509	
   14	90.200000	90.000000	89.530000	89.990000	90.200000	95.740000	110.990000	125.280000	134.110000	125.800000	121.710000	120.760000	119.800000	120.760000	122.540000	126.040000	133.120000	136.230000	146.260000	151.630000	140.100000	129.810000	123.280000	112.910000	60.920000	22.721100	22.357700	11.616800	8.881070	11.604700	5.749140	0.000000	0.000000	6.291300	2.667140	13.393700	34.187800	32.309300	35.732600	25.209000	17.304100	6.619240	12.904000	58.555200	37.361000	0.000000	0.000000	0.000000	98.120000	92.399100	76.727300	61.838400	42.706900	39.960400	68.942100	105.035000	108.218000	86.730900	57.807800	29.068800	27.520800	32.292200	29.099500	54.159500	95.452800	97.138000	132.212000	98.741900	75.105000	103.480000	97.508900	92.346000	108.220000	97.816900	79.743000	66.261700	64.851200	64.196500	99.399000	105.899000	124.888000	103.131000	90.963200	63.879900	71.804100	75.504400	60.522000	53.443800	61.430400	108.742000	120.851000	142.616000	114.988000	126.941000	119.651000	112.274000	0.668000	0.000000	0.708104	0.000000	0.769303	0.000000	0.738858	0.000000	0.695793	0.000000	0.639397	0.000000	0.672736	0.000000	0.714600	0.013600	0.778691	0.079100	0.800743	0.190500	106.660000	109.892000	108.671000	115.847000	108.185000	111.236000	134.843000	146.366000	118.805000	109.733000	114.532000	104.480000	0.763819	0.201200	0.775641	0.189600	0.862059	0.126900	0.983371	0.082300	1.009050	0.089200	1.138390	0.041700	1.201280	0.002800	1.193220	0.000000	1.121680	0.000000	1.023090	0.000000	1.001280	0.000000	0.938295	0.000000	0.891463	0.000000	0.813428	0.000000	0.875610	0.000000	0.000000	0.823527	0.000000	0.509146	0.765521	1.441050	0.235837	0.000000	5.109160	2.641010	0.000000	341.559000	60.317900	28.554500	0.000000	0.000000	14.807100	0.838912	0.727588	0.838198	0.863075	1.123270	
   15	90.200000	90.000000	89.530000	89.990000	90.200000	95.740000	110.990000	125.280000	134.110000	125.800000	121.710000	120.760000	119.800000	120.760000	122.540000	126.040000	133.120000	136.230000	146.260000	151.630000	140.100000	129.810000	123.280000	112.910000	60.920000	22.298200	12.053600	5.633000	9.625520	5.786410	0.000000	0.000000	0.000000	20.001500	0.000000	14.177200	27.462900	20.512700	28.736600	21.891300	15.057000	0.000000	5.585910	86.503000	22.415400	0.000000	0.000000	0.000000	98.120000	74.062000	64.247800	53.395400	37.624600	34.392700	57.117600	86.390000	114.329000	80.946400	48.021500	35.379100	35.767400	41.751800	42.256000	58.760100	90.863700	109.247000	130.496000	98.297000	75.337600	99.398600	95.550400	84.329300	108.220000	82.557800	70.307900	59.236100	52.271800	58.707200	82.571700	98.450500	106.146000	88.150500	94.123100	54.483600	57.597200	58.642300	53.834900	35.856700	54.143700	106.252000	135.752000	116.235000	107.593000	118.613000	111.427000	96.104300	0.668000	0.000000	0.716040	0.000000	0.769076	0.000000	0.794928	0.000000	0.756649	0.000000	0.670949	0.000000	0.693961	0.000000	0.750795	0.011700	0.793222	0.088400	0.811850	0.258200	106.660000	113.708000	112.539000	115.098000	116.042000	121.967000	162.191000	179.074000	137.119000	125.522000	133.381000	118.468000	0.830531	0.267700	0.859446	0.134900	0.916309	0.209400	0.994503	0.248100	1.072810	0.176800	1.145790	0.064900	1.205700	0.004000	1.199340	0.000000	1.126840	0.000000	1.061490	0.000000	0.984926	0.000000	0.911587	0.000000	0.852330	0.000000	0.798248	0.000000	0.875610	0.150375	0.638127	0.344973	0.000000	0.589702	0.224534	0.770333	0.721780	0.000000	13.032800	0.000000	0.000000	512.222000	83.476100	40.853300	0.000000	1.068460	24.746700	0.000000	0.580251	0.604222	0.453816	0.751937	
   16	90.200000	90.000000	89.530000	89.990000	90.200000	95.740000	110.990000	125.280000	134.110000	125.800000	121.710000	120.760000	119.800000	120.760000	122.540000	126.040000	133.120000	136.230000	146.260000	151.630000	140.100000	129.810000	123.280000	112.910000	60.920000	4.576060	0.000000	0.000000	0.000000	0.000000	0.000000	0.000000	0.000000	4.474000	0.000000	24.970500	32.795600	37.653900	41.322800	33.421700	23.691800	0.000000	18.695900	82.455900	50.648800	0.000000	0.000000	0.000000	98.120000	74.869100	63.206000	54.494300	34.421000	40.260200	70.299900	104.569000	112.720000	82.527400	52.574500	41.003100	36.450700	45.126100	43.839500	65.740300	106.264000	107.463000	124.942000	103.606000	80.462700	96.197200	105.814000	92.357000	108.220000	86.375000	67.614000	64.615100	60.295400	67.236400	92.562200	103.082000	119.371000	104.741000	84.690700	69.508800	73.148600	76.028400	70.460400	63.581200	79.373500	120.439000	145.329000	133.828000	120.516000	124.124000	122.093000	104.749000	0.668000	0.000000	0.694214	0.000000	0.731810	0.000000	0.693482	0.000000	0.644514	0.000000	0.593104	0.000000	0.593386	0.000000	0.649893	0.028200	0.716718	0.148000	0.750511	0.454700	106.660000	90.582300	88.597700	84.878400	72.618300	79.391700	123.427000	140.518000	107.709000	100.713000	111.027000	99.636400	0.777192	0.534300	0.829367	0.381000	0.887151	0.182000	0.959202	0.087100	1.046020	0.059300	1.119870	0.045600	1.166360	0.002200	1.162700	0.000000	1.109450	0.000000	1.055070	0.000000	0.982749	0.000000	0.920581	0.000000	0.913550	0.000000	0.945728	0.000000	0.875610	0.871011	1.006190	0.954030	0.055668	0.256172	0.836953	0.662922	0.625536	0.000000	0.961002	0.000000	0.000000	325.049000	65.854300	42.167600	0.000000	3.344910	7.892170	0.726734	0.116157	0.595296	0.754151	1.096160	
   17	90.200000	90.000000	89.530000	89.990000	90.200000	95.740000	110.990000	125.280000	134.110000	125.800000	121.710000	120.760000	119.800000	120.760000	122.540000	126.040000	133.120000	136.230000	146.260000	151.630000	140.100000	129.810000	123.280000	112.910000	60.920000	22.298200	12.053600	5.633000	9.625520	5.786410	0.000000	0.000000	0.000000	20.001500	0.000000	14.177200	27.462900	20.512700	28.736600	21.891300	15.057000	0.000000	5.585910	86.503000	22.415400	0.000000	0.000000	0.000000	98.120000	74.062000	64.247800	53.395400	37.624600	34.392700	57.117600	86.390000	114.329000	80.946400	48.021500	35.379100	35.767400	41.751800	42.256000	58.760100	90.863700	109.247000	130.496000	98.297000	75.337600	99.398600	95.550400	84.329300	108.220000	82.557800	70.307900	59.236100	52.271800	58.707200	82.571700	98.450500	106.146000	88.150500	94.123100	54.483600	57.597200	58.642300	53.834900	35.856700	54.143700	106.252000	135.752000	116.235000	107.593000	118.613000	111.427000	96.104300	0.668000	0.000000	0.716040	0.000000	0.769076	0.000000	0.794928	0.000000	0.756649	0.000000	0.781837	0.000000	0.750995	0.000000	0.750795	0.006800	0.793222	0.064600	0.811850	0.121700	106.660000	112.499000	117.699000	124.498000	113.096000	119.553000	139.190000	163.375000	131.360000	132.892000	123.990000	116.706000	0.830531	0.204600	0.859446	0.183800	0.916309	0.252100	0.994503	0.297300	1.072810	0.204000	1.145790	0.096300	1.205700	0.008000	1.199340	0.000000	1.126840	0.000000	1.061490	0.000000	0.984926	0.000000	0.911587	0.000000	0.852330	0.000000	0.798248	0.000000	0.875610	0.000000	0.000000	0.498120	0.000000	0.271992	0.000000	0.770333	0.721780	0.000000	13.032800	0.000000	0.000000	512.222000	83.476100	40.853300	0.000000	1.068460	24.746700	0.000000	0.580251	0.604222	0.453816	0.751937	
   18	90.200000	90.000000	89.530000	89.990000	90.200000	95.740000	110.990000	125.280000	134.110000	125.800000	121.710000	120.760000	119.800000	120.760000	122.540000	126.040000	133.120000	136.230000	146.260000	151.630000	140.100000	129.810000	123.280000	112.910000	60.920000	22.721100	22.357700	11.616800	8.881070	11.604700	5.749140	0.000000	0.000000	6.291300	2.667140	13.393700	34.187800	32.309300	35.732600	25.209000	17.304100	6.619240	12.904000	58.555200	37.361000	0.000000	0.000000	0.000000	98.120000	92.399100	76.727300	61.838400	42.706900	39.960400	68.942100	105.035000	108.218000	86.730900	57.807800	29.068800	27.520800	32.292200	29.099500	54.159500	95.452800	97.138000	132.212000	98.741900	75.105000	103.480000	97.508900	92.346000	108.220000	97.816900	79.743000	66.261700	64.851200	64.196500	99.399000	105.899000	124.888000	103.131000	90.963200	63.879900	71.804100	75.504400	60.522000	53.443800	61.430400	108.742000	120.851000	142.616000	114.988000	126.941000	119.651000	112.274000	0.668000	0.000000	0.708104	0.000000	0.769303	0.000000	0.738858	0.000000	0.695793	0.000000	0.639397	0.000000	0.672736	0.000000	0.714600	0.013600	0.778691	0.079100	0.800743	0.190500	106.660000	109.892000	108.671000	115.847000	108.185000	111.236000	134.843000	146.366000	118.805000	109.733000	114.532000	104.480000	0.763819	0.201200	0.775641	0.189600	0.862059	0.126900	0.983371	0.082300	1.009050	0.089200	1.138390	0.041700	1.201280	0.002800	1.193220	0.000000	1.121680	0.000000	1.023090	0.000000	1.001280	0.000000	0.938295	0.000000	0.891463	0.000000	0.813428	0.000000	0.875610	0.000000	0.000000	0.823527	0.000000	0.509146	0.765521	1.441050	0.235837	0.000000	5.109160	2.641010	0.000000	341.559000	60.317900	28.554500	0.000000	0.000000	14.807100	0.838912	0.727588	0.838198	0.863075	1.123270	
   19	90.200000	90.000000	89.530000	89.990000	90.200000	95.740000	110.990000	125.280000	134.110000	125.800000	121.710000	120.760000	119.800000	120.760000	122.540000	126.040000	133.120000	136.230000	146.260000	151.630000	140.100000	129.810000	123.280000	112.910000	60.920000	18.514200	14.408900	5.529730	7.395140	6.299900	0.000000	0.000000	0.000000	9.855430	0.000000	22.132500	28.412100	32.057800	33.347600	20.110500	22.118200	15.849700	0.721235	40.215100	30.586800	1.665920	0.000000	0.000000	98.120000	84.319900	71.908300	58.672100	42.950300	44.611100	73.845200	111.190000	137.246000	102.813000	51.987700	39.205400	30.585000	39.754100	42.435700	58.535400	99.933500	97.886100	137.729000	98.370200	79.256000	100.444000	102.418000	97.084100	108.220000	95.781600	79.027200	74.088500	68.533600	77.007100	96.492200	104.975000	140.987000	113.189000	107.300000	89.630500	77.245100	77.318700	46.954100	40.590700	50.972500	91.943200	143.252000	138.392000	119.788000	131.217000	122.629000	115.129000	0.668000	0.000000	0.697044	0.000000	0.728875	0.000000	0.698214	0.000000	0.659983	0.000000	0.621800	0.000000	0.620259	0.000000	0.674739	0.005500	0.816557	0.087800	0.787365	0.152200	106.660000	101.766000	103.431000	102.614000	94.980500	102.467000	100.172000	143.133000	106.094000	107.257000	114.159000	108.845000	0.839055	0.123700	0.911526	0.159000	0.950424	0.151100	1.002630	0.104300	1.092550	0.062800	1.176580	0.047200	1.262360	0.002900	1.298410	0.000000	1.208940	0.000000	1.086100	0.000000	0.981193	0.000000	0.915655	0.000000	0.859214	0.000000	0.780964	0.000000	0.875610	0.474889	0.524403	1.074150	0.116878	0.420661	0.452394	0.641568	0.717324	0.000965	2.892310	0.000000	0.000000	225.518000	56.134400	31.300900	0.000000	2.162620	13.918100	0.835277	0.683608	0.631512	0.703514	0.937852	
   20	90.200000	90.000000	89.530000	89.990000	90.200000	95.740000	110.990000	125.280000	134.110000	125.800000	121.710000	120.760000	119.800000	120.760000	122.540000	126.040000	133.120000	136.230000	146.260000	151.630000	140.100000	129.810000	123.280000	112.910000	60.920000	5.420820	0.000000	0.000000	0.000000	0.000000	0.000000	0.000000	0.000000	6.179300	6.740650	5.807220	30.192400	28.737500	40.804600	28.741100	14.891400	19.653000	16.863600	55.719500	17.255100	0.000000	0.000000	0.000000	98.120000	82.114800	69.649000	54.040000	32.382300	41.988400	70.321600	100.635000	117.137000	92.455700	56.779000	46.228000	31.008400	52.252300	45.647500	67.320400	112.768000	112.341000	133.592000	97.171900	96.504700	104.315000	109.876000	95.709100	108.220000	96.868900	80.812400	73.724800	69.830400	62.131000	84.699800	101.958000	124.976000	92.514100	92.946100	74.502400	67.368800	77.417000	63.685700	53.782000	71.891900	109.629000	139.976000	148.632000	142.491000	151.611000	145.049000	123.860000	0.668000	0.000000	0.683822	0.000000	0.720826	0.000000	0.686731	0.000000	0.655123	0.000000	0.621511	0.000000	0.725714	0.000000	0.788373	0.007500	0.859125	0.065300	0.878841	0.210900	106.660000	80.922800	77.275000	78.549500	79.076700	87.686900	86.830500	163.052000	152.667000	156.284000	132.255000	121.966000	0.868748	0.444000	0.903139	0.384600	0.978645	0.284200	1.056530	0.335800	1.117380	0.150400	1.169980	0.035400	1.188650	0.002300	1.145660	0.000000	1.067560	0.000000	1.000060	0.000000	0.952544	0.000000	0.935026	0.000000	0.932363	0.000000	0.894443	0.000000	0.875610	0.572517	0.332136	0.945832	0.193126	0.148228	0.271799	0.617292	0.784652	0.712060	13.576700	0.385042	0.000000	382.577000	47.736600	29.039900	0.000000	2.923300	0.913165	0.682997	0.743095	0.683353	0.698690	0.818509	
   21	90.200000	90.000000	89.530000	89.990000	90.200000	95.740000	110.990000	125.280000	134.110000	125.800000	121.710000	120.760000	119.800000	120.760000	122.540000	126.040000	133.120000	136.230000	146.260000	151.630000	140.100000	129.810000	123.280000	112.910000	60.920000	22.721100	22.357700	11.616800	8.881070	11.604700	5.749140	0.000000	0.000000	6.291300	2.667140	13.393700	34.187800	32.309300	35.732600	25.209000	17.304100	6.619240	12.904000	58.555200	37.361000	0.000000	0.000000	0.000000	98.120000	92.399100	76.727300	61.838400	42.706900	39.960400	68.942100	105.035000	108.218000	86.730900	57.807800	29.068800	27.520800	32.292200	29.099500	54.159500	95.452800	97.138000	132.212000	98.741900	75.105000	103.480000	97.508900	92.346000	108.220000	97.816900	79.743000	66.261700	64.851200	64.196500	99.399000	105.899000	124.888000	103.131000	90.963200	63.879900	71.804100	75.504400	60.522000	53.443800	61.430400	108.742000	120.851000	142.616000	114.988000	126.941000	119.651000	112.274000	0.668000	0.000000	0.708104	0.000000	0.769303	0.000000	0.738858	0.000000	0.695793	0.000000	0.639397	0.000000	0.672736	0.000000	0.714600	0.013600	0.778691	0.079100	0.800743	0.190500	106.660000	109.892000	108.671000	115.847000	108.185000	111.236000	134.843000	146.366000	118.805000	109.733000	114.532000	104.480000	0.763819	0.201200	0.775641	0.189600	0.862059	0.126900	0.983371	0.082300	1.009050	0.089200	1.138390	0.041700	1.201280	0.002800	1.193220	0.000000	1.121680	0.000000	1.023090	0.000000	1.001280	0.000000	0.938295	0.000000	0.891463	0.000000	0.813428	0.000000	0.875610	0.000000	0.000000	0.823527	0.000000	0.509146	0.765521	1.441050	0.235837	0.000000	5.109160	2.641010	0.000000	341.559000	60.317900	28.554500	0.000000	0.000000	14.807100	0.838912	0.727588	0.838198	0.863075	1.123270	
   22	90.200000	90.000000	89.530000	89.990000	90.200000	95.740000	110.990000	125.280000	134.110000	125.800000	121.710000	120.760000	119.800000	120.760000	122.540000	126.040000	133.120000	136.230000	146.260000	151.630000	140.100000	129.810000	123.280000	112.910000	60.920000	22.721100	22.357700	11.616800	8.881070	11.604700	5.749140	0.000000	0.000000	6.291300	2.667140	13.393700	34.187800	32.309300	35.732600	25.209000	17.304100	6.619240	12.904000	58.555200	37.361000	0.000000	0.000000	0.000000	98.120000	92.399100	76.727300	61.838400	42.706900	39.960400	68.942100	105.035000	108.218000	86.730900	57.807800	29.068800	27.520800	32.292200	29.099500	54.159500	95.452800	97.138000	132.212000	98.741900	75.105000	103.480000	97.508900	92.346000	108.220000	97.816900	79.743000	66.261700	64.851200	64.196500	99.399000	105.899000	124.888000	103.131000	90.963200	63.879900	71.804100	75.504400	60.522000	53.443800	61.430400	108.742000	120.851000	142.616000	114.988000	126.941000	119.651000	112.274000	0.668000	0.000000	0.708104	0.000000	0.769303	0.000000	0.738858	0.000000	0.695793	0.000000	0.639397	0.000000	0.672736	0.000000	0.714600	0.013600	0.778691	0.079100	0.800743	0.190500	106.660000	109.892000	108.671000	115.847000	108.185000	111.236000	134.843000	146.366000	118.805000	109.733000	114.532000	104.480000	0.763819	0.201200	0.775641	0.189600	0.862059	0.126900	0.983371	0.082300	1.009050	0.089200	1.138390	0.041700	1.201280	0.002800	1.193220	0.000000	1.121680	0.000000	1.023090	0.000000	1.001280	0.000000	0.938295	0.000000	0.891463	0.000000	0.813428	0.000000	0.875610	0.000000	0.000000	0.823527	0.000000	0.509146	0.765521	1.441050	0.235837	0.000000	5.109160	2.641010	0.000000	341.559000	60.317900	28.554500	0.000000	0.000000	14.807100	0.838912	0.727588	0.838198	0.863075	1.123270	
   23	90.200000	90.000000	89.530000	89.990000	90.200000	95.740000	110.990000	125.280000	134.110000	125.800000	121.710000	120.760000	119.800000	120.760000	122.540000	126.040000	133.120000	136.230000	146.260000	151.630000	140.100000	129.810000	123.280000	112.910000	60.920000	4.576060	0.000000	0.000000	0.000000	0.000000	0.000000	0.000000	0.000000	4.474000	0.000000	24.970500	32.795600	37.653900	41.322800	33.421700	23.691800	0.000000	18.695900	82.455900	50.648800	0.000000	0.000000	0.000000	98.120000	78.052400	67.256000	52.997000	41.262900	35.289600	69.993600	101.419000	105.352000	78.578600	49.974800	36.664300	30.063100	35.806200	50.783400	54.164400	91.050500	102.561000	145.214000	90.616400	57.865400	83.660200	84.662900	75.918600	108.220000	105.329000	96.109100	82.689900	83.366200	83.617100	100.893000	118.994000	119.867000	105.480000	101.295000	86.377500	77.039500	73.716100	88.460600	27.025400	41.881800	87.145700	135.449000	132.580000	123.928000	123.170000	119.282000	94.698800	0.668000	0.000000	0.610657	0.000000	0.617566	0.000000	0.607419	0.000000	0.593079	0.000000	0.572897	0.000000	0.595141	0.000000	0.645240	0.008400	0.674392	0.043400	0.679357	0.152300	106.660000	110.663000	107.400000	110.523000	95.774300	110.768000	131.407000	145.159000	118.679000	117.459000	114.602000	97.265600	0.695356	0.283000	0.743482	0.205700	0.847350	0.134400	0.980057	0.135700	1.101490	0.115400	1.190370	0.052200	1.256380	0.003400	1.287210	0.000000	1.207840	0.000000	1.107380	0.000000	1.050480	0.000000	1.021170	0.000000	1.012040	0.000000	1.005680	0.000000	0.875610	0.220895	0.510178	1.383770	1.183280	0.371348	0.238340	0.605994	0.000000	0.532198	3.127820	7.153160	3.746990	411.276000	75.471100	45.127100	0.000000	0.069644	41.936000	0.000000	0.637529	0.647123	0.767486	0.781633	
   24	90.200000	90.000000	89.530000	89.990000	90.200000	95.740000	110.990000	125.280000	134.110000	125.800000	121.710000	120.760000	119.800000	120.760000	122.540000	126.040000	133.120000	136.230000	146.260000	151.630000	140.100000	129.810000	123.280000	112.910000	60.920000	18.514200	14.408900	5.529730	7.395140	6.299900	0.000000	0.000000	0.000000	9.855430	0.000000	22.132500	28.412100	32.057800	33.347600	20.110500	22.118200	15.849700	0.721235	40.215100	30.586800	1.665920	0.000000	0.000000	98.120000	84.319900	71.908300	58.672100	42.950300	44.611100	73.845200	111.190000	137.246000	102.813000	51.987700	39.205400	30.585000	39.754100	42.435700	58.535400	99.933500	97.886100	137.729000	98.370200	79.256000	100.444000	102.418000	97.084100	108.220000	95.781600	79.027200	74.088500	68.533600	77.007100	96.492200	104.975000	140.987000	113.189000	107.300000	89.630500	77.245100	77.318700	46.954100	40.590700	50.972500	91.943200	143.252000	138.392000	119.788000	131.217000	122.629000	115.129000	0.668000	0.000000	0.697044	0.000000	0.728875	0.000000	0.698214	0.000000	0.659983	0.000000	0.621800	0.000000	0.620259	0.000000	0.674739	0.005500	0.816557	0.087800	0.787365	0.152200	106.660000	101.766000	103.431000	102.614000	94.980500	102.467000	100.172000	143.133000	106.094000	107.257000	114.159000	108.845000	0.839055	0.123700	0.911526	0.159000	0.950424	0.151100	1.002630	0.104300	1.092550	0.062800	1.176580	0.047200	1.262360	0.002900	1.298410	0.000000	1.208940	0.000000	1.086100	0.000000	0.981193	0.000000	0.915655	0.000000	0.859214	0.000000	0.780964	0.000000	0.875610	0.474889	0.524403	1.074150	0.116878	0.420661	0.452394	0.641568	0.717324	0.000965	2.892310	0.000000	0.000000	225.518000	56.134400	31.300900	0.000000	2.162620	13.918100	0.835277	0.683608	0.631512	0.703514	0.937852	
   25	90.200000	90.000000	89.530000	89.990000	90.200000	95.740000	110.990000	125.280000	134.110000	125.800000	121.710000	120.760000	119.800000	120.760000	122.540000	126.040000	133.120000	136.230000	146.260000	151.630000	140.100000	129.810000	123.280000	112.910000	60.920000	13.141100	19.980100	15.512900	12.122400	11.112900	17.696600	0.000000	0.000000	0.000000	4.844520	21.721600	29.132500	32.309300	35.732600	25.209000	17.304100	6.619240	12.904000	58.555200	37.361000	0.000000	0.000000	0.000000	98.120000	59.742800	44.878200	36.327900	22.546900	21.855400	47.691500	83.091800	100.528000	60.100000	46.334100	21.584600	19.133500	30.782000	26.432000	45.581400	91.467900	108.155000	134.450000	101.140000	72.071600	114.128000	101.596000	84.543100	108.220000	104.333000	59.548500	41.511700	44.387300	44.250200	66.189700	79.355400	105.576000	77.869900	75.189900	48.604700	58.467400	60.271200	53.400100	46.464300	57.903000	93.779800	102.783000	101.145000	85.309000	107.019000	99.765600	91.107100	0.668000	0.000000	0.655258	0.000000	1.044920	0.000000	1.173200	0.000000	1.185520	0.000000	1.165070	0.000000	1.209350	0.000000	1.255110	0.010900	1.275880	0.060400	1.270980	0.108000	106.660000	89.652900	125.430000	124.912000	115.750000	128.701000	133.093000	151.248000	118.424000	106.349000	106.505000	102.553000	1.293580	0.150200	0.820024	0.211400	0.877804	0.183700	0.942375	0.143300	1.087430	0.142200	1.159290	0.044200	1.142790	0.002900	1.159240	0.000000	1.125190	0.000000	1.046430	0.000000	0.987093	0.000000	0.946756	0.000000	0.894780	0.000000	0.826358	0.000000	0.875610	1.268590	1.560020	2.168820	1.833370	2.199750	2.085790	2.415540	0.358587	0.000000	5.270610	4.736300	0.258155	323.719000	50.004400	22.164100	11.019800	3.356370	29.159400	0.254253	0.502400	0.615626	0.581399	0.692071	
   26	90.200000	90.000000	89.530000	89.990000	90.200000	95.740000	110.990000	125.280000	134.110000	125.800000	121.710000	120.760000	119.800000	120.760000	122.540000	126.040000	133.120000	136.230000	146.260000	151.630000	140.100000	129.810000	123.280000	112.910000	60.920000	18.514200	14.408900	5.529730	7.395140	6.299900	0.000000	0.000000	0.000000	9.855430	0.000000	22.132500	28.412100	32.057800	33.347600	20.110500	22.118200	15.849700	0.721235	40.215100	30.586800	1.665920	0.000000	0.000000	98.120000	84.319900	71.908300	58.672100	42.950300	44.611100	73.845200	111.190000	137.246000	102.813000	51.987700	39.205400	30.585000	39.754100	42.435700	58.535400	99.933500	97.886100	137.729000	98.370200	79.256000	100.444000	102.418000	97.084100	108.220000	95.781600	79.027200	74.088500	68.533600	77.007100	96.492200	104.975000	140.987000	113.189000	107.300000	89.630500	77.245100	77.318700	46.954100	40.590700	50.972500	91.943200	143.252000	138.392000	119.788000	131.217000	122.629000	115.129000	0.668000	0.000000	0.697044	0.000000	0.728875	0.000000	0.698214	0.000000	0.659983	0.000000	0.621800	0.000000	0.620259	0.000000	0.674739	0.005500	0.816557	0.087800	0.787365	0.152200	106.660000	101.766000	103.431000	102.614000	94.980500	102.467000	100.172000	143.133000	106.094000	107.257000	114.159000	108.845000	0.839055	0.123700	0.911526	0.159000	0.950424	0.151100	1.002630	0.104300	1.092550	0.062800	1.176580	0.047200	1.262360	0.002900	1.298410	0.000000	1.208940	0.000000	1.086100	0.000000	0.981193	0.000000	0.915655	0.000000	0.859214	0.000000	0.780964	0.000000	0.875610	0.474889	0.524403	1.074150	0.116878	0.420661	0.452394	0.641568	0.717324	0.000965	2.892310	0.000000	0.000000	225.518000	56.134400	31.300900	0.000000	2.162620	13.918100	0.835277	0.683608	0.631512	0.703514	0.937852	
   27	90.200000	90.000000	89.530000	89.990000	90.200000	95.740000	110.990000	125.280000	134.110000	125.800000	121.710000	120.760000	119.800000	120.760000	122.540000	126.040000	133.120000	136.230000	146.260000	151.630000	140.100000	129.810000	123.280000	112.910000	60.920000	1.962480	12.096900	0.000000	0.000000	0.000000	0.000000	0.000000	0.000000	3.099690	9.765420	22.047000	25.819500	31.319600	34.989800	24.829500	19.097600	0.000000	7.970480	28.700700	40.297800	9.270830	0.000000	0.838913	98.120000	85.447300	70.659900	55.874900	44.768700	44.758600	70.631100	112.759000	113.537000	86.704100	56.433000	35.285900	37.398900	50.298100	54.637900	73.998400	84.894900	107.989000	126.840000	84.621100	70.664800	93.416200	109.225000	94.491900	108.220000	92.613400	67.155300	63.350400	55.998900	68.534100	88.249200	101.178000	100.407000	81.299700	94.592700	72.089300	64.742800	71.629600	55.757000	50.705300	68.117200	114.003000	146.708000	141.258000	126.751000	117.418000	125.826000	117.072000	0.668000	0.000000	0.709523	0.000000	0.748918	0.000000	0.736799	0.000000	0.678551	0.000000	0.652330	0.000000	0.677755	0.000000	0.723259	0.013500	0.745592	0.088300	0.807844	0.210700	106.660000	100.639000	94.921500	98.524600	93.446500	117.044000	130.595000	148.799000	105.681000	101.878000	113.597000	97.511500	0.800189	0.304300	0.903139	0.387900	0.978645	0.320300	0.959393	0.107500	1.083530	0.130500	1.200440	0.074600	1.266240	0.003800	1.271430	0.000000	1.183300	0.000000	1.105520	0.000000	1.063040	0.000000	1.039160	0.000000	0.985053	0.000000	0.909310	0.000000	0.875610	0.000000	0.000000	0.822320	0.000000	1.263820	0.000000	0.618917	0.614981	0.000000	4.507650	0.000000	2.598880	282.733000	87.787600	36.711500	0.000000	3.493550	42.474600	0.750283	0.718700	0.688064	0.772497	0.742485	
   28	90.200000	90.000000	89.530000	89.990000	90.200000	95.740000	110.990000	125.280000	134.110000	125.800000	121.710000	120.760000	119.800000	120.760000	122.540000	126.040000	133.120000	136.230000	146.260000	151.630000	140.100000	129.810000	123.280000	112.910000	60.920000	22.721100	22.357700	11.616800	8.881070	11.604700	5.749140	0.000000	0.000000	6.291300	2.667140	13.393700	34.187800	32.309300	35.732600	25.209000	17.304100	6.619240	12.904000	58.555200	37.361000	0.000000	0.000000	0.000000	98.120000	92.399100	76.727300	61.838400	42.706900	39.960400	68.942100	105.035000	108.218000	86.730900	57.807800	29.068800	27.520800	32.292200	29.099500	54.159500	95.452800	97.138000	132.212000	98.741900	75.105000	103.480000	97.508900	92.346000	108.220000	97.816900	79.743000	66.261700	64.851200	64.196500	99.399000	105.899000	124.888000	103.131000	90.963200	63.879900	71.804100	75.504400	60.522000	53.443800	61.430400	108.742000	120.851000	142.616000	114.988000	126.941000	119.651000	112.274000	0.668000	0.000000	0.708104	0.000000	0.769303	0.000000	0.738858	0.000000	0.695793	0.000000	0.639397	0.000000	0.672736	0.000000	0.714600	0.013600	0.778691	0.079100	0.800743	0.190500	106.660000	109.892000	108.671000	115.847000	108.185000	111.236000	134.843000	146.366000	118.805000	109.733000	114.532000	104.480000	0.763819	0.201200	0.775641	0.189600	0.862059	0.126900	0.983371	0.082300	1.009050	0.089200	1.138390	0.041700	1.201280	0.002800	1.193220	0.000000	1.121680	0.000000	1.023090	0.000000	1.001280	0.000000	0.938295	0.000000	0.891463	0.000000	0.813428	0.000000	0.875610	0.000000	0.000000	0.823527	0.000000	0.509146	0.765521	1.441050	0.235837	0.000000	5.109160	2.641010	0.000000	341.559000	60.317900	28.554500	0.000000	0.000000	14.807100	0.838912	0.727588	0.838198	0.863075	1.123270	
   29	90.200000	90.000000	89.530000	89.990000	90.200000	95.740000	110.990000	125.280000	134.110000	125.800000	121.710000	120.760000	119.800000	120.760000	122.540000	126.040000	133.120000	136.230000	146.260000	151.630000	140.100000	129.810000	123.280000	112.910000	60.920000	14.736600	9.398790	2.638170	2.308400	4.884320	3.306880	0.000000	0.000000	1.551060	0.000000	14.155200	30.050300	31.759800	33.266700	18.786100	22.648200	9.018760	12.333500	89.191900	62.990500	0.000000	2.236960	0.000000	98.120000	83.518600	62.709000	56.053800	49.253100	56.691500	86.693600	112.992000	119.295000	101.564000	51.883300	18.447700	15.017800	29.666800	13.226500	35.129200	74.942600	118.814000	132.795000	110.656000	71.367900	101.001000	106.421000	94.382200	108.220000	78.336300	61.000900	60.723300	64.427300	70.996300	97.198300	112.370000	107.664000	88.178600	102.451000	70.901900	72.397100	67.400400	62.617200	55.984600	67.355800	101.098000	139.188000	146.121000	127.260000	146.732000	125.018000	115.066000	0.668000	0.000000	0.704105	0.000000	0.741962	0.000000	0.710702	0.000000	0.700204	0.000000	0.649980	0.000000	0.645972	0.000000	0.672931	0.006700	0.735812	0.037600	0.786131	0.066100	106.660000	88.736400	84.914000	87.095400	108.833000	115.377000	128.888000	121.543000	109.948000	102.412000	107.657000	95.123800	0.766004	0.169800	0.804736	0.169400	0.875917	0.120600	0.953332	0.138400	1.052040	0.100700	1.126100	0.046500	1.193700	0.002200	1.172010	0.000000	1.117330	0.000000	1.054510	0.000000	0.976162	0.000000	0.943208	0.000000	0.922376	0.000000	0.876828	0.000000	0.875610	0.038111	0.253241	0.376880	0.000000	0.184512	0.193945	0.785587	0.395161	0.000000	0.924747	0.000000	0.000000	374.672000	61.575400	31.734900	0.000000	2.397600	6.126590	0.616933	0.188886	0.651667	0.709303	1.068150	
   30	90.200000	90.000000	89.530000	89.990000	90.200000	95.740000	110.990000	125.280000	134.110000	125.800000	121.710000	120.760000	119.800000	120.760000	122.540000	126.040000	133.120000	136.230000	146.260000	151.630000	140.100000	129.810000	123.280000	112.910000	60.920000	4.576060	0.000000	0.000000	0.000000	0.000000	0.000000	0.000000	0.000000	4.474000	0.000000	24.970500	32.795600	37.653900	41.322800	33.421700	23.691800	0.000000	18.695900	82.455900	50.648800	0.000000	0.000000	0.000000	98.120000	88.994000	71.952100	58.231100	50.882400	47.984500	74.072200	116.493000	129.752000	94.067500	59.245400	54.595100	53.895300	62.515200	60.410200	75.531900	111.693000	123.058000	140.548000	106.205000	78.114100	97.985800	97.209500	79.297300	108.220000	92.674200	83.671800	74.379500	72.904400	72.598300	93.057100	99.174900	106.129000	76.886200	80.704600	78.228300	63.151400	73.490900	54.404500	47.891600	57.664500	103.637000	145.422000	123.026000	112.186000	122.392000	113.058000	92.820200	0.668000	0.000000	0.695430	0.000000	0.737944	0.000000	0.736799	0.000000	0.725075	0.000000	0.707371	0.000000	0.747645	0.000000	0.808687	0.008800	0.808820	0.045300	0.791859	0.102700	106.660000	115.455000	109.030000	103.165000	93.345800	101.624000	126.656000	146.363000	113.322000	92.935400	113.873000	104.758000	0.804389	0.123400	0.849386	0.106900	0.886262	0.234800	0.942913	0.282600	1.049570	0.143300	1.125300	0.044600	1.152360	0.002000	1.119740	0.000000	1.057140	0.000000	0.986972	0.000000	0.913453	0.000000	0.866950	0.000000	0.838307	0.000000	0.786998	0.000000	0.875610	0.000000	0.000000	0.822320	0.000000	1.263820	0.000000	0.250420	0.532501	0.000000	38.405800	11.395700	12.022700	264.180000	36.593700	18.584300	6.570690	1.692030	0.000000	0.390684	0.421050	0.623548	0.710461	0.700772	
   31	90.200000	90.000000	89.530000	89.990000	90.200000	95.740000	110.990000	125.280000	134.110000	125.800000	121.710000	120.760000	119.800000	120.760000	122.540000	126.040000	133.120000	136.230000	146.260000	151.630000	140.100000	129.810000	123.280000	112.910000	60.920000	12.307700	9.237670	3.843990	0.000000	0.000000	0.000000	18.773200	0.000000	0.000000	0.000000	10.787300	30.388600	32.363500	32.573600	26.410500	12.949200	3.727270	23.513300	69.335900	15.052600	0.000000	0.000000	0.000000	98.120000	90.902700	76.490700	66.358100	55.919200	57.498900	80.683400	116.172000	126.522000	94.659700	53.518900	23.261000	23.471900	15.436100	13.311900	39.594000	81.007900	77.707700	136.568000	106.349000	72.886600	97.133100	101.252000	93.069900	108.220000	105.519000	92.742900	88.305000	77.649700	95.296800	116.747000	133.670000	148.994000	131.233000	95.602800	64.857400	76.824700	78.843600	58.616100	42.462700	62.064200	77.117300	135.066000	128.634000	128.273000	134.622000	130.590000	117.698000	0.668000	0.000000	0.665867	0.000000	0.679378	0.000000	0.667738	0.000000	0.673148	0.000000	0.670949	0.000000	0.693961	0.000000	0.750795	0.007200	0.793222	0.052200	0.811850	0.152900	106.660000	120.744000	115.529000	114.195000	129.177000	111.127000	140.696000	153.945000	129.779000	96.646100	128.378000	107.975000	0.830531	0.330400	0.859446	0.198300	0.916309	0.157500	0.994503	0.160800	1.072810	0.075800	1.145790	0.034800	1.205700	0.001700	1.199340	0.000000	1.126840	0.000000	1.061490	0.000000	0.984926	0.000000	0.911587	0.000000	0.852330	0.000000	0.798248	0.000000	0.875610	0.462744	0.638127	0.344973	0.000000	0.589702	0.224534	0.770333	0.721780	0.000000	13.032800	0.000000	0.000000	512.222000	83.476100	40.853300	0.000000	1.068460	24.746700	0.000000	0.580251	0.604222	0.453816	0.751937	
   32	90.200000	90.000000	89.530000	89.990000	90.200000	95.740000	110.990000	125.280000	134.110000	125.800000	121.710000	120.760000	119.800000	120.760000	122.540000	126.040000	133.120000	136.230000	146.260000	151.630000	140.100000	129.810000	123.280000	112.910000	60.920000	14.026600	8.585200	4.487680	1.881650	3.348280	11.455200	23.092500	0.000000	11.245600	0.000000	17.671600	27.651900	31.210300	33.265700	25.240900	23.691800	0.000000	19.688600	26.177200	25.742800	1.012110	0.000000	0.000000	98.120000	90.244900	78.137300	63.501600	48.533600	53.247900	79.438800	121.675000	123.523000	87.329400	51.587400	36.458500	36.453600	42.531800	46.277000	61.984800	101.283000	116.692000	149.754000	103.696000	77.189300	98.574900	102.937000	91.213100	108.220000	83.870500	68.015100	59.971400	45.453800	65.174500	81.652000	95.692100	104.474000	81.253200	75.828300	58.533800	48.372300	46.151400	42.973900	30.419300	50.303600	91.726400	131.629000	125.592000	112.921000	132.232000	121.852000	108.975000	0.668000	0.000000	0.743658	0.000000	0.773527	0.000000	0.766157	0.000000	0.746574	0.000000	0.700968	0.000000	0.761834	0.000000	0.823011	0.013600	0.851833	0.062200	0.843295	0.060800	106.660000	118.575000	113.571000	111.167000	105.617000	116.378000	134.059000	153.102000	107.595000	118.814000	113.205000	70.411300	0.947425	0.158300	0.990828	0.109400	1.051090	0.110400	1.113940	0.170400	1.160110	0.102600	1.165210	0.050000	1.176490	0.004800	1.115500	0.000000	0.986850	0.000000	0.864421	0.000000	0.767121	0.000000	0.712504	0.000000	0.680108	0.000000	0.642227	0.000000	0.875610	0.801466	0.724172	0.837451	0.000000	0.606679	0.979776	0.695576	0.662705	0.000000	13.894800	18.225200	0.000000	72.586700	79.534600	40.672100	0.000000	2.233230	5.959780	0.622314	0.662170	0.654747	0.882315	0.779859	
   33	90.200000	90.000000	89.530000	89.990000	90.200000	95.740000	110.990000	125.280000	134.110000	125.800000	121.710000	120.760000	119.800000	120.760000	122.540000	126.040000	133.120000	136.230000	146.260000	151.630000	140.100000	129.810000	123.280000	112.910000	60.920000	16.231900	6.478350	3.703900	0.000000	0.000000	0.000000	0.000000	15.036100	0.000000	0.000000	8.280730	21.668500	27.492400	32.342600	27.464800	22.118200	15.849700	0.721235	40.215100	30.586800	1.665920	0.000000	5.190460	98.120000	74.990000	62.720200	51.400400	50.626200	53.167300	73.489400	117.397000	142.555000	84.613300	44.678600	22.331400	13.527900	28.425800	26.481200	47.944800	91.406300	105.220000	133.850000	96.672200	93.351800	124.047000	111.869000	106.731000	108.220000	99.880400	77.491400	69.788000	67.203500	65.720000	99.618300	105.062000	116.523000	86.020500	81.661200	52.382900	46.508800	73.945900	57.800700	46.082300	66.837900	105.598000	135.941000	131.276000	125.520000	156.872000	141.149000	110.429000	0.668000	0.000000	0.730321	0.000000	0.740643	0.000000	0.670685	0.000000	0.613426	0.000000	0.565594	0.000000	0.544442	0.000000	0.586791	0.008900	0.633982	0.047100	0.637869	0.119700	106.660000	127.608000	121.508000	118.548000	107.910000	123.842000	130.618000	150.827000	122.077000	135.313000	119.913000	101.513000	0.637637	0.134100	0.675163	0.087900	0.734100	0.109500	0.804104	0.073100	0.892297	0.045200	0.980028	0.023300	1.054610	0.001700	1.084860	0.000000	1.101590	0.000000	1.078010	0.000000	1.018360	0.000000	0.964594	0.000000	0.910339	0.000000	0.798228	0.000000	0.875610	0.976280	1.336820	0.636256	0.000000	0.246875	1.341340	0.783411	0.772738	0.000000	0.000000	0.000000	0.000000	263.930000	84.615400	45.944800	0.000000	3.714370	15.528600	0.773736	0.648723	0.748083	0.672912	0.892720	
   34	90.200000	90.000000	89.530000	89.990000	90.200000	95.740000	110.990000	125.280000	134.110000	125.800000	121.710000	120.760000	119.800000	120.760000	122.540000	126.040000	133.120000	136.230000	146.260000	151.630000	140.100000	129.810000	123.280000	112.910000	60.920000	22.721100	22.357700	11.616800	8.881070	11.604700	5.749140	0.000000	0.000000	6.291300	2.667140	13.393700	34.187800	32.309300	35.732600	25.209000	17.304100	6.619240	12.904000	58.555200	37.361000	0.000000	0.000000	0.000000	98.120000	92.399100	76.727300	61.838400	42.706900	39.960400	68.942100	105.035000	108.218000	86.730900	57.807800	29.068800	27.520800	32.292200	29.099500	54.159500	95.452800	97.138000	132.212000	98.741900	75.105000	103.480000	97.508900	92.346000	108.220000	97.816900	79.743000	66.261700	64.851200	64.196500	99.399000	105.899000	124.888000	103.131000	90.963200	63.879900	71.804100	75.504400	60.522000	53.443800	61.430400	108.742000	120.851000	142.616000	114.988000	126.941000	119.651000	112.274000	0.668000	0.000000	0.708104	0.000000	0.769303	0.000000	0.738858	0.000000	0.695793	0.000000	0.639397	0.000000	0.672736	0.000000	0.714600	0.013600	0.778691	0.079100	0.800743	0.190500	106.660000	109.892000	108.671000	115.847000	108.185000	111.236000	134.843000	146.366000	118.805000	109.733000	114.532000	104.480000	0.763819	0.201200	0.775641	0.189600	0.862059	0.126900	0.983371	0.082300	1.009050	0.089200	1.138390	0.041700	1.201280	0.002800	1.193220	0.000000	1.121680	0.000000	1.023090	0.000000	1.001280	0.000000	0.938295	0.000000	0.891463	0.000000	0.813428	0.000000	0.875610	0.000000	0.000000	0.823527	0.000000	0.509146	0.765521	1.441050	0.235837	0.000000	5.109160	2.641010	0.000000	341.559000	60.317900	28.554500	0.000000	0.000000	14.807100	0.838912	0.727588	0.838198	0.863075	1.123270	
   35	90.200000	90.000000	89.530000	89.990000	90.200000	95.740000	110.990000	125.280000	134.110000	125.800000	121.710000	120.760000	119.800000	120.760000	122.540000	126.040000	133.120000	136.230000	146.260000	151.630000	140.100000	129.810000	123.280000	112.910000	60.920000	7.970910	2.676170	0.000000	0.379549	1.371810	1.638420	13.170800	0.000000	0.000000	0.000000	13.675100	20.550600	25.612800	29.365300	22.311000	14.800000	11.257700	16.018300	66.812100	52.794000	0.000000	0.000000	0.000000	98.120000	87.344000	74.351700	62.595700	47.582100	50.483700	76.701400	113.859000	120.571000	81.663900	46.899400	35.024600	33.266000	42.742700	58.574300	70.002700	107.690000	126.018000	131.592000	96.895600	82.291100	97.030300	109.551000	91.634600	108.220000	92.837500	72.256600	68.795000	75.604500	73.734000	97.067800	92.609600	130.113000	77.457000	90.136700	66.258700	73.051900	70.640400	58.102300	50.581800	67.306200	109.414000	157.951000	147.679000	132.308000	146.013000	135.681000	114.019000	0.668000	0.000000	0.688905	0.000000	0.716208	0.000000	0.688006	0.000000	0.661128	0.000000	0.649719	0.000000	0.683022	0.000000	0.747924	0.018800	0.829605	0.053700	0.814402	0.150100	106.660000	109.652000	118.652000	120.872000	110.062000	122.298000	153.841000	154.869000	136.734000	137.073000	123.735000	118.046000	0.800202	0.177000	0.836701	0.187900	0.960322	0.141600	1.033770	0.266500	1.086780	0.097100	1.136690	0.048400	1.181590	0.002900	1.162370	0.000000	1.037760	0.000000	0.975579	0.000000	0.944253	0.000000	0.949203	0.000000	0.928442	0.000000	0.889915	0.000000	0.875610	0.172266	0.404848	1.548850	1.562220	0.819807	0.156874	0.546698	0.373937	0.000000	25.988600	0.000000	0.000000	298.554000	52.638100	18.578200	22.514400	4.337880	42.278200	0.290806	0.586235	0.554067	0.461253	0.637396	
   36	90.200000	90.000000	89.530000	89.990000	90.200000	95.740000	110.990000	125.280000	134.110000	125.800000	121.710000	120.760000	119.800000	120.760000	122.540000	126.040000	133.120000	136.230000	146.260000	151.630000	140.100000	129.810000	123.280000	112.910000	60.920000	14.026600	8.585200	4.487680	1.881650	3.348280	11.455200	23.092500	0.000000	11.245600	0.000000	17.671600	27.651900	31.210300	33.265700	25.240900	23.691800	0.000000	19.688600	26.177200	25.742800	1.012110	0.000000	0.000000	98.120000	81.732300	72.113500	53.641800	38.952700	43.956700	77.354400	112.259000	115.957000	87.300000	47.939100	47.392600	46.429000	46.945100	44.021800	67.535300	108.285000	123.023000	158.990000	116.515000	75.082800	86.722800	102.740000	89.629300	108.220000	94.749200	73.978300	66.377300	69.655200	80.228900	91.880000	105.581000	120.245000	96.839900	94.124600	77.514100	69.960800	59.836800	60.343600	54.809600	59.206000	101.803000	164.538000	152.442000	124.865000	128.107000	117.749000	105.153000	0.668000	0.000000	0.745020	0.000000	0.775848	0.000000	0.748761	0.000000	0.716930	0.000000	0.684189	0.000000	0.703388	0.000000	0.777139	0.017000	0.813514	0.099300	0.840817	0.139500	106.660000	106.509000	104.005000	103.154000	89.499600	92.763300	91.213400	145.310000	110.241000	104.196000	107.552000	99.892200	0.835909	0.158300	0.890821	0.081600	0.954117	0.119300	1.019760	0.130900	1.082120	0.098600	1.131110	0.059200	1.162920	0.002700	1.169700	0.000000	1.085010	0.000000	0.997460	0.000000	0.950147	0.000000	0.939795	0.000000	0.861453	0.000000	0.813428	0.000000	0.875610	0.000000	0.527797	1.090260	0.147302	0.382565	0.000000	0.476228	0.785287	1.310970	14.510500	0.000000	0.000000	496.369000	51.333000	30.110000	12.771300	0.000000	9.757160	0.661550	0.725338	0.699518	0.689246	0.932597	
   37	90.200000	90.000000	89.530000	89.990000	90.200000	95.740000	110.990000	125.280000	134.110000	125.800000	121.710000	120.760000	119.800000	120.760000	122.540000	126.040000	133.120000	136.230000	146.260000	151.630000	140.100000	129.810000	123.280000	112.910000	60.920000	14.227600	7.970770	6.850160	1.580270	6.308580	2.977310	0.000000	0.000000	12.087300	3.342130	23.146900	25.862400	31.838400	33.409300	25.036300	22.648200	9.018760	12.333500	89.191900	62.990500	0.000000	2.236960	8.386720	98.120000	82.399000	66.008600	55.888100	43.417400	39.909300	74.595300	108.536000	111.472000	67.663500	50.814500	35.102000	29.393600	39.481900	40.636500	60.603200	97.397500	121.723000	142.966000	92.734100	80.384700	110.317000	105.846000	91.485000	108.220000	88.493900	72.257500	65.761500	64.094800	64.578500	90.430400	111.140000	115.983000	85.462200	95.499900	63.436400	64.745800	61.967400	53.866000	44.601200	58.699300	106.958000	138.240000	130.665000	117.542000	155.251000	121.626000	111.811000	0.668000	0.000000	0.708090	0.000000	0.738039	0.000000	0.715091	0.000000	0.697630	0.000000	0.658956	0.000000	0.688872	0.000000	0.824273	0.009200	0.866407	0.076500	0.893212	0.157300	106.660000	120.876000	137.413000	140.116000	126.716000	129.466000	124.147000	147.158000	113.945000	95.681900	102.309000	96.242700	0.912827	0.200800	0.997912	0.162700	1.090460	0.112800	1.163940	0.072700	1.221830	0.068700	1.247620	0.036800	1.235870	0.002600	1.199470	0.000000	1.102000	0.000000	1.023420	0.000000	0.980394	0.000000	0.965000	0.000000	0.964540	0.000000	0.886361	0.000000	0.875610	0.333572	0.772486	1.079200	0.732161	0.184898	0.452998	0.604199	0.713951	0.000000	1.888270	0.000000	0.000000	282.263000	63.788600	28.567600	0.271423	2.472560	19.330300	0.534176	0.772306	0.697656	0.717272	0.899522	
   38	90.200000	90.000000	89.530000	89.990000	90.200000	95.740000	110.990000	125.280000	134.110000	125.800000	121.710000	120.760000	119.800000	120.760000	122.540000	126.040000	133.120000	136.230000	146.260000	151.630000	140.100000	129.810000	123.280000	112.910000	60.920000	4.576060	0.000000	0.000000	0.000000	0.000000	0.000000	0.000000	0.000000	4.474000	0.000000	24.970500	32.795600	37.653900	41.322800	33.421700	23.691800	0.000000	18.695900	82.455900	50.648800	0.000000	0.000000	0.000000	98.120000	70.206600	58.917400	50.413600	34.068100	36.845200	72.906000	105.527000	115.900000	78.759600	56.350100	36.965500	33.598800	40.721000	39.898000	61.984800	101.283000	100.407000	129.949000	102.208000	72.797900	95.063200	101.051000	98.830300	108.220000	70.295600	49.376600	49.920000	43.984000	57.666400	79.634600	83.490200	102.215000	78.991900	72.786400	45.728700	48.752000	49.674900	38.999700	30.419300	50.303600	95.705500	131.690000	138.703000	120.906000	132.341000	118.844000	110.352000	0.668000	0.000000	0.669731	0.000000	0.683030	0.000000	0.624153	0.000000	0.573114	0.000000	0.526253	0.000000	0.520705	0.000000	0.575605	0.009900	0.654106	0.087300	0.714031	0.130100	106.660000	101.430000	99.015400	101.756000	89.276600	110.716000	139.485000	141.357000	118.921000	110.213000	114.421000	105.787000	0.775327	0.184300	0.826375	0.195400	0.876517	0.113700	0.971732	0.127100	1.090900	0.054900	1.165210	0.041000	1.176490	0.003100	1.220490	0.000000	1.126390	0.000000	1.068300	0.000000	1.030140	0.000000	0.983957	0.000000	0.938827	0.000000	0.884579	0.000000	0.875610	0.548311	0.734094	1.934430	0.861114	0.736901	0.379173	0.668613	0.560317	0.653882	8.461330	0.000000	0.000000	393.685000	57.607700	40.672100	0.000000	2.650890	0.000000	0.533009	0.743586	0.991564	0.738755	1.184370	
   39	90.200000	90.000000	89.530000	89.990000	90.200000	95.740000	110.990000	125.280000	134.110000	125.800000	121.710000	120.760000	119.800000	120.760000	122.540000	126.040000	133.120000	136.230000	146.260000	151.630000	140.100000	129.810000	123.280000	112.910000	60.920000	7.970910	2.676170	0.000000	0.379549	1.371810	1.638420	13.170800	0.000000	0.000000	0.000000	13.675100	20.550600	25.612800	29.365300	22.311000	14.800000	11.257700	16.018300	66.812100	52.794000	0.000000	0.000000	0.000000	98.120000	87.344000	74.351700	62.595700	47.582100	50.483700	76.701400	113.859000	120.571000	81.663900	46.899400	35.024600	33.266000	42.742700	58.574300	70.002700	107.690000	126.018000	131.592000	96.895600	82.291100	97.030300	109.551000	91.634600	108.220000	92.837500	72.256600	68.795000	75.604500	73.734000	97.067800	92.609600	130.113000	77.457000	90.136700	66.258700	73.051900	70.640400	58.102300	50.581800	67.306200	109.414000	157.951000	147.679000	132.308000	146.013000	135.681000	114.019000	0.668000	0.000000	0.688905	0.000000	0.716208	0.000000	0.688006	0.000000	0.661128	0.000000	0.649719	0.000000	0.683022	0.000000	0.747924	0.018800	0.829605	0.053700	0.814402	0.150100	106.660000	109.652000	118.652000	120.872000	110.062000	122.298000	153.841000	154.869000	136.734000	137.073000	123.735000	118.046000	0.800202	0.177000	0.836701	0.187900	0.960322	0.141600	1.033770	0.266500	1.086780	0.097100	1.136690	0.048400	1.181590	0.002900	1.162370	0.000000	1.037760	0.000000	0.975579	0.000000	0.944253	0.000000	0.949203	0.000000	0.928442	0.000000	0.889915	0.000000	0.875610	0.172266	0.404848	1.548850	1.562220	0.819807	0.156874	0.546698	0.373937	0.000000	25.988600	0.000000	0.000000	298.554000	52.638100	18.578200	22.514400	4.337880	42.278200	0.290806	0.586235	0.554067	0.461253	0.637396	
   40	90.200000	90.000000	89.530000	89.990000	90.200000	95.740000	110.990000	125.280000	134.110000	125.800000	121.710000	120.760000	119.800000	120.760000	122.540000	126.040000	133.120000	136.230000	146.260000	151.630000	140.100000	129.810000	123.280000	112.910000	60.920000	4.576060	0.000000	0.000000	0.000000	0.000000	0.000000	0.000000	0.000000	4.474000	0.000000	24.970500	32.795600	37.653900	41.322800	33.421700	23.691800	0.000000	18.695900	82.455900	50.648800	0.000000	0.000000	0.000000	98.120000	89.733900	76.741200	59.940400	46.651800	42.254900	69.312600	94.489600	104.334000	89.547500	54.879100	30.239600	27.656400	38.001700	38.759700	59.006800	95.417400	107.207000	135.536000	108.723000	84.476400	99.294400	100.202000	89.477100	108.220000	92.613400	67.155300	63.350400	55.998900	68.534100	88.249200	101.178000	100.407000	81.299700	62.426200	33.086900	41.243700	37.990600	30.350300	17.683300	36.403500	86.290800	135.554000	140.146000	125.536000	136.506000	120.427000	109.572000	0.668000	0.000000	0.678532	0.000000	0.697355	0.000000	0.664373	0.000000	0.618910	0.000000	0.600436	0.000000	0.621054	0.000000	0.679269	0.030600	0.754009	0.136100	0.800197	0.379900	106.660000	150.615000	154.128000	152.222000	139.695000	135.634000	151.469000	143.133000	106.094000	107.257000	114.159000	108.845000	0.971640	0.401700	1.020800	0.450100	1.072580	0.295100	1.116190	0.224400	1.162820	0.198400	1.221690	0.115900	1.266760	0.010200	1.249260	0.000000	1.176940	0.000000	1.094030	0.000000	1.034270	0.000000	0.997448	0.000000	0.957859	0.000000	0.890151	0.000000	0.875610	0.436043	0.321720	0.482300	0.000000	0.000000	0.177008	0.402853	0.867431	0.000000	11.975000	0.000000	0.000000	452.373000	79.638800	33.733600	1.025910	2.807090	23.536300	0.394894	0.680042	0.637569	0.597936	0.838539	
   41	90.200000	90.000000	89.530000	89.990000	90.200000	95.740000	110.990000	125.280000	134.110000	125.800000	121.710000	120.760000	119.800000	120.760000	122.540000	126.040000	133.120000	136.230000	146.260000	151.630000	140.100000	129.810000	123.280000	112.910000	60.920000	1.962480	12.096900	0.000000	0.000000	0.000000	0.000000	0.000000	0.000000	3.099690	9.765420	22.047000	25.819500	31.319600	34.989800	24.829500	19.097600	0.000000	7.970480	28.700700	40.297800	9.270830	0.000000	0.838913	98.120000	85.447300	70.659900	55.874900	44.768700	44.758600	70.631100	112.759000	113.537000	86.704100	56.433000	35.285900	37.398900	50.298100	54.637900	73.998400	84.894900	107.989000	126.840000	84.621100	70.664800	93.416200	109.225000	94.491900	108.220000	92.613400	67.155300	63.350400	55.998900	68.534100	88.249200	101.178000	100.407000	81.299700	94.592700	72.089300	64.742800	71.629600	55.757000	50.705300	68.117200	114.003000	146.708000	141.258000	126.751000	117.418000	125.826000	117.072000	0.668000	0.000000	0.709523	0.000000	0.748918	0.000000	0.736799	0.000000	0.678551	0.000000	0.652330	0.000000	0.677755	0.000000	0.723259	0.013500	0.745592	0.088300	0.754704	0.132400	106.660000	91.447200	94.023300	77.225200	74.020100	102.226000	113.067000	146.570000	149.183000	113.049000	119.320000	127.055000	0.772010	0.137800	0.837147	0.102300	0.926983	0.128300	1.007870	0.139300	1.070620	0.055500	1.116680	0.032600	1.124840	0.002800	1.065130	0.000000	1.008650	0.000000	0.951500	0.000000	0.899510	0.000000	0.867061	0.000000	0.852955	0.000000	0.798228	0.000000	0.875610	0.377227	0.502965	0.000000	0.000000	1.168850	0.914355	0.906704	0.910099	0.000000	27.453000	0.000000	0.000000	382.091000	83.093600	30.403300	0.000000	3.442820	8.182630	0.673843	0.624323	0.599162	0.508971	0.892720	
   42	90.200000	90.000000	89.530000	89.990000	90.200000	95.740000	110.990000	125.280000	134.110000	125.800000	121.710000	120.760000	119.800000	120.760000	122.540000	126.040000	133.120000	136.230000	146.260000	151.630000	140.100000	129.810000	123.280000	112.910000	60.920000	14.227600	7.970770	6.850160	1.580270	6.308580	2.977310	0.000000	0.000000	12.087300	3.342130	23.146900	25.862400	31.838400	33.409300	25.036300	22.648200	9.018760	12.333500	89.191900	62.990500	0.000000	2.236960	8.386720	98.120000	82.399000	66.008600	55.888100	43.417400	39.909300	74.595300	108.536000	111.472000	67.663500	50.814500	35.102000	29.393600	39.481900	40.636500	60.603200	97.397500	121.723000	142.966000	92.734100	80.384700	110.317000	105.846000	91.485000	108.220000	88.493900	72.257500	65.761500	64.094800	64.578500	90.430400	111.140000	115.983000	85.462200	95.499900	63.436400	64.745800	61.967400	53.866000	44.601200	58.699300	106.958000	138.240000	130.665000	117.542000	155.251000	121.626000	111.811000	0.668000	0.000000	0.708090	0.000000	0.738039	0.000000	0.715091	0.000000	0.697630	0.000000	0.658956	0.000000	0.688872	0.000000	0.824273	0.009200	0.866407	0.076500	0.943162	0.250500	106.660000	151.987000	153.376000	64.981900	50.374100	69.556900	110.939000	126.707000	111.568000	110.394000	110.991000	107.171000	0.923472	0.272400	0.942775	0.252000	0.970306	0.248300	1.017120	0.227900	1.108340	0.161600	1.197860	0.051400	1.214560	0.004800	1.150910	0.000000	1.047290	0.000000	0.970261	0.000000	0.922846	0.000000	0.901520	0.000000	0.877838	0.000000	0.811207	0.000000	0.875610	0.305853	0.537135	1.028180	0.000000	0.446114	0.381578	0.973571	0.623438	0.000000	1.534780	6.790930	0.000000	320.440000	69.639100	20.395700	0.000000	2.642990	15.962100	0.000000	0.094153	0.560291	0.466869	0.177953	
   43	90.200000	90.000000	89.530000	89.990000	90.200000	95.740000	110.990000	125.280000	134.110000	125.800000	121.710000	120.760000	119.800000	120.760000	122.540000	126.040000	133.120000	136.230000	146.260000	151.630000	140.100000	129.810000	123.280000	112.910000	60.920000	4.576060	0.000000	0.000000	0.000000	0.000000	0.000000	0.000000	0.000000	4.474000	0.000000	24.970500	32.795600	37.653900	41.322800	33.421700	23.691800	0.000000	18.695900	82.455900	50.648800	0.000000	0.000000	0.000000	98.120000	88.022100	78.922500	68.193200	44.539000	62.959900	86.375700	118.031000	124.678000	89.679100	57.548500	41.113200	36.613600	47.940100	47.583800	67.103400	97.956200	107.812000	137.490000	110.188000	95.191500	125.784000	116.505000	96.197300	108.220000	85.244400	77.067200	68.109900	58.605100	58.276600	93.566600	99.879200	124.140000	87.275900	103.556000	66.116600	77.456600	77.656900	64.573700	51.692400	64.063200	104.029000	135.320000	141.838000	128.990000	155.316000	131.062000	113.746000	0.668000	0.000000	0.674503	0.000000	0.699569	0.000000	0.638527	0.000000	0.587062	0.000000	0.538783	0.000000	0.544166	0.000000	0.601162	0.008900	0.656320	0.063800	0.694308	0.163600	106.660000	133.617000	125.404000	124.598000	107.103000	115.256000	135.691000	151.181000	117.476000	104.255000	112.056000	100.082000	0.761421	0.195900	0.872690	0.162400	0.978237	0.218100	1.078240	0.188200	1.168490	0.168900	1.051070	0.084700	1.089210	0.005600	1.084960	0.000000	1.036380	0.000000	0.987174	0.000000	0.971819	0.000000	0.959638	0.000000	0.946366	0.000000	0.930355	0.000000	0.875610	0.237855	0.519498	0.971271	0.013063	0.509251	0.544540	0.579842	0.719657	0.000000	12.006400	8.016770	0.000000	271.020000	92.378400	29.059400	0.117422	2.402840	9.292210	0.566904	0.618857	0.579030	0.678502	0.940768	
   44	90.200000	90.000000	89.530000	89.990000	90.200000	95.740000	110.990000	125.280000	134.110000	125.800000	121.710000	120.760000	119.800000	120.760000	122.540000	126.040000	133.120000	136.230000	146.260000	151.630000	140.100000	129.810000	123.280000	112.910000	60.920000	14.736600	9.398790	2.638170	2.308400	4.884320	3.306880	0.000000	0.000000	1.551060	0.000000	14.155200	30.050300	31.759800	33.266700	18.786100	22.648200	9.018760	12.333500	89.191900	62.990500	0.000000	2.236960	0.000000	98.120000	83.518600	62.709000	56.053800	49.253100	56.691500	86.693600	112.992000	119.295000	101.564000	51.883300	18.447700	15.017800	29.666800	13.226500	35.129200	74.942600	118.814000	132.795000	110.656000	71.367900	101.001000	106.421000	94.382200	108.220000	78.336300	61.000900	60.723300	64.427300	70.996300	97.198300	112.370000	107.664000	88.178600	102.451000	70.901900	72.397100	67.400400	62.617200	55.984600	67.355800	101.098000	139.188000	146.121000	127.260000	146.732000	125.018000	115.066000	0.668000	0.000000	0.704105	0.000000	0.741962	0.000000	0.710702	0.000000	0.700204	0.000000	0.649980	0.000000	0.645972	0.000000	0.672931	0.006700	0.735812	0.037600	0.786131	0.066100	106.660000	88.736400	84.914000	87.095400	108.833000	115.377000	128.888000	121.543000	109.948000	102.412000	107.657000	95.123800	0.766004	0.169800	0.804736	0.169400	0.875917	0.120600	0.953332	0.138400	1.052040	0.100700	1.126100	0.046500	1.193700	0.002200	1.172010	0.000000	1.117330	0.000000	1.054510	0.000000	0.976162	0.000000	0.943208	0.000000	0.922376	0.000000	0.876828	0.000000	0.875610	0.038111	0.253241	0.376880	0.000000	0.184512	0.193945	0.785587	0.395161	0.000000	0.924747	0.000000	0.000000	374.672000	61.575400	31.734900	0.000000	2.397600	6.126590	0.616933	0.188886	0.651667	0.709303	1.068150	
   45	90.200000	90.000000	89.530000	89.990000	90.200000	95.740000	110.990000	125.280000	134.110000	125.800000	121.710000	120.760000	119.800000	120.760000	122.540000	126.040000	133.120000	136.230000	146.260000	151.630000	140.100000	129.810000	123.280000	112.910000	60.920000	5.420820	0.000000	0.000000	0.000000	0.000000	0.000000	0.000000	0.000000	6.179300	6.740650	5.807220	30.192400	28.737500	40.804600	28.741100	14.891400	19.653000	16.863600	55.719500	17.255100	0.000000	0.000000	0.000000	98.120000	78.052400	67.256000	52.997000	41.262900	35.289600	69.993600	101.419000	105.352000	78.578600	49.974800	36.664300	30.063100	35.806200	50.783400	61.129500	103.796000	122.215000	136.528000	99.148700	69.756900	84.151100	102.065000	89.676100	108.220000	78.675600	56.646800	50.783400	47.614600	58.377300	72.262000	78.385400	92.830700	76.411100	85.757500	37.601500	40.286300	32.478300	29.715200	29.367900	83.832200	122.292000	157.089000	150.546000	142.491000	151.611000	145.049000	123.860000	0.668000	0.000000	0.667450	0.000000	0.687300	0.000000	0.638838	0.000000	0.627990	0.000000	0.613760	0.000000	0.643704	0.000000	0.719423	0.017600	0.738435	0.107800	0.782111	0.211800	106.660000	90.047100	79.663300	81.388200	89.999200	111.012000	125.427000	134.738000	87.502900	110.820000	119.091000	101.347000	0.793302	0.180600	0.825169	0.169800	0.884213	0.122000	0.968033	0.090300	1.069720	0.108900	1.145890	0.038700	1.118090	0.003300	1.060630	0.000000	0.966812	0.000000	0.862252	0.000000	0.754294	0.000000	0.683201	0.000000	0.638647	0.000000	0.592317	0.000000	0.875610	0.777161	1.024030	1.639800	0.408892	0.441492	0.692870	0.801064	0.770445	0.000000	0.000000	0.000000	0.000000	673.049000	65.370300	35.531000	0.000000	2.236520	4.560340	0.571148	0.505041	0.616505	0.584828	0.626994	
   46	90.200000	90.000000	89.530000	89.990000	90.200000	95.740000	110.990000	125.280000	134.110000	125.800000	121.710000	120.760000	119.800000	120.760000	122.540000	126.040000	133.120000	136.230000	146.260000	151.630000	140.100000	129.810000	123.280000	112.910000	60.920000	16.888300	10.880900	9.509230	4.044990	6.579200	0.000000	0.000000	0.000000	0.000000	5.113290	23.125800	32.149900	39.076900	37.005800	27.491000	19.520900	0.000000	16.090900	81.542300	39.474700	0.000000	0.000000	0.568638	98.120000	80.786500	69.206100	60.489300	47.737400	47.139300	80.939800	116.759000	126.004000	102.344000	54.804100	41.829300	37.266300	45.907800	46.809200	61.724500	99.898600	113.763000	140.839000	107.916000	94.823700	106.625000	112.359000	99.168500	108.220000	90.073700	72.834100	65.035500	60.520900	64.745300	94.118900	107.781000	124.087000	100.802000	100.477000	88.290500	90.357800	81.599100	77.250800	17.683300	36.403500	86.290800	135.554000	140.146000	125.536000	136.506000	120.427000	109.572000	0.668000	0.000000	0.726189	0.000000	0.775848	0.000000	0.748761	0.000000	0.716930	0.000000	0.642179	0.000000	0.675252	0.000000	0.722110	0.014900	0.783112	0.137100	0.848142	0.136600	106.660000	110.663000	107.400000	110.523000	95.774300	110.768000	131.407000	145.159000	118.679000	117.459000	114.602000	109.893000	0.818340	0.260600	0.850472	0.193400	0.971727	0.103100	1.042590	0.071500	1.101490	0.066100	1.221690	0.038300	1.266760	0.004500	1.249260	0.000000	1.188340	0.000000	1.134220	0.000000	1.058550	0.000000	0.997448	0.000000	0.957859	0.000000	0.890151	0.000000	0.875610	0.625254	0.616510	0.892520	0.661408	0.864200	0.538864	0.651956	0.673818	0.000000	18.413900	0.000000	0.000000	363.318000	57.832900	33.565800	0.000000	2.238840	1.174090	0.609119	0.738484	0.891542	0.777238	1.183500	
   47	90.200000	90.000000	89.530000	89.990000	90.200000	95.740000	110.990000	125.280000	134.110000	125.800000	121.710000	120.760000	119.800000	120.760000	122.540000	126.040000	133.120000	136.230000	146.260000	151.630000	140.100000	129.810000	123.280000	112.910000	60.920000	12.307700	9.237670	3.843990	0.000000	0.000000	0.000000	18.773200	0.000000	0.000000	0.000000	10.787300	30.388600	32.363500	32.573600	26.410500	12.949200	3.727270	23.513300	69.335900	15.052600	0.000000	0.000000	0.000000	98.120000	90.902700	76.490700	66.358100	55.919200	57.498900	80.683400	116.172000	126.522000	94.659700	53.518900	23.261000	23.471900	15.436100	13.311900	39.594000	81.007900	77.707700	136.568000	106.349000	72.886600	97.133100	101.252000	93.069900	108.220000	105.519000	92.742900	88.305000	77.649700	95.296800	116.747000	133.670000	148.994000	131.233000	95.602800	64.857400	76.824700	78.843600	58.616100	42.462700	62.064200	77.117300	135.066000	128.634000	128.273000	134.622000	130.590000	117.698000	0.668000	0.000000	0.665867	0.000000	0.679378	0.000000	0.667738	0.000000	0.673148	0.000000	0.670949	0.000000	0.693961	0.000000	0.750795	0.007200	0.793222	0.052200	0.811850	0.152900	106.660000	120.744000	115.529000	114.195000	129.177000	111.127000	140.696000	153.945000	129.779000	96.646100	128.378000	107.975000	0.830531	0.330400	0.859446	0.198300	0.916309	0.157500	0.994503	0.160800	1.072810	0.075800	1.145790	0.034800	1.205700	0.001700	1.199340	0.000000	1.126840	0.000000	1.061490	0.000000	0.984926	0.000000	0.911587	0.000000	0.852330	0.000000	0.798248	0.000000	0.875610	0.462744	0.638127	0.344973	0.000000	0.589702	0.224534	0.770333	0.721780	0.000000	13.032800	0.000000	0.000000	512.222000	83.476100	40.853300	0.000000	1.068460	24.746700	0.000000	0.580251	0.604222	0.453816	0.751937	
   48	90.200000	90.000000	89.530000	89.990000	90.200000	95.740000	110.990000	125.280000	134.110000	125.800000	121.710000	120.760000	119.800000	120.760000	122.540000	126.040000	133.120000	136.230000	146.260000	151.630000	140.100000	129.810000	123.280000	112.910000	60.920000	14.227600	7.970770	6.850160	1.580270	6.308580	2.977310	0.000000	0.000000	12.087300	3.342130	23.146900	25.862400	31.838400	33.409300	25.036300	22.648200	9.018760	12.333500	89.191900	62.990500	0.000000	2.236960	8.386720	98.120000	82.399000	66.008600	55.888100	43.417400	39.909300	74.595300	108.536000	111.472000	67.663500	50.814500	35.102000	29.393600	39.481900	40.636500	60.603200	97.397500	121.723000	142.966000	92.734100	80.384700	110.317000	105.846000	91.485000	108.220000	88.493900	72.257500	65.761500	64.094800	64.578500	90.430400	111.140000	115.983000	85.462200	95.499900	63.436400	64.745800	61.967400	53.866000	44.601200	58.699300	106.958000	138.240000	130.665000	117.542000	155.251000	121.626000	111.811000	0.668000	0.000000	0.708090	0.000000	0.738039	0.000000	0.715091	0.000000	0.697630	0.000000	0.658956	0.000000	0.688872	0.000000	0.824273	0.009200	0.866407	0.076500	0.775080	0.413700	106.660000	120.744000	115.529000	114.195000	129.177000	126.940000	174.641000	169.499000	126.563000	122.869000	123.404000	120.326000	0.786464	0.506100	0.870078	0.358800	0.945659	0.216600	1.012840	0.176200	1.084350	0.139300	1.154570	0.060900	1.193700	0.003600	1.172010	0.000000	1.117330	0.000000	1.054510	0.000000	0.976162	0.000000	0.946988	0.000000	0.922376	0.000000	0.853175	0.000000	0.875610	0.450238	0.639404	1.081180	0.349637	0.174546	0.425233	0.678277	0.411421	0.000000	11.907800	0.059852	25.300000	477.610000	0.000000	28.498800	0.000000	2.397600	6.126590	0.616933	0.188886	0.651667	0.709303	1.068150	
   49	90.200000	90.000000	89.530000	89.990000	90.200000	95.740000	110.990000	125.280000	134.110000	125.800000	121.710000	120.760000	119.800000	120.760000	122.540000	126.040000	133.120000	136.230000	146.260000	151.630000	140.100000	129.810000	123.280000	112.910000	60.920000	12.307700	9.237670	3.843990	0.000000	0.000000	0.000000	18.773200	0.000000	0.000000	0.000000	10.787300	30.388600	32.363500	32.573600	26.410500	12.949200	3.727270	23.513300	69.335900	15.052600	0.000000	0.000000	0.000000	98.120000	90.902700	76.490700	66.358100	55.919200	57.498900	80.683400	116.172000	126.522000	94.659700	53.518900	23.261000	23.471900	15.436100	13.311900	39.594000	81.007900	77.707700	136.568000	106.349000	72.886600	97.133100	101.252000	93.069900	108.220000	105.519000	92.742900	88.305000	77.649700	95.296800	116.747000	133.670000	148.994000	131.233000	95.602800	64.857400	76.824700	78.843600	58.616100	42.462700	62.064200	77.117300	135.066000	128.634000	128.273000	134.622000	130.590000	117.698000	0.668000	0.000000	0.665867	0.000000	0.679378	0.000000	0.667738	0.000000	0.673148	0.000000	0.670949	0.000000	0.548468	0.000000	0.611575	0.013900	0.710431	0.167000	0.771285	0.279300	106.660000	73.354600	114.746000	108.942000	96.211000	99.279900	124.230000	140.980000	107.215000	121.708000	112.252000	105.450000	0.812137	0.411900	0.746630	0.329200	0.799603	0.225900	0.869389	0.237000	0.951585	0.130400	1.036390	0.059400	1.110390	0.003500	1.112900	0.000000	1.062830	0.000000	0.983655	0.000000	0.915728	0.000000	0.881034	0.000000	0.883622	0.000000	0.895147	0.000000	0.875610	0.000000	0.200383	1.880070	1.160110	0.575692	0.000000	0.387100	0.754361	0.000000	0.296293	6.024570	1.025330	291.440000	13.883300	13.793400	0.000000	0.000000	20.600700	0.000000	0.751534	0.608868	0.878200	0.633138	
   50	90.200000	90.000000	89.530000	89.990000	90.200000	95.740000	110.990000	125.280000	134.110000	125.800000	121.710000	120.760000	119.800000	120.760000	122.540000	126.040000	133.120000	136.230000	146.260000	151.630000	140.100000	129.810000	123.280000	112.910000	60.920000	22.721100	22.357700	11.616800	8.881070	11.604700	5.749140	0.000000	0.000000	6.291300	2.667140	13.393700	34.187800	32.309300	35.732600	25.209000	17.304100	6.619240	12.904000	58.555200	37.361000	0.000000	0.000000	0.000000	98.120000	92.399100	76.727300	61.838400	42.706900	39.960400	68.942100	105.035000	108.218000	86.730900	57.807800	29.068800	27.520800	32.292200	29.099500	54.159500	95.452800	97.138000	132.212000	98.741900	75.105000	103.480000	97.508900	92.346000	108.220000	97.816900	79.743000	66.261700	64.851200	64.196500	99.399000	105.899000	124.888000	103.131000	90.963200	63.879900	71.804100	75.504400	60.522000	53.443800	61.430400	108.742000	120.851000	142.616000	114.988000	126.941000	119.651000	112.274000	0.668000	0.000000	0.708104	0.000000	0.769303	0.000000	0.738858	0.000000	0.695793	0.000000	0.639397	0.000000	0.672736	0.000000	0.714600	0.013600	0.778691	0.079100	0.800743	0.190500	106.660000	109.892000	108.671000	115.847000	108.185000	111.236000	134.843000	146.366000	118.805000	109.733000	114.532000	104.480000	0.763819	0.201200	0.775641	0.189600	0.862059	0.126900	0.983371	0.082300	1.009050	0.089200	1.138390	0.041700	1.201280	0.002800	1.193220	0.000000	1.121680	0.000000	1.023090	0.000000	1.001280	0.000000	0.938295	0.000000	0.891463	0.000000	0.813428	0.000000	0.875610	0.000000	0.000000	0.823527	0.000000	0.509146	0.765521	1.441050	0.235837	0.000000	5.109160	2.641010	0.000000	341.559000	60.317900	28.554500	0.000000	0.000000	14.807100	0.838912	0.727588	0.838198	0.863075	1.123270	
   51	90.200000	90.000000	89.530000	89.990000	90.200000	95.740000	110.990000	125.280000	134.110000	125.800000	121.710000	120.760000	119.800000	120.760000	122.540000	126.040000	133.120000	136.230000	146.260000	151.630000	140.100000	129.810000	123.280000	112.910000	60.920000	4.576060	0.000000	0.000000	0.000000	0.000000	0.000000	0.000000	0.000000	4.474000	0.000000	24.970500	32.795600	37.653900	41.322800	33.421700	23.691800	0.000000	18.695900	82.455900	50.648800	0.000000	0.000000	0.000000	98.120000	87.238700	73.020100	59.379600	43.574500	48.489000	70.382600	109.789000	119.105000	96.697400	64.990900	45.639200	42.494700	28.425800	26.481200	47.944800	91.406300	105.220000	133.850000	96.672200	93.351800	124.047000	111.869000	106.731000	108.220000	94.517800	81.319400	73.457700	72.557300	65.953300	94.389800	120.781000	121.707000	101.738000	96.763100	79.054100	88.632700	60.244000	43.087500	35.714700	54.514800	103.503000	126.806000	134.556000	141.870000	161.468000	133.023000	123.656000	0.668000	0.000000	0.710875	0.000000	0.796972	0.000000	0.793925	0.000000	0.744397	0.000000	0.702827	0.000000	0.709252	0.000000	0.752329	0.009800	0.791253	0.151200	0.774168	0.298700	106.660000	66.876100	65.982400	70.431700	65.393400	78.829400	85.780700	118.912000	104.611000	109.694000	110.428000	91.948800	0.757862	0.260900	0.797638	0.272200	0.854658	0.277100	1.025350	0.236100	1.084110	0.173100	1.120020	0.087300	1.138080	0.004600	1.159230	0.000000	1.127100	0.000000	1.065190	0.000000	1.012000	0.000000	0.983349	0.000000	0.962671	0.000000	0.913035	0.000000	0.875610	0.567945	0.746963	1.523170	0.789719	0.286996	0.259702	0.633814	0.600272	1.120070	9.013710	10.516700	0.000000	188.144000	137.350000	25.471000	2.787790	2.699260	14.367100	0.613478	0.594609	0.544409	0.605414	1.016490	
   52	90.200000	90.000000	89.530000	89.990000	90.200000	95.740000	110.990000	125.280000	134.110000	125.800000	121.710000	120.760000	119.800000	120.760000	122.540000	126.040000	133.120000	136.230000	146.260000	151.630000	140.100000	129.810000	123.280000	112.910000	60.920000	7.970910	2.676170	0.000000	0.379549	1.371810	1.638420	13.170800	0.000000	0.000000	0.000000	13.675100	20.550600	25.612800	29.365300	22.311000	14.800000	11.257700	16.018300	66.812100	52.794000	0.000000	0.000000	0.000000	98.120000	87.344000	74.351700	62.595700	47.582100	50.483700	76.701400	113.859000	120.571000	81.663900	46.899400	35.024600	33.266000	42.742700	58.574300	70.002700	107.690000	126.018000	131.592000	96.895600	82.291100	97.030300	109.551000	91.634600	108.220000	92.837500	72.256600	68.795000	75.604500	73.734000	97.067800	92.609600	130.113000	77.457000	90.136700	66.258700	73.051900	70.640400	58.102300	50.581800	67.306200	109.414000	157.951000	147.679000	132.308000	146.013000	135.681000	114.019000	0.668000	0.000000	0.688905	0.000000	0.716208	0.000000	0.688006	0.000000	0.661128	0.000000	0.649719	0.000000	0.683022	0.000000	0.747924	0.018800	0.829605	0.053700	0.814402	0.150100	106.660000	109.652000	118.652000	120.872000	110.062000	122.298000	153.841000	154.869000	136.734000	137.073000	123.735000	118.046000	0.800202	0.177000	0.836701	0.187900	0.960322	0.141600	1.033770	0.266500	1.086780	0.097100	1.136690	0.048400	1.181590	0.002900	1.162370	0.000000	1.037760	0.000000	0.975579	0.000000	0.944253	0.000000	0.949203	0.000000	0.928442	0.000000	0.889915	0.000000	0.875610	0.172266	0.404848	1.548850	1.562220	0.819807	0.156874	0.546698	0.373937	0.000000	25.988600	0.000000	0.000000	298.554000	52.638100	18.578200	22.514400	4.337880	42.278200	0.290806	0.586235	0.554067	0.461253	0.637396	
   53	90.200000	90.000000	89.530000	89.990000	90.200000	95.740000	110.990000	125.280000	134.110000	125.800000	121.710000	120.760000	119.800000	120.760000	122.540000	126.040000	133.120000	136.230000	146.260000	151.630000	140.100000	129.810000	123.280000	112.910000	60.920000	4.576060	0.000000	0.000000	0.000000	0.000000	0.000000	0.000000	0.000000	4.474000	0.000000	24.970500	32.795600	37.653900	41.322800	33.421700	23.691800	0.000000	18.695900	82.455900	50.648800	0.000000	0.000000	0.000000	98.120000	76.624100	67.256000	52.997000	41.262900	35.289600	69.993600	101.419000	105.352000	78.578600	49.974800	36.664300	30.063100	35.806200	50.783400	61.129500	103.796000	122.215000	138.362000	107.415000	60.115300	81.990800	95.805600	95.739000	108.220000	96.139600	96.109100	82.689900	83.366200	83.617100	100.893000	118.994000	119.867000	105.480000	101.295000	86.377500	77.039500	73.716100	88.460600	70.055900	83.814900	118.353000	140.724000	144.192000	114.910000	119.815000	119.912000	112.982000	0.668000	0.000000	0.759434	0.000000	0.617566	0.000000	0.607419	0.000000	0.593079	0.000000	0.572897	0.000000	0.595141	0.000000	0.645240	0.009700	0.674392	0.090000	0.679357	0.249800	106.660000	101.447000	99.555500	87.234100	63.131300	77.698800	107.051000	130.369000	119.143000	105.911000	114.608000	104.335000	0.695356	0.316000	0.743482	0.232800	0.847350	0.230000	0.980057	0.240200	1.101490	0.135700	1.131460	0.063600	1.205510	0.006000	1.276640	0.000000	1.254440	0.000000	1.190350	0.000000	1.134960	0.000000	1.119920	0.000000	1.091580	0.000000	1.053670	0.000000	0.875610	0.038111	0.510178	1.383770	1.183280	0.371348	0.238340	0.605994	0.000000	0.532198	3.127820	7.153160	3.746990	411.276000	75.471100	21.410700	3.584400	2.874070	0.000000	1.055980	0.947803	0.588120	0.683023	0.458178	
   54	90.200000	90.000000	89.530000	89.990000	90.200000	95.740000	110.990000	125.280000	134.110000	125.800000	121.710000	120.760000	119.800000	120.760000	122.540000	126.040000	133.120000	136.230000	146.260000	151.630000	140.100000	129.810000	123.280000	112.910000	60.920000	22.298200	12.053600	5.633000	9.625520	5.786410	0.000000	0.000000	0.000000	20.001500	0.000000	14.177200	27.462900	20.512700	28.736600	21.891300	15.057000	0.000000	5.585910	86.503000	22.415400	0.000000	0.000000	0.000000	98.120000	74.062000	64.247800	53.395400	37.624600	34.392700	57.117600	86.390000	114.329000	80.946400	48.021500	35.379100	35.767400	41.751800	42.256000	58.760100	90.863700	109.247000	130.496000	98.297000	75.337600	99.398600	95.550400	84.329300	108.220000	82.557800	70.307900	59.236100	52.271800	58.707200	82.571700	98.450500	106.146000	88.150500	94.123100	54.483600	57.597200	58.642300	53.834900	35.856700	54.143700	106.252000	135.752000	116.235000	107.593000	118.613000	111.427000	96.104300	0.668000	0.000000	0.716040	0.000000	0.769076	0.000000	0.794928	0.000000	0.756649	0.000000	0.639200	0.000000	0.657873	0.000000	0.697905	0.013300	0.798328	0.102600	0.848723	0.113500	106.660000	128.280000	130.969000	128.819000	121.679000	118.817000	120.997000	132.144000	116.352000	96.123000	103.171000	95.875300	0.886353	0.197900	0.959252	0.113600	1.032590	0.122200	1.094700	0.163400	1.154230	0.088000	1.326760	0.060200	1.399370	0.003700	1.418260	0.000000	1.353460	0.000000	1.274890	0.000000	1.211400	0.000000	1.168030	0.000000	1.118860	0.000000	1.055360	0.000000	0.875610	0.341735	0.459511	1.099380	0.032194	0.264521	1.025630	0.530577	0.835122	0.000000	20.355100	0.000000	1.278890	409.356000	84.193300	36.257600	0.000000	2.849280	12.493200	0.000000	0.734615	0.485160	0.832290	0.982045	
   55	90.200000	90.000000	89.530000	89.990000	90.200000	95.740000	110.990000	125.280000	134.110000	125.800000	121.710000	120.760000	119.800000	120.760000	122.540000	126.040000	133.120000	136.230000	146.260000	151.630000	140.100000	129.810000	123.280000	112.910000	60.920000	6.623310	0.000000	0.000000	0.000000	0.000000	0.000000	0.000000	0.000000	8.682720	20.667400	15.253400	27.612200	29.279900	33.704800	23.962300	25.478100	17.482400	32.509100	53.327300	50.674200	3.908760	0.813277	0.000000	98.120000	81.693100	68.217800	51.669200	28.109200	34.093400	60.327400	106.238000	117.953000	88.660700	55.964600	37.053700	33.977200	47.115800	45.015800	65.203000	95.454900	108.990000	136.981000	105.995000	80.983500	102.173000	105.529000	93.310100	108.220000	86.996400	78.904500	74.844200	65.920200	77.665500	93.376500	112.504000	116.998000	104.357000	98.006600	55.849200	53.757400	39.305800	30.884500	46.338400	66.023400	107.923000	131.473000	117.812000	103.204000	124.956000	122.421000	112.215000	0.668000	0.000000	0.733698	0.000000	0.752150	0.000000	0.732548	0.000000	0.701040	0.000000	0.554030	0.000000	0.572277	0.000000	0.674739	0.025200	0.758373	0.168500	0.787365	0.149900	106.660000	111.646000	104.022000	111.066000	103.580000	99.612200	109.360000	119.093000	83.424600	87.380100	125.613000	113.056000	0.839055	0.078900	0.928740	0.084500	1.022450	0.107100	1.113870	0.102200	1.196010	0.058900	1.136690	0.033300	1.146630	0.002400	1.095570	0.000000	1.013520	0.000000	0.954749	0.000000	0.944253	0.000000	0.949203	0.000000	0.941767	0.000000	0.918064	0.000000	0.875610	0.175321	0.386315	0.263868	0.000000	0.000000	0.525580	0.795719	0.509005	0.864930	0.000000	0.000000	0.000000	347.122000	37.214900	11.117500	13.144100	2.992760	38.663300	0.111852	0.409464	0.721246	0.881413	0.820439	
   56	90.200000	90.000000	89.530000	89.990000	90.200000	95.740000	110.990000	125.280000	134.110000	125.800000	121.710000	120.760000	119.800000	120.760000	122.540000	126.040000	133.120000	136.230000	146.260000	151.630000	140.100000	129.810000	123.280000	112.910000	60.920000	14.026600	8.585200	4.487680	1.881650	3.348280	11.455200	23.092500	0.000000	11.245600	0.000000	17.671600	27.651900	31.210300	33.265700	25.240900	23.691800	0.000000	19.688600	26.177200	25.742800	1.012110	0.000000	0.000000	98.120000	73.461700	55.965400	48.603500	28.900700	31.489600	60.478500	91.441000	84.559200	54.891800	35.367600	18.979000	17.529400	29.915600	32.931400	52.766600	98.933200	110.764000	141.843000	97.682900	99.884200	125.708000	123.876000	113.014000	108.220000	88.329700	66.673500	54.436800	56.160700	65.202500	92.582800	114.496000	108.200000	84.463600	90.956300	47.833900	51.342900	54.089900	50.677300	46.292900	55.233500	102.895000	141.134000	115.465000	111.581000	130.115000	118.553000	109.911000	0.668000	0.000000	0.696206	0.000000	0.744496	0.000000	0.723304	0.000000	0.690646	0.000000	0.643015	0.000000	0.656103	0.000000	0.715611	0.007800	0.772417	0.076200	0.793116	0.162600	106.660000	112.003000	111.811000	99.160300	105.369000	101.539000	125.051000	126.313000	136.511000	151.661000	122.987000	120.120000	0.818017	0.136600	0.877874	0.079500	0.938049	0.103400	1.005170	0.122700	1.087430	0.060300	1.159290	0.029300	1.421110	0.002000	1.374880	0.000000	1.293210	0.000000	1.226200	0.000000	1.169740	0.000000	1.114560	0.000000	1.071620	0.000000	1.000800	0.000000	0.875610	0.423735	0.413785	1.543090	0.987579	0.003089	0.435248	0.776532	0.512627	0.530171	0.000000	7.129680	0.000000	218.151000	29.302800	2.722510	0.000000	1.547970	0.000000	0.775250	0.541277	0.561791	0.668909	0.644779	
   57	90.200000	90.000000	89.530000	89.990000	90.200000	95.740000	110.990000	125.280000	134.110000	125.800000	121.710000	120.760000	119.800000	120.760000	122.540000	126.040000	133.120000	136.230000	146.260000	151.630000	140.100000	129.810000	123.280000	112.910000	60.920000	6.623310	0.000000	0.000000	0.000000	0.000000	0.000000	0.000000	0.000000	8.682720	20.667400	15.253400	27.612200	29.279900	33.704800	23.962300	25.478100	17.482400	32.509100	53.327300	50.674200	3.908760	0.813277	0.000000	98.120000	81.693100	68.217800	51.669200	28.109200	34.093400	60.327400	106.238000	117.953000	88.660700	55.964600	37.053700	33.977200	47.115800	45.015800	65.203000	95.454900	108.990000	136.981000	105.995000	80.983500	102.173000	105.529000	93.310100	108.220000	86.996400	78.904500	74.844200	65.920200	77.665500	93.376500	112.504000	116.998000	104.357000	98.006600	55.849200	53.757400	39.305800	30.884500	46.338400	66.023400	107.923000	131.473000	117.812000	103.204000	124.956000	122.421000	112.215000	0.668000	0.000000	0.733698	0.000000	0.752150	0.000000	0.732548	0.000000	0.701040	0.000000	0.554030	0.000000	0.572277	0.000000	0.639602	0.025200	0.688634	0.143700	0.722867	0.376300	106.660000	151.987000	153.376000	151.079000	144.874000	133.290000	154.977000	156.742000	111.782000	95.270700	101.752000	99.866000	0.769724	0.246100	0.837124	0.326800	0.931033	0.269300	1.045260	0.262500	1.145190	0.197100	1.184060	0.072600	1.251340	0.004700	1.328360	0.000000	1.347650	0.000000	1.352110	0.000000	1.339350	0.000000	1.335130	0.000000	1.319130	0.000000	1.275400	0.000000	0.875610	0.065944	0.067619	1.186320	0.612205	0.189452	0.310537	0.534385	0.731643	0.000000	11.686100	0.000000	0.000000	533.667000	77.445400	36.509400	6.627650	4.639780	0.000000	0.429030	0.619649	0.606790	0.614055	0.607865	
   58	90.200000	90.000000	89.530000	89.990000	90.200000	95.740000	110.990000	125.280000	134.110000	125.800000	121.710000	120.760000	119.800000	120.760000	122.540000	126.040000	133.120000	136.230000	146.260000	151.630000	140.100000	129.810000	123.280000	112.910000	60.920000	14.026600	8.585200	4.487680	1.881650	3.348280	11.455200	23.092500	0.000000	11.245600	0.000000	17.671600	27.651900	31.210300	33.265700	25.240900	23.691800	0.000000	19.688600	26.177200	25.742800	1.012110	0.000000	0.000000	98.120000	87.338200	77.606400	64.946300	51.425800	53.281800	76.405600	104.569000	112.720000	82.527400	52.574500	41.003100	36.450700	45.126100	43.839500	65.740300	106.264000	107.463000	124.942000	103.738000	66.284000	95.239600	97.771000	81.936500	108.220000	93.617000	81.061500	76.804600	71.530700	66.314700	89.445500	103.082000	119.371000	104.741000	84.690700	69.508800	73.148600	76.028400	70.460400	63.581200	79.373500	120.439000	145.329000	152.063000	117.739000	142.304000	125.299000	106.835000	0.668000	0.000000	0.694712	0.000000	0.707229	0.000000	0.662570	0.000000	0.650448	0.000000	0.637347	0.000000	0.650200	0.000000	0.649893	0.006000	0.716718	0.073900	0.750511	0.166600	106.660000	74.380800	74.928100	77.781200	61.356600	77.009100	120.643000	125.050000	83.428700	87.750300	96.964100	99.866000	0.777192	0.232800	0.829367	0.240500	0.887151	0.117800	0.959202	0.224400	1.046020	0.114700	1.119870	0.055300	1.166360	0.002700	1.162700	0.000000	1.109450	0.000000	1.039660	0.000000	0.982639	0.000000	0.940228	0.000000	0.901169	0.000000	0.841031	0.000000	0.875610	0.630091	0.827108	1.499030	0.705431	0.632511	0.642065	0.662922	0.625536	0.000000	0.961002	0.000000	0.000000	325.049000	65.854300	42.167600	0.000000	3.344910	7.892170	0.516130	0.473929	0.693211	0.710165	0.873233	
   59	90.200000	90.000000	89.530000	89.990000	90.200000	95.740000	110.990000	125.280000	134.110000	125.800000	121.710000	120.760000	119.800000	120.760000	122.540000	126.040000	133.120000	136.230000	146.260000	151.630000	140.100000	129.810000	123.280000	112.910000	60.920000	14.026600	8.585200	4.487680	1.881650	3.348280	11.455200	23.092500	0.000000	11.245600	0.000000	17.671600	27.651900	31.210300	33.265700	25.240900	23.691800	0.000000	19.688600	26.177200	25.742800	1.012110	0.000000	0.000000	98.120000	76.605000	61.153500	56.001300	38.404800	41.419400	67.423300	109.643000	109.766000	70.740600	52.395400	34.463100	25.248500	41.935000	36.112800	61.439400	97.469200	109.628000	141.945000	103.606000	80.462700	96.197200	105.814000	92.357000	108.220000	93.779400	88.642100	65.761500	64.094800	64.578500	90.430400	111.140000	115.983000	85.462200	95.499900	63.436400	60.213100	68.691000	53.223900	43.181200	59.078800	105.271000	137.370000	133.828000	120.516000	124.124000	122.093000	104.749000	0.668000	0.000000	0.660841	0.000000	0.698236	0.000000	0.677760	0.000000	0.672577	0.000000	0.655617	0.000000	0.663402	0.000000	0.755855	0.018000	0.815030	0.089600	0.775080	0.194700	106.660000	106.260000	104.880000	106.602000	105.369000	101.539000	125.051000	126.313000	109.854000	117.686000	119.862000	118.178000	0.786464	0.246800	0.870078	0.242000	0.966929	0.233100	1.037440	0.272300	1.075860	0.085200	1.117920	0.055800	1.184000	0.005100	1.195850	0.000000	1.120590	0.000000	1.055070	0.000000	0.982749	0.000000	0.920581	0.000000	0.913550	0.000000	0.945728	0.000000	0.875610	0.227944	0.593850	1.081180	0.349637	0.174546	0.425233	0.678277	0.411421	0.000000	11.907800	0.059852	0.000000	98.098400	88.106700	28.704300	0.000000	2.344570	4.900200	0.726734	0.116157	0.595296	0.754151	1.096160	
   60	90.200000	90.000000	89.530000	89.990000	90.200000	95.740000	110.990000	125.280000	134.110000	125.800000	121.710000	120.760000	119.800000	120.760000	122.540000	126.040000	133.120000	136.230000	146.260000	151.630000	140.100000	129.810000	123.280000	112.910000	60.920000	1.962480	12.096900	0.000000	0.000000	0.000000	0.000000	0.000000	0.000000	3.099690	9.765420	22.047000	25.819500	31.319600	34.989800	24.829500	19.097600	0.000000	7.970480	28.700700	40.297800	9.270830	0.000000	0.838913	98.120000	85.447300	70.659900	55.874900	44.768700	44.758600	70.631100	112.759000	113.537000	86.704100	56.433000	35.285900	37.398900	50.298100	54.637900	73.998400	84.894900	107.989000	126.840000	84.621100	70.664800	93.416200	109.225000	94.491900	108.220000	92.613400	67.155300	63.350400	55.998900	68.534100	88.249200	101.178000	100.407000	81.299700	94.592700	72.089300	64.742800	71.629600	55.757000	50.705300	68.117200	114.003000	146.708000	141.258000	126.751000	117.418000	125.826000	117.072000	0.668000	0.000000	0.709523	0.000000	0.748918	0.000000	0.736799	0.000000	0.678551	0.000000	0.652330	0.000000	0.677755	0.000000	0.723259	0.013500	0.745592	0.088300	0.682166	0.229500	106.660000	109.892000	77.240300	84.476100	73.936200	70.942100	76.009600	97.897800	76.749200	74.671500	81.717900	76.089100	0.694407	0.387200	0.761715	0.458000	0.859243	0.236400	0.956514	0.210400	1.043900	0.122700	1.006450	0.061800	1.078740	0.004900	1.086530	0.000000	1.026830	0.000000	0.957388	0.000000	1.039720	0.000000	1.006580	0.000000	0.987232	0.000000	0.954171	0.000000	0.875610	1.200850	1.310640	1.291040	0.582748	0.880979	0.597977	0.882407	0.767264	0.243568	19.741600	6.107440	5.218290	242.019000	41.304400	35.405900	0.000000	2.490740	14.807100	0.838912	0.684521	0.659643	0.743243	0.942727	
   61	90.200000	90.000000	89.530000	89.990000	90.200000	95.740000	110.990000	125.280000	134.110000	125.800000	121.710000	120.760000	119.800000	120.760000	122.540000	126.040000	133.120000	136.230000	146.260000	151.630000	140.100000	129.810000	123.280000	112.910000	60.920000	16.888300	10.880900	9.509230	4.044990	6.579200	0.000000	0.000000	0.000000	0.000000	5.113290	23.125800	32.149900	39.076900	37.005800	27.491000	19.520900	0.000000	16.090900	81.542300	39.474700	0.000000	0.000000	0.568638	98.120000	80.786500	69.206100	60.489300	47.737400	47.139300	80.939800	116.759000	126.004000	102.344000	54.804100	41.829300	37.266300	45.907800	46.809200	61.724500	99.898600	113.763000	140.839000	107.916000	94.823700	106.625000	112.359000	99.168500	108.220000	90.073700	72.834100	65.035500	60.520900	64.745300	94.118900	107.781000	124.087000	100.802000	100.477000	88.290500	90.357800	81.599100	77.250800	17.683300	36.403500	86.290800	135.554000	140.146000	125.536000	136.506000	120.427000	109.572000	0.668000	0.000000	0.726189	0.000000	0.775848	0.000000	0.748761	0.000000	0.716930	0.000000	0.642179	0.000000	0.675252	0.000000	0.722110	0.014900	0.783112	0.137100	0.848142	0.136600	106.660000	110.663000	107.400000	110.523000	95.774300	110.768000	131.407000	145.159000	118.679000	117.459000	114.602000	109.893000	0.818340	0.260600	0.850472	0.193400	0.971727	0.103100	1.042590	0.071500	1.101490	0.066100	1.221690	0.038300	1.266760	0.004500	1.249260	0.000000	1.188340	0.000000	1.134220	0.000000	1.058550	0.000000	0.997448	0.000000	0.957859	0.000000	0.890151	0.000000	0.875610	0.625254	0.616510	0.892520	0.661408	0.864200	0.538864	0.651956	0.673818	0.000000	18.413900	0.000000	0.000000	363.318000	57.832900	33.565800	0.000000	2.238840	1.174090	0.609119	0.738484	0.891542	0.777238	1.183500	
   62	90.200000	90.000000	89.530000	89.990000	90.200000	95.740000	110.990000	125.280000	134.110000	125.800000	121.710000	120.760000	119.800000	120.760000	122.540000	126.040000	133.120000	136.230000	146.260000	151.630000	140.100000	129.810000	123.280000	112.910000	60.920000	22.721100	22.357700	11.616800	8.881070	11.604700	5.749140	0.000000	0.000000	6.291300	2.667140	13.393700	34.187800	32.309300	35.732600	25.209000	17.304100	6.619240	12.904000	58.555200	37.361000	0.000000	0.000000	0.000000	98.120000	92.399100	76.727300	61.838400	42.706900	39.960400	68.942100	105.035000	108.218000	86.730900	57.807800	29.068800	27.520800	32.292200	29.099500	54.159500	95.452800	97.138000	132.212000	98.741900	75.105000	103.480000	97.508900	92.346000	108.220000	97.816900	79.743000	66.261700	64.851200	64.196500	99.399000	105.899000	124.888000	103.131000	90.963200	63.879900	71.804100	75.504400	60.522000	53.443800	61.430400	108.742000	120.851000	142.616000	114.988000	126.941000	119.651000	112.274000	0.668000	0.000000	0.708104	0.000000	0.769303	0.000000	0.738858	0.000000	0.695793	0.000000	0.639397	0.000000	0.672736	0.000000	0.714600	0.013600	0.778691	0.079100	0.800743	0.190500	106.660000	109.892000	108.671000	115.847000	108.185000	111.236000	134.843000	146.366000	118.805000	109.733000	114.532000	104.480000	0.763819	0.201200	0.775641	0.189600	0.862059	0.126900	0.983371	0.082300	1.009050	0.089200	1.138390	0.041700	1.201280	0.002800	1.193220	0.000000	1.121680	0.000000	1.023090	0.000000	1.001280	0.000000	0.938295	0.000000	0.891463	0.000000	0.813428	0.000000	0.875610	0.000000	0.000000	0.823527	0.000000	0.509146	0.765521	1.441050	0.235837	0.000000	5.109160	2.641010	0.000000	341.559000	60.317900	28.554500	0.000000	0.000000	14.807100	0.838912	0.727588	0.838198	0.863075	1.123270	
   63	90.200000	90.000000	89.530000	89.990000	90.200000	95.740000	110.990000	125.280000	134.110000	125.800000	121.710000	120.760000	119.800000	120.760000	122.540000	126.040000	133.120000	136.230000	146.260000	151.630000	140.100000	129.810000	123.280000	112.910000	60.920000	14.026600	8.585200	4.487680	1.881650	3.348280	11.455200	23.092500	0.000000	11.245600	0.000000	17.671600	27.651900	31.210300	33.265700	25.240900	23.691800	0.000000	19.688600	26.177200	25.742800	1.012110	0.000000	0.000000	98.120000	85.242200	75.552100	59.722700	42.610500	49.443800	73.857400	107.274000	109.330000	95.580100	61.221200	52.866800	42.366900	53.996100	62.929000	85.258900	114.480000	121.295000	134.994000	114.294000	94.461700	95.784700	103.991000	98.442200	108.220000	103.423000	91.170600	74.967900	72.164000	85.959200	92.157500	117.753000	128.560000	114.907000	120.172000	99.937800	80.710000	75.913200	73.160700	65.801300	76.067500	101.112000	130.785000	134.693000	123.205000	114.720000	123.150000	111.059000	0.668000	0.000000	0.763006	0.000000	0.841708	0.000000	0.812132	0.000000	0.748931	0.000000	0.724298	0.000000	0.728232	0.000000	0.804557	0.016200	0.889119	0.135300	0.908597	0.368600	106.660000	108.717000	116.198000	111.107000	111.245000	112.519000	148.036000	168.106000	155.215000	165.855000	124.849000	114.021000	0.982627	0.376800	1.165250	0.262500	1.319330	0.175100	1.452170	0.127300	1.516760	0.083800	1.541200	0.032800	1.545610	0.002700	1.495050	0.000000	1.392520	0.000000	1.305250	0.000000	1.257350	0.000000	1.218420	0.000000	0.818620	0.000000	0.831954	0.000000	0.875610	0.577216	0.629736	1.558460	0.928923	0.718382	0.185079	0.518107	0.697887	0.000000	14.089600	0.000000	0.000000	552.807000	102.183000	58.254000	0.000000	4.734350	34.699500	0.992519	1.081270	0.776861	0.685566	0.824949	
   64	90.200000	90.000000	89.530000	89.990000	90.200000	95.740000	110.990000	125.280000	134.110000	125.800000	121.710000	120.760000	119.800000	120.760000	122.540000	126.040000	133.120000	136.230000	146.260000	151.630000	140.100000	129.810000	123.280000	112.910000	60.920000	5.420820	0.000000	0.000000	0.000000	0.000000	0.000000	0.000000	0.000000	6.179300	6.740650	5.807220	30.192400	28.737500	40.804600	28.741100	14.891400	19.653000	16.863600	55.719500	17.255100	0.000000	0.000000	0.000000	98.120000	82.114800	69.649000	54.040000	32.382300	41.988400	70.321600	100.635000	117.137000	92.455700	56.779000	46.228000	31.008400	52.252300	45.647500	67.320400	112.768000	112.341000	133.592000	97.171900	96.504700	104.315000	109.876000	95.709100	108.220000	96.868900	80.812400	73.724800	69.830400	62.131000	84.699800	101.958000	124.976000	92.514100	92.946100	74.502400	67.368800	77.417000	63.685700	53.782000	71.891900	109.629000	139.976000	148.632000	142.491000	151.611000	145.049000	123.860000	0.668000	0.000000	0.683822	0.000000	0.720826	0.000000	0.686731	0.000000	0.655123	0.000000	0.621511	0.000000	0.617955	0.000000	0.662976	0.017700	0.715380	0.141400	0.733000	0.405700	106.660000	150.615000	154.128000	152.222000	139.695000	135.634000	151.469000	174.555000	149.766000	124.695000	126.380000	110.004000	0.751288	0.401100	0.825805	0.257000	0.933176	0.276000	1.044900	0.174600	1.148930	0.122800	1.247030	0.036400	1.333840	0.002300	1.318390	0.000000	1.172420	0.000000	1.077100	0.000000	0.754294	0.000000	0.683201	0.000000	0.638647	0.000000	0.592317	0.000000	0.875610	0.248690	0.337452	1.062190	0.000000	0.156103	0.399622	0.621144	0.733915	0.342831	0.000000	2.212050	0.000000	281.696000	55.228500	32.001600	0.000000	1.896510	0.000000	0.971806	0.505041	0.616505	0.584828	0.626994	
   65	90.200000	90.000000	89.530000	89.990000	90.200000	95.740000	110.990000	125.280000	134.110000	125.800000	121.710000	120.760000	119.800000	120.760000	122.540000	126.040000	133.120000	136.230000	146.260000	151.630000	140.100000	129.810000	123.280000	112.910000	60.920000	22.298200	12.053600	5.633000	9.625520	5.786410	0.000000	0.000000	0.000000	20.001500	0.000000	14.177200	27.462900	20.512700	28.736600	21.891300	15.057000	0.000000	5.585910	86.503000	22.415400	0.000000	0.000000	0.000000	98.120000	74.062000	64.247800	53.395400	37.624600	34.392700	57.117600	86.390000	114.329000	80.946400	48.021500	35.379100	35.767400	41.751800	42.256000	58.760100	90.863700	109.247000	130.496000	98.297000	75.337600	99.398600	95.550400	84.329300	108.220000	82.557800	70.307900	59.236100	52.271800	58.707200	82.571700	98.450500	106.146000	88.150500	94.123100	54.483600	57.597200	58.642300	53.834900	35.856700	54.143700	106.252000	135.752000	116.235000	107.593000	118.613000	111.427000	96.104300	0.668000	0.000000	0.716040	0.000000	0.769076	0.000000	0.794928	0.000000	0.756649	0.000000	0.639200	0.000000	0.657873	0.000000	0.697905	0.013300	0.798328	0.102600	0.848723	0.113500	106.660000	128.280000	130.969000	128.819000	121.679000	118.817000	120.997000	132.144000	116.352000	96.123000	103.171000	95.875300	0.886353	0.197900	0.959252	0.113600	1.032590	0.122200	1.094700	0.163400	1.154230	0.088000	1.193820	0.037900	1.213360	0.002300	1.219770	0.000000	1.148570	0.000000	1.052300	0.000000	0.987829	0.000000	0.952483	0.000000	0.926809	0.000000	0.864921	0.000000	0.875610	0.248690	0.502965	0.989689	0.000000	0.598661	0.538310	0.539225	0.487917	9.967930	12.893900	0.000000	0.000000	431.891000	107.523000	31.106800	0.000000	2.360440	21.712500	0.002216	0.740394	0.589779	0.611023	0.942650	
   66	90.200000	90.000000	89.530000	89.990000	90.200000	95.740000	110.990000	125.280000	134.110000	125.800000	121.710000	120.760000	119.800000	120.760000	122.540000	126.040000	133.120000	136.230000	146.260000	151.630000	140.100000	129.810000	123.280000	112.910000	60.920000	22.721100	22.357700	11.616800	8.881070	11.604700	5.749140	0.000000	0.000000	6.291300	2.667140	13.393700	34.187800	32.309300	35.732600	25.209000	17.304100	6.619240	12.904000	58.555200	37.361000	0.000000	0.000000	0.000000	98.120000	92.399100	76.727300	61.838400	42.706900	39.960400	68.942100	105.035000	108.218000	86.730900	57.807800	29.068800	27.520800	32.292200	29.099500	54.159500	95.452800	97.138000	132.212000	98.741900	75.105000	103.480000	97.508900	92.346000	108.220000	97.816900	79.743000	66.261700	64.851200	64.196500	99.399000	105.899000	124.888000	103.131000	90.963200	63.879900	71.804100	75.504400	60.522000	53.443800	61.430400	108.742000	120.851000	142.616000	114.988000	126.941000	119.651000	112.274000	0.668000	0.000000	0.708104	0.000000	0.769303	0.000000	0.738858	0.000000	0.695793	0.000000	0.639397	0.000000	0.672736	0.000000	0.714600	0.013600	0.778691	0.079100	0.800743	0.190500	106.660000	109.892000	108.671000	115.847000	108.185000	111.236000	134.843000	146.366000	118.805000	109.733000	114.532000	104.480000	0.763819	0.201200	0.775641	0.189600	0.862059	0.126900	0.983371	0.082300	1.009050	0.089200	1.138390	0.041700	1.201280	0.002800	1.193220	0.000000	1.121680	0.000000	1.023090	0.000000	1.001280	0.000000	0.938295	0.000000	0.891463	0.000000	0.813428	0.000000	0.875610	0.000000	0.000000	0.823527	0.000000	0.509146	0.765521	1.441050	0.235837	0.000000	5.109160	2.641010	0.000000	341.559000	60.317900	28.554500	0.000000	0.000000	14.807100	0.838912	0.727588	0.838198	0.863075	1.123270	
   67	90.200000	90.000000	89.530000	89.990000	90.200000	95.740000	110.990000	125.280000	134.110000	125.800000	121.710000	120.760000	119.800000	120.760000	122.540000	126.040000	133.120000	136.230000	146.260000	151.630000	140.100000	129.810000	123.280000	112.910000	60.920000	5.420820	0.000000	0.000000	0.000000	0.000000	0.000000	0.000000	0.000000	6.179300	6.740650	5.807220	30.192400	28.737500	40.804600	28.741100	14.891400	19.653000	16.863600	55.719500	17.255100	0.000000	0.000000	0.000000	98.120000	78.052400	67.256000	52.997000	41.262900	35.289600	69.993600	101.419000	105.352000	78.578600	49.974800	36.664300	30.063100	35.806200	50.783400	61.129500	103.796000	122.215000	136.528000	99.148700	69.756900	84.151100	102.065000	89.676100	108.220000	105.329000	96.109100	82.689900	83.366200	83.617100	100.893000	118.994000	119.867000	105.480000	101.295000	86.377500	77.039500	73.716100	88.460600	70.055900	83.814900	118.353000	115.456000	113.423000	95.909100	100.453000	103.984000	87.965400	0.668000	0.000000	0.610657	0.000000	0.617566	0.000000	0.607419	0.000000	0.593079	0.000000	0.572897	0.000000	0.595141	0.000000	0.645240	0.012300	0.674392	0.167100	0.679357	0.307500	106.660000	163.512000	164.803000	168.880000	150.089000	156.397000	157.376000	188.691000	182.962000	188.234000	140.219000	116.706000	0.695356	0.320500	0.743482	0.277700	0.847350	0.144500	0.980057	0.086500	1.101490	0.092000	1.131460	0.041300	1.205510	0.003600	1.276640	0.000000	0.858472	0.000000	0.821447	0.000000	0.783749	0.000000	0.733803	0.000000	0.685518	0.000000	0.609702	0.000000	0.875610	0.220895	0.510178	1.383770	1.183280	0.371348	0.238340	0.605994	0.000000	0.532198	3.127820	7.153160	3.746990	411.276000	75.471100	21.410700	3.584400	2.874070	0.000000	0.875072	0.843964	0.715468	0.603434	0.584295	
   68	90.200000	90.000000	89.530000	89.990000	90.200000	95.740000	110.990000	125.280000	134.110000	125.800000	121.710000	120.760000	119.800000	120.760000	122.540000	126.040000	133.120000	136.230000	146.260000	151.630000	140.100000	129.810000	123.280000	112.910000	60.920000	1.962480	12.096900	0.000000	0.000000	0.000000	0.000000	0.000000	0.000000	3.099690	9.765420	22.047000	25.819500	31.319600	34.989800	24.829500	19.097600	0.000000	7.970480	28.700700	40.297800	9.270830	0.000000	0.838913	98.120000	85.447300	70.659900	55.874900	44.768700	44.758600	70.631100	112.759000	113.537000	86.704100	56.433000	35.285900	37.398900	50.298100	54.637900	73.998400	84.894900	107.989000	126.840000	84.621100	70.664800	93.416200	109.225000	94.491900	108.220000	92.613400	67.155300	63.350400	55.998900	68.534100	88.249200	101.178000	100.407000	81.299700	94.592700	72.089300	64.742800	71.629600	55.757000	50.705300	68.117200	114.003000	146.708000	141.258000	126.751000	117.418000	125.826000	117.072000	0.668000	0.000000	0.709523	0.000000	0.748918	0.000000	0.736799	0.000000	0.678551	0.000000	0.652330	0.000000	0.677755	0.000000	0.723259	0.013500	0.745592	0.088300	0.754704	0.132400	106.660000	91.447200	94.023300	77.225200	74.020100	102.226000	113.067000	146.570000	149.183000	113.049000	119.320000	127.055000	0.772010	0.137800	0.837147	0.102300	0.926983	0.128300	1.007870	0.139300	1.070620	0.055500	1.116680	0.032600	1.124840	0.002800	1.065130	0.000000	1.008650	0.000000	0.951500	0.000000	0.899510	0.000000	0.867061	0.000000	0.852955	0.000000	0.798228	0.000000	0.875610	0.377227	0.502965	0.000000	0.000000	1.168850	0.914355	0.906704	0.910099	0.000000	27.453000	0.000000	0.000000	382.091000	83.093600	30.403300	0.000000	3.442820	8.182630	0.673843	0.624323	0.599162	0.508971	0.892720	
   69	90.200000	90.000000	89.530000	89.990000	90.200000	95.740000	110.990000	125.280000	134.110000	125.800000	121.710000	120.760000	119.800000	120.760000	122.540000	126.040000	133.120000	136.230000	146.260000	151.630000	140.100000	129.810000	123.280000	112.910000	60.920000	18.514200	14.408900	5.529730	7.395140	6.299900	0.000000	0.000000	0.000000	9.855430	0.000000	22.132500	28.412100	32.057800	33.347600	20.110500	22.118200	15.849700	0.721235	40.215100	30.586800	1.665920	0.000000	0.000000	98.120000	84.319900	71.908300	58.672100	42.950300	44.611100	73.845200	111.190000	137.246000	102.813000	51.987700	39.205400	30.585000	39.754100	42.435700	58.535400	99.933500	97.886100	137.729000	98.370200	79.256000	100.444000	102.418000	97.084100	108.220000	95.781600	79.027200	74.088500	68.533600	77.007100	96.492200	104.975000	140.987000	113.189000	107.300000	89.630500	77.245100	77.318700	46.954100	40.590700	50.972500	91.943200	143.252000	138.392000	119.788000	131.217000	122.629000	115.129000	0.668000	0.000000	0.697044	0.000000	0.728875	0.000000	0.698214	0.000000	0.659983	0.000000	0.621800	0.000000	0.620259	0.000000	0.674739	0.005500	0.816557	0.087800	0.787365	0.152200	106.660000	101.766000	103.431000	102.614000	94.980500	102.467000	100.172000	143.133000	106.094000	107.257000	114.159000	108.845000	0.839055	0.123700	0.911526	0.159000	0.950424	0.151100	1.002630	0.104300	1.092550	0.062800	1.176580	0.047200	1.262360	0.002900	1.298410	0.000000	1.208940	0.000000	1.086100	0.000000	0.981193	0.000000	0.915655	0.000000	0.859214	0.000000	0.780964	0.000000	0.875610	0.474889	0.524403	1.074150	0.116878	0.420661	0.452394	0.641568	0.717324	0.000965	2.892310	0.000000	0.000000	225.518000	56.134400	31.300900	0.000000	2.162620	13.918100	0.835277	0.683608	0.631512	0.703514	0.937852	
   70	90.200000	90.000000	89.530000	89.990000	90.200000	95.740000	110.990000	125.280000	134.110000	125.800000	121.710000	120.760000	119.800000	120.760000	122.540000	126.040000	133.120000	136.230000	146.260000	151.630000	140.100000	129.810000	123.280000	112.910000	60.920000	18.514200	14.408900	5.529730	7.395140	6.299900	0.000000	0.000000	0.000000	9.855430	0.000000	22.132500	28.412100	32.057800	33.347600	20.110500	22.118200	15.849700	0.721235	40.215100	30.586800	1.665920	0.000000	0.000000	98.120000	84.319900	71.908300	58.672100	42.950300	44.611100	73.845200	111.190000	137.246000	102.813000	51.987700	39.205400	30.585000	39.754100	42.435700	58.535400	99.933500	97.886100	137.729000	98.370200	79.256000	100.444000	102.418000	97.084100	108.220000	95.781600	79.027200	74.088500	68.533600	77.007100	96.492200	104.975000	140.987000	113.189000	107.300000	89.630500	77.245100	77.318700	46.954100	40.590700	50.972500	91.943200	143.252000	138.392000	119.788000	131.217000	122.629000	115.129000	0.668000	0.000000	0.697044	0.000000	0.728875	0.000000	0.698214	0.000000	0.659983	0.000000	0.621800	0.000000	0.620259	0.000000	0.674739	0.005500	0.816557	0.087800	0.787365	0.152200	106.660000	101.766000	103.431000	102.614000	94.980500	102.467000	100.172000	143.133000	106.094000	107.257000	114.159000	108.845000	0.839055	0.123700	0.911526	0.159000	0.950424	0.151100	1.002630	0.104300	1.092550	0.062800	1.176580	0.047200	1.262360	0.002900	1.298410	0.000000	1.208940	0.000000	1.086100	0.000000	0.981193	0.000000	0.915655	0.000000	0.859214	0.000000	0.780964	0.000000	0.875610	0.474889	0.524403	1.074150	0.116878	0.420661	0.452394	0.641568	0.717324	0.000965	2.892310	0.000000	0.000000	225.518000	56.134400	31.300900	0.000000	2.162620	13.918100	0.835277	0.683608	0.631512	0.703514	0.937852	
   71	90.200000	90.000000	89.530000	89.990000	90.200000	95.740000	110.990000	125.280000	134.110000	125.800000	121.710000	120.760000	119.800000	120.760000	122.540000	126.040000	133.120000	136.230000	146.260000	151.630000	140.100000	129.810000	123.280000	112.910000	60.920000	1.962480	12.096900	0.000000	0.000000	0.000000	0.000000	0.000000	0.000000	3.099690	9.765420	22.047000	25.819500	31.319600	34.989800	24.829500	19.097600	0.000000	7.970480	28.700700	40.297800	9.270830	0.000000	0.838913	98.120000	85.447300	70.659900	55.874900	44.768700	44.758600	70.631100	112.759000	113.537000	86.704100	56.433000	35.285900	37.398900	50.298100	54.637900	73.998400	84.894900	107.989000	126.840000	84.621100	70.664800	93.416200	109.225000	94.491900	108.220000	92.613400	67.155300	63.350400	55.998900	68.534100	88.249200	101.178000	100.407000	81.299700	94.592700	72.089300	64.742800	71.629600	55.757000	50.705300	68.117200	114.003000	146.708000	141.258000	126.751000	117.418000	125.826000	117.072000	0.668000	0.000000	0.709523	0.000000	0.748918	0.000000	0.736799	0.000000	0.678551	0.000000	0.652330	0.000000	0.677755	0.000000	0.723259	0.013500	0.745592	0.088300	0.800197	0.202600	106.660000	109.672000	110.999000	115.526000	106.561000	117.709000	129.104000	142.685000	105.424000	130.414000	118.438000	120.506000	0.663469	0.235600	0.745581	0.206100	0.844563	0.183300	0.959953	0.168900	1.067640	0.059400	1.148890	0.021700	1.212380	0.003300	1.241860	0.000000	1.198720	0.000000	1.164760	0.000000	1.106450	0.000000	1.075770	0.000000	1.038820	0.000000	0.994811	0.000000	0.875610	0.436043	0.321720	0.482300	0.000000	0.000000	0.177008	0.402853	0.867431	0.000000	0.000000	0.000000	0.000000	478.382000	77.778900	18.746300	22.946400	0.668161	0.000000	1.374590	0.789766	0.654083	0.872202	0.564150	
   72	90.200000	90.000000	89.530000	89.990000	90.200000	95.740000	110.990000	125.280000	134.110000	125.800000	121.710000	120.760000	119.800000	120.760000	122.540000	126.040000	133.120000	136.230000	146.260000	151.630000	140.100000	129.810000	123.280000	112.910000	60.920000	22.298200	12.053600	5.633000	9.625520	5.786410	0.000000	0.000000	0.000000	20.001500	0.000000	14.177200	27.462900	20.512700	28.736600	21.891300	15.057000	0.000000	5.585910	86.503000	22.415400	0.000000	0.000000	0.000000	98.120000	74.062000	64.247800	53.395400	37.624600	34.392700	57.117600	86.390000	114.329000	80.946400	48.021500	35.379100	35.767400	41.751800	42.256000	58.760100	90.863700	109.247000	130.496000	98.297000	75.337600	99.398600	95.550400	84.329300	108.220000	82.557800	70.307900	59.236100	52.271800	58.707200	82.571700	98.450500	106.146000	88.150500	94.123100	54.483600	57.597200	58.642300	53.834900	35.856700	54.143700	106.252000	135.752000	116.235000	107.593000	118.613000	111.427000	96.104300	0.668000	0.000000	0.716040	0.000000	0.769076	0.000000	0.794928	0.000000	0.756649	0.000000	0.704536	0.000000	0.735215	0.000000	0.805355	0.019000	0.666958	0.112200	0.696461	0.146000	106.660000	74.380800	74.928100	77.781200	61.356600	77.009100	125.051000	126.313000	109.854000	117.686000	119.862000	118.178000	0.738222	0.135600	0.799909	0.198600	0.867819	0.198700	0.953362	0.204700	1.078210	0.129300	1.155940	0.069600	1.191470	0.003200	1.173810	0.000000	1.132450	0.000000	1.054120	0.000000	0.942941	0.000000	0.875725	0.000000	0.855760	0.000000	0.808516	0.000000	0.875610	0.000000	0.000000	0.823527	0.000000	0.509146	0.765521	1.441050	0.759420	0.000000	13.602300	0.000000	0.000000	463.077000	66.971700	28.986600	0.748504	2.443920	16.595800	0.565361	0.722310	0.674520	0.656362	0.686118	
   73	90.200000	90.000000	89.530000	89.990000	90.200000	95.740000	110.990000	125.280000	134.110000	125.800000	121.710000	120.760000	119.800000	120.760000	122.540000	126.040000	133.120000	136.230000	146.260000	151.630000	140.100000	129.810000	123.280000	112.910000	60.920000	7.970910	2.676170	0.000000	0.379549	1.371810	1.638420	13.170800	0.000000	0.000000	0.000000	13.675100	20.550600	25.612800	29.365300	22.311000	14.800000	11.257700	16.018300	66.812100	52.794000	0.000000	0.000000	0.000000	98.120000	87.344000	74.351700	62.595700	47.582100	50.483700	76.701400	113.859000	120.571000	81.663900	46.899400	35.024600	33.266000	42.742700	58.574300	70.002700	107.690000	126.018000	131.592000	96.895600	82.291100	97.030300	109.551000	91.634600	108.220000	92.837500	72.256600	68.795000	75.604500	73.734000	97.067800	92.609600	130.113000	77.457000	90.136700	66.258700	73.051900	70.640400	58.102300	50.581800	67.306200	109.414000	157.951000	147.679000	132.308000	146.013000	135.681000	114.019000	0.668000	0.000000	0.688905	0.000000	0.716208	0.000000	0.688006	0.000000	0.661128	0.000000	0.649719	0.000000	0.683022	0.000000	0.747924	0.018800	0.829605	0.053700	0.814402	0.150100	106.660000	109.652000	118.652000	120.872000	110.062000	122.298000	153.841000	154.869000	136.734000	137.073000	123.735000	118.046000	0.800202	0.177000	0.836701	0.187900	0.960322	0.141600	1.033770	0.266500	1.086780	0.097100	1.136690	0.048400	1.181590	0.002900	1.162370	0.000000	1.037760	0.000000	0.975579	0.000000	0.944253	0.000000	0.949203	0.000000	0.928442	0.000000	0.889915	0.000000	0.875610	0.172266	0.404848	1.548850	1.562220	0.819807	0.156874	0.546698	0.373937	0.000000	25.988600	0.000000	0.000000	298.554000	52.638100	18.578200	22.514400	4.337880	42.278200	0.290806	0.586235	0.554067	0.461253	0.637396	
   74	90.200000	90.000000	89.530000	89.990000	90.200000	95.740000	110.990000	125.280000	134.110000	125.800000	121.710000	120.760000	119.800000	120.760000	122.540000	126.040000	133.120000	136.230000	146.260000	151.630000	140.100000	129.810000	123.280000	112.910000	60.920000	13.141100	19.980100	15.512900	12.122400	11.112900	17.696600	0.000000	0.000000	0.000000	4.844520	21.721600	29.132500	32.309300	35.732600	25.209000	17.304100	6.619240	12.904000	58.555200	37.361000	0.000000	0.000000	0.000000	98.120000	59.742800	44.878200	36.327900	22.546900	21.855400	47.691500	83.091800	100.528000	60.100000	46.334100	21.584600	19.133500	30.782000	26.432000	45.581400	91.467900	108.155000	134.450000	101.140000	72.071600	114.128000	101.596000	84.543100	108.220000	104.333000	59.548500	41.511700	44.387300	44.250200	66.189700	79.355400	105.576000	77.869900	75.189900	48.604700	58.467400	60.271200	53.400100	46.464300	57.903000	93.779800	102.783000	101.145000	85.309000	107.019000	99.765600	91.107100	0.668000	0.000000	0.655258	0.000000	1.044920	0.000000	1.173200	0.000000	1.185520	0.000000	1.165070	0.000000	1.209350	0.000000	1.255110	0.010900	1.275880	0.060400	1.270980	0.108000	106.660000	89.652900	125.430000	124.912000	115.750000	128.701000	133.093000	151.248000	118.424000	106.349000	106.505000	102.553000	1.293580	0.150200	0.820024	0.211400	0.877804	0.183700	0.942375	0.143300	1.087430	0.142200	1.159290	0.044200	1.196670	0.003100	1.173090	0.000000	1.112340	0.000000	1.046330	0.000000	0.987874	0.000000	0.950170	0.000000	0.915732	0.000000	0.855592	0.000000	0.875610	0.262180	0.482829	0.737511	0.000000	0.473706	0.223298	0.534385	0.731643	0.000000	11.686100	0.000000	0.000000	218.151000	29.302800	2.722510	23.911200	3.377020	0.000000	0.463414	0.325269	0.717136	0.849970	0.781142	
   75	90.200000	90.000000	89.530000	89.990000	90.200000	95.740000	110.990000	125.280000	134.110000	125.800000	121.710000	120.760000	119.800000	120.760000	122.540000	126.040000	133.120000	136.230000	146.260000	151.630000	140.100000	129.810000	123.280000	112.910000	60.920000	16.231900	6.478350	3.703900	0.000000	0.000000	0.000000	0.000000	15.036100	0.000000	0.000000	8.280730	21.668500	27.492400	32.342600	27.464800	22.118200	15.849700	0.721235	40.215100	30.586800	1.665920	0.000000	5.190460	98.120000	74.990000	62.720200	51.400400	50.626200	53.167300	73.489400	117.397000	142.555000	84.613300	44.678600	22.331400	13.527900	28.425800	26.481200	47.944800	91.406300	105.220000	133.850000	96.672200	93.351800	124.047000	111.869000	106.731000	108.220000	99.880400	77.491400	69.788000	67.203500	65.720000	99.618300	105.062000	116.523000	86.020500	81.661200	52.382900	46.508800	73.945900	57.800700	46.082300	66.837900	105.598000	135.941000	131.276000	125.520000	156.872000	141.149000	110.429000	0.668000	0.000000	0.681935	0.000000	0.726037	0.000000	0.714823	0.000000	0.655123	0.000000	0.621511	0.000000	0.623681	0.000000	0.666353	0.010300	0.733694	0.071700	0.760378	0.125200	106.660000	129.853000	132.932000	134.830000	120.194000	134.874000	169.679000	172.241000	165.844000	144.068000	145.334000	126.176000	0.789594	0.196900	0.862464	0.158900	0.949836	0.223900	1.025350	0.126700	1.084110	0.073200	1.120020	0.035000	1.138080	0.001000	1.159230	0.000000	1.127100	0.000000	1.065190	0.000000	1.012000	0.000000	0.983349	0.000000	0.962671	0.000000	0.913035	0.000000	0.875610	0.305853	0.537135	1.028180	0.193126	0.148228	0.408557	0.515365	0.679218	0.000000	3.953570	0.621968	0.000000	188.144000	137.350000	25.471000	2.787790	2.699260	14.367100	0.613478	0.594609	0.544409	0.605414	1.016490	
   76	90.200000	90.000000	89.530000	89.990000	90.200000	95.740000	110.990000	125.280000	134.110000	125.800000	121.710000	120.760000	119.800000	120.760000	122.540000	126.040000	133.120000	136.230000	146.260000	151.630000	140.100000	129.810000	123.280000	112.910000	60.920000	4.576060	0.000000	0.000000	0.000000	0.000000	0.000000	0.000000	0.000000	4.474000	0.000000	24.970500	32.795600	37.653900	41.322800	33.421700	23.691800	0.000000	18.695900	82.455900	50.648800	0.000000	0.000000	0.000000	98.120000	88.994000	71.952100	58.231100	50.882400	47.984500	74.072200	116.493000	129.752000	94.067500	59.245400	32.389200	32.156000	41.483100	58.257100	79.232800	113.252000	122.423000	153.225000	115.564000	88.590300	119.106000	117.099000	92.433000	108.220000	92.674200	83.671800	74.379500	72.904400	72.598300	93.057100	99.174900	106.129000	76.886200	80.704600	63.991100	59.170700	57.630600	59.820700	47.703500	64.114200	104.939000	139.156000	127.317000	111.616000	128.913000	118.989000	99.305500	0.668000	0.000000	0.695430	0.000000	0.737944	0.000000	0.736799	0.000000	0.725075	0.000000	0.707371	0.000000	0.643823	0.000000	0.705570	0.009300	0.794530	0.062200	0.840134	0.098900	106.660000	89.652900	89.432400	93.992800	79.564200	92.604000	121.808000	156.655000	112.669000	122.212000	109.290000	106.545000	0.869052	0.120900	0.923261	0.145600	0.984135	0.149300	1.052060	0.122000	1.125580	0.154800	1.185790	0.050400	1.225430	0.002700	1.224900	0.000000	1.193620	0.000000	1.142400	0.000000	1.094640	0.000000	1.048620	0.000000	0.984825	0.000000	0.916096	0.000000	0.875610	0.350590	0.378777	0.778919	0.022528	0.861140	0.570275	0.660071	0.747686	0.000000	18.857200	10.318900	7.311660	264.610000	62.244000	28.665400	0.000000	2.968180	2.466360	0.504689	0.709069	0.658600	0.662907	0.884906	
   77	90.200000	90.000000	89.530000	89.990000	90.200000	95.740000	110.990000	125.280000	134.110000	125.800000	121.710000	120.760000	119.800000	120.760000	122.540000	126.040000	133.120000	136.230000	146.260000	151.630000	140.100000	129.810000	123.280000	112.910000	60.920000	7.970910	2.676170	0.000000	0.379549	1.371810	1.638420	13.170800	0.000000	0.000000	0.000000	13.675100	20.550600	25.612800	29.365300	22.311000	14.800000	11.257700	16.018300	66.812100	52.794000	0.000000	0.000000	0.000000	98.120000	87.344000	74.351700	62.595700	47.582100	50.483700	76.701400	113.859000	120.571000	81.663900	46.899400	35.024600	33.266000	42.742700	58.574300	70.002700	107.690000	126.018000	131.592000	96.895600	82.291100	97.030300	109.551000	91.634600	108.220000	92.837500	72.256600	68.795000	75.604500	73.734000	97.067800	92.609600	130.113000	77.457000	90.136700	66.258700	73.051900	70.640400	58.102300	50.581800	67.306200	109.414000	157.951000	147.679000	132.308000	146.013000	135.681000	114.019000	0.668000	0.000000	0.688905	0.000000	0.716208	0.000000	0.688006	0.000000	0.661128	0.000000	0.649719	0.000000	0.683022	0.000000	0.747924	0.018800	0.829605	0.053700	0.814402	0.150100	106.660000	109.652000	118.652000	120.872000	110.062000	122.298000	153.841000	154.869000	136.734000	137.073000	123.735000	118.046000	0.800202	0.177000	0.836701	0.187900	0.960322	0.141600	1.033770	0.266500	1.086780	0.097100	1.136690	0.048400	1.181590	0.002900	1.162370	0.000000	1.037760	0.000000	0.975579	0.000000	0.944253	0.000000	0.949203	0.000000	0.928442	0.000000	0.889915	0.000000	0.875610	0.172266	0.404848	1.548850	1.562220	0.819807	0.156874	0.546698	0.373937	0.000000	25.988600	0.000000	0.000000	298.554000	52.638100	18.578200	22.514400	4.337880	42.278200	0.290806	0.586235	0.554067	0.461253	0.637396	
   78	90.200000	90.000000	89.530000	89.990000	90.200000	95.740000	110.990000	125.280000	134.110000	125.800000	121.710000	120.760000	119.800000	120.760000	122.540000	126.040000	133.120000	136.230000	146.260000	151.630000	140.100000	129.810000	123.280000	112.910000	60.920000	14.026600	8.585200	4.487680	1.881650	3.348280	11.455200	23.092500	0.000000	11.245600	0.000000	17.671600	27.651900	31.210300	33.265700	25.240900	23.691800	0.000000	19.688600	26.177200	25.742800	1.012110	0.000000	0.000000	98.120000	85.242200	75.552100	59.722700	42.610500	49.443800	73.857400	107.274000	109.330000	95.580100	61.221200	52.866800	42.366900	53.996100	62.929000	85.258900	108.836000	130.676000	146.039000	104.498000	79.191100	88.720500	103.284000	94.923100	108.220000	103.423000	91.170600	74.967900	72.164000	85.959200	92.157500	117.753000	128.560000	114.907000	120.172000	99.937800	80.710000	75.913200	73.160700	65.801300	79.337500	119.520000	151.286000	135.724000	112.914000	115.202000	120.086000	115.616000	0.668000	0.000000	0.763006	0.000000	0.841708	0.000000	0.812132	0.000000	0.748931	0.000000	0.724298	0.000000	0.728232	0.000000	0.804557	0.008600	0.889119	0.047200	0.908597	0.093700	106.660000	103.404000	101.872000	97.717600	100.109000	118.916000	153.654000	170.594000	137.835000	122.436000	120.782000	107.501000	0.982627	0.134900	1.165250	0.095400	1.319330	0.078400	1.452170	0.083200	1.516760	0.062400	1.541200	0.021500	1.359480	0.003600	1.370890	0.000000	1.301050	0.000000	1.220180	0.000000	1.146500	0.000000	1.099150	0.000000	1.058210	0.000000	0.997415	0.000000	0.875610	0.577216	0.629736	1.558460	0.928923	0.718382	0.185079	0.518107	0.697887	0.000000	14.089600	0.000000	0.000000	552.807000	102.183000	58.254000	19.369400	2.272180	21.677500	0.667227	0.855551	0.636993	0.573172	0.706393	
   79	90.200000	90.000000	89.530000	89.990000	90.200000	95.740000	110.990000	125.280000	134.110000	125.800000	121.710000	120.760000	119.800000	120.760000	122.540000	126.040000	133.120000	136.230000	146.260000	151.630000	140.100000	129.810000	123.280000	112.910000	60.920000	14.026600	8.585200	4.487680	1.881650	3.348280	11.455200	23.092500	0.000000	11.245600	0.000000	17.671600	27.651900	31.210300	33.265700	25.240900	23.691800	0.000000	19.688600	26.177200	25.742800	1.012110	0.000000	0.000000	98.120000	83.557300	62.146400	53.877500	44.802600	42.243900	70.788100	120.218000	137.921000	93.163100	57.767100	24.914300	16.428600	30.366500	30.738500	49.837900	87.265200	105.693000	147.343000	100.387000	84.441400	108.709000	105.351000	94.923100	108.220000	71.177100	60.814800	54.341600	46.920900	49.532700	74.919800	91.404000	110.168000	79.281100	84.354100	43.512100	43.879600	39.781300	34.964100	27.770200	42.702100	89.368800	134.673000	132.979000	127.135000	132.642000	117.807000	115.616000	0.668000	0.000000	0.710233	0.000000	0.762251	0.000000	0.734575	0.000000	0.700120	0.000000	0.632576	0.000000	0.609234	0.000000	0.653251	0.010000	0.707709	0.069000	0.727956	0.226800	106.660000	108.301000	105.116000	116.060000	108.130000	127.300000	133.799000	156.655000	112.669000	122.212000	109.290000	107.978000	0.757761	0.211700	0.840257	0.201200	0.940296	0.186100	1.037010	0.142700	1.123220	0.075700	1.182440	0.039800	1.214700	0.004300	1.196920	0.000000	1.154230	0.000000	1.085830	0.000000	1.002070	0.000000	0.958793	0.000000	0.928213	0.000000	0.997415	0.000000	0.875610	0.503473	0.775282	2.004730	1.540690	0.709507	0.498448	0.681449	0.264441	0.000000	9.611690	0.000000	2.562770	333.229000	64.191100	40.109800	0.000000	1.682340	0.000000	0.611011	0.349670	0.594969	0.722536	0.706393	
   80	90.200000	90.000000	89.530000	89.990000	90.200000	95.740000	110.990000	125.280000	134.110000	125.800000	121.710000	120.760000	119.800000	120.760000	122.540000	126.040000	133.120000	136.230000	146.260000	151.630000	140.100000	129.810000	123.280000	112.910000	60.920000	14.026600	8.585200	4.487680	1.881650	3.348280	11.455200	23.092500	0.000000	11.245600	0.000000	17.671600	27.651900	31.210300	33.265700	25.240900	23.691800	0.000000	19.688600	26.177200	25.742800	1.012110	0.000000	0.000000	98.120000	76.142600	65.005500	46.786700	24.667700	29.856000	74.336000	98.875800	106.224000	68.597900	16.306100	18.869000	14.852400	20.721400	20.678900	47.342300	75.948700	79.405600	127.585000	100.323000	68.249300	72.831200	94.898100	87.593100	108.220000	89.776100	73.199600	68.268800	66.701700	77.018900	92.739300	116.474000	124.051000	103.048000	84.610500	74.794800	67.809400	59.593600	55.737400	46.289600	59.122300	82.255800	139.011000	134.390000	113.566000	117.199000	118.109000	112.743000	0.668000	0.000000	0.659043	0.000000	0.716208	0.000000	0.688006	0.000000	0.661128	0.000000	0.649719	0.000000	0.683022	0.000000	0.747924	0.026200	0.794318	0.078600	0.814584	0.233700	106.660000	147.150000	147.111000	143.356000	139.444000	137.733000	166.138000	180.520000	161.071000	160.258000	148.344000	129.290000	0.830174	0.186700	0.877455	0.109800	0.936567	0.143400	1.004570	0.143500	1.097190	0.160300	1.185190	0.082600	1.236170	0.006000	1.252860	0.000000	1.203710	0.000000	1.124520	0.000000	1.047580	0.000000	0.992450	0.000000	0.929766	0.000000	0.853551	0.000000	0.875610	0.172266	0.404848	1.548850	1.562220	0.819807	0.156874	0.546698	0.373937	0.000000	25.988600	35.176000	15.861200	68.942800	58.736400	0.000000	11.241300	3.156020	0.000000	1.096670	0.966952	0.684661	0.848682	0.941194	
   81	90.200000	90.000000	89.530000	89.990000	90.200000	95.740000	110.990000	125.280000	134.110000	125.800000	121.710000	120.760000	119.800000	120.760000	122.540000	126.040000	133.120000	136.230000	146.260000	151.630000	140.100000	129.810000	123.280000	112.910000	60.920000	14.026600	8.585200	4.487680	1.881650	3.348280	11.455200	23.092500	0.000000	11.245600	0.000000	17.671600	27.651900	31.210300	33.265700	25.240900	23.691800	0.000000	19.688600	26.177200	25.742800	1.012110	0.000000	0.000000	98.120000	85.447100	66.158600	56.120700	36.238600	40.595800	73.598700	109.142000	109.272000	72.480500	52.376600	33.361900	29.816400	39.982600	39.923000	60.409600	101.283000	116.692000	149.754000	103.696000	77.189300	98.574900	102.937000	91.213100	108.220000	88.759600	73.724500	65.904100	63.732300	59.793900	91.766700	104.729000	116.609000	96.069800	98.296000	60.574700	62.717100	59.916600	54.016100	46.635800	50.303600	91.726400	131.629000	125.592000	112.921000	132.232000	121.852000	108.975000	0.668000	0.000000	0.701465	0.000000	0.772199	0.000000	0.740816	0.000000	0.682212	0.000000	0.639362	0.000000	0.654973	0.000000	0.715331	0.010800	0.774016	0.029500	0.790131	0.108300	106.660000	119.720000	121.211000	125.826000	104.732000	111.250000	129.737000	174.422000	139.114000	130.414000	118.438000	120.506000	0.825372	0.120500	0.879267	0.108800	0.921370	0.061500	1.002680	0.061200	1.100210	0.094900	1.167590	0.030300	1.176490	0.003000	1.115500	0.000000	0.986850	0.000000	0.864421	0.000000	0.767121	0.000000	0.712504	0.000000	0.680108	0.000000	0.642227	0.000000	0.875610	0.000000	0.000000	0.700554	0.000000	0.210303	0.219512	1.286760	0.000000	2.020960	3.387070	17.802900	0.000000	92.232300	44.977900	0.000000	0.000000	2.233230	5.959780	0.622314	0.662170	0.654747	0.882315	0.779859	
   82	90.200000	90.000000	89.530000	89.990000	90.200000	95.740000	110.990000	125.280000	134.110000	125.800000	121.710000	120.760000	119.800000	120.760000	122.540000	126.040000	133.120000	136.230000	146.260000	151.630000	140.100000	129.810000	123.280000	112.910000	60.920000	14.227600	7.970770	6.850160	1.580270	6.308580	2.977310	0.000000	0.000000	12.087300	3.342130	23.146900	25.862400	31.838400	33.409300	25.036300	22.648200	9.018760	12.333500	89.191900	62.990500	0.000000	2.236960	8.386720	98.120000	82.399000	66.008600	55.888100	43.417400	39.909300	74.595300	108.536000	111.472000	67.663500	50.814500	35.102000	29.393600	39.481900	40.636500	60.603200	97.397500	121.723000	142.966000	92.734100	80.384700	110.317000	105.846000	91.485000	108.220000	88.493900	72.257500	65.761500	64.094800	64.578500	90.430400	111.140000	115.983000	85.462200	95.499900	63.436400	64.745800	61.967400	53.866000	44.601200	58.699300	106.958000	138.240000	130.665000	117.542000	155.251000	121.626000	111.811000	0.668000	0.000000	0.708090	0.000000	0.738039	0.000000	0.715091	0.000000	0.697630	0.000000	0.658956	0.000000	0.688872	0.000000	0.824273	0.009200	0.866407	0.076500	0.803322	0.208100	106.660000	141.458000	106.519000	109.822000	99.473200	110.689000	126.560000	146.366000	118.805000	109.733000	114.532000	104.480000	0.807533	0.180500	0.870194	0.232600	0.945659	0.151500	1.012840	0.103600	1.084350	0.058100	1.154570	0.035100	1.193700	0.002600	1.172010	0.000000	1.117330	0.000000	1.054510	0.000000	0.976162	0.000000	0.946988	0.000000	0.922376	0.000000	0.740922	0.000000	0.875610	0.321049	0.672102	1.092590	0.191302	0.360277	0.441567	0.700472	0.231050	2.401040	0.000000	0.000000	25.300000	477.610000	0.000000	28.498800	0.000000	2.397600	6.126590	0.616933	0.188886	0.651667	0.709303	0.716123	
   83	90.200000	90.000000	89.530000	89.990000	90.200000	95.740000	110.990000	125.280000	134.110000	125.800000	121.710000	120.760000	119.800000	120.760000	122.540000	126.040000	133.120000	136.230000	146.260000	151.630000	140.100000	129.810000	123.280000	112.910000	60.920000	6.623310	0.000000	0.000000	0.000000	0.000000	0.000000	0.000000	0.000000	8.682720	20.667400	15.253400	27.612200	29.279900	33.704800	23.962300	25.478100	17.482400	32.509100	53.327300	50.674200	3.908760	0.813277	0.000000	98.120000	81.693100	68.217800	51.669200	28.109200	34.093400	60.327400	106.238000	117.953000	88.660700	55.964600	37.053700	33.977200	47.115800	45.015800	65.203000	95.454900	108.990000	136.981000	105.995000	80.983500	102.173000	105.529000	93.310100	108.220000	86.996400	78.904500	74.844200	65.920200	77.665500	93.376500	112.504000	116.998000	104.357000	98.006600	55.849200	53.757400	39.305800	30.884500	46.338400	66.023400	107.923000	131.473000	117.812000	103.204000	124.956000	122.421000	112.215000	0.668000	0.000000	0.733698	0.000000	0.752150	0.000000	0.732548	0.000000	0.817019	0.000000	0.781837	0.000000	0.750995	0.000000	0.855196	0.014500	1.035350	0.141500	1.098380	0.162300	106.660000	112.005000	112.392000	114.471000	108.833000	115.377000	128.888000	148.454000	136.511000	151.661000	122.987000	120.120000	1.131880	0.125700	1.178150	0.145500	1.222160	0.096500	1.247720	0.088800	1.259490	0.089300	1.273890	0.017800	1.284910	0.001100	1.220490	0.000000	1.126390	0.000000	0.954749	0.000000	0.944253	0.000000	0.949203	0.000000	0.941767	0.000000	0.918064	0.000000	0.875610	0.000000	0.000000	0.498120	0.000000	0.271992	0.000000	0.672112	0.681880	0.000000	7.553190	0.028268	5.126070	393.787000	44.740300	31.660900	2.742970	2.650890	0.000000	0.111852	0.409464	0.721246	0.881413	0.820439	
   84	90.200000	90.000000	89.530000	89.990000	90.200000	95.740000	110.990000	125.280000	134.110000	125.800000	121.710000	120.760000	119.800000	120.760000	122.540000	126.040000	133.120000	136.230000	146.260000	151.630000	140.100000	129.810000	123.280000	112.910000	60.920000	16.888300	10.880900	9.509230	4.044990	6.579200	0.000000	0.000000	0.000000	0.000000	5.113290	23.125800	32.149900	39.076900	37.005800	27.491000	19.520900	0.000000	16.090900	81.542300	39.474700	0.000000	0.000000	0.568638	98.120000	80.786500	69.206100	60.489300	47.737400	47.139300	80.939800	116.759000	126.004000	102.344000	54.804100	41.829300	37.266300	45.907800	46.809200	61.724500	99.898600	113.763000	140.839000	107.916000	94.823700	106.625000	112.359000	99.168500	108.220000	90.073700	72.834100	65.035500	60.520900	64.745300	94.118900	107.781000	124.087000	100.802000	100.477000	88.290500	90.357800	81.599100	77.250800	17.683300	36.403500	86.290800	135.554000	140.146000	125.536000	136.506000	120.427000	109.572000	0.668000	0.000000	0.726189	0.000000	0.775848	0.000000	0.748761	0.000000	0.716930	0.000000	0.642179	0.000000	0.675252	0.000000	0.722110	0.014900	0.783112	0.137100	0.848142	0.136600	106.660000	110.663000	107.400000	110.523000	95.774300	110.768000	131.407000	145.159000	118.679000	117.459000	114.602000	109.893000	0.818340	0.260600	0.850472	0.193400	0.971727	0.103100	1.042590	0.071500	1.101490	0.066100	1.221690	0.038300	1.266760	0.004500	1.249260	0.000000	1.188340	0.000000	1.134220	0.000000	1.058550	0.000000	0.997448	0.000000	0.957859	0.000000	0.890151	0.000000	0.875610	0.625254	0.616510	0.892520	0.661408	0.864200	0.538864	0.651956	0.673818	0.000000	18.413900	0.000000	0.000000	363.318000	57.832900	33.565800	0.000000	2.238840	1.174090	0.609119	0.738484	0.891542	0.777238	1.183500	
   85	90.200000	90.000000	89.530000	89.990000	90.200000	95.740000	110.990000	125.280000	134.110000	125.800000	121.710000	120.760000	119.800000	120.760000	122.540000	126.040000	133.120000	136.230000	146.260000	151.630000	140.100000	129.810000	123.280000	112.910000	60.920000	7.970910	2.676170	0.000000	0.379549	1.371810	1.638420	13.170800	0.000000	0.000000	0.000000	13.675100	20.550600	25.612800	29.365300	22.311000	14.800000	11.257700	16.018300	66.812100	52.794000	0.000000	0.000000	0.000000	98.120000	87.344000	74.351700	62.595700	47.582100	50.483700	76.701400	113.859000	120.571000	81.663900	46.899400	35.024600	33.266000	42.742700	58.574300	70.002700	107.690000	126.018000	131.592000	96.895600	82.291100	97.030300	109.551000	91.634600	108.220000	92.837500	72.256600	68.795000	75.604500	73.734000	97.067800	92.609600	130.113000	77.457000	90.136700	66.258700	73.051900	70.640400	58.102300	50.581800	67.306200	109.414000	157.951000	147.679000	132.308000	146.013000	135.681000	114.019000	0.668000	0.000000	0.688905	0.000000	0.716208	0.000000	0.688006	0.000000	0.661128	0.000000	0.649719	0.000000	0.683022	0.000000	0.747924	0.018800	0.829605	0.053700	0.814402	0.150100	106.660000	109.652000	118.652000	120.872000	110.062000	122.298000	153.841000	154.869000	136.734000	137.073000	123.735000	118.046000	0.800202	0.177000	0.836701	0.187900	0.960322	0.141600	1.033770	0.266500	1.086780	0.097100	1.136690	0.048400	1.181590	0.002900	1.162370	0.000000	1.037760	0.000000	0.975579	0.000000	0.944253	0.000000	0.949203	0.000000	0.928442	0.000000	0.889915	0.000000	0.875610	0.172266	0.404848	1.548850	1.562220	0.819807	0.156874	0.546698	0.373937	0.000000	25.988600	0.000000	0.000000	298.554000	52.638100	18.578200	22.514400	4.337880	42.278200	0.290806	0.586235	0.554067	0.461253	0.637396	
   86	90.200000	90.000000	89.530000	89.990000	90.200000	95.740000	110.990000	125.280000	134.110000	125.800000	121.710000	120.760000	119.800000	120.760000	122.540000	126.040000	133.120000	136.230000	146.260000	151.630000	140.100000	129.810000	123.280000	112.910000	60.920000	16.888300	10.880900	9.509230	4.044990	6.579200	0.000000	0.000000	0.000000	0.000000	5.113290	23.125800	32.149900	39.076900	37.005800	27.491000	19.520900	0.000000	16.090900	81.542300	39.474700	0.000000	0.000000	0.568638	98.120000	80.786500	69.206100	60.489300	47.737400	47.139300	80.939800	116.759000	126.004000	102.344000	54.804100	41.829300	37.266300	45.907800	46.809200	61.724500	99.898600	113.763000	140.839000	107.916000	94.823700	106.625000	112.359000	99.168500	108.220000	90.073700	72.834100	65.035500	60.520900	64.745300	94.118900	107.781000	124.087000	100.802000	100.477000	88.290500	90.357800	81.599100	77.250800	17.683300	36.403500	86.290800	135.554000	140.146000	125.536000	136.506000	120.427000	109.572000	0.668000	0.000000	0.726189	0.000000	0.775848	0.000000	0.748761	0.000000	0.716930	0.000000	0.642179	0.000000	0.675252	0.000000	0.722110	0.014900	0.783112	0.137100	0.848142	0.136600	106.660000	110.663000	107.400000	110.523000	95.774300	110.768000	131.407000	145.159000	118.679000	117.459000	114.602000	109.893000	0.818340	0.260600	0.850472	0.193400	0.971727	0.103100	1.042590	0.071500	1.101490	0.066100	1.221690	0.038300	1.266760	0.004500	1.249260	0.000000	1.188340	0.000000	1.134220	0.000000	1.058550	0.000000	0.997448	0.000000	0.957859	0.000000	0.890151	0.000000	0.875610	0.625254	0.616510	0.892520	0.661408	0.864200	0.538864	0.651956	0.673818	0.000000	18.413900	0.000000	0.000000	363.318000	57.832900	33.565800	0.000000	2.238840	1.174090	0.609119	0.738484	0.891542	0.777238	1.183500	
   87	90.200000	90.000000	89.530000	89.990000	90.200000	95.740000	110.990000	125.280000	134.110000	125.800000	121.710000	120.760000	119.800000	120.760000	122.540000	126.040000	133.120000	136.230000	146.260000	151.630000	140.100000	129.810000	123.280000	112.910000	60.920000	6.623310	0.000000	0.000000	0.000000	0.000000	0.000000	0.000000	0.000000	8.682720	20.667400	15.253400	27.612200	29.279900	33.704800	23.962300	25.478100	17.482400	32.509100	53.327300	50.674200	3.908760	0.813277	0.000000	98.120000	81.693100	68.217800	51.669200	28.109200	34.093400	60.327400	106.238000	117.953000	88.660700	55.964600	37.053700	33.977200	47.115800	45.015800	65.203000	95.454900	108.990000	136.981000	105.995000	80.983500	102.173000	105.529000	93.310100	108.220000	86.996400	78.904500	74.844200	65.920200	77.665500	93.376500	112.504000	116.998000	104.357000	98.006600	55.849200	53.757400	39.305800	30.884500	46.338400	66.023400	107.923000	131.473000	117.812000	103.204000	124.956000	122.421000	112.215000	0.668000	0.000000	0.733698	0.000000	0.752150	0.000000	0.732548	0.000000	0.701040	0.000000	0.554030	0.000000	0.572277	0.000000	0.565004	0.006500	0.592135	0.071400	0.593578	0.107000	106.660000	113.708000	97.133000	95.680100	88.300800	107.951000	132.925000	135.422000	107.496000	105.585000	112.863000	93.349200	0.595392	0.165600	0.633128	0.264000	0.682742	0.196800	0.746538	0.139600	0.823492	0.113700	0.899363	0.040500	0.947085	0.002900	0.942350	0.000000	1.214250	0.000000	1.119630	0.000000	1.068000	0.000000	1.031880	0.000000	1.004960	0.000000	0.951586	0.000000	0.875610	0.187588	0.483087	1.370760	0.496454	0.143212	0.595906	0.850230	0.851071	0.000000	0.000000	0.000000	0.000000	374.862000	47.902700	11.857500	26.274100	4.557430	0.000000	1.918630	0.300380	0.635603	0.591270	0.777190	
   88	90.200000	90.000000	89.530000	89.990000	90.200000	95.740000	110.990000	125.280000	134.110000	125.800000	121.710000	120.760000	119.800000	120.760000	122.540000	126.040000	133.120000	136.230000	146.260000	151.630000	140.100000	129.810000	123.280000	112.910000	60.920000	22.721100	22.357700	11.616800	8.881070	11.604700	5.749140	0.000000	0.000000	6.291300	2.667140	13.393700	34.187800	32.309300	35.732600	25.209000	17.304100	6.619240	12.904000	58.555200	37.361000	0.000000	0.000000	0.000000	98.120000	92.399100	76.727300	61.838400	42.706900	39.960400	68.942100	105.035000	108.218000	86.730900	57.807800	29.068800	27.520800	32.292200	29.099500	54.159500	95.452800	97.138000	132.212000	98.741900	75.105000	103.480000	97.508900	92.346000	108.220000	97.816900	79.743000	66.261700	64.851200	64.196500	99.399000	105.899000	124.888000	103.131000	90.963200	63.879900	71.804100	75.504400	60.522000	53.443800	61.430400	108.742000	120.851000	142.616000	114.988000	126.941000	119.651000	112.274000	0.668000	0.000000	0.708104	0.000000	0.769303	0.000000	0.738858	0.000000	0.695793	0.000000	0.639397	0.000000	0.672736	0.000000	0.714600	0.013600	0.778691	0.079100	0.800743	0.190500	106.660000	109.892000	108.671000	115.847000	108.185000	111.236000	134.843000	146.366000	118.805000	109.733000	114.532000	104.480000	0.763819	0.201200	0.775641	0.189600	0.862059	0.126900	0.983371	0.082300	1.009050	0.089200	1.138390	0.041700	1.201280	0.002800	1.193220	0.000000	1.121680	0.000000	1.023090	0.000000	1.001280	0.000000	0.938295	0.000000	0.891463	0.000000	0.813428	0.000000	0.875610	0.000000	0.000000	0.823527	0.000000	0.509146	0.765521	1.441050	0.235837	0.000000	5.109160	2.641010	0.000000	341.559000	60.317900	28.554500	0.000000	0.000000	14.807100	0.838912	0.727588	0.838198	0.863075	1.123270	
   89	90.200000	90.000000	89.530000	89.990000	90.200000	95.740000	110.990000	125.280000	134.110000	125.800000	121.710000	120.760000	119.800000	120.760000	122.540000	126.040000	133.120000	136.230000	146.260000	151.630000	140.100000	129.810000	123.280000	112.910000	60.920000	14.736600	9.398790	2.638170	2.308400	4.884320	3.306880	0.000000	0.000000	1.551060	0.000000	14.155200	30.050300	31.759800	33.266700	18.786100	22.648200	9.018760	12.333500	89.191900	62.990500	0.000000	2.236960	0.000000	98.120000	83.518600	62.709000	56.053800	49.253100	56.691500	86.693600	112.992000	119.295000	101.564000	51.883300	18.447700	15.017800	29.666800	13.226500	35.129200	74.942600	118.814000	132.795000	110.656000	71.367900	101.001000	106.421000	94.382200	108.220000	78.336300	61.000900	60.723300	64.427300	70.996300	97.198300	112.370000	107.664000	88.178600	102.451000	70.901900	72.397100	67.400400	62.617200	55.984600	67.355800	101.098000	139.188000	146.121000	127.260000	146.732000	125.018000	115.066000	0.668000	0.000000	0.704105	0.000000	0.741962	0.000000	0.710702	0.000000	0.700204	0.000000	0.649980	0.000000	0.645972	0.000000	0.672931	0.006700	0.735812	0.037600	0.786131	0.066100	106.660000	88.736400	84.914000	87.095400	108.833000	115.377000	128.888000	121.543000	109.948000	102.412000	107.657000	95.123800	0.766004	0.169800	0.804736	0.169400	0.875917	0.120600	0.953332	0.138400	1.052040	0.100700	1.126100	0.046500	1.193700	0.002200	1.172010	0.000000	1.117330	0.000000	1.054510	0.000000	0.976162	0.000000	0.943208	0.000000	0.922376	0.000000	0.876828	0.000000	0.875610	0.038111	0.253241	0.376880	0.000000	0.184512	0.193945	0.785587	0.395161	0.000000	0.924747	0.000000	0.000000	374.672000	61.575400	31.734900	0.000000	2.397600	6.126590	0.616933	0.188886	0.651667	0.709303	1.068150	
   90	90.200000	90.000000	89.530000	89.990000	90.200000	95.740000	110.990000	125.280000	134.110000	125.800000	121.710000	120.760000	119.800000	120.760000	122.540000	126.040000	133.120000	136.230000	146.260000	151.630000	140.100000	129.810000	123.280000	112.910000	60.920000	14.736600	9.398790	2.638170	2.308400	4.884320	3.306880	0.000000	0.000000	1.551060	0.000000	14.155200	30.050300	31.759800	33.266700	18.786100	22.648200	9.018760	12.333500	89.191900	62.990500	0.000000	2.236960	0.000000	98.120000	83.518600	62.709000	56.053800	49.253100	56.691500	86.693600	112.992000	119.295000	101.564000	51.883300	18.447700	15.017800	29.666800	13.226500	35.129200	74.942600	118.814000	132.795000	110.656000	71.367900	101.001000	106.421000	94.382200	108.220000	78.336300	61.000900	60.723300	64.427300	70.996300	97.198300	112.370000	107.664000	88.178600	102.451000	70.901900	72.397100	67.400400	62.617200	55.984600	67.355800	101.098000	139.188000	146.121000	127.260000	146.732000	125.018000	115.066000	0.668000	0.000000	0.704105	0.000000	0.741962	0.000000	0.710702	0.000000	0.700204	0.000000	0.649980	0.000000	0.645972	0.000000	0.672931	0.006700	0.735812	0.037600	0.786131	0.066100	106.660000	88.736400	84.914000	87.095400	108.833000	115.377000	128.888000	121.543000	109.948000	102.412000	107.657000	95.123800	0.766004	0.169800	0.804736	0.169400	0.875917	0.120600	0.953332	0.138400	1.052040	0.100700	1.126100	0.046500	1.193700	0.002200	1.172010	0.000000	1.117330	0.000000	1.054510	0.000000	0.976162	0.000000	0.943208	0.000000	0.922376	0.000000	0.876828	0.000000	0.875610	0.038111	0.253241	0.376880	0.000000	0.184512	0.193945	0.785587	0.395161	0.000000	0.924747	0.000000	0.000000	374.672000	61.575400	31.734900	0.000000	2.397600	6.126590	0.616933	0.188886	0.651667	0.709303	1.068150	
   91	90.200000	90.000000	89.530000	89.990000	90.200000	95.740000	110.990000	125.280000	134.110000	125.800000	121.710000	120.760000	119.800000	120.760000	122.540000	126.040000	133.120000	136.230000	146.260000	151.630000	140.100000	129.810000	123.280000	112.910000	60.920000	22.298200	12.053600	5.633000	9.625520	5.786410	0.000000	0.000000	0.000000	20.001500	0.000000	14.177200	27.462900	20.512700	28.736600	21.891300	15.057000	0.000000	5.585910	86.503000	22.415400	0.000000	0.000000	0.000000	98.120000	74.062000	64.247800	53.395400	37.624600	34.392700	57.117600	86.390000	114.329000	80.946400	48.021500	35.379100	35.767400	41.751800	42.256000	58.760100	90.863700	109.247000	130.496000	98.297000	75.337600	99.398600	95.550400	84.329300	108.220000	82.557800	70.307900	59.236100	52.271800	58.707200	82.571700	98.450500	106.146000	88.150500	94.123100	54.483600	57.597200	58.642300	53.834900	35.856700	54.143700	106.252000	135.752000	116.235000	107.593000	118.613000	111.427000	96.104300	0.668000	0.000000	0.716040	0.000000	0.769076	0.000000	0.794928	0.000000	0.756649	0.000000	0.740380	0.000000	0.745910	0.000000	0.768809	0.014300	0.817011	0.110900	0.844528	0.328200	106.660000	118.376000	119.770000	128.772000	121.008000	132.910000	154.956000	156.485000	146.649000	130.414000	118.438000	120.506000	0.877498	0.280700	0.943299	0.146400	1.020010	0.146300	1.103840	0.111100	1.184970	0.106700	1.300970	0.037100	1.347680	0.003100	1.332500	0.000000	1.292280	0.000000	1.246440	0.000000	1.183800	0.000000	1.131170	0.000000	1.070110	0.000000	0.993960	0.000000	0.875610	0.000000	0.000000	0.331657	0.000000	0.000000	0.000000	0.080606	0.440427	0.112931	0.000000	4.881730	29.780700	349.676000	171.993000	31.397300	0.000000	2.101040	12.586400	0.266918	0.622192	0.682594	0.518874	0.802991	
   92	90.200000	90.000000	89.530000	89.990000	90.200000	95.740000	110.990000	125.280000	134.110000	125.800000	121.710000	120.760000	119.800000	120.760000	122.540000	126.040000	133.120000	136.230000	146.260000	151.630000	140.100000	129.810000	123.280000	112.910000	60.920000	22.721100	22.357700	11.616800	8.881070	11.604700	5.749140	0.000000	0.000000	6.291300	2.667140	13.393700	34.187800	32.309300	35.732600	25.209000	17.304100	6.619240	12.904000	58.555200	37.361000	0.000000	0.000000	0.000000	98.120000	92.399100	76.727300	61.838400	42.706900	39.960400	68.942100	105.035000	108.218000	86.730900	57.807800	29.068800	27.520800	32.292200	29.099500	54.159500	95.452800	97.138000	132.212000	98.741900	75.105000	103.480000	97.508900	92.346000	108.220000	97.816900	79.743000	66.261700	64.851200	64.196500	99.399000	105.899000	124.888000	103.131000	90.963200	63.879900	71.804100	75.504400	60.522000	53.443800	61.430400	108.742000	120.851000	142.616000	114.988000	126.941000	119.651000	112.274000	0.668000	0.000000	0.708104	0.000000	0.769303	0.000000	0.738858	0.000000	0.695793	0.000000	0.639397	0.000000	0.672736	0.000000	0.714600	0.013600	0.778691	0.079100	0.800743	0.190500	106.660000	109.892000	108.671000	115.847000	108.185000	111.236000	134.843000	146.366000	118.805000	109.733000	114.532000	104.480000	0.763819	0.201200	0.775641	0.189600	0.862059	0.126900	0.983371	0.082300	1.009050	0.089200	1.138390	0.041700	1.201280	0.002800	1.193220	0.000000	1.121680	0.000000	1.023090	0.000000	1.001280	0.000000	0.938295	0.000000	0.891463	0.000000	0.813428	0.000000	0.875610	0.000000	0.000000	0.823527	0.000000	0.509146	0.765521	1.441050	0.235837	0.000000	5.109160	2.641010	0.000000	341.559000	60.317900	28.554500	0.000000	0.000000	14.807100	0.838912	0.727588	0.838198	0.863075	1.123270	
   93	90.200000	90.000000	89.530000	89.990000	90.200000	95.740000	110.990000	125.280000	134.110000	125.800000	121.710000	120.760000	119.800000	120.760000	122.540000	126.040000	133.120000	136.230000	146.260000	151.630000	140.100000	129.810000	123.280000	112.910000	60.920000	14.026600	8.585200	4.487680	1.881650	3.348280	11.455200	23.092500	0.000000	11.245600	0.000000	17.671600	27.651900	31.210300	33.265700	25.240900	23.691800	0.000000	19.688600	26.177200	25.742800	1.012110	0.000000	0.000000	98.120000	83.557300	62.146400	53.877500	44.802600	42.243900	70.788100	120.218000	137.921000	93.163100	57.767100	24.914300	16.428600	30.366500	30.738500	49.837900	87.265200	105.693000	147.343000	100.387000	84.441400	108.709000	105.351000	87.593100	108.220000	71.177100	60.814800	54.341600	46.920900	49.532700	74.919800	91.404000	110.168000	79.281100	84.354100	43.512100	43.879600	39.781300	34.964100	27.770200	42.702100	89.368800	134.673000	132.979000	127.135000	132.642000	117.807000	112.743000	0.668000	0.000000	0.710233	0.000000	0.762251	0.000000	0.734575	0.000000	0.700120	0.000000	0.632576	0.000000	0.609234	0.000000	0.653251	0.005400	0.707709	0.057500	0.727956	0.188500	106.660000	90.782000	89.770200	94.116600	79.835900	87.744400	107.842000	145.969000	119.474000	111.709000	115.086000	101.072000	0.757761	0.275900	0.840257	0.164700	0.940296	0.186300	1.037010	0.181000	1.123220	0.147300	1.182440	0.051900	1.214700	0.002100	1.196920	0.000000	1.154230	0.000000	1.085830	0.000000	1.002070	0.000000	0.958793	0.000000	0.928213	0.000000	0.853551	0.000000	0.875610	0.503473	0.775282	2.004730	1.540690	0.709507	0.498448	0.681449	0.264441	0.000000	9.611690	0.000000	2.562770	333.229000	64.191100	40.109800	0.000000	1.682340	0.000000	0.611011	0.349670	0.594969	0.722536	0.941194	
   94	90.200000	90.000000	89.530000	89.990000	90.200000	95.740000	110.990000	125.280000	134.110000	125.800000	121.710000	120.760000	119.800000	120.760000	122.540000	126.040000	133.120000	136.230000	146.260000	151.630000	140.100000	129.810000	123.280000	112.910000	60.920000	22.721100	22.357700	11.616800	8.881070	11.604700	5.749140	0.000000	0.000000	6.291300	2.667140	13.393700	34.187800	32.309300	35.732600	25.209000	17.304100	6.619240	12.904000	58.555200	37.361000	0.000000	0.000000	0.000000	98.120000	92.399100	76.727300	61.838400	42.706900	39.960400	68.942100	105.035000	108.218000	86.730900	57.807800	29.068800	27.520800	32.292200	29.099500	54.159500	95.452800	97.138000	132.212000	98.741900	75.105000	103.480000	97.508900	92.346000	108.220000	97.816900	79.743000	66.261700	64.851200	64.196500	99.399000	105.899000	124.888000	103.131000	90.963200	63.879900	71.804100	75.504400	60.522000	53.443800	61.430400	108.742000	120.851000	142.616000	114.988000	126.941000	119.651000	112.274000	0.668000	0.000000	0.708104	0.000000	0.769303	0.000000	0.738858	0.000000	0.695793	0.000000	0.639397	0.000000	0.672736	0.000000	0.714600	0.013600	0.778691	0.079100	0.800743	0.190500	106.660000	109.892000	108.671000	115.847000	108.185000	111.236000	134.843000	146.366000	118.805000	109.733000	114.532000	104.480000	0.763819	0.201200	0.775641	0.189600	0.862059	0.126900	0.983371	0.082300	1.009050	0.089200	1.138390	0.041700	1.201280	0.002800	1.193220	0.000000	1.121680	0.000000	1.023090	0.000000	1.001280	0.000000	0.938295	0.000000	0.891463	0.000000	0.813428	0.000000	0.875610	0.000000	0.000000	0.823527	0.000000	0.509146	0.765521	1.441050	0.235837	0.000000	5.109160	2.641010	0.000000	341.559000	60.317900	28.554500	0.000000	0.000000	14.807100	0.838912	0.727588	0.838198	0.863075	1.123270	
   95	90.200000	90.000000	89.530000	89.990000	90.200000	95.740000	110.990000	125.280000	134.110000	125.800000	121.710000	120.760000	119.800000	120.760000	122.540000	126.040000	133.120000	136.230000	146.260000	151.630000	140.100000	129.810000	123.280000	112.910000	60.920000	22.298200	12.053600	5.633000	9.625520	5.786410	0.000000	0.000000	0.000000	20.001500	0.000000	14.177200	27.462900	20.512700	28.736600	21.891300	15.057000	0.000000	5.585910	86.503000	22.415400	0.000000	0.000000	0.000000	98.120000	74.062000	64.247800	53.395400	37.624600	34.392700	57.117600	86.390000	114.329000	80.946400	48.021500	35.379100	35.767400	41.751800	42.256000	58.760100	90.863700	109.247000	130.496000	98.297000	75.337600	99.398600	95.550400	84.329300	108.220000	82.557800	70.307900	59.236100	52.271800	58.707200	82.571700	98.450500	106.146000	88.150500	94.123100	54.483600	57.597200	58.642300	53.834900	35.856700	54.143700	106.252000	135.752000	116.235000	107.593000	118.613000	111.427000	96.104300	0.668000	0.000000	0.716040	0.000000	0.769076	0.000000	0.794928	0.000000	0.756649	0.000000	0.722678	0.000000	0.766880	0.000000	0.823312	0.008900	0.949483	0.055000	0.933958	0.121900	106.660000	111.505000	106.831000	110.339000	95.481600	110.716000	139.485000	141.357000	118.921000	115.737000	115.647000	110.743000	0.914156	0.132100	0.927491	0.103900	0.956623	0.127400	1.008840	0.108300	1.089530	0.057800	1.190330	0.034800	1.264920	0.002400	1.267250	0.000000	1.204690	0.000000	1.119860	0.000000	1.032650	0.000000	0.981092	0.000000	0.942557	0.000000	0.850454	0.000000	0.875610	0.292292	0.753091	1.245500	0.370869	0.398278	0.009292	0.363704	0.406711	0.000000	2.375450	1.397080	25.462100	475.903000	26.625800	35.456600	19.948300	5.055650	0.000000	0.870451	0.540195	0.614821	0.570316	0.496096	
   96	90.200000	90.000000	89.530000	89.990000	90.200000	95.740000	110.990000	125.280000	134.110000	125.800000	121.710000	120.760000	119.800000	120.760000	122.540000	126.040000	133.120000	136.230000	146.260000	151.630000	140.100000	129.810000	123.280000	112.910000	60.920000	5.420820	0.000000	0.000000	0.000000	0.000000	0.000000	0.000000	0.000000	6.179300	6.740650	5.807220	30.192400	28.737500	40.804600	28.741100	14.891400	19.653000	16.863600	55.719500	17.255100	0.000000	0.000000	0.000000	98.120000	82.114800	69.649000	54.040000	32.382300	41.988400	70.321600	100.635000	117.137000	92.455700	56.779000	46.228000	31.008400	52.252300	45.647500	67.320400	112.768000	112.341000	133.592000	97.171900	96.504700	104.315000	109.876000	95.709100	108.220000	96.868900	80.812400	73.724800	69.830400	62.131000	84.699800	101.958000	124.976000	92.514100	92.946100	74.502400	67.368800	77.417000	63.685700	53.782000	71.891900	109.629000	139.976000	148.632000	142.491000	151.611000	145.049000	123.860000	0.668000	0.000000	0.683822	0.000000	0.720826	0.000000	0.686731	0.000000	0.655123	0.000000	0.621511	0.000000	0.617955	0.000000	0.662976	0.017700	0.715380	0.141400	0.751448	0.149800	106.660000	73.007200	66.725600	80.189200	68.337400	79.468100	100.172000	143.133000	106.094000	107.257000	124.301000	116.583000	0.761486	0.197700	0.784212	0.240100	0.818135	0.197700	0.880177	0.319200	0.974000	0.293500	1.045460	0.109700	1.070480	0.004900	1.063700	0.000000	1.064580	0.000000	1.017720	0.000000	0.913406	0.000000	0.851839	0.000000	0.841304	0.000000	0.805248	0.000000	0.875610	1.007440	1.386980	1.172090	0.329908	0.156653	1.281960	0.829264	0.773736	1.997300	0.000000	38.704400	160.682000	311.413000	64.425700	16.106800	0.000000	0.000000	0.000000	0.422631	0.663732	0.657658	0.689040	0.960787	
   97	90.200000	90.000000	89.530000	89.990000	90.200000	95.740000	110.990000	125.280000	134.110000	125.800000	121.710000	120.760000	119.800000	120.760000	122.540000	126.040000	133.120000	136.230000	146.260000	151.630000	140.100000	129.810000	123.280000	112.910000	60.920000	22.721100	22.357700	11.616800	8.881070	11.604700	5.749140	0.000000	0.000000	6.291300	2.667140	13.393700	34.187800	32.309300	35.732600	25.209000	17.304100	6.619240	12.904000	58.555200	37.361000	0.000000	0.000000	0.000000	98.120000	92.399100	76.727300	61.838400	42.706900	39.960400	68.942100	105.035000	108.218000	86.730900	57.807800	29.068800	27.520800	32.292200	29.099500	54.159500	95.452800	97.138000	132.212000	98.741900	75.105000	103.480000	97.508900	92.346000	108.220000	97.816900	79.743000	66.261700	64.851200	64.196500	99.399000	105.899000	124.888000	103.131000	90.963200	63.879900	71.804100	75.504400	60.522000	53.443800	61.430400	108.742000	120.851000	142.616000	114.988000	126.941000	119.651000	112.274000	0.668000	0.000000	0.708104	0.000000	0.769303	0.000000	0.738858	0.000000	0.695793	0.000000	0.639397	0.000000	0.672736	0.000000	0.714600	0.013600	0.778691	0.079100	0.800743	0.190500	106.660000	109.892000	108.671000	115.847000	108.185000	111.236000	134.843000	146.366000	118.805000	109.733000	114.532000	104.480000	0.763819	0.201200	0.775641	0.189600	0.862059	0.126900	0.983371	0.082300	1.009050	0.089200	1.138390	0.041700	1.201280	0.002800	1.193220	0.000000	1.121680	0.000000	1.023090	0.000000	1.001280	0.000000	0.938295	0.000000	0.891463	0.000000	0.813428	0.000000	0.875610	0.000000	0.000000	0.823527	0.000000	0.509146	0.765521	1.441050	0.235837	0.000000	5.109160	2.641010	0.000000	341.559000	60.317900	28.554500	0.000000	0.000000	14.807100	0.838912	0.727588	0.838198	0.863075	1.123270	
   98	90.200000	90.000000	89.530000	89.990000	90.200000	95.740000	110.990000	125.280000	134.110000	125.800000	121.710000	120.760000	119.800000	120.760000	122.540000	126.040000	133.120000	136.230000	146.260000	151.630000	140.100000	129.810000	123.280000	112.910000	60.920000	1.962480	12.096900	0.000000	0.000000	0.000000	0.000000	0.000000	0.000000	3.099690	9.765420	22.047000	25.819500	31.319600	34.989800	24.829500	19.097600	0.000000	7.970480	28.700700	40.297800	9.270830	0.000000	0.838913	98.120000	85.447300	70.659900	55.874900	44.768700	44.758600	70.631100	112.759000	113.537000	86.704100	56.433000	35.285900	37.398900	50.298100	54.637900	73.998400	84.894900	107.989000	126.840000	84.621100	70.664800	93.416200	109.225000	94.491900	108.220000	92.613400	67.155300	63.350400	55.998900	68.534100	88.249200	101.178000	100.407000	81.299700	94.592700	72.089300	64.742800	71.629600	55.757000	50.705300	68.117200	114.003000	146.708000	141.258000	126.751000	117.418000	125.826000	117.072000	0.668000	0.000000	0.709523	0.000000	0.748918	0.000000	0.736799	0.000000	0.678551	0.000000	0.652330	0.000000	0.677755	0.000000	0.723259	0.013500	0.745592	0.088300	0.844528	0.150200	106.660000	118.376000	119.770000	128.772000	121.008000	132.910000	139.190000	163.375000	138.821000	125.825000	118.349000	108.077000	0.877498	0.126100	0.943299	0.115200	1.020010	0.151100	1.103840	0.230500	1.184970	0.183800	1.240440	0.069900	1.391480	0.005800	1.120970	0.000000	1.085030	0.000000	1.042520	0.000000	0.982952	0.000000	0.943654	0.000000	0.867976	0.000000	0.772602	0.000000	0.875610	0.625254	0.616510	0.892520	0.000000	0.737441	0.373452	0.694949	0.577580	0.000000	11.975000	0.225357	0.000000	36.588300	0.000000	30.511500	0.000000	1.961240	14.499000	0.987289	1.002290	0.551222	0.548374	0.796636	
   99	90.200000	90.000000	89.530000	89.990000	90.200000	95.740000	110.990000	125.280000	134.110000	125.800000	121.710000	120.760000	119.800000	120.760000	122.540000	126.040000	133.120000	136.230000	146.260000	151.630000	140.100000	129.810000	123.280000	112.910000	60.920000	16.888300	10.880900	9.509230	4.044990	6.579200	0.000000	0.000000	0.000000	0.000000	5.113290	23.125800	32.149900	39.076900	37.005800	27.491000	19.520900	0.000000	16.090900	81.542300	39.474700	0.000000	0.000000	0.568638	98.120000	80.786500	69.206100	60.489300	47.737400	47.139300	80.939800	116.759000	126.004000	102.344000	54.804100	41.829300	37.266300	45.907800	46.809200	61.724500	99.898600	113.763000	140.839000	107.916000	94.823700	106.625000	112.359000	99.168500	108.220000	90.073700	72.834100	65.035500	60.520900	64.745300	94.118900	107.781000	124.087000	100.802000	100.477000	88.290500	90.357800	81.599100	77.250800	17.683300	36.403500	86.290800	135.554000	140.146000	125.536000	136.506000	120.427000	109.572000	0.668000	0.000000	0.726189	0.000000	0.775848	0.000000	0.748761	0.000000	0.716930	0.000000	0.642179	0.000000	0.675252	0.000000	0.722110	0.014900	0.783112	0.137100	0.848142	0.136600	106.660000	110.663000	107.400000	110.523000	95.774300	110.768000	131.407000	145.159000	118.679000	117.459000	114.602000	109.893000	0.818340	0.260600	0.850472	0.193400	0.971727	0.103100	1.042590	0.071500	1.101490	0.066100	1.221690	0.038300	1.266760	0.004500	1.249260	0.000000	1.188340	0.000000	1.134220	0.000000	1.058550	0.000000	0.997448	0.000000	0.957859	0.000000	0.890151	0.000000	0.875610	0.625254	0.616510	0.892520	0.661408	0.864200	0.538864	0.651956	0.673818	0.000000	18.413900	0.000000	0.000000	363.318000	57.832900	33.565800	0.000000	2.238840	1.174090	0.609119	0.738484	0.891542	0.777238	1.183500	
  100	90.200000	90.000000	89.530000	89.990000	90.200000	95.740000	110.990000	125.280000	134.110000	125.800000	121.710000	120.760000	119.800000	120.760000	122.540000	126.040000	133.120000	136.230000	146.260000	151.630000	140.100000	129.810000	123.280000	112.910000	60.920000	13.141100	19.980100	15.512900	12.122400	11.112900	17.696600	0.000000	0.000000	0.000000	4.844520	21.721600	29.132500	32.309300	35.732600	25.209000	17.304100	6.619240	12.904000	58.555200	37.361000	0.000000	0.000000	0.000000	98.120000	59.742800	44.878200	36.327900	22.546900	21.855400	47.691500	83.091800	100.528000	60.100000	46.334100	21.584600	19.133500	30.782000	26.432000	45.581400	91.467900	108.155000	134.450000	101.140000	72.071600	114.128000	101.596000	84.543100	108.220000	104.333000	59.548500	41.511700	44.387300	44.250200	66.189700	79.355400	105.576000	77.869900	75.189900	48.604700	58.467400	60.271200	53.400100	46.464300	57.903000	93.779800	102.783000	101.145000	85.309000	107.019000	99.765600	91.107100	0.668000	0.000000	0.655258	0.000000	1.044920	0.000000	1.173200	0.000000	1.185520	0.000000	1.165070	0.000000	1.209350	0.000000	1.255110	0.010900	1.275880	0.060400	1.270980	0.108000	106.660000	89.652900	125.430000	124.912000	115.750000	128.701000	133.093000	151.248000	118.424000	106.349000	106.505000	102.553000	1.293580	0.150200	0.820024	0.211400	0.877804	0.183700	0.942375	0.143300	1.087430	0.142200	1.159290	0.044200	1.602660	0.003200	1.547700	0.000000	1.429020	0.000000	1.299090	0.000000	1.160690	0.000000	1.029760	0.000000	1.041010	0.000000	0.983158	0.000000	0.875610	0.964757	1.560020	2.168820	1.833370	2.199750	2.085790	2.415540	0.358587	0.000000	5.270610	0.000000	0.000000	490.147000	64.009200	25.995800	7.083590	1.652580	583.087000	2.110890	0.418325	0.733480	0.784526	0.876681	
;
param Prob0 :=
    1	0.010
    2	0.010
    3	0.000
    4	0.010
    5	0.000
    6	0.010
    7	0.010
    8	0.010
    9	0.030
   10	0.000
   11	0.010
   12	0.000
   13	0.010
   14	0.000
   15	0.010
   16	0.010
   17	0.010
   18	0.000
   19	0.000
   20	0.010
   21	0.000
   22	0.000
   23	0.010
   24	0.000
   25	0.010
   26	0.050
   27	0.000
   28	0.000
   29	0.000
   30	0.010
   31	0.000
   32	0.010
   33	0.010
   34	0.000
   35	0.000
   36	0.010
   37	0.010
   38	0.010
   39	0.000
   40	0.010
   41	0.020
   42	0.010
   43	0.010
   44	0.050
   45	0.010
   46	0.000
   47	0.020
   48	0.010
   49	0.010
   50	0.130
   51	0.010
   52	0.000
   53	0.010
   54	0.010
   55	0.010
   56	0.010
   57	0.010
   58	0.010
   59	0.010
   60	0.010
   61	0.000
   62	0.000
   63	0.010
   64	0.010
   65	0.010
   66	0.000
   67	0.010
   68	0.000
   69	0.000
   70	0.000
   71	0.010
   72	0.010
   73	0.000
   74	0.010
   75	0.010
   76	0.010
   77	0.070
   78	0.010
   79	0.010
   80	0.010
   81	0.010
   82	0.010
   83	0.010
   84	0.000
   85	0.000
   86	0.000
   87	0.010
   88	0.000
   89	0.000
   90	0.000
   91	0.010
   92	0.000
   93	0.010
   94	0.000
   95	0.010
   96	0.010
   97	0.000
   98	0.010
   99	0.060
  100	0.010
;
set c[0,50] :=
50    8     16    24    32    40    48    57    65    73    81    89    97
1     9     17    25    33    41    49    58    66    74    82    90    98
2     10    18    26    34    42    51    59    67    75    83    91    99
3     11    19    27    35    43    52    60    68    76    84    92    100
4     12    20    28    36    44    53    61    69    77    85    93
5     13    21    29    37    45    54    62    70    78    86    94
6     14    22    30    38    46    55    63    71    79    87    95
7     15    23    31    39    47    56    64    72    80    88    96;
set c[1,50] :=
50    8     16    24    32    40    48    57    65    73    81    89    97
1     9     17    25    33    41    49    58    66    74    82    90    98
2     10    18    26    34    42    51    59    67    75    83    91    99
3     11    19    27    35    43    52    60    68    76    84    92    100
4     12    20    28    36    44    53    61    69    77    85    93
5     13    21    29    37    45    54    62    70    78    86    94
6     14    22    30    38    46    55    63    71    79    87    95
7     15    23    31    39    47    56    64    72    80    88    96;
set c[2,99] := 99 3 46 61 84 86;
set c[2,14] := 14 50 18 21 22 28 34 62 66 88 92 94 97;
set c[2,26] := 26 19 24 69 70;
set c[2,44] := 44 10 29 89 90;
set c[2,85] := 85 12 35 39 52 73 77;
set c[2,100] := 100 25 74;
set c[2,71] := 71 5 6 8 9 11 13 27 41 60 68 98;
set c[2,82] := 82 37 42 48;
set c[2,49] := 49 31 47;
set c[2,57] := 57 1 55 83 87;
set c[2,95] := 95 4 15 17 54 65 72 91;
set c[2,7] := 7 33 75;
set c[2,64] := 64 20 45 67 96;
set c[2,81] := 81 32 36 56 58 59 63 78 79 80 93;
set c[2,38] := 38 2 16 23 30 40 43 51 53 76;
set c[3,99] := 99 3 46 61 84 86;
set c[3,92] := 92 14 50 18 21 22 28 34 62 66 88 94 97;
set c[3,19] := 19 26 24 69 70;
set c[3,90] := 90 44 10 29 89;
set c[3,52] := 52 85 12 35 39 73 77;
set c[3,25] := 25 100 74;
set c[3,11] := 11 71 5 6 8 9 13 27 41 60 68 98;
set c[3,82] := 82 37 42 48;
set c[3,47] := 47 49 31;
set c[3,1] := 1 57 55 83 87;
set c[3,72] := 72 95 4 15 17 54 65 91;
set c[3,75] := 75 7 33;
set c[3,64] := 64 20 96;
set c[3,67] := 67 45;
set c[3,81] := 81;
set c[3,59] := 59;
set c[3,32] := 32;
set c[3,79] := 79;
set c[3,58] := 58;
set c[3,93] := 93;
set c[3,36] := 36;
set c[3,78] := 78;
set c[3,56] := 56;
set c[3,63] := 63;
set c[3,80] := 80;
set c[3,16] := 16;
set c[3,40] := 40;
set c[3,2] := 2 76;
set c[3,38] := 38;
set c[3,43] := 43;
set c[3,53] := 53;
set c[3,30] := 30;
set c[3,51] := 51;
set c[3,23] := 23;
set c[4,46] := 46 99 3 61 84 86;
set c[4,94] := 94 92 14 50 18 21 22 28 34 62 66 88 97;
set c[4,19] := 19 26 24 69 70;
set c[4,89] := 89 90 44 10 29;
set c[4,85] := 85 52 12 35 39 73 77;
set c[4,100] := 100 25 74;
set c[4,71] := 71 11 5 6 8 9 13 27 41 60 68 98;
set c[4,48] := 48 82 37 42;
set c[4,31] := 31 47 49;
set c[4,55] := 55 1 57 83 87;
set c[4,4] := 4 72 95 15 17 54 65 91;
set c[4,33] := 33 75 7;
set c[4,64] := 64 20 96;
set c[4,67] := 67;
set c[4,45] := 45;
set c[4,81] := 81;
set c[4,59] := 59;
set c[4,32] := 32;
set c[4,79] := 79;
set c[4,58] := 58;
set c[4,93] := 93;
set c[4,36] := 36;
set c[4,78] := 78;
set c[4,56] := 56;
set c[4,63] := 63;
set c[4,80] := 80;
set c[4,16] := 16;
set c[4,40] := 40;
set c[4,2] := 2 76;
set c[4,38] := 38;
set c[4,43] := 43;
set c[4,53] := 53;
set c[4,30] := 30;
set c[4,51] := 51;
set c[4,23] := 23;
set c[5,46] := 46 99 3 61 84 86;
set c[5,94] := 94 92 14 50 18 21 22 28 34 62 66 88 97;
set c[5,19] := 19 26 24 69 70;
set c[5,89] := 89 90 44 10 29;
set c[5,85] := 85 52 12 35 39 73 77;
set c[5,100] := 100 25 74;
set c[5,71] := 71 11 5 6 8 9 13 27 41 60 68 98;
set c[5,48] := 48 82 37 42;
set c[5,31] := 31 47 49;
set c[5,55] := 55 1 57 83 87;
set c[5,4] := 4 72 95 15 17 54 65 91;
set c[5,33] := 33 75 7;
set c[5,64] := 64 20 96;
set c[5,67] := 67;
set c[5,45] := 45;
set c[5,81] := 81;
set c[5,59] := 59;
set c[5,32] := 32;
set c[5,79] := 79;
set c[5,58] := 58;
set c[5,93] := 93;
set c[5,36] := 36;
set c[5,78] := 78;
set c[5,56] := 56;
set c[5,63] := 63;
set c[5,80] := 80;
set c[5,16] := 16;
set c[5,40] := 40;
set c[5,2] := 2 76;
set c[5,38] := 38;
set c[5,43] := 43;
set c[5,53] := 53;
set c[5,30] := 30;
set c[5,51] := 51;
set c[5,23] := 23;
set c[6,99] := 99 46 3 61 84 86;
set c[6,21] := 21 94 92 14 50 18 22 28 34 62 66 88 97;
set c[6,19] := 19 26 24 69 70;
set c[6,90] := 90 89 44 10 29;
set c[6,39] := 39 85 52 12 35 73 77;
set c[6,100] := 100 25 74;
set c[6,41] := 41 71 11 5 6 8 9 13 27 60 68 98;
set c[6,48] := 48 82 37 42;
set c[6,49] := 49 31 47;
set c[6,57] := 57 55 1 83 87;
set c[6,72] := 72 4 95 15 17 54 65 91;
set c[6,75] := 75;
set c[6,33] := 33;
set c[6,7] := 7;
set c[6,96] := 96 64 20;
set c[6,67] := 67;
set c[6,45] := 45;
set c[6,81] := 81;
set c[6,59] := 59;
set c[6,32] := 32;
set c[6,79] := 79;
set c[6,58] := 58;
set c[6,93] := 93;
set c[6,36] := 36;
set c[6,78] := 78;
set c[6,56] := 56;
set c[6,63] := 63;
set c[6,80] := 80;
set c[6,16] := 16;
set c[6,40] := 40;
set c[6,2] := 2 76;
set c[6,38] := 38;
set c[6,43] := 43;
set c[6,53] := 53;
set c[6,30] := 30;
set c[6,51] := 51;
set c[6,23] := 23;
set c[7,3] := 3 99 46 61 84 86;
set c[7,66] := 66 21 94 92 14 50 18 22 28 34 62 88 97;
set c[7,24] := 24 19 26 69 70;
set c[7,29] := 29 90 89 44 10;
set c[7,77] := 77 39 85 52 12 35 73;
set c[7,100] := 100 25 74;
set c[7,13] := 13 41 71 11 5 6 8 9 27 60 68 98;
set c[7,48] := 48 82 37 42;
set c[7,49] := 49 31 47;
set c[7,55] := 55 57 1 83 87;
set c[7,54] := 54 72 4 95 15 17 65 91;
set c[7,75] := 75;
set c[7,33] := 33;
set c[7,7] := 7;
set c[7,96] := 96 64 20;
set c[7,67] := 67;
set c[7,45] := 45;
set c[7,81] := 81;
set c[7,59] := 59;
set c[7,32] := 32;
set c[7,79] := 79;
set c[7,58] := 58;
set c[7,93] := 93;
set c[7,36] := 36;
set c[7,78] := 78;
set c[7,56] := 56;
set c[7,63] := 63;
set c[7,80] := 80;
set c[7,16] := 16;
set c[7,40] := 40;
set c[7,2] := 2 76;
set c[7,38] := 38;
set c[7,43] := 43;
set c[7,53] := 53;
set c[7,30] := 30;
set c[7,51] := 51;
set c[7,23] := 23;
set c[8,3] := 3 99 46 61 84 86;
set c[8,14] := 14 66 21 94 92 50 18 22 28 34 62 88 97;
set c[8,24] := 24 19 26 69 70;
set c[8,90] := 90 29 89 44 10;
set c[8,77] := 77 39 85 52 12 35 73;
set c[8,100] := 100 25 74;
set c[8,9] := 9 13 41 71 11 5 6 8 27 60 68 98;
set c[8,82] := 82 48 37 42;
set c[8,47] := 47 49 31;
set c[8,57] := 57 55 1 83 87;
set c[8,72] := 72 54 4 95 15 17 65 91;
set c[8,75] := 75;
set c[8,33] := 33;
set c[8,7] := 7;
set c[8,96] := 96 64 20;
set c[8,67] := 67;
set c[8,45] := 45;
set c[8,81] := 81;
set c[8,59] := 59;
set c[8,32] := 32;
set c[8,79] := 79;
set c[8,58] := 58;
set c[8,93] := 93;
set c[8,36] := 36;
set c[8,78] := 78;
set c[8,56] := 56;
set c[8,63] := 63;
set c[8,80] := 80;
set c[8,16] := 16;
set c[8,40] := 40;
set c[8,2] := 2 76;
set c[8,38] := 38;
set c[8,43] := 43;
set c[8,53] := 53;
set c[8,30] := 30;
set c[8,51] := 51;
set c[8,23] := 23;
set c[9,3] := 3 99 46 61 84 86;
set c[9,14] := 14 66 21 94 92 50 18 22 28 34 62 88 97;
set c[9,24] := 24 19 26 69 70;
set c[9,10] := 10 90 29 89 44;
set c[9,77] := 77 39 85 52 12 35 73;
set c[9,100] := 100 25 74;
set c[9,41] := 41 9 13 71 11 5 6 8 27 60 68 98;
set c[9,82] := 82 48 37 42;
set c[9,47] := 47 49 31;
set c[9,57] := 57 55 87;
set c[9,83] := 83 1;
set c[9,72] := 72 54 4 95 15 17 65 91;
set c[9,75] := 75;
set c[9,33] := 33;
set c[9,7] := 7;
set c[9,20] := 20 96 64;
set c[9,67] := 67;
set c[9,45] := 45;
set c[9,81] := 81;
set c[9,59] := 59;
set c[9,32] := 32;
set c[9,79] := 79;
set c[9,58] := 58;
set c[9,93] := 93;
set c[9,36] := 36;
set c[9,78] := 78;
set c[9,56] := 56;
set c[9,63] := 63;
set c[9,80] := 80;
set c[9,16] := 16;
set c[9,40] := 40;
set c[9,2] := 2 76;
set c[9,38] := 38;
set c[9,43] := 43;
set c[9,53] := 53;
set c[9,30] := 30;
set c[9,51] := 51;
set c[9,23] := 23;
set c[10,99] := 99 3 46 61 84 86;
set c[10,94] := 94 14 66 21 92 50 18 22 28 34 62 88 97;
set c[10,69] := 69 24 19 26 70;
set c[10,10] := 10 90 29 89 44;
set c[10,77] := 77 39 85 52 12 35 73;
set c[10,100] := 100 25 74;
set c[10,41] := 41 9 13 71 11 5 6 8 27 60 68 98;
set c[10,42] := 42 82 48 37;
set c[10,47] := 47 49 31;
set c[10,87] := 87 57 55;
set c[10,83] := 83 1;
set c[10,95] := 95;
set c[10,72] := 72;
set c[10,91] := 91;
set c[10,15] := 15;
set c[10,17] := 17 4;
set c[10,65] := 65 54;
set c[10,75] := 75;
set c[10,33] := 33;
set c[10,7] := 7;
set c[10,20] := 20 96 64;
set c[10,67] := 67;
set c[10,45] := 45;
set c[10,81] := 81;
set c[10,59] := 59;
set c[10,32] := 32;
set c[10,79] := 79;
set c[10,58] := 58;
set c[10,93] := 93;
set c[10,36] := 36;
set c[10,78] := 78;
set c[10,56] := 56;
set c[10,63] := 63;
set c[10,80] := 80;
set c[10,16] := 16;
set c[10,40] := 40;
set c[10,2] := 2 76;
set c[10,38] := 38;
set c[10,43] := 43;
set c[10,53] := 53;
set c[10,30] := 30;
set c[10,51] := 51;
set c[10,23] := 23;
set c[11,99] := 99 3 46 61 84 86;
set c[11,14] := 14 94 66 21 92 50 18 22 28 34 62 88 97;
set c[11,69] := 69 24 19 26 70;
set c[11,10] := 10 90 29 89 44;
set c[11,77] := 77 39 85 52 12 35 73;
set c[11,100] := 100 25 74;
set c[11,8] := 8 41 9 13 71 11 5 6 27 60 68 98;
set c[11,42] := 42 82 48 37;
set c[11,47] := 47 31;
set c[11,49] := 49;
set c[11,55] := 55 87 57;
set c[11,83] := 83;
set c[11,1] := 1;
set c[11,95] := 95;
set c[11,72] := 72;
set c[11,91] := 91;
set c[11,15] := 15;
set c[11,17] := 17;
set c[11,4] := 4;
set c[11,65] := 65 54;
set c[11,75] := 75;
set c[11,33] := 33;
set c[11,7] := 7;
set c[11,64] := 64 96;
set c[11,20] := 20;
set c[11,67] := 67;
set c[11,45] := 45;
set c[11,81] := 81;
set c[11,59] := 59;
set c[11,32] := 32;
set c[11,79] := 79;
set c[11,58] := 58;
set c[11,93] := 93;
set c[11,36] := 36;
set c[11,78] := 78;
set c[11,56] := 56;
set c[11,63] := 63;
set c[11,80] := 80;
set c[11,16] := 16;
set c[11,40] := 40;
set c[11,2] := 2;
set c[11,76] := 76;
set c[11,38] := 38;
set c[11,43] := 43;
set c[11,53] := 53;
set c[11,30] := 30;
set c[11,51] := 51;
set c[11,23] := 23;
set c[12,84] := 84 99 3 46 61 86;
set c[12,94] := 94 14 66 21 92 50 18 22 28 34 62 88 97;
set c[12,24] := 24 69 19 26 70;
set c[12,10] := 10 90 29 89 44;
set c[12,77] := 77 39 85 52 12 35 73;
set c[12,25] := 25 100 74;
set c[12,5] := 5 8 41 9 13 71 11 6 27 60 68 98;
set c[12,37] := 37 42 82 48;
set c[12,47] := 47 31;
set c[12,49] := 49;
set c[12,57] := 57;
set c[12,55] := 55;
set c[12,87] := 87;
set c[12,83] := 83;
set c[12,1] := 1;
set c[12,95] := 95;
set c[12,72] := 72;
set c[12,91] := 91;
set c[12,15] := 15;
set c[12,17] := 17;
set c[12,4] := 4;
set c[12,65] := 65 54;
set c[12,75] := 75;
set c[12,33] := 33;
set c[12,7] := 7;
set c[12,64] := 64 96;
set c[12,20] := 20;
set c[12,67] := 67;
set c[12,45] := 45;
set c[12,81] := 81;
set c[12,59] := 59;
set c[12,32] := 32;
set c[12,79] := 79;
set c[12,58] := 58;
set c[12,93] := 93;
set c[12,36] := 36;
set c[12,78] := 78;
set c[12,56] := 56;
set c[12,63] := 63;
set c[12,80] := 80;
set c[12,16] := 16;
set c[12,40] := 40;
set c[12,2] := 2;
set c[12,76] := 76;
set c[12,38] := 38;
set c[12,43] := 43;
set c[12,53] := 53;
set c[12,30] := 30;
set c[12,51] := 51;
set c[12,23] := 23;
set c[13,84] := 84 99 3 46 61 86;
set c[13,94] := 94 14 66 21 92 50 18 22 28 34 62 88 97;
set c[13,70] := 70 24 69 19 26;
set c[13,10] := 10 90 29 89 44;
set c[13,35] := 35 77 39 85 52 12 73;
set c[13,25] := 25 100 74;
set c[13,9] := 9 5 8 41 13 71 11 6 27 60 68 98;
set c[13,37] := 37 42 82 48;
set c[13,47] := 47 31;
set c[13,49] := 49;
set c[13,57] := 57;
set c[13,55] := 55;
set c[13,87] := 87;
set c[13,83] := 83;
set c[13,1] := 1;
set c[13,95] := 95;
set c[13,72] := 72;
set c[13,91] := 91;
set c[13,15] := 15;
set c[13,17] := 17;
set c[13,4] := 4;
set c[13,65] := 65 54;
set c[13,75] := 75;
set c[13,33] := 33;
set c[13,7] := 7;
set c[13,64] := 64 96;
set c[13,20] := 20;
set c[13,67] := 67;
set c[13,45] := 45;
set c[13,81] := 81;
set c[13,59] := 59;
set c[13,32] := 32;
set c[13,79] := 79;
set c[13,58] := 58;
set c[13,93] := 93;
set c[13,36] := 36;
set c[13,78] := 78;
set c[13,56] := 56;
set c[13,63] := 63;
set c[13,80] := 80;
set c[13,16] := 16;
set c[13,40] := 40;
set c[13,2] := 2;
set c[13,76] := 76;
set c[13,38] := 38;
set c[13,43] := 43;
set c[13,53] := 53;
set c[13,30] := 30;
set c[13,51] := 51;
set c[13,23] := 23;
set c[14,86] := 86 84 99 3 46 61;
set c[14,97] := 97 94 14 66 21 92 50 18 22 28 34 62 88;
set c[14,24] := 24 70 69 19 26;
set c[14,10] := 10 90 29 89 44;
set c[14,35] := 35 77 39 85 52 12 73;
set c[14,25] := 25 100 74;
set c[14,5] := 5 9 27;
set c[14,71] := 71;
set c[14,13] := 13;
set c[14,11] := 11 98;
set c[14,8] := 8;
set c[14,41] := 41 68;
set c[14,6] := 6 60;
set c[14,82] := 82;
set c[14,42] := 42;
set c[14,37] := 37;
set c[14,48] := 48;
set c[14,47] := 47 31;
set c[14,49] := 49;
set c[14,57] := 57;
set c[14,55] := 55;
set c[14,87] := 87;
set c[14,83] := 83;
set c[14,1] := 1;
set c[14,95] := 95;
set c[14,72] := 72;
set c[14,91] := 91;
set c[14,15] := 15;
set c[14,17] := 17;
set c[14,4] := 4;
set c[14,65] := 65 54;
set c[14,75] := 75;
set c[14,33] := 33;
set c[14,7] := 7;
set c[14,64] := 64;
set c[14,96] := 96;
set c[14,20] := 20;
set c[14,67] := 67;
set c[14,45] := 45;
set c[14,81] := 81;
set c[14,59] := 59;
set c[14,32] := 32;
set c[14,79] := 79;
set c[14,58] := 58;
set c[14,93] := 93;
set c[14,36] := 36;
set c[14,78] := 78;
set c[14,56] := 56;
set c[14,63] := 63;
set c[14,80] := 80;
set c[14,16] := 16;
set c[14,40] := 40;
set c[14,2] := 2;
set c[14,76] := 76;
set c[14,38] := 38;
set c[14,43] := 43;
set c[14,53] := 53;
set c[14,30] := 30;
set c[14,51] := 51;
set c[14,23] := 23;
set c[15,61] := 61 86 84 99 3 46;
set c[15,92] := 92 97 94 14 66 21 50 18 22 28 34 62 88;
set c[15,26] := 26 24 70 69 19;
set c[15,90] := 90 10 29 89 44;
set c[15,35] := 35 77 39 85 52 12 73;
set c[15,100] := 100 25 74;
set c[15,9] := 9 5 27;
set c[15,71] := 71;
set c[15,13] := 13;
set c[15,11] := 11 98;
set c[15,8] := 8;
set c[15,41] := 41 68;
set c[15,6] := 6 60;
set c[15,82] := 82;
set c[15,42] := 42;
set c[15,37] := 37;
set c[15,48] := 48;
set c[15,47] := 47 31;
set c[15,49] := 49;
set c[15,57] := 57;
set c[15,55] := 55;
set c[15,87] := 87;
set c[15,83] := 83;
set c[15,1] := 1;
set c[15,95] := 95;
set c[15,72] := 72;
set c[15,91] := 91;
set c[15,15] := 15;
set c[15,17] := 17;
set c[15,4] := 4;
set c[15,65] := 65 54;
set c[15,75] := 75;
set c[15,33] := 33;
set c[15,7] := 7;
set c[15,64] := 64;
set c[15,96] := 96;
set c[15,20] := 20;
set c[15,67] := 67;
set c[15,45] := 45;
set c[15,81] := 81;
set c[15,59] := 59;
set c[15,32] := 32;
set c[15,79] := 79;
set c[15,58] := 58;
set c[15,93] := 93;
set c[15,36] := 36;
set c[15,78] := 78;
set c[15,56] := 56;
set c[15,63] := 63;
set c[15,80] := 80;
set c[15,16] := 16;
set c[15,40] := 40;
set c[15,2] := 2;
set c[15,76] := 76;
set c[15,38] := 38;
set c[15,43] := 43;
set c[15,53] := 53;
set c[15,30] := 30;
set c[15,51] := 51;
set c[15,23] := 23;
set c[16,84] := 84 61 86 99 3 46;
set c[16,28] := 28 92 97 94 14 66 21 50 18 22 34 62 88;
set c[16,24] := 24 26 70 69 19;
set c[16,90] := 90 10 29 89 44;
set c[16,35] := 35 77 39 85 52 12 73;
set c[16,25] := 25 100 74;
set c[16,5] := 5 9 27;
set c[16,71] := 71;
set c[16,13] := 13;
set c[16,11] := 11 98;
set c[16,8] := 8;
set c[16,41] := 41 68;
set c[16,6] := 6 60;
set c[16,82] := 82;
set c[16,42] := 42;
set c[16,37] := 37;
set c[16,48] := 48;
set c[16,47] := 47 31;
set c[16,49] := 49;
set c[16,57] := 57;
set c[16,55] := 55;
set c[16,87] := 87;
set c[16,83] := 83;
set c[16,1] := 1;
set c[16,95] := 95;
set c[16,72] := 72;
set c[16,91] := 91;
set c[16,15] := 15;
set c[16,17] := 17;
set c[16,4] := 4;
set c[16,65] := 65 54;
set c[16,75] := 75;
set c[16,33] := 33;
set c[16,7] := 7;
set c[16,64] := 64;
set c[16,96] := 96;
set c[16,20] := 20;
set c[16,67] := 67;
set c[16,45] := 45;
set c[16,81] := 81;
set c[16,59] := 59;
set c[16,32] := 32;
set c[16,79] := 79;
set c[16,58] := 58;
set c[16,93] := 93;
set c[16,36] := 36;
set c[16,78] := 78;
set c[16,56] := 56;
set c[16,63] := 63;
set c[16,80] := 80;
set c[16,16] := 16;
set c[16,40] := 40;
set c[16,2] := 2;
set c[16,76] := 76;
set c[16,38] := 38;
set c[16,43] := 43;
set c[16,53] := 53;
set c[16,30] := 30;
set c[16,51] := 51;
set c[16,23] := 23;
set c[17,84] := 84 61 86 99 3 46;
set c[17,28] := 28 92 97 94 14 66 21 50 18 22 34 62 88;
set c[17,19] := 19 24 26 70 69;
set c[17,90] := 90 10 29 89 44;
set c[17,39] := 39 35 77 85 52 12 73;
set c[17,25] := 25 100 74;
set c[17,27] := 27 5 9;
set c[17,71] := 71;
set c[17,13] := 13;
set c[17,11] := 11 98;
set c[17,8] := 8;
set c[17,41] := 41 68;
set c[17,6] := 6 60;
set c[17,82] := 82;
set c[17,42] := 42;
set c[17,37] := 37;
set c[17,48] := 48;
set c[17,47] := 47 31;
set c[17,49] := 49;
set c[17,57] := 57;
set c[17,55] := 55;
set c[17,87] := 87;
set c[17,83] := 83;
set c[17,1] := 1;
set c[17,95] := 95;
set c[17,72] := 72;
set c[17,91] := 91;
set c[17,15] := 15;
set c[17,17] := 17;
set c[17,4] := 4;
set c[17,65] := 65 54;
set c[17,75] := 75;
set c[17,33] := 33;
set c[17,7] := 7;
set c[17,64] := 64;
set c[17,96] := 96;
set c[17,20] := 20;
set c[17,67] := 67;
set c[17,45] := 45;
set c[17,81] := 81;
set c[17,59] := 59;
set c[17,32] := 32;
set c[17,79] := 79;
set c[17,58] := 58;
set c[17,93] := 93;
set c[17,36] := 36;
set c[17,78] := 78;
set c[17,56] := 56;
set c[17,63] := 63;
set c[17,80] := 80;
set c[17,16] := 16;
set c[17,40] := 40;
set c[17,2] := 2;
set c[17,76] := 76;
set c[17,38] := 38;
set c[17,43] := 43;
set c[17,53] := 53;
set c[17,30] := 30;
set c[17,51] := 51;
set c[17,23] := 23;
set c[18,99] := 99 84 61 86 3 46;
set c[18,22] := 22 28 92 97 94 14 66 21 50 18 34 62 88;
set c[18,26] := 26 19 24 70 69;
set c[18,90] := 90 10 29 89 44;
set c[18,35] := 35 39 77 85 52 12 73;
set c[18,25] := 25 100 74;
set c[18,27] := 27 5 9;
set c[18,71] := 71;
set c[18,13] := 13;
set c[18,11] := 11 98;
set c[18,8] := 8;
set c[18,41] := 41 68;
set c[18,6] := 6 60;
set c[18,82] := 82;
set c[18,42] := 42;
set c[18,37] := 37;
set c[18,48] := 48;
set c[18,47] := 47 31;
set c[18,49] := 49;
set c[18,57] := 57;
set c[18,55] := 55;
set c[18,87] := 87;
set c[18,83] := 83;
set c[18,1] := 1;
set c[18,95] := 95;
set c[18,72] := 72;
set c[18,91] := 91;
set c[18,15] := 15;
set c[18,17] := 17;
set c[18,4] := 4;
set c[18,65] := 65 54;
set c[18,75] := 75;
set c[18,33] := 33;
set c[18,7] := 7;
set c[18,64] := 64;
set c[18,96] := 96;
set c[18,20] := 20;
set c[18,67] := 67;
set c[18,45] := 45;
set c[18,81] := 81;
set c[18,59] := 59;
set c[18,32] := 32;
set c[18,79] := 79;
set c[18,58] := 58;
set c[18,93] := 93;
set c[18,36] := 36;
set c[18,78] := 78;
set c[18,56] := 56;
set c[18,63] := 63;
set c[18,80] := 80;
set c[18,16] := 16;
set c[18,40] := 40;
set c[18,2] := 2;
set c[18,76] := 76;
set c[18,38] := 38;
set c[18,43] := 43;
set c[18,53] := 53;
set c[18,30] := 30;
set c[18,51] := 51;
set c[18,23] := 23;
set c[19,99] := 99 84 61 86 3 46;
set c[19,18] := 18 22 28 92 97 94 14 66 21 50 34 62 88;
set c[19,19] := 19 26 24 70 69;
set c[19,90] := 90 10 29 89 44;
set c[19,39] := 39 35 77 85 52 12 73;
set c[19,25] := 25 100 74;
set c[19,5] := 5 27 9;
set c[19,71] := 71;
set c[19,13] := 13;
set c[19,11] := 11 98;
set c[19,8] := 8;
set c[19,41] := 41 68;
set c[19,6] := 6 60;
set c[19,82] := 82;
set c[19,42] := 42;
set c[19,37] := 37;
set c[19,48] := 48;
set c[19,47] := 47 31;
set c[19,49] := 49;
set c[19,57] := 57;
set c[19,55] := 55;
set c[19,87] := 87;
set c[19,83] := 83;
set c[19,1] := 1;
set c[19,95] := 95;
set c[19,72] := 72;
set c[19,91] := 91;
set c[19,15] := 15;
set c[19,17] := 17;
set c[19,4] := 4;
set c[19,65] := 65 54;
set c[19,75] := 75;
set c[19,33] := 33;
set c[19,7] := 7;
set c[19,64] := 64;
set c[19,96] := 96;
set c[19,20] := 20;
set c[19,67] := 67;
set c[19,45] := 45;
set c[19,81] := 81;
set c[19,59] := 59;
set c[19,32] := 32;
set c[19,79] := 79;
set c[19,58] := 58;
set c[19,93] := 93;
set c[19,36] := 36;
set c[19,78] := 78;
set c[19,56] := 56;
set c[19,63] := 63;
set c[19,80] := 80;
set c[19,16] := 16;
set c[19,40] := 40;
set c[19,2] := 2;
set c[19,76] := 76;
set c[19,38] := 38;
set c[19,43] := 43;
set c[19,53] := 53;
set c[19,30] := 30;
set c[19,51] := 51;
set c[19,23] := 23;
set c[20,3] := 3 99 84 61 86 46;
set c[20,88] := 88 18 22 28 92 97 94 14 66 21 50 34 62;
set c[20,70] := 70 19 26 24 69;
set c[20,90] := 90 10 29 89 44;
set c[20,73] := 73 39 35 77 85 52 12;
set c[20,74] := 74 25 100;
set c[20,27] := 27 5 9;
set c[20,71] := 71;
set c[20,13] := 13;
set c[20,11] := 11 98;
set c[20,8] := 8;
set c[20,41] := 41 68;
set c[20,6] := 6 60;
set c[20,82] := 82;
set c[20,42] := 42;
set c[20,37] := 37;
set c[20,48] := 48;
set c[20,47] := 47 31;
set c[20,49] := 49;
set c[20,57] := 57;
set c[20,55] := 55;
set c[20,87] := 87;
set c[20,83] := 83;
set c[20,1] := 1;
set c[20,95] := 95;
set c[20,72] := 72;
set c[20,91] := 91;
set c[20,15] := 15;
set c[20,17] := 17;
set c[20,4] := 4;
set c[20,65] := 65 54;
set c[20,75] := 75;
set c[20,33] := 33;
set c[20,7] := 7;
set c[20,64] := 64;
set c[20,96] := 96;
set c[20,20] := 20;
set c[20,67] := 67;
set c[20,45] := 45;
set c[20,81] := 81;
set c[20,59] := 59;
set c[20,32] := 32;
set c[20,79] := 79;
set c[20,58] := 58;
set c[20,93] := 93;
set c[20,36] := 36;
set c[20,78] := 78;
set c[20,56] := 56;
set c[20,63] := 63;
set c[20,80] := 80;
set c[20,16] := 16;
set c[20,40] := 40;
set c[20,2] := 2;
set c[20,76] := 76;
set c[20,38] := 38;
set c[20,43] := 43;
set c[20,53] := 53;
set c[20,30] := 30;
set c[20,51] := 51;
set c[20,23] := 23;
set c[21,46] := 46 3 99 84 61 86;
set c[21,22] := 22 88 18 28 92 97 94 14 66 21 50 34 62;
set c[21,19] := 19 70 26 24 69;
set c[21,44] := 44 90 10 29 89;
set c[21,73] := 73 39 35 77 85 52 12;
set c[21,74] := 74 25 100;
set c[21,27] := 27 5 9;
set c[21,71] := 71;
set c[21,13] := 13;
set c[21,11] := 11 98;
set c[21,8] := 8;
set c[21,41] := 41 68;
set c[21,6] := 6;
set c[21,60] := 60;
set c[21,82] := 82;
set c[21,42] := 42;
set c[21,37] := 37;
set c[21,48] := 48;
set c[21,47] := 47 31;
set c[21,49] := 49;
set c[21,57] := 57;
set c[21,55] := 55;
set c[21,87] := 87;
set c[21,83] := 83;
set c[21,1] := 1;
set c[21,95] := 95;
set c[21,72] := 72;
set c[21,91] := 91;
set c[21,15] := 15;
set c[21,17] := 17;
set c[21,4] := 4;
set c[21,65] := 65;
set c[21,54] := 54;
set c[21,75] := 75;
set c[21,33] := 33;
set c[21,7] := 7;
set c[21,64] := 64;
set c[21,96] := 96;
set c[21,20] := 20;
set c[21,67] := 67;
set c[21,45] := 45;
set c[21,81] := 81;
set c[21,59] := 59;
set c[21,32] := 32;
set c[21,79] := 79;
set c[21,58] := 58;
set c[21,93] := 93;
set c[21,36] := 36;
set c[21,78] := 78;
set c[21,56] := 56;
set c[21,63] := 63;
set c[21,80] := 80;
set c[21,16] := 16;
set c[21,40] := 40;
set c[21,2] := 2;
set c[21,76] := 76;
set c[21,38] := 38;
set c[21,43] := 43;
set c[21,53] := 53;
set c[21,30] := 30;
set c[21,51] := 51;
set c[21,23] := 23;
set c[22,46] := 46 3 99 84 61 86;
set c[22,22] := 22 88 18 28 92 97 94 14 66 21 50 34 62;
set c[22,19] := 19 70 26 24 69;
set c[22,44] := 44 90 10 29 89;
set c[22,12] := 12 73 39 35 77 85 52;
set c[22,74] := 74;
set c[22,25] := 25;
set c[22,100] := 100;
set c[22,27] := 27 5 9;
set c[22,71] := 71;
set c[22,13] := 13;
set c[22,11] := 11 98;
set c[22,8] := 8;
set c[22,41] := 41 68;
set c[22,6] := 6;
set c[22,60] := 60;
set c[22,82] := 82;
set c[22,42] := 42;
set c[22,37] := 37;
set c[22,48] := 48;
set c[22,47] := 47 31;
set c[22,49] := 49;
set c[22,57] := 57;
set c[22,55] := 55;
set c[22,87] := 87;
set c[22,83] := 83;
set c[22,1] := 1;
set c[22,95] := 95;
set c[22,72] := 72;
set c[22,91] := 91;
set c[22,15] := 15;
set c[22,17] := 17;
set c[22,4] := 4;
set c[22,65] := 65;
set c[22,54] := 54;
set c[22,75] := 75;
set c[22,33] := 33;
set c[22,7] := 7;
set c[22,64] := 64;
set c[22,96] := 96;
set c[22,20] := 20;
set c[22,67] := 67;
set c[22,45] := 45;
set c[22,81] := 81;
set c[22,59] := 59;
set c[22,32] := 32;
set c[22,79] := 79;
set c[22,58] := 58;
set c[22,93] := 93;
set c[22,36] := 36;
set c[22,78] := 78;
set c[22,56] := 56;
set c[22,63] := 63;
set c[22,80] := 80;
set c[22,16] := 16;
set c[22,40] := 40;
set c[22,2] := 2;
set c[22,76] := 76;
set c[22,38] := 38;
set c[22,43] := 43;
set c[22,53] := 53;
set c[22,30] := 30;
set c[22,51] := 51;
set c[22,23] := 23;
set c[23,46] := 46 3 99 84 61 86;
set c[23,22] := 22 88 18 28 92 97 94 14 66 21 50 34 62;
set c[23,19] := 19 70 26 24 69;
set c[23,44] := 44 90 10 29 89;
set c[23,12] := 12 73 39 35 77 85 52;
set c[23,74] := 74;
set c[23,25] := 25;
set c[23,100] := 100;
set c[23,27] := 27 5 9;
set c[23,71] := 71;
set c[23,13] := 13;
set c[23,11] := 11;
set c[23,98] := 98;
set c[23,8] := 8;
set c[23,41] := 41 68;
set c[23,6] := 6;
set c[23,60] := 60;
set c[23,82] := 82;
set c[23,42] := 42;
set c[23,37] := 37;
set c[23,48] := 48;
set c[23,47] := 47 31;
set c[23,49] := 49;
set c[23,57] := 57;
set c[23,55] := 55;
set c[23,87] := 87;
set c[23,83] := 83;
set c[23,1] := 1;
set c[23,95] := 95;
set c[23,72] := 72;
set c[23,91] := 91;
set c[23,15] := 15;
set c[23,17] := 17;
set c[23,4] := 4;
set c[23,65] := 65;
set c[23,54] := 54;
set c[23,75] := 75;
set c[23,33] := 33;
set c[23,7] := 7;
set c[23,64] := 64;
set c[23,96] := 96;
set c[23,20] := 20;
set c[23,67] := 67;
set c[23,45] := 45;
set c[23,81] := 81;
set c[23,59] := 59;
set c[23,32] := 32;
set c[23,79] := 79;
set c[23,58] := 58;
set c[23,93] := 93;
set c[23,36] := 36;
set c[23,78] := 78;
set c[23,56] := 56;
set c[23,63] := 63;
set c[23,80] := 80;
set c[23,16] := 16;
set c[23,40] := 40;
set c[23,2] := 2;
set c[23,76] := 76;
set c[23,38] := 38;
set c[23,43] := 43;
set c[23,53] := 53;
set c[23,30] := 30;
set c[23,51] := 51;
set c[23,23] := 23;
set c[24,84] := 84 46 3 99 61 86;
set c[24,22] := 22 88 18 28 92 97 94 14 66 21 50 34 62;
set c[24,19] := 19 70 26 24 69;
set c[24,44] := 44 90 10 29 89;
set c[24,35] := 35 12 73 39 77 85 52;
set c[24,74] := 74;
set c[24,25] := 25;
set c[24,100] := 100;
set c[24,9] := 9 27 5;
set c[24,71] := 71;
set c[24,13] := 13;
set c[24,11] := 11;
set c[24,98] := 98;
set c[24,8] := 8;
set c[24,41] := 41 68;
set c[24,6] := 6;
set c[24,60] := 60;
set c[24,82] := 82;
set c[24,42] := 42;
set c[24,37] := 37;
set c[24,48] := 48;
set c[24,47] := 47 31;
set c[24,49] := 49;
set c[24,57] := 57;
set c[24,55] := 55;
set c[24,87] := 87;
set c[24,83] := 83;
set c[24,1] := 1;
set c[24,95] := 95;
set c[24,72] := 72;
set c[24,91] := 91;
set c[24,15] := 15;
set c[24,17] := 17;
set c[24,4] := 4;
set c[24,65] := 65;
set c[24,54] := 54;
set c[24,75] := 75;
set c[24,33] := 33;
set c[24,7] := 7;
set c[24,64] := 64;
set c[24,96] := 96;
set c[24,20] := 20;
set c[24,67] := 67;
set c[24,45] := 45;
set c[24,81] := 81;
set c[24,59] := 59;
set c[24,32] := 32;
set c[24,79] := 79;
set c[24,58] := 58;
set c[24,93] := 93;
set c[24,36] := 36;
set c[24,78] := 78;
set c[24,56] := 56;
set c[24,63] := 63;
set c[24,80] := 80;
set c[24,16] := 16;
set c[24,40] := 40;
set c[24,2] := 2;
set c[24,76] := 76;
set c[24,38] := 38;
set c[24,43] := 43;
set c[24,53] := 53;
set c[24,30] := 30;
set c[24,51] := 51;
set c[24,23] := 23;
set c[25,84] := 84 46 3 99 61 86;
set c[25,22] := 22 88 18 28 92 97 94 14 66 21 50 34 62;
set c[25,19] := 19 70 26 24 69;
set c[25,44] := 44 90 10 29 89;
set c[25,35] := 35 12 73 39 77 85 52;
set c[25,74] := 74;
set c[25,25] := 25;
set c[25,100] := 100;
set c[25,9] := 9 27 5;
set c[25,71] := 71;
set c[25,13] := 13;
set c[25,11] := 11;
set c[25,98] := 98;
set c[25,8] := 8;
set c[25,41] := 41 68;
set c[25,6] := 6;
set c[25,60] := 60;
set c[25,82] := 82;
set c[25,42] := 42;
set c[25,37] := 37;
set c[25,48] := 48;
set c[25,47] := 47 31;
set c[25,49] := 49;
set c[25,57] := 57;
set c[25,55] := 55;
set c[25,87] := 87;
set c[25,83] := 83;
set c[25,1] := 1;
set c[25,95] := 95;
set c[25,72] := 72;
set c[25,91] := 91;
set c[25,15] := 15;
set c[25,17] := 17;
set c[25,4] := 4;
set c[25,65] := 65;
set c[25,54] := 54;
set c[25,75] := 75;
set c[25,33] := 33;
set c[25,7] := 7;
set c[25,64] := 64;
set c[25,96] := 96;
set c[25,20] := 20;
set c[25,67] := 67;
set c[25,45] := 45;
set c[25,81] := 81;
set c[25,59] := 59;
set c[25,32] := 32;
set c[25,79] := 79;
set c[25,58] := 58;
set c[25,93] := 93;
set c[25,36] := 36;
set c[25,78] := 78;
set c[25,56] := 56;
set c[25,63] := 63;
set c[25,80] := 80;
set c[25,16] := 16;
set c[25,40] := 40;
set c[25,2] := 2;
set c[25,76] := 76;
set c[25,38] := 38;
set c[25,43] := 43;
set c[25,53] := 53;
set c[25,30] := 30;
set c[25,51] := 51;
set c[25,23] := 23;
set c[26,84] := 84 46 3 99 61 86;
set c[26,62] := 62 22 88 18 28 92 97 94 14 66 21 50 34;
set c[26,19] := 19 70 26 24 69;
set c[26,44] := 44 90 10 29 89;
set c[26,73] := 73 35 12 39 77 85 52;
set c[26,74] := 74;
set c[26,25] := 25;
set c[26,100] := 100;
set c[26,9] := 9 27 5;
set c[26,71] := 71;
set c[26,13] := 13;
set c[26,11] := 11;
set c[26,98] := 98;
set c[26,8] := 8;
set c[26,41] := 41 68;
set c[26,6] := 6;
set c[26,60] := 60;
set c[26,82] := 82;
set c[26,42] := 42;
set c[26,37] := 37;
set c[26,48] := 48;
set c[26,47] := 47 31;
set c[26,49] := 49;
set c[26,57] := 57;
set c[26,55] := 55;
set c[26,87] := 87;
set c[26,83] := 83;
set c[26,1] := 1;
set c[26,95] := 95;
set c[26,72] := 72;
set c[26,91] := 91;
set c[26,15] := 15;
set c[26,17] := 17;
set c[26,4] := 4;
set c[26,65] := 65;
set c[26,54] := 54;
set c[26,75] := 75;
set c[26,33] := 33;
set c[26,7] := 7;
set c[26,64] := 64;
set c[26,96] := 96;
set c[26,20] := 20;
set c[26,67] := 67;
set c[26,45] := 45;
set c[26,81] := 81;
set c[26,59] := 59;
set c[26,32] := 32;
set c[26,79] := 79;
set c[26,58] := 58;
set c[26,93] := 93;
set c[26,36] := 36;
set c[26,78] := 78;
set c[26,56] := 56;
set c[26,63] := 63;
set c[26,80] := 80;
set c[26,16] := 16;
set c[26,40] := 40;
set c[26,2] := 2;
set c[26,76] := 76;
set c[26,38] := 38;
set c[26,43] := 43;
set c[26,53] := 53;
set c[26,30] := 30;
set c[26,51] := 51;
set c[26,23] := 23;
set c[27,46] := 46 84 3 99 61 86;
set c[27,62] := 62 22 88 18 28 92 97 94 14 66 21 50 34;
set c[27,19] := 19 70 26 24 69;
set c[27,89] := 89 44 90 10 29;
set c[27,73] := 73 35 12 39 77 85 52;
set c[27,74] := 74;
set c[27,25] := 25;
set c[27,100] := 100;
set c[27,9] := 9 27 5;
set c[27,71] := 71;
set c[27,13] := 13;
set c[27,11] := 11;
set c[27,98] := 98;
set c[27,8] := 8;
set c[27,41] := 41 68;
set c[27,6] := 6;
set c[27,60] := 60;
set c[27,82] := 82;
set c[27,42] := 42;
set c[27,37] := 37;
set c[27,48] := 48;
set c[27,47] := 47 31;
set c[27,49] := 49;
set c[27,57] := 57;
set c[27,55] := 55;
set c[27,87] := 87;
set c[27,83] := 83;
set c[27,1] := 1;
set c[27,95] := 95;
set c[27,72] := 72;
set c[27,91] := 91;
set c[27,15] := 15;
set c[27,17] := 17;
set c[27,4] := 4;
set c[27,65] := 65;
set c[27,54] := 54;
set c[27,75] := 75;
set c[27,33] := 33;
set c[27,7] := 7;
set c[27,64] := 64;
set c[27,96] := 96;
set c[27,20] := 20;
set c[27,67] := 67;
set c[27,45] := 45;
set c[27,81] := 81;
set c[27,59] := 59;
set c[27,32] := 32;
set c[27,79] := 79;
set c[27,58] := 58;
set c[27,93] := 93;
set c[27,36] := 36;
set c[27,78] := 78;
set c[27,56] := 56;
set c[27,63] := 63;
set c[27,80] := 80;
set c[27,16] := 16;
set c[27,40] := 40;
set c[27,2] := 2;
set c[27,76] := 76;
set c[27,38] := 38;
set c[27,43] := 43;
set c[27,53] := 53;
set c[27,30] := 30;
set c[27,51] := 51;
set c[27,23] := 23;
set c[28,46] := 46 84 3 99 61 86;
set c[28,62] := 62 22 88 18 28 92 97 94 14 66 21 50 34;
set c[28,19] := 19 70 26 24 69;
set c[28,44] := 44 89 90 10 29;
set c[28,39] := 39 73 35 12 77 85 52;
set c[28,74] := 74;
set c[28,25] := 25;
set c[28,100] := 100;
set c[28,5] := 5 9 27;
set c[28,71] := 71;
set c[28,13] := 13;
set c[28,11] := 11;
set c[28,98] := 98;
set c[28,8] := 8;
set c[28,41] := 41 68;
set c[28,6] := 6;
set c[28,60] := 60;
set c[28,82] := 82;
set c[28,42] := 42;
set c[28,37] := 37;
set c[28,48] := 48;
set c[28,47] := 47 31;
set c[28,49] := 49;
set c[28,57] := 57;
set c[28,55] := 55;
set c[28,87] := 87;
set c[28,83] := 83;
set c[28,1] := 1;
set c[28,95] := 95;
set c[28,72] := 72;
set c[28,91] := 91;
set c[28,15] := 15;
set c[28,17] := 17;
set c[28,4] := 4;
set c[28,65] := 65;
set c[28,54] := 54;
set c[28,75] := 75;
set c[28,33] := 33;
set c[28,7] := 7;
set c[28,64] := 64;
set c[28,96] := 96;
set c[28,20] := 20;
set c[28,67] := 67;
set c[28,45] := 45;
set c[28,81] := 81;
set c[28,59] := 59;
set c[28,32] := 32;
set c[28,79] := 79;
set c[28,58] := 58;
set c[28,93] := 93;
set c[28,36] := 36;
set c[28,78] := 78;
set c[28,56] := 56;
set c[28,63] := 63;
set c[28,80] := 80;
set c[28,16] := 16;
set c[28,40] := 40;
set c[28,2] := 2;
set c[28,76] := 76;
set c[28,38] := 38;
set c[28,43] := 43;
set c[28,53] := 53;
set c[28,30] := 30;
set c[28,51] := 51;
set c[28,23] := 23;
set c[29,46] := 46 84 3 99 61 86;
set c[29,28] := 28 62 22 88 18 92 97 94 14 66 21 50 34;
set c[29,19] := 19 70 26 24 69;
set c[29,89] := 89 44 90 10 29;
set c[29,39] := 39 73 35 12 77 85 52;
set c[29,74] := 74;
set c[29,25] := 25;
set c[29,100] := 100;
set c[29,5] := 5 9 27;
set c[29,71] := 71;
set c[29,13] := 13;
set c[29,11] := 11;
set c[29,98] := 98;
set c[29,8] := 8;
set c[29,41] := 41 68;
set c[29,6] := 6;
set c[29,60] := 60;
set c[29,82] := 82;
set c[29,42] := 42;
set c[29,37] := 37;
set c[29,48] := 48;
set c[29,47] := 47 31;
set c[29,49] := 49;
set c[29,57] := 57;
set c[29,55] := 55;
set c[29,87] := 87;
set c[29,83] := 83;
set c[29,1] := 1;
set c[29,95] := 95;
set c[29,72] := 72;
set c[29,91] := 91;
set c[29,15] := 15;
set c[29,17] := 17;
set c[29,4] := 4;
set c[29,65] := 65;
set c[29,54] := 54;
set c[29,75] := 75;
set c[29,33] := 33;
set c[29,7] := 7;
set c[29,64] := 64;
set c[29,96] := 96;
set c[29,20] := 20;
set c[29,67] := 67;
set c[29,45] := 45;
set c[29,81] := 81;
set c[29,59] := 59;
set c[29,32] := 32;
set c[29,79] := 79;
set c[29,58] := 58;
set c[29,93] := 93;
set c[29,36] := 36;
set c[29,78] := 78;
set c[29,56] := 56;
set c[29,63] := 63;
set c[29,80] := 80;
set c[29,16] := 16;
set c[29,40] := 40;
set c[29,2] := 2;
set c[29,76] := 76;
set c[29,38] := 38;
set c[29,43] := 43;
set c[29,53] := 53;
set c[29,30] := 30;
set c[29,51] := 51;
set c[29,23] := 23;
set c[30,99] := 99 46 84 3 61 86;
set c[30,50] := 50 28 62 22 88 18 92 97 94 14 66 21 34;
set c[30,26] := 26 19 70 24 69;
set c[30,44] := 44 89 90 10 29;
set c[30,77] := 77 39 73 35 12 85 52;
set c[30,74] := 74;
set c[30,25] := 25;
set c[30,100] := 100;
set c[30,9] := 9 5 27;
set c[30,71] := 71;
set c[30,13] := 13;
set c[30,11] := 11;
set c[30,98] := 98;
set c[30,8] := 8;
set c[30,41] := 41 68;
set c[30,6] := 6;
set c[30,60] := 60;
set c[30,82] := 82;
set c[30,42] := 42;
set c[30,37] := 37;
set c[30,48] := 48;
set c[30,47] := 47 31;
set c[30,49] := 49;
set c[30,57] := 57;
set c[30,55] := 55;
set c[30,87] := 87;
set c[30,83] := 83;
set c[30,1] := 1;
set c[30,95] := 95;
set c[30,72] := 72;
set c[30,91] := 91;
set c[30,15] := 15;
set c[30,17] := 17;
set c[30,4] := 4;
set c[30,65] := 65;
set c[30,54] := 54;
set c[30,75] := 75;
set c[30,33] := 33;
set c[30,7] := 7;
set c[30,64] := 64;
set c[30,96] := 96;
set c[30,20] := 20;
set c[30,67] := 67;
set c[30,45] := 45;
set c[30,81] := 81;
set c[30,59] := 59;
set c[30,32] := 32;
set c[30,79] := 79;
set c[30,58] := 58;
set c[30,93] := 93;
set c[30,36] := 36;
set c[30,78] := 78;
set c[30,56] := 56;
set c[30,63] := 63;
set c[30,80] := 80;
set c[30,16] := 16;
set c[30,40] := 40;
set c[30,2] := 2;
set c[30,76] := 76;
set c[30,38] := 38;
set c[30,43] := 43;
set c[30,53] := 53;
set c[30,30] := 30;
set c[30,51] := 51;
set c[30,23] := 23;

