#erel:= 0.800;
#emax:= 1294.145;
#q:= 0.000;
#nesce:=    58;
#etime:= 1.198;
#snodes:=  1142;
param nS:=   100;
param nSG:=    30;
param nRVSG :=
 1 24    4 24    7  2   10  2   13  2   16  2   19  2   22  2   25  2   28  2
 2 24    5  2    8  2   11  2   14  2   17  2   20  2   23  2   26  2   29  2
 3 24    6  2    9  2   12  2   15 12   18  2   21  2   24  2   27  2   30 24
;

param ScenF :=
  1  75.5713      46   6.21513     91 113.148      136   0.558
  2  84.8467      47  13.6853      92 111.644      137   0.168708
  3  78.7437      48  16.9884      93 122.028      138   0.4468
  4  74.7092      49  85.5957      94 123.196      139   0.256666
  5  73.5079      50  92.5038      95 108.065      140   0.1969
  6  65.4331      51  89.4732      96  93.3537     141   0.368074
  7  69.4722      52  83.2257      97   0.568715   142   0.0205
  8  95.3726      53  84.2472      98   0          143   0.47346
  9  99.6207      54  78.6225      99   0.55948    144   0
 10  86.2472      55  89.7637     100   0          145   0.585981
 11  72.4885      56 108.19       101   0.521026   146   0
 12  66.4475      57 114.849      102   0          147   0.672229
 13  57.8274      58  98.8728     103   0.443962   148   0
 14  53.7236      59  72.6903     104   0          149   0.722588
 15  53.395       60  52.2356     105   0.431775   150   0
 16  56.2319      61  42.5626     106   0          151   0.739588
 17  76.1598      62  48.281      107   0.459254   152   0
 18  93.7416      63  56.2022     108   0          153   0.689918
 19  96.3104      64  62.251      109   0.482877   154   0
 20  95.1114      65  78.2801     110   0          155   0.621653
 21  98.9208      66 102.056      111   0.482689   156   0
 22 101.724       67 115.125      112   0.0624     157   0.18478
 23  95.9507      68 108.913      113   0.429304   158   0.979766
 24  87.0827      69 124.513      114   0.277      159   0.954719
 25  26.8488      70 124.683      115   0.343014   160   0.909898
 26  23.2538      71 110.421      116   0.4639     161   1.59431
 27  24.3814      72  92.243      117  63.5234     162   0.294438
 28  25.0478      73  60.9155     118  67.6351     163   0.993908
 29  24.8439      74  83.225      119  63.8843     164   0.37455
 30  27.8272      75  75.9839     120  76.3168     165   0.194336
 31  41.2278      76  66.6567     121  72.2081     166   1.13611
 32  59.1331      77  66.2491     122 105.592      167   0
 33  29.4675      78  71.5149     123 114.447      168   0
 34  21.1402      79  86.6695     124 132.662      169   0
 35  48.4373      80  96.1234     125 126.829      170   0
 36  48.776       81 128.15       126 116.217      171   0
 37  44.1761      82  86.6036     127 114.318      172   0
 38  52.0703      83  73.5336     128 105.683      173   6.79153
 39  56.3412      84  59.6992     129   0.246645   174   0
 40  61.3653      85  41.8131     130   0.5832     175   3.26402
 41  64.7785      86  40.8962     131   0.186929   176   0.739205
 42  61.4175      87  41.0733     132   0.6546     177   0.330912
 43  24.8081      88  46.93       133   0.146023   178   0.427383
 44   0           89  69.4591     134   0.649      179   0.643796
 45   0           90  88.5412     135   0.129723   180   0.937469
;

param ScenO :=
  1  93.96        46  24.48        91 109.99       136   0.331
  2  84.99        47  39.32        92 116          137   0.866
  3  75           48  54           93 114.11       138   0.242
  4  65.1         49  93.96        94 107.75       139   0.869
  5  64.89        50  75.99        95  97.74       140   0.098
  6  65.18        51  55.3         96  84.17       141   0.893
  7  75.2         52  51.1         97   0.765      142   0.011
  8  95           53  44.89        98   0          143   0.926
  9 107.99        54  45.6         99   0.706      144   0
 10  87.8         55  55.18       100   0          145   0.952
 11  69.39        56  89          101   0.661      146   0
 12  50           57  98.99       102   0          147   0.973
 13  33.2         58  85.11       103   0.618      148   0
 14  33.2         59  55.3        104   0          149   0.98
 15  29.8         60  50          105   0.608      150   0
 16  14           61  33.2        106   0          151   0.979
 17  64.78        62  28.2        107   0.666      152   0
 18  84.99        63  25.33       108   0          153   0.977
 19 116.49        64  14          109   0.715      154   0
 20 125.01        65  59.78       110   0          155   0.976
 21 122.11        66  85.11       111   0.741      156   0
 22 116.92        67 111.49       112   0.027      157   0.432205
 23 107.74        68 117.01       113   0.713      158   0.207319
 24  87.22        69 117.11       114   0.178      159   0.029067
 25  60           70 111.92       115   0.763      160   0.003533
 26  60           71 102.44       116   0.383      161   0.007089
 27  65           72  87.22       117  49.68       162   0.077171
 28  60           73  80.2        118  30          163   0.014096
 29  60           74  55.3        119  20.33       164   0.079684
 30  60           75  35          120   8          165   0.774887
 31  79.72        76  25.33       121  48.8        166   1.31913
 32 154.4         77  25.15       122  77          167   1.60772
 33 105.4         78  30          123 108.19       168   2.5252
 34 200.36        79  44.3        124 118.25       169   3.59126
 35  87.84        80  65.19       125 116.94       170   3.33524
 36  45.04        81  78.89       126 107.92       171   3.7604
 37  10.48        82  67.63       127  93.98       172   8.38357
 38  19.2         83  62.45       128  84.93       173   0.870022
 39  17.6         84  50.05       129   0.865      174   0.932816
 40 165.4         85  43.08       130   0.338      175   0.615675
 41 187.88        86  35.3        131   0.865      176   0.737221
 42 172.72        87  29.8        132   0.306      177   0.601998
 43  34.08        88  19.5        133   0.857      178   0.752053
 44  21.48        89  66.34       134   0.313      179   0.112122
 45  23.16        90  79.99       135   0.86       180   0.15352
;

param Scen0 (tr)
 :    1	    2	    3	    4	    5	    6	    7	    8	    9	   10	   11	   12	   13	   14	   15	   16	   17	   18	   19	   20	   21	   22	   23	   24	   25	   26	   27	   28	   29	   30	   31	   32	   33	   34	   35	   36	   37	   38	   39	   40	   41	   42	   43	   44	   45	   46	   47	   48	   49	   50	   51	   52	   53	   54	   55	   56	   57	   58	   59	   60	   61	   62	   63	   64	   65	   66	   67	   68	   69	   70	   71	   72	   73	   74	   75	   76	   77	   78	   79	   80	   81	   82	   83	   84	   85	   86	   87	   88	   89	   90	   91	   92	   93	   94	   95	   96	   97	   98	   99	  100	  101	  102	  103	  104	  105	  106	  107	  108	  109	  110	  111	  112	  113	  114	  115	  116	  117	  118	  119	  120	  121	  122	  123	  124	  125	  126	  127	  128	  129	  130	  131	  132	  133	  134	  135	  136	  137	  138	  139	  140	  141	  142	  143	  144	  145	  146	  147	  148	  149	  150	  151	  152	  153	  154	  155	  156	  157	  158	  159	  160	  161	  162	  163	  164	  165	  166	  167	  168	  169	  170	  171	  172	  173	  174	  175	  176	  177	  178	  179	  180	:=
    1	93.960000	84.990000	75.000000	65.100000	64.890000	65.180000	75.200000	95.000000	107.990000	87.800000	69.390000	50.000000	33.200000	33.200000	29.800000	14.000000	64.780000	84.990000	116.490000	125.010000	122.110000	116.920000	107.740000	87.220000	60.000000	23.666900	21.913300	24.279800	25.192000	27.776000	41.181300	72.737200	7.434660	28.412900	40.883600	48.884500	44.363300	51.410800	55.292800	63.914800	69.217100	61.206300	44.669700	38.834400	4.373600	5.430690	12.169000	12.940000	93.960000	91.684400	81.794200	84.547800	78.177600	78.809900	92.502200	109.392000	106.433000	78.186400	74.504600	52.054100	45.919800	49.360200	51.035400	63.756000	77.883000	93.093600	114.304000	117.799000	119.916000	110.654000	104.609000	101.304000	80.200000	82.979100	72.768300	66.725800	71.894600	63.997100	87.359700	107.737000	120.598000	96.612600	82.886100	45.218000	46.798500	43.151100	39.573500	49.605200	69.090600	89.639800	108.209000	118.621000	117.824000	116.467000	109.069000	106.566000	0.765000	0.000000	0.556163	0.000000	0.507220	0.000000	0.438455	0.000000	0.420568	0.000000	0.451771	0.000000	0.461781	0.000000	0.467067	0.062400	0.431522	0.289500	0.323840	0.465900	49.680000	56.954100	62.012800	72.064300	80.536600	105.234000	108.345000	132.777000	127.824000	116.095000	114.339000	108.576000	0.229353	0.691200	0.175860	0.635100	0.074095	0.681900	0.125534	0.533000	0.100813	0.495500	0.248920	0.263400	0.361772	0.027300	0.501176	0.000000	0.625237	0.000000	0.695373	0.000000	0.747092	0.000000	0.749683	0.000000	0.693725	0.000000	0.660636	0.000000	0.432205	0.832048	1.162310	1.028950	1.112740	0.684480	0.515063	0.397783	0.229519	2.068240	6.532720	2.544040	0.000000	232.052000	37.102600	0.000000	1.109510	0.391184	0.000000	1.045650	0.602172	0.593686	0.681134	0.754310	
    2	93.960000	84.990000	75.000000	65.100000	64.890000	65.180000	75.200000	95.000000	107.990000	87.800000	69.390000	50.000000	33.200000	33.200000	29.800000	14.000000	64.780000	84.990000	116.490000	125.010000	122.110000	116.920000	107.740000	87.220000	60.000000	14.680800	24.840500	25.039400	25.247500	27.286000	35.543700	35.000800	7.444480	21.992300	51.567300	50.987100	43.717400	51.289900	51.204700	66.387600	72.321600	65.914400	21.597300	38.834400	4.373600	5.430690	12.169000	12.940000	93.960000	97.913400	91.156700	91.094700	99.340600	93.615300	98.350200	122.672000	133.851000	105.373000	85.527300	55.357300	52.664200	55.075200	44.514600	56.227800	63.719700	89.384500	100.002000	116.510000	113.570000	117.659000	99.984100	98.092400	80.200000	87.861900	84.056700	76.598800	82.561400	77.807200	88.767000	104.248000	111.967000	79.757700	66.889000	48.669000	44.396400	41.139100	65.461200	69.406000	93.581500	107.857000	127.418000	111.701000	127.286000	138.651000	113.418000	106.218000	0.765000	0.000000	0.491842	0.000000	0.431839	0.000000	0.372236	0.000000	0.372528	0.000000	0.399557	0.000000	0.437234	0.000000	0.443446	0.081600	0.349489	0.306800	0.261187	0.492500	49.680000	84.164800	93.474800	75.886500	93.153200	115.424000	124.802000	135.807000	110.852000	109.395000	112.333000	113.462000	0.173098	0.541200	0.068808	0.715200	0.000000	0.627500	0.000000	0.330400	0.000000	0.310800	0.000000	0.081800	0.109673	0.014100	0.192198	0.000000	0.289597	0.000000	0.364345	0.000000	0.419634	0.000000	0.448122	0.000000	0.414732	0.000000	0.374172	0.000000	0.432205	0.000000	0.000000	0.505156	0.607217	1.600920	0.000000	0.233922	0.481644	1.319560	41.683000	1.139100	0.000000	346.575000	0.000000	38.946600	0.367052	0.420218	0.000000	0.850332	0.680272	0.681902	0.662091	0.806537	
    3	93.960000	84.990000	75.000000	65.100000	64.890000	65.180000	75.200000	95.000000	107.990000	87.800000	69.390000	50.000000	33.200000	33.200000	29.800000	14.000000	64.780000	84.990000	116.490000	125.010000	122.110000	116.920000	107.740000	87.220000	60.000000	23.666900	21.913300	24.279800	25.192000	27.776000	41.181300	72.737200	7.434660	28.412900	40.883600	48.884500	44.363300	51.410800	55.292800	63.914800	69.217100	61.206300	44.669700	38.834400	4.373600	5.430690	12.169000	12.940000	93.960000	91.684400	81.794200	84.547800	78.177600	78.809900	92.502200	109.392000	106.433000	78.186400	74.504600	52.054100	45.919800	49.360200	51.035400	63.756000	77.883000	93.093600	114.304000	117.799000	119.916000	110.654000	104.609000	101.304000	80.200000	82.979100	72.768300	66.725800	71.894600	63.997100	87.359700	107.737000	120.598000	96.612600	82.886100	45.218000	46.798500	43.151100	39.573500	49.605200	69.090600	89.639800	108.209000	118.621000	117.824000	116.467000	109.069000	106.566000	0.765000	0.000000	0.556163	0.000000	0.507220	0.000000	0.438455	0.000000	0.420568	0.000000	0.451771	0.000000	0.461781	0.000000	0.467067	0.062400	0.431522	0.289500	0.323840	0.465900	49.680000	56.954100	62.012800	72.064300	80.536600	105.234000	108.345000	132.777000	127.824000	116.095000	114.339000	108.576000	0.229353	0.691200	0.175860	0.635100	0.074095	0.681900	0.125534	0.533000	0.100813	0.495500	0.248920	0.263400	0.361772	0.027300	0.501176	0.000000	0.625237	0.000000	0.695373	0.000000	0.747092	0.000000	0.749683	0.000000	0.693725	0.000000	0.642414	0.000000	0.432205	1.428730	1.430790	0.841936	0.996111	0.628133	1.260400	0.650223	0.580208	1.262260	4.097540	0.000000	0.000000	326.070000	30.936200	12.104600	0.000000	0.860258	0.000000	0.622871	0.665526	0.619562	0.629219	0.634596	
    4	93.960000	84.990000	75.000000	65.100000	64.890000	65.180000	75.200000	95.000000	107.990000	87.800000	69.390000	50.000000	33.200000	33.200000	29.800000	14.000000	64.780000	84.990000	116.490000	125.010000	122.110000	116.920000	107.740000	87.220000	60.000000	14.680800	24.840500	25.039400	25.247500	27.286000	35.543700	35.000800	7.444480	21.992300	51.567300	50.987100	43.717400	51.289900	51.204700	66.387600	72.321600	65.914400	21.597300	38.834400	4.373600	5.430690	12.169000	12.940000	93.960000	95.878700	88.052300	97.802800	95.307200	92.979000	103.613000	130.403000	126.186000	110.947000	70.891000	66.585000	60.462300	69.654300	73.097400	84.479000	95.974500	103.525000	133.785000	137.987000	136.982000	148.902000	125.300000	105.573000	80.200000	96.120700	78.770800	78.451300	81.740600	81.992900	97.138600	119.715000	128.601000	98.674700	65.683400	44.119300	42.989000	49.116400	49.958800	54.565800	76.467500	88.461600	108.986000	109.231000	114.362000	128.294000	106.419000	88.168000	0.765000	0.000000	0.489429	0.000000	0.405252	0.000000	0.301057	0.000000	0.275027	0.000000	0.298941	0.000000	0.299653	0.000000	0.290394	0.025600	0.256094	0.138400	0.211744	0.280600	49.680000	73.218100	74.200400	74.754400	83.598400	101.005000	101.649000	117.939000	121.552000	121.797000	113.396000	103.824000	0.139078	0.441000	0.069420	0.659900	0.017496	0.711700	0.000000	0.859900	0.037256	0.881500	0.119210	0.165800	0.240089	0.024200	0.376277	0.000000	0.528368	0.000000	0.617017	0.000000	0.663678	0.000000	0.667891	0.000000	0.600037	0.000000	0.544095	0.000000	0.432205	1.124180	1.181190	0.736669	0.983524	1.218400	1.010260	0.653446	0.701511	0.224963	21.527700	8.821940	4.654810	274.759000	34.695000	0.000000	2.931070	0.570414	0.000000	0.429274	0.626371	0.598214	0.584771	0.686405	
    5	93.960000	84.990000	75.000000	65.100000	64.890000	65.180000	75.200000	95.000000	107.990000	87.800000	69.390000	50.000000	33.200000	33.200000	29.800000	14.000000	64.780000	84.990000	116.490000	125.010000	122.110000	116.920000	107.740000	87.220000	60.000000	14.680800	24.840500	25.039400	25.247500	27.286000	35.543700	35.000800	7.444480	21.992300	51.567300	50.987100	43.717400	51.289900	51.204700	66.387600	72.321600	65.914400	21.597300	38.834400	4.373600	5.430690	12.169000	12.940000	93.960000	93.281800	92.240000	91.122700	101.328000	89.535000	99.853100	127.087000	139.790000	121.312000	91.977100	55.453500	46.070800	45.870100	62.011300	64.437300	87.171800	103.114000	119.025000	127.389000	105.900000	110.111000	102.498000	107.043000	80.200000	89.860900	79.467100	73.764800	81.019000	77.140900	92.062100	120.697000	138.826000	107.288000	75.249500	64.402800	55.181500	50.708300	69.270900	66.166000	90.234100	101.706000	114.474000	127.814000	119.691000	121.501000	109.224000	104.468000	0.765000	0.000000	0.600282	0.000000	0.538230	0.000000	0.478140	0.000000	0.483703	0.000000	0.520009	0.000000	0.527910	0.000000	0.489923	0.066600	0.461011	0.288100	0.374478	0.457300	49.680000	50.174800	42.198700	53.569600	69.579200	89.413900	91.603700	115.562000	101.057000	106.097000	103.960000	103.495000	0.254619	0.680600	0.114635	0.597500	0.139295	0.633100	0.210616	0.604500	0.308834	0.397100	0.357643	0.159400	0.495885	0.021800	0.681464	0.000000	0.834608	0.000000	0.926911	0.000000	0.983910	0.000000	1.023980	0.000000	0.978600	0.000000	0.925653	0.000000	0.432205	1.140270	0.962976	0.833912	1.465130	0.150108	0.789435	0.652884	0.524148	0.000000	0.000000	3.008870	0.000000	446.542000	49.386100	0.000000	8.487230	0.476032	0.000000	0.932590	0.862688	0.535386	0.604599	0.250750	
    6	93.960000	84.990000	75.000000	65.100000	64.890000	65.180000	75.200000	95.000000	107.990000	87.800000	69.390000	50.000000	33.200000	33.200000	29.800000	14.000000	64.780000	84.990000	116.490000	125.010000	122.110000	116.920000	107.740000	87.220000	60.000000	23.666900	21.913300	24.279800	25.192000	27.776000	41.181300	72.737200	7.434660	28.412900	40.883600	48.884500	44.363300	51.410800	55.292800	63.914800	69.217100	61.206300	44.669700	38.834400	4.373600	5.430690	12.169000	12.940000	93.960000	91.684400	81.794200	84.547800	78.177600	78.809900	92.502200	109.392000	106.433000	78.186400	74.504600	52.054100	45.919800	49.360200	51.035400	63.756000	77.883000	93.093600	114.304000	117.799000	119.916000	110.654000	104.609000	101.304000	80.200000	82.979100	72.768300	66.725800	71.894600	63.997100	87.359700	107.737000	120.598000	96.612600	82.886100	45.218000	46.798500	43.151100	39.573500	49.605200	69.090600	89.639800	108.209000	118.621000	117.824000	116.467000	109.069000	106.566000	0.765000	0.000000	0.556163	0.000000	0.507220	0.000000	0.438455	0.000000	0.420568	0.000000	0.451771	0.000000	0.461781	0.000000	0.467067	0.062400	0.431522	0.289500	0.323840	0.465900	49.680000	56.954100	62.012800	72.064300	80.536600	105.234000	108.345000	132.777000	127.824000	116.095000	114.339000	108.576000	0.229353	0.691200	0.175860	0.635100	0.074095	0.681900	0.125534	0.533000	0.100813	0.495500	0.248920	0.263400	0.361772	0.027300	0.501176	0.000000	0.625237	0.000000	0.695373	0.000000	0.747092	0.000000	0.749683	0.000000	0.693725	0.000000	0.660636	0.000000	0.432205	0.832048	1.162310	1.028950	1.112740	0.684480	0.515063	0.397783	0.229519	2.068240	6.532720	2.544040	0.000000	232.052000	37.102600	0.000000	1.109510	0.391184	0.000000	1.045650	0.602172	0.593686	0.681134	0.754310	
    7	93.960000	84.990000	75.000000	65.100000	64.890000	65.180000	75.200000	95.000000	107.990000	87.800000	69.390000	50.000000	33.200000	33.200000	29.800000	14.000000	64.780000	84.990000	116.490000	125.010000	122.110000	116.920000	107.740000	87.220000	60.000000	25.292800	23.192800	23.014700	31.224900	31.562000	44.597800	58.422900	17.361000	24.582600	46.215000	52.707300	46.802800	54.174700	58.422500	63.892600	73.288200	65.445500	29.206400	42.974100	25.126700	20.681300	13.870900	17.284600	93.960000	96.811300	83.596800	90.774800	88.678200	85.429600	97.691900	110.901000	113.306000	97.695100	56.509500	47.887800	46.225000	50.533000	53.280500	58.586800	76.416300	71.191700	110.017000	114.152000	123.667000	127.970000	107.703000	106.903000	80.200000	77.052700	68.178400	53.728500	58.447500	62.117900	81.695100	107.021000	120.914000	85.079700	64.407400	50.992900	38.793300	34.791200	28.406700	38.240600	58.520300	74.421200	115.897000	120.651000	121.606000	128.533000	107.690000	103.454000	0.765000	0.000000	0.561197	0.000000	0.519572	0.000000	0.461849	0.000000	0.461049	0.000000	0.477088	0.000000	0.528514	0.000000	0.443446	0.069600	0.413757	0.273200	0.276672	0.457900	49.680000	56.777400	54.397400	63.033600	68.413200	87.836300	88.966400	125.105000	127.906000	114.508000	121.714000	123.815000	0.248623	0.597400	0.152344	0.494500	0.000000	0.642700	0.000000	0.494400	0.076195	0.385200	0.168853	0.229200	0.310226	0.024100	0.486143	0.000000	0.609614	0.000000	0.672274	0.000000	0.730493	0.000000	0.767725	0.000000	0.734225	0.000000	0.663013	0.000000	0.432205	1.089820	1.101130	1.385800	1.802960	1.026540	1.187680	0.816970	0.658245	2.561640	0.000000	0.000000	0.000000	379.689000	30.164400	0.000000	19.141100	0.000000	0.000000	0.057246	0.603339	0.768547	0.596770	0.850778	
    8	93.960000	84.990000	75.000000	65.100000	64.890000	65.180000	75.200000	95.000000	107.990000	87.800000	69.390000	50.000000	33.200000	33.200000	29.800000	14.000000	64.780000	84.990000	116.490000	125.010000	122.110000	116.920000	107.740000	87.220000	60.000000	25.292800	23.192800	23.014700	31.224900	31.562000	44.597800	58.422900	17.361000	24.582600	46.215000	52.707300	46.802800	54.174700	58.422500	63.892600	73.288200	65.445500	29.206400	42.974100	25.126700	20.681300	13.870900	17.284600	93.960000	88.548200	81.770700	84.280100	85.099300	78.160400	93.338200	108.979000	108.967000	73.523400	72.801200	53.868100	45.637400	48.718200	51.880300	63.941300	77.564500	97.960200	118.536000	110.857000	124.359000	135.279000	110.278000	94.265500	80.200000	82.934200	68.085900	67.254400	68.521600	66.970500	88.122700	103.484000	121.124000	99.787400	70.330300	43.090800	48.967700	45.064000	39.371900	47.091500	69.344400	91.547300	110.758000	113.209000	121.049000	151.993000	107.725000	100.578000	0.765000	0.000000	0.553102	0.000000	0.499477	0.000000	0.439851	0.000000	0.452780	0.000000	0.476262	0.000000	0.481086	0.000000	0.467410	0.071600	0.377079	0.318400	0.338611	0.524200	49.680000	65.938300	59.822700	64.569600	73.660300	103.835000	112.558000	150.809000	147.985000	128.581000	115.453000	108.979000	0.226889	0.469700	0.193776	0.624200	0.076067	0.670200	0.073756	0.606600	0.100813	0.398100	0.245885	0.168700	0.364390	0.024500	0.412526	0.000000	0.536831	0.000000	0.746754	0.000000	0.712529	0.000000	0.625135	0.000000	0.694003	0.000000	0.647089	0.000000	0.432205	1.399450	1.581970	1.422190	0.895981	0.146731	1.138470	0.556902	0.739376	0.000000	25.066500	0.000000	0.000000	495.527000	58.962400	16.126500	0.000000	2.662800	0.000000	0.921769	0.656378	0.782887	0.585385	0.515544	
    9	93.960000	84.990000	75.000000	65.100000	64.890000	65.180000	75.200000	95.000000	107.990000	87.800000	69.390000	50.000000	33.200000	33.200000	29.800000	14.000000	64.780000	84.990000	116.490000	125.010000	122.110000	116.920000	107.740000	87.220000	60.000000	14.680800	24.840500	25.039400	25.247500	27.286000	35.543700	35.000800	7.444480	21.992300	51.567300	50.987100	43.717400	51.289900	51.204700	66.387600	72.321600	65.914400	21.597300	38.834400	4.373600	5.430690	12.169000	12.940000	93.960000	97.913400	91.156700	91.094700	99.340600	93.615300	98.350200	118.504000	142.884000	115.709000	79.379700	63.281500	52.609400	55.047700	54.422400	63.635400	91.993700	94.022700	110.018000	140.089000	128.150000	128.465000	111.909000	99.532900	80.200000	87.861900	84.056700	76.598800	82.561400	77.807200	88.767000	111.370000	146.226000	118.908000	98.020900	78.521200	68.443500	68.013200	63.003700	57.805700	90.293600	109.425000	123.578000	142.053000	125.361000	129.662000	111.788000	97.673500	0.765000	0.000000	0.491842	0.000000	0.431839	0.000000	0.372236	0.000000	0.372528	0.000000	0.399557	0.000000	0.437234	0.000000	0.504253	0.068300	0.419558	0.183000	0.321566	0.338700	49.680000	67.595000	61.243400	70.042400	79.432600	119.095000	119.825000	90.217100	95.401500	82.973400	85.359200	83.601300	0.205772	0.671200	0.105890	1.294000	0.029186	0.799800	0.000000	0.564400	0.011454	0.248800	0.069991	0.088100	0.153668	0.012000	0.276141	0.000000	0.399147	0.000000	0.474137	0.000000	0.512576	0.000000	0.527881	0.000000	0.495267	0.000000	0.443494	0.000000	0.432205	0.000000	0.000000	0.505156	0.607217	1.600920	0.000000	0.654310	0.683970	1.148560	3.349950	0.000000	0.000000	223.363000	24.721300	2.270770	3.714470	0.000000	0.000000	0.771249	0.609675	0.576409	0.638082	0.422954	
   10	93.960000	84.990000	75.000000	65.100000	64.890000	65.180000	75.200000	95.000000	107.990000	87.800000	69.390000	50.000000	33.200000	33.200000	29.800000	14.000000	64.780000	84.990000	116.490000	125.010000	122.110000	116.920000	107.740000	87.220000	60.000000	25.292800	23.192800	23.014700	31.224900	31.562000	44.597800	58.422900	17.361000	24.582600	46.215000	52.707300	46.802800	54.174700	58.422500	63.892600	73.288200	65.445500	29.206400	42.974100	25.126700	20.681300	13.870900	17.284600	93.960000	88.548200	81.770700	84.280100	85.099300	78.160400	93.338200	108.979000	108.967000	73.523400	72.801200	53.868100	45.637400	48.718200	51.880300	63.941300	77.564500	97.960200	118.536000	110.857000	124.359000	135.279000	110.278000	94.265500	80.200000	82.934200	68.085900	67.254400	68.521600	66.970500	88.122700	103.484000	121.124000	99.787400	70.330300	43.090800	48.967700	45.064000	39.371900	47.091500	69.344400	91.547300	110.758000	113.209000	121.049000	151.993000	107.725000	100.578000	0.765000	0.000000	0.553102	0.000000	0.499477	0.000000	0.439851	0.000000	0.452780	0.000000	0.476262	0.000000	0.481086	0.000000	0.467410	0.071600	0.377079	0.318400	0.338611	0.524200	49.680000	65.938300	59.822700	64.569600	73.660300	103.835000	112.558000	150.809000	147.985000	128.581000	115.453000	108.979000	0.226889	0.469700	0.193776	0.624200	0.076067	0.670200	0.073756	0.606600	0.100813	0.398100	0.245885	0.168700	0.364390	0.024500	0.412526	0.000000	0.522845	0.000000	0.494498	0.000000	0.572378	0.000000	0.590079	0.000000	0.593041	0.000000	0.564331	0.000000	0.432205	0.494169	0.772105	1.575140	1.701480	0.906071	1.127470	0.816366	0.734430	1.995620	8.732600	12.464200	6.157320	250.331000	3.301640	0.000000	21.051700	0.260472	20.135200	0.038896	0.330403	0.670025	0.829244	0.645870	
   11	93.960000	84.990000	75.000000	65.100000	64.890000	65.180000	75.200000	95.000000	107.990000	87.800000	69.390000	50.000000	33.200000	33.200000	29.800000	14.000000	64.780000	84.990000	116.490000	125.010000	122.110000	116.920000	107.740000	87.220000	60.000000	14.680800	24.840500	25.039400	25.247500	27.286000	35.543700	35.000800	7.444480	21.992300	51.567300	50.987100	43.717400	51.289900	51.204700	66.387600	72.321600	65.914400	21.597300	38.834400	4.373600	5.430690	12.169000	12.940000	93.960000	90.127200	85.032200	83.032800	86.950600	84.059100	91.592800	115.166000	112.973000	92.349500	78.627100	55.370900	55.238800	60.247500	65.132200	76.798400	73.530900	84.095700	102.324000	98.371500	105.869000	108.131000	99.988700	91.991100	80.200000	69.745000	57.827200	55.088100	60.498000	51.706700	69.529600	89.021100	104.599000	85.430000	68.771000	60.700700	61.318000	66.296500	62.121900	70.060200	66.900200	85.201900	110.076000	111.799000	127.569000	126.368000	109.562000	89.141800	0.765000	0.000000	0.643987	0.000000	0.628659	0.000000	0.579277	0.000000	0.566019	0.000000	0.602297	0.000000	0.627544	0.000000	0.606992	0.077000	0.574624	0.328500	0.530986	0.349000	49.680000	95.267900	94.335500	106.783000	114.847000	146.826000	88.744500	122.573000	108.934000	106.593000	110.907000	109.382000	0.461930	0.515500	0.401241	0.697600	0.356367	0.627800	0.343208	0.296000	0.374719	0.284300	0.435037	0.141100	0.529142	0.009000	0.616031	0.000000	0.693491	0.000000	0.755070	0.000000	0.816352	0.000000	0.855173	0.000000	0.810001	0.000000	0.732062	0.000000	0.432205	0.000000	0.176631	0.074850	0.000000	0.000000	0.000000	0.097437	0.375634	1.197330	0.000000	6.092180	35.840800	346.793000	132.059000	31.300400	0.000000	0.645894	22.439100	0.710590	0.654174	0.635998	0.739082	0.605159	
   12	93.960000	84.990000	75.000000	65.100000	64.890000	65.180000	75.200000	95.000000	107.990000	87.800000	69.390000	50.000000	33.200000	33.200000	29.800000	14.000000	64.780000	84.990000	116.490000	125.010000	122.110000	116.920000	107.740000	87.220000	60.000000	23.666900	21.913300	24.279800	25.192000	27.776000	41.181300	72.737200	7.434660	28.412900	40.883600	48.884500	44.363300	51.410800	55.292800	63.914800	69.217100	61.206300	44.669700	38.834400	4.373600	5.430690	12.169000	12.940000	93.960000	91.684400	81.794200	84.547800	78.177600	78.809900	92.502200	109.392000	106.433000	78.186400	74.504600	52.054100	45.919800	49.360200	51.035400	63.756000	77.883000	93.093600	114.304000	117.799000	119.916000	110.654000	104.609000	101.304000	80.200000	82.979100	72.768300	66.725800	71.894600	63.997100	87.359700	107.737000	120.598000	96.612600	82.886100	45.218000	46.798500	43.151100	39.573500	49.605200	69.090600	89.639800	108.209000	118.621000	117.824000	116.467000	109.069000	106.566000	0.765000	0.000000	0.556163	0.000000	0.507220	0.000000	0.438455	0.000000	0.420568	0.000000	0.451771	0.000000	0.461781	0.000000	0.467067	0.062400	0.431522	0.289500	0.323840	0.465900	49.680000	56.954100	62.012800	72.064300	80.536600	105.234000	108.345000	132.777000	127.824000	116.095000	114.339000	108.576000	0.229353	0.691200	0.175860	0.635100	0.074095	0.681900	0.125534	0.533000	0.100813	0.495500	0.248920	0.263400	0.361772	0.027300	0.501176	0.000000	0.625237	0.000000	0.695373	0.000000	0.747092	0.000000	0.749683	0.000000	0.693725	0.000000	0.660636	0.000000	0.432205	0.832048	1.162310	1.028950	1.112740	0.684480	0.515063	0.397783	0.229519	2.068240	6.532720	2.544040	0.000000	232.052000	37.102600	0.000000	1.109510	0.391184	0.000000	1.045650	0.602172	0.593686	0.681134	0.754310	
   13	93.960000	84.990000	75.000000	65.100000	64.890000	65.180000	75.200000	95.000000	107.990000	87.800000	69.390000	50.000000	33.200000	33.200000	29.800000	14.000000	64.780000	84.990000	116.490000	125.010000	122.110000	116.920000	107.740000	87.220000	60.000000	25.292800	23.192800	23.014700	31.224900	31.562000	44.597800	58.422900	17.361000	24.582600	46.215000	52.707300	46.802800	54.174700	58.422500	63.892600	73.288200	65.445500	29.206400	42.974100	25.126700	20.681300	13.870900	17.284600	93.960000	96.811300	83.596800	90.774800	88.678200	85.429600	97.691900	110.901000	113.306000	97.695100	56.509500	47.887800	46.225000	50.533000	53.280500	58.586800	76.416300	71.191700	110.017000	114.152000	123.667000	127.970000	107.703000	106.903000	80.200000	77.052700	68.178400	53.728500	58.447500	62.117900	81.695100	107.021000	120.914000	85.079700	64.407400	50.992900	38.793300	34.791200	28.406700	38.240600	58.520300	74.421200	115.897000	120.651000	121.606000	128.533000	107.690000	103.454000	0.765000	0.000000	0.561197	0.000000	0.519572	0.000000	0.461849	0.000000	0.461049	0.000000	0.477088	0.000000	0.528514	0.000000	0.443446	0.069600	0.413757	0.273200	0.276672	0.457900	49.680000	56.777400	54.397400	63.033600	68.413200	87.836300	88.966400	125.105000	127.906000	114.508000	121.714000	123.815000	0.248623	0.597400	0.152344	0.494500	0.000000	0.642700	0.000000	0.494400	0.076195	0.385200	0.168853	0.229200	0.310226	0.024100	0.486143	0.000000	0.609614	0.000000	0.672274	0.000000	0.730493	0.000000	0.767725	0.000000	0.584908	0.000000	0.517547	0.000000	0.432205	0.898551	1.009320	0.903578	1.016990	0.737436	0.954057	0.585069	0.556350	0.545775	9.259670	0.930644	0.000000	175.135000	20.351900	0.000000	7.141660	0.000000	6.128310	0.992014	0.569695	0.461497	0.374777	0.443403	
   14	93.960000	84.990000	75.000000	65.100000	64.890000	65.180000	75.200000	95.000000	107.990000	87.800000	69.390000	50.000000	33.200000	33.200000	29.800000	14.000000	64.780000	84.990000	116.490000	125.010000	122.110000	116.920000	107.740000	87.220000	60.000000	25.292800	23.192800	23.014700	31.224900	31.562000	44.597800	58.422900	17.361000	24.582600	46.215000	52.707300	46.802800	54.174700	58.422500	63.892600	73.288200	65.445500	29.206400	42.974100	25.126700	20.681300	13.870900	17.284600	93.960000	88.548200	81.770700	84.280100	85.099300	78.160400	93.338200	108.979000	108.967000	73.523400	72.801200	53.868100	45.637400	48.718200	51.880300	63.941300	77.564500	97.960200	118.536000	110.857000	124.359000	135.279000	110.278000	94.265500	80.200000	82.934200	68.085900	67.254400	68.521600	66.970500	88.122700	103.484000	121.124000	99.787400	70.330300	43.090800	48.967700	45.064000	39.371900	47.091500	69.344400	91.547300	110.758000	113.209000	121.049000	151.993000	107.725000	100.578000	0.765000	0.000000	0.553102	0.000000	0.499477	0.000000	0.439851	0.000000	0.452780	0.000000	0.476262	0.000000	0.481086	0.000000	0.467410	0.071600	0.377079	0.318400	0.338611	0.524200	49.680000	65.938300	59.822700	64.569600	73.660300	103.835000	112.558000	150.809000	147.985000	128.581000	115.453000	108.979000	0.226889	0.469700	0.193776	0.624200	0.076067	0.670200	0.073756	0.606600	0.100813	0.398100	0.245885	0.168700	0.364390	0.024500	0.412526	0.000000	0.536831	0.000000	0.746754	0.000000	0.802242	0.000000	0.928507	0.000000	0.954423	0.000000	0.968926	0.000000	0.432205	1.168350	1.270710	1.369290	1.475340	0.791330	1.142200	0.721356	0.799182	0.629781	14.563500	0.000000	0.000000	400.429000	41.783300	3.458500	0.185529	1.478780	0.000000	0.738950	0.871873	0.698343	0.354719	0.424407	
   15	93.960000	84.990000	75.000000	65.100000	64.890000	65.180000	75.200000	95.000000	107.990000	87.800000	69.390000	50.000000	33.200000	33.200000	29.800000	14.000000	64.780000	84.990000	116.490000	125.010000	122.110000	116.920000	107.740000	87.220000	60.000000	25.292800	23.192800	23.014700	31.224900	31.562000	44.597800	58.422900	17.361000	24.582600	46.215000	52.707300	46.802800	54.174700	58.422500	63.892600	73.288200	65.445500	29.206400	42.974100	25.126700	20.681300	13.870900	17.284600	93.960000	88.548200	81.770700	84.280100	85.099300	78.160400	93.338200	108.979000	108.967000	73.523400	72.801200	53.868100	45.637400	48.718200	51.880300	63.941300	77.564500	97.960200	118.536000	110.857000	124.359000	135.279000	110.278000	94.265500	80.200000	82.934200	68.085900	67.254400	68.521600	66.970500	88.122700	103.484000	121.124000	99.787400	70.330300	43.090800	48.967700	45.064000	39.371900	47.091500	69.344400	91.547300	110.758000	113.209000	121.049000	151.993000	107.725000	100.578000	0.765000	0.000000	0.553102	0.000000	0.499477	0.000000	0.439851	0.000000	0.452780	0.000000	0.476262	0.000000	0.481086	0.000000	0.467410	0.071600	0.377079	0.318400	0.338611	0.524200	49.680000	65.938300	59.822700	64.569600	73.660300	103.835000	112.558000	150.809000	147.985000	128.581000	115.453000	108.979000	0.226889	0.469700	0.193776	0.624200	0.076067	0.670200	0.073756	0.606600	0.100813	0.398100	0.245885	0.168700	0.364390	0.024500	0.412526	0.000000	0.522845	0.000000	0.494498	0.000000	0.572378	0.000000	0.590079	0.000000	0.576867	0.000000	0.547885	0.000000	0.432205	0.665387	1.226210	0.842510	0.804022	0.847440	1.431000	0.685808	0.655364	0.000000	13.979900	17.928300	0.000000	68.085700	51.659900	0.000000	11.642200	1.953940	45.030300	0.419144	0.505383	0.480120	0.518237	0.604982	
   16	93.960000	84.990000	75.000000	65.100000	64.890000	65.180000	75.200000	95.000000	107.990000	87.800000	69.390000	50.000000	33.200000	33.200000	29.800000	14.000000	64.780000	84.990000	116.490000	125.010000	122.110000	116.920000	107.740000	87.220000	60.000000	23.666900	21.913300	24.279800	25.192000	27.776000	41.181300	72.737200	7.434660	28.412900	40.883600	48.884500	44.363300	51.410800	55.292800	63.914800	69.217100	61.206300	44.669700	38.834400	4.373600	5.430690	12.169000	12.940000	93.960000	91.684400	81.794200	84.547800	78.177600	78.809900	92.502200	109.392000	106.433000	78.186400	74.504600	52.054100	45.919800	49.360200	51.035400	63.756000	77.883000	93.093600	114.304000	117.799000	119.916000	110.654000	104.609000	101.304000	80.200000	82.979100	72.768300	66.725800	71.894600	63.997100	87.359700	107.737000	120.598000	96.612600	82.886100	45.218000	46.798500	43.151100	39.573500	49.605200	69.090600	89.639800	108.209000	118.621000	117.824000	116.467000	109.069000	106.566000	0.765000	0.000000	0.556163	0.000000	0.507220	0.000000	0.438455	0.000000	0.420568	0.000000	0.451771	0.000000	0.461781	0.000000	0.467067	0.062400	0.431522	0.289500	0.323840	0.465900	49.680000	56.954100	62.012800	72.064300	80.536600	105.234000	108.345000	132.777000	127.824000	116.095000	114.339000	108.576000	0.229353	0.691200	0.175860	0.635100	0.074095	0.681900	0.125534	0.533000	0.100813	0.495500	0.248920	0.263400	0.361772	0.027300	0.501176	0.000000	0.625237	0.000000	0.695373	0.000000	0.747092	0.000000	0.749683	0.000000	0.693725	0.000000	0.642414	0.000000	0.432205	1.428730	1.430790	0.841936	0.996111	0.628133	1.260400	0.650223	0.580208	1.262260	4.097540	0.000000	0.000000	326.070000	30.936200	12.104600	0.000000	0.860258	0.000000	0.622871	0.665526	0.619562	0.629219	0.634596	
   17	93.960000	84.990000	75.000000	65.100000	64.890000	65.180000	75.200000	95.000000	107.990000	87.800000	69.390000	50.000000	33.200000	33.200000	29.800000	14.000000	64.780000	84.990000	116.490000	125.010000	122.110000	116.920000	107.740000	87.220000	60.000000	14.680800	24.840500	25.039400	25.247500	27.286000	35.543700	35.000800	7.444480	21.992300	51.567300	50.987100	43.717400	51.289900	51.204700	66.387600	72.321600	65.914400	21.597300	38.834400	4.373600	5.430690	12.169000	12.940000	93.960000	84.174200	80.152700	78.250400	80.888600	75.825200	90.740700	87.385700	101.533000	68.376200	69.095500	53.784300	50.737100	54.795500	57.411500	68.985200	75.357500	80.981100	92.355900	97.500500	97.146800	112.282000	92.979800	92.057400	80.200000	86.037100	62.217800	57.376200	63.462800	68.438600	86.375000	85.923000	115.812000	83.553200	64.589900	37.769200	46.246700	46.754400	41.750400	53.270700	73.800300	82.999300	80.634200	90.326200	94.858900	109.007000	88.402100	82.089200	0.765000	0.000000	0.688163	0.000000	0.638856	0.000000	0.569111	0.000000	0.581739	0.000000	0.606824	0.000000	0.572536	0.000000	1.070140	0.048700	0.986979	0.248000	0.889973	0.330800	49.680000	69.356400	73.297500	85.649900	92.990300	115.999000	125.196000	150.809000	122.543000	106.037000	107.878000	108.664000	0.790732	0.508600	0.703355	0.561600	0.635246	0.485700	0.591283	0.250700	0.600637	0.290900	0.672362	0.158700	0.756788	0.020800	0.812714	0.000000	0.860449	0.000000	0.871441	0.000000	0.831100	0.000000	0.743420	0.000000	0.742100	0.000000	0.680773	0.000000	0.432205	0.279058	0.438340	0.289758	0.000000	0.444888	0.439817	2.464990	0.294779	0.000000	7.028890	0.000000	0.000000	500.239000	32.644200	1.729250	12.134000	0.000000	586.007000	1.854170	0.321444	0.688035	0.722374	0.673335	
   18	93.960000	84.990000	75.000000	65.100000	64.890000	65.180000	75.200000	95.000000	107.990000	87.800000	69.390000	50.000000	33.200000	33.200000	29.800000	14.000000	64.780000	84.990000	116.490000	125.010000	122.110000	116.920000	107.740000	87.220000	60.000000	14.680800	24.840500	25.039400	25.247500	27.286000	35.543700	35.000800	7.444480	21.992300	51.567300	50.987100	43.717400	51.289900	51.204700	66.387600	72.321600	65.914400	21.597300	38.834400	4.373600	5.430690	12.169000	12.940000	93.960000	83.833300	92.866900	76.950300	63.229000	81.543600	97.947800	117.760000	126.987000	107.181000	81.239400	64.066800	25.955300	9.825530	7.599250	27.447400	50.023900	44.816200	105.674000	115.719000	106.535000	111.081000	98.238000	95.424600	80.200000	79.418700	77.507900	60.735600	54.522000	73.168400	89.595900	114.548000	132.405000	115.464000	86.967500	66.777400	31.190900	15.441700	6.328260	20.900300	43.990500	53.988300	101.611000	105.088000	122.785000	123.905000	110.636000	101.011000	0.765000	0.000000	0.562657	0.000000	0.678570	0.000000	0.566572	0.000000	0.464430	0.000000	0.399462	0.000000	0.551841	0.000000	0.629793	0.074700	0.561174	0.514200	0.434208	0.646400	49.680000	83.942600	79.903400	89.787000	97.572600	149.691000	153.949000	167.133000	150.840000	137.974000	139.334000	126.874000	0.305900	0.521400	0.207280	0.663400	0.193398	0.579000	0.194601	0.987100	0.244204	0.690600	0.337966	0.383800	0.458839	0.037600	0.554899	0.000000	0.646255	0.000000	0.730960	0.000000	0.765917	0.000000	0.748864	0.000000	0.676980	0.000000	0.609998	0.000000	0.432205	1.235820	0.879768	0.794231	1.974440	0.000000	0.906452	0.442244	0.710544	0.000000	0.000000	1.242990	0.000000	520.060000	58.159900	15.579400	0.000000	0.000000	6.130420	0.000000	0.498274	0.534725	0.390255	0.559913	
   19	93.960000	84.990000	75.000000	65.100000	64.890000	65.180000	75.200000	95.000000	107.990000	87.800000	69.390000	50.000000	33.200000	33.200000	29.800000	14.000000	64.780000	84.990000	116.490000	125.010000	122.110000	116.920000	107.740000	87.220000	60.000000	25.292800	23.192800	23.014700	31.224900	31.562000	44.597800	58.422900	17.361000	24.582600	46.215000	52.707300	46.802800	54.174700	58.422500	63.892600	73.288200	65.445500	29.206400	42.974100	25.126700	20.681300	13.870900	17.284600	93.960000	96.811300	83.596800	90.774800	88.678200	85.429600	97.691900	110.901000	113.306000	97.695100	56.509500	47.887800	46.225000	50.533000	53.280500	58.586800	76.416300	71.191700	110.017000	114.152000	123.667000	127.970000	107.703000	106.903000	80.200000	77.052700	68.178400	53.728500	58.447500	62.117900	81.695100	107.021000	120.914000	85.079700	64.407400	50.992900	38.793300	34.791200	28.406700	38.240600	58.520300	74.421200	115.897000	120.651000	121.606000	128.533000	107.690000	103.454000	0.765000	0.000000	0.561197	0.000000	0.519572	0.000000	0.461849	0.000000	0.461049	0.000000	0.477088	0.000000	0.528514	0.000000	0.443446	0.069600	0.413757	0.273200	0.276672	0.457900	49.680000	46.033400	56.257400	61.458100	67.515800	98.727300	124.197000	112.402000	114.162000	108.015000	105.278000	89.566800	0.205772	0.692800	0.105890	0.878600	0.029186	0.983600	0.000000	1.125100	0.159913	0.553300	0.228533	0.255700	0.365376	0.021600	0.487996	0.000000	0.587842	0.000000	0.676634	0.000000	0.720132	0.000000	0.719860	0.000000	0.701038	0.000000	0.726433	0.000000	0.432205	1.018080	0.947446	0.921983	0.951043	0.713685	0.912411	0.654310	0.683970	1.148560	3.349950	0.000000	0.000000	223.363000	57.997200	0.000000	6.593600	0.000000	0.000000	0.644854	0.036006	0.536998	0.687094	0.918775	
   20	93.960000	84.990000	75.000000	65.100000	64.890000	65.180000	75.200000	95.000000	107.990000	87.800000	69.390000	50.000000	33.200000	33.200000	29.800000	14.000000	64.780000	84.990000	116.490000	125.010000	122.110000	116.920000	107.740000	87.220000	60.000000	14.680800	24.840500	25.039400	25.247500	27.286000	35.543700	35.000800	7.444480	21.992300	51.567300	50.987100	43.717400	51.289900	51.204700	66.387600	72.321600	65.914400	21.597300	38.834400	4.373600	5.430690	12.169000	12.940000	93.960000	103.859000	109.056000	106.900000	104.457000	103.951000	93.465600	111.823000	119.794000	91.517100	64.296100	29.755400	25.955300	9.825530	7.599250	27.447400	50.023900	44.816200	105.674000	115.719000	106.535000	111.081000	98.238000	95.424600	80.200000	79.498100	65.279900	75.093200	73.809200	65.487700	93.043100	124.124000	130.033000	95.948700	79.385100	49.147000	31.190900	15.441700	6.328260	20.900300	43.990500	53.988300	101.611000	105.088000	122.785000	123.905000	110.636000	101.011000	0.765000	0.000000	0.551236	0.000000	0.485817	0.000000	0.420699	0.000000	0.417621	0.000000	0.438310	0.000000	0.561022	0.000000	0.571942	0.054100	0.526755	0.127100	0.456036	0.270000	49.680000	44.116300	40.068200	46.798600	65.310600	85.604100	68.971900	143.705000	127.536000	118.660000	115.202000	112.577000	0.350812	0.448200	0.244717	0.541900	0.193398	0.463200	0.194601	0.333700	0.244204	0.402600	0.337966	0.157000	0.458839	0.013100	0.554899	0.000000	0.646255	0.000000	0.730960	0.000000	0.765917	0.000000	0.748864	0.000000	0.676980	0.000000	0.609998	0.000000	0.432205	1.081940	0.729123	0.786547	0.997935	0.447515	0.598209	0.740661	0.672488	0.469385	11.265900	0.000000	0.000000	520.060000	58.159900	15.579400	0.000000	0.000000	6.130420	0.000000	0.498274	0.534725	0.390255	0.559913	
   21	93.960000	84.990000	75.000000	65.100000	64.890000	65.180000	75.200000	95.000000	107.990000	87.800000	69.390000	50.000000	33.200000	33.200000	29.800000	14.000000	64.780000	84.990000	116.490000	125.010000	122.110000	116.920000	107.740000	87.220000	60.000000	25.292800	23.192800	23.014700	31.224900	31.562000	44.597800	58.422900	17.361000	24.582600	46.215000	52.707300	46.802800	54.174700	58.422500	63.892600	73.288200	65.445500	29.206400	42.974100	25.126700	20.681300	13.870900	17.284600	93.960000	96.811300	83.596800	90.774800	88.678200	85.429600	97.691900	110.901000	113.306000	97.695100	56.509500	47.887800	46.225000	50.533000	53.280500	58.586800	76.416300	71.191700	110.017000	114.152000	123.667000	127.970000	107.703000	106.903000	80.200000	77.052700	68.178400	53.728500	58.447500	62.117900	81.695100	107.021000	120.914000	85.079700	64.407400	50.992900	38.793300	34.791200	28.406700	38.240600	58.520300	74.421200	115.897000	120.651000	121.606000	128.533000	107.690000	103.454000	0.765000	0.000000	0.561197	0.000000	0.519572	0.000000	0.461849	0.000000	0.461049	0.000000	0.477088	0.000000	0.528514	0.000000	0.443446	0.069600	0.413757	0.273200	0.276672	0.457900	49.680000	66.415100	63.862300	74.608000	77.510800	104.829000	139.390000	132.072000	139.491000	114.049000	114.560000	103.493000	0.252810	0.551900	0.186479	1.121900	0.117180	0.773100	0.054413	0.701500	0.060021	0.654700	0.074074	0.137300	0.092068	0.015400	0.180072	0.000000	0.341426	0.000000	0.474837	0.000000	0.550212	0.000000	0.554091	0.000000	0.486787	0.000000	0.398545	0.000000	0.432205	0.820522	1.069340	0.835005	1.406630	1.361700	0.971492	0.608977	0.758917	1.532730	4.236460	0.000000	0.000000	307.878000	0.000000	2.518920	4.492140	0.000000	0.000000	0.806176	0.757599	0.653652	0.525716	0.405250	
   22	93.960000	84.990000	75.000000	65.100000	64.890000	65.180000	75.200000	95.000000	107.990000	87.800000	69.390000	50.000000	33.200000	33.200000	29.800000	14.000000	64.780000	84.990000	116.490000	125.010000	122.110000	116.920000	107.740000	87.220000	60.000000	25.292800	23.192800	23.014700	31.224900	31.562000	44.597800	58.422900	17.361000	24.582600	46.215000	52.707300	46.802800	54.174700	58.422500	63.892600	73.288200	65.445500	29.206400	42.974100	25.126700	20.681300	13.870900	17.284600	93.960000	96.811300	83.596800	90.774800	88.678200	85.429600	97.691900	110.901000	113.306000	97.695100	56.509500	47.887800	46.225000	50.533000	53.280500	58.586800	76.416300	71.191700	110.017000	114.152000	123.667000	127.970000	107.703000	106.903000	80.200000	77.052700	68.178400	53.728500	58.447500	62.117900	81.695100	107.021000	120.914000	85.079700	64.407400	50.992900	38.793300	34.791200	28.406700	38.240600	58.520300	74.421200	115.897000	120.651000	121.606000	128.533000	107.690000	103.454000	0.765000	0.000000	0.561197	0.000000	0.519572	0.000000	0.461849	0.000000	0.461049	0.000000	0.477088	0.000000	0.528514	0.000000	0.443446	0.069600	0.413757	0.273200	0.276672	0.457900	49.680000	67.346600	69.753100	71.617800	80.086000	106.604000	100.010000	113.878000	125.709000	119.083000	115.132000	105.875000	0.184754	0.931000	0.125516	1.041600	0.101366	0.841500	0.100609	0.929700	0.153070	0.599200	0.260373	0.162900	0.422451	0.027000	0.579936	0.000000	0.655951	0.000000	0.672928	0.000000	0.684797	0.000000	0.696234	0.000000	0.659982	0.000000	0.599489	0.000000	0.432205	1.043480	1.298690	0.064900	0.000000	0.310074	0.932465	0.830266	0.724698	0.000000	0.833906	0.000000	0.000000	313.965000	148.409000	83.093000	0.000000	0.000000	0.000000	0.724066	0.708152	0.740974	0.651544	0.578694	
   23	93.960000	84.990000	75.000000	65.100000	64.890000	65.180000	75.200000	95.000000	107.990000	87.800000	69.390000	50.000000	33.200000	33.200000	29.800000	14.000000	64.780000	84.990000	116.490000	125.010000	122.110000	116.920000	107.740000	87.220000	60.000000	14.680800	24.840500	25.039400	25.247500	27.286000	35.543700	35.000800	7.444480	21.992300	51.567300	50.987100	43.717400	51.289900	51.204700	66.387600	72.321600	65.914400	21.597300	38.834400	4.373600	5.430690	12.169000	12.940000	93.960000	83.511500	81.815200	79.945900	81.159200	72.088300	88.879800	104.167000	105.803000	86.481100	72.400000	55.453500	46.070800	45.870100	62.011300	64.791600	82.018500	87.831800	122.286000	123.549000	132.044000	137.242000	119.251000	118.812000	80.200000	99.199800	92.384600	79.655800	88.292700	87.024000	97.590000	124.435000	125.888000	105.693000	83.025200	64.402800	55.181500	50.708300	69.270900	31.016700	59.246500	72.353500	102.743000	102.117000	108.710000	116.931000	94.637100	95.337800	0.765000	0.000000	0.481059	0.000000	0.400961	0.000000	0.348044	0.000000	0.354254	0.000000	0.388066	0.000000	0.418261	0.000000	0.414070	0.050000	0.343612	0.159300	0.258007	0.230500	49.680000	96.377100	90.727200	99.566800	105.514000	131.365000	142.276000	153.509000	168.081000	157.141000	137.264000	130.210000	0.167385	0.422700	0.114635	0.284600	0.139295	0.357900	0.210616	0.309700	0.308834	0.449600	0.237979	0.149100	0.329727	0.018500	0.418552	0.000000	0.533979	0.000000	0.631664	0.000000	0.696072	0.000000	0.726169	0.000000	0.693725	0.000000	0.639702	0.000000	0.432205	0.797194	0.950588	1.164450	1.955730	0.833541	0.682327	0.584512	0.000000	1.521820	9.339980	3.008870	0.000000	446.542000	49.386100	0.000000	7.081380	0.520228	0.000000	0.622871	0.665526	0.619562	0.629219	0.634596	
   24	93.960000	84.990000	75.000000	65.100000	64.890000	65.180000	75.200000	95.000000	107.990000	87.800000	69.390000	50.000000	33.200000	33.200000	29.800000	14.000000	64.780000	84.990000	116.490000	125.010000	122.110000	116.920000	107.740000	87.220000	60.000000	25.292800	23.192800	23.014700	31.224900	31.562000	44.597800	58.422900	17.361000	24.582600	46.215000	52.707300	46.802800	54.174700	58.422500	63.892600	73.288200	65.445500	29.206400	42.974100	25.126700	20.681300	13.870900	17.284600	93.960000	96.811300	83.596800	90.774800	88.678200	85.429600	97.691900	110.901000	113.306000	97.695100	56.509500	47.887800	46.225000	50.533000	53.280500	58.586800	76.416300	71.191700	110.017000	114.152000	123.667000	127.970000	107.703000	106.903000	80.200000	77.052700	68.178400	53.728500	58.447500	62.117900	81.695100	107.021000	120.914000	85.079700	64.407400	50.992900	38.793300	34.791200	28.406700	38.240600	58.520300	74.421200	115.897000	120.651000	121.606000	128.533000	107.690000	103.454000	0.765000	0.000000	0.561197	0.000000	0.519572	0.000000	0.461849	0.000000	0.461049	0.000000	0.477088	0.000000	0.528514	0.000000	0.443446	0.069600	0.413757	0.273200	0.276672	0.457900	49.680000	46.033400	56.257400	61.458100	67.515800	98.727300	124.197000	112.402000	114.162000	108.015000	105.278000	89.566800	0.205772	0.692800	0.105890	0.878600	0.029186	0.983600	0.281595	1.335100	0.309987	0.879000	0.447158	0.316400	0.604298	0.021100	0.729885	0.000000	0.803837	0.000000	0.842603	0.000000	0.852109	0.000000	0.860321	0.000000	0.775548	0.000000	0.729502	0.000000	0.432205	1.391640	1.812870	1.436220	8.444770	0.000000	0.319505	0.377253	0.213097	0.185499	0.000000	13.303800	23.581000	117.143000	19.345900	16.855100	0.000000	0.000000	14.071800	0.000000	0.446071	0.544597	0.480227	2.005180	
   25	93.960000	84.990000	75.000000	65.100000	64.890000	65.180000	75.200000	95.000000	107.990000	87.800000	69.390000	50.000000	33.200000	33.200000	29.800000	14.000000	64.780000	84.990000	116.490000	125.010000	122.110000	116.920000	107.740000	87.220000	60.000000	25.292800	23.192800	23.014700	31.224900	31.562000	44.597800	58.422900	17.361000	24.582600	46.215000	52.707300	46.802800	54.174700	58.422500	63.892600	73.288200	65.445500	29.206400	42.974100	25.126700	20.681300	13.870900	17.284600	93.960000	88.548200	81.770700	84.280100	85.099300	78.160400	93.338200	108.979000	108.967000	73.523400	72.801200	53.868100	45.637400	48.718200	51.880300	63.941300	77.564500	97.960200	118.536000	110.857000	124.359000	135.279000	110.278000	94.265500	80.200000	82.934200	68.085900	67.254400	68.521600	66.970500	88.122700	103.484000	121.124000	99.787400	70.330300	43.090800	48.967700	45.064000	39.371900	47.091500	69.344400	91.547300	110.758000	113.209000	121.049000	151.993000	107.725000	100.578000	0.765000	0.000000	0.553102	0.000000	0.499477	0.000000	0.439851	0.000000	0.452780	0.000000	0.476262	0.000000	0.481086	0.000000	0.467410	0.071600	0.377079	0.318400	0.338611	0.524200	49.680000	65.938300	59.822700	64.569600	73.660300	103.835000	112.558000	150.809000	147.985000	128.581000	115.453000	108.979000	0.226889	0.469700	0.193776	0.624200	0.076067	0.670200	0.073756	0.606600	0.100813	0.398100	0.245885	0.168700	0.364390	0.024500	0.412526	0.000000	0.536831	0.000000	0.746754	0.000000	0.712529	0.000000	0.625135	0.000000	0.571828	0.000000	0.526200	0.000000	0.432205	1.886800	2.028190	2.082660	2.802690	2.603150	2.639190	2.464990	0.294779	0.000000	7.028890	7.255110	0.000000	242.878000	17.686000	0.000000	4.043870	0.750264	16.592200	0.558145	0.724865	0.652663	0.857744	0.869694	
   26	93.960000	84.990000	75.000000	65.100000	64.890000	65.180000	75.200000	95.000000	107.990000	87.800000	69.390000	50.000000	33.200000	33.200000	29.800000	14.000000	64.780000	84.990000	116.490000	125.010000	122.110000	116.920000	107.740000	87.220000	60.000000	23.666900	21.913300	24.279800	25.192000	27.776000	41.181300	72.737200	7.434660	28.412900	40.883600	48.884500	44.363300	51.410800	55.292800	63.914800	69.217100	61.206300	44.669700	38.834400	4.373600	5.430690	12.169000	12.940000	93.960000	91.684400	81.794200	84.547800	78.177600	78.809900	92.502200	109.392000	106.433000	78.186400	74.504600	52.054100	45.919800	49.360200	51.035400	63.756000	77.883000	93.093600	114.304000	117.799000	119.916000	110.654000	104.609000	101.304000	80.200000	82.979100	72.768300	66.725800	71.894600	63.997100	87.359700	107.737000	120.598000	96.612600	82.886100	45.218000	46.798500	43.151100	39.573500	49.605200	69.090600	89.639800	108.209000	118.621000	117.824000	116.467000	109.069000	106.566000	0.765000	0.000000	0.556163	0.000000	0.507220	0.000000	0.438455	0.000000	0.420568	0.000000	0.451771	0.000000	0.461781	0.000000	0.467067	0.062400	0.431522	0.289500	0.323840	0.465900	49.680000	56.954100	62.012800	72.064300	80.536600	105.234000	108.345000	132.777000	127.824000	116.095000	114.339000	108.576000	0.229353	0.691200	0.175860	0.635100	0.074095	0.681900	0.125534	0.533000	0.100813	0.495500	0.248920	0.263400	0.361772	0.027300	0.501176	0.000000	0.625237	0.000000	0.695373	0.000000	0.747092	0.000000	0.749683	0.000000	0.693725	0.000000	0.660636	0.000000	0.432205	0.832048	1.162310	1.028950	1.112740	0.684480	0.515063	0.397783	0.229519	2.068240	6.532720	2.544040	0.000000	232.052000	37.102600	0.000000	1.109510	0.391184	0.000000	1.045650	0.602172	0.593686	0.681134	0.754310	
   27	93.960000	84.990000	75.000000	65.100000	64.890000	65.180000	75.200000	95.000000	107.990000	87.800000	69.390000	50.000000	33.200000	33.200000	29.800000	14.000000	64.780000	84.990000	116.490000	125.010000	122.110000	116.920000	107.740000	87.220000	60.000000	14.680800	24.840500	25.039400	25.247500	27.286000	35.543700	35.000800	7.444480	21.992300	51.567300	50.987100	43.717400	51.289900	51.204700	66.387600	72.321600	65.914400	21.597300	38.834400	4.373600	5.430690	12.169000	12.940000	93.960000	87.183700	79.776100	89.641100	83.322500	77.729900	91.764600	106.829000	112.747000	104.045000	77.882600	55.389000	48.412200	9.871620	9.457320	6.367460	44.214300	83.643500	102.890000	122.195000	122.009000	105.321000	107.214000	96.530100	80.200000	74.381500	63.860800	62.147500	60.904600	64.250300	83.141600	106.781000	123.457000	98.654500	54.375800	29.435800	30.455000	18.623700	14.235100	15.271400	57.667300	75.937700	107.012000	119.512000	122.386000	111.541000	107.229000	102.539000	0.765000	0.000000	0.640152	0.000000	0.562466	0.000000	0.476068	0.000000	0.469233	0.000000	0.512002	0.000000	0.533353	0.000000	0.521678	0.026200	0.455379	0.143200	0.358785	0.361500	49.680000	67.712400	63.634700	74.477800	75.436300	105.184000	127.005000	145.641000	140.963000	124.231000	119.817000	110.705000	0.227988	0.501100	0.146655	0.668300	0.127199	0.688000	0.000000	0.740800	0.048491	0.936200	0.148408	0.352300	0.299898	0.030400	0.453644	0.000000	0.578252	0.000000	0.684808	0.000000	0.778860	0.000000	0.829042	0.000000	0.799603	0.000000	0.741086	0.000000	0.432205	0.842669	0.950580	0.950888	0.819561	0.979478	0.692937	0.616854	0.749376	1.978020	14.574700	0.958911	0.000000	349.987000	2.736410	0.000000	14.021900	0.000000	48.529200	0.217374	0.842961	0.512433	0.530346	0.318925	
   28	93.960000	84.990000	75.000000	65.100000	64.890000	65.180000	75.200000	95.000000	107.990000	87.800000	69.390000	50.000000	33.200000	33.200000	29.800000	14.000000	64.780000	84.990000	116.490000	125.010000	122.110000	116.920000	107.740000	87.220000	60.000000	23.666900	21.913300	24.279800	25.192000	27.776000	41.181300	72.737200	7.434660	28.412900	40.883600	48.884500	44.363300	51.410800	55.292800	63.914800	69.217100	61.206300	44.669700	38.834400	4.373600	5.430690	12.169000	12.940000	93.960000	91.684400	81.794200	84.547800	78.177600	78.809900	92.502200	109.392000	106.433000	78.186400	74.504600	52.054100	45.919800	49.360200	51.035400	63.756000	77.883000	93.093600	114.304000	117.799000	119.916000	110.654000	104.609000	101.304000	80.200000	82.979100	72.768300	66.725800	71.894600	63.997100	87.359700	107.737000	120.598000	96.612600	82.886100	45.218000	46.798500	43.151100	39.573500	49.605200	69.090600	89.639800	108.209000	118.621000	117.824000	116.467000	109.069000	106.566000	0.765000	0.000000	0.556163	0.000000	0.507220	0.000000	0.438455	0.000000	0.420568	0.000000	0.451771	0.000000	0.461781	0.000000	0.467067	0.062400	0.431522	0.289500	0.323840	0.465900	49.680000	56.954100	62.012800	72.064300	80.536600	105.234000	108.345000	132.777000	127.824000	116.095000	114.339000	108.576000	0.229353	0.691200	0.175860	0.635100	0.074095	0.681900	0.125534	0.533000	0.100813	0.495500	0.248920	0.263400	0.361772	0.027300	0.501176	0.000000	0.625237	0.000000	0.695373	0.000000	0.747092	0.000000	0.749683	0.000000	0.693725	0.000000	0.642414	0.000000	0.432205	1.428730	1.430790	0.841936	0.996111	0.628133	1.260400	0.650223	0.580208	1.262260	4.097540	0.000000	0.000000	326.070000	30.936200	12.104600	0.000000	0.860258	0.000000	0.622871	0.665526	0.619562	0.629219	0.634596	
   29	93.960000	84.990000	75.000000	65.100000	64.890000	65.180000	75.200000	95.000000	107.990000	87.800000	69.390000	50.000000	33.200000	33.200000	29.800000	14.000000	64.780000	84.990000	116.490000	125.010000	122.110000	116.920000	107.740000	87.220000	60.000000	23.666900	21.913300	24.279800	25.192000	27.776000	41.181300	72.737200	7.434660	28.412900	40.883600	48.884500	44.363300	51.410800	55.292800	63.914800	69.217100	61.206300	44.669700	38.834400	4.373600	5.430690	12.169000	12.940000	93.960000	91.684400	81.794200	84.547800	78.177600	78.809900	92.502200	109.392000	106.433000	78.186400	74.504600	52.054100	45.919800	49.360200	51.035400	63.756000	77.883000	93.093600	114.304000	117.799000	119.916000	110.654000	104.609000	101.304000	80.200000	82.979100	72.768300	66.725800	71.894600	63.997100	87.359700	107.737000	120.598000	96.612600	82.886100	45.218000	46.798500	43.151100	39.573500	49.605200	69.090600	89.639800	108.209000	118.621000	117.824000	116.467000	109.069000	106.566000	0.765000	0.000000	0.556163	0.000000	0.507220	0.000000	0.438455	0.000000	0.420568	0.000000	0.451771	0.000000	0.461781	0.000000	0.467067	0.062400	0.431522	0.289500	0.323840	0.465900	49.680000	56.954100	62.012800	72.064300	80.536600	105.234000	108.345000	132.777000	127.824000	116.095000	114.339000	108.576000	0.229353	0.691200	0.175860	0.635100	0.074095	0.681900	0.125534	0.533000	0.100813	0.495500	0.248920	0.263400	0.361772	0.027300	0.501176	0.000000	0.625237	0.000000	0.695373	0.000000	0.747092	0.000000	0.749683	0.000000	0.693725	0.000000	0.642414	0.000000	0.432205	1.428730	1.430790	0.841936	0.996111	0.628133	1.260400	0.650223	0.580208	1.262260	4.097540	0.000000	0.000000	326.070000	30.936200	12.104600	0.000000	0.860258	0.000000	0.622871	0.665526	0.619562	0.629219	0.634596	
   30	93.960000	84.990000	75.000000	65.100000	64.890000	65.180000	75.200000	95.000000	107.990000	87.800000	69.390000	50.000000	33.200000	33.200000	29.800000	14.000000	64.780000	84.990000	116.490000	125.010000	122.110000	116.920000	107.740000	87.220000	60.000000	25.292800	23.192800	23.014700	31.224900	31.562000	44.597800	58.422900	17.361000	24.582600	46.215000	52.707300	46.802800	54.174700	58.422500	63.892600	73.288200	65.445500	29.206400	42.974100	25.126700	20.681300	13.870900	17.284600	93.960000	96.811300	83.596800	90.774800	88.678200	85.429600	97.691900	110.901000	113.306000	97.695100	56.509500	47.887800	46.225000	50.533000	53.280500	58.586800	76.416300	71.191700	110.017000	114.152000	123.667000	127.970000	107.703000	106.903000	80.200000	77.052700	68.178400	53.728500	58.447500	62.117900	81.695100	107.021000	120.914000	85.079700	64.407400	50.992900	38.793300	34.791200	28.406700	38.240600	58.520300	74.421200	115.897000	120.651000	121.606000	128.533000	107.690000	103.454000	0.765000	0.000000	0.561197	0.000000	0.519572	0.000000	0.461849	0.000000	0.461049	0.000000	0.477088	0.000000	0.528514	0.000000	0.443446	0.069600	0.413757	0.273200	0.276672	0.457900	49.680000	61.526300	56.378700	60.537000	70.756400	89.300600	104.388000	128.291000	126.444000	105.034000	114.506000	101.228000	0.173098	1.114500	0.124425	1.257100	0.129354	0.937000	0.172839	0.568600	0.275542	0.436900	0.401925	0.196700	0.522375	0.019000	0.643477	0.000000	0.803595	0.000000	0.918053	0.000000	0.970977	0.000000	0.986497	0.000000	0.915905	0.000000	0.817979	0.000000	0.432205	0.000000	0.000000	0.505156	0.607217	1.600920	0.000000	0.233922	0.481644	1.319560	41.683000	8.314310	8.997540	341.115000	18.673700	11.185300	0.000000	0.881553	15.544700	13.861400	0.808629	0.648267	0.730767	0.602455	
   31	93.960000	84.990000	75.000000	65.100000	64.890000	65.180000	75.200000	95.000000	107.990000	87.800000	69.390000	50.000000	33.200000	33.200000	29.800000	14.000000	64.780000	84.990000	116.490000	125.010000	122.110000	116.920000	107.740000	87.220000	60.000000	23.666900	21.913300	24.279800	25.192000	27.776000	41.181300	72.737200	7.434660	28.412900	40.883600	48.884500	44.363300	51.410800	55.292800	63.914800	69.217100	61.206300	44.669700	38.834400	4.373600	5.430690	12.169000	12.940000	93.960000	91.684400	81.794200	84.547800	78.177600	78.809900	92.502200	109.392000	106.433000	78.186400	74.504600	52.054100	45.919800	49.360200	51.035400	63.756000	77.883000	93.093600	114.304000	117.799000	119.916000	110.654000	104.609000	101.304000	80.200000	82.979100	72.768300	66.725800	71.894600	63.997100	87.359700	107.737000	120.598000	96.612600	82.886100	45.218000	46.798500	43.151100	39.573500	49.605200	69.090600	89.639800	108.209000	118.621000	117.824000	116.467000	109.069000	106.566000	0.765000	0.000000	0.556163	0.000000	0.507220	0.000000	0.438455	0.000000	0.420568	0.000000	0.451771	0.000000	0.461781	0.000000	0.467067	0.062400	0.431522	0.289500	0.323840	0.465900	49.680000	56.954100	62.012800	72.064300	80.536600	105.234000	108.345000	132.777000	127.824000	116.095000	114.339000	108.576000	0.229353	0.691200	0.175860	0.635100	0.074095	0.681900	0.125534	0.533000	0.100813	0.495500	0.248920	0.263400	0.361772	0.027300	0.501176	0.000000	0.625237	0.000000	0.695373	0.000000	0.747092	0.000000	0.749683	0.000000	0.693725	0.000000	0.642414	0.000000	0.432205	1.428730	1.430790	0.841936	0.996111	0.628133	1.260400	0.650223	0.580208	1.262260	4.097540	0.000000	0.000000	326.070000	30.936200	12.104600	0.000000	0.860258	0.000000	0.622871	0.665526	0.619562	0.629219	0.634596	
   32	93.960000	84.990000	75.000000	65.100000	64.890000	65.180000	75.200000	95.000000	107.990000	87.800000	69.390000	50.000000	33.200000	33.200000	29.800000	14.000000	64.780000	84.990000	116.490000	125.010000	122.110000	116.920000	107.740000	87.220000	60.000000	23.666900	21.913300	24.279800	25.192000	27.776000	41.181300	72.737200	7.434660	28.412900	40.883600	48.884500	44.363300	51.410800	55.292800	63.914800	69.217100	61.206300	44.669700	38.834400	4.373600	5.430690	12.169000	12.940000	93.960000	91.684400	81.794200	84.547800	78.177600	78.809900	92.502200	109.392000	106.433000	78.186400	74.504600	52.054100	45.919800	49.360200	51.035400	63.756000	77.883000	93.093600	114.304000	117.799000	119.916000	110.654000	104.609000	101.304000	80.200000	82.979100	72.768300	66.725800	71.894600	63.997100	87.359700	107.737000	120.598000	96.612600	82.886100	45.218000	46.798500	43.151100	39.573500	49.605200	69.090600	89.639800	108.209000	118.621000	117.824000	116.467000	109.069000	106.566000	0.765000	0.000000	0.556163	0.000000	0.507220	0.000000	0.438455	0.000000	0.420568	0.000000	0.451771	0.000000	0.461781	0.000000	0.467067	0.062400	0.431522	0.289500	0.323840	0.465900	49.680000	56.954100	62.012800	72.064300	80.536600	105.234000	108.345000	132.777000	127.824000	116.095000	114.339000	108.576000	0.229353	0.691200	0.175860	0.635100	0.074095	0.681900	0.125534	0.533000	0.100813	0.495500	0.248920	0.263400	0.361772	0.027300	0.501176	0.000000	0.625237	0.000000	0.695373	0.000000	0.747092	0.000000	0.749683	0.000000	0.693725	0.000000	0.660636	0.000000	0.432205	0.832048	1.162310	1.028950	1.112740	0.684480	0.515063	0.397783	0.229519	2.068240	6.532720	2.544040	0.000000	232.052000	37.102600	0.000000	1.109510	0.391184	0.000000	1.045650	0.602172	0.593686	0.681134	0.754310	
   33	93.960000	84.990000	75.000000	65.100000	64.890000	65.180000	75.200000	95.000000	107.990000	87.800000	69.390000	50.000000	33.200000	33.200000	29.800000	14.000000	64.780000	84.990000	116.490000	125.010000	122.110000	116.920000	107.740000	87.220000	60.000000	23.666900	21.913300	24.279800	25.192000	27.776000	41.181300	72.737200	7.434660	28.412900	40.883600	48.884500	44.363300	51.410800	55.292800	63.914800	69.217100	61.206300	44.669700	38.834400	4.373600	5.430690	12.169000	12.940000	93.960000	91.684400	81.794200	84.547800	78.177600	78.809900	92.502200	109.392000	106.433000	78.186400	74.504600	52.054100	45.919800	49.360200	51.035400	63.756000	77.883000	93.093600	114.304000	117.799000	119.916000	110.654000	104.609000	101.304000	80.200000	82.979100	72.768300	66.725800	71.894600	63.997100	87.359700	107.737000	120.598000	96.612600	82.886100	45.218000	46.798500	43.151100	39.573500	49.605200	69.090600	89.639800	108.209000	118.621000	117.824000	116.467000	109.069000	106.566000	0.765000	0.000000	0.556163	0.000000	0.507220	0.000000	0.438455	0.000000	0.420568	0.000000	0.451771	0.000000	0.461781	0.000000	0.467067	0.062400	0.431522	0.289500	0.323840	0.465900	49.680000	56.954100	62.012800	72.064300	80.536600	105.234000	108.345000	132.777000	127.824000	116.095000	114.339000	108.576000	0.229353	0.691200	0.175860	0.635100	0.074095	0.681900	0.125534	0.533000	0.100813	0.495500	0.248920	0.263400	0.361772	0.027300	0.501176	0.000000	0.625237	0.000000	0.695373	0.000000	0.747092	0.000000	0.749683	0.000000	0.693725	0.000000	0.642414	0.000000	0.432205	1.428730	1.430790	0.841936	0.996111	0.628133	1.260400	0.650223	0.580208	1.262260	4.097540	0.000000	0.000000	326.070000	30.936200	12.104600	0.000000	0.860258	0.000000	0.622871	0.665526	0.619562	0.629219	0.634596	
   34	93.960000	84.990000	75.000000	65.100000	64.890000	65.180000	75.200000	95.000000	107.990000	87.800000	69.390000	50.000000	33.200000	33.200000	29.800000	14.000000	64.780000	84.990000	116.490000	125.010000	122.110000	116.920000	107.740000	87.220000	60.000000	23.666900	21.913300	24.279800	25.192000	27.776000	41.181300	72.737200	7.434660	28.412900	40.883600	48.884500	44.363300	51.410800	55.292800	63.914800	69.217100	61.206300	44.669700	38.834400	4.373600	5.430690	12.169000	12.940000	93.960000	91.684400	81.794200	84.547800	78.177600	78.809900	92.502200	109.392000	106.433000	78.186400	74.504600	52.054100	45.919800	49.360200	51.035400	63.756000	77.883000	93.093600	114.304000	117.799000	119.916000	110.654000	104.609000	101.304000	80.200000	82.979100	72.768300	66.725800	71.894600	63.997100	87.359700	107.737000	120.598000	96.612600	82.886100	45.218000	46.798500	43.151100	39.573500	49.605200	69.090600	89.639800	108.209000	118.621000	117.824000	116.467000	109.069000	106.566000	0.765000	0.000000	0.556163	0.000000	0.507220	0.000000	0.438455	0.000000	0.420568	0.000000	0.451771	0.000000	0.461781	0.000000	0.467067	0.062400	0.431522	0.289500	0.323840	0.465900	49.680000	56.954100	62.012800	72.064300	80.536600	105.234000	108.345000	132.777000	127.824000	116.095000	114.339000	108.576000	0.229353	0.691200	0.175860	0.635100	0.074095	0.681900	0.125534	0.533000	0.100813	0.495500	0.248920	0.263400	0.361772	0.027300	0.501176	0.000000	0.625237	0.000000	0.695373	0.000000	0.747092	0.000000	0.749683	0.000000	0.693725	0.000000	0.642414	0.000000	0.432205	1.428730	1.430790	0.841936	0.996111	0.628133	1.260400	0.650223	0.580208	1.262260	4.097540	0.000000	0.000000	326.070000	30.936200	12.104600	0.000000	0.860258	0.000000	0.622871	0.665526	0.619562	0.629219	0.634596	
   35	93.960000	84.990000	75.000000	65.100000	64.890000	65.180000	75.200000	95.000000	107.990000	87.800000	69.390000	50.000000	33.200000	33.200000	29.800000	14.000000	64.780000	84.990000	116.490000	125.010000	122.110000	116.920000	107.740000	87.220000	60.000000	14.680800	24.840500	25.039400	25.247500	27.286000	35.543700	35.000800	7.444480	21.992300	51.567300	50.987100	43.717400	51.289900	51.204700	66.387600	72.321600	65.914400	21.597300	38.834400	4.373600	5.430690	12.169000	12.940000	93.960000	87.567300	83.062300	82.764500	84.424000	76.604800	91.818200	100.185000	126.260000	104.867000	75.529000	47.091300	49.690600	50.216900	50.527300	65.827300	82.838200	94.099200	125.839000	122.645000	122.479000	124.522000	107.629000	100.817000	80.200000	103.553000	91.267700	85.139000	88.317400	83.811000	103.890000	103.282000	148.490000	107.170000	94.230700	61.541600	36.856000	36.673000	29.092200	36.811800	63.274800	77.797700	104.560000	110.636000	117.416000	132.043000	110.830000	98.962200	0.765000	0.000000	0.572225	0.000000	0.514366	0.000000	0.405895	0.000000	0.386490	0.000000	0.412802	0.000000	0.439890	0.000000	0.443710	0.057800	0.367724	0.160500	0.246784	0.180400	49.680000	66.091000	93.474800	75.886500	93.153200	115.424000	124.802000	135.807000	110.852000	109.395000	112.333000	72.065200	0.111173	0.293000	0.044459	0.247600	0.137701	0.288800	0.168597	0.440200	0.268926	0.357800	0.377619	0.341500	0.476322	0.055300	0.542871	0.000000	0.580306	0.000000	0.588730	0.000000	0.578560	0.000000	0.563037	0.000000	0.514362	0.000000	0.473203	0.000000	0.432205	1.110470	1.053940	1.086900	1.442470	0.509956	0.835820	0.662801	0.650938	0.024099	0.000000	0.000000	0.000000	389.990000	25.323500	11.875000	0.204165	0.090517	0.000000	0.498765	0.578120	0.596048	0.811297	0.582121	
   36	93.960000	84.990000	75.000000	65.100000	64.890000	65.180000	75.200000	95.000000	107.990000	87.800000	69.390000	50.000000	33.200000	33.200000	29.800000	14.000000	64.780000	84.990000	116.490000	125.010000	122.110000	116.920000	107.740000	87.220000	60.000000	23.666900	21.913300	24.279800	25.192000	27.776000	41.181300	72.737200	7.434660	28.412900	40.883600	48.884500	44.363300	51.410800	55.292800	63.914800	69.217100	61.206300	44.669700	38.834400	4.373600	5.430690	12.169000	12.940000	93.960000	91.684400	81.794200	84.547800	78.177600	78.809900	92.502200	109.392000	106.433000	78.186400	74.504600	52.054100	45.919800	49.360200	51.035400	63.756000	77.883000	93.093600	114.304000	117.799000	119.916000	110.654000	104.609000	101.304000	80.200000	82.979100	72.768300	66.725800	71.894600	63.997100	87.359700	107.737000	120.598000	96.612600	82.886100	45.218000	46.798500	43.151100	39.573500	49.605200	69.090600	89.639800	108.209000	118.621000	117.824000	116.467000	109.069000	106.566000	0.765000	0.000000	0.556163	0.000000	0.507220	0.000000	0.438455	0.000000	0.420568	0.000000	0.451771	0.000000	0.461781	0.000000	0.467067	0.062400	0.431522	0.289500	0.323840	0.465900	49.680000	56.954100	62.012800	72.064300	80.536600	105.234000	108.345000	132.777000	127.824000	116.095000	114.339000	108.576000	0.229353	0.691200	0.175860	0.635100	0.074095	0.681900	0.125534	0.533000	0.100813	0.495500	0.248920	0.263400	0.361772	0.027300	0.501176	0.000000	0.625237	0.000000	0.695373	0.000000	0.747092	0.000000	0.749683	0.000000	0.693725	0.000000	0.642414	0.000000	0.432205	1.428730	1.430790	0.841936	0.996111	0.628133	1.260400	0.650223	0.580208	1.262260	4.097540	0.000000	0.000000	326.070000	30.936200	12.104600	0.000000	0.860258	0.000000	0.622871	0.665526	0.619562	0.629219	0.634596	
   37	93.960000	84.990000	75.000000	65.100000	64.890000	65.180000	75.200000	95.000000	107.990000	87.800000	69.390000	50.000000	33.200000	33.200000	29.800000	14.000000	64.780000	84.990000	116.490000	125.010000	122.110000	116.920000	107.740000	87.220000	60.000000	25.292800	23.192800	23.014700	31.224900	31.562000	44.597800	58.422900	17.361000	24.582600	46.215000	52.707300	46.802800	54.174700	58.422500	63.892600	73.288200	65.445500	29.206400	42.974100	25.126700	20.681300	13.870900	17.284600	93.960000	96.811300	83.596800	90.774800	88.678200	85.429600	97.691900	110.901000	113.306000	97.695100	56.509500	47.887800	46.225000	50.533000	53.280500	58.586800	76.416300	71.191700	110.017000	114.152000	123.667000	127.970000	107.703000	106.903000	80.200000	77.052700	68.178400	53.728500	58.447500	62.117900	81.695100	107.021000	120.914000	85.079700	64.407400	50.992900	38.793300	34.791200	28.406700	38.240600	58.520300	74.421200	115.897000	120.651000	121.606000	128.533000	107.690000	103.454000	0.765000	0.000000	0.561197	0.000000	0.519572	0.000000	0.461849	0.000000	0.461049	0.000000	0.477088	0.000000	0.528514	0.000000	0.443446	0.069600	0.413757	0.273200	0.276672	0.457900	49.680000	46.033400	56.257400	61.458100	67.515800	98.727300	124.197000	112.402000	114.162000	108.015000	105.278000	89.566800	0.205772	0.692800	0.105890	0.878600	0.029186	0.983600	0.121688	0.314400	0.149981	0.300000	0.203495	0.235000	0.275736	0.026400	0.374735	0.000000	0.464452	0.000000	0.531695	0.000000	0.588962	0.000000	0.625621	0.000000	0.794762	0.000000	0.756744	0.000000	0.432205	0.873830	1.203070	0.918117	1.548510	0.494272	0.889945	0.601693	0.678156	0.213383	3.447720	0.000000	0.000000	281.858000	32.496700	0.000000	7.142860	0.059101	1.691450	0.486448	0.698460	0.638484	0.652841	0.279998	
   38	93.960000	84.990000	75.000000	65.100000	64.890000	65.180000	75.200000	95.000000	107.990000	87.800000	69.390000	50.000000	33.200000	33.200000	29.800000	14.000000	64.780000	84.990000	116.490000	125.010000	122.110000	116.920000	107.740000	87.220000	60.000000	25.292800	23.192800	23.014700	31.224900	31.562000	44.597800	58.422900	17.361000	24.582600	46.215000	52.707300	46.802800	54.174700	58.422500	63.892600	73.288200	65.445500	29.206400	42.974100	25.126700	20.681300	13.870900	17.284600	93.960000	88.548200	81.770700	84.280100	85.099300	78.160400	93.338200	108.979000	108.967000	73.523400	72.801200	53.868100	45.637400	48.718200	51.880300	63.941300	77.564500	97.960200	118.536000	110.857000	124.359000	135.279000	110.278000	94.265500	80.200000	82.934200	68.085900	67.254400	68.521600	66.970500	88.122700	103.484000	121.124000	99.787400	70.330300	43.090800	48.967700	45.064000	39.371900	47.091500	69.344400	91.547300	110.758000	113.209000	121.049000	151.993000	107.725000	100.578000	0.765000	0.000000	0.553102	0.000000	0.499477	0.000000	0.439851	0.000000	0.452780	0.000000	0.476262	0.000000	0.481086	0.000000	0.467410	0.071600	0.377079	0.318400	0.338611	0.524200	49.680000	65.938300	59.822700	64.569600	73.660300	103.835000	112.558000	150.809000	147.985000	128.581000	115.453000	108.979000	0.226889	0.469700	0.193776	0.624200	0.076067	0.670200	0.073756	0.606600	0.100813	0.398100	0.245885	0.168700	0.364390	0.024500	0.412526	0.000000	0.536831	0.000000	0.746754	0.000000	0.712529	0.000000	0.625135	0.000000	0.571828	0.000000	0.526200	0.000000	0.432205	1.886800	2.028190	2.082660	2.802690	2.603150	2.639190	2.464990	0.294779	0.000000	7.028890	7.255110	0.000000	242.878000	17.686000	0.000000	4.043870	0.750264	16.592200	0.558145	0.724865	0.652663	0.857744	0.869694	
   39	93.960000	84.990000	75.000000	65.100000	64.890000	65.180000	75.200000	95.000000	107.990000	87.800000	69.390000	50.000000	33.200000	33.200000	29.800000	14.000000	64.780000	84.990000	116.490000	125.010000	122.110000	116.920000	107.740000	87.220000	60.000000	14.680800	24.840500	25.039400	25.247500	27.286000	35.543700	35.000800	7.444480	21.992300	51.567300	50.987100	43.717400	51.289900	51.204700	66.387600	72.321600	65.914400	21.597300	38.834400	4.373600	5.430690	12.169000	12.940000	93.960000	77.903200	74.900800	79.086400	78.731300	78.132900	89.992200	111.851000	120.498000	101.777000	95.503700	67.668500	56.485400	55.877800	59.338000	58.838100	71.067000	113.009000	109.288000	119.527000	126.743000	120.901000	109.904000	101.497000	80.200000	78.724900	64.481500	60.307800	64.184800	67.340100	81.531800	94.353500	106.956000	82.423000	90.398300	48.067400	24.865000	28.317800	23.683600	19.451800	39.225800	96.821700	100.410000	105.465000	102.863000	111.069000	100.081000	89.347500	0.765000	0.000000	0.520701	0.000000	0.436775	0.000000	0.328464	0.000000	0.349206	0.000000	0.394331	0.000000	0.430908	0.000000	0.407720	0.076200	0.328078	0.307300	0.242935	0.432600	49.680000	58.210700	55.413800	63.369300	69.718400	92.630100	101.735000	110.078000	108.806000	118.576000	116.445000	115.424000	0.151353	1.112300	0.074465	1.123300	0.000000	1.100800	0.000000	0.681200	0.000000	0.669700	0.014921	0.215800	0.115401	0.029100	0.232287	0.000000	0.399046	0.000000	0.525951	0.000000	0.601004	0.000000	0.633135	0.000000	0.593464	0.000000	0.538950	0.000000	0.432205	1.086480	1.138220	1.315010	0.895981	0.146731	1.138470	1.022960	1.411860	4.169340	0.000000	14.816000	0.000000	215.653000	34.854500	0.000000	4.560750	0.000000	0.000000	0.404198	0.614878	0.558775	0.639574	0.763727	
   40	93.960000	84.990000	75.000000	65.100000	64.890000	65.180000	75.200000	95.000000	107.990000	87.800000	69.390000	50.000000	33.200000	33.200000	29.800000	14.000000	64.780000	84.990000	116.490000	125.010000	122.110000	116.920000	107.740000	87.220000	60.000000	14.680800	24.840500	25.039400	25.247500	27.286000	35.543700	35.000800	7.444480	21.992300	51.567300	50.987100	43.717400	51.289900	51.204700	66.387600	72.321600	65.914400	21.597300	38.834400	4.373600	5.430690	12.169000	12.940000	93.960000	94.476000	91.508000	87.294600	87.966900	80.622600	89.899400	96.967200	103.437000	96.044200	72.440000	49.801500	44.256700	41.081200	39.531400	50.760800	55.011500	62.263500	116.253000	122.186000	138.970000	135.430000	117.635000	105.150000	80.200000	86.650800	67.754400	66.584500	64.911500	73.775100	85.075900	106.471000	105.700000	83.835800	79.159400	47.208100	54.138600	47.557000	33.594600	40.530800	65.383700	83.768200	124.665000	126.748000	131.668000	146.963000	122.320000	112.781000	0.765000	0.000000	0.607393	0.000000	0.570363	0.000000	0.517981	0.000000	0.485529	0.000000	0.500253	0.000000	0.518634	0.000000	0.513734	0.053100	0.487647	0.203000	0.442323	0.293600	49.680000	65.912300	74.253600	75.102500	72.161000	88.150800	168.362000	124.319000	133.267000	103.283000	109.942000	105.758000	0.187255	0.419200	0.080569	0.389400	0.021803	0.421700	0.044662	0.360800	0.146136	0.645600	0.280572	0.220300	0.421614	0.019300	0.551885	0.000000	0.671437	0.000000	0.726414	0.000000	0.733258	0.000000	0.710374	0.000000	0.631395	0.000000	0.552922	0.000000	0.432205	1.036600	0.821311	0.283557	0.000000	0.245369	0.671072	0.407998	0.849327	0.000000	0.734080	0.000000	0.000000	381.459000	39.206100	8.398280	0.000000	0.000000	0.000000	0.864249	0.666980	0.795523	0.653675	0.729696	
   41	93.960000	84.990000	75.000000	65.100000	64.890000	65.180000	75.200000	95.000000	107.990000	87.800000	69.390000	50.000000	33.200000	33.200000	29.800000	14.000000	64.780000	84.990000	116.490000	125.010000	122.110000	116.920000	107.740000	87.220000	60.000000	25.292800	23.192800	23.014700	31.224900	31.562000	44.597800	58.422900	17.361000	24.582600	46.215000	52.707300	46.802800	54.174700	58.422500	63.892600	73.288200	65.445500	29.206400	42.974100	25.126700	20.681300	13.870900	17.284600	93.960000	96.811300	83.596800	90.774800	88.678200	85.429600	97.691900	110.901000	113.306000	97.695100	56.509500	47.887800	46.225000	50.533000	53.280500	58.586800	76.416300	71.191700	110.017000	114.152000	123.667000	127.970000	107.703000	106.903000	80.200000	77.052700	68.178400	53.728500	58.447500	62.117900	81.695100	107.021000	120.914000	85.079700	64.407400	50.992900	38.793300	34.791200	28.406700	38.240600	58.520300	74.421200	115.897000	120.651000	121.606000	128.533000	107.690000	103.454000	0.765000	0.000000	0.561197	0.000000	0.519572	0.000000	0.461849	0.000000	0.461049	0.000000	0.477088	0.000000	0.528514	0.000000	0.443446	0.069600	0.413757	0.273200	0.276672	0.457900	49.680000	81.838700	80.621900	88.765100	92.159900	108.333000	100.520000	118.527000	106.287000	105.978000	103.159000	97.658500	0.240309	0.289700	0.186479	0.303600	0.395691	1.144400	0.330433	1.104100	0.301042	0.797800	0.330979	0.264800	0.415179	0.028500	0.485877	0.000000	0.587363	0.000000	0.687515	0.000000	0.757034	0.000000	0.764354	0.000000	0.708041	0.000000	0.650776	0.000000	0.432205	0.920498	0.924471	0.289758	0.000000	0.444888	0.439817	0.689936	0.660561	0.626888	4.432610	0.000000	0.000000	398.410000	21.200100	6.057600	5.481450	0.488297	0.000000	0.444148	0.677171	0.946832	0.686645	1.047070	
   42	93.960000	84.990000	75.000000	65.100000	64.890000	65.180000	75.200000	95.000000	107.990000	87.800000	69.390000	50.000000	33.200000	33.200000	29.800000	14.000000	64.780000	84.990000	116.490000	125.010000	122.110000	116.920000	107.740000	87.220000	60.000000	23.666900	21.913300	24.279800	25.192000	27.776000	41.181300	72.737200	7.434660	28.412900	40.883600	48.884500	44.363300	51.410800	55.292800	63.914800	69.217100	61.206300	44.669700	38.834400	4.373600	5.430690	12.169000	12.940000	93.960000	91.684400	81.794200	84.547800	78.177600	78.809900	92.502200	109.392000	106.433000	78.186400	74.504600	52.054100	45.919800	49.360200	51.035400	63.756000	77.883000	93.093600	114.304000	117.799000	119.916000	110.654000	104.609000	101.304000	80.200000	82.979100	72.768300	66.725800	71.894600	63.997100	87.359700	107.737000	120.598000	96.612600	82.886100	45.218000	46.798500	43.151100	39.573500	49.605200	69.090600	89.639800	108.209000	118.621000	117.824000	116.467000	109.069000	106.566000	0.765000	0.000000	0.556163	0.000000	0.507220	0.000000	0.438455	0.000000	0.420568	0.000000	0.451771	0.000000	0.461781	0.000000	0.467067	0.062400	0.431522	0.289500	0.323840	0.465900	49.680000	56.954100	62.012800	72.064300	80.536600	105.234000	108.345000	132.777000	127.824000	116.095000	114.339000	108.576000	0.229353	0.691200	0.175860	0.635100	0.074095	0.681900	0.125534	0.533000	0.100813	0.495500	0.248920	0.263400	0.361772	0.027300	0.501176	0.000000	0.625237	0.000000	0.695373	0.000000	0.747092	0.000000	0.749683	0.000000	0.693725	0.000000	0.660636	0.000000	0.432205	0.832048	1.162310	1.028950	1.112740	0.684480	0.515063	0.397783	0.229519	2.068240	6.532720	2.544040	0.000000	232.052000	37.102600	0.000000	1.109510	0.391184	0.000000	1.045650	0.602172	0.593686	0.681134	0.754310	
   43	93.960000	84.990000	75.000000	65.100000	64.890000	65.180000	75.200000	95.000000	107.990000	87.800000	69.390000	50.000000	33.200000	33.200000	29.800000	14.000000	64.780000	84.990000	116.490000	125.010000	122.110000	116.920000	107.740000	87.220000	60.000000	23.666900	21.913300	24.279800	25.192000	27.776000	41.181300	72.737200	7.434660	28.412900	40.883600	48.884500	44.363300	51.410800	55.292800	63.914800	69.217100	61.206300	44.669700	38.834400	4.373600	5.430690	12.169000	12.940000	93.960000	91.684400	81.794200	84.547800	78.177600	78.809900	92.502200	109.392000	106.433000	78.186400	74.504600	52.054100	45.919800	49.360200	51.035400	63.756000	77.883000	93.093600	114.304000	117.799000	119.916000	110.654000	104.609000	101.304000	80.200000	82.979100	72.768300	66.725800	71.894600	63.997100	87.359700	107.737000	120.598000	96.612600	82.886100	45.218000	46.798500	43.151100	39.573500	49.605200	69.090600	89.639800	108.209000	118.621000	117.824000	116.467000	109.069000	106.566000	0.765000	0.000000	0.556163	0.000000	0.507220	0.000000	0.438455	0.000000	0.420568	0.000000	0.451771	0.000000	0.461781	0.000000	0.467067	0.062400	0.431522	0.289500	0.323840	0.465900	49.680000	56.954100	62.012800	72.064300	80.536600	105.234000	108.345000	132.777000	127.824000	116.095000	114.339000	108.576000	0.229353	0.691200	0.175860	0.635100	0.074095	0.681900	0.125534	0.533000	0.100813	0.495500	0.248920	0.263400	0.361772	0.027300	0.501176	0.000000	0.625237	0.000000	0.695373	0.000000	0.747092	0.000000	0.749683	0.000000	0.693725	0.000000	0.660636	0.000000	0.432205	0.832048	1.162310	1.028950	1.112740	0.684480	0.515063	0.397783	0.229519	2.068240	6.532720	2.544040	0.000000	232.052000	37.102600	0.000000	1.109510	0.391184	0.000000	1.045650	0.602172	0.593686	0.681134	0.754310	
   44	93.960000	84.990000	75.000000	65.100000	64.890000	65.180000	75.200000	95.000000	107.990000	87.800000	69.390000	50.000000	33.200000	33.200000	29.800000	14.000000	64.780000	84.990000	116.490000	125.010000	122.110000	116.920000	107.740000	87.220000	60.000000	25.292800	23.192800	23.014700	31.224900	31.562000	44.597800	58.422900	17.361000	24.582600	46.215000	52.707300	46.802800	54.174700	58.422500	63.892600	73.288200	65.445500	29.206400	42.974100	25.126700	20.681300	13.870900	17.284600	93.960000	88.548200	81.770700	84.280100	85.099300	78.160400	93.338200	108.979000	108.967000	73.523400	72.801200	53.868100	45.637400	48.718200	51.880300	63.941300	77.564500	97.960200	118.536000	110.857000	124.359000	135.279000	110.278000	94.265500	80.200000	82.934200	68.085900	67.254400	68.521600	66.970500	88.122700	103.484000	121.124000	99.787400	70.330300	43.090800	48.967700	45.064000	39.371900	47.091500	69.344400	91.547300	110.758000	113.209000	121.049000	151.993000	107.725000	100.578000	0.765000	0.000000	0.553102	0.000000	0.499477	0.000000	0.439851	0.000000	0.452780	0.000000	0.476262	0.000000	0.481086	0.000000	0.467410	0.071600	0.377079	0.318400	0.338611	0.524200	49.680000	65.938300	59.822700	64.569600	73.660300	103.835000	112.558000	150.809000	147.985000	128.581000	115.453000	108.979000	0.226889	0.469700	0.193776	0.624200	0.076067	0.670200	0.073756	0.606600	0.100813	0.398100	0.245885	0.168700	0.364390	0.024500	0.412526	0.000000	0.522845	0.000000	0.494498	0.000000	0.572378	0.000000	0.590079	0.000000	0.573022	0.000000	0.521989	0.000000	0.432205	0.559190	0.631318	0.368515	0.000000	0.577203	0.559654	0.759701	0.343293	0.625774	4.811180	0.000000	0.000000	364.511000	26.927200	0.000000	0.000000	1.034480	0.000000	0.635161	0.551449	0.538669	0.448004	0.712523	
   45	93.960000	84.990000	75.000000	65.100000	64.890000	65.180000	75.200000	95.000000	107.990000	87.800000	69.390000	50.000000	33.200000	33.200000	29.800000	14.000000	64.780000	84.990000	116.490000	125.010000	122.110000	116.920000	107.740000	87.220000	60.000000	14.680800	24.840500	25.039400	25.247500	27.286000	35.543700	35.000800	7.444480	21.992300	51.567300	50.987100	43.717400	51.289900	51.204700	66.387600	72.321600	65.914400	21.597300	38.834400	4.373600	5.430690	12.169000	12.940000	93.960000	84.770600	78.728500	79.969900	79.630400	79.343900	79.967900	89.554000	84.708500	68.136700	47.686300	23.037200	24.272500	27.155100	40.757200	54.860900	74.334200	83.387100	102.039000	105.295000	114.899000	114.240000	99.906000	85.588600	80.200000	74.018000	59.625700	56.408700	59.542300	65.634900	70.272400	85.271800	98.930600	80.295900	73.799300	27.096100	28.633100	19.602400	19.681500	34.415100	81.781400	106.288000	135.070000	124.567000	126.645000	132.110000	109.385000	88.038800	0.765000	0.000000	0.524609	0.000000	0.463367	0.000000	0.399215	0.000000	0.426416	0.000000	0.476545	0.000000	0.513281	0.000000	0.515901	0.114500	0.417155	0.260000	0.364127	0.344400	49.680000	90.525800	83.959400	92.943800	63.798100	88.987800	104.687000	128.688000	165.615000	121.379000	116.277000	127.884000	0.264353	0.552200	0.175192	0.302200	0.127724	0.346100	0.125975	0.377600	0.186022	0.372100	0.273871	0.188100	0.463044	0.026100	0.517876	0.000000	0.588829	0.000000	0.660901	0.000000	0.722674	0.000000	0.756476	0.000000	0.723935	0.000000	0.654364	0.000000	0.432205	1.247140	1.395600	1.393130	0.960225	0.538336	1.087530	0.768798	0.740184	0.000000	0.000000	0.000000	0.000000	663.867000	44.204200	8.662120	1.589290	0.487240	6.080850	0.000000	0.018281	0.513500	0.412337	0.001179	
   46	93.960000	84.990000	75.000000	65.100000	64.890000	65.180000	75.200000	95.000000	107.990000	87.800000	69.390000	50.000000	33.200000	33.200000	29.800000	14.000000	64.780000	84.990000	116.490000	125.010000	122.110000	116.920000	107.740000	87.220000	60.000000	14.680800	24.840500	25.039400	25.247500	27.286000	35.543700	35.000800	7.444480	21.992300	51.567300	50.987100	43.717400	51.289900	51.204700	66.387600	72.321600	65.914400	21.597300	38.834400	4.373600	5.430690	12.169000	12.940000	93.960000	89.153800	91.897200	91.387700	90.773400	85.638900	101.216000	114.976000	121.877000	99.237200	76.266400	67.229300	67.662800	59.922300	66.063700	75.911400	80.209300	85.335500	111.985000	129.933000	141.941000	153.189000	122.007000	107.198000	80.200000	83.409400	71.422600	65.217800	67.564500	68.608300	90.009200	112.552000	128.290000	101.926000	85.106900	72.875800	74.622600	64.501800	63.363700	56.965600	77.210500	89.555300	109.111000	127.979000	134.810000	154.465000	118.357000	103.917000	0.765000	0.000000	0.587750	0.000000	0.578273	0.000000	0.540754	0.000000	0.536569	0.000000	0.568734	0.000000	0.624339	0.000000	0.632777	0.056800	0.496881	0.400400	0.376646	0.442400	49.680000	90.525800	26.252400	34.748900	37.467600	70.168900	100.310000	118.205000	126.777000	116.131000	113.151000	112.604000	0.401912	0.609000	0.362125	0.802500	0.308933	0.526700	0.294178	0.397300	0.340561	0.217000	0.189233	0.078500	0.285670	0.008400	0.399526	0.000000	0.528799	0.000000	0.634202	0.000000	0.737522	0.000000	0.791970	0.000000	0.780386	0.000000	0.765725	0.000000	0.432205	0.798333	0.948115	0.466993	0.006995	0.000000	0.673439	0.459190	0.608989	1.855390	0.000000	16.270700	11.575500	304.966000	23.534000	0.138978	6.589670	0.033124	0.000000	0.503792	0.539750	0.516547	0.607140	0.761228	
   47	93.960000	84.990000	75.000000	65.100000	64.890000	65.180000	75.200000	95.000000	107.990000	87.800000	69.390000	50.000000	33.200000	33.200000	29.800000	14.000000	64.780000	84.990000	116.490000	125.010000	122.110000	116.920000	107.740000	87.220000	60.000000	25.292800	23.192800	23.014700	31.224900	31.562000	44.597800	58.422900	17.361000	24.582600	46.215000	52.707300	46.802800	54.174700	58.422500	63.892600	73.288200	65.445500	29.206400	42.974100	25.126700	20.681300	13.870900	17.284600	93.960000	88.548200	81.770700	84.280100	85.099300	78.160400	93.338200	108.979000	108.967000	73.523400	72.801200	53.868100	45.637400	48.718200	51.880300	63.941300	77.564500	97.960200	118.536000	110.857000	124.359000	135.279000	110.278000	94.265500	80.200000	82.934200	68.085900	67.254400	68.521600	66.970500	88.122700	103.484000	121.124000	99.787400	70.330300	43.090800	48.967700	45.064000	39.371900	47.091500	69.344400	91.547300	110.758000	113.209000	121.049000	151.993000	107.725000	100.578000	0.765000	0.000000	0.553102	0.000000	0.499477	0.000000	0.439851	0.000000	0.452780	0.000000	0.476262	0.000000	0.481086	0.000000	0.467410	0.071600	0.377079	0.318400	0.338611	0.524200	49.680000	65.938300	59.822700	64.569600	73.660300	103.835000	112.558000	150.809000	147.985000	128.581000	115.453000	108.979000	0.226889	0.469700	0.193776	0.624200	0.076067	0.670200	0.073756	0.606600	0.100813	0.398100	0.245885	0.168700	0.364390	0.024500	0.412526	0.000000	0.536831	0.000000	0.746754	0.000000	0.712529	0.000000	0.625135	0.000000	0.694003	0.000000	0.647089	0.000000	0.432205	1.399450	1.581970	1.422190	0.895981	0.146731	1.138470	0.556902	0.739376	0.000000	25.066500	0.000000	0.000000	495.527000	58.962400	16.126500	0.000000	2.662800	0.000000	0.921769	0.656378	0.782887	0.585385	0.515544	
   48	93.960000	84.990000	75.000000	65.100000	64.890000	65.180000	75.200000	95.000000	107.990000	87.800000	69.390000	50.000000	33.200000	33.200000	29.800000	14.000000	64.780000	84.990000	116.490000	125.010000	122.110000	116.920000	107.740000	87.220000	60.000000	23.666900	21.913300	24.279800	25.192000	27.776000	41.181300	72.737200	7.434660	28.412900	40.883600	48.884500	44.363300	51.410800	55.292800	63.914800	69.217100	61.206300	44.669700	38.834400	4.373600	5.430690	12.169000	12.940000	93.960000	91.684400	81.794200	84.547800	78.177600	78.809900	92.502200	109.392000	106.433000	78.186400	74.504600	52.054100	45.919800	49.360200	51.035400	63.756000	77.883000	93.093600	114.304000	117.799000	119.916000	110.654000	104.609000	101.304000	80.200000	82.979100	72.768300	66.725800	71.894600	63.997100	87.359700	107.737000	120.598000	96.612600	82.886100	45.218000	46.798500	43.151100	39.573500	49.605200	69.090600	89.639800	108.209000	118.621000	117.824000	116.467000	109.069000	106.566000	0.765000	0.000000	0.556163	0.000000	0.507220	0.000000	0.438455	0.000000	0.420568	0.000000	0.451771	0.000000	0.461781	0.000000	0.467067	0.062400	0.431522	0.289500	0.323840	0.465900	49.680000	56.954100	62.012800	72.064300	80.536600	105.234000	108.345000	132.777000	127.824000	116.095000	114.339000	108.576000	0.229353	0.691200	0.175860	0.635100	0.074095	0.681900	0.125534	0.533000	0.100813	0.495500	0.248920	0.263400	0.361772	0.027300	0.501176	0.000000	0.625237	0.000000	0.695373	0.000000	0.747092	0.000000	0.749683	0.000000	0.693725	0.000000	0.642414	0.000000	0.432205	1.428730	1.430790	0.841936	0.996111	0.628133	1.260400	0.650223	0.580208	1.262260	4.097540	0.000000	0.000000	326.070000	30.936200	12.104600	0.000000	0.860258	0.000000	0.622871	0.665526	0.619562	0.629219	0.634596	
   49	93.960000	84.990000	75.000000	65.100000	64.890000	65.180000	75.200000	95.000000	107.990000	87.800000	69.390000	50.000000	33.200000	33.200000	29.800000	14.000000	64.780000	84.990000	116.490000	125.010000	122.110000	116.920000	107.740000	87.220000	60.000000	23.666900	21.913300	24.279800	25.192000	27.776000	41.181300	72.737200	7.434660	28.412900	40.883600	48.884500	44.363300	51.410800	55.292800	63.914800	69.217100	61.206300	44.669700	38.834400	4.373600	5.430690	12.169000	12.940000	93.960000	91.684400	81.794200	84.547800	78.177600	78.809900	92.502200	109.392000	106.433000	78.186400	74.504600	52.054100	45.919800	49.360200	51.035400	63.756000	77.883000	93.093600	114.304000	117.799000	119.916000	110.654000	104.609000	101.304000	80.200000	82.979100	72.768300	66.725800	71.894600	63.997100	87.359700	107.737000	120.598000	96.612600	82.886100	45.218000	46.798500	43.151100	39.573500	49.605200	69.090600	89.639800	108.209000	118.621000	117.824000	116.467000	109.069000	106.566000	0.765000	0.000000	0.556163	0.000000	0.507220	0.000000	0.438455	0.000000	0.420568	0.000000	0.451771	0.000000	0.461781	0.000000	0.467067	0.062400	0.431522	0.289500	0.323840	0.465900	49.680000	56.954100	62.012800	72.064300	80.536600	105.234000	108.345000	132.777000	127.824000	116.095000	114.339000	108.576000	0.229353	0.691200	0.175860	0.635100	0.074095	0.681900	0.125534	0.533000	0.100813	0.495500	0.248920	0.263400	0.361772	0.027300	0.501176	0.000000	0.625237	0.000000	0.695373	0.000000	0.747092	0.000000	0.749683	0.000000	0.693725	0.000000	0.660636	0.000000	0.432205	0.832048	1.162310	1.028950	1.112740	0.684480	0.515063	0.397783	0.229519	2.068240	6.532720	2.544040	0.000000	232.052000	37.102600	0.000000	1.109510	0.391184	0.000000	1.045650	0.602172	0.593686	0.681134	0.754310	
   50	93.960000	84.990000	75.000000	65.100000	64.890000	65.180000	75.200000	95.000000	107.990000	87.800000	69.390000	50.000000	33.200000	33.200000	29.800000	14.000000	64.780000	84.990000	116.490000	125.010000	122.110000	116.920000	107.740000	87.220000	60.000000	23.666900	21.913300	24.279800	25.192000	27.776000	41.181300	72.737200	7.434660	28.412900	40.883600	48.884500	44.363300	51.410800	55.292800	63.914800	69.217100	61.206300	44.669700	38.834400	4.373600	5.430690	12.169000	12.940000	93.960000	91.684400	81.794200	84.547800	78.177600	78.809900	92.502200	109.392000	106.433000	78.186400	74.504600	52.054100	45.919800	49.360200	51.035400	63.756000	77.883000	93.093600	114.304000	117.799000	119.916000	110.654000	104.609000	101.304000	80.200000	82.979100	72.768300	66.725800	71.894600	63.997100	87.359700	107.737000	120.598000	96.612600	82.886100	45.218000	46.798500	43.151100	39.573500	49.605200	69.090600	89.639800	108.209000	118.621000	117.824000	116.467000	109.069000	106.566000	0.765000	0.000000	0.556163	0.000000	0.507220	0.000000	0.438455	0.000000	0.420568	0.000000	0.451771	0.000000	0.461781	0.000000	0.467067	0.062400	0.431522	0.289500	0.323840	0.465900	49.680000	56.954100	62.012800	72.064300	80.536600	105.234000	108.345000	132.777000	127.824000	116.095000	114.339000	108.576000	0.229353	0.691200	0.175860	0.635100	0.074095	0.681900	0.125534	0.533000	0.100813	0.495500	0.248920	0.263400	0.361772	0.027300	0.501176	0.000000	0.625237	0.000000	0.695373	0.000000	0.747092	0.000000	0.749683	0.000000	0.693725	0.000000	0.642414	0.000000	0.432205	1.428730	1.430790	0.841936	0.996111	0.628133	1.260400	0.650223	0.580208	1.262260	4.097540	0.000000	0.000000	326.070000	30.936200	12.104600	0.000000	0.860258	0.000000	0.622871	0.665526	0.619562	0.629219	0.634596	
   51	93.960000	84.990000	75.000000	65.100000	64.890000	65.180000	75.200000	95.000000	107.990000	87.800000	69.390000	50.000000	33.200000	33.200000	29.800000	14.000000	64.780000	84.990000	116.490000	125.010000	122.110000	116.920000	107.740000	87.220000	60.000000	14.680800	24.840500	25.039400	25.247500	27.286000	35.543700	35.000800	7.444480	21.992300	51.567300	50.987100	43.717400	51.289900	51.204700	66.387600	72.321600	65.914400	21.597300	38.834400	4.373600	5.430690	12.169000	12.940000	93.960000	97.587700	93.765500	94.314900	93.960600	95.444900	94.019600	113.336000	118.772000	105.338000	88.785500	67.633300	62.477100	48.718200	51.880300	63.941300	77.564500	97.960200	118.536000	110.857000	124.359000	135.279000	110.278000	94.265500	80.200000	89.400200	80.152200	74.265200	82.240300	72.668800	89.355600	122.993000	124.018000	100.206000	78.603500	62.116000	70.659400	45.064000	39.371900	47.091500	69.344400	91.547300	110.758000	113.209000	121.049000	151.993000	107.725000	100.578000	0.765000	0.000000	0.568286	0.000000	0.525235	0.000000	0.452601	0.000000	0.426103	0.000000	0.460289	0.000000	0.477902	0.000000	0.455438	0.050200	0.371225	0.310100	0.249009	0.705500	49.680000	37.062900	26.252400	34.748900	37.467600	70.168900	100.310000	118.205000	126.777000	116.131000	113.151000	120.345000	0.109274	1.050000	0.013456	1.484000	0.000000	0.864800	0.131043	0.597900	0.158294	0.348000	0.245885	0.132900	0.364390	0.018000	0.478978	0.000000	0.600889	0.000000	0.674575	0.000000	0.699079	0.000000	0.734215	0.000000	0.728869	0.000000	0.679294	0.000000	0.432205	1.011070	1.062590	1.387960	1.622740	0.584198	0.654585	0.641266	0.543812	1.881930	9.631840	8.635990	0.000000	475.428000	0.000000	0.000000	6.308350	0.034001	0.000000	0.494150	0.090380	0.594290	0.639141	0.880287	
   52	93.960000	84.990000	75.000000	65.100000	64.890000	65.180000	75.200000	95.000000	107.990000	87.800000	69.390000	50.000000	33.200000	33.200000	29.800000	14.000000	64.780000	84.990000	116.490000	125.010000	122.110000	116.920000	107.740000	87.220000	60.000000	23.666900	21.913300	24.279800	25.192000	27.776000	41.181300	72.737200	7.434660	28.412900	40.883600	48.884500	44.363300	51.410800	55.292800	63.914800	69.217100	61.206300	44.669700	38.834400	4.373600	5.430690	12.169000	12.940000	93.960000	91.684400	81.794200	84.547800	78.177600	78.809900	92.502200	109.392000	106.433000	78.186400	74.504600	52.054100	45.919800	49.360200	51.035400	63.756000	77.883000	93.093600	114.304000	117.799000	119.916000	110.654000	104.609000	101.304000	80.200000	82.979100	72.768300	66.725800	71.894600	63.997100	87.359700	107.737000	120.598000	96.612600	82.886100	45.218000	46.798500	43.151100	39.573500	49.605200	69.090600	89.639800	108.209000	118.621000	117.824000	116.467000	109.069000	106.566000	0.765000	0.000000	0.556163	0.000000	0.507220	0.000000	0.438455	0.000000	0.420568	0.000000	0.451771	0.000000	0.461781	0.000000	0.467067	0.062400	0.431522	0.289500	0.323840	0.465900	49.680000	56.954100	62.012800	72.064300	80.536600	105.234000	108.345000	132.777000	127.824000	116.095000	114.339000	108.576000	0.229353	0.691200	0.175860	0.635100	0.074095	0.681900	0.125534	0.533000	0.100813	0.495500	0.248920	0.263400	0.361772	0.027300	0.501176	0.000000	0.625237	0.000000	0.695373	0.000000	0.747092	0.000000	0.749683	0.000000	0.693725	0.000000	0.660636	0.000000	0.432205	0.832048	1.162310	1.028950	1.112740	0.684480	0.515063	0.397783	0.229519	2.068240	6.532720	2.544040	0.000000	232.052000	37.102600	0.000000	1.109510	0.391184	0.000000	1.045650	0.602172	0.593686	0.681134	0.754310	
   53	93.960000	84.990000	75.000000	65.100000	64.890000	65.180000	75.200000	95.000000	107.990000	87.800000	69.390000	50.000000	33.200000	33.200000	29.800000	14.000000	64.780000	84.990000	116.490000	125.010000	122.110000	116.920000	107.740000	87.220000	60.000000	23.666900	21.913300	24.279800	25.192000	27.776000	41.181300	72.737200	7.434660	28.412900	40.883600	48.884500	44.363300	51.410800	55.292800	63.914800	69.217100	61.206300	44.669700	38.834400	4.373600	5.430690	12.169000	12.940000	93.960000	91.684400	81.794200	84.547800	78.177600	78.809900	92.502200	109.392000	106.433000	78.186400	74.504600	52.054100	45.919800	49.360200	51.035400	63.756000	77.883000	93.093600	114.304000	117.799000	119.916000	110.654000	104.609000	101.304000	80.200000	82.979100	72.768300	66.725800	71.894600	63.997100	87.359700	107.737000	120.598000	96.612600	82.886100	45.218000	46.798500	43.151100	39.573500	49.605200	69.090600	89.639800	108.209000	118.621000	117.824000	116.467000	109.069000	106.566000	0.765000	0.000000	0.556163	0.000000	0.507220	0.000000	0.438455	0.000000	0.420568	0.000000	0.451771	0.000000	0.461781	0.000000	0.467067	0.062400	0.431522	0.289500	0.323840	0.465900	49.680000	56.954100	62.012800	72.064300	80.536600	105.234000	108.345000	132.777000	127.824000	116.095000	114.339000	108.576000	0.229353	0.691200	0.175860	0.635100	0.074095	0.681900	0.125534	0.533000	0.100813	0.495500	0.248920	0.263400	0.361772	0.027300	0.501176	0.000000	0.625237	0.000000	0.695373	0.000000	0.747092	0.000000	0.749683	0.000000	0.693725	0.000000	0.642414	0.000000	0.432205	1.428730	1.430790	0.841936	0.996111	0.628133	1.260400	0.650223	0.580208	1.262260	4.097540	0.000000	0.000000	326.070000	30.936200	12.104600	0.000000	0.860258	0.000000	0.622871	0.665526	0.619562	0.629219	0.634596	
   54	93.960000	84.990000	75.000000	65.100000	64.890000	65.180000	75.200000	95.000000	107.990000	87.800000	69.390000	50.000000	33.200000	33.200000	29.800000	14.000000	64.780000	84.990000	116.490000	125.010000	122.110000	116.920000	107.740000	87.220000	60.000000	25.292800	23.192800	23.014700	31.224900	31.562000	44.597800	58.422900	17.361000	24.582600	46.215000	52.707300	46.802800	54.174700	58.422500	63.892600	73.288200	65.445500	29.206400	42.974100	25.126700	20.681300	13.870900	17.284600	93.960000	96.811300	83.596800	90.774800	88.678200	85.429600	97.691900	110.901000	113.306000	97.695100	56.509500	47.887800	46.225000	50.533000	53.280500	58.586800	76.416300	71.191700	110.017000	114.152000	123.667000	127.970000	107.703000	106.903000	80.200000	77.052700	68.178400	53.728500	58.447500	62.117900	81.695100	107.021000	120.914000	85.079700	64.407400	50.992900	38.793300	34.791200	28.406700	38.240600	58.520300	74.421200	115.897000	120.651000	121.606000	128.533000	107.690000	103.454000	0.765000	0.000000	0.561197	0.000000	0.519572	0.000000	0.461849	0.000000	0.461049	0.000000	0.477088	0.000000	0.528514	0.000000	0.443446	0.069600	0.413757	0.273200	0.276672	0.457900	49.680000	81.838700	80.621900	88.765100	92.159900	108.333000	100.520000	118.527000	106.287000	105.978000	103.159000	97.658500	0.240309	0.289700	0.186479	0.303600	0.159170	0.378600	0.146883	0.474700	0.163925	0.238300	0.205520	0.135200	0.276482	0.025800	0.411358	0.000000	0.561335	0.000000	0.656794	0.000000	0.717589	0.000000	0.745696	0.000000	0.709862	0.000000	0.654322	0.000000	0.432205	0.866569	0.858515	0.938737	0.859826	0.447515	0.855982	0.520778	0.641663	0.707109	5.394710	0.576549	0.000000	186.714000	108.383000	0.000000	9.854900	0.372713	0.000000	0.573531	0.515346	0.483071	0.529369	0.831738	
   55	93.960000	84.990000	75.000000	65.100000	64.890000	65.180000	75.200000	95.000000	107.990000	87.800000	69.390000	50.000000	33.200000	33.200000	29.800000	14.000000	64.780000	84.990000	116.490000	125.010000	122.110000	116.920000	107.740000	87.220000	60.000000	23.666900	21.913300	24.279800	25.192000	27.776000	41.181300	72.737200	7.434660	28.412900	40.883600	48.884500	44.363300	51.410800	55.292800	63.914800	69.217100	61.206300	44.669700	38.834400	4.373600	5.430690	12.169000	12.940000	93.960000	91.684400	81.794200	84.547800	78.177600	78.809900	92.502200	109.392000	106.433000	78.186400	74.504600	52.054100	45.919800	49.360200	51.035400	63.756000	77.883000	93.093600	114.304000	117.799000	119.916000	110.654000	104.609000	101.304000	80.200000	82.979100	72.768300	66.725800	71.894600	63.997100	87.359700	107.737000	120.598000	96.612600	82.886100	45.218000	46.798500	43.151100	39.573500	49.605200	69.090600	89.639800	108.209000	118.621000	117.824000	116.467000	109.069000	106.566000	0.765000	0.000000	0.556163	0.000000	0.507220	0.000000	0.438455	0.000000	0.420568	0.000000	0.451771	0.000000	0.461781	0.000000	0.467067	0.062400	0.431522	0.289500	0.323840	0.465900	49.680000	56.954100	62.012800	72.064300	80.536600	105.234000	108.345000	132.777000	127.824000	116.095000	114.339000	108.576000	0.229353	0.691200	0.175860	0.635100	0.074095	0.681900	0.125534	0.533000	0.100813	0.495500	0.248920	0.263400	0.361772	0.027300	0.501176	0.000000	0.625237	0.000000	0.695373	0.000000	0.747092	0.000000	0.749683	0.000000	0.693725	0.000000	0.660636	0.000000	0.432205	0.832048	1.162310	1.028950	1.112740	0.684480	0.515063	0.397783	0.229519	2.068240	6.532720	2.544040	0.000000	232.052000	37.102600	0.000000	1.109510	0.391184	0.000000	1.045650	0.602172	0.593686	0.681134	0.754310	
   56	93.960000	84.990000	75.000000	65.100000	64.890000	65.180000	75.200000	95.000000	107.990000	87.800000	69.390000	50.000000	33.200000	33.200000	29.800000	14.000000	64.780000	84.990000	116.490000	125.010000	122.110000	116.920000	107.740000	87.220000	60.000000	23.666900	21.913300	24.279800	25.192000	27.776000	41.181300	72.737200	7.434660	28.412900	40.883600	48.884500	44.363300	51.410800	55.292800	63.914800	69.217100	61.206300	44.669700	38.834400	4.373600	5.430690	12.169000	12.940000	93.960000	91.684400	81.794200	84.547800	78.177600	78.809900	92.502200	109.392000	106.433000	78.186400	74.504600	52.054100	45.919800	49.360200	51.035400	63.756000	77.883000	93.093600	114.304000	117.799000	119.916000	110.654000	104.609000	101.304000	80.200000	82.979100	72.768300	66.725800	71.894600	63.997100	87.359700	107.737000	120.598000	96.612600	82.886100	45.218000	46.798500	43.151100	39.573500	49.605200	69.090600	89.639800	108.209000	118.621000	117.824000	116.467000	109.069000	106.566000	0.765000	0.000000	0.556163	0.000000	0.507220	0.000000	0.438455	0.000000	0.420568	0.000000	0.451771	0.000000	0.461781	0.000000	0.467067	0.062400	0.431522	0.289500	0.323840	0.465900	49.680000	56.954100	62.012800	72.064300	80.536600	105.234000	108.345000	132.777000	127.824000	116.095000	114.339000	108.576000	0.229353	0.691200	0.175860	0.635100	0.074095	0.681900	0.125534	0.533000	0.100813	0.495500	0.248920	0.263400	0.361772	0.027300	0.501176	0.000000	0.625237	0.000000	0.695373	0.000000	0.747092	0.000000	0.749683	0.000000	0.693725	0.000000	0.660636	0.000000	0.432205	0.832048	1.162310	1.028950	1.112740	0.684480	0.515063	0.397783	0.229519	2.068240	6.532720	2.544040	0.000000	232.052000	37.102600	0.000000	1.109510	0.391184	0.000000	1.045650	0.602172	0.593686	0.681134	0.754310	
   57	93.960000	84.990000	75.000000	65.100000	64.890000	65.180000	75.200000	95.000000	107.990000	87.800000	69.390000	50.000000	33.200000	33.200000	29.800000	14.000000	64.780000	84.990000	116.490000	125.010000	122.110000	116.920000	107.740000	87.220000	60.000000	23.666900	21.913300	24.279800	25.192000	27.776000	41.181300	72.737200	7.434660	28.412900	40.883600	48.884500	44.363300	51.410800	55.292800	63.914800	69.217100	61.206300	44.669700	38.834400	4.373600	5.430690	12.169000	12.940000	93.960000	91.684400	81.794200	84.547800	78.177600	78.809900	92.502200	109.392000	106.433000	78.186400	74.504600	52.054100	45.919800	49.360200	51.035400	63.756000	77.883000	93.093600	114.304000	117.799000	119.916000	110.654000	104.609000	101.304000	80.200000	82.979100	72.768300	66.725800	71.894600	63.997100	87.359700	107.737000	120.598000	96.612600	82.886100	45.218000	46.798500	43.151100	39.573500	49.605200	69.090600	89.639800	108.209000	118.621000	117.824000	116.467000	109.069000	106.566000	0.765000	0.000000	0.556163	0.000000	0.507220	0.000000	0.438455	0.000000	0.420568	0.000000	0.451771	0.000000	0.461781	0.000000	0.467067	0.062400	0.431522	0.289500	0.323840	0.465900	49.680000	56.954100	62.012800	72.064300	80.536600	105.234000	108.345000	132.777000	127.824000	116.095000	114.339000	108.576000	0.229353	0.691200	0.175860	0.635100	0.074095	0.681900	0.125534	0.533000	0.100813	0.495500	0.248920	0.263400	0.361772	0.027300	0.501176	0.000000	0.625237	0.000000	0.695373	0.000000	0.747092	0.000000	0.749683	0.000000	0.693725	0.000000	0.660636	0.000000	0.432205	0.832048	1.162310	1.028950	1.112740	0.684480	0.515063	0.397783	0.229519	2.068240	6.532720	2.544040	0.000000	232.052000	37.102600	0.000000	1.109510	0.391184	0.000000	1.045650	0.602172	0.593686	0.681134	0.754310	
   58	93.960000	84.990000	75.000000	65.100000	64.890000	65.180000	75.200000	95.000000	107.990000	87.800000	69.390000	50.000000	33.200000	33.200000	29.800000	14.000000	64.780000	84.990000	116.490000	125.010000	122.110000	116.920000	107.740000	87.220000	60.000000	25.292800	23.192800	23.014700	31.224900	31.562000	44.597800	58.422900	17.361000	24.582600	46.215000	52.707300	46.802800	54.174700	58.422500	63.892600	73.288200	65.445500	29.206400	42.974100	25.126700	20.681300	13.870900	17.284600	93.960000	88.548200	81.770700	84.280100	85.099300	78.160400	93.338200	108.979000	108.967000	73.523400	72.801200	53.868100	45.637400	48.718200	51.880300	63.941300	77.564500	97.960200	118.536000	110.857000	124.359000	135.279000	110.278000	94.265500	80.200000	82.934200	68.085900	67.254400	68.521600	66.970500	88.122700	103.484000	121.124000	99.787400	70.330300	43.090800	48.967700	45.064000	39.371900	47.091500	69.344400	91.547300	110.758000	113.209000	121.049000	151.993000	107.725000	100.578000	0.765000	0.000000	0.553102	0.000000	0.499477	0.000000	0.439851	0.000000	0.452780	0.000000	0.476262	0.000000	0.481086	0.000000	0.467410	0.071600	0.377079	0.318400	0.338611	0.524200	49.680000	65.938300	59.822700	64.569600	73.660300	103.835000	112.558000	150.809000	147.985000	128.581000	115.453000	108.979000	0.226889	0.469700	0.193776	0.624200	0.076067	0.670200	0.073756	0.606600	0.100813	0.398100	0.245885	0.168700	0.364390	0.024500	0.412526	0.000000	0.536831	0.000000	0.746754	0.000000	0.802242	0.000000	0.928507	0.000000	0.954423	0.000000	0.968926	0.000000	0.432205	1.168350	1.270710	1.369290	1.475340	0.791330	1.142200	0.721356	0.799182	0.629781	14.563500	0.000000	0.000000	400.429000	41.783300	3.458500	0.185529	1.478780	0.000000	0.738950	0.871873	0.698343	0.354719	0.424407	
   59	93.960000	84.990000	75.000000	65.100000	64.890000	65.180000	75.200000	95.000000	107.990000	87.800000	69.390000	50.000000	33.200000	33.200000	29.800000	14.000000	64.780000	84.990000	116.490000	125.010000	122.110000	116.920000	107.740000	87.220000	60.000000	25.292800	23.192800	23.014700	31.224900	31.562000	44.597800	58.422900	17.361000	24.582600	46.215000	52.707300	46.802800	54.174700	58.422500	63.892600	73.288200	65.445500	29.206400	42.974100	25.126700	20.681300	13.870900	17.284600	93.960000	88.548200	81.770700	84.280100	85.099300	78.160400	93.338200	108.979000	108.967000	73.523400	72.801200	53.868100	45.637400	48.718200	51.880300	63.941300	77.564500	97.960200	118.536000	110.857000	124.359000	135.279000	110.278000	94.265500	80.200000	82.934200	68.085900	67.254400	68.521600	66.970500	88.122700	103.484000	121.124000	99.787400	70.330300	43.090800	48.967700	45.064000	39.371900	47.091500	69.344400	91.547300	110.758000	113.209000	121.049000	151.993000	107.725000	100.578000	0.765000	0.000000	0.553102	0.000000	0.499477	0.000000	0.439851	0.000000	0.452780	0.000000	0.476262	0.000000	0.481086	0.000000	0.467410	0.071600	0.377079	0.318400	0.338611	0.524200	49.680000	65.938300	59.822700	64.569600	73.660300	103.835000	112.558000	150.809000	147.985000	128.581000	115.453000	108.979000	0.226889	0.469700	0.193776	0.624200	0.076067	0.670200	0.073756	0.606600	0.100813	0.398100	0.245885	0.168700	0.364390	0.024500	0.412526	0.000000	0.522845	0.000000	0.494498	0.000000	0.572378	0.000000	0.590079	0.000000	0.593041	0.000000	0.564331	0.000000	0.432205	0.494169	0.772105	1.575140	1.701480	0.906071	1.127470	0.816366	0.734430	1.995620	8.732600	12.464200	6.157320	250.331000	3.301640	0.000000	21.051700	0.260472	20.135200	0.038896	0.330403	0.670025	0.829244	0.645870	
   60	93.960000	84.990000	75.000000	65.100000	64.890000	65.180000	75.200000	95.000000	107.990000	87.800000	69.390000	50.000000	33.200000	33.200000	29.800000	14.000000	64.780000	84.990000	116.490000	125.010000	122.110000	116.920000	107.740000	87.220000	60.000000	14.680800	24.840500	25.039400	25.247500	27.286000	35.543700	35.000800	7.444480	21.992300	51.567300	50.987100	43.717400	51.289900	51.204700	66.387600	72.321600	65.914400	21.597300	38.834400	4.373600	5.430690	12.169000	12.940000	93.960000	78.705300	71.664200	68.146700	63.061700	60.946900	78.332500	98.550200	110.768000	91.338700	45.100100	18.718300	12.838900	18.090600	22.437500	38.738800	53.645700	64.296300	89.725800	120.266000	140.613000	146.931000	125.057000	119.501000	80.200000	89.022400	88.364500	70.925500	71.410300	69.412600	85.577900	105.640000	110.105000	111.281000	47.544900	35.825000	36.798200	41.724200	38.573300	44.372600	61.792900	75.642600	118.298000	102.653000	113.209000	129.400000	105.523000	98.623300	0.765000	0.000000	0.522885	0.000000	0.500083	0.000000	0.459191	0.000000	0.464757	0.000000	0.506755	0.000000	0.517413	0.000000	0.507006	0.073900	0.430337	0.502000	0.279479	0.532100	49.680000	33.290700	33.716700	80.046900	83.750500	98.632800	106.725000	141.046000	148.157000	132.267000	119.375000	111.180000	0.128562	0.761200	0.033124	1.182200	0.000000	0.968500	0.000000	0.481600	0.000000	0.399000	0.079620	0.207900	0.209681	0.019000	0.312096	0.000000	0.421289	0.000000	0.495198	0.000000	0.836965	0.000000	0.840119	0.000000	0.792916	0.000000	0.728513	0.000000	0.432205	0.732016	0.994313	0.529740	0.784358	1.049980	0.212123	0.551975	0.102363	0.000000	6.889840	2.306640	0.000000	320.986000	10.282300	0.000000	16.556300	2.981800	22.564400	0.000000	0.448189	0.502251	0.584806	0.432313	
   61	93.960000	84.990000	75.000000	65.100000	64.890000	65.180000	75.200000	95.000000	107.990000	87.800000	69.390000	50.000000	33.200000	33.200000	29.800000	14.000000	64.780000	84.990000	116.490000	125.010000	122.110000	116.920000	107.740000	87.220000	60.000000	23.666900	21.913300	24.279800	25.192000	27.776000	41.181300	72.737200	7.434660	28.412900	40.883600	48.884500	44.363300	51.410800	55.292800	63.914800	69.217100	61.206300	44.669700	38.834400	4.373600	5.430690	12.169000	12.940000	93.960000	91.684400	81.794200	84.547800	78.177600	78.809900	92.502200	109.392000	106.433000	78.186400	74.504600	52.054100	45.919800	49.360200	51.035400	63.756000	77.883000	93.093600	114.304000	117.799000	119.916000	110.654000	104.609000	101.304000	80.200000	82.979100	72.768300	66.725800	71.894600	63.997100	87.359700	107.737000	120.598000	96.612600	82.886100	45.218000	46.798500	43.151100	39.573500	49.605200	69.090600	89.639800	108.209000	118.621000	117.824000	116.467000	109.069000	106.566000	0.765000	0.000000	0.556163	0.000000	0.507220	0.000000	0.438455	0.000000	0.420568	0.000000	0.451771	0.000000	0.461781	0.000000	0.467067	0.062400	0.431522	0.289500	0.323840	0.465900	49.680000	56.954100	62.012800	72.064300	80.536600	105.234000	108.345000	132.777000	127.824000	116.095000	114.339000	108.576000	0.229353	0.691200	0.175860	0.635100	0.074095	0.681900	0.125534	0.533000	0.100813	0.495500	0.248920	0.263400	0.361772	0.027300	0.501176	0.000000	0.625237	0.000000	0.695373	0.000000	0.747092	0.000000	0.749683	0.000000	0.693725	0.000000	0.660636	0.000000	0.432205	0.832048	1.162310	1.028950	1.112740	0.684480	0.515063	0.397783	0.229519	2.068240	6.532720	2.544040	0.000000	232.052000	37.102600	0.000000	1.109510	0.391184	0.000000	1.045650	0.602172	0.593686	0.681134	0.754310	
   62	93.960000	84.990000	75.000000	65.100000	64.890000	65.180000	75.200000	95.000000	107.990000	87.800000	69.390000	50.000000	33.200000	33.200000	29.800000	14.000000	64.780000	84.990000	116.490000	125.010000	122.110000	116.920000	107.740000	87.220000	60.000000	14.680800	24.840500	25.039400	25.247500	27.286000	35.543700	35.000800	7.444480	21.992300	51.567300	50.987100	43.717400	51.289900	51.204700	66.387600	72.321600	65.914400	21.597300	38.834400	4.373600	5.430690	12.169000	12.940000	93.960000	88.566800	82.180900	84.591400	81.296000	79.798900	95.044400	106.764000	111.451000	98.304000	81.104300	63.978800	58.545500	66.597600	67.004700	80.782100	97.482600	95.462600	110.946000	131.966000	119.367000	129.531000	108.406000	98.066000	80.200000	87.915900	73.678100	72.769300	74.755800	77.094000	93.570800	120.499000	132.323000	109.700000	83.096900	68.399900	68.259300	60.518700	57.922300	67.726900	90.147600	104.875000	118.268000	137.288000	123.125000	140.860000	112.293000	95.511400	0.765000	0.000000	0.675445	0.000000	0.624474	0.000000	0.556977	0.000000	0.544484	0.000000	0.536200	0.000000	0.524611	0.000000	0.480808	0.080700	0.379223	0.295300	0.326038	0.515100	49.680000	66.795100	62.012800	72.064300	80.536600	105.234000	108.345000	145.659000	124.570000	102.095000	102.907000	103.690000	0.242349	0.784400	0.163344	0.937400	0.111433	0.988400	0.232333	0.816400	0.293455	0.610700	0.383197	0.336600	0.484606	0.027600	0.577723	0.000000	0.670421	0.000000	0.728429	0.000000	0.764414	0.000000	0.766820	0.000000	0.714914	0.000000	0.648327	0.000000	0.432205	0.516496	0.850599	0.000000	0.000000	0.696074	0.702888	0.783891	0.765685	0.272308	5.952640	10.329400	18.301400	326.070000	30.936200	12.104600	0.000000	0.860258	0.000000	0.437948	0.389212	0.629259	0.633277	0.677126	
   63	93.960000	84.990000	75.000000	65.100000	64.890000	65.180000	75.200000	95.000000	107.990000	87.800000	69.390000	50.000000	33.200000	33.200000	29.800000	14.000000	64.780000	84.990000	116.490000	125.010000	122.110000	116.920000	107.740000	87.220000	60.000000	25.292800	23.192800	23.014700	31.224900	31.562000	44.597800	58.422900	17.361000	24.582600	46.215000	52.707300	46.802800	54.174700	58.422500	63.892600	73.288200	65.445500	29.206400	42.974100	25.126700	20.681300	13.870900	17.284600	93.960000	96.811300	83.596800	90.774800	88.678200	85.429600	97.691900	110.901000	113.306000	97.695100	56.509500	47.887800	46.225000	50.533000	53.280500	58.586800	76.416300	71.191700	110.017000	114.152000	123.667000	127.970000	107.703000	106.903000	80.200000	77.052700	68.178400	53.728500	58.447500	62.117900	81.695100	107.021000	120.914000	85.079700	64.407400	50.992900	38.793300	34.791200	28.406700	38.240600	58.520300	74.421200	115.897000	120.651000	121.606000	128.533000	107.690000	103.454000	0.765000	0.000000	0.561197	0.000000	0.519572	0.000000	0.461849	0.000000	0.461049	0.000000	0.477088	0.000000	0.528514	0.000000	0.443446	0.069600	0.413757	0.273200	0.276672	0.457900	49.680000	49.710500	46.149300	64.674200	83.128000	114.582000	125.940000	131.579000	122.250000	126.707000	119.920000	107.718000	0.145974	0.763300	0.094650	0.929100	0.099463	0.495100	0.112605	0.510200	0.180112	0.477000	0.316394	0.236700	0.496179	0.032800	0.631830	0.000000	0.769214	0.000000	0.868630	0.000000	0.903143	0.000000	0.922816	0.000000	0.701038	0.000000	0.726433	0.000000	0.432205	1.043480	1.298690	0.064900	0.000000	0.310074	0.932465	0.830266	0.491515	1.169040	0.580549	0.000000	16.160300	446.165000	0.000000	0.543024	16.680100	0.000000	0.000000	0.034298	0.570284	0.809679	0.687094	0.918775	
   64	93.960000	84.990000	75.000000	65.100000	64.890000	65.180000	75.200000	95.000000	107.990000	87.800000	69.390000	50.000000	33.200000	33.200000	29.800000	14.000000	64.780000	84.990000	116.490000	125.010000	122.110000	116.920000	107.740000	87.220000	60.000000	14.680800	24.840500	25.039400	25.247500	27.286000	35.543700	35.000800	7.444480	21.992300	51.567300	50.987100	43.717400	51.289900	51.204700	66.387600	72.321600	65.914400	21.597300	38.834400	4.373600	5.430690	12.169000	12.940000	93.960000	90.758000	92.213800	94.677500	92.108600	92.865400	112.363000	124.389000	128.253000	101.451000	77.551000	63.812100	57.519200	60.714000	63.237800	68.090000	86.035700	105.347000	122.123000	125.378000	121.176000	132.683000	116.208000	108.742000	80.200000	89.915700	86.416600	86.857400	89.863400	88.049700	91.285200	112.719000	118.915000	107.248000	84.824900	61.376400	56.264500	56.263700	53.074100	58.859600	84.702800	104.215000	121.415000	122.339000	132.885000	149.018000	119.396000	111.815000	0.765000	0.000000	0.481753	0.000000	0.429652	0.000000	0.376983	0.000000	0.370386	0.000000	0.388593	0.000000	0.409818	0.000000	0.412453	0.042200	0.363486	0.294800	0.281091	0.370000	49.680000	39.292900	28.441500	21.291000	21.298800	80.031700	105.919000	143.705000	127.536000	102.095000	102.907000	103.690000	0.191398	0.422700	0.138515	0.621600	0.113194	1.043800	0.114236	0.725900	0.162425	0.583700	0.263670	0.207600	0.400484	0.026400	0.507701	0.000000	0.580305	0.000000	0.624483	0.000000	0.774922	0.000000	0.802521	0.000000	0.781334	0.000000	0.748869	0.000000	0.432205	1.152690	1.559980	1.169510	1.239460	0.762038	1.318080	0.901348	0.865747	0.534010	8.152650	0.825471	3.219400	417.754000	19.759200	0.000000	25.451200	2.186390	11.532800	0.741526	0.602172	0.593686	0.681134	0.754310	
   65	93.960000	84.990000	75.000000	65.100000	64.890000	65.180000	75.200000	95.000000	107.990000	87.800000	69.390000	50.000000	33.200000	33.200000	29.800000	14.000000	64.780000	84.990000	116.490000	125.010000	122.110000	116.920000	107.740000	87.220000	60.000000	14.680800	24.840500	25.039400	25.247500	27.286000	35.543700	35.000800	7.444480	21.992300	51.567300	50.987100	43.717400	51.289900	51.204700	66.387600	72.321600	65.914400	21.597300	38.834400	4.373600	5.430690	12.169000	12.940000	93.960000	91.159700	89.058000	90.347100	90.736400	88.563400	93.465600	111.823000	119.794000	91.517100	64.296100	29.755400	25.955300	9.825530	7.599250	27.447400	50.023900	44.816200	105.674000	115.719000	106.535000	111.081000	98.238000	95.424600	80.200000	97.781500	88.541300	67.778600	76.246600	79.647400	93.043100	124.124000	130.033000	95.948700	79.385100	49.147000	31.190900	15.441700	6.328260	20.900300	43.990500	53.988300	101.611000	105.088000	122.785000	123.905000	110.636000	101.011000	0.765000	0.000000	0.584736	0.000000	0.499214	0.000000	0.476585	0.000000	0.495887	0.000000	0.531315	0.000000	0.561022	0.000000	0.571942	0.073500	0.526755	0.289900	0.456036	0.604700	49.680000	73.952000	69.725400	78.406000	95.301600	121.776000	119.172000	126.442000	119.609000	132.736000	130.948000	127.773000	0.350812	0.442000	0.244717	0.647100	0.193398	0.683700	0.194601	0.333000	0.244204	0.224400	0.337966	0.089900	0.458839	0.010000	0.554899	0.000000	0.646255	0.000000	0.730960	0.000000	0.765917	0.000000	0.748864	0.000000	0.676980	0.000000	0.609998	0.000000	0.432205	1.084650	0.975643	0.161539	0.000000	0.760183	0.598209	0.740661	0.672488	0.469385	11.265900	0.000000	0.000000	520.060000	58.159900	15.579400	0.000000	0.000000	6.130420	0.000000	0.498274	0.534725	0.390255	0.559913	
   66	93.960000	84.990000	75.000000	65.100000	64.890000	65.180000	75.200000	95.000000	107.990000	87.800000	69.390000	50.000000	33.200000	33.200000	29.800000	14.000000	64.780000	84.990000	116.490000	125.010000	122.110000	116.920000	107.740000	87.220000	60.000000	14.680800	24.840500	25.039400	25.247500	27.286000	35.543700	35.000800	7.444480	21.992300	51.567300	50.987100	43.717400	51.289900	51.204700	66.387600	72.321600	65.914400	21.597300	38.834400	4.373600	5.430690	12.169000	12.940000	93.960000	87.278100	84.500300	81.284700	74.499400	87.601900	99.009800	120.539000	123.790000	102.458000	72.384600	54.241900	47.569900	44.916600	43.983800	62.506600	77.563600	86.064900	131.529000	129.398000	136.322000	137.422000	113.874000	116.751000	80.200000	90.586900	78.699700	73.590100	77.934100	79.085600	93.504400	117.493000	110.382000	97.190200	75.318300	49.476700	57.089600	49.670000	37.549300	42.919000	69.920400	95.572500	121.591000	137.804000	156.859000	146.146000	118.288000	114.227000	0.765000	0.000000	0.597309	0.000000	0.534755	0.000000	0.456011	0.000000	0.452527	0.000000	0.310405	0.000000	0.299697	0.000000	0.179039	0.029000	0.085124	0.212200	0.008834	0.767200	49.680000	112.240000	115.148000	85.649900	92.990300	115.999000	125.196000	150.809000	147.985000	128.581000	115.453000	108.979000	0.000000	0.749200	0.000000	1.120300	0.000000	1.228100	0.000000	0.573200	0.000000	0.526400	0.049915	0.209400	0.239809	0.015300	0.397907	0.000000	0.537543	0.000000	0.633782	0.000000	0.663671	0.000000	0.664911	0.000000	0.620969	0.000000	0.543244	0.000000	0.432205	0.806347	0.774373	0.888736	0.522605	0.091223	0.405441	0.588460	0.432389	2.045470	0.000000	0.000000	0.000000	418.480000	23.848700	7.708840	0.000000	0.000000	0.000000	0.288730	0.642681	0.490701	0.572546	0.593896	
   67	93.960000	84.990000	75.000000	65.100000	64.890000	65.180000	75.200000	95.000000	107.990000	87.800000	69.390000	50.000000	33.200000	33.200000	29.800000	14.000000	64.780000	84.990000	116.490000	125.010000	122.110000	116.920000	107.740000	87.220000	60.000000	14.680800	24.840500	25.039400	25.247500	27.286000	35.543700	35.000800	7.444480	21.992300	51.567300	50.987100	43.717400	51.289900	51.204700	66.387600	72.321600	65.914400	21.597300	38.834400	4.373600	5.430690	12.169000	12.940000	93.960000	87.278100	84.500300	81.284700	74.499400	81.416900	89.689600	102.831000	116.710000	99.884300	79.610600	67.744600	50.404300	65.207200	60.505700	74.897000	95.862500	89.237600	106.117000	125.924000	117.745000	128.525000	111.437000	110.867000	80.200000	90.586900	78.699700	73.590100	77.934100	66.795000	80.774500	106.201000	130.115000	92.907300	77.101400	57.576200	48.982400	57.479500	45.874600	53.905100	82.189600	94.797700	115.627000	121.689000	133.683000	139.906000	111.690000	102.531000	0.765000	0.000000	0.597309	0.000000	0.534755	0.000000	0.456011	0.000000	0.452527	0.000000	0.484406	0.000000	0.477935	0.000000	0.437511	0.084900	0.349351	0.590600	0.247447	0.506800	49.680000	86.585200	88.850000	91.912300	102.155000	113.186000	104.590000	116.754000	120.295000	92.842400	94.060100	110.516000	0.132374	0.495700	0.061929	0.475100	0.041320	0.578800	0.049676	0.496100	0.098348	0.291600	0.193808	0.155300	0.330938	0.010800	0.436859	0.000000	0.442155	0.000000	0.518993	0.000000	0.561635	0.000000	0.591936	0.000000	0.609632	0.000000	0.636228	0.000000	0.432205	0.806347	0.774373	0.888736	0.522605	0.442924	0.871488	0.634358	0.698985	1.491150	0.000000	1.644710	0.000000	282.675000	23.833000	3.642760	1.459860	0.000000	0.000000	0.290576	0.638607	0.631208	0.618157	0.659428	
   68	93.960000	84.990000	75.000000	65.100000	64.890000	65.180000	75.200000	95.000000	107.990000	87.800000	69.390000	50.000000	33.200000	33.200000	29.800000	14.000000	64.780000	84.990000	116.490000	125.010000	122.110000	116.920000	107.740000	87.220000	60.000000	23.666900	21.913300	24.279800	25.192000	27.776000	41.181300	72.737200	7.434660	28.412900	40.883600	48.884500	44.363300	51.410800	55.292800	63.914800	69.217100	61.206300	44.669700	38.834400	4.373600	5.430690	12.169000	12.940000	93.960000	91.684400	81.794200	84.547800	78.177600	78.809900	92.502200	109.392000	106.433000	78.186400	74.504600	52.054100	45.919800	49.360200	51.035400	63.756000	77.883000	93.093600	114.304000	117.799000	119.916000	110.654000	104.609000	101.304000	80.200000	82.979100	72.768300	66.725800	71.894600	63.997100	87.359700	107.737000	120.598000	96.612600	82.886100	45.218000	46.798500	43.151100	39.573500	49.605200	69.090600	89.639800	108.209000	118.621000	117.824000	116.467000	109.069000	106.566000	0.765000	0.000000	0.556163	0.000000	0.507220	0.000000	0.438455	0.000000	0.420568	0.000000	0.451771	0.000000	0.461781	0.000000	0.467067	0.062400	0.431522	0.289500	0.323840	0.465900	49.680000	56.954100	62.012800	72.064300	80.536600	105.234000	108.345000	132.777000	127.824000	116.095000	114.339000	108.576000	0.229353	0.691200	0.175860	0.635100	0.074095	0.681900	0.125534	0.533000	0.100813	0.495500	0.248920	0.263400	0.361772	0.027300	0.501176	0.000000	0.625237	0.000000	0.695373	0.000000	0.747092	0.000000	0.749683	0.000000	0.693725	0.000000	0.642414	0.000000	0.432205	1.428730	1.430790	0.841936	0.996111	0.628133	1.260400	0.650223	0.580208	1.262260	4.097540	0.000000	0.000000	326.070000	30.936200	12.104600	0.000000	0.860258	0.000000	0.622871	0.665526	0.619562	0.629219	0.634596	
   69	93.960000	84.990000	75.000000	65.100000	64.890000	65.180000	75.200000	95.000000	107.990000	87.800000	69.390000	50.000000	33.200000	33.200000	29.800000	14.000000	64.780000	84.990000	116.490000	125.010000	122.110000	116.920000	107.740000	87.220000	60.000000	14.680800	24.840500	25.039400	25.247500	27.286000	35.543700	35.000800	7.444480	21.992300	51.567300	50.987100	43.717400	51.289900	51.204700	66.387600	72.321600	65.914400	21.597300	38.834400	4.373600	5.430690	12.169000	12.940000	93.960000	83.511500	81.815200	79.945900	81.159200	72.088300	88.879800	104.167000	105.803000	86.481100	72.400000	55.453500	46.070800	45.870100	49.197600	61.559400	73.878900	81.079700	106.207000	133.292000	130.230000	134.223000	120.760000	112.555000	80.200000	99.199800	92.384600	79.655800	88.292700	87.024000	97.590000	124.435000	125.888000	105.693000	83.025200	64.402800	55.181500	50.708300	20.886800	26.198000	46.341000	66.096700	82.443500	107.367000	107.636000	122.356000	109.824000	97.954900	0.765000	0.000000	0.481059	0.000000	0.400961	0.000000	0.348044	0.000000	0.354254	0.000000	0.388066	0.000000	0.418261	0.000000	0.414070	0.033000	0.343612	0.097400	0.258007	0.248600	49.680000	120.184000	122.898000	136.728000	134.379000	148.653000	124.466000	136.688000	126.779000	112.006000	115.261000	109.280000	0.167385	0.448300	0.114635	0.728000	0.139295	0.810600	0.210616	0.691100	0.261288	0.636500	0.324744	0.277700	0.414210	0.019500	0.533902	0.000000	0.631101	0.000000	0.683710	0.000000	0.735186	0.000000	0.764859	0.000000	0.735150	0.000000	0.670682	0.000000	0.432205	0.797194	0.950588	1.164450	1.955730	0.833541	0.682327	0.584512	0.000000	1.521820	9.339980	3.008870	0.000000	446.542000	76.305600	2.488300	3.863490	0.001410	4.386310	0.000000	0.665219	0.528060	0.538268	0.764220	
   70	93.960000	84.990000	75.000000	65.100000	64.890000	65.180000	75.200000	95.000000	107.990000	87.800000	69.390000	50.000000	33.200000	33.200000	29.800000	14.000000	64.780000	84.990000	116.490000	125.010000	122.110000	116.920000	107.740000	87.220000	60.000000	23.666900	21.913300	24.279800	25.192000	27.776000	41.181300	72.737200	7.434660	28.412900	40.883600	48.884500	44.363300	51.410800	55.292800	63.914800	69.217100	61.206300	44.669700	38.834400	4.373600	5.430690	12.169000	12.940000	93.960000	91.684400	81.794200	84.547800	78.177600	78.809900	92.502200	109.392000	106.433000	78.186400	74.504600	52.054100	45.919800	49.360200	51.035400	63.756000	77.883000	93.093600	114.304000	117.799000	119.916000	110.654000	104.609000	101.304000	80.200000	82.979100	72.768300	66.725800	71.894600	63.997100	87.359700	107.737000	120.598000	96.612600	82.886100	45.218000	46.798500	43.151100	39.573500	49.605200	69.090600	89.639800	108.209000	118.621000	117.824000	116.467000	109.069000	106.566000	0.765000	0.000000	0.556163	0.000000	0.507220	0.000000	0.438455	0.000000	0.420568	0.000000	0.451771	0.000000	0.461781	0.000000	0.467067	0.062400	0.431522	0.289500	0.323840	0.465900	49.680000	56.954100	62.012800	72.064300	80.536600	105.234000	108.345000	132.777000	127.824000	116.095000	114.339000	108.576000	0.229353	0.691200	0.175860	0.635100	0.074095	0.681900	0.125534	0.533000	0.100813	0.495500	0.248920	0.263400	0.361772	0.027300	0.501176	0.000000	0.625237	0.000000	0.695373	0.000000	0.747092	0.000000	0.749683	0.000000	0.693725	0.000000	0.642414	0.000000	0.432205	1.428730	1.430790	0.841936	0.996111	0.628133	1.260400	0.650223	0.580208	1.262260	4.097540	0.000000	0.000000	326.070000	30.936200	12.104600	0.000000	0.860258	0.000000	0.622871	0.665526	0.619562	0.629219	0.634596	
   71	93.960000	84.990000	75.000000	65.100000	64.890000	65.180000	75.200000	95.000000	107.990000	87.800000	69.390000	50.000000	33.200000	33.200000	29.800000	14.000000	64.780000	84.990000	116.490000	125.010000	122.110000	116.920000	107.740000	87.220000	60.000000	25.292800	23.192800	23.014700	31.224900	31.562000	44.597800	58.422900	17.361000	24.582600	46.215000	52.707300	46.802800	54.174700	58.422500	63.892600	73.288200	65.445500	29.206400	42.974100	25.126700	20.681300	13.870900	17.284600	93.960000	96.811300	83.596800	90.774800	88.678200	85.429600	97.691900	110.901000	113.306000	97.695100	56.509500	47.887800	46.225000	50.533000	53.280500	58.586800	76.416300	71.191700	110.017000	114.152000	123.667000	127.970000	107.703000	106.903000	80.200000	77.052700	68.178400	53.728500	58.447500	62.117900	81.695100	107.021000	120.914000	85.079700	64.407400	50.992900	38.793300	34.791200	28.406700	38.240600	58.520300	74.421200	115.897000	120.651000	121.606000	128.533000	107.690000	103.454000	0.765000	0.000000	0.561197	0.000000	0.519572	0.000000	0.461849	0.000000	0.461049	0.000000	0.477088	0.000000	0.528514	0.000000	0.443446	0.069600	0.413757	0.273200	0.276672	0.457900	49.680000	66.415100	63.862300	74.608000	77.510800	104.829000	139.390000	132.072000	139.491000	114.049000	114.560000	103.493000	0.252810	0.551900	0.186479	1.121900	0.117180	0.773100	0.054413	0.701500	0.060021	0.654700	0.074074	0.137300	0.092068	0.015400	0.180072	0.000000	0.341426	0.000000	0.474837	0.000000	0.550212	0.000000	0.554091	0.000000	0.486787	0.000000	0.398545	0.000000	0.432205	0.820522	1.069340	0.835005	1.406630	1.361700	0.971492	0.608977	0.758917	1.532730	4.236460	0.000000	0.000000	307.878000	0.000000	2.518920	4.492140	0.000000	0.000000	0.806176	0.757599	0.653652	0.525716	0.405250	
   72	93.960000	84.990000	75.000000	65.100000	64.890000	65.180000	75.200000	95.000000	107.990000	87.800000	69.390000	50.000000	33.200000	33.200000	29.800000	14.000000	64.780000	84.990000	116.490000	125.010000	122.110000	116.920000	107.740000	87.220000	60.000000	23.666900	21.913300	24.279800	25.192000	27.776000	41.181300	72.737200	7.434660	28.412900	40.883600	48.884500	44.363300	51.410800	55.292800	63.914800	69.217100	61.206300	44.669700	38.834400	4.373600	5.430690	12.169000	12.940000	93.960000	91.684400	81.794200	84.547800	78.177600	78.809900	92.502200	109.392000	106.433000	78.186400	74.504600	52.054100	45.919800	49.360200	51.035400	63.756000	77.883000	93.093600	114.304000	117.799000	119.916000	110.654000	104.609000	101.304000	80.200000	82.979100	72.768300	66.725800	71.894600	63.997100	87.359700	107.737000	120.598000	96.612600	82.886100	45.218000	46.798500	43.151100	39.573500	49.605200	69.090600	89.639800	108.209000	118.621000	117.824000	116.467000	109.069000	106.566000	0.765000	0.000000	0.556163	0.000000	0.507220	0.000000	0.438455	0.000000	0.420568	0.000000	0.451771	0.000000	0.461781	0.000000	0.467067	0.062400	0.431522	0.289500	0.323840	0.465900	49.680000	56.954100	62.012800	72.064300	80.536600	105.234000	108.345000	132.777000	127.824000	116.095000	114.339000	108.576000	0.229353	0.691200	0.175860	0.635100	0.074095	0.681900	0.125534	0.533000	0.100813	0.495500	0.248920	0.263400	0.361772	0.027300	0.501176	0.000000	0.625237	0.000000	0.695373	0.000000	0.747092	0.000000	0.749683	0.000000	0.693725	0.000000	0.658797	0.000000	0.432205	0.954955	0.851066	0.612741	0.710991	0.555173	1.006370	0.650880	0.229519	2.068240	6.532720	0.000000	0.000000	429.427000	28.694300	17.134800	0.000000	0.000000	0.000000	0.167554	0.567748	0.529975	0.557165	0.544111	
   73	93.960000	84.990000	75.000000	65.100000	64.890000	65.180000	75.200000	95.000000	107.990000	87.800000	69.390000	50.000000	33.200000	33.200000	29.800000	14.000000	64.780000	84.990000	116.490000	125.010000	122.110000	116.920000	107.740000	87.220000	60.000000	25.292800	23.192800	23.014700	31.224900	31.562000	44.597800	58.422900	17.361000	24.582600	46.215000	52.707300	46.802800	54.174700	58.422500	63.892600	73.288200	65.445500	29.206400	42.974100	25.126700	20.681300	13.870900	17.284600	93.960000	88.548200	81.770700	84.280100	85.099300	78.160400	93.338200	108.979000	108.967000	73.523400	72.801200	53.868100	45.637400	48.718200	51.880300	63.941300	77.564500	97.960200	118.536000	110.857000	124.359000	135.279000	110.278000	94.265500	80.200000	82.934200	68.085900	67.254400	68.521600	66.970500	88.122700	103.484000	121.124000	99.787400	70.330300	43.090800	48.967700	45.064000	39.371900	47.091500	69.344400	91.547300	110.758000	113.209000	121.049000	151.993000	107.725000	100.578000	0.765000	0.000000	0.553102	0.000000	0.499477	0.000000	0.439851	0.000000	0.452780	0.000000	0.476262	0.000000	0.481086	0.000000	0.467410	0.071600	0.377079	0.318400	0.338611	0.524200	49.680000	65.938300	59.822700	64.569600	73.660300	103.835000	112.558000	150.809000	147.985000	128.581000	115.453000	108.979000	0.226889	0.469700	0.193776	0.624200	0.076067	0.670200	0.073756	0.606600	0.100813	0.398100	0.245885	0.168700	0.364390	0.024500	0.412526	0.000000	0.522845	0.000000	0.494498	0.000000	0.572378	0.000000	0.590079	0.000000	0.509359	0.000000	0.467845	0.000000	0.432205	0.866325	1.083630	0.931830	1.024930	0.658874	0.887691	0.695635	0.202119	3.477430	0.000000	11.725500	9.870890	313.723000	2.272870	0.000000	28.266200	0.000000	0.000000	0.691728	0.652625	0.672623	0.701892	0.472408	
   74	93.960000	84.990000	75.000000	65.100000	64.890000	65.180000	75.200000	95.000000	107.990000	87.800000	69.390000	50.000000	33.200000	33.200000	29.800000	14.000000	64.780000	84.990000	116.490000	125.010000	122.110000	116.920000	107.740000	87.220000	60.000000	25.292800	23.192800	23.014700	31.224900	31.562000	44.597800	58.422900	17.361000	24.582600	46.215000	52.707300	46.802800	54.174700	58.422500	63.892600	73.288200	65.445500	29.206400	42.974100	25.126700	20.681300	13.870900	17.284600	93.960000	96.811300	83.596800	90.774800	88.678200	85.429600	97.691900	110.901000	113.306000	97.695100	56.509500	47.887800	46.225000	50.533000	53.280500	58.586800	76.416300	71.191700	110.017000	114.152000	123.667000	127.970000	107.703000	106.903000	80.200000	77.052700	68.178400	53.728500	58.447500	62.117900	81.695100	107.021000	120.914000	85.079700	64.407400	50.992900	38.793300	34.791200	28.406700	38.240600	58.520300	74.421200	115.897000	120.651000	121.606000	128.533000	107.690000	103.454000	0.765000	0.000000	0.561197	0.000000	0.519572	0.000000	0.461849	0.000000	0.461049	0.000000	0.477088	0.000000	0.528514	0.000000	0.443446	0.069600	0.413757	0.273200	0.276672	0.457900	49.680000	61.526300	56.378700	60.537000	70.756400	89.300600	104.388000	128.291000	126.444000	105.034000	114.506000	101.228000	0.173098	1.114500	0.124425	1.257100	0.129354	0.937000	0.172839	0.568600	0.275542	0.436900	0.401925	0.196700	0.522375	0.019000	0.643477	0.000000	0.655951	0.000000	0.672928	0.000000	0.684797	0.000000	0.696234	0.000000	0.659982	0.000000	0.599489	0.000000	0.432205	0.327415	0.193264	0.820412	0.895881	0.797000	1.199040	1.449510	0.199111	0.000000	5.270910	2.693620	0.000000	313.965000	148.409000	83.093000	0.000000	0.000000	0.000000	0.724066	0.708152	0.740974	0.651544	0.578694	
   75	93.960000	84.990000	75.000000	65.100000	64.890000	65.180000	75.200000	95.000000	107.990000	87.800000	69.390000	50.000000	33.200000	33.200000	29.800000	14.000000	64.780000	84.990000	116.490000	125.010000	122.110000	116.920000	107.740000	87.220000	60.000000	14.680800	24.840500	25.039400	25.247500	27.286000	35.543700	35.000800	7.444480	21.992300	51.567300	50.987100	43.717400	51.289900	51.204700	66.387600	72.321600	65.914400	21.597300	38.834400	4.373600	5.430690	12.169000	12.940000	93.960000	82.811500	84.140000	79.009700	85.091200	79.859100	93.537000	107.924000	112.699000	84.017800	77.809500	57.919100	38.295100	51.794600	50.756600	62.668300	90.980500	124.481000	138.069000	133.937000	123.654000	105.236000	105.204000	101.185000	80.200000	57.941100	53.432400	43.213900	74.935900	78.111700	86.871600	114.057000	121.888000	88.438200	75.413400	52.271800	45.081500	50.418500	37.675800	45.550300	72.957600	95.404500	115.811000	120.130000	126.876000	114.964000	112.715000	105.920000	0.765000	0.000000	0.505508	0.000000	0.431442	0.000000	0.334232	0.000000	0.250558	0.000000	0.278068	0.000000	0.290094	0.000000	0.287252	0.042100	0.209639	0.340400	0.162589	0.852200	49.680000	72.525400	72.189300	84.424400	91.716900	102.276000	106.958000	134.748000	121.339000	109.592000	111.179000	106.149000	0.115649	1.113400	0.080687	1.082200	0.074064	0.905600	0.108392	0.648100	0.184298	0.558100	0.297444	0.273800	0.445210	0.024800	0.594379	0.000000	0.703820	0.000000	0.788717	0.000000	0.820491	0.000000	0.846475	0.000000	0.821286	0.000000	0.790446	0.000000	0.432205	0.786069	0.398629	1.162040	0.000000	0.000000	0.519070	0.157834	0.359677	1.559350	0.000000	0.000000	0.000000	498.997000	48.683600	0.000000	24.014500	0.000000	0.000000	1.266410	0.719780	0.607697	0.821751	0.400285	
   76	93.960000	84.990000	75.000000	65.100000	64.890000	65.180000	75.200000	95.000000	107.990000	87.800000	69.390000	50.000000	33.200000	33.200000	29.800000	14.000000	64.780000	84.990000	116.490000	125.010000	122.110000	116.920000	107.740000	87.220000	60.000000	23.666900	21.913300	24.279800	25.192000	27.776000	41.181300	72.737200	7.434660	28.412900	40.883600	48.884500	44.363300	51.410800	55.292800	63.914800	69.217100	61.206300	44.669700	38.834400	4.373600	5.430690	12.169000	12.940000	93.960000	91.684400	81.794200	84.547800	78.177600	78.809900	92.502200	109.392000	106.433000	78.186400	74.504600	52.054100	45.919800	49.360200	51.035400	63.756000	77.883000	93.093600	114.304000	117.799000	119.916000	110.654000	104.609000	101.304000	80.200000	82.979100	72.768300	66.725800	71.894600	63.997100	87.359700	107.737000	120.598000	96.612600	82.886100	45.218000	46.798500	43.151100	39.573500	49.605200	69.090600	89.639800	108.209000	118.621000	117.824000	116.467000	109.069000	106.566000	0.765000	0.000000	0.556163	0.000000	0.507220	0.000000	0.438455	0.000000	0.420568	0.000000	0.451771	0.000000	0.461781	0.000000	0.467067	0.062400	0.431522	0.289500	0.323840	0.465900	49.680000	56.954100	62.012800	72.064300	80.536600	105.234000	108.345000	132.777000	127.824000	116.095000	114.339000	108.576000	0.229353	0.691200	0.175860	0.635100	0.074095	0.681900	0.125534	0.533000	0.100813	0.495500	0.248920	0.263400	0.361772	0.027300	0.501176	0.000000	0.625237	0.000000	0.695373	0.000000	0.747092	0.000000	0.749683	0.000000	0.693725	0.000000	0.642414	0.000000	0.432205	1.428730	1.430790	0.841936	0.996111	0.628133	1.260400	0.650223	0.580208	1.262260	4.097540	0.000000	0.000000	326.070000	30.936200	12.104600	0.000000	0.860258	0.000000	0.622871	0.665526	0.619562	0.629219	0.634596	
   77	93.960000	84.990000	75.000000	65.100000	64.890000	65.180000	75.200000	95.000000	107.990000	87.800000	69.390000	50.000000	33.200000	33.200000	29.800000	14.000000	64.780000	84.990000	116.490000	125.010000	122.110000	116.920000	107.740000	87.220000	60.000000	25.292800	23.192800	23.014700	31.224900	31.562000	44.597800	58.422900	17.361000	24.582600	46.215000	52.707300	46.802800	54.174700	58.422500	63.892600	73.288200	65.445500	29.206400	42.974100	25.126700	20.681300	13.870900	17.284600	93.960000	96.811300	83.596800	90.774800	88.678200	85.429600	97.691900	110.901000	113.306000	97.695100	56.509500	47.887800	46.225000	50.533000	53.280500	58.586800	76.416300	71.191700	110.017000	114.152000	123.667000	127.970000	107.703000	106.903000	80.200000	77.052700	68.178400	53.728500	58.447500	62.117900	81.695100	107.021000	120.914000	85.079700	64.407400	50.992900	38.793300	34.791200	28.406700	38.240600	58.520300	74.421200	115.897000	120.651000	121.606000	128.533000	107.690000	103.454000	0.765000	0.000000	0.561197	0.000000	0.519572	0.000000	0.461849	0.000000	0.461049	0.000000	0.477088	0.000000	0.528514	0.000000	0.443446	0.069600	0.413757	0.273200	0.276672	0.457900	49.680000	66.415100	63.862300	74.608000	77.510800	104.829000	139.390000	132.072000	139.491000	114.049000	114.560000	103.493000	0.252810	0.551900	0.186479	1.121900	0.117180	0.773100	0.056437	1.081100	0.086374	0.896600	0.157490	0.445900	0.239234	0.034800	0.309018	0.000000	0.405490	0.000000	0.494498	0.000000	0.582702	0.000000	0.626480	0.000000	0.593041	0.000000	0.564331	0.000000	0.432205	0.851114	0.968634	0.877080	0.767054	0.746722	0.835737	0.657603	0.681851	1.254090	10.699000	12.464200	6.157320	250.331000	3.301640	0.000000	21.051700	0.260472	20.135200	0.038896	0.330403	0.670025	0.829244	0.645870	
   78	93.960000	84.990000	75.000000	65.100000	64.890000	65.180000	75.200000	95.000000	107.990000	87.800000	69.390000	50.000000	33.200000	33.200000	29.800000	14.000000	64.780000	84.990000	116.490000	125.010000	122.110000	116.920000	107.740000	87.220000	60.000000	14.680800	24.840500	25.039400	25.247500	27.286000	35.543700	35.000800	7.444480	21.992300	51.567300	50.987100	43.717400	51.289900	51.204700	66.387600	72.321600	65.914400	21.597300	38.834400	4.373600	5.430690	12.169000	12.940000	93.960000	92.539900	91.341900	84.079100	81.352700	81.805600	82.687700	102.796000	138.015000	108.963000	74.914500	47.359100	44.595100	51.421200	54.254000	74.107300	65.511200	75.694200	93.169100	106.001000	103.209000	117.539000	109.188000	101.435000	80.200000	87.824200	80.180400	73.420100	78.453400	82.542400	93.166000	104.183000	130.801000	100.616000	77.436300	58.529000	54.822500	63.271300	64.539400	77.967400	77.844100	101.310000	100.960000	95.080200	107.107000	116.851000	96.815200	76.733300	0.765000	0.000000	0.543077	0.000000	0.478583	0.000000	0.443210	0.000000	0.455728	0.000000	0.480408	0.000000	0.471161	0.000000	0.387288	0.106600	0.312931	0.622300	0.322298	0.621100	49.680000	37.204400	36.678600	46.962800	50.562600	78.167100	92.140100	110.066000	116.735000	133.235000	122.823000	128.190000	0.226869	0.542700	0.129431	0.835000	0.064198	0.814400	0.074314	0.710000	0.148412	0.490000	0.201985	0.252000	0.367144	0.016100	0.469895	0.000000	0.589935	0.000000	0.672725	0.000000	0.720083	0.000000	0.736954	0.000000	0.697382	0.000000	0.639321	0.000000	0.432205	0.817156	0.708234	0.911852	0.816485	0.383020	0.928346	0.450541	0.708554	2.513670	0.000000	4.758520	7.282450	161.130000	0.000000	5.622930	30.172800	0.575488	0.000000	0.347382	0.227915	0.652200	0.790427	0.573636	
   79	93.960000	84.990000	75.000000	65.100000	64.890000	65.180000	75.200000	95.000000	107.990000	87.800000	69.390000	50.000000	33.200000	33.200000	29.800000	14.000000	64.780000	84.990000	116.490000	125.010000	122.110000	116.920000	107.740000	87.220000	60.000000	23.666900	21.913300	24.279800	25.192000	27.776000	41.181300	72.737200	7.434660	28.412900	40.883600	48.884500	44.363300	51.410800	55.292800	63.914800	69.217100	61.206300	44.669700	38.834400	4.373600	5.430690	12.169000	12.940000	93.960000	91.684400	81.794200	84.547800	78.177600	78.809900	92.502200	109.392000	106.433000	78.186400	74.504600	52.054100	45.919800	49.360200	51.035400	63.756000	77.883000	93.093600	114.304000	117.799000	119.916000	110.654000	104.609000	101.304000	80.200000	82.979100	72.768300	66.725800	71.894600	63.997100	87.359700	107.737000	120.598000	96.612600	82.886100	45.218000	46.798500	43.151100	39.573500	49.605200	69.090600	89.639800	108.209000	118.621000	117.824000	116.467000	109.069000	106.566000	0.765000	0.000000	0.556163	0.000000	0.507220	0.000000	0.438455	0.000000	0.420568	0.000000	0.451771	0.000000	0.461781	0.000000	0.467067	0.062400	0.431522	0.289500	0.323840	0.465900	49.680000	56.954100	62.012800	72.064300	80.536600	105.234000	108.345000	132.777000	127.824000	116.095000	114.339000	108.576000	0.229353	0.691200	0.175860	0.635100	0.074095	0.681900	0.125534	0.533000	0.100813	0.495500	0.248920	0.263400	0.361772	0.027300	0.501176	0.000000	0.625237	0.000000	0.695373	0.000000	0.747092	0.000000	0.749683	0.000000	0.693725	0.000000	0.642414	0.000000	0.432205	1.428730	1.430790	0.841936	0.996111	0.628133	1.260400	0.650223	0.580208	1.262260	4.097540	0.000000	0.000000	326.070000	30.936200	12.104600	0.000000	0.860258	0.000000	0.622871	0.665526	0.619562	0.629219	0.634596	
   80	93.960000	84.990000	75.000000	65.100000	64.890000	65.180000	75.200000	95.000000	107.990000	87.800000	69.390000	50.000000	33.200000	33.200000	29.800000	14.000000	64.780000	84.990000	116.490000	125.010000	122.110000	116.920000	107.740000	87.220000	60.000000	25.292800	23.192800	23.014700	31.224900	31.562000	44.597800	58.422900	17.361000	24.582600	46.215000	52.707300	46.802800	54.174700	58.422500	63.892600	73.288200	65.445500	29.206400	42.974100	25.126700	20.681300	13.870900	17.284600	93.960000	96.811300	83.596800	90.774800	88.678200	85.429600	97.691900	110.901000	113.306000	97.695100	56.509500	47.887800	46.225000	50.533000	53.280500	58.586800	76.416300	71.191700	110.017000	114.152000	123.667000	127.970000	107.703000	106.903000	80.200000	77.052700	68.178400	53.728500	58.447500	62.117900	81.695100	107.021000	120.914000	85.079700	64.407400	50.992900	38.793300	34.791200	28.406700	38.240600	58.520300	74.421200	115.897000	120.651000	121.606000	128.533000	107.690000	103.454000	0.765000	0.000000	0.561197	0.000000	0.519572	0.000000	0.461849	0.000000	0.461049	0.000000	0.477088	0.000000	0.528514	0.000000	0.443446	0.069600	0.413757	0.273200	0.276672	0.457900	49.680000	66.415100	63.862300	74.608000	77.510800	104.829000	139.390000	132.072000	139.491000	114.049000	114.560000	103.493000	0.252810	0.551900	0.186479	1.121900	0.117180	0.773100	0.056437	1.081100	0.086374	0.896600	0.157490	0.445900	0.239234	0.034800	0.309018	0.000000	0.561335	0.000000	0.656794	0.000000	0.717589	0.000000	0.745696	0.000000	0.709862	0.000000	0.654322	0.000000	0.432205	1.081940	0.729123	0.786547	0.997935	0.447515	0.855982	0.520778	0.641663	0.707109	5.394710	0.576549	0.000000	186.714000	108.383000	0.000000	9.854900	0.372713	0.000000	0.573531	0.515346	0.483071	0.529369	0.831738	
   81	93.960000	84.990000	75.000000	65.100000	64.890000	65.180000	75.200000	95.000000	107.990000	87.800000	69.390000	50.000000	33.200000	33.200000	29.800000	14.000000	64.780000	84.990000	116.490000	125.010000	122.110000	116.920000	107.740000	87.220000	60.000000	23.666900	21.913300	24.279800	25.192000	27.776000	41.181300	72.737200	7.434660	28.412900	40.883600	48.884500	44.363300	51.410800	55.292800	63.914800	69.217100	61.206300	44.669700	38.834400	4.373600	5.430690	12.169000	12.940000	93.960000	91.684400	81.794200	84.547800	78.177600	78.809900	92.502200	109.392000	106.433000	78.186400	74.504600	52.054100	45.919800	49.360200	51.035400	63.756000	77.883000	93.093600	114.304000	117.799000	119.916000	110.654000	104.609000	101.304000	80.200000	82.979100	72.768300	66.725800	71.894600	63.997100	87.359700	107.737000	120.598000	96.612600	82.886100	45.218000	46.798500	43.151100	39.573500	49.605200	69.090600	89.639800	108.209000	118.621000	117.824000	116.467000	109.069000	106.566000	0.765000	0.000000	0.556163	0.000000	0.507220	0.000000	0.438455	0.000000	0.420568	0.000000	0.451771	0.000000	0.461781	0.000000	0.467067	0.062400	0.431522	0.289500	0.323840	0.465900	49.680000	56.954100	62.012800	72.064300	80.536600	105.234000	108.345000	132.777000	127.824000	116.095000	114.339000	108.576000	0.229353	0.691200	0.175860	0.635100	0.074095	0.681900	0.125534	0.533000	0.100813	0.495500	0.248920	0.263400	0.361772	0.027300	0.501176	0.000000	0.625237	0.000000	0.695373	0.000000	0.747092	0.000000	0.749683	0.000000	0.693725	0.000000	0.642414	0.000000	0.432205	1.428730	1.430790	0.841936	0.996111	0.628133	1.260400	0.650223	0.580208	1.262260	4.097540	0.000000	0.000000	326.070000	30.936200	12.104600	0.000000	0.860258	0.000000	0.622871	0.665526	0.619562	0.629219	0.634596	
   82	93.960000	84.990000	75.000000	65.100000	64.890000	65.180000	75.200000	95.000000	107.990000	87.800000	69.390000	50.000000	33.200000	33.200000	29.800000	14.000000	64.780000	84.990000	116.490000	125.010000	122.110000	116.920000	107.740000	87.220000	60.000000	23.666900	21.913300	24.279800	25.192000	27.776000	41.181300	72.737200	7.434660	28.412900	40.883600	48.884500	44.363300	51.410800	55.292800	63.914800	69.217100	61.206300	44.669700	38.834400	4.373600	5.430690	12.169000	12.940000	93.960000	91.684400	81.794200	84.547800	78.177600	78.809900	92.502200	109.392000	106.433000	78.186400	74.504600	52.054100	45.919800	49.360200	51.035400	63.756000	77.883000	93.093600	114.304000	117.799000	119.916000	110.654000	104.609000	101.304000	80.200000	82.979100	72.768300	66.725800	71.894600	63.997100	87.359700	107.737000	120.598000	96.612600	82.886100	45.218000	46.798500	43.151100	39.573500	49.605200	69.090600	89.639800	108.209000	118.621000	117.824000	116.467000	109.069000	106.566000	0.765000	0.000000	0.556163	0.000000	0.507220	0.000000	0.438455	0.000000	0.420568	0.000000	0.451771	0.000000	0.461781	0.000000	0.467067	0.062400	0.431522	0.289500	0.323840	0.465900	49.680000	56.954100	62.012800	72.064300	80.536600	105.234000	108.345000	132.777000	127.824000	116.095000	114.339000	108.576000	0.229353	0.691200	0.175860	0.635100	0.074095	0.681900	0.125534	0.533000	0.100813	0.495500	0.248920	0.263400	0.361772	0.027300	0.501176	0.000000	0.625237	0.000000	0.695373	0.000000	0.747092	0.000000	0.749683	0.000000	0.693725	0.000000	0.642414	0.000000	0.432205	1.428730	1.430790	0.841936	0.996111	0.628133	1.260400	0.650223	0.580208	1.262260	4.097540	0.000000	0.000000	326.070000	30.936200	12.104600	0.000000	0.860258	0.000000	0.622871	0.665526	0.619562	0.629219	0.634596	
   83	93.960000	84.990000	75.000000	65.100000	64.890000	65.180000	75.200000	95.000000	107.990000	87.800000	69.390000	50.000000	33.200000	33.200000	29.800000	14.000000	64.780000	84.990000	116.490000	125.010000	122.110000	116.920000	107.740000	87.220000	60.000000	23.666900	21.913300	24.279800	25.192000	27.776000	41.181300	72.737200	7.434660	28.412900	40.883600	48.884500	44.363300	51.410800	55.292800	63.914800	69.217100	61.206300	44.669700	38.834400	4.373600	5.430690	12.169000	12.940000	93.960000	91.684400	81.794200	84.547800	78.177600	78.809900	92.502200	109.392000	106.433000	78.186400	74.504600	52.054100	45.919800	49.360200	51.035400	63.756000	77.883000	93.093600	114.304000	117.799000	119.916000	110.654000	104.609000	101.304000	80.200000	82.979100	72.768300	66.725800	71.894600	63.997100	87.359700	107.737000	120.598000	96.612600	82.886100	45.218000	46.798500	43.151100	39.573500	49.605200	69.090600	89.639800	108.209000	118.621000	117.824000	116.467000	109.069000	106.566000	0.765000	0.000000	0.556163	0.000000	0.507220	0.000000	0.438455	0.000000	0.420568	0.000000	0.451771	0.000000	0.461781	0.000000	0.467067	0.062400	0.431522	0.289500	0.323840	0.465900	49.680000	56.954100	62.012800	72.064300	80.536600	105.234000	108.345000	132.777000	127.824000	116.095000	114.339000	108.576000	0.229353	0.691200	0.175860	0.635100	0.074095	0.681900	0.125534	0.533000	0.100813	0.495500	0.248920	0.263400	0.361772	0.027300	0.501176	0.000000	0.625237	0.000000	0.695373	0.000000	0.747092	0.000000	0.749683	0.000000	0.693725	0.000000	0.660636	0.000000	0.432205	0.832048	1.162310	1.028950	1.112740	0.684480	0.515063	0.397783	0.229519	2.068240	6.532720	2.544040	0.000000	232.052000	37.102600	0.000000	1.109510	0.391184	0.000000	1.045650	0.602172	0.593686	0.681134	0.754310	
   84	93.960000	84.990000	75.000000	65.100000	64.890000	65.180000	75.200000	95.000000	107.990000	87.800000	69.390000	50.000000	33.200000	33.200000	29.800000	14.000000	64.780000	84.990000	116.490000	125.010000	122.110000	116.920000	107.740000	87.220000	60.000000	25.292800	23.192800	23.014700	31.224900	31.562000	44.597800	58.422900	17.361000	24.582600	46.215000	52.707300	46.802800	54.174700	58.422500	63.892600	73.288200	65.445500	29.206400	42.974100	25.126700	20.681300	13.870900	17.284600	93.960000	88.548200	81.770700	84.280100	85.099300	78.160400	93.338200	108.979000	108.967000	73.523400	72.801200	53.868100	45.637400	48.718200	51.880300	63.941300	77.564500	97.960200	118.536000	110.857000	124.359000	135.279000	110.278000	94.265500	80.200000	82.934200	68.085900	67.254400	68.521600	66.970500	88.122700	103.484000	121.124000	99.787400	70.330300	43.090800	48.967700	45.064000	39.371900	47.091500	69.344400	91.547300	110.758000	113.209000	121.049000	151.993000	107.725000	100.578000	0.765000	0.000000	0.553102	0.000000	0.499477	0.000000	0.439851	0.000000	0.452780	0.000000	0.476262	0.000000	0.481086	0.000000	0.467410	0.071600	0.377079	0.318400	0.338611	0.524200	49.680000	65.938300	59.822700	64.569600	73.660300	103.835000	112.558000	150.809000	147.985000	128.581000	115.453000	108.979000	0.226889	0.469700	0.193776	0.624200	0.076067	0.670200	0.073756	0.606600	0.100813	0.398100	0.245885	0.168700	0.364390	0.024500	0.412526	0.000000	0.522845	0.000000	0.494498	0.000000	0.572378	0.000000	0.590079	0.000000	0.509359	0.000000	0.467845	0.000000	0.432205	0.866325	1.083630	0.931830	1.024930	0.658874	0.887691	0.695635	0.202119	3.477430	0.000000	11.725500	9.870890	313.723000	2.272870	0.000000	28.266200	0.000000	0.000000	0.691728	0.652625	0.672623	0.701892	0.472408	
   85	93.960000	84.990000	75.000000	65.100000	64.890000	65.180000	75.200000	95.000000	107.990000	87.800000	69.390000	50.000000	33.200000	33.200000	29.800000	14.000000	64.780000	84.990000	116.490000	125.010000	122.110000	116.920000	107.740000	87.220000	60.000000	14.680800	24.840500	25.039400	25.247500	27.286000	35.543700	35.000800	7.444480	21.992300	51.567300	50.987100	43.717400	51.289900	51.204700	66.387600	72.321600	65.914400	21.597300	38.834400	4.373600	5.430690	12.169000	12.940000	93.960000	84.174200	80.152700	78.250400	90.773400	85.638900	101.216000	114.976000	121.877000	99.237200	76.266400	67.229300	67.662800	59.922300	66.063700	66.870800	80.422200	100.008000	115.021000	117.799000	119.916000	110.654000	104.609000	101.304000	80.200000	86.037100	62.217800	57.376200	67.564500	68.608300	90.009200	112.552000	128.290000	101.926000	85.106900	72.875800	74.622600	64.501800	63.363700	64.117100	90.049400	105.211000	123.450000	118.621000	117.824000	116.467000	109.069000	106.566000	0.765000	0.000000	0.688163	0.000000	0.638856	0.000000	0.569111	0.000000	0.536569	0.000000	0.568734	0.000000	0.624339	0.000000	0.632777	0.059300	0.496881	0.672300	0.376646	0.979800	49.680000	66.389600	65.029100	71.324500	86.522500	108.333000	102.172000	137.510000	151.984000	133.504000	121.410000	111.655000	0.401912	1.051300	0.362125	1.150300	0.308933	0.783500	0.294178	0.837300	0.340561	0.473500	0.407559	0.206600	0.507341	0.014500	0.649905	0.000000	0.758984	0.000000	0.819418	0.000000	0.841064	0.000000	0.840989	0.000000	0.791397	0.000000	0.729204	0.000000	0.432205	0.279058	0.438340	0.289758	0.006995	0.000000	0.673439	0.459190	0.608989	1.855390	0.000000	16.270700	11.575500	304.966000	23.534000	0.000000	17.321500	0.064946	4.666330	0.590705	0.773052	0.577478	0.508796	0.525987	
   86	93.960000	84.990000	75.000000	65.100000	64.890000	65.180000	75.200000	95.000000	107.990000	87.800000	69.390000	50.000000	33.200000	33.200000	29.800000	14.000000	64.780000	84.990000	116.490000	125.010000	122.110000	116.920000	107.740000	87.220000	60.000000	25.292800	23.192800	23.014700	31.224900	31.562000	44.597800	58.422900	17.361000	24.582600	46.215000	52.707300	46.802800	54.174700	58.422500	63.892600	73.288200	65.445500	29.206400	42.974100	25.126700	20.681300	13.870900	17.284600	93.960000	88.548200	81.770700	84.280100	85.099300	78.160400	93.338200	108.979000	108.967000	73.523400	72.801200	53.868100	45.637400	48.718200	51.880300	63.941300	77.564500	97.960200	118.536000	110.857000	124.359000	135.279000	110.278000	94.265500	80.200000	82.934200	68.085900	67.254400	68.521600	66.970500	88.122700	103.484000	121.124000	99.787400	70.330300	43.090800	48.967700	45.064000	39.371900	47.091500	69.344400	91.547300	110.758000	113.209000	121.049000	151.993000	107.725000	100.578000	0.765000	0.000000	0.553102	0.000000	0.499477	0.000000	0.439851	0.000000	0.452780	0.000000	0.476262	0.000000	0.481086	0.000000	0.467410	0.071600	0.377079	0.318400	0.338611	0.524200	49.680000	65.938300	59.822700	64.569600	73.660300	103.835000	112.558000	150.809000	147.985000	128.581000	115.453000	108.979000	0.226889	0.469700	0.193776	0.624200	0.076067	0.670200	0.073756	0.606600	0.100813	0.398100	0.245885	0.168700	0.364390	0.024500	0.412526	0.000000	0.536831	0.000000	0.746754	0.000000	0.802242	0.000000	0.928507	0.000000	0.954423	0.000000	0.700713	0.000000	0.432205	1.168350	1.270710	1.369290	1.475340	0.791330	1.142200	0.909028	0.290010	2.585450	2.670020	9.926070	10.612400	262.139000	0.000000	0.000000	20.833600	0.000000	0.000000	0.409916	0.448979	0.565298	0.754945	0.713472	
   87	93.960000	84.990000	75.000000	65.100000	64.890000	65.180000	75.200000	95.000000	107.990000	87.800000	69.390000	50.000000	33.200000	33.200000	29.800000	14.000000	64.780000	84.990000	116.490000	125.010000	122.110000	116.920000	107.740000	87.220000	60.000000	14.680800	24.840500	25.039400	25.247500	27.286000	35.543700	35.000800	7.444480	21.992300	51.567300	50.987100	43.717400	51.289900	51.204700	66.387600	72.321600	65.914400	21.597300	38.834400	4.373600	5.430690	12.169000	12.940000	93.960000	88.566800	82.180900	84.591400	81.296000	79.798900	95.044400	106.764000	111.451000	98.304000	81.104300	63.978800	58.545500	61.866300	64.541900	69.085700	80.634600	94.462000	125.839000	122.645000	122.479000	124.522000	107.629000	100.817000	80.200000	87.915900	73.678100	72.769300	74.755800	77.094000	93.570800	120.499000	132.323000	109.700000	83.096900	68.399900	68.259300	73.642900	68.990400	74.156200	99.776400	113.675000	104.560000	110.636000	117.416000	132.043000	110.830000	98.962200	0.765000	0.000000	0.675445	0.000000	0.624474	0.000000	0.556977	0.000000	0.544484	0.000000	0.536200	0.000000	0.524611	0.000000	0.480808	0.068200	0.379223	0.200600	0.326038	0.305200	49.680000	71.378800	46.463500	56.114500	67.277600	88.980000	96.916400	119.540000	127.516000	149.848000	143.583000	131.388000	0.242349	0.288800	0.163344	0.372800	0.111433	0.403800	0.049787	0.342800	0.000000	0.373000	0.000000	0.295200	0.065032	0.022300	0.159456	0.000000	0.580306	0.000000	0.588730	0.000000	0.578560	0.000000	0.563037	0.000000	0.514362	0.000000	0.473203	0.000000	0.432205	0.516496	0.850599	0.000000	0.000000	0.696074	0.702888	0.783891	0.765685	0.272308	5.952640	10.329400	18.301400	267.704000	0.000000	0.000000	15.565700	1.715910	0.000000	0.498765	0.578120	0.596048	0.811297	0.582121	
   88	93.960000	84.990000	75.000000	65.100000	64.890000	65.180000	75.200000	95.000000	107.990000	87.800000	69.390000	50.000000	33.200000	33.200000	29.800000	14.000000	64.780000	84.990000	116.490000	125.010000	122.110000	116.920000	107.740000	87.220000	60.000000	23.666900	21.913300	24.279800	25.192000	27.776000	41.181300	72.737200	7.434660	28.412900	40.883600	48.884500	44.363300	51.410800	55.292800	63.914800	69.217100	61.206300	44.669700	38.834400	4.373600	5.430690	12.169000	12.940000	93.960000	91.684400	81.794200	84.547800	78.177600	78.809900	92.502200	109.392000	106.433000	78.186400	74.504600	52.054100	45.919800	49.360200	51.035400	63.756000	77.883000	93.093600	114.304000	117.799000	119.916000	110.654000	104.609000	101.304000	80.200000	82.979100	72.768300	66.725800	71.894600	63.997100	87.359700	107.737000	120.598000	96.612600	82.886100	45.218000	46.798500	43.151100	39.573500	49.605200	69.090600	89.639800	108.209000	118.621000	117.824000	116.467000	109.069000	106.566000	0.765000	0.000000	0.556163	0.000000	0.507220	0.000000	0.438455	0.000000	0.420568	0.000000	0.451771	0.000000	0.461781	0.000000	0.467067	0.062400	0.431522	0.289500	0.323840	0.465900	49.680000	56.954100	62.012800	72.064300	80.536600	105.234000	108.345000	132.777000	127.824000	116.095000	114.339000	108.576000	0.229353	0.691200	0.175860	0.635100	0.074095	0.681900	0.125534	0.533000	0.100813	0.495500	0.248920	0.263400	0.361772	0.027300	0.501176	0.000000	0.625237	0.000000	0.695373	0.000000	0.747092	0.000000	0.749683	0.000000	0.693725	0.000000	0.642414	0.000000	0.432205	1.428730	1.430790	0.841936	0.996111	0.628133	1.260400	0.650223	0.580208	1.262260	4.097540	0.000000	0.000000	326.070000	30.936200	12.104600	0.000000	0.860258	0.000000	0.622871	0.665526	0.619562	0.629219	0.634596	
   89	93.960000	84.990000	75.000000	65.100000	64.890000	65.180000	75.200000	95.000000	107.990000	87.800000	69.390000	50.000000	33.200000	33.200000	29.800000	14.000000	64.780000	84.990000	116.490000	125.010000	122.110000	116.920000	107.740000	87.220000	60.000000	14.680800	24.840500	25.039400	25.247500	27.286000	35.543700	35.000800	7.444480	21.992300	51.567300	50.987100	43.717400	51.289900	51.204700	66.387600	72.321600	65.914400	21.597300	38.834400	4.373600	5.430690	12.169000	12.940000	93.960000	101.574000	94.483300	90.789700	87.243800	82.979200	96.090900	109.868000	105.001000	82.923300	70.235100	61.229500	54.820600	52.947400	57.020000	67.342800	74.959900	85.245500	107.368000	127.089000	127.082000	107.919000	106.426000	96.375400	80.200000	73.090700	65.770000	56.088000	55.522300	63.283100	74.920400	98.424200	126.781000	106.010000	81.740900	56.749500	51.608100	47.014800	48.855600	66.900900	84.024400	92.565200	114.041000	124.366000	123.143000	118.312000	107.373000	96.865500	0.765000	0.000000	0.513017	0.000000	0.416070	0.000000	0.343574	0.000000	0.325072	0.000000	0.348017	0.000000	0.347620	0.000000	0.313330	0.040200	0.170379	0.189900	0.046816	0.332600	49.680000	79.001100	77.546100	72.064300	80.536600	105.234000	108.345000	132.777000	127.824000	116.095000	114.339000	108.576000	0.000000	0.273400	0.000000	0.372000	0.000000	0.455300	0.000000	0.679000	0.000000	0.605000	0.000000	0.166200	0.000000	0.014300	0.131245	0.000000	0.281440	0.000000	0.400352	0.000000	0.483654	0.000000	0.520777	0.000000	0.509359	0.000000	0.467845	0.000000	0.432205	0.743050	0.906570	1.160670	1.258790	0.494334	1.041500	0.849565	0.782816	1.928810	27.586400	11.725500	9.870890	313.723000	2.272870	0.000000	28.266200	0.000000	0.000000	0.691728	0.652625	0.672623	0.701892	0.472408	
   90	93.960000	84.990000	75.000000	65.100000	64.890000	65.180000	75.200000	95.000000	107.990000	87.800000	69.390000	50.000000	33.200000	33.200000	29.800000	14.000000	64.780000	84.990000	116.490000	125.010000	122.110000	116.920000	107.740000	87.220000	60.000000	25.292800	23.192800	23.014700	31.224900	31.562000	44.597800	58.422900	17.361000	24.582600	46.215000	52.707300	46.802800	54.174700	58.422500	63.892600	73.288200	65.445500	29.206400	42.974100	25.126700	20.681300	13.870900	17.284600	93.960000	88.548200	81.770700	84.280100	85.099300	78.160400	93.338200	108.979000	108.967000	73.523400	72.801200	53.868100	45.637400	48.718200	51.880300	63.941300	77.564500	97.960200	118.536000	110.857000	124.359000	135.279000	110.278000	94.265500	80.200000	82.934200	68.085900	67.254400	68.521600	66.970500	88.122700	103.484000	121.124000	99.787400	70.330300	43.090800	48.967700	45.064000	39.371900	47.091500	69.344400	91.547300	110.758000	113.209000	121.049000	151.993000	107.725000	100.578000	0.765000	0.000000	0.553102	0.000000	0.499477	0.000000	0.439851	0.000000	0.452780	0.000000	0.476262	0.000000	0.481086	0.000000	0.467410	0.071600	0.377079	0.318400	0.338611	0.524200	49.680000	65.938300	59.822700	64.569600	73.660300	103.835000	112.558000	150.809000	147.985000	128.581000	115.453000	108.979000	0.226889	0.469700	0.193776	0.624200	0.076067	0.670200	0.073756	0.606600	0.100813	0.398100	0.245885	0.168700	0.364390	0.024500	0.412526	0.000000	0.522845	0.000000	0.494498	0.000000	0.572378	0.000000	0.590079	0.000000	0.593041	0.000000	0.564331	0.000000	0.432205	0.494169	0.772105	1.575140	1.701480	0.906071	1.127470	0.816366	0.734430	1.995620	8.732600	12.464200	6.157320	250.331000	3.301640	0.000000	21.051700	0.260472	20.135200	0.038896	0.330403	0.670025	0.829244	0.645870	
   91	93.960000	84.990000	75.000000	65.100000	64.890000	65.180000	75.200000	95.000000	107.990000	87.800000	69.390000	50.000000	33.200000	33.200000	29.800000	14.000000	64.780000	84.990000	116.490000	125.010000	122.110000	116.920000	107.740000	87.220000	60.000000	25.292800	23.192800	23.014700	31.224900	31.562000	44.597800	58.422900	17.361000	24.582600	46.215000	52.707300	46.802800	54.174700	58.422500	63.892600	73.288200	65.445500	29.206400	42.974100	25.126700	20.681300	13.870900	17.284600	93.960000	88.548200	81.770700	84.280100	85.099300	78.160400	93.338200	108.979000	108.967000	73.523400	72.801200	53.868100	45.637400	48.718200	51.880300	63.941300	77.564500	97.960200	118.536000	110.857000	124.359000	135.279000	110.278000	94.265500	80.200000	82.934200	68.085900	67.254400	68.521600	66.970500	88.122700	103.484000	121.124000	99.787400	70.330300	43.090800	48.967700	45.064000	39.371900	47.091500	69.344400	91.547300	110.758000	113.209000	121.049000	151.993000	107.725000	100.578000	0.765000	0.000000	0.553102	0.000000	0.499477	0.000000	0.439851	0.000000	0.452780	0.000000	0.476262	0.000000	0.481086	0.000000	0.467410	0.071600	0.377079	0.318400	0.338611	0.524200	49.680000	65.938300	59.822700	64.569600	73.660300	103.835000	112.558000	150.809000	147.985000	128.581000	115.453000	108.979000	0.226889	0.469700	0.193776	0.624200	0.076067	0.670200	0.073756	0.606600	0.100813	0.398100	0.245885	0.168700	0.364390	0.024500	0.412526	0.000000	0.536831	0.000000	0.746754	0.000000	0.779370	0.000000	0.798039	0.000000	0.794762	0.000000	0.756744	0.000000	0.432205	0.655714	1.102070	0.887399	0.000000	0.091223	0.405441	0.588460	0.432389	2.045470	0.000000	0.000000	0.000000	418.480000	23.848700	1.161180	5.471980	0.000000	0.000000	1.157280	0.325108	0.604687	0.652841	0.279998	
   92	93.960000	84.990000	75.000000	65.100000	64.890000	65.180000	75.200000	95.000000	107.990000	87.800000	69.390000	50.000000	33.200000	33.200000	29.800000	14.000000	64.780000	84.990000	116.490000	125.010000	122.110000	116.920000	107.740000	87.220000	60.000000	23.666900	21.913300	24.279800	25.192000	27.776000	41.181300	72.737200	7.434660	28.412900	40.883600	48.884500	44.363300	51.410800	55.292800	63.914800	69.217100	61.206300	44.669700	38.834400	4.373600	5.430690	12.169000	12.940000	93.960000	91.684400	81.794200	84.547800	78.177600	78.809900	92.502200	109.392000	106.433000	78.186400	74.504600	52.054100	45.919800	49.360200	51.035400	63.756000	77.883000	93.093600	114.304000	117.799000	119.916000	110.654000	104.609000	101.304000	80.200000	82.979100	72.768300	66.725800	71.894600	63.997100	87.359700	107.737000	120.598000	96.612600	82.886100	45.218000	46.798500	43.151100	39.573500	49.605200	69.090600	89.639800	108.209000	118.621000	117.824000	116.467000	109.069000	106.566000	0.765000	0.000000	0.556163	0.000000	0.507220	0.000000	0.438455	0.000000	0.420568	0.000000	0.451771	0.000000	0.461781	0.000000	0.467067	0.062400	0.431522	0.289500	0.323840	0.465900	49.680000	56.954100	62.012800	72.064300	80.536600	105.234000	108.345000	132.777000	127.824000	116.095000	114.339000	108.576000	0.229353	0.691200	0.175860	0.635100	0.074095	0.681900	0.125534	0.533000	0.100813	0.495500	0.248920	0.263400	0.361772	0.027300	0.501176	0.000000	0.625237	0.000000	0.695373	0.000000	0.747092	0.000000	0.749683	0.000000	0.693725	0.000000	0.642414	0.000000	0.432205	1.428730	1.430790	0.841936	0.996111	0.628133	1.260400	0.650223	0.580208	1.262260	4.097540	0.000000	0.000000	326.070000	30.936200	12.104600	0.000000	0.860258	0.000000	0.622871	0.665526	0.619562	0.629219	0.634596	
   93	93.960000	84.990000	75.000000	65.100000	64.890000	65.180000	75.200000	95.000000	107.990000	87.800000	69.390000	50.000000	33.200000	33.200000	29.800000	14.000000	64.780000	84.990000	116.490000	125.010000	122.110000	116.920000	107.740000	87.220000	60.000000	14.680800	24.840500	25.039400	25.247500	27.286000	35.543700	35.000800	7.444480	21.992300	51.567300	50.987100	43.717400	51.289900	51.204700	66.387600	72.321600	65.914400	21.597300	38.834400	4.373600	5.430690	12.169000	12.940000	93.960000	90.127200	85.032200	83.032800	86.950600	84.059100	91.592800	115.166000	112.973000	92.349500	78.627100	55.370900	55.238800	60.247500	65.132200	76.798400	101.417000	108.957000	119.785000	134.599000	129.929000	128.928000	108.366000	110.481000	80.200000	69.745000	57.827200	55.088100	60.498000	51.706700	69.529600	89.021100	104.599000	85.430000	68.771000	60.700700	61.318000	66.296500	62.121900	70.060200	92.495200	106.762000	103.555000	115.769000	111.351000	118.748000	104.171000	95.526100	0.765000	0.000000	0.643987	0.000000	0.628659	0.000000	0.579277	0.000000	0.566019	0.000000	0.602297	0.000000	0.627544	0.000000	0.606992	0.052300	0.574624	0.364800	0.530986	0.485900	49.680000	33.067600	29.557200	38.119500	44.337800	59.937300	67.938900	75.352600	91.414900	83.634100	99.464600	128.190000	0.461930	0.705100	0.401241	1.127800	0.356367	0.706200	0.343208	0.808200	0.374719	0.539600	0.435037	0.212000	0.519820	0.035000	0.634677	0.000000	0.773312	0.000000	0.852707	0.000000	0.896440	0.000000	0.967014	0.000000	0.975122	0.000000	0.512511	0.000000	0.432205	0.000000	0.176631	0.074850	0.000000	0.000000	0.000000	0.097437	0.375634	1.197330	0.000000	6.092180	35.840800	346.793000	132.059000	31.300400	20.795500	0.000000	0.000000	0.079399	0.676824	0.603161	0.357563	0.552012	
   94	93.960000	84.990000	75.000000	65.100000	64.890000	65.180000	75.200000	95.000000	107.990000	87.800000	69.390000	50.000000	33.200000	33.200000	29.800000	14.000000	64.780000	84.990000	116.490000	125.010000	122.110000	116.920000	107.740000	87.220000	60.000000	14.680800	24.840500	25.039400	25.247500	27.286000	35.543700	35.000800	7.444480	21.992300	51.567300	50.987100	43.717400	51.289900	51.204700	66.387600	72.321600	65.914400	21.597300	38.834400	4.373600	5.430690	12.169000	12.940000	93.960000	98.306700	91.659300	88.814500	83.281400	88.204100	90.200900	106.603000	110.764000	102.488000	91.651300	68.772600	65.308000	72.930500	54.963200	70.666000	83.227100	81.011100	116.822000	118.834000	132.765000	127.270000	118.043000	112.243000	80.200000	92.384300	82.291900	83.098600	79.927700	86.237300	71.003200	102.539000	119.995000	89.677600	71.345900	47.452100	49.232200	52.463400	41.087300	56.265000	78.078900	83.229700	113.554000	113.513000	117.520000	123.474000	106.765000	99.103500	0.765000	0.000000	0.582848	0.000000	0.535840	0.000000	0.457486	0.000000	0.432707	0.000000	0.456743	0.000000	0.478942	0.000000	0.494402	0.120100	0.450596	0.531600	0.362023	0.676700	49.680000	95.267900	94.335500	106.783000	114.847000	146.826000	157.935000	112.402000	114.162000	108.015000	105.278000	89.566800	0.236118	0.995000	0.112789	0.962600	0.021260	0.648900	0.000000	0.558600	0.398021	0.406100	0.473973	0.160700	0.571423	0.016900	0.642394	0.000000	0.705876	0.000000	0.780621	0.000000	0.845893	0.000000	0.861155	0.000000	0.811339	0.000000	0.741718	0.000000	0.432205	0.691856	0.775015	0.617356	0.148866	0.581194	0.653316	0.751308	0.790541	0.833765	5.770680	0.000000	0.000000	483.901000	40.684300	14.594100	0.000000	0.160726	0.000000	1.791030	0.224618	0.583561	0.518129	0.603998	
   95	93.960000	84.990000	75.000000	65.100000	64.890000	65.180000	75.200000	95.000000	107.990000	87.800000	69.390000	50.000000	33.200000	33.200000	29.800000	14.000000	64.780000	84.990000	116.490000	125.010000	122.110000	116.920000	107.740000	87.220000	60.000000	25.292800	23.192800	23.014700	31.224900	31.562000	44.597800	58.422900	17.361000	24.582600	46.215000	52.707300	46.802800	54.174700	58.422500	63.892600	73.288200	65.445500	29.206400	42.974100	25.126700	20.681300	13.870900	17.284600	93.960000	96.811300	83.596800	90.774800	88.678200	85.429600	97.691900	110.901000	113.306000	97.695100	56.509500	47.887800	46.225000	50.533000	53.280500	58.586800	76.416300	71.191700	110.017000	114.152000	123.667000	127.970000	107.703000	106.903000	80.200000	77.052700	68.178400	53.728500	58.447500	62.117900	81.695100	107.021000	120.914000	85.079700	64.407400	50.992900	38.793300	34.791200	28.406700	38.240600	58.520300	74.421200	115.897000	120.651000	121.606000	128.533000	107.690000	103.454000	0.765000	0.000000	0.561197	0.000000	0.519572	0.000000	0.461849	0.000000	0.461049	0.000000	0.477088	0.000000	0.528514	0.000000	0.443446	0.069600	0.413757	0.273200	0.276672	0.457900	49.680000	67.346600	69.753100	71.617800	80.086000	106.604000	100.010000	113.878000	125.709000	119.083000	115.132000	105.875000	0.184754	0.931000	0.125516	1.041600	0.101366	0.841500	0.100609	0.929700	0.153070	0.599200	0.260373	0.162900	0.422451	0.027000	0.579936	0.000000	0.655951	0.000000	0.672928	0.000000	0.684797	0.000000	0.696234	0.000000	0.659982	0.000000	0.599489	0.000000	0.432205	1.043480	1.298690	0.064900	0.000000	0.310074	0.932465	0.830266	0.724698	0.000000	0.833906	0.000000	0.000000	313.965000	148.409000	83.093000	0.000000	0.000000	0.000000	0.724066	0.708152	0.740974	0.651544	0.578694	
   96	93.960000	84.990000	75.000000	65.100000	64.890000	65.180000	75.200000	95.000000	107.990000	87.800000	69.390000	50.000000	33.200000	33.200000	29.800000	14.000000	64.780000	84.990000	116.490000	125.010000	122.110000	116.920000	107.740000	87.220000	60.000000	25.292800	23.192800	23.014700	31.224900	31.562000	44.597800	58.422900	17.361000	24.582600	46.215000	52.707300	46.802800	54.174700	58.422500	63.892600	73.288200	65.445500	29.206400	42.974100	25.126700	20.681300	13.870900	17.284600	93.960000	96.811300	83.596800	90.774800	88.678200	85.429600	97.691900	110.901000	113.306000	97.695100	56.509500	47.887800	46.225000	50.533000	53.280500	58.586800	76.416300	71.191700	110.017000	114.152000	123.667000	127.970000	107.703000	106.903000	80.200000	77.052700	68.178400	53.728500	58.447500	62.117900	81.695100	107.021000	120.914000	85.079700	64.407400	50.992900	38.793300	34.791200	28.406700	38.240600	58.520300	74.421200	115.897000	120.651000	121.606000	128.533000	107.690000	103.454000	0.765000	0.000000	0.561197	0.000000	0.519572	0.000000	0.461849	0.000000	0.461049	0.000000	0.477088	0.000000	0.528514	0.000000	0.443446	0.069600	0.413757	0.273200	0.276672	0.457900	49.680000	56.777400	54.397400	63.033600	68.413200	87.836300	88.966400	125.105000	127.906000	114.508000	121.714000	123.815000	0.248623	0.597400	0.152344	0.494500	0.000000	0.642700	0.000000	0.494400	0.076195	0.385200	0.168853	0.229200	0.310226	0.024100	0.486143	0.000000	0.609614	0.000000	0.672274	0.000000	0.730493	0.000000	0.767725	0.000000	0.734225	0.000000	0.663013	0.000000	0.432205	1.089820	1.101130	1.385800	1.802960	1.026540	1.187680	0.816970	0.658245	2.561640	0.000000	0.000000	0.000000	379.689000	30.164400	0.000000	19.141100	0.000000	0.000000	0.057246	0.603339	0.768547	0.596770	0.850778	
   97	93.960000	84.990000	75.000000	65.100000	64.890000	65.180000	75.200000	95.000000	107.990000	87.800000	69.390000	50.000000	33.200000	33.200000	29.800000	14.000000	64.780000	84.990000	116.490000	125.010000	122.110000	116.920000	107.740000	87.220000	60.000000	23.666900	21.913300	24.279800	25.192000	27.776000	41.181300	72.737200	7.434660	28.412900	40.883600	48.884500	44.363300	51.410800	55.292800	63.914800	69.217100	61.206300	44.669700	38.834400	4.373600	5.430690	12.169000	12.940000	93.960000	91.684400	81.794200	84.547800	78.177600	78.809900	92.502200	109.392000	106.433000	78.186400	74.504600	52.054100	45.919800	49.360200	51.035400	63.756000	77.883000	93.093600	114.304000	117.799000	119.916000	110.654000	104.609000	101.304000	80.200000	82.979100	72.768300	66.725800	71.894600	63.997100	87.359700	107.737000	120.598000	96.612600	82.886100	45.218000	46.798500	43.151100	39.573500	49.605200	69.090600	89.639800	108.209000	118.621000	117.824000	116.467000	109.069000	106.566000	0.765000	0.000000	0.556163	0.000000	0.507220	0.000000	0.438455	0.000000	0.420568	0.000000	0.451771	0.000000	0.461781	0.000000	0.467067	0.062400	0.431522	0.289500	0.323840	0.465900	49.680000	56.954100	62.012800	72.064300	80.536600	105.234000	108.345000	132.777000	127.824000	116.095000	114.339000	108.576000	0.229353	0.691200	0.175860	0.635100	0.074095	0.681900	0.125534	0.533000	0.100813	0.495500	0.248920	0.263400	0.361772	0.027300	0.501176	0.000000	0.625237	0.000000	0.695373	0.000000	0.747092	0.000000	0.749683	0.000000	0.693725	0.000000	0.660636	0.000000	0.432205	0.832048	1.162310	1.028950	1.112740	0.684480	0.515063	0.397783	0.229519	2.068240	6.532720	2.544040	0.000000	232.052000	37.102600	0.000000	1.109510	0.391184	0.000000	1.045650	0.602172	0.593686	0.681134	0.754310	
   98	93.960000	84.990000	75.000000	65.100000	64.890000	65.180000	75.200000	95.000000	107.990000	87.800000	69.390000	50.000000	33.200000	33.200000	29.800000	14.000000	64.780000	84.990000	116.490000	125.010000	122.110000	116.920000	107.740000	87.220000	60.000000	25.292800	23.192800	23.014700	31.224900	31.562000	44.597800	58.422900	17.361000	24.582600	46.215000	52.707300	46.802800	54.174700	58.422500	63.892600	73.288200	65.445500	29.206400	42.974100	25.126700	20.681300	13.870900	17.284600	93.960000	88.548200	81.770700	84.280100	85.099300	78.160400	93.338200	108.979000	108.967000	73.523400	72.801200	53.868100	45.637400	48.718200	51.880300	63.941300	77.564500	97.960200	118.536000	110.857000	124.359000	135.279000	110.278000	94.265500	80.200000	82.934200	68.085900	67.254400	68.521600	66.970500	88.122700	103.484000	121.124000	99.787400	70.330300	43.090800	48.967700	45.064000	39.371900	47.091500	69.344400	91.547300	110.758000	113.209000	121.049000	151.993000	107.725000	100.578000	0.765000	0.000000	0.553102	0.000000	0.499477	0.000000	0.439851	0.000000	0.452780	0.000000	0.476262	0.000000	0.481086	0.000000	0.467410	0.071600	0.377079	0.318400	0.338611	0.524200	49.680000	65.938300	59.822700	64.569600	73.660300	103.835000	112.558000	150.809000	147.985000	128.581000	115.453000	108.979000	0.226889	0.469700	0.193776	0.624200	0.076067	0.670200	0.073756	0.606600	0.100813	0.398100	0.245885	0.168700	0.364390	0.024500	0.412526	0.000000	0.536831	0.000000	0.746754	0.000000	0.802013	0.000000	0.788058	0.000000	0.716691	0.000000	0.646321	0.000000	0.432205	1.604030	1.872380	1.124210	1.308550	0.454553	1.829950	0.876951	0.744975	1.522960	0.000000	1.242990	0.000000	402.204000	50.657600	2.922370	2.186250	0.000000	0.000000	0.319389	0.559956	0.629224	0.417871	0.600860	
   99	93.960000	84.990000	75.000000	65.100000	64.890000	65.180000	75.200000	95.000000	107.990000	87.800000	69.390000	50.000000	33.200000	33.200000	29.800000	14.000000	64.780000	84.990000	116.490000	125.010000	122.110000	116.920000	107.740000	87.220000	60.000000	25.292800	23.192800	23.014700	31.224900	31.562000	44.597800	58.422900	17.361000	24.582600	46.215000	52.707300	46.802800	54.174700	58.422500	63.892600	73.288200	65.445500	29.206400	42.974100	25.126700	20.681300	13.870900	17.284600	93.960000	96.811300	83.596800	90.774800	88.678200	85.429600	97.691900	110.901000	113.306000	97.695100	56.509500	47.887800	46.225000	50.533000	53.280500	58.586800	76.416300	71.191700	110.017000	114.152000	123.667000	127.970000	107.703000	106.903000	80.200000	77.052700	68.178400	53.728500	58.447500	62.117900	81.695100	107.021000	120.914000	85.079700	64.407400	50.992900	38.793300	34.791200	28.406700	38.240600	58.520300	74.421200	115.897000	120.651000	121.606000	128.533000	107.690000	103.454000	0.765000	0.000000	0.561197	0.000000	0.519572	0.000000	0.461849	0.000000	0.461049	0.000000	0.477088	0.000000	0.528514	0.000000	0.443446	0.069600	0.413757	0.273200	0.276672	0.457900	49.680000	49.710500	46.149300	64.674200	83.128000	114.582000	125.940000	131.579000	122.250000	126.707000	119.920000	107.718000	0.145974	0.763300	0.094650	0.929100	0.099463	0.495100	0.046859	1.337700	0.117969	0.601800	0.255622	0.420600	0.399884	0.032700	0.496114	0.000000	0.576454	0.000000	0.624405	0.000000	0.664684	0.000000	0.691550	0.000000	0.675524	0.000000	0.656825	0.000000	0.432205	0.665387	0.453657	1.541700	1.308850	0.889927	0.969780	0.556185	0.503759	1.403150	13.797700	5.950310	0.000000	256.365000	15.425100	0.000000	13.476400	0.000000	0.000000	0.331266	0.590977	0.628063	0.673513	0.653106	
  100	93.960000	84.990000	75.000000	65.100000	64.890000	65.180000	75.200000	95.000000	107.990000	87.800000	69.390000	50.000000	33.200000	33.200000	29.800000	14.000000	64.780000	84.990000	116.490000	125.010000	122.110000	116.920000	107.740000	87.220000	60.000000	23.666900	21.913300	24.279800	25.192000	27.776000	41.181300	72.737200	7.434660	28.412900	40.883600	48.884500	44.363300	51.410800	55.292800	63.914800	69.217100	61.206300	44.669700	38.834400	4.373600	5.430690	12.169000	12.940000	93.960000	91.684400	81.794200	84.547800	78.177600	78.809900	92.502200	109.392000	106.433000	78.186400	74.504600	52.054100	45.919800	49.360200	51.035400	63.756000	77.883000	93.093600	114.304000	117.799000	119.916000	110.654000	104.609000	101.304000	80.200000	82.979100	72.768300	66.725800	71.894600	63.997100	87.359700	107.737000	120.598000	96.612600	82.886100	45.218000	46.798500	43.151100	39.573500	49.605200	69.090600	89.639800	108.209000	118.621000	117.824000	116.467000	109.069000	106.566000	0.765000	0.000000	0.556163	0.000000	0.507220	0.000000	0.438455	0.000000	0.420568	0.000000	0.451771	0.000000	0.461781	0.000000	0.467067	0.062400	0.431522	0.289500	0.323840	0.465900	49.680000	56.954100	62.012800	72.064300	80.536600	105.234000	108.345000	132.777000	127.824000	116.095000	114.339000	108.576000	0.229353	0.691200	0.175860	0.635100	0.074095	0.681900	0.125534	0.533000	0.100813	0.495500	0.248920	0.263400	0.361772	0.027300	0.501176	0.000000	0.625237	0.000000	0.695373	0.000000	0.747092	0.000000	0.749683	0.000000	0.693725	0.000000	0.660636	0.000000	0.432205	0.832048	1.162310	1.028950	1.112740	0.684480	0.515063	0.397783	0.229519	2.068240	6.532720	2.544040	0.000000	232.052000	37.102600	0.000000	1.109510	0.391184	0.000000	1.045650	0.602172	0.593686	0.681134	0.754310	
;
param Prob0 :=
    1	0.000
    2	0.010
    3	0.000
    4	0.010
    5	0.010
    6	0.000
    7	0.000
    8	0.020
    9	0.010
   10	0.000
   11	0.010
   12	0.000
   13	0.010
   14	0.000
   15	0.010
   16	0.190
   17	0.010
   18	0.010
   19	0.010
   20	0.010
   21	0.000
   22	0.020
   23	0.010
   24	0.010
   25	0.020
   26	0.000
   27	0.010
   28	0.000
   29	0.000
   30	0.010
   31	0.000
   32	0.000
   33	0.000
   34	0.000
   35	0.010
   36	0.000
   37	0.010
   38	0.000
   39	0.010
   40	0.010
   41	0.010
   42	0.000
   43	0.000
   44	0.010
   45	0.010
   46	0.010
   47	0.000
   48	0.000
   49	0.000
   50	0.000
   51	0.010
   52	0.000
   53	0.000
   54	0.010
   55	0.000
   56	0.000
   57	0.000
   58	0.020
   59	0.000
   60	0.010
   61	0.000
   62	0.010
   63	0.010
   64	0.010
   65	0.010
   66	0.010
   67	0.010
   68	0.000
   69	0.010
   70	0.000
   71	0.020
   72	0.010
   73	0.000
   74	0.010
   75	0.010
   76	0.000
   77	0.010
   78	0.010
   79	0.000
   80	0.010
   81	0.000
   82	0.000
   83	0.000
   84	0.020
   85	0.010
   86	0.010
   87	0.010
   88	0.000
   89	0.010
   90	0.030
   91	0.010
   92	0.000
   93	0.010
   94	0.010
   95	0.000
   96	0.020
   97	0.160
   98	0.010
   99	0.010
  100	0.000
;
set c[0,50] :=
50    8     16    24    32    40    48    57    65    73    81    89    97
1     9     17    25    33    41    49    58    66    74    82    90    98
2     10    18    26    34    42    51    59    67    75    83    91    99
3     11    19    27    35    43    52    60    68    76    84    92    100
4     12    20    28    36    44    53    61    69    77    85    93
5     13    21    29    37    45    54    62    70    78    86    94
6     14    22    30    38    46    55    63    71    79    87    95
7     15    23    31    39    47    56    64    72    80    88    96;
set c[1,50] :=
50    8     16    24    32    40    48    57    65    73    81    89    97
1     9     17    25    33    41    49    58    66    74    82    90    98
2     10    18    26    34    42    51    59    67    75    83    91    99
3     11    19    27    35    43    52    60    68    76    84    92    100
4     12    20    28    36    44    53    61    69    77    85    93
5     13    21    29    37    45    54    62    70    78    86    94
6     14    22    30    38    46    55    63    71    79    87    95
7     15    23    31    39    47    56    64    72    80    88    96;
set c[2,83] :=
83    3     16    29    33    42    49    55    61    72    81    92
50    6     26    31    34    43    52    56    68    76    82    97
1     12    28    32    36    48    53    57    70    79    88    100;
set c[2,13] :=
13   10   19   24   37   44   58   71   77   86   95   99
7    14   21   25   38   47   59   73   80   90   96
8    15   22   30   41   54   63   74   84   91   98;
set c[2,85] :=
85   4    9    17   20   27   39   45   51   62   65   67   75   87   93
2    5    11   18   23   35   40   46   60   64   66   69   78   89   94;
set c[3,83] :=
83    3     16    29    33    42    49    55    61    72    81    92
50    6     26    31    34    43    52    56    68    76    82    97
1     12    28    32    36    48    53    57    70    79    88    100;
set c[3,47] := 47 8 10 14 15 25 38 44 58 59 73 84 86 90 91 98;
set c[3,22] := 22 13 7 19 21 24 30 37 41 54 63 71 74 77 80 95 96 99;
set c[3,35] := 35;
set c[3,87] := 87;
set c[3,89] := 89;
set c[3,67] := 67;
set c[3,69] := 69;
set c[3,85] := 85;
set c[3,11] := 11;
set c[3,66] := 66;
set c[3,2] := 2;
set c[3,40] := 40;
set c[3,51] := 51;
set c[3,23] := 23;
set c[3,39] := 39;
set c[3,78] := 78;
set c[3,62] := 62;
set c[3,93] := 93;
set c[3,94] := 94;
set c[3,75] := 75;
set c[3,27] := 27;
set c[3,9] := 9;
set c[3,65] := 65;
set c[3,46] := 46;
set c[3,17] := 17;
set c[3,18] := 18;
set c[3,64] := 64;
set c[3,45] := 45;
set c[3,5] := 5;
set c[3,20] := 20;
set c[3,4] := 4;
set c[3,60] := 60;
set c[4,83] :=
83    3     16    29    33    42    49    55    61    72    81    92
50    6     26    31    34    43    52    56    68    76    82    97
1     12    28    32    36    48    53    57    70    79    88    100;
set c[4,47] := 47 8 10 14 15 25 38 44 58 59 73 84 86 90 91 98;
set c[4,22] := 22 13 7 19 21 24 30 37 41 54 63 71 74 77 80 95 96 99;
set c[4,35] := 35;
set c[4,87] := 87;
set c[4,89] := 89;
set c[4,67] := 67;
set c[4,69] := 69;
set c[4,85] := 85;
set c[4,11] := 11;
set c[4,66] := 66;
set c[4,2] := 2;
set c[4,40] := 40;
set c[4,51] := 51;
set c[4,23] := 23;
set c[4,39] := 39;
set c[4,78] := 78;
set c[4,62] := 62;
set c[4,93] := 93;
set c[4,94] := 94;
set c[4,75] := 75;
set c[4,27] := 27;
set c[4,9] := 9;
set c[4,65] := 65;
set c[4,46] := 46;
set c[4,17] := 17;
set c[4,18] := 18;
set c[4,64] := 64;
set c[4,45] := 45;
set c[4,5] := 5;
set c[4,20] := 20;
set c[4,4] := 4;
set c[4,60] := 60;
set c[5,83] :=
83    3     16    29    33    42    49    55    61    72    81    92
50    6     26    31    34    43    52    56    68    76    82    97
1     12    28    32    36    48    53    57    70    79    88    100;
set c[5,47] := 47 8 10 14 15 25 38 44 58 59 73 84 86 90 91 98;
set c[5,22] := 22 13 7 19 21 24 30 37 41 54 63 71 74 77 80 95 96 99;
set c[5,35] := 35;
set c[5,87] := 87;
set c[5,89] := 89;
set c[5,67] := 67;
set c[5,69] := 69;
set c[5,85] := 85;
set c[5,11] := 11;
set c[5,66] := 66;
set c[5,2] := 2;
set c[5,40] := 40;
set c[5,51] := 51;
set c[5,23] := 23;
set c[5,39] := 39;
set c[5,78] := 78;
set c[5,62] := 62;
set c[5,93] := 93;
set c[5,94] := 94;
set c[5,75] := 75;
set c[5,27] := 27;
set c[5,9] := 9;
set c[5,65] := 65;
set c[5,46] := 46;
set c[5,17] := 17;
set c[5,18] := 18;
set c[5,64] := 64;
set c[5,45] := 45;
set c[5,5] := 5;
set c[5,20] := 20;
set c[5,4] := 4;
set c[5,60] := 60;
set c[6,56] :=
56    1     12    28    32    36    48    53    61    72    81    92
83    3     16    29    33    42    49    55    68    76    82    97
50    6     26    31    34    43    52    57    70    79    88    100;
set c[6,8] := 8 47 10 14 15 25 38 44 58 59 73 84 86 90 91 98;
set c[6,41] := 41 22 13 7 19 21 24 30 37 54 63 71 74 77 80 95 96 99;
set c[6,35] := 35;
set c[6,87] := 87;
set c[6,89] := 89;
set c[6,67] := 67;
set c[6,69] := 69;
set c[6,85] := 85;
set c[6,11] := 11;
set c[6,66] := 66;
set c[6,2] := 2;
set c[6,40] := 40;
set c[6,51] := 51;
set c[6,23] := 23;
set c[6,39] := 39;
set c[6,78] := 78;
set c[6,62] := 62;
set c[6,93] := 93;
set c[6,94] := 94;
set c[6,75] := 75;
set c[6,27] := 27;
set c[6,9] := 9;
set c[6,65] := 65;
set c[6,46] := 46;
set c[6,17] := 17;
set c[6,18] := 18;
set c[6,64] := 64;
set c[6,45] := 45;
set c[6,5] := 5;
set c[6,20] := 20;
set c[6,4] := 4;
set c[6,60] := 60;
set c[7,56] :=
56    1     12    28    32    36    48    53    61    72    81    92
83    3     16    29    33    42    49    55    68    76    82    97
50    6     26    31    34    43    52    57    70    79    88    100;
set c[7,58] := 58 8 47 10 14 15 25 38 44 59 73 84 86 90 91 98;
set c[7,19] := 19 41 22 13 7 21 24 30 37 54 63 71 74 77 80 95 96 99;
set c[7,35] := 35;
set c[7,87] := 87;
set c[7,89] := 89;
set c[7,67] := 67;
set c[7,69] := 69;
set c[7,85] := 85;
set c[7,11] := 11;
set c[7,66] := 66;
set c[7,2] := 2;
set c[7,40] := 40;
set c[7,51] := 51;
set c[7,23] := 23;
set c[7,39] := 39;
set c[7,78] := 78;
set c[7,62] := 62;
set c[7,93] := 93;
set c[7,94] := 94;
set c[7,75] := 75;
set c[7,27] := 27;
set c[7,9] := 9;
set c[7,65] := 65;
set c[7,46] := 46;
set c[7,17] := 17;
set c[7,18] := 18;
set c[7,64] := 64;
set c[7,45] := 45;
set c[7,5] := 5;
set c[7,20] := 20;
set c[7,4] := 4;
set c[7,60] := 60;
set c[8,92] :=
92    50    6     26    31    34    43    52    57    70    79    88
56    1     12    28    32    36    48    53    61    72    81    97
83    3     16    29    33    42    49    55    68    76    82    100;
set c[8,10] := 10 58 8 47 14 15 25 38 44 59 73 84 86 90 91 98;
set c[8,77] := 77 19 41 22 13 7 21 24 30 37 54 63 71 74 80 95 96 99;
set c[8,35] := 35;
set c[8,87] := 87;
set c[8,89] := 89;
set c[8,67] := 67;
set c[8,69] := 69;
set c[8,85] := 85;
set c[8,11] := 11;
set c[8,66] := 66;
set c[8,2] := 2;
set c[8,40] := 40;
set c[8,51] := 51;
set c[8,23] := 23;
set c[8,39] := 39;
set c[8,78] := 78;
set c[8,62] := 62;
set c[8,93] := 93;
set c[8,94] := 94;
set c[8,75] := 75;
set c[8,27] := 27;
set c[8,9] := 9;
set c[8,65] := 65;
set c[8,46] := 46;
set c[8,17] := 17;
set c[8,18] := 18;
set c[8,64] := 64;
set c[8,45] := 45;
set c[8,5] := 5;
set c[8,20] := 20;
set c[8,4] := 4;
set c[8,60] := 60;
set c[9,83] :=
83    50    6     26    31    34    43    52    57    70    79    88
92    1     12    28    32    36    48    53    61    72    81    97
56    3     16    29    33    42    49    55    68    76    82    100;
set c[9,58] := 58 10 8 47 14 15 25 38 44 59 73 84 86 90 91 98;
set c[9,77] := 77 19 41 22 13 7 21 24 30 37 54 63 71 74 80 95 96 99;
set c[9,35] := 35;
set c[9,87] := 87;
set c[9,89] := 89;
set c[9,67] := 67;
set c[9,69] := 69;
set c[9,85] := 85;
set c[9,11] := 11;
set c[9,66] := 66;
set c[9,2] := 2;
set c[9,40] := 40;
set c[9,51] := 51;
set c[9,23] := 23;
set c[9,39] := 39;
set c[9,78] := 78;
set c[9,62] := 62;
set c[9,93] := 93;
set c[9,94] := 94;
set c[9,75] := 75;
set c[9,27] := 27;
set c[9,9] := 9;
set c[9,65] := 65;
set c[9,46] := 46;
set c[9,17] := 17;
set c[9,18] := 18;
set c[9,64] := 64;
set c[9,45] := 45;
set c[9,5] := 5;
set c[9,20] := 20;
set c[9,4] := 4;
set c[9,60] := 60;
set c[10,83] :=
83    50    6     26    31    34    43    52    57    70    79    88
92    1     12    28    32    36    48    53    61    72    81    97
56    3     16    29    33    42    49    55    68    76    82    100;
set c[10,47] := 47 58 10 8 14 15 25 38 44 59 73 84 86 90 91 98;
set c[10,24] := 24 77 19 41 22 13 7 21 30 37 54 63 71 74 80 95 96 99;
set c[10,35] := 35;
set c[10,87] := 87;
set c[10,89] := 89;
set c[10,67] := 67;
set c[10,69] := 69;
set c[10,85] := 85;
set c[10,11] := 11;
set c[10,66] := 66;
set c[10,2] := 2;
set c[10,40] := 40;
set c[10,51] := 51;
set c[10,23] := 23;
set c[10,39] := 39;
set c[10,78] := 78;
set c[10,62] := 62;
set c[10,93] := 93;
set c[10,94] := 94;
set c[10,75] := 75;
set c[10,27] := 27;
set c[10,9] := 9;
set c[10,65] := 65;
set c[10,46] := 46;
set c[10,17] := 17;
set c[10,18] := 18;
set c[10,64] := 64;
set c[10,45] := 45;
set c[10,5] := 5;
set c[10,20] := 20;
set c[10,4] := 4;
set c[10,60] := 60;
set c[11,57] :=
57    56    3     16    29    33    42    49    55    70    79    88
83    50    6     26    31    34    43    52    61    72    81    97
92    1     12    28    32    36    48    53    68    76    82    100;
set c[11,44] := 44 47 58 10 8 14 15 25 38 59 73 84 86 90 91 98;
set c[11,24] := 24 77 19 41 22 13 7 21 30 37 54 63 71 74 80 95 96 99;
set c[11,35] := 35;
set c[11,87] := 87;
set c[11,89] := 89;
set c[11,67] := 67;
set c[11,69] := 69;
set c[11,85] := 85;
set c[11,11] := 11;
set c[11,66] := 66;
set c[11,2] := 2;
set c[11,40] := 40;
set c[11,51] := 51;
set c[11,23] := 23;
set c[11,39] := 39;
set c[11,78] := 78;
set c[11,62] := 62;
set c[11,93] := 93;
set c[11,94] := 94;
set c[11,75] := 75;
set c[11,27] := 27;
set c[11,9] := 9;
set c[11,65] := 65;
set c[11,46] := 46;
set c[11,17] := 17;
set c[11,18] := 18;
set c[11,64] := 64;
set c[11,45] := 45;
set c[11,5] := 5;
set c[11,20] := 20;
set c[11,4] := 4;
set c[11,60] := 60;
set c[12,42] :=
42    92    1     12    28    32    36    49    55    70    79    88
57    56    3     16    29    33    43    52    61    72    81    97
83    50    6     26    31    34    48    53    68    76    82    100;
set c[12,47] := 47 44 58 10 8 14 15 25 38 59 73 84 86 90 91 98;
set c[12,30] := 30 24 77 19 41 22 13 7 21 37 54 63 71 74 80 95 96 99;
set c[12,35] := 35;
set c[12,87] := 87;
set c[12,89] := 89;
set c[12,67] := 67;
set c[12,69] := 69;
set c[12,85] := 85;
set c[12,11] := 11;
set c[12,66] := 66;
set c[12,2] := 2;
set c[12,40] := 40;
set c[12,51] := 51;
set c[12,23] := 23;
set c[12,39] := 39;
set c[12,78] := 78;
set c[12,62] := 62;
set c[12,93] := 93;
set c[12,94] := 94;
set c[12,75] := 75;
set c[12,27] := 27;
set c[12,9] := 9;
set c[12,65] := 65;
set c[12,46] := 46;
set c[12,17] := 17;
set c[12,18] := 18;
set c[12,64] := 64;
set c[12,45] := 45;
set c[12,5] := 5;
set c[12,20] := 20;
set c[12,4] := 4;
set c[12,60] := 60;
set c[13,83] :=
83    92    1     12    28    32    36    49    55    70    79    88
42    56    3     16    29    33    43    52    61    72    81    97
57    50    6     26    31    34    48    53    68    76    82    100;
set c[13,73] := 73 47 44 58 10 8 14 15 25 38 59 84 86 90 91 98;
set c[13,63] := 63 30 24 77 19 41 22 13 7 21 37 54 71 74 80 95 96 99;
set c[13,35] := 35;
set c[13,87] := 87;
set c[13,89] := 89;
set c[13,67] := 67;
set c[13,69] := 69;
set c[13,85] := 85;
set c[13,11] := 11;
set c[13,66] := 66;
set c[13,2] := 2;
set c[13,40] := 40;
set c[13,51] := 51;
set c[13,23] := 23;
set c[13,39] := 39;
set c[13,78] := 78;
set c[13,62] := 62;
set c[13,93] := 93;
set c[13,94] := 94;
set c[13,75] := 75;
set c[13,27] := 27;
set c[13,9] := 9;
set c[13,65] := 65;
set c[13,46] := 46;
set c[13,17] := 17;
set c[13,18] := 18;
set c[13,64] := 64;
set c[13,45] := 45;
set c[13,5] := 5;
set c[13,20] := 20;
set c[13,4] := 4;
set c[13,60] := 60;
set c[14,31] :=
31    57    50    6     26    32    36    49    55    70    79    88
83    92    1     12    28    33    43    52    61    72    81    97
42    56    3     16    29    34    48    53    68    76    82    100;
set c[14,84] := 84 73 47 44 58 10 8 14 15 25 38 59 86 90 91 98;
set c[14,63] := 63 30 24 77 19 41 22 13 7 21 37 54 71 74 80 95 96 99;
set c[14,35] := 35;
set c[14,87] := 87;
set c[14,89] := 89;
set c[14,67] := 67;
set c[14,69] := 69;
set c[14,85] := 85;
set c[14,11] := 11;
set c[14,66] := 66;
set c[14,2] := 2;
set c[14,40] := 40;
set c[14,51] := 51;
set c[14,23] := 23;
set c[14,39] := 39;
set c[14,78] := 78;
set c[14,62] := 62;
set c[14,93] := 93;
set c[14,94] := 94;
set c[14,75] := 75;
set c[14,27] := 27;
set c[14,9] := 9;
set c[14,65] := 65;
set c[14,46] := 46;
set c[14,17] := 17;
set c[14,18] := 18;
set c[14,64] := 64;
set c[14,45] := 45;
set c[14,5] := 5;
set c[14,20] := 20;
set c[14,4] := 4;
set c[14,60] := 60;
set c[15,100] :=
100   42    56    3     16    29    34    48    53    68    76    82
31    57    50    6     26    32    36    49    55    70    79    88
83    92    1     12    28    33    43    52    61    72    81    97;
set c[15,14] := 14 84 73 47 44 58 10 8 15 25 38 59 86 90 91 98;
set c[15,30] := 30 74;
set c[15,22] := 22 95;
set c[15,63] := 63 99;
set c[15,96] := 96 13 7;
set c[15,24] := 24 19 37;
set c[15,71] := 71 77 21 80;
set c[15,54] := 54 41;
set c[15,35] := 35;
set c[15,87] := 87;
set c[15,89] := 89;
set c[15,67] := 67;
set c[15,69] := 69;
set c[15,85] := 85;
set c[15,11] := 11;
set c[15,66] := 66;
set c[15,2] := 2;
set c[15,40] := 40;
set c[15,51] := 51;
set c[15,23] := 23;
set c[15,39] := 39;
set c[15,78] := 78;
set c[15,62] := 62;
set c[15,93] := 93;
set c[15,94] := 94;
set c[15,75] := 75;
set c[15,27] := 27;
set c[15,9] := 9;
set c[15,65] := 65;
set c[15,46] := 46;
set c[15,17] := 17;
set c[15,18] := 18;
set c[15,64] := 64;
set c[15,45] := 45;
set c[15,5] := 5;
set c[15,20] := 20;
set c[15,4] := 4;
set c[15,60] := 60;
set c[16,48] :=
48    83    92    1     12    28    33    43    53    68    76    82
100   42    56    3     16    29    34    49    55    70    79    88
31    57    50    6     26    32    36    52    61    72    81    97;
set c[16,73] := 73 14 84 47 44 58 10 8 15 25 38 59 86 90 91 98;
set c[16,30] := 30 74;
set c[16,22] := 22 95;
set c[16,63] := 63 99;
set c[16,13] := 13 96 7;
set c[16,19] := 19 24 37;
set c[16,21] := 21 71 77 80;
set c[16,54] := 54 41;
set c[16,35] := 35;
set c[16,87] := 87;
set c[16,89] := 89;
set c[16,67] := 67;
set c[16,69] := 69;
set c[16,85] := 85;
set c[16,11] := 11;
set c[16,66] := 66;
set c[16,2] := 2;
set c[16,40] := 40;
set c[16,51] := 51;
set c[16,23] := 23;
set c[16,39] := 39;
set c[16,78] := 78;
set c[16,62] := 62;
set c[16,93] := 93;
set c[16,94] := 94;
set c[16,75] := 75;
set c[16,27] := 27;
set c[16,9] := 9;
set c[16,65] := 65;
set c[16,46] := 46;
set c[16,17] := 17;
set c[16,18] := 18;
set c[16,64] := 64;
set c[16,45] := 45;
set c[16,5] := 5;
set c[16,20] := 20;
set c[16,4] := 4;
set c[16,60] := 60;
set c[17,48] :=
48    83    92    1     12    28    33    43    53    68    76    82
100   42    56    3     16    29    34    49    55    70    79    88
31    57    50    6     26    32    36    52    61    72    81    97;
set c[17,47] := 47 73 14 84 44 58 10 8 15 25 38 59 86 90 91 98;
set c[17,30] := 30 74;
set c[17,22] := 22 95;
set c[17,63] := 63 99;
set c[17,13] := 13 96 7;
set c[17,19] := 19 24 37;
set c[17,80] := 80 21 71 77;
set c[17,54] := 54 41;
set c[17,35] := 35;
set c[17,87] := 87;
set c[17,89] := 89;
set c[17,67] := 67;
set c[17,69] := 69;
set c[17,85] := 85;
set c[17,11] := 11;
set c[17,66] := 66;
set c[17,2] := 2;
set c[17,40] := 40;
set c[17,51] := 51;
set c[17,23] := 23;
set c[17,39] := 39;
set c[17,78] := 78;
set c[17,62] := 62;
set c[17,93] := 93;
set c[17,94] := 94;
set c[17,75] := 75;
set c[17,27] := 27;
set c[17,9] := 9;
set c[17,65] := 65;
set c[17,46] := 46;
set c[17,17] := 17;
set c[17,18] := 18;
set c[17,64] := 64;
set c[17,45] := 45;
set c[17,5] := 5;
set c[17,20] := 20;
set c[17,4] := 4;
set c[17,60] := 60;
set c[18,43] :=
43    31    57    50    6     26    32    36    53    68    76    82
48    83    92    1     12    28    33    49    55    70    79    88
100   42    56    3     16    29    34    52    61    72    81    97;
set c[18,14] := 14 47 73 84 44 58 10 8 15 25 38 59 86 90 91 98;
set c[18,30] := 30 74;
set c[18,22] := 22 95;
set c[18,63] := 63 99;
set c[18,7] := 7 13 96;
set c[18,19] := 19 24 37;
set c[18,71] := 71 80 21 77;
set c[18,54] := 54;
set c[18,41] := 41;
set c[18,35] := 35;
set c[18,87] := 87;
set c[18,89] := 89;
set c[18,67] := 67;
set c[18,69] := 69;
set c[18,85] := 85;
set c[18,11] := 11;
set c[18,66] := 66;
set c[18,2] := 2;
set c[18,40] := 40;
set c[18,51] := 51;
set c[18,23] := 23;
set c[18,39] := 39;
set c[18,78] := 78;
set c[18,62] := 62;
set c[18,93] := 93;
set c[18,94] := 94;
set c[18,75] := 75;
set c[18,27] := 27;
set c[18,9] := 9;
set c[18,65] := 65;
set c[18,46] := 46;
set c[18,17] := 17;
set c[18,18] := 18;
set c[18,64] := 64;
set c[18,45] := 45;
set c[18,5] := 5;
set c[18,20] := 20;
set c[18,4] := 4;
set c[18,60] := 60;
set c[19,56] :=
56    100   42    50    6     26    32    36    53    68    76    82
43    31    57    1     12    28    33    49    55    70    79    88
48    83    92    3     16    29    34    52    61    72    81    97;
set c[19,25] := 25 14 47 73 84 44 58 10 8 15 38 59 86 90 91 98;
set c[19,30] := 30 74;
set c[19,22] := 22 95;
set c[19,63] := 63;
set c[19,99] := 99;
set c[19,7] := 7 13 96;
set c[19,19] := 19;
set c[19,24] := 24;
set c[19,37] := 37;
set c[19,71] := 71 21;
set c[19,77] := 77 80;
set c[19,54] := 54;
set c[19,41] := 41;
set c[19,35] := 35;
set c[19,87] := 87;
set c[19,89] := 89;
set c[19,67] := 67;
set c[19,69] := 69;
set c[19,85] := 85;
set c[19,11] := 11;
set c[19,66] := 66;
set c[19,2] := 2;
set c[19,40] := 40;
set c[19,51] := 51;
set c[19,23] := 23;
set c[19,39] := 39;
set c[19,78] := 78;
set c[19,62] := 62;
set c[19,93] := 93;
set c[19,94] := 94;
set c[19,75] := 75;
set c[19,27] := 27;
set c[19,9] := 9;
set c[19,65] := 65;
set c[19,46] := 46;
set c[19,17] := 17;
set c[19,18] := 18;
set c[19,64] := 64;
set c[19,45] := 45;
set c[19,5] := 5;
set c[19,20] := 20;
set c[19,4] := 4;
set c[19,60] := 60;
set c[20,36] :=
36    48    83    92    3     16    29    34    53    68    76    82
56    100   42    50    6     26    32    49    55    70    79    88
43    31    57    1     12    28    33    52    61    72    81    97;
set c[20,10] := 10 25 14 47 73 84 44 58 8 15 38 59 86 90 91 98;
set c[20,30] := 30 74;
set c[20,22] := 22 95;
set c[20,63] := 63;
set c[20,99] := 99;
set c[20,13] := 13 7 96;
set c[20,19] := 19;
set c[20,24] := 24;
set c[20,37] := 37;
set c[20,71] := 71 21;
set c[20,77] := 77 80;
set c[20,54] := 54;
set c[20,41] := 41;
set c[20,35] := 35;
set c[20,87] := 87;
set c[20,89] := 89;
set c[20,67] := 67;
set c[20,69] := 69;
set c[20,85] := 85;
set c[20,11] := 11;
set c[20,66] := 66;
set c[20,2] := 2;
set c[20,40] := 40;
set c[20,51] := 51;
set c[20,23] := 23;
set c[20,39] := 39;
set c[20,78] := 78;
set c[20,62] := 62;
set c[20,93] := 93;
set c[20,94] := 94;
set c[20,75] := 75;
set c[20,27] := 27;
set c[20,9] := 9;
set c[20,65] := 65;
set c[20,46] := 46;
set c[20,17] := 17;
set c[20,18] := 18;
set c[20,64] := 64;
set c[20,45] := 45;
set c[20,5] := 5;
set c[20,20] := 20;
set c[20,4] := 4;
set c[20,60] := 60;
set c[21,97] :=
97    43    31    57    1     12    28    33    52    61    72    81
36    48    83    92    3     16    29    34    53    68    76    82
56    100   42    50    6     26    32    49    55    70    79    88;
set c[21,47] := 47 10 25 14 73 84 44 58 8 15 38 59 86 90 91 98;
set c[21,30] := 30 74;
set c[21,22] := 22 95;
set c[21,63] := 63;
set c[21,99] := 99;
set c[21,13] := 13 7 96;
set c[21,19] := 19;
set c[21,24] := 24;
set c[21,37] := 37;
set c[21,71] := 71 21;
set c[21,77] := 77 80;
set c[21,54] := 54;
set c[21,41] := 41;
set c[21,35] := 35;
set c[21,87] := 87;
set c[21,89] := 89;
set c[21,67] := 67;
set c[21,69] := 69;
set c[21,85] := 85;
set c[21,11] := 11;
set c[21,66] := 66;
set c[21,2] := 2;
set c[21,40] := 40;
set c[21,51] := 51;
set c[21,23] := 23;
set c[21,39] := 39;
set c[21,78] := 78;
set c[21,62] := 62;
set c[21,93] := 93;
set c[21,94] := 94;
set c[21,75] := 75;
set c[21,27] := 27;
set c[21,9] := 9;
set c[21,65] := 65;
set c[21,46] := 46;
set c[21,17] := 17;
set c[21,18] := 18;
set c[21,64] := 64;
set c[21,45] := 45;
set c[21,5] := 5;
set c[21,20] := 20;
set c[21,4] := 4;
set c[21,60] := 60;
set c[22,83] :=
83    56    100   57    1     12    28    33    52    61    72    81
97    43    31    92    3     16    29    34    53    68    76    82
36    48    42    50    6     26    32    49    55    70    79    88;
set c[22,47] := 47 10 25 14 73 84 44 58 8 15 38 59 86 90 91 98;
set c[22,30] := 30 74;
set c[22,22] := 22 95;
set c[22,63] := 63;
set c[22,99] := 99;
set c[22,13] := 13 7 96;
set c[22,19] := 19;
set c[22,24] := 24;
set c[22,37] := 37;
set c[22,71] := 71 21;
set c[22,77] := 77 80;
set c[22,54] := 54;
set c[22,41] := 41;
set c[22,35] := 35;
set c[22,87] := 87;
set c[22,89] := 89;
set c[22,67] := 67;
set c[22,69] := 69;
set c[22,85] := 85;
set c[22,11] := 11;
set c[22,66] := 66;
set c[22,2] := 2;
set c[22,40] := 40;
set c[22,51] := 51;
set c[22,23] := 23;
set c[22,39] := 39;
set c[22,78] := 78;
set c[22,62] := 62;
set c[22,93] := 93;
set c[22,94] := 94;
set c[22,75] := 75;
set c[22,27] := 27;
set c[22,9] := 9;
set c[22,65] := 65;
set c[22,46] := 46;
set c[22,17] := 17;
set c[22,18] := 18;
set c[22,64] := 64;
set c[22,45] := 45;
set c[22,5] := 5;
set c[22,20] := 20;
set c[22,4] := 4;
set c[22,60] := 60;
set c[23,72] :=
72    36    48    42    50    6     26    32    49    55    70    81
83    56    100   57    1     12    28    33    52    61    76    82
97    43    31    92    3     16    29    34    53    68    79    88;
set c[23,10] := 10 47 25 14 73 84 44 58 8 15 38 59 86 90 91 98;
set c[23,30] := 30 74;
set c[23,22] := 22 95;
set c[23,63] := 63;
set c[23,99] := 99;
set c[23,13] := 13 7 96;
set c[23,19] := 19;
set c[23,24] := 24;
set c[23,37] := 37;
set c[23,71] := 71 21;
set c[23,77] := 77 80;
set c[23,54] := 54;
set c[23,41] := 41;
set c[23,35] := 35;
set c[23,87] := 87;
set c[23,89] := 89;
set c[23,67] := 67;
set c[23,69] := 69;
set c[23,85] := 85;
set c[23,11] := 11;
set c[23,66] := 66;
set c[23,2] := 2;
set c[23,40] := 40;
set c[23,51] := 51;
set c[23,23] := 23;
set c[23,39] := 39;
set c[23,78] := 78;
set c[23,62] := 62;
set c[23,93] := 93;
set c[23,94] := 94;
set c[23,75] := 75;
set c[23,27] := 27;
set c[23,9] := 9;
set c[23,65] := 65;
set c[23,46] := 46;
set c[23,17] := 17;
set c[23,18] := 18;
set c[23,64] := 64;
set c[23,45] := 45;
set c[23,5] := 5;
set c[23,20] := 20;
set c[23,4] := 4;
set c[23,60] := 60;
set c[24,76] :=
76    97    43    31    92    3     16    29    34    53    68    81
72    36    48    42    50    6     26    32    49    55    70    82
83    56    100   57    1     12    28    33    52    61    79    88;
set c[24,38] := 38 47 25 14 58 8 86 91 98;
set c[24,15] := 15 10 73 84 44 59 90;
set c[24,30] := 30;
set c[24,74] := 74;
set c[24,22] := 22 95;
set c[24,63] := 63;
set c[24,99] := 99;
set c[24,13] := 13 7 96;
set c[24,19] := 19;
set c[24,24] := 24;
set c[24,37] := 37;
set c[24,71] := 71 21;
set c[24,77] := 77;
set c[24,80] := 80;
set c[24,54] := 54;
set c[24,41] := 41;
set c[24,35] := 35;
set c[24,87] := 87;
set c[24,89] := 89;
set c[24,67] := 67;
set c[24,69] := 69;
set c[24,85] := 85;
set c[24,11] := 11;
set c[24,66] := 66;
set c[24,2] := 2;
set c[24,40] := 40;
set c[24,51] := 51;
set c[24,23] := 23;
set c[24,39] := 39;
set c[24,78] := 78;
set c[24,62] := 62;
set c[24,93] := 93;
set c[24,94] := 94;
set c[24,75] := 75;
set c[24,27] := 27;
set c[24,9] := 9;
set c[24,65] := 65;
set c[24,46] := 46;
set c[24,17] := 17;
set c[24,18] := 18;
set c[24,64] := 64;
set c[24,45] := 45;
set c[24,5] := 5;
set c[24,20] := 20;
set c[24,4] := 4;
set c[24,60] := 60;
set c[25,76] :=
76    97    43    31    92    3     16    29    34    53    68    81
72    36    48    42    50    6     26    32    49    55    70    82
83    56    100   57    1     12    28    33    52    61    79    88;
set c[25,58] := 58 38 47 25 14 8 86 91 98;
set c[25,59] := 59 15 10 73 84 44 90;
set c[25,30] := 30;
set c[25,74] := 74;
set c[25,22] := 22 95;
set c[25,63] := 63;
set c[25,99] := 99;
set c[25,13] := 13 7 96;
set c[25,19] := 19;
set c[25,24] := 24;
set c[25,37] := 37;
set c[25,71] := 71 21;
set c[25,77] := 77;
set c[25,80] := 80;
set c[25,54] := 54;
set c[25,41] := 41;
set c[25,35] := 35;
set c[25,87] := 87;
set c[25,89] := 89;
set c[25,67] := 67;
set c[25,69] := 69;
set c[25,85] := 85;
set c[25,11] := 11;
set c[25,66] := 66;
set c[25,2] := 2;
set c[25,40] := 40;
set c[25,51] := 51;
set c[25,23] := 23;
set c[25,39] := 39;
set c[25,78] := 78;
set c[25,62] := 62;
set c[25,93] := 93;
set c[25,94] := 94;
set c[25,75] := 75;
set c[25,27] := 27;
set c[25,9] := 9;
set c[25,65] := 65;
set c[25,46] := 46;
set c[25,17] := 17;
set c[25,18] := 18;
set c[25,64] := 64;
set c[25,45] := 45;
set c[25,5] := 5;
set c[25,20] := 20;
set c[25,4] := 4;
set c[25,60] := 60;
set c[26,33] :=
33    83    56    100   57    1     12    28    34    53    68    81
76    97    43    31    92    3     16    29    49    55    70    82
72    36    48    42    50    6     26    32    52    61    79    88;
set c[26,91] := 91;
set c[26,98] := 98;
set c[26,86] := 86 58 14;
set c[26,8] := 8 38 47 25;
set c[26,15] := 15 59 10 73 84 44 90;
set c[26,30] := 30;
set c[26,74] := 74;
set c[26,22] := 22 95;
set c[26,63] := 63;
set c[26,99] := 99;
set c[26,13] := 13 7 96;
set c[26,19] := 19;
set c[26,24] := 24;
set c[26,37] := 37;
set c[26,71] := 71 21;
set c[26,77] := 77;
set c[26,80] := 80;
set c[26,54] := 54;
set c[26,41] := 41;
set c[26,35] := 35;
set c[26,87] := 87;
set c[26,89] := 89;
set c[26,67] := 67;
set c[26,69] := 69;
set c[26,85] := 85;
set c[26,11] := 11;
set c[26,66] := 66;
set c[26,2] := 2;
set c[26,40] := 40;
set c[26,51] := 51;
set c[26,23] := 23;
set c[26,39] := 39;
set c[26,78] := 78;
set c[26,62] := 62;
set c[26,93] := 93;
set c[26,94] := 94;
set c[26,75] := 75;
set c[26,27] := 27;
set c[26,9] := 9;
set c[26,65] := 65;
set c[26,46] := 46;
set c[26,17] := 17;
set c[26,18] := 18;
set c[26,64] := 64;
set c[26,45] := 45;
set c[26,5] := 5;
set c[26,20] := 20;
set c[26,4] := 4;
set c[26,60] := 60;
set c[27,72] :=
72    83    56    100   57    1     12    28    34    53    68    81
33    97    43    31    92    3     16    29    49    55    70    82
76    36    48    42    50    6     26    32    52    61    79    88;
set c[27,91] := 91;
set c[27,98] := 98;
set c[27,58] := 58 86 14;
set c[27,25] := 25 8 38 47;
set c[27,15] := 15 59 10 73 84 44 90;
set c[27,30] := 30;
set c[27,74] := 74;
set c[27,22] := 22 95;
set c[27,63] := 63;
set c[27,99] := 99;
set c[27,13] := 13 7 96;
set c[27,19] := 19;
set c[27,24] := 24;
set c[27,37] := 37;
set c[27,71] := 71 21;
set c[27,77] := 77;
set c[27,80] := 80;
set c[27,54] := 54;
set c[27,41] := 41;
set c[27,35] := 35;
set c[27,87] := 87;
set c[27,89] := 89;
set c[27,67] := 67;
set c[27,69] := 69;
set c[27,85] := 85;
set c[27,11] := 11;
set c[27,66] := 66;
set c[27,2] := 2;
set c[27,40] := 40;
set c[27,51] := 51;
set c[27,23] := 23;
set c[27,39] := 39;
set c[27,78] := 78;
set c[27,62] := 62;
set c[27,93] := 93;
set c[27,94] := 94;
set c[27,75] := 75;
set c[27,27] := 27;
set c[27,9] := 9;
set c[27,65] := 65;
set c[27,46] := 46;
set c[27,17] := 17;
set c[27,18] := 18;
set c[27,64] := 64;
set c[27,45] := 45;
set c[27,5] := 5;
set c[27,20] := 20;
set c[27,4] := 4;
set c[27,60] := 60;
set c[28,16] :=
16    76    36    48    42    50    6     28    34    53    68    81
72    83    56    100   57    1     12    29    49    55    70    82
33    97    43    31    92    3     26    32    52    61    79    88;
set c[28,91] := 91;
set c[28,98] := 98;
set c[28,58] := 58 86 14;
set c[28,8] := 8 47;
set c[28,25] := 25 38;
set c[28,44] := 44;
set c[28,15] := 15;
set c[28,59] := 59 10 90;
set c[28,84] := 84 73;
set c[28,30] := 30;
set c[28,74] := 74;
set c[28,22] := 22 95;
set c[28,63] := 63;
set c[28,99] := 99;
set c[28,96] := 96 7;
set c[28,13] := 13;
set c[28,19] := 19;
set c[28,24] := 24;
set c[28,37] := 37;
set c[28,71] := 71 21;
set c[28,77] := 77;
set c[28,80] := 80;
set c[28,54] := 54;
set c[28,41] := 41;
set c[28,35] := 35;
set c[28,87] := 87;
set c[28,89] := 89;
set c[28,67] := 67;
set c[28,69] := 69;
set c[28,85] := 85;
set c[28,11] := 11;
set c[28,66] := 66;
set c[28,2] := 2;
set c[28,40] := 40;
set c[28,51] := 51;
set c[28,23] := 23;
set c[28,39] := 39;
set c[28,78] := 78;
set c[28,62] := 62;
set c[28,93] := 93;
set c[28,94] := 94;
set c[28,75] := 75;
set c[28,27] := 27;
set c[28,9] := 9;
set c[28,65] := 65;
set c[28,46] := 46;
set c[28,17] := 17;
set c[28,18] := 18;
set c[28,64] := 64;
set c[28,45] := 45;
set c[28,5] := 5;
set c[28,20] := 20;
set c[28,4] := 4;
set c[28,60] := 60;
set c[29,72] := 72;
set c[29,6] := 6 83 97 56 43 100 42 57 1 12 26 32 49 52 55 61;
set c[29,92] := 92 16 33 76 36 48 31 50 3 28 29 34 53 68 70 79 81 82 88;
set c[29,91] := 91;
set c[29,98] := 98;
set c[29,58] := 58 14;
set c[29,86] := 86;
set c[29,8] := 8 47;
set c[29,25] := 25 38;
set c[29,44] := 44;
set c[29,15] := 15;
set c[29,59] := 59 10 90;
set c[29,84] := 84 73;
set c[29,30] := 30;
set c[29,74] := 74;
set c[29,22] := 22 95;
set c[29,63] := 63;
set c[29,99] := 99;
set c[29,96] := 96 7;
set c[29,13] := 13;
set c[29,19] := 19;
set c[29,24] := 24;
set c[29,37] := 37;
set c[29,71] := 71 21;
set c[29,77] := 77;
set c[29,80] := 80;
set c[29,54] := 54;
set c[29,41] := 41;
set c[29,35] := 35;
set c[29,87] := 87;
set c[29,89] := 89;
set c[29,67] := 67;
set c[29,69] := 69;
set c[29,85] := 85;
set c[29,11] := 11;
set c[29,66] := 66;
set c[29,2] := 2;
set c[29,40] := 40;
set c[29,51] := 51;
set c[29,23] := 23;
set c[29,39] := 39;
set c[29,78] := 78;
set c[29,62] := 62;
set c[29,93] := 93;
set c[29,94] := 94;
set c[29,75] := 75;
set c[29,27] := 27;
set c[29,9] := 9;
set c[29,65] := 65;
set c[29,46] := 46;
set c[29,17] := 17;
set c[29,18] := 18;
set c[29,64] := 64;
set c[29,45] := 45;
set c[29,5] := 5;
set c[29,20] := 20;
set c[29,4] := 4;
set c[29,60] := 60;
set c[30,72] := 72;
set c[30,97] :=
97    83    43    42    1     26    49    55
6     56    100   57    12    32    52    61;
set c[30,16] := 16 92 33 76 36 48 31 50 3 28 29 34 53 68 70 79 81 82 88;
set c[30,91] := 91;
set c[30,98] := 98;
set c[30,58] := 58 14;
set c[30,86] := 86;
set c[30,8] := 8 47;
set c[30,25] := 25 38;
set c[30,44] := 44;
set c[30,15] := 15;
set c[30,90] := 90 59 10;
set c[30,84] := 84 73;
set c[30,30] := 30;
set c[30,74] := 74;
set c[30,22] := 22 95;
set c[30,63] := 63;
set c[30,99] := 99;
set c[30,96] := 96 7;
set c[30,13] := 13;
set c[30,19] := 19;
set c[30,24] := 24;
set c[30,37] := 37;
set c[30,71] := 71 21;
set c[30,77] := 77;
set c[30,80] := 80;
set c[30,54] := 54;
set c[30,41] := 41;
set c[30,35] := 35;
set c[30,87] := 87;
set c[30,89] := 89;
set c[30,67] := 67;
set c[30,69] := 69;
set c[30,85] := 85;
set c[30,11] := 11;
set c[30,66] := 66;
set c[30,2] := 2;
set c[30,40] := 40;
set c[30,51] := 51;
set c[30,23] := 23;
set c[30,39] := 39;
set c[30,78] := 78;
set c[30,62] := 62;
set c[30,93] := 93;
set c[30,94] := 94;
set c[30,75] := 75;
set c[30,27] := 27;
set c[30,9] := 9;
set c[30,65] := 65;
set c[30,46] := 46;
set c[30,17] := 17;
set c[30,18] := 18;
set c[30,64] := 64;
set c[30,45] := 45;
set c[30,5] := 5;
set c[30,20] := 20;
set c[30,4] := 4;
set c[30,60] := 60;

