#erel:= 0.800;
#emax:= 1372.081;
#q:= 0.000;
#nesce:=    58;
#etime:= 1.237;
#snodes:=  1323;
param nS:=   100;
param nSG:=    30;
param nRVSG :=
 1 24    4 24    7  2   10  2   13  2   16  2   19  2   22  2   25  2   28  2
 2 24    5  2    8  2   11  2   14  2   17  2   20  2   23  2   26  2   29  2
 3 24    6  2    9  2   12  2   15 12   18  2   21  2   24  2   27  2   30 24
;

param ScenF :=
  1   88.7524       46   43.2057       91  149.49        136    0.6246
  2   93.8624       47   56.9972       92  139.81        137    0
  3   80.0366       48   35.7129       93  124.46        138    0.5026
  4   76.1832       49  111.386        94  108.887       139    0
  5   81.0482       50  115.665        95  100.844       140    0.3022
  6   86.6158       51  109.077        96   92.1449      141    0.0159156
  7   93.5348       52  103.891        97    0           142    0.0259
  8  120.258        53  100.799        98    0           143    0.0677571
  9  140.763        54   94.3709       99    0           144    0
 10  147.129        55  100.723       100    0           145    0.123941
 11  138.604        56  123.48        101    0           146    0
 12  109.236        57  143.229       102    0           147    0.138645
 13  101.802        58  143.892       103    0           148    0
 14  102.823        59  143.098       104    0           149    0.103846
 15  105.566        60  116.718       105    0           150    0
 16  106.618        61  115.191       106    0           151    0.0447128
 17  124.743        62  118.985       107    0.0445893   152    0
 18  163.497        63  116.95        108    0           153    0
 19  193.756        64  120.321       109    0.0888656   154    0
 20  180.615        65  151.296       110    0           155    0
 21  171.406        66  180.599       111    0.115262    156    0
 22  174.924        67  181.519       112    0.0509      157    0
 23  147.293        68  157.648       113    0.126834    158    0
 24  132.445        69  157.249       114    0.2953      159    0
 25    0            70  144.668       115    0.129099    160    0
 26    0            71  117.005       116    0.5093      161    0
 27   16.2928       72  101.421       117   96.052       162   22.7373
 28   31.3947       73   80.5184      118   94.9008      163    6.66816
 29   26.4954       74   96.1573      119   85.5734      164    2.90307
 30   20.507        75  100.145       120   89.3693      165    1.17651
 31   23.0313       76   92.2497      121   91.2723      166   20.9045
 32   25.2679       77   71.2752      122  138.738       167   52.6332
 33    0            78   71.6931      123  149.123       168    0
 34    0            79  100.889       124  164.158       169    0
 35  158.472        80  100.064       125  155.415       170 4029.91
 36  172.983        81  122.724       126  144.766       171    0
 37  162.795        82  109.37        127  122.394       172  386.448
 38  147.189        83  127.378       128  114.878       173   71.6723
 39  138.03         84  126.065       129    0.116798    174    0
 40  140.283        85  115.78        130    0.6326      175    0
 41   48.3216       86  112.322       131    0.0691175   176    2.12881
 42  149.04         87  103.205       132    0.6883      177    0.505622
 43   97.9671       88  103.929       133    0.0113966   178    1.73952
 44    0            89  109.023       134    0.6849      179    2.50709
 45   15.6076       90  145.232       135    0           180    3.26663
;

param ScenO :=
  1 120.9         46   5.16        91 167.88       136   0.591
  2 109.78        47   5.16        92 168          137   0.18
  3 105           48  10           93 166.8        138   0.453
  4 105           49 114.95        94 156.5        139   0.111
  5 102           50 109.78        95 150.4        140   0.245
  6 105           51 105           96 144.7        141   0.067
  7 121.06        52 102.27        97   0.149      142   0.015
  8 140.01        53 100           98   0          143   0.05
  9 144.08        54 105           99   0.225      144   0
 10 140.01        55 121.06       100   0          145   0.075
 11 121.06        56 140.01       101   0.337      146   0
 12 109.99        57 144.08       102   0          147   0.093
 13 109.06        58 137.68       103   0.437      148   0
 14 108.2         59 117.41       104   0          149   0.096
 15 108.87        60 109.99       105   0.494      150   0
 16 121.06        61 105.76       106   0          151   0.082
 17 138.57        62 105.25       107   0.527      152   0
 18 144.26        63 103.89       108   0          153   0.063
 19 152.77        64 112.3        109   0.554      154   0
 20 155.95        65 138.57       110   0          155   0.058
 21 155.95        66 145          111   0.568      156   0
 22 150           67 152.78       112   0.063      157   0.818114
 23 144.08        68 155.95       113   0.504      158   0.620787
 24 139.1         69 155.95       114   0.316      159   0.673333
 25  13.96        70 150          115   0.393      160   0.869619
 26  18.08        71 144.08       116   0.518      161   0.929902
 27  19.48        72 134.12       117 106.36       162   0.838286
 28  19.48        73 120.9        118 103          163   0.751363
 29  20           74 114.97       119 103.82       164   0.711378
 30  19.48        75 112.58       120 106.99       165   0.795253
 31  52.08        76 100.1        121 138.57       166   0.654096
 32  10.28        77  97.1        122 156.2        167   0.614819
 33  11.64        78 107.4        123 167.97       168   0.697336
 34  12.8         79 112          124 172.06       169   0.815239
 35  39.72        80 142.34       125 185.95       170   1.12773
 36  15           81 150.4        126 162.3        171   0.817489
 37  13.96        82 146          127 147          172   0.856848
 38  13.64        83 121.06       128 139.1        173   1.05614
 39  15           84 113          129   0.381      174   0.755996
 40  42.72        85 105.79       130   0.636      175   0.834784
 41  24.52        86 102.5        131   0.36       176   0.865662
 42  15.8         87 102.5        132   0.684      177   0.899776
 43   5.16        88 112          133   0.305      178   0.779867
 44   5.16        89 138.57       134   0.665      179   0.685938
 45   5.16        90 150.4        135   0.266      180   0.784759
;

param Scen0 (tr)
 :    1	    2	    3	    4	    5	    6	    7	    8	    9	   10	   11	   12	   13	   14	   15	   16	   17	   18	   19	   20	   21	   22	   23	   24	   25	   26	   27	   28	   29	   30	   31	   32	   33	   34	   35	   36	   37	   38	   39	   40	   41	   42	   43	   44	   45	   46	   47	   48	   49	   50	   51	   52	   53	   54	   55	   56	   57	   58	   59	   60	   61	   62	   63	   64	   65	   66	   67	   68	   69	   70	   71	   72	   73	   74	   75	   76	   77	   78	   79	   80	   81	   82	   83	   84	   85	   86	   87	   88	   89	   90	   91	   92	   93	   94	   95	   96	   97	   98	   99	  100	  101	  102	  103	  104	  105	  106	  107	  108	  109	  110	  111	  112	  113	  114	  115	  116	  117	  118	  119	  120	  121	  122	  123	  124	  125	  126	  127	  128	  129	  130	  131	  132	  133	  134	  135	  136	  137	  138	  139	  140	  141	  142	  143	  144	  145	  146	  147	  148	  149	  150	  151	  152	  153	  154	  155	  156	  157	  158	  159	  160	  161	  162	  163	  164	  165	  166	  167	  168	  169	  170	  171	  172	  173	  174	  175	  176	  177	  178	  179	  180	:=
    1	120.900000	109.780000	105.000000	105.000000	102.000000	105.000000	121.060000	140.010000	144.080000	140.010000	121.060000	109.990000	109.060000	108.200000	108.870000	121.060000	138.570000	144.260000	152.770000	155.950000	155.950000	150.000000	144.080000	139.100000	13.960000	0.065530	22.049900	36.695400	33.994900	26.551900	25.432500	6.783430	0.000000	0.000000	162.202000	174.046000	157.971000	143.918000	134.714000	141.920000	42.069200	139.110000	102.200000	40.074600	13.067100	40.013200	50.508400	26.572000	114.950000	110.718000	103.465000	97.871100	85.631300	83.671500	89.837200	125.623000	147.033000	141.665000	144.127000	114.811000	112.776000	121.252000	112.062000	120.018000	145.275000	188.346000	187.497000	184.390000	162.464000	149.670000	113.844000	103.647000	120.900000	95.780800	95.005500	88.824200	71.597300	65.091600	104.674000	112.924000	123.781000	118.595000	141.590000	151.349000	134.845000	124.830000	117.244000	126.845000	125.677000	157.619000	155.917000	163.091000	137.893000	120.642000	125.532000	121.498000	0.149000	0.000000	0.049968	0.000000	0.095676	0.000000	0.106750	0.000000	0.082677	0.000000	0.134783	0.000000	0.206000	0.000000	0.232934	0.046300	0.153429	0.330500	0.122030	0.569800	106.360000	94.620800	87.555300	95.532300	110.443000	142.946000	155.142000	160.881000	150.006000	140.225000	129.007000	125.202000	0.300605	0.692300	0.219848	0.752500	0.189906	0.581600	0.185154	0.793200	0.133707	0.610700	0.154360	0.270400	0.147076	0.028500	0.183068	0.000000	0.206767	0.000000	0.202439	0.000000	0.192686	0.000000	0.137263	0.000000	0.137781	0.000000	0.106323	0.000000	0.818114	0.000000	0.501642	0.000000	0.000000	22.880100	6.658890	2.755150	1.477630	21.319200	62.705700	0.000000	0.000000	4430.100000	58.052100	384.558000	67.613200	0.000000	30.559700	2.184620	1.138230	2.179860	2.422620	3.047540	
    2	120.900000	109.780000	105.000000	105.000000	102.000000	105.000000	121.060000	140.010000	144.080000	140.010000	121.060000	109.990000	109.060000	108.200000	108.870000	121.060000	138.570000	144.260000	152.770000	155.950000	155.950000	150.000000	144.080000	139.100000	13.960000	0.000000	3.464130	25.526800	23.402200	16.485700	17.297600	5.164250	0.000000	0.000000	164.309000	162.715000	164.044000	156.426000	141.619000	141.486000	40.843400	136.860000	124.603000	29.031800	23.564400	49.737800	63.926100	34.036700	114.950000	110.051000	110.763000	105.238000	105.416000	94.016800	92.894500	115.797000	140.538000	155.504000	163.660000	138.335000	139.395000	143.077000	141.442000	154.098000	178.452000	179.816000	200.226000	181.027000	154.799000	164.767000	120.646000	115.922000	120.900000	99.366700	105.929000	99.210100	85.498500	73.108500	100.232000	105.699000	112.600000	99.400300	118.350000	116.531000	116.059000	109.892000	113.332000	113.903000	127.534000	155.242000	160.907000	153.039000	121.456000	117.393000	98.450500	88.437800	0.149000	0.000000	0.000000	0.000000	0.000000	0.000000	0.000000	0.000000	0.000000	0.000000	0.000000	0.000000	0.033131	0.000000	0.051188	0.079500	0.000607	0.529400	0.000000	1.060700	106.360000	128.825000	130.709000	105.109000	131.217000	170.286000	170.035000	168.246000	143.558000	141.273000	122.918000	115.578000	0.151120	0.889800	0.118011	1.023200	0.032633	0.919200	0.000000	1.026400	0.000000	1.076400	0.000000	0.942800	0.000000	0.039100	0.000000	0.000000	0.100629	0.000000	0.097909	0.000000	0.011891	0.000000	0.000000	0.000000	0.000000	0.000000	0.000000	0.000000	0.818114	0.000000	0.000000	0.000000	0.000000	22.914000	4.716590	2.712670	1.534030	22.370700	118.258000	0.000000	0.000000	4515.010000	55.792400	398.757000	65.121100	1.802100	0.000000	2.073550	1.152540	2.025990	2.371570	2.818290	
    3	120.900000	109.780000	105.000000	105.000000	102.000000	105.000000	121.060000	140.010000	144.080000	140.010000	121.060000	109.990000	109.060000	108.200000	108.870000	121.060000	138.570000	144.260000	152.770000	155.950000	155.950000	150.000000	144.080000	139.100000	13.960000	0.043062	12.286800	27.121600	25.168100	18.870700	24.303900	18.142600	0.000000	4.634640	148.384000	169.779000	160.012000	143.143000	133.115000	132.206000	35.476300	124.295000	123.506000	39.407100	20.754100	37.905000	56.160800	32.583600	114.950000	113.820000	99.124500	101.627000	102.027000	89.958000	97.438100	129.484000	154.193000	141.482000	151.411000	110.258000	103.569000	109.166000	101.972000	110.344000	140.193000	150.749000	180.711000	156.463000	148.810000	147.522000	122.872000	89.289200	120.900000	100.594000	96.450300	90.597600	80.581800	43.799100	78.284300	91.043900	103.957000	94.545600	117.017000	97.991400	106.234000	100.513000	92.456900	91.599600	98.951900	126.622000	143.781000	142.077000	124.539000	113.502000	94.467600	86.385800	0.149000	0.000000	0.011321	0.000000	0.010710	0.000000	0.009235	0.000000	0.013790	0.000000	0.043471	0.000000	0.078932	0.000000	0.103612	0.048300	0.067101	0.338400	0.076335	0.426500	106.360000	91.545300	87.852800	93.772000	102.554000	134.781000	138.253000	164.674000	158.165000	137.557000	134.736000	129.949000	0.129615	0.526500	0.053698	0.730000	0.014051	0.816200	0.000000	0.673100	0.000000	0.533600	0.000000	0.248500	0.000000	0.013400	0.042873	0.000000	0.107270	0.000000	0.104099	0.000000	0.053834	0.000000	0.005303	0.000000	0.008352	0.000000	0.000540	0.000000	0.818114	0.000000	0.119904	0.089789	0.000000	23.049800	6.042910	2.923110	1.125460	20.468200	83.847700	0.000000	7.695250	4366.940000	38.154200	387.787000	71.365600	0.000000	0.000000	1.893350	0.670186	1.944330	2.306420	2.951120	
    4	120.900000	109.780000	105.000000	105.000000	102.000000	105.000000	121.060000	140.010000	144.080000	140.010000	121.060000	109.990000	109.060000	108.200000	108.870000	121.060000	138.570000	144.260000	152.770000	155.950000	155.950000	150.000000	144.080000	139.100000	13.960000	0.000000	18.646100	32.041700	30.307700	26.282600	22.542100	4.753430	0.000000	0.000000	161.442000	169.890000	168.000000	152.969000	146.602000	151.116000	41.020400	164.768000	138.473000	98.286600	11.171100	36.175800	60.238200	29.615300	114.950000	114.014000	102.667000	108.576000	110.079000	104.959000	114.867000	130.352000	153.505000	152.521000	166.074000	138.048000	136.991000	142.724000	137.821000	149.243000	179.187000	189.188000	202.365000	194.946000	183.178000	168.607000	124.861000	112.577000	120.900000	108.667000	107.225000	95.516700	80.975000	66.601700	111.528000	111.659000	129.030000	122.886000	129.012000	120.488000	131.612000	131.768000	118.295000	110.050000	121.881000	152.484000	158.537000	159.578000	142.086000	135.888000	113.137000	96.225300	0.149000	0.000000	0.069355	0.000000	0.078318	0.000000	0.093983	0.000000	0.095529	0.000000	0.133772	0.000000	0.159366	0.000000	0.168451	0.036200	0.165549	0.194600	0.165598	0.397500	106.360000	94.983000	84.447100	88.140100	94.327400	138.339000	160.744000	163.830000	158.670000	133.786000	122.507000	118.262000	0.177069	0.418700	0.167169	0.539400	0.153753	0.659500	0.178910	0.619300	0.198328	0.694200	0.198675	0.286400	0.204952	0.023400	0.240485	0.000000	0.272657	0.000000	0.262936	0.000000	0.205175	0.000000	0.135358	0.000000	0.089647	0.000000	0.085985	0.000000	0.818114	0.001083	0.072176	0.166129	0.000000	23.065700	6.007530	3.011180	1.589820	20.571600	91.249400	2.298760	0.000000	4345.890000	37.485200	373.514000	79.573200	0.549218	18.904800	1.782110	1.021040	2.116270	2.576030	3.302880	
    5	120.900000	109.780000	105.000000	105.000000	102.000000	105.000000	121.060000	140.010000	144.080000	140.010000	121.060000	109.990000	109.060000	108.200000	108.870000	121.060000	138.570000	144.260000	152.770000	155.950000	155.950000	150.000000	144.080000	139.100000	13.960000	0.000000	11.160200	29.477900	27.534800	17.344700	17.188200	2.905310	0.000000	0.000000	140.558000	165.773000	157.455000	138.899000	131.785000	132.392000	28.921700	145.687000	113.550000	72.844500	19.522300	36.496300	53.732300	34.994200	114.950000	109.548000	104.835000	106.211000	107.931000	104.701000	111.676000	134.768000	147.166000	144.155000	138.490000	114.641000	113.214000	111.532000	102.691000	116.766000	135.895000	144.113000	170.037000	165.495000	155.246000	153.744000	105.389000	79.335800	120.900000	98.864400	99.641900	99.827000	80.716500	78.174100	109.424000	114.934000	118.757000	99.137500	109.743000	102.853000	102.703000	100.058000	88.818500	88.465500	120.702000	142.416000	149.655000	142.587000	123.336000	126.318000	110.039000	92.113800	0.149000	0.000000	0.004695	0.000000	0.009446	0.000000	0.014528	0.000000	0.020077	0.000000	0.043094	0.000000	0.043924	0.000000	0.059001	0.049100	0.092890	0.320000	0.114834	0.473000	106.360000	93.965700	82.496800	83.613700	88.667000	123.173000	140.847000	151.472000	134.558000	133.372000	114.747000	111.688000	0.000000	0.761300	0.097244	0.691900	0.086383	0.699300	0.144747	0.707100	0.000000	0.590300	0.109586	0.492300	0.108310	0.020600	0.127951	0.000000	0.165660	0.000000	0.221850	0.000000	0.150315	0.000000	0.064722	0.000000	0.069292	0.000000	0.086694	0.000000	0.818114	0.000000	0.130807	0.808516	0.000000	22.757700	5.415860	2.736620	1.259650	22.850300	97.972300	0.000000	0.000000	4497.160000	56.565400	380.289000	55.761600	0.000000	5.384490	1.847210	0.996899	1.843560	2.134020	4.210080	
    6	120.900000	109.780000	105.000000	105.000000	102.000000	105.000000	121.060000	140.010000	144.080000	140.010000	121.060000	109.990000	109.060000	108.200000	108.870000	121.060000	138.570000	144.260000	152.770000	155.950000	155.950000	150.000000	144.080000	139.100000	13.960000	0.000000	0.000000	14.409400	10.282100	9.432820	15.756100	12.515800	0.000000	0.000000	163.553000	172.433000	163.448000	144.800000	134.827000	134.869000	39.359100	161.542000	135.415000	57.100500	26.965400	43.032200	53.056000	30.369600	114.950000	126.159000	104.608000	103.260000	99.336400	93.146900	98.590100	121.313000	135.599000	139.708000	154.912000	121.276000	121.163000	126.829000	122.005000	131.638000	157.611000	169.247000	181.234000	170.060000	154.773000	152.375000	114.086000	105.355000	120.900000	86.022100	79.357400	83.699800	71.818300	67.754500	101.081000	113.992000	114.659000	118.854000	132.177000	116.453000	119.953000	116.923000	108.110000	104.810000	106.646000	135.171000	139.925000	139.917000	117.764000	118.650000	97.082700	89.413200	0.149000	0.000000	0.000000	0.000000	0.036520	0.000000	0.061685	0.000000	0.059778	0.000000	0.094462	0.000000	0.133966	0.000000	0.141703	0.054500	0.123619	0.408300	0.108430	1.001600	106.360000	94.620800	86.819700	87.108800	95.361000	144.172000	141.137000	135.553000	128.269000	114.671000	108.581000	100.004000	0.085192	0.983800	0.015643	1.428800	0.000000	1.316600	0.000000	0.909900	0.000000	1.126300	0.000000	0.675700	0.031941	0.061500	0.154800	0.000000	0.265524	0.000000	0.261047	0.000000	0.205478	0.000000	0.133525	0.000000	0.069196	0.000000	0.049550	0.000000	0.818114	0.000000	0.134657	0.056320	0.000000	22.914600	5.943680	2.888700	1.596000	21.564300	94.459600	0.000000	0.000000	4516.210000	53.628900	387.054000	71.298500	0.623662	0.000000	1.890410	1.037470	2.077700	2.422100	3.151980	
    7	120.900000	109.780000	105.000000	105.000000	102.000000	105.000000	121.060000	140.010000	144.080000	140.010000	121.060000	109.990000	109.060000	108.200000	108.870000	121.060000	138.570000	144.260000	152.770000	155.950000	155.950000	150.000000	144.080000	139.100000	13.960000	0.000000	11.160200	29.477900	27.534800	17.344700	17.188200	2.905310	0.000000	0.000000	140.558000	165.773000	157.455000	138.899000	131.785000	132.392000	28.921700	145.687000	113.550000	72.844500	19.522300	36.496300	53.732300	34.994200	114.950000	109.548000	104.835000	106.211000	107.931000	104.701000	111.676000	134.768000	147.166000	144.155000	138.490000	114.641000	113.214000	111.532000	102.691000	116.766000	135.895000	144.113000	170.037000	165.495000	155.246000	153.744000	105.389000	79.335800	120.900000	98.864400	99.641900	99.827000	80.716500	78.174100	109.424000	114.934000	118.757000	99.137500	109.743000	102.853000	102.703000	100.058000	88.818500	88.465500	120.702000	142.416000	149.655000	142.587000	123.336000	126.318000	110.039000	92.113800	0.149000	0.000000	0.004695	0.000000	0.009446	0.000000	0.014528	0.000000	0.020077	0.000000	0.043094	0.000000	0.043924	0.000000	0.059001	0.049100	0.092890	0.320000	0.114834	0.473000	106.360000	93.965700	82.496800	83.613700	88.667000	123.173000	140.847000	151.472000	134.558000	133.372000	114.747000	111.688000	0.000000	0.761300	0.097244	0.691900	0.086383	0.699300	0.144747	0.707100	0.000000	0.590300	0.109586	0.492300	0.108310	0.020600	0.127951	0.000000	0.165660	0.000000	0.221850	0.000000	0.150315	0.000000	0.064722	0.000000	0.069292	0.000000	0.086694	0.000000	0.818114	0.000000	0.130807	0.808516	0.000000	22.757700	5.415860	2.736620	1.259650	22.850300	97.972300	0.000000	0.000000	4497.160000	56.565400	380.289000	55.761600	0.000000	5.384490	1.847210	0.996899	1.843560	2.134020	4.210080	
    8	120.900000	109.780000	105.000000	105.000000	102.000000	105.000000	121.060000	140.010000	144.080000	140.010000	121.060000	109.990000	109.060000	108.200000	108.870000	121.060000	138.570000	144.260000	152.770000	155.950000	155.950000	150.000000	144.080000	139.100000	13.960000	2.955480	16.723500	32.740400	28.739700	19.050700	0.000000	0.000000	0.000000	17.469400	168.190000	176.919000	174.615000	158.314000	150.514000	139.143000	55.073600	157.377000	118.887000	27.176700	12.035200	39.749600	55.173100	34.537700	114.950000	116.685000	114.609000	109.517000	104.271000	96.976600	106.774000	128.334000	143.228000	147.444000	146.099000	112.943000	111.801000	115.722000	108.416000	114.815000	146.756000	157.888000	178.550000	175.322000	159.833000	146.392000	110.639000	100.377000	120.900000	93.731100	97.998100	95.014500	73.698900	66.503300	98.341300	118.323000	121.442000	118.419000	98.314300	88.174700	98.383400	90.096700	78.496300	71.354400	86.921800	120.048000	143.049000	153.314000	129.292000	118.301000	93.955000	86.239200	0.149000	0.000000	0.000000	0.000000	0.000000	0.000000	0.000000	0.000000	0.000000	0.000000	0.000000	0.000000	0.038054	0.000000	0.176823	0.076600	0.198782	0.661300	0.220246	1.282200	106.360000	55.279800	46.308100	48.389200	64.301600	109.215000	108.595000	151.472000	134.558000	133.372000	114.747000	111.688000	0.215245	1.280500	0.175125	0.880400	0.122771	0.596400	0.099755	0.839000	0.075464	1.049300	0.057773	0.573200	0.069659	0.035100	0.122589	0.000000	0.179885	0.000000	0.187321	0.000000	0.166434	0.000000	0.126534	0.000000	0.094697	0.000000	0.097687	0.000000	0.818114	0.116989	0.428714	0.450685	0.000000	22.365500	6.312040	2.951880	1.501260	18.886600	85.767700	0.000000	0.000000	4790.830000	80.435900	403.838000	78.245500	1.416480	11.505700	1.958720	0.999992	2.017960	2.350790	3.121110	
    9	120.900000	109.780000	105.000000	105.000000	102.000000	105.000000	121.060000	140.010000	144.080000	140.010000	121.060000	109.990000	109.060000	108.200000	108.870000	121.060000	138.570000	144.260000	152.770000	155.950000	155.950000	150.000000	144.080000	139.100000	13.960000	0.000000	0.000000	14.409400	10.282100	9.432820	15.756100	12.515800	0.000000	0.000000	163.553000	172.433000	163.448000	144.800000	134.827000	134.869000	39.359100	161.542000	135.415000	57.100500	26.965400	43.032200	53.056000	30.369600	114.950000	120.872000	111.849000	110.740000	115.460000	106.977000	110.892000	128.334000	143.228000	147.444000	146.099000	112.943000	111.801000	115.722000	108.416000	114.815000	146.756000	157.888000	178.550000	175.322000	159.833000	146.392000	110.639000	100.377000	120.900000	85.408900	85.968500	87.118300	71.515900	66.946500	96.883200	109.695000	124.047000	113.629000	101.397000	115.947000	110.353000	105.986000	87.144500	88.373800	113.538000	195.627000	151.733000	164.315000	136.803000	142.644000	120.192000	114.467000	0.149000	0.000000	0.000000	0.000000	0.000000	0.000000	0.000000	0.000000	0.000000	0.000000	0.000000	0.000000	0.030286	0.000000	0.051188	0.072600	0.067101	0.278400	0.139854	0.457200	106.360000	91.947200	83.074200	81.864700	95.048400	138.579000	161.188000	162.659000	164.678000	149.054000	120.422000	137.654000	0.084807	0.620100	0.000000	0.691300	0.000000	0.574900	0.000000	0.745700	0.028924	0.662700	0.000000	0.245300	0.041383	0.056400	0.120226	0.000000	0.179885	0.000000	0.187321	0.000000	0.166434	0.000000	0.126534	0.000000	0.094697	0.000000	0.097687	0.000000	0.818114	0.000000	0.000000	0.000000	0.000000	22.914000	4.716590	2.951880	1.501260	18.886600	85.767700	0.000000	0.000000	4790.830000	80.435900	403.838000	78.245500	1.416480	11.505700	1.958720	0.999992	2.017960	2.350790	3.121110	
   10	120.900000	109.780000	105.000000	105.000000	102.000000	105.000000	121.060000	140.010000	144.080000	140.010000	121.060000	109.990000	109.060000	108.200000	108.870000	121.060000	138.570000	144.260000	152.770000	155.950000	155.950000	150.000000	144.080000	139.100000	13.960000	0.000000	18.646100	32.041700	30.307700	26.282600	22.542100	4.753430	0.000000	0.000000	161.442000	169.890000	168.000000	152.969000	146.602000	151.116000	41.020400	164.768000	138.473000	98.286600	11.171100	36.175800	60.238200	29.615300	114.950000	112.928000	110.889000	108.005000	105.396000	99.951600	104.707000	123.824000	143.693000	153.289000	128.960000	98.091300	103.337000	104.020000	102.580000	109.683000	130.936000	159.188000	164.783000	164.323000	144.931000	138.498000	104.142000	98.414300	120.900000	106.583000	111.667000	102.461000	87.523600	88.147000	105.261000	124.519000	141.136000	127.457000	145.483000	147.932000	134.284000	135.796000	124.812000	119.528000	129.382000	152.827000	161.050000	138.350000	125.832000	122.363000	98.848700	93.245700	0.149000	0.000000	0.000000	0.000000	0.000000	0.000000	0.000000	0.000000	0.000000	0.000000	0.000000	0.000000	0.000000	0.000000	0.000000	0.102100	0.000000	0.781500	0.000000	1.292000	106.360000	68.254000	62.669600	66.668200	73.528500	115.960000	131.330000	145.201000	138.622000	126.623000	101.015000	86.665000	0.000000	2.042600	0.000000	2.285700	0.000000	0.760500	0.000000	2.220100	0.000000	0.917300	0.000000	0.396900	0.000000	0.029100	0.000000	0.000000	0.000000	0.000000	0.000000	0.000000	0.000000	0.000000	0.000000	0.000000	0.000000	0.000000	0.000000	0.000000	0.818114	0.205049	0.095792	0.000000	0.000000	22.434800	5.938420	2.949330	1.689350	22.217100	72.691900	1.309030	0.000000	4302.500000	0.000000	425.228000	52.840700	0.000000	0.000000	2.496300	1.103200	2.086820	2.557360	3.333250	
   11	120.900000	109.780000	105.000000	105.000000	102.000000	105.000000	121.060000	140.010000	144.080000	140.010000	121.060000	109.990000	109.060000	108.200000	108.870000	121.060000	138.570000	144.260000	152.770000	155.950000	155.950000	150.000000	144.080000	139.100000	13.960000	0.043062	12.286800	27.121600	25.168100	18.870700	24.303900	18.142600	0.000000	4.634640	148.384000	169.779000	160.012000	143.143000	133.115000	132.206000	35.476300	124.295000	123.506000	39.407100	20.754100	37.905000	56.160800	32.583600	114.950000	113.820000	99.124500	101.627000	102.027000	89.958000	97.438100	129.484000	154.193000	141.482000	151.411000	110.258000	103.569000	109.166000	101.972000	110.344000	140.193000	150.749000	180.711000	156.463000	148.810000	147.522000	122.872000	89.289200	120.900000	100.594000	96.450300	90.597600	80.581800	43.799100	78.284300	91.043900	103.957000	94.545600	117.017000	97.991400	106.234000	100.513000	92.456900	91.599600	98.951900	126.622000	143.781000	142.077000	124.539000	113.502000	94.467600	86.385800	0.149000	0.000000	0.011321	0.000000	0.010710	0.000000	0.009235	0.000000	0.013790	0.000000	0.043471	0.000000	0.078932	0.000000	0.103612	0.048300	0.067101	0.338400	0.076335	0.426500	106.360000	91.545300	87.852800	93.772000	102.554000	134.781000	138.253000	164.674000	158.165000	137.557000	134.736000	129.949000	0.129615	0.526500	0.053698	0.730000	0.014051	0.816200	0.000000	0.673100	0.000000	0.533600	0.000000	0.248500	0.000000	0.013400	0.042873	0.000000	0.107270	0.000000	0.104099	0.000000	0.053834	0.000000	0.005303	0.000000	0.008352	0.000000	0.000540	0.000000	0.818114	0.000000	0.119904	0.089789	0.000000	23.049800	6.042910	2.923110	1.125460	20.468200	83.847700	0.000000	7.695250	4366.940000	38.154200	387.787000	71.365600	0.000000	0.000000	1.893350	0.670186	1.944330	2.306420	2.951120	
   12	120.900000	109.780000	105.000000	105.000000	102.000000	105.000000	121.060000	140.010000	144.080000	140.010000	121.060000	109.990000	109.060000	108.200000	108.870000	121.060000	138.570000	144.260000	152.770000	155.950000	155.950000	150.000000	144.080000	139.100000	13.960000	0.000000	11.160200	29.477900	27.534800	17.344700	17.188200	2.905310	0.000000	0.000000	140.558000	165.773000	157.455000	138.899000	131.785000	132.392000	28.921700	145.687000	113.550000	72.844500	19.522300	36.496300	53.732300	34.994200	114.950000	109.548000	104.835000	106.211000	107.931000	104.701000	111.676000	134.768000	147.166000	144.155000	138.490000	114.641000	113.214000	111.532000	102.691000	116.766000	135.895000	144.113000	170.037000	165.495000	155.246000	153.744000	105.389000	79.335800	120.900000	98.864400	99.641900	99.827000	80.716500	78.174100	109.424000	114.934000	118.757000	99.137500	109.743000	102.853000	102.703000	100.058000	88.818500	88.465500	120.702000	142.416000	149.655000	142.587000	123.336000	126.318000	110.039000	92.113800	0.149000	0.000000	0.004695	0.000000	0.009446	0.000000	0.014528	0.000000	0.020077	0.000000	0.043094	0.000000	0.043924	0.000000	0.059001	0.049100	0.092890	0.320000	0.114834	0.473000	106.360000	93.965700	82.496800	83.613700	88.667000	123.173000	140.847000	151.472000	134.558000	133.372000	114.747000	111.688000	0.000000	0.761300	0.097244	0.691900	0.086383	0.699300	0.144747	0.707100	0.000000	0.590300	0.109586	0.492300	0.108310	0.020600	0.127951	0.000000	0.165660	0.000000	0.221850	0.000000	0.150315	0.000000	0.064722	0.000000	0.069292	0.000000	0.086694	0.000000	0.818114	0.000000	0.130807	0.808516	0.000000	22.757700	5.415860	2.736620	1.259650	22.850300	97.972300	0.000000	0.000000	4497.160000	56.565400	380.289000	55.761600	0.000000	5.384490	1.847210	0.996899	1.843560	2.134020	4.210080	
   13	120.900000	109.780000	105.000000	105.000000	102.000000	105.000000	121.060000	140.010000	144.080000	140.010000	121.060000	109.990000	109.060000	108.200000	108.870000	121.060000	138.570000	144.260000	152.770000	155.950000	155.950000	150.000000	144.080000	139.100000	13.960000	0.000000	10.928700	25.495400	20.409500	11.103400	17.406100	14.366800	0.000000	0.000000	153.639000	171.367000	164.103000	146.119000	138.558000	142.578000	40.016800	150.174000	100.534000	18.390300	14.760500	41.589600	55.428500	32.705000	114.950000	117.741000	108.631000	110.932000	104.622000	106.888000	110.974000	124.416000	142.309000	132.081000	130.657000	122.888000	122.358000	126.057000	123.642000	109.974000	147.106000	161.848000	193.668000	178.462000	178.612000	148.219000	129.792000	123.970000	120.900000	95.582500	92.837600	92.982000	74.590100	65.478800	103.506000	105.490000	116.907000	118.941000	122.612000	111.408000	122.173000	115.059000	102.430000	103.192000	115.849000	148.713000	154.983000	154.302000	130.392000	102.765000	105.541000	101.613000	0.149000	0.000000	0.004784	0.000000	0.000000	0.000000	0.000000	0.000000	0.026390	0.000000	0.063624	0.000000	0.086080	0.000000	0.100170	0.031200	0.109469	0.211500	0.039542	0.389300	106.360000	97.462400	89.325000	96.266100	103.956000	144.107000	150.460000	165.168000	152.323000	130.301000	121.877000	111.317000	0.037809	0.457400	0.134160	0.533600	0.025469	0.879300	0.078534	0.740800	0.000000	0.537900	0.000000	0.279200	0.032700	0.029400	0.111172	0.000000	0.195452	0.000000	0.237712	0.000000	0.171884	0.000000	0.091840	0.000000	0.137781	0.000000	0.380229	0.000000	0.818114	0.000000	0.000000	0.000000	0.000000	22.880700	5.691110	2.379820	1.320300	20.224200	65.019000	9.783280	34.076100	4337.270000	142.653000	409.609000	89.607500	0.000000	0.000000	1.986380	0.990452	2.124710	2.661130	3.216410	
   14	120.900000	109.780000	105.000000	105.000000	102.000000	105.000000	121.060000	140.010000	144.080000	140.010000	121.060000	109.990000	109.060000	108.200000	108.870000	121.060000	138.570000	144.260000	152.770000	155.950000	155.950000	150.000000	144.080000	139.100000	13.960000	6.890630	15.174400	29.192300	25.665500	16.942200	13.881600	0.000000	0.000000	0.975584	153.535000	168.162000	163.464000	148.552000	142.626000	141.421000	58.847200	155.564000	87.490800	44.174900	31.295000	52.170800	51.012100	20.552600	114.950000	109.548000	104.835000	106.211000	102.427000	94.109700	91.411600	130.652000	153.551000	148.715000	148.231000	122.623000	131.530000	134.309000	131.628000	138.961000	170.647000	202.174000	202.657000	194.065000	180.683000	157.132000	141.466000	130.429000	120.900000	85.525800	86.985200	90.276800	72.075200	65.138900	91.256000	112.900000	130.258000	130.333000	136.528000	127.987000	124.149000	112.038000	105.045000	104.160000	111.959000	155.370000	164.983000	160.494000	141.451000	118.245000	129.285000	122.179000	0.149000	0.000000	0.005545	0.000000	0.010710	0.000000	0.018798	0.000000	0.034203	0.000000	0.081674	0.000000	0.109348	0.000000	0.097139	0.039500	0.158586	0.254600	0.000000	0.391300	106.360000	65.464000	56.226800	57.651600	106.170000	152.990000	151.534000	172.555000	154.905000	151.602000	119.466000	119.714000	0.157765	0.376400	0.104381	0.881500	0.000000	0.821500	0.165082	0.656800	0.166778	0.658100	0.139756	0.215400	0.143566	0.011200	0.183068	0.000000	0.206767	0.000000	0.202439	0.000000	0.192686	0.000000	0.137263	0.000000	0.137781	0.000000	0.213033	0.000000	0.818114	0.000000	0.364093	0.013974	0.000000	25.258400	5.647170	2.708800	1.082210	18.853600	100.482000	0.000000	0.000000	4602.070000	65.764400	400.828000	72.616000	5.050520	0.000000	2.828170	1.522330	1.980340	2.334950	2.729590	
   15	120.900000	109.780000	105.000000	105.000000	102.000000	105.000000	121.060000	140.010000	144.080000	140.010000	121.060000	109.990000	109.060000	108.200000	108.870000	121.060000	138.570000	144.260000	152.770000	155.950000	155.950000	150.000000	144.080000	139.100000	13.960000	6.821830	16.035900	31.127300	26.555400	23.395200	21.177300	13.468200	0.000000	1.907610	158.387000	176.396000	160.784000	147.788000	138.824000	140.211000	50.948200	148.852000	103.798000	52.946800	39.016900	31.385200	57.654000	25.622800	114.950000	109.074000	103.169000	104.777000	105.352000	93.536000	104.490000	124.572000	136.175000	120.278000	145.112000	118.338000	116.702000	119.261000	113.834000	121.388000	150.819000	174.228000	185.169000	160.823000	156.950000	157.368000	116.974000	97.781800	120.900000	101.257000	104.324000	92.982000	74.590100	65.478800	103.506000	105.490000	116.907000	118.941000	122.612000	111.408000	122.173000	115.059000	102.430000	100.248000	109.189000	143.391000	147.369000	142.408000	123.624000	138.445000	100.499000	96.510600	0.149000	0.000000	0.000000	0.000000	0.014854	0.000000	0.052411	0.000000	0.039783	0.000000	0.072712	0.000000	0.117553	0.000000	0.100170	0.060800	0.040119	0.383300	0.123446	0.497300	106.360000	86.359400	77.539500	64.427500	115.492000	150.882000	162.105000	175.406000	162.821000	136.334000	122.484000	113.746000	0.106431	0.586700	0.062642	0.750500	0.000000	0.663000	0.000000	0.808400	0.000000	0.509000	0.000000	0.286400	0.058978	0.027700	0.073022	0.000000	0.179885	0.000000	0.187321	0.000000	0.166434	0.000000	0.126534	0.000000	0.094697	0.000000	0.097687	0.000000	0.818114	0.669722	1.054510	0.000000	0.000000	21.275700	6.780460	3.366740	1.330530	22.213000	74.813300	3.731620	0.324539	4416.240000	41.134000	386.269000	73.764200	0.781824	14.366000	1.782930	0.958740	1.979050	2.311570	3.252690	
   16	120.900000	109.780000	105.000000	105.000000	102.000000	105.000000	121.060000	140.010000	144.080000	140.010000	121.060000	109.990000	109.060000	108.200000	108.870000	121.060000	138.570000	144.260000	152.770000	155.950000	155.950000	150.000000	144.080000	139.100000	13.960000	2.955480	16.723500	32.740400	28.739700	19.050700	0.000000	0.000000	0.000000	17.469400	168.190000	176.919000	174.615000	158.314000	150.514000	139.143000	55.073600	157.377000	118.887000	27.176700	12.035200	39.749600	55.173100	34.537700	114.950000	104.207000	96.959000	94.996800	91.574100	87.653400	94.249900	116.989000	131.053000	138.775000	152.823000	119.706000	125.532000	129.399000	119.751000	124.077000	146.047000	157.721000	165.143000	152.943000	128.453000	120.326000	96.864300	93.946400	120.900000	100.327000	95.600000	93.625400	75.361000	66.058400	102.766000	107.279000	116.124000	89.348700	150.293000	129.032000	143.335000	142.990000	127.464000	113.553000	121.280000	142.175000	165.921000	154.909000	120.793000	106.752000	102.754000	99.038700	0.149000	0.000000	0.035745	0.000000	0.062283	0.000000	0.112036	0.000000	0.121953	0.000000	0.170545	0.000000	0.232685	0.000000	0.251529	0.053800	0.241621	0.258700	0.211949	0.357200	106.360000	47.465400	48.330600	54.265300	69.408400	100.689000	94.486400	116.931000	117.735000	103.932000	91.127300	88.929400	0.138111	0.449500	0.047710	0.435600	0.000000	0.679300	0.000000	0.864300	0.026034	1.480800	0.062030	0.652400	0.109095	0.028100	0.183959	0.000000	0.263064	0.000000	0.139552	0.000000	0.102661	0.000000	0.060507	0.000000	0.042790	0.000000	0.048781	0.000000	0.818114	0.000000	0.067554	0.000000	0.000000	22.738200	5.881900	2.917440	1.671240	20.881500	85.724400	0.000000	0.000000	4469.840000	56.463000	386.914000	70.751000	1.164450	0.000000	2.562780	0.986247	1.797660	2.451880	3.105180	
   17	120.900000	109.780000	105.000000	105.000000	102.000000	105.000000	121.060000	140.010000	144.080000	140.010000	121.060000	109.990000	109.060000	108.200000	108.870000	121.060000	138.570000	144.260000	152.770000	155.950000	155.950000	150.000000	144.080000	139.100000	13.960000	6.890630	15.174400	29.192300	25.665500	16.942200	13.881600	0.000000	0.000000	0.975584	153.535000	168.162000	163.464000	148.552000	142.626000	141.421000	58.847200	155.564000	87.490800	44.174900	31.295000	52.170800	51.012100	20.552600	114.950000	109.548000	104.835000	106.211000	102.427000	94.109700	91.411600	130.652000	153.551000	148.715000	148.231000	122.623000	131.530000	134.309000	131.628000	138.961000	170.647000	202.174000	202.657000	194.065000	180.683000	157.132000	141.466000	130.429000	120.900000	85.525800	86.985200	90.276800	72.075200	65.138900	91.256000	112.900000	130.258000	130.333000	136.528000	127.987000	124.149000	112.038000	105.045000	104.160000	111.959000	155.370000	164.983000	160.494000	141.451000	118.245000	129.285000	122.179000	0.149000	0.000000	0.005545	0.000000	0.010710	0.000000	0.018798	0.000000	0.034203	0.000000	0.081674	0.000000	0.109348	0.000000	0.097139	0.039500	0.158586	0.254600	0.000000	0.391300	106.360000	65.464000	56.226800	57.651600	106.170000	152.990000	151.534000	172.555000	154.905000	151.602000	119.466000	119.714000	0.157765	0.376400	0.104381	0.881500	0.000000	0.821500	0.165082	0.656800	0.166778	0.658100	0.000000	0.351100	0.000000	0.077800	0.090123	0.000000	0.184967	0.000000	0.199026	0.000000	0.129312	0.000000	0.062713	0.000000	0.054378	0.000000	0.014027	0.000000	0.818114	0.000000	0.000000	0.157755	0.000000	16.181600	4.057460	2.810790	1.692340	19.545400	95.801200	1.287220	0.000000	4485.150000	58.561200	398.731000	58.686200	3.434920	0.000000	2.490010	1.299950	2.222560	2.459650	3.138430	
   18	120.900000	109.780000	105.000000	105.000000	102.000000	105.000000	121.060000	140.010000	144.080000	140.010000	121.060000	109.990000	109.060000	108.200000	108.870000	121.060000	138.570000	144.260000	152.770000	155.950000	155.950000	150.000000	144.080000	139.100000	13.960000	4.734170	11.022200	25.526800	23.402200	16.485700	17.297600	5.164250	0.000000	0.000000	164.309000	162.715000	162.622000	148.336000	140.617000	145.212000	54.980200	168.458000	105.764000	35.786700	16.787400	37.628300	52.046600	41.441500	114.950000	115.427000	113.464000	109.680000	104.495000	106.001000	108.194000	123.931000	116.089000	131.305000	147.047000	130.328000	134.692000	129.565000	118.929000	121.585000	154.081000	169.496000	179.290000	164.901000	146.743000	138.185000	111.385000	98.314600	120.900000	108.702000	109.894000	96.050700	81.054100	81.315300	95.426300	118.496000	96.913900	111.109000	129.661000	118.760000	134.418000	124.330000	111.497000	99.509400	105.820000	128.309000	136.897000	132.155000	114.241000	98.178600	87.897400	80.427000	0.149000	0.000000	0.032921	0.000000	0.042948	0.000000	0.052450	0.000000	0.034747	0.000000	0.045234	0.000000	0.063567	0.000000	0.090610	0.033900	0.040119	0.213400	0.194632	0.281600	106.360000	103.570000	93.104400	95.852300	118.475000	160.137000	159.502000	168.306000	150.720000	132.485000	122.363000	115.635000	0.068607	0.717700	0.158041	0.531200	0.000000	0.869200	0.000000	0.691600	0.000000	0.551600	0.000000	0.372300	0.000000	0.030600	0.077388	0.000000	0.048524	0.000000	0.069845	0.000000	0.060095	0.000000	0.012982	0.000000	0.101474	0.000000	0.135653	0.000000	0.818114	0.235689	0.310377	0.165527	0.000000	19.288700	5.325150	2.787780	1.444150	20.909800	85.304600	18.160400	0.000000	4302.630000	36.182300	389.216000	68.888100	1.127560	1.900630	2.412530	1.076180	1.994620	2.528580	2.982630	
   19	120.900000	109.780000	105.000000	105.000000	102.000000	105.000000	121.060000	140.010000	144.080000	140.010000	121.060000	109.990000	109.060000	108.200000	108.870000	121.060000	138.570000	144.260000	152.770000	155.950000	155.950000	150.000000	144.080000	139.100000	13.960000	0.000000	18.646100	32.041700	30.307700	30.360700	7.105620	1.203830	3.040390	9.599860	168.791000	167.281000	151.498000	132.294000	130.912000	130.399000	19.719500	133.893000	121.012000	52.770500	17.777800	44.078700	64.480800	39.513700	114.950000	105.550000	99.055600	95.738500	95.396600	85.695700	99.528100	115.964000	132.572000	133.374000	131.398000	101.502000	96.043500	91.174300	122.164000	135.556000	169.310000	182.269000	212.628000	190.794000	156.230000	141.357000	126.435000	113.103000	120.900000	99.086700	87.486700	83.586800	68.634900	64.502900	100.413000	105.636000	111.750000	111.447000	114.611000	106.437000	111.348000	101.122000	105.290000	103.804000	103.064000	128.796000	165.142000	158.602000	123.051000	108.112000	105.647000	96.291200	0.149000	0.000000	0.114389	0.000000	0.108550	0.000000	0.111793	0.000000	0.135570	0.000000	0.173285	0.000000	0.160349	0.000000	0.223385	0.078600	0.356488	0.845200	0.416177	1.037400	106.360000	92.269300	83.634400	78.403700	89.843000	127.332000	158.734000	157.448000	146.076000	124.889000	114.728000	133.253000	0.423056	1.092500	0.364959	0.730700	0.284615	0.347300	0.228608	0.431800	0.000000	0.523900	0.000000	0.125300	0.000000	0.015600	0.013365	0.000000	0.071350	0.000000	0.065806	0.000000	0.027472	0.000000	0.000000	0.000000	0.000000	0.000000	0.000000	0.000000	0.818114	0.000000	0.000000	0.147413	0.000000	22.103500	5.064240	2.791480	1.440350	21.001800	104.019000	0.000000	0.000000	4503.340000	29.568400	387.267000	82.165300	0.000000	0.000000	2.574780	1.139790	2.060860	2.473510	2.969900	
   20	120.900000	109.780000	105.000000	105.000000	102.000000	105.000000	121.060000	140.010000	144.080000	140.010000	121.060000	109.990000	109.060000	108.200000	108.870000	121.060000	138.570000	144.260000	152.770000	155.950000	155.950000	150.000000	144.080000	139.100000	13.960000	0.065530	22.049900	36.695400	33.994900	26.551900	25.432500	6.783430	0.000000	0.000000	162.202000	174.046000	157.971000	143.918000	134.714000	141.920000	42.069200	139.110000	102.200000	40.074600	13.067100	40.013200	50.508400	26.572000	114.950000	110.718000	103.465000	97.871100	85.631300	83.671500	89.837200	125.623000	147.033000	141.665000	144.127000	114.811000	112.776000	121.252000	112.062000	120.018000	145.275000	188.346000	187.497000	184.390000	162.464000	149.670000	113.844000	103.647000	120.900000	95.780800	95.005500	88.824200	71.597300	65.091600	104.674000	112.924000	123.781000	118.595000	141.590000	151.349000	134.845000	124.830000	117.244000	126.845000	125.677000	157.619000	155.917000	163.091000	137.893000	120.642000	125.532000	121.498000	0.149000	0.000000	0.049968	0.000000	0.095676	0.000000	0.106750	0.000000	0.082677	0.000000	0.134783	0.000000	0.206000	0.000000	0.232934	0.046300	0.153429	0.330500	0.122030	0.569800	106.360000	94.620800	87.555300	95.532300	110.443000	142.946000	155.142000	160.881000	150.006000	140.225000	129.007000	125.202000	0.300605	0.692300	0.219848	0.752500	0.189906	0.581600	0.185154	0.793200	0.133707	0.610700	0.154360	0.270400	0.147076	0.028500	0.183068	0.000000	0.206767	0.000000	0.202439	0.000000	0.192686	0.000000	0.137263	0.000000	0.137781	0.000000	0.106323	0.000000	0.818114	0.000000	0.501642	0.000000	0.000000	22.880100	6.658890	2.755150	1.477630	21.319200	62.705700	0.000000	0.000000	4430.100000	58.052100	384.558000	67.613200	0.000000	30.559700	2.184620	1.138230	2.179860	2.422620	3.047540	
   21	120.900000	109.780000	105.000000	105.000000	102.000000	105.000000	121.060000	140.010000	144.080000	140.010000	121.060000	109.990000	109.060000	108.200000	108.870000	121.060000	138.570000	144.260000	152.770000	155.950000	155.950000	150.000000	144.080000	139.100000	13.960000	0.065530	22.049900	36.695400	33.994900	26.551900	25.432500	6.783430	0.000000	0.000000	162.202000	174.046000	157.971000	143.918000	134.714000	141.920000	42.069200	139.110000	102.200000	40.074600	13.067100	40.013200	50.508400	26.572000	114.950000	110.718000	103.465000	97.871100	85.631300	83.671500	89.837200	125.623000	147.033000	141.665000	144.127000	114.811000	112.776000	121.252000	112.062000	120.018000	145.275000	188.346000	187.497000	184.390000	162.464000	149.670000	113.844000	103.647000	120.900000	95.780800	95.005500	88.824200	71.597300	65.091600	104.674000	112.924000	123.781000	118.595000	141.590000	151.349000	134.845000	124.830000	117.244000	126.845000	125.677000	157.619000	155.917000	163.091000	137.893000	120.642000	125.532000	121.498000	0.149000	0.000000	0.049968	0.000000	0.095676	0.000000	0.106750	0.000000	0.082677	0.000000	0.134783	0.000000	0.206000	0.000000	0.232934	0.046300	0.153429	0.330500	0.122030	0.569800	106.360000	94.620800	87.555300	95.532300	110.443000	142.946000	155.142000	160.881000	150.006000	140.225000	129.007000	125.202000	0.300605	0.692300	0.219848	0.752500	0.189906	0.581600	0.185154	0.793200	0.133707	0.610700	0.154360	0.270400	0.147076	0.028500	0.183068	0.000000	0.206767	0.000000	0.202439	0.000000	0.192686	0.000000	0.137263	0.000000	0.137781	0.000000	0.106323	0.000000	0.818114	0.000000	0.501642	0.000000	0.000000	22.880100	6.658890	2.755150	1.477630	21.319200	62.705700	0.000000	0.000000	4430.100000	58.052100	384.558000	67.613200	0.000000	30.559700	2.184620	1.138230	2.179860	2.422620	3.047540	
   22	120.900000	109.780000	105.000000	105.000000	102.000000	105.000000	121.060000	140.010000	144.080000	140.010000	121.060000	109.990000	109.060000	108.200000	108.870000	121.060000	138.570000	144.260000	152.770000	155.950000	155.950000	150.000000	144.080000	139.100000	13.960000	0.000000	18.646100	32.041700	30.307700	26.282600	22.542100	4.753430	0.000000	0.000000	161.442000	169.890000	168.000000	152.969000	146.602000	151.116000	41.020400	164.768000	138.473000	98.286600	11.171100	36.175800	60.238200	29.615300	114.950000	121.382000	125.236000	123.383000	117.547000	114.839000	110.574000	138.589000	157.129000	151.817000	147.153000	120.374000	113.496000	125.304000	122.018000	119.743000	154.561000	160.062000	190.302000	176.005000	187.003000	187.475000	128.979000	120.889000	120.900000	91.332700	89.445400	100.498000	78.225000	61.248600	95.340000	106.830000	96.427600	90.357000	98.727500	96.841300	98.993800	100.863000	81.520600	59.770000	80.865800	116.153000	134.016000	136.479000	128.939000	130.876000	98.023800	92.325400	0.149000	0.000000	0.000000	0.000000	0.000000	0.000000	0.000000	0.000000	0.000000	0.000000	0.046216	0.000000	0.081693	0.000000	0.098518	0.026700	0.030033	0.149200	0.082025	0.386400	106.360000	97.493300	85.707200	91.153900	110.983000	135.619000	163.143000	159.506000	151.258000	132.830000	105.614000	122.548000	0.098892	0.729400	0.069828	0.564300	0.035682	0.413900	0.036343	0.428800	0.022974	0.335300	0.000000	0.270600	0.000000	0.011500	0.000000	0.000000	0.000000	0.000000	0.003628	0.000000	0.000000	0.000000	0.000000	0.000000	0.000000	0.000000	0.000000	0.000000	0.818114	0.248465	0.000000	0.000000	0.000000	23.171400	6.410650	2.866560	1.549840	20.166200	83.244100	8.090740	0.000000	4313.260000	43.374800	369.237000	78.531800	0.886251	0.000000	2.106330	0.950708	1.798720	2.192930	2.785890	
   23	120.900000	109.780000	105.000000	105.000000	102.000000	105.000000	121.060000	140.010000	144.080000	140.010000	121.060000	109.990000	109.060000	108.200000	108.870000	121.060000	138.570000	144.260000	152.770000	155.950000	155.950000	150.000000	144.080000	139.100000	13.960000	0.000000	18.646100	32.041700	30.307700	30.360700	7.105620	1.203830	3.040390	9.599860	168.791000	167.281000	151.498000	132.294000	130.912000	130.399000	19.719500	133.893000	121.012000	52.770500	17.777800	44.078700	64.480800	39.513700	114.950000	121.059000	117.289000	112.653000	108.741000	101.829000	114.125000	135.340000	157.207000	147.772000	136.772000	109.365000	110.303000	118.093000	114.065000	122.914000	147.490000	163.154000	169.323000	152.052000	148.572000	144.316000	122.145000	113.308000	120.900000	116.398000	116.705000	109.444000	81.846100	74.270600	109.715000	110.484000	120.664000	128.957000	140.817000	120.037000	118.969000	112.091000	94.716300	76.524000	75.615300	94.133500	129.219000	139.031000	117.545000	104.090000	103.982000	99.649900	0.149000	0.000000	0.000000	0.000000	0.000000	0.000000	0.000000	0.000000	0.000000	0.000000	0.025772	0.000000	0.058603	0.000000	0.085665	0.059000	0.127070	0.464400	0.157101	1.111200	106.360000	126.555000	115.616000	116.981000	125.939000	160.697000	170.554000	176.872000	187.290000	179.572000	140.924000	133.280000	0.183053	1.228400	0.172306	1.638500	0.156917	0.806800	0.183478	0.656200	0.211131	0.430700	0.278939	0.372800	0.260087	0.051000	0.296226	0.000000	0.373884	0.000000	0.403059	0.000000	0.388699	0.000000	0.344740	0.000000	0.318694	0.000000	0.345288	0.000000	0.818114	0.000000	0.000000	0.228900	0.000000	22.864000	5.842860	2.868950	1.636880	21.507000	90.996600	2.909920	0.000000	4379.450000	49.656000	363.260000	77.595200	5.377320	6.120920	1.939910	1.140920	1.721310	2.156580	2.783840	
   24	120.900000	109.780000	105.000000	105.000000	102.000000	105.000000	121.060000	140.010000	144.080000	140.010000	121.060000	109.990000	109.060000	108.200000	108.870000	121.060000	138.570000	144.260000	152.770000	155.950000	155.950000	150.000000	144.080000	139.100000	13.960000	0.000000	18.646100	32.041700	30.307700	26.282600	22.542100	4.753430	0.000000	0.000000	161.442000	169.890000	168.000000	152.969000	146.602000	151.116000	41.020400	164.768000	138.473000	98.286600	11.171100	36.175800	60.238200	29.615300	114.950000	117.573000	111.005000	107.739000	97.079800	102.489000	109.383000	140.059000	151.770000	144.664000	149.472000	126.559000	129.374000	129.651000	126.953000	137.701000	174.426000	203.411000	213.798000	189.166000	194.219000	176.813000	147.955000	128.340000	120.900000	93.542400	100.950000	97.387300	67.293800	76.041400	97.483400	109.144000	114.545000	108.292000	117.886000	119.476000	110.905000	103.901000	97.043000	97.588600	107.525000	141.385000	151.915000	137.381000	133.430000	114.699000	111.906000	97.118600	0.149000	0.000000	0.038988	0.000000	0.032538	0.000000	0.053355	0.000000	0.073205	0.000000	0.043595	0.000000	0.121066	0.000000	0.145541	0.127600	0.128634	0.726400	0.118359	1.392800	106.360000	107.031000	100.915000	99.758700	109.714000	148.732000	154.570000	185.679000	195.546000	186.680000	132.104000	124.935000	0.198124	2.003500	0.134259	2.015600	0.070034	1.017000	0.053659	1.488400	0.026336	0.829500	0.000000	1.011700	0.000000	0.087300	0.022507	0.000000	0.030206	0.000000	0.001802	0.000000	0.000000	0.000000	0.000000	0.000000	0.000000	0.000000	0.000000	0.000000	0.818114	0.375879	0.807898	0.000000	0.000000	22.718100	7.017630	3.210240	1.794320	21.690000	69.576800	0.722564	0.000000	4307.500000	45.823900	381.438000	69.330200	0.000000	48.921600	1.843020	0.903376	1.835040	2.458540	3.211130	
   25	120.900000	109.780000	105.000000	105.000000	102.000000	105.000000	121.060000	140.010000	144.080000	140.010000	121.060000	109.990000	109.060000	108.200000	108.870000	121.060000	138.570000	144.260000	152.770000	155.950000	155.950000	150.000000	144.080000	139.100000	13.960000	2.955480	16.723500	32.740400	28.739700	19.050700	0.000000	0.000000	0.000000	17.469400	168.190000	176.919000	174.615000	158.314000	150.514000	139.143000	55.073600	157.377000	118.887000	27.176700	12.035200	39.749600	55.173100	34.537700	114.950000	122.378000	105.814000	111.545000	107.092000	100.920000	110.368000	124.751000	142.856000	157.552000	159.384000	122.744000	121.520000	124.383000	117.591000	127.932000	159.482000	166.363000	193.934000	177.281000	166.706000	160.296000	123.714000	119.602000	120.900000	90.638300	94.089900	80.177000	65.728900	61.863200	98.035600	109.557000	111.832000	114.929000	139.776000	101.511000	104.921000	96.162600	80.178200	83.496500	100.842000	121.683000	140.236000	134.691000	116.156000	110.615000	92.105800	92.486900	0.149000	0.000000	0.113116	0.000000	0.114319	0.000000	0.108756	0.000000	0.106212	0.000000	0.137490	0.000000	0.147680	0.000000	0.153789	0.015300	0.134095	0.297100	0.097910	0.447900	106.360000	89.063300	85.950400	82.578500	97.609900	138.353000	144.721000	166.307000	146.620000	126.228000	113.135000	113.834000	0.066708	0.375600	0.041072	0.345300	0.009253	0.353800	0.020212	0.442200	0.012387	0.388300	0.000000	0.208600	0.000000	0.013700	0.010099	0.000000	0.055740	0.000000	0.067312	0.000000	0.037725	0.000000	0.000000	0.000000	0.000000	0.000000	0.000540	0.000000	0.818114	0.258326	0.606919	0.000000	0.000000	22.305300	6.260750	2.960280	1.351300	20.402400	80.998500	5.390260	0.000000	4433.080000	41.786700	385.155000	70.779200	1.717990	0.000000	2.498410	1.170480	2.089250	2.423280	3.079630	
   26	120.900000	109.780000	105.000000	105.000000	102.000000	105.000000	121.060000	140.010000	144.080000	140.010000	121.060000	109.990000	109.060000	108.200000	108.870000	121.060000	138.570000	144.260000	152.770000	155.950000	155.950000	150.000000	144.080000	139.100000	13.960000	0.000000	0.000000	14.409400	10.282100	9.432820	15.756100	12.515800	0.000000	0.000000	163.553000	172.433000	163.448000	144.800000	134.827000	134.869000	39.359100	161.542000	135.415000	57.100500	26.965400	43.032200	53.056000	30.369600	114.950000	126.159000	104.608000	103.260000	99.336400	93.146900	98.590100	121.313000	135.599000	139.708000	154.912000	121.276000	121.163000	126.829000	122.005000	131.638000	157.611000	169.247000	181.234000	170.060000	154.773000	152.375000	114.086000	105.355000	120.900000	86.022100	79.357400	83.699800	71.818300	67.754500	101.081000	113.992000	114.659000	118.854000	132.177000	116.453000	119.953000	116.923000	108.110000	104.810000	106.646000	135.171000	139.925000	139.917000	117.764000	118.650000	97.082700	89.413200	0.149000	0.000000	0.000000	0.000000	0.036520	0.000000	0.061685	0.000000	0.059778	0.000000	0.094462	0.000000	0.133966	0.000000	0.141703	0.054500	0.123619	0.408300	0.108430	1.001600	106.360000	94.620800	86.819700	87.108800	95.361000	144.172000	141.137000	135.553000	128.269000	114.671000	108.581000	100.004000	0.085192	0.983800	0.015643	1.428800	0.000000	1.316600	0.000000	0.909900	0.176372	0.419600	0.131587	0.619900	0.171156	0.037600	0.311250	0.000000	0.423865	0.000000	0.458249	0.000000	0.439730	0.000000	0.412472	0.000000	0.371429	0.000000	0.059580	0.000000	0.818114	0.000000	0.117685	0.000000	0.000000	21.913900	5.955990	2.891880	0.741335	21.310700	56.613200	0.000000	0.000000	4540.440000	59.387700	406.216000	66.802100	1.515060	9.302810	2.531160	1.545710	2.186660	2.661130	3.298920	
   27	120.900000	109.780000	105.000000	105.000000	102.000000	105.000000	121.060000	140.010000	144.080000	140.010000	121.060000	109.990000	109.060000	108.200000	108.870000	121.060000	138.570000	144.260000	152.770000	155.950000	155.950000	150.000000	144.080000	139.100000	13.960000	0.000000	11.160200	29.477900	27.534800	17.344700	17.188200	2.905310	0.000000	0.000000	140.558000	165.773000	157.455000	138.899000	131.785000	132.392000	28.921700	145.687000	113.550000	72.844500	19.522300	36.496300	53.732300	34.994200	114.950000	109.548000	104.835000	106.211000	107.931000	104.701000	111.676000	134.768000	147.166000	144.155000	138.490000	114.641000	113.214000	111.532000	102.691000	116.766000	135.895000	144.113000	170.037000	165.495000	155.246000	153.744000	105.389000	79.335800	120.900000	98.864400	99.641900	99.827000	80.716500	78.174100	109.424000	114.934000	118.757000	99.137500	109.743000	102.853000	102.703000	100.058000	88.818500	88.465500	120.702000	142.416000	149.655000	142.587000	123.336000	126.318000	110.039000	92.113800	0.149000	0.000000	0.004695	0.000000	0.009446	0.000000	0.014528	0.000000	0.020077	0.000000	0.043094	0.000000	0.043924	0.000000	0.059001	0.049100	0.092890	0.320000	0.114834	0.473000	106.360000	93.965700	82.496800	83.613700	88.667000	123.173000	140.847000	151.472000	134.558000	133.372000	114.747000	111.688000	0.000000	0.761300	0.097244	0.691900	0.086383	0.699300	0.144747	0.707100	0.000000	0.590300	0.109586	0.492300	0.108310	0.020600	0.127951	0.000000	0.165660	0.000000	0.221850	0.000000	0.150315	0.000000	0.064722	0.000000	0.069292	0.000000	0.086694	0.000000	0.818114	0.000000	0.130807	0.808516	0.000000	22.757700	5.415860	2.736620	1.259650	22.850300	97.972300	0.000000	0.000000	4497.160000	56.565400	380.289000	55.761600	0.000000	5.384490	1.847210	0.996899	1.843560	2.134020	4.210080	
   28	120.900000	109.780000	105.000000	105.000000	102.000000	105.000000	121.060000	140.010000	144.080000	140.010000	121.060000	109.990000	109.060000	108.200000	108.870000	121.060000	138.570000	144.260000	152.770000	155.950000	155.950000	150.000000	144.080000	139.100000	13.960000	0.000000	18.646100	32.041700	30.307700	26.282600	22.542100	4.753430	0.000000	0.000000	161.442000	169.890000	168.000000	152.969000	146.602000	151.116000	41.020400	164.768000	138.473000	98.286600	11.171100	36.175800	60.238200	29.615300	114.950000	93.903300	86.342100	90.459300	88.110100	79.566100	82.809700	100.621000	126.291000	114.602000	142.806000	121.505000	122.880000	127.616000	120.534000	122.185000	150.945000	160.834000	185.143000	169.300000	157.066000	144.478000	116.951000	104.079000	120.900000	85.245600	91.294900	77.010800	67.475600	54.056000	83.446500	90.064700	115.183000	103.342000	118.662000	110.664000	121.348000	117.972000	105.729000	99.368600	109.361000	139.972000	147.545000	145.178000	124.366000	108.638000	101.144000	88.077800	0.149000	0.000000	0.138155	0.000000	0.304662	0.000000	0.506118	0.000000	0.570200	0.000000	0.636139	0.000000	0.722703	0.000000	0.737160	0.010800	0.717133	0.113800	0.707035	0.296200	106.360000	137.138000	129.861000	137.157000	148.507000	191.229000	191.411000	196.278000	188.489000	162.607000	139.481000	130.109000	0.693617	0.348400	0.620845	0.537000	0.535867	0.770000	0.494794	0.495000	0.462630	0.536300	0.000000	0.250000	0.010223	0.030000	0.081445	0.000000	0.128842	0.000000	0.146375	0.000000	0.101382	0.000000	0.021268	0.000000	0.000000	0.000000	0.086694	0.000000	0.818114	0.772540	1.056410	0.744757	0.076244	23.997600	7.503010	4.683380	1.244910	15.673700	88.450600	0.000000	0.000000	4506.480000	54.805100	386.645000	71.852200	0.000000	0.000000	1.762890	0.370455	1.807010	2.542860	3.306380	
   29	120.900000	109.780000	105.000000	105.000000	102.000000	105.000000	121.060000	140.010000	144.080000	140.010000	121.060000	109.990000	109.060000	108.200000	108.870000	121.060000	138.570000	144.260000	152.770000	155.950000	155.950000	150.000000	144.080000	139.100000	13.960000	0.000000	11.160200	29.477900	27.534800	17.344700	17.188200	2.905310	0.000000	0.000000	140.558000	165.773000	157.455000	138.899000	131.785000	132.392000	28.921700	145.687000	113.550000	72.844500	19.522300	36.496300	53.732300	34.994200	114.950000	109.548000	104.835000	106.211000	107.931000	104.701000	111.676000	134.768000	147.166000	144.155000	138.490000	114.641000	113.214000	111.532000	102.691000	116.766000	135.895000	144.113000	170.037000	165.495000	155.246000	153.744000	105.389000	79.335800	120.900000	98.864400	99.641900	99.827000	80.716500	78.174100	109.424000	114.934000	118.757000	99.137500	109.743000	102.853000	102.703000	100.058000	88.818500	88.465500	120.702000	142.416000	149.655000	142.587000	123.336000	126.318000	110.039000	92.113800	0.149000	0.000000	0.004695	0.000000	0.009446	0.000000	0.014528	0.000000	0.020077	0.000000	0.043094	0.000000	0.043924	0.000000	0.059001	0.049100	0.092890	0.320000	0.114834	0.473000	106.360000	93.965700	82.496800	83.613700	88.667000	123.173000	140.847000	151.472000	134.558000	133.372000	114.747000	111.688000	0.000000	0.761300	0.097244	0.691900	0.086383	0.699300	0.144747	0.707100	0.000000	0.590300	0.109586	0.492300	0.108310	0.020600	0.127951	0.000000	0.165660	0.000000	0.221850	0.000000	0.150315	0.000000	0.064722	0.000000	0.069292	0.000000	0.086694	0.000000	0.818114	0.000000	0.130807	0.808516	0.000000	22.757700	5.415860	2.736620	1.259650	22.850300	97.972300	0.000000	0.000000	4497.160000	56.565400	380.289000	55.761600	0.000000	5.384490	1.847210	0.996899	1.843560	2.134020	4.210080	
   30	120.900000	109.780000	105.000000	105.000000	102.000000	105.000000	121.060000	140.010000	144.080000	140.010000	121.060000	109.990000	109.060000	108.200000	108.870000	121.060000	138.570000	144.260000	152.770000	155.950000	155.950000	150.000000	144.080000	139.100000	13.960000	2.955480	16.723500	32.740400	28.739700	19.050700	0.000000	0.000000	0.000000	17.469400	168.190000	176.919000	174.615000	158.314000	150.514000	139.143000	55.073600	157.377000	118.887000	27.176700	12.035200	39.749600	55.173100	34.537700	114.950000	112.408000	102.544000	111.662000	104.079000	92.248300	103.157000	121.459000	138.930000	151.640000	151.245000	115.502000	112.481000	114.095000	100.227000	114.171000	152.872000	161.300000	184.098000	169.058000	145.566000	131.526000	114.213000	105.783000	120.900000	87.080500	90.023300	89.196100	68.655600	62.048300	97.508700	107.163000	122.495000	116.528000	106.328000	89.107700	88.252500	88.784000	67.448500	64.809800	84.621300	120.715000	126.033000	128.107000	101.060000	84.161400	78.848500	66.153200	0.149000	0.000000	0.068517	0.000000	0.030783	0.000000	0.023150	0.000000	0.029553	0.000000	0.088169	0.000000	0.129009	0.000000	0.145051	0.051100	0.145565	0.533300	0.142876	0.813500	106.360000	94.983000	84.447100	88.140100	94.327400	138.339000	160.744000	163.830000	158.670000	133.786000	116.190000	108.845000	0.103437	0.814400	0.102061	0.900600	0.011337	0.448100	0.000000	0.550600	0.000000	0.266100	0.000000	0.142700	0.000000	0.025300	0.000000	0.000000	0.000000	0.000000	0.000000	0.000000	0.000000	0.000000	0.000000	0.000000	0.000000	0.000000	0.000000	0.000000	0.818114	0.000000	0.030457	0.214729	0.000000	22.911300	5.741010	2.818130	1.627460	20.973800	105.633000	0.348533	0.000000	4311.930000	29.791900	387.976000	69.173900	1.413310	0.000000	2.634060	1.217660	2.174340	2.359620	2.955950	
   31	120.900000	109.780000	105.000000	105.000000	102.000000	105.000000	121.060000	140.010000	144.080000	140.010000	121.060000	109.990000	109.060000	108.200000	108.870000	121.060000	138.570000	144.260000	152.770000	155.950000	155.950000	150.000000	144.080000	139.100000	13.960000	0.065530	22.049900	36.695400	33.994900	26.551900	25.432500	6.783430	0.000000	0.000000	162.202000	174.046000	157.971000	143.918000	134.714000	141.920000	42.069200	139.110000	102.200000	40.074600	13.067100	40.013200	50.508400	26.572000	114.950000	110.718000	103.465000	97.871100	85.631300	83.671500	89.837200	125.623000	147.033000	141.665000	144.127000	114.811000	112.776000	121.252000	112.062000	120.018000	145.275000	188.346000	187.497000	184.390000	162.464000	149.670000	113.844000	103.647000	120.900000	95.780800	95.005500	88.824200	71.597300	65.091600	104.674000	112.924000	123.781000	118.595000	141.590000	151.349000	134.845000	124.830000	117.244000	126.845000	125.677000	157.619000	155.917000	163.091000	137.893000	120.642000	125.532000	121.498000	0.149000	0.000000	0.049968	0.000000	0.095676	0.000000	0.106750	0.000000	0.082677	0.000000	0.134783	0.000000	0.206000	0.000000	0.232934	0.046300	0.153429	0.330500	0.122030	0.569800	106.360000	94.620800	87.555300	95.532300	110.443000	142.946000	155.142000	160.881000	150.006000	140.225000	129.007000	125.202000	0.300605	0.692300	0.219848	0.752500	0.189906	0.581600	0.185154	0.793200	0.133707	0.610700	0.154360	0.270400	0.147076	0.028500	0.183068	0.000000	0.206767	0.000000	0.202439	0.000000	0.192686	0.000000	0.137263	0.000000	0.137781	0.000000	0.106323	0.000000	0.818114	0.000000	0.501642	0.000000	0.000000	22.880100	6.658890	2.755150	1.477630	21.319200	62.705700	0.000000	0.000000	4430.100000	58.052100	384.558000	67.613200	0.000000	30.559700	2.184620	1.138230	2.179860	2.422620	3.047540	
   32	120.900000	109.780000	105.000000	105.000000	102.000000	105.000000	121.060000	140.010000	144.080000	140.010000	121.060000	109.990000	109.060000	108.200000	108.870000	121.060000	138.570000	144.260000	152.770000	155.950000	155.950000	150.000000	144.080000	139.100000	13.960000	0.000000	18.646100	32.041700	30.307700	30.360700	7.105620	1.203830	3.040390	9.599860	168.791000	167.281000	151.498000	132.294000	130.912000	130.399000	19.719500	133.893000	121.012000	52.770500	17.777800	44.078700	64.480800	39.513700	114.950000	109.092000	106.945000	108.561000	106.835000	96.817500	95.791500	105.881000	124.608000	96.634800	110.103000	90.477500	93.616600	99.738200	97.359900	111.547000	145.373000	143.440000	176.003000	160.514000	153.277000	147.801000	112.082000	110.020000	120.900000	74.172800	69.794500	71.943500	51.148500	50.036800	88.263700	91.939400	94.157900	91.672700	86.084200	77.262100	86.042500	78.572400	66.546900	96.823200	101.442000	129.064000	156.877000	152.761000	124.773000	120.049000	103.259000	100.410000	0.149000	0.000000	0.000000	0.000000	0.025264	0.000000	0.050630	0.000000	0.053294	0.000000	0.086320	0.000000	0.152784	0.000000	0.197170	0.072300	0.186349	0.429900	0.158066	0.862300	106.360000	55.279800	46.308100	48.389200	64.301600	109.215000	108.595000	176.872000	187.290000	179.572000	140.924000	133.280000	0.097209	0.480700	0.000000	0.833600	0.000000	0.826300	0.000000	0.653800	0.000000	0.560600	0.085840	0.318800	0.137593	0.045700	0.239474	0.000000	0.260874	0.000000	0.203480	0.000000	0.120285	0.000000	0.048168	0.000000	0.011026	0.000000	0.012920	0.000000	0.818114	0.000000	0.000000	0.000000	0.000000	23.821800	7.201080	3.721490	1.158670	19.129200	90.184500	0.000000	0.000000	4473.600000	54.614200	485.838000	0.000000	1.661240	0.000000	2.416580	1.105280	2.162900	2.740180	3.208910	
   33	120.900000	109.780000	105.000000	105.000000	102.000000	105.000000	121.060000	140.010000	144.080000	140.010000	121.060000	109.990000	109.060000	108.200000	108.870000	121.060000	138.570000	144.260000	152.770000	155.950000	155.950000	150.000000	144.080000	139.100000	13.960000	0.043062	12.286800	27.121600	25.168100	18.870700	24.303900	18.142600	0.000000	4.634640	148.384000	169.779000	160.012000	143.143000	133.115000	132.206000	35.476300	124.295000	123.506000	39.407100	20.754100	37.905000	56.160800	32.583600	114.950000	113.820000	99.124500	101.627000	102.027000	89.958000	97.438100	129.484000	154.193000	141.482000	151.411000	110.258000	103.569000	109.166000	101.972000	110.344000	140.193000	150.749000	180.711000	156.463000	148.810000	147.522000	122.872000	89.289200	120.900000	100.594000	96.450300	90.597600	80.581800	43.799100	78.284300	91.043900	103.957000	94.545600	117.017000	97.991400	106.234000	100.513000	92.456900	91.599600	98.951900	126.622000	143.781000	142.077000	124.539000	113.502000	94.467600	86.385800	0.149000	0.000000	0.011321	0.000000	0.010710	0.000000	0.009235	0.000000	0.013790	0.000000	0.043471	0.000000	0.078932	0.000000	0.103612	0.048300	0.067101	0.338400	0.076335	0.426500	106.360000	91.545300	87.852800	93.772000	102.554000	134.781000	138.253000	164.674000	158.165000	137.557000	134.736000	129.949000	0.129615	0.526500	0.053698	0.730000	0.014051	0.816200	0.000000	0.673100	0.000000	0.533600	0.000000	0.248500	0.000000	0.013400	0.042873	0.000000	0.107270	0.000000	0.104099	0.000000	0.053834	0.000000	0.005303	0.000000	0.008352	0.000000	0.000540	0.000000	0.818114	0.000000	0.119904	0.089789	0.000000	23.049800	6.042910	2.923110	1.125460	20.468200	83.847700	0.000000	7.695250	4366.940000	38.154200	387.787000	71.365600	0.000000	0.000000	1.893350	0.670186	1.944330	2.306420	2.951120	
   34	120.900000	109.780000	105.000000	105.000000	102.000000	105.000000	121.060000	140.010000	144.080000	140.010000	121.060000	109.990000	109.060000	108.200000	108.870000	121.060000	138.570000	144.260000	152.770000	155.950000	155.950000	150.000000	144.080000	139.100000	13.960000	0.000000	0.000000	14.409400	10.282100	9.432820	15.756100	12.515800	0.000000	0.000000	163.553000	172.433000	163.448000	144.800000	134.827000	134.869000	39.359100	161.542000	135.415000	57.100500	26.965400	43.032200	53.056000	30.369600	114.950000	120.872000	111.849000	110.740000	115.460000	106.977000	110.892000	128.334000	143.228000	147.444000	146.099000	112.943000	111.801000	115.722000	108.416000	114.815000	146.756000	157.888000	178.550000	175.322000	159.833000	146.392000	110.639000	100.377000	120.900000	85.408900	85.968500	87.118300	71.515900	66.946500	96.883200	109.695000	124.047000	113.629000	101.397000	115.947000	110.353000	105.986000	87.144500	88.373800	113.538000	195.627000	151.733000	164.315000	136.803000	142.644000	120.192000	114.467000	0.149000	0.000000	0.000000	0.000000	0.000000	0.000000	0.000000	0.000000	0.000000	0.000000	0.000000	0.000000	0.030286	0.000000	0.051188	0.072600	0.067101	0.278400	0.139854	0.457200	106.360000	91.947200	83.074200	81.864700	95.048400	138.579000	161.188000	162.659000	164.678000	149.054000	120.422000	137.654000	0.084807	0.620100	0.000000	0.691300	0.000000	0.882800	0.000000	0.378100	0.000000	0.283000	0.000000	0.139900	0.000000	0.014500	0.000000	0.000000	0.000000	0.000000	0.000000	0.000000	0.000000	0.000000	0.000000	0.000000	0.069292	0.000000	0.080309	0.000000	0.818114	0.000000	0.000000	0.000000	0.000000	22.914000	4.716590	2.712670	1.534030	22.370700	118.258000	0.000000	0.000000	4515.010000	11.732300	367.505000	104.960000	0.000000	1.175600	2.067740	1.143740	1.945050	2.134020	4.210080	
   35	120.900000	109.780000	105.000000	105.000000	102.000000	105.000000	121.060000	140.010000	144.080000	140.010000	121.060000	109.990000	109.060000	108.200000	108.870000	121.060000	138.570000	144.260000	152.770000	155.950000	155.950000	150.000000	144.080000	139.100000	13.960000	2.955480	16.723500	32.740400	28.739700	19.050700	0.000000	0.000000	0.000000	17.469400	168.190000	176.919000	174.615000	158.314000	150.514000	139.143000	55.073600	157.377000	118.887000	27.176700	12.035200	39.749600	55.173100	34.537700	114.950000	134.262000	127.531000	123.246000	112.032000	114.110000	122.914000	133.830000	147.666000	156.156000	144.292000	103.428000	132.923000	134.967000	129.698000	145.784000	176.818000	179.248000	191.716000	176.743000	163.900000	160.898000	123.922000	103.056000	120.900000	114.313000	120.075000	121.182000	100.405000	107.456000	132.428000	140.559000	152.601000	151.719000	136.748000	121.782000	136.419000	130.396000	116.130000	113.631000	119.869000	141.646000	153.054000	155.574000	144.254000	144.617000	118.034000	97.964600	0.149000	0.000000	0.031230	0.000000	0.017308	0.000000	0.038608	0.000000	0.067332	0.000000	0.116000	0.000000	0.133835	0.000000	0.153669	0.038900	0.146497	0.207000	0.139854	0.255800	106.360000	100.858000	84.625800	87.300500	96.273900	138.481000	147.748000	164.200000	156.125000	140.554000	122.712000	110.565000	0.101161	0.455000	0.015021	0.537600	0.000000	0.525900	0.000000	0.311500	0.000000	0.360500	0.001870	0.228400	0.049573	0.021500	0.106285	0.000000	0.143676	0.000000	0.118553	0.000000	0.062957	0.000000	0.000000	0.000000	0.000000	0.000000	0.000000	0.000000	0.818114	0.000000	0.017535	0.000000	0.000000	21.978900	6.056350	2.971490	1.534590	21.939700	63.044600	0.000000	3.277110	4319.940000	15.320100	362.391000	95.753400	1.782250	0.000000	2.544510	1.236860	2.097390	2.610230	3.398710	
   36	120.900000	109.780000	105.000000	105.000000	102.000000	105.000000	121.060000	140.010000	144.080000	140.010000	121.060000	109.990000	109.060000	108.200000	108.870000	121.060000	138.570000	144.260000	152.770000	155.950000	155.950000	150.000000	144.080000	139.100000	13.960000	0.000000	18.646100	32.041700	30.307700	26.282600	22.542100	4.753430	0.000000	0.000000	161.442000	169.890000	168.000000	152.969000	146.602000	151.116000	41.020400	164.768000	138.473000	98.286600	11.171100	36.175800	60.238200	29.615300	114.950000	116.582000	110.856000	107.403000	103.068000	102.489000	109.383000	140.059000	151.770000	144.664000	149.472000	126.559000	129.374000	129.651000	126.953000	137.701000	174.426000	203.411000	213.798000	189.166000	194.219000	176.813000	97.109900	91.411400	120.900000	96.388600	99.780800	95.328300	68.869600	76.041400	97.483400	109.144000	114.545000	108.292000	117.886000	119.476000	110.905000	103.901000	97.043000	97.588600	107.525000	141.385000	151.915000	137.381000	133.430000	114.699000	99.296700	79.435800	0.149000	0.000000	0.009235	0.000000	0.000000	0.000000	0.010009	0.000000	0.022621	0.000000	0.043595	0.000000	0.121066	0.000000	0.145541	0.027300	0.128634	0.181900	0.118359	0.522300	106.360000	118.358000	103.862000	110.165000	118.832000	167.341000	178.187000	201.497000	204.185000	192.982000	122.484000	113.746000	0.198124	0.765900	0.134259	1.180300	0.070034	0.897600	0.053659	0.632800	0.026336	0.503500	0.000000	0.298900	0.000000	0.020000	0.022507	0.000000	0.030206	0.000000	0.001802	0.000000	0.000000	0.000000	0.000000	0.000000	0.139363	0.000000	0.217935	0.000000	0.818114	0.786960	0.841613	0.000000	0.000000	22.718100	7.017630	3.210240	1.794320	21.690000	69.576800	0.722564	0.000000	4307.500000	45.823900	381.438000	69.330200	0.000000	48.921600	1.843020	0.903376	1.835040	2.573130	3.005330	
   37	120.900000	109.780000	105.000000	105.000000	102.000000	105.000000	121.060000	140.010000	144.080000	140.010000	121.060000	109.990000	109.060000	108.200000	108.870000	121.060000	138.570000	144.260000	152.770000	155.950000	155.950000	150.000000	144.080000	139.100000	13.960000	4.734170	11.022200	25.526800	23.402200	16.485700	17.297600	5.164250	0.000000	0.000000	164.309000	162.715000	162.622000	148.336000	140.617000	145.212000	54.980200	168.458000	105.764000	35.786700	16.787400	37.628300	52.046600	41.441500	114.950000	115.427000	113.464000	109.680000	104.495000	106.001000	108.194000	123.931000	116.089000	131.305000	147.047000	130.328000	134.692000	129.565000	118.929000	121.585000	154.081000	169.496000	179.290000	164.901000	146.743000	138.185000	111.385000	98.314600	120.900000	108.702000	109.894000	96.050700	81.054100	81.315300	95.426300	118.496000	96.913900	111.109000	129.661000	118.760000	134.418000	124.330000	111.497000	99.509400	105.820000	128.309000	136.897000	132.155000	114.241000	98.178600	87.897400	80.427000	0.149000	0.000000	0.032921	0.000000	0.042948	0.000000	0.052450	0.000000	0.034747	0.000000	0.045234	0.000000	0.063567	0.000000	0.090610	0.033900	0.040119	0.213400	0.194632	0.281600	106.360000	103.570000	93.104400	95.852300	118.475000	160.137000	159.502000	168.306000	150.720000	132.485000	122.363000	115.635000	0.068607	0.717700	0.158041	0.531200	0.000000	0.869200	0.000000	0.691600	0.000000	0.551600	0.000000	0.372300	0.000000	0.030600	0.077388	0.000000	0.048524	0.000000	0.069845	0.000000	0.060095	0.000000	0.012982	0.000000	0.101474	0.000000	0.135653	0.000000	0.818114	0.235689	0.310377	0.165527	0.000000	19.288700	5.325150	2.787780	1.444150	20.909800	85.304600	18.160400	0.000000	4302.630000	36.182300	389.216000	68.888100	1.127560	1.900630	2.412530	1.076180	1.994620	2.528580	2.982630	
   38	120.900000	109.780000	105.000000	105.000000	102.000000	105.000000	121.060000	140.010000	144.080000	140.010000	121.060000	109.990000	109.060000	108.200000	108.870000	121.060000	138.570000	144.260000	152.770000	155.950000	155.950000	150.000000	144.080000	139.100000	13.960000	0.043062	12.286800	27.121600	25.168100	18.870700	24.303900	18.142600	0.000000	4.634640	148.384000	169.779000	160.012000	143.143000	133.115000	132.206000	35.476300	124.295000	123.506000	39.407100	20.754100	37.905000	56.160800	32.583600	114.950000	113.820000	99.124500	101.627000	102.027000	89.958000	97.438100	129.484000	154.193000	141.482000	151.411000	110.258000	103.569000	109.166000	101.972000	110.344000	140.193000	150.749000	180.711000	156.463000	148.810000	147.522000	122.872000	89.289200	120.900000	100.594000	96.450300	90.597600	80.581800	43.799100	78.284300	91.043900	103.957000	94.545600	117.017000	97.991400	106.234000	100.513000	92.456900	91.599600	98.951900	126.622000	143.781000	142.077000	124.539000	113.502000	94.467600	86.385800	0.149000	0.000000	0.011321	0.000000	0.010710	0.000000	0.009235	0.000000	0.013790	0.000000	0.043471	0.000000	0.078932	0.000000	0.103612	0.048300	0.067101	0.338400	0.076335	0.426500	106.360000	91.545300	87.852800	93.772000	102.554000	134.781000	138.253000	164.674000	158.165000	137.557000	134.736000	129.949000	0.129615	0.526500	0.053698	0.730000	0.014051	0.816200	0.000000	0.673100	0.000000	0.533600	0.000000	0.248500	0.000000	0.013400	0.042873	0.000000	0.107270	0.000000	0.104099	0.000000	0.053834	0.000000	0.005303	0.000000	0.008352	0.000000	0.000540	0.000000	0.818114	0.000000	0.119904	0.089789	0.000000	23.049800	6.042910	2.923110	1.125460	20.468200	83.847700	0.000000	7.695250	4366.940000	38.154200	387.787000	71.365600	0.000000	0.000000	1.893350	0.670186	1.944330	2.306420	2.951120	
   39	120.900000	109.780000	105.000000	105.000000	102.000000	105.000000	121.060000	140.010000	144.080000	140.010000	121.060000	109.990000	109.060000	108.200000	108.870000	121.060000	138.570000	144.260000	152.770000	155.950000	155.950000	150.000000	144.080000	139.100000	13.960000	2.955480	16.723500	32.740400	28.739700	19.050700	0.000000	0.000000	0.000000	17.469400	168.190000	176.919000	174.615000	158.314000	150.514000	139.143000	55.073600	157.377000	118.887000	27.176700	12.035200	39.749600	55.173100	34.537700	114.950000	106.108000	99.156200	97.939400	97.294400	92.578700	106.384000	134.384000	151.070000	152.328000	145.544000	120.758000	116.694000	119.177000	117.885000	127.080000	160.013000	166.670000	192.997000	177.625000	160.960000	172.824000	124.067000	106.740000	120.900000	113.118000	112.104000	106.316000	83.954200	80.708800	116.345000	126.021000	128.928000	126.744000	140.190000	129.264000	125.456000	125.432000	111.346000	102.538000	111.094000	133.449000	146.931000	145.392000	117.041000	131.710000	110.115000	91.695000	0.149000	0.000000	0.000000	0.000000	0.000000	0.000000	0.000000	0.000000	0.000000	0.000000	0.052124	0.000000	0.104071	0.000000	0.084678	0.049500	0.088471	0.328000	0.103350	0.602400	106.360000	93.083800	85.629800	89.471300	94.742500	138.325000	155.334000	163.819000	159.890000	140.554000	122.712000	110.565000	0.105303	0.819800	0.056126	0.711800	0.000000	0.541700	0.000000	0.271200	0.000000	0.335200	0.000000	0.285100	0.000000	0.032100	0.000000	0.000000	0.040660	0.000000	0.067824	0.000000	0.029880	0.000000	0.000000	0.000000	0.000000	0.000000	0.000000	0.000000	0.818114	0.047593	0.069737	0.331379	0.000000	22.545100	6.141120	2.855390	1.535270	21.017000	56.665200	4.889910	0.000000	4298.360000	34.663400	371.495000	85.185100	1.339770	3.122230	1.967390	1.048510	2.086990	2.562880	3.238810	
   40	120.900000	109.780000	105.000000	105.000000	102.000000	105.000000	121.060000	140.010000	144.080000	140.010000	121.060000	109.990000	109.060000	108.200000	108.870000	121.060000	138.570000	144.260000	152.770000	155.950000	155.950000	150.000000	144.080000	139.100000	13.960000	0.000000	11.160200	29.477900	27.534800	17.344700	17.188200	2.905310	0.000000	0.000000	140.558000	165.773000	157.455000	138.899000	131.785000	132.392000	28.921700	145.687000	113.550000	72.844500	19.522300	36.496300	53.732300	34.994200	114.950000	109.548000	104.835000	106.211000	107.931000	104.701000	111.676000	134.768000	147.166000	144.155000	138.490000	114.641000	113.214000	111.532000	102.691000	116.766000	135.895000	144.113000	170.037000	165.495000	155.246000	153.744000	105.389000	79.335800	120.900000	98.864400	99.641900	99.827000	80.716500	78.174100	109.424000	114.934000	118.757000	99.137500	109.743000	102.853000	102.703000	100.058000	88.818500	88.465500	120.702000	142.416000	149.655000	142.587000	123.336000	126.318000	110.039000	92.113800	0.149000	0.000000	0.004695	0.000000	0.009446	0.000000	0.014528	0.000000	0.020077	0.000000	0.043094	0.000000	0.043924	0.000000	0.059001	0.049100	0.092890	0.320000	0.114834	0.473000	106.360000	93.965700	82.496800	83.613700	88.667000	123.173000	140.847000	151.472000	134.558000	133.372000	114.747000	111.688000	0.000000	0.761300	0.097244	0.691900	0.086383	0.699300	0.144747	0.707100	0.000000	0.590300	0.109586	0.492300	0.108310	0.020600	0.127951	0.000000	0.165660	0.000000	0.221850	0.000000	0.150315	0.000000	0.064722	0.000000	0.069292	0.000000	0.086694	0.000000	0.818114	0.000000	0.130807	0.808516	0.000000	22.757700	5.415860	2.736620	1.259650	22.850300	97.972300	0.000000	0.000000	4497.160000	56.565400	380.289000	55.761600	0.000000	5.384490	1.847210	0.996899	1.843560	2.134020	4.210080	
   41	120.900000	109.780000	105.000000	105.000000	102.000000	105.000000	121.060000	140.010000	144.080000	140.010000	121.060000	109.990000	109.060000	108.200000	108.870000	121.060000	138.570000	144.260000	152.770000	155.950000	155.950000	150.000000	144.080000	139.100000	13.960000	6.821830	16.035900	29.675400	25.629000	20.369000	19.189400	2.916260	0.000000	0.000000	161.890000	171.748000	164.486000	145.686000	136.272000	133.400000	30.789100	123.426000	148.681000	42.166200	12.844900	36.224600	48.392800	14.861300	114.950000	122.069000	111.379000	109.517000	104.271000	96.976600	106.774000	134.105000	152.278000	151.956000	166.437000	132.599000	126.496000	128.839000	127.202000	121.747000	149.393000	192.646000	181.751000	175.216000	166.352000	152.786000	125.868000	112.565000	120.900000	98.326400	104.293000	95.014500	73.698900	66.503300	98.341300	98.623300	110.746000	102.528000	141.672000	118.251000	96.859000	97.778000	86.823600	71.008400	79.914700	147.028000	142.080000	140.482000	110.078000	104.689000	97.393000	86.296600	0.149000	0.000000	0.000000	0.000000	0.000000	0.000000	0.000000	0.000000	0.000000	0.000000	0.000000	0.000000	0.038054	0.000000	0.041224	0.071200	0.020164	0.311600	0.015935	0.620100	106.360000	103.570000	93.104400	95.852300	118.475000	160.137000	153.248000	188.734000	172.615000	163.516000	140.109000	121.056000	0.000000	1.443000	0.000000	2.174300	0.000000	1.342700	0.000000	0.770800	0.000000	0.712700	0.000000	0.548900	0.000000	0.040500	0.000000	0.000000	0.000000	0.000000	0.000000	0.000000	0.000000	0.000000	0.000000	0.000000	0.000000	0.000000	0.000000	0.000000	0.818114	0.000000	0.191795	0.450685	0.000000	22.365500	6.312040	3.279430	2.379700	24.232500	63.855100	0.000000	0.000000	4414.900000	67.149200	386.585000	62.456900	0.000000	0.000000	2.339210	1.091740	2.071270	2.508120	3.278070	
   42	120.900000	109.780000	105.000000	105.000000	102.000000	105.000000	121.060000	140.010000	144.080000	140.010000	121.060000	109.990000	109.060000	108.200000	108.870000	121.060000	138.570000	144.260000	152.770000	155.950000	155.950000	150.000000	144.080000	139.100000	13.960000	0.000000	0.000000	14.409400	10.282100	9.432820	15.756100	12.515800	0.000000	0.000000	163.553000	172.433000	163.448000	144.800000	134.827000	134.869000	39.359100	161.542000	135.415000	57.100500	26.965400	43.032200	53.056000	30.369600	114.950000	120.872000	111.849000	110.740000	115.460000	106.977000	110.892000	128.334000	143.228000	147.444000	146.099000	112.943000	111.801000	115.722000	108.416000	114.815000	146.756000	157.888000	178.550000	175.322000	159.833000	146.392000	110.639000	100.377000	120.900000	85.408900	85.968500	87.118300	71.515900	66.946500	96.883200	109.695000	124.047000	113.629000	101.397000	115.947000	110.353000	105.986000	87.144500	88.373800	113.538000	195.627000	151.733000	164.315000	136.803000	142.644000	120.192000	114.467000	0.149000	0.000000	0.000000	0.000000	0.000000	0.000000	0.000000	0.000000	0.000000	0.000000	0.000000	0.000000	0.030286	0.000000	0.051188	0.072600	0.067101	0.278400	0.139854	0.457200	106.360000	91.947200	83.074200	81.864700	95.048400	138.579000	161.188000	162.659000	164.678000	149.054000	120.422000	137.654000	0.084807	0.620100	0.000000	0.691300	0.000000	0.574900	0.000000	0.745700	0.028924	0.662700	0.000000	0.245300	0.041383	0.056400	0.120226	0.000000	0.179885	0.000000	0.187321	0.000000	0.166434	0.000000	0.126534	0.000000	0.094697	0.000000	0.138776	0.000000	0.818114	0.000000	0.118171	0.263242	0.000000	23.441600	5.944870	2.971490	1.534590	21.939700	63.044600	0.000000	0.000000	4467.300000	52.359200	384.468000	77.292800	0.000000	0.000000	2.320100	0.965235	2.015470	2.475800	3.255480	
   43	120.900000	109.780000	105.000000	105.000000	102.000000	105.000000	121.060000	140.010000	144.080000	140.010000	121.060000	109.990000	109.060000	108.200000	108.870000	121.060000	138.570000	144.260000	152.770000	155.950000	155.950000	150.000000	144.080000	139.100000	13.960000	0.000000	10.928700	25.495400	20.409500	11.103400	17.406100	14.366800	0.000000	0.000000	153.639000	171.367000	164.103000	146.119000	138.558000	142.578000	40.016800	150.174000	100.534000	18.390300	14.760500	41.589600	55.428500	32.705000	114.950000	117.741000	108.631000	110.932000	104.622000	106.888000	110.974000	124.416000	142.309000	132.081000	130.657000	122.888000	122.358000	126.057000	123.642000	109.974000	147.106000	161.848000	193.668000	178.462000	178.612000	148.219000	129.792000	123.970000	120.900000	95.582500	92.837600	92.982000	74.590100	65.478800	103.506000	105.490000	116.907000	118.941000	122.612000	111.408000	122.173000	115.059000	102.430000	103.192000	115.849000	148.713000	154.983000	154.302000	130.392000	102.765000	105.541000	101.613000	0.149000	0.000000	0.004784	0.000000	0.000000	0.000000	0.000000	0.000000	0.026390	0.000000	0.063624	0.000000	0.086080	0.000000	0.100170	0.031200	0.109469	0.211500	0.039542	0.389300	106.360000	97.462400	89.325000	96.266100	103.956000	144.107000	150.460000	165.168000	152.323000	130.301000	121.877000	111.317000	0.037809	0.457400	0.134160	0.533600	0.025469	0.879300	0.078534	0.740800	0.000000	0.537900	0.000000	0.279200	0.032700	0.029400	0.111172	0.000000	0.195452	0.000000	0.099803	0.000000	0.032412	0.000000	0.000000	0.000000	0.000000	0.000000	0.000000	0.000000	0.818114	0.000000	0.056822	0.019601	0.000000	22.841300	5.897660	2.909410	1.709290	18.371700	76.446300	6.078300	11.453100	4366.670000	43.070200	396.524000	65.502100	3.111760	0.000000	2.782230	1.307970	2.193260	2.552970	3.170390	
   44	120.900000	109.780000	105.000000	105.000000	102.000000	105.000000	121.060000	140.010000	144.080000	140.010000	121.060000	109.990000	109.060000	108.200000	108.870000	121.060000	138.570000	144.260000	152.770000	155.950000	155.950000	150.000000	144.080000	139.100000	13.960000	0.000000	0.000000	14.409400	10.282100	9.432820	15.756100	12.515800	0.000000	0.000000	163.553000	172.433000	163.448000	144.800000	134.827000	134.869000	39.359100	161.542000	135.415000	57.100500	26.965400	43.032200	53.056000	30.369600	114.950000	98.811200	93.533800	97.059000	93.121700	95.444900	99.829400	120.874000	133.958000	140.438000	153.246000	123.188000	122.296000	124.616000	117.899000	128.791000	172.914000	182.650000	194.256000	184.051000	168.444000	161.118000	117.098000	98.219500	120.900000	86.374400	84.398800	81.872400	67.238100	65.980600	99.938500	91.789300	83.175400	88.108300	105.327000	101.878000	112.945000	113.176000	99.948600	94.733800	112.675000	136.224000	149.480000	131.472000	116.195000	108.453000	89.422500	71.553400	0.149000	0.000000	0.000000	0.000000	0.000000	0.000000	0.000000	0.000000	0.000000	0.000000	0.000000	0.000000	0.000000	0.000000	0.000000	0.072500	0.000000	0.390900	0.000000	0.657800	106.360000	86.472300	88.207000	81.944800	88.589100	119.691000	175.775000	163.747000	131.199000	113.298000	107.258000	94.769600	0.000000	0.551800	0.000000	0.774100	0.000000	0.400100	0.000000	0.477800	0.032096	0.651900	0.075734	0.229500	0.045549	0.015500	0.064729	0.000000	0.107083	0.000000	0.104076	0.000000	0.051754	0.000000	0.000000	0.000000	0.000000	0.000000	0.000000	0.000000	0.818114	0.378173	0.594210	0.499398	0.000000	21.918800	6.256310	2.869290	1.655710	22.459500	71.794800	0.000000	0.000000	4393.070000	63.129800	398.348000	72.081900	1.078150	3.644260	1.868530	0.801797	2.058790	2.513560	3.037210	
   45	120.900000	109.780000	105.000000	105.000000	102.000000	105.000000	121.060000	140.010000	144.080000	140.010000	121.060000	109.990000	109.060000	108.200000	108.870000	121.060000	138.570000	144.260000	152.770000	155.950000	155.950000	150.000000	144.080000	139.100000	13.960000	0.000000	11.160200	29.477900	27.534800	17.344700	17.188200	2.905310	0.000000	0.000000	140.558000	165.773000	157.455000	138.899000	131.785000	132.392000	28.921700	145.687000	113.550000	72.844500	19.522300	36.496300	53.732300	34.994200	114.950000	109.548000	104.835000	106.211000	107.931000	104.701000	111.676000	134.768000	147.166000	144.155000	138.490000	114.641000	113.214000	111.532000	102.691000	116.766000	135.895000	144.113000	170.037000	165.495000	155.246000	153.744000	105.389000	79.335800	120.900000	98.864400	99.641900	99.827000	80.716500	78.174100	109.424000	114.934000	118.757000	99.137500	109.743000	102.853000	102.703000	100.058000	88.818500	88.465500	120.702000	142.416000	149.655000	142.587000	123.336000	126.318000	110.039000	92.113800	0.149000	0.000000	0.004695	0.000000	0.009446	0.000000	0.014528	0.000000	0.020077	0.000000	0.043094	0.000000	0.043924	0.000000	0.059001	0.049100	0.092890	0.320000	0.114834	0.473000	106.360000	93.965700	82.496800	83.613700	88.667000	123.173000	140.847000	151.472000	134.558000	133.372000	114.747000	111.688000	0.000000	0.761300	0.097244	0.691900	0.086383	0.699300	0.144747	0.707100	0.000000	0.590300	0.109586	0.492300	0.108310	0.020600	0.127951	0.000000	0.165660	0.000000	0.221850	0.000000	0.150315	0.000000	0.064722	0.000000	0.069292	0.000000	0.086694	0.000000	0.818114	0.000000	0.130807	0.808516	0.000000	22.757700	5.415860	2.736620	1.259650	22.850300	97.972300	0.000000	0.000000	4497.160000	56.565400	380.289000	55.761600	0.000000	5.384490	1.847210	0.996899	1.843560	2.134020	4.210080	
   46	120.900000	109.780000	105.000000	105.000000	102.000000	105.000000	121.060000	140.010000	144.080000	140.010000	121.060000	109.990000	109.060000	108.200000	108.870000	121.060000	138.570000	144.260000	152.770000	155.950000	155.950000	150.000000	144.080000	139.100000	13.960000	2.955480	16.723500	32.740400	28.739700	19.050700	0.000000	0.000000	0.000000	17.469400	168.190000	176.919000	174.615000	158.314000	150.514000	139.143000	55.073600	157.377000	118.887000	27.176700	12.035200	39.749600	55.173100	34.537700	114.950000	117.573000	111.005000	107.739000	97.079800	93.043300	95.887900	118.654000	139.593000	142.579000	138.369000	109.981000	117.996000	117.263000	109.935000	128.291000	162.478000	175.538000	199.678000	179.048000	165.060000	160.188000	124.494000	112.569000	120.900000	93.542400	100.950000	97.387300	67.293800	65.024700	87.912700	95.290300	113.884000	116.666000	128.137000	124.133000	129.854000	123.039000	112.040000	89.957600	104.144000	130.020000	146.439000	143.886000	119.922000	119.365000	104.850000	92.770600	0.149000	0.000000	0.038988	0.000000	0.032538	0.000000	0.053355	0.000000	0.073205	0.000000	0.125381	0.000000	0.136151	0.000000	0.098014	0.044600	0.033622	0.266400	0.021853	0.421400	106.360000	63.837300	130.709000	105.109000	131.217000	170.286000	170.035000	168.246000	143.558000	141.273000	122.918000	83.082800	0.056384	0.546500	0.017430	0.818300	0.000000	1.010600	0.000000	0.734200	0.000000	0.855800	0.141227	0.386600	0.129202	0.021000	0.130248	0.000000	0.102143	0.000000	0.036162	0.000000	0.000000	0.000000	0.000000	0.000000	0.000000	0.000000	0.000000	0.000000	0.818114	0.375879	0.807898	0.000000	0.000000	22.648500	6.479370	3.272030	1.211860	22.081200	76.676600	0.000000	0.000000	4503.100000	58.256900	386.061000	70.583100	1.109130	0.000000	2.192320	1.045220	1.991230	2.538580	3.011640	
   47	120.900000	109.780000	105.000000	105.000000	102.000000	105.000000	121.060000	140.010000	144.080000	140.010000	121.060000	109.990000	109.060000	108.200000	108.870000	121.060000	138.570000	144.260000	152.770000	155.950000	155.950000	150.000000	144.080000	139.100000	13.960000	0.043062	12.286800	27.121600	25.168100	18.870700	24.303900	18.142600	0.000000	4.634640	148.384000	169.779000	160.012000	143.143000	133.115000	132.206000	35.476300	124.295000	123.506000	39.407100	20.754100	37.905000	56.160800	32.583600	114.950000	113.820000	99.124500	101.627000	102.027000	89.958000	97.438100	129.484000	154.193000	141.482000	151.411000	110.258000	103.569000	109.166000	101.972000	110.344000	140.193000	150.749000	180.711000	156.463000	148.810000	147.522000	122.872000	89.289200	120.900000	100.594000	96.450300	90.597600	80.581800	43.799100	78.284300	91.043900	103.957000	94.545600	117.017000	97.991400	106.234000	100.513000	92.456900	91.599600	98.951900	126.622000	143.781000	142.077000	124.539000	113.502000	94.467600	86.385800	0.149000	0.000000	0.011321	0.000000	0.010710	0.000000	0.009235	0.000000	0.013790	0.000000	0.043471	0.000000	0.078932	0.000000	0.103612	0.048300	0.067101	0.338400	0.076335	0.426500	106.360000	91.545300	87.852800	93.772000	102.554000	134.781000	138.253000	164.674000	158.165000	137.557000	134.736000	129.949000	0.129615	0.526500	0.053698	0.730000	0.014051	0.816200	0.000000	0.673100	0.000000	0.533600	0.000000	0.248500	0.000000	0.013400	0.042873	0.000000	0.107270	0.000000	0.104099	0.000000	0.053834	0.000000	0.005303	0.000000	0.008352	0.000000	0.000540	0.000000	0.818114	0.000000	0.119904	0.089789	0.000000	23.049800	6.042910	2.923110	1.125460	20.468200	83.847700	0.000000	7.695250	4366.940000	38.154200	387.787000	71.365600	0.000000	0.000000	1.893350	0.670186	1.944330	2.306420	2.951120	
   48	120.900000	109.780000	105.000000	105.000000	102.000000	105.000000	121.060000	140.010000	144.080000	140.010000	121.060000	109.990000	109.060000	108.200000	108.870000	121.060000	138.570000	144.260000	152.770000	155.950000	155.950000	150.000000	144.080000	139.100000	13.960000	6.890630	15.174400	29.192300	25.665500	16.942200	13.881600	0.000000	0.000000	0.975584	153.535000	168.162000	163.464000	148.552000	142.626000	141.421000	58.847200	155.564000	87.490800	44.174900	31.295000	52.170800	51.012100	20.552600	114.950000	109.548000	104.835000	106.211000	102.427000	94.109700	91.411600	130.652000	153.551000	148.715000	148.231000	122.623000	131.530000	134.309000	131.628000	138.961000	170.647000	202.174000	202.657000	194.065000	180.683000	157.132000	141.466000	130.429000	120.900000	85.525800	86.985200	90.276800	72.075200	65.138900	91.256000	112.900000	130.258000	130.333000	136.528000	127.987000	124.149000	112.038000	105.045000	104.160000	111.959000	155.370000	164.983000	160.494000	141.451000	118.245000	129.285000	122.179000	0.149000	0.000000	0.005545	0.000000	0.010710	0.000000	0.018798	0.000000	0.034203	0.000000	0.081674	0.000000	0.109348	0.000000	0.097139	0.039500	0.158586	0.254600	0.000000	0.391300	106.360000	65.464000	56.226800	57.651600	106.170000	152.990000	151.534000	172.555000	154.905000	151.602000	119.466000	119.714000	0.157765	0.376400	0.104381	0.881500	0.000000	0.821500	0.165082	0.656800	0.166778	0.658100	0.000000	0.351100	0.000000	0.077800	0.090123	0.000000	0.184967	0.000000	0.199026	0.000000	0.129312	0.000000	0.062713	0.000000	0.054378	0.000000	0.077180	0.000000	0.818114	0.000000	0.103056	0.003849	0.000000	22.877200	5.839890	2.909760	1.622960	20.918000	95.171100	0.278254	0.000000	4286.210000	43.405000	386.124000	72.251400	0.550140	0.000000	2.058830	0.655721	1.817100	2.634480	2.795930	
   49	120.900000	109.780000	105.000000	105.000000	102.000000	105.000000	121.060000	140.010000	144.080000	140.010000	121.060000	109.990000	109.060000	108.200000	108.870000	121.060000	138.570000	144.260000	152.770000	155.950000	155.950000	150.000000	144.080000	139.100000	13.960000	0.000000	0.000000	14.409400	10.282100	9.432820	15.756100	12.515800	0.000000	0.000000	163.553000	172.433000	163.448000	144.800000	134.827000	134.869000	39.359100	161.542000	135.415000	57.100500	26.965400	43.032200	53.056000	30.369600	114.950000	98.811200	93.533800	97.059000	93.121700	95.444900	99.829400	120.874000	133.958000	140.438000	153.246000	123.188000	122.296000	124.616000	117.899000	128.791000	172.914000	182.650000	194.256000	184.051000	168.444000	161.118000	117.098000	98.219500	120.900000	88.051900	97.171900	90.591500	69.130600	56.633000	100.215000	99.001800	119.117000	100.324000	136.272000	111.622000	116.901000	113.633000	101.687000	104.086000	112.713000	135.350000	143.670000	151.556000	138.325000	131.586000	105.118000	97.603600	0.149000	0.000000	0.015616	0.000000	0.000000	0.000000	0.000000	0.000000	0.000000	0.000000	0.000000	0.000000	0.000000	0.000000	0.000000	0.045200	0.000000	0.226900	0.000000	0.639700	106.360000	124.298000	112.216000	105.402000	116.814000	162.474000	159.502000	168.306000	150.720000	132.485000	122.363000	115.635000	0.021021	0.885000	0.095255	0.932200	0.026764	1.276900	0.000000	1.507200	0.000000	1.040000	0.000000	0.277900	0.000000	0.025800	0.000000	0.000000	0.092426	0.000000	0.114375	0.000000	0.024533	0.000000	0.000000	0.000000	0.000000	0.000000	0.000000	0.000000	0.818114	0.000000	0.032793	0.000000	0.000000	23.025800	5.987920	2.790000	1.643510	19.972000	89.035200	0.463262	0.000000	4482.470000	48.080600	353.912000	103.919000	0.049802	0.000000	2.040740	0.837108	2.054010	2.400510	2.841530	
   50	120.900000	109.780000	105.000000	105.000000	102.000000	105.000000	121.060000	140.010000	144.080000	140.010000	121.060000	109.990000	109.060000	108.200000	108.870000	121.060000	138.570000	144.260000	152.770000	155.950000	155.950000	150.000000	144.080000	139.100000	13.960000	6.821830	16.035900	29.675400	25.629000	20.369000	19.189400	2.916260	0.000000	0.000000	161.890000	171.748000	164.486000	145.686000	136.272000	133.400000	30.789100	123.426000	148.681000	42.166200	12.844900	36.224600	48.392800	14.861300	114.950000	109.074000	103.169000	106.685000	100.683000	95.889800	99.600100	126.510000	146.166000	149.489000	140.032000	111.483000	120.407000	121.631000	117.556000	123.332000	151.099000	170.548000	181.751000	175.216000	166.352000	152.786000	125.868000	112.565000	120.900000	101.257000	104.324000	103.826000	85.370100	82.930200	114.965000	122.929000	139.380000	132.309000	153.198000	137.706000	142.052000	130.737000	111.406000	105.644000	115.357000	152.816000	142.080000	140.482000	110.078000	104.689000	97.393000	86.296600	0.149000	0.000000	0.071358	0.000000	0.056895	0.000000	0.041571	0.000000	0.021895	0.000000	0.057554	0.000000	0.106532	0.000000	0.146527	0.057400	0.210034	0.301700	0.260053	1.051400	106.360000	124.298000	108.755000	107.673000	128.194000	165.937000	161.188000	162.659000	164.678000	149.054000	120.422000	118.700000	0.271253	1.431800	0.193805	1.370300	0.079957	1.399000	0.026110	0.747900	0.000000	0.703700	0.000000	0.525700	0.000000	0.029700	0.000000	0.000000	0.000000	0.000000	0.000000	0.000000	0.000000	0.000000	0.000000	0.000000	0.000000	0.000000	0.000000	0.000000	0.818114	0.000000	0.000000	0.426755	0.000000	23.127800	5.516630	2.897400	1.238500	21.550000	102.454000	2.614700	0.000000	4471.070000	45.537600	375.173000	79.492600	0.000000	0.000000	2.339210	1.091740	2.071270	2.508120	3.278070	
   51	120.900000	109.780000	105.000000	105.000000	102.000000	105.000000	121.060000	140.010000	144.080000	140.010000	121.060000	109.990000	109.060000	108.200000	108.870000	121.060000	138.570000	144.260000	152.770000	155.950000	155.950000	150.000000	144.080000	139.100000	13.960000	0.000000	11.160200	29.477900	27.534800	17.344700	17.188200	2.905310	0.000000	0.000000	140.558000	165.773000	157.455000	138.899000	131.785000	132.392000	28.921700	145.687000	113.550000	72.844500	19.522300	36.496300	53.732300	34.994200	114.950000	109.548000	104.835000	106.211000	107.931000	104.701000	111.676000	134.768000	147.166000	144.155000	138.490000	114.641000	113.214000	111.532000	102.691000	116.766000	135.895000	144.113000	170.037000	165.495000	155.246000	153.744000	105.389000	79.335800	120.900000	98.864400	99.641900	99.827000	80.716500	78.174100	109.424000	114.934000	118.757000	99.137500	109.743000	102.853000	102.703000	100.058000	88.818500	88.465500	120.702000	142.416000	149.655000	142.587000	123.336000	126.318000	110.039000	92.113800	0.149000	0.000000	0.004695	0.000000	0.009446	0.000000	0.014528	0.000000	0.020077	0.000000	0.043094	0.000000	0.043924	0.000000	0.059001	0.049100	0.092890	0.320000	0.114834	0.473000	106.360000	93.965700	82.496800	83.613700	88.667000	123.173000	140.847000	151.472000	134.558000	133.372000	114.747000	111.688000	0.000000	0.761300	0.097244	0.691900	0.086383	0.699300	0.144747	0.707100	0.000000	0.590300	0.109586	0.492300	0.108310	0.020600	0.127951	0.000000	0.165660	0.000000	0.221850	0.000000	0.150315	0.000000	0.064722	0.000000	0.069292	0.000000	0.086694	0.000000	0.818114	0.000000	0.130807	0.808516	0.000000	22.757700	5.415860	2.736620	1.259650	22.850300	97.972300	0.000000	0.000000	4497.160000	56.565400	380.289000	55.761600	0.000000	5.384490	1.847210	0.996899	1.843560	2.134020	4.210080	
   52	120.900000	109.780000	105.000000	105.000000	102.000000	105.000000	121.060000	140.010000	144.080000	140.010000	121.060000	109.990000	109.060000	108.200000	108.870000	121.060000	138.570000	144.260000	152.770000	155.950000	155.950000	150.000000	144.080000	139.100000	13.960000	0.065530	22.049900	36.695400	33.994900	26.551900	25.432500	6.783430	0.000000	0.000000	162.202000	174.046000	157.971000	143.918000	134.714000	141.920000	42.069200	139.110000	102.200000	40.074600	13.067100	40.013200	50.508400	26.572000	114.950000	110.718000	103.465000	97.871100	85.631300	83.671500	89.837200	125.623000	147.033000	141.665000	144.127000	114.811000	112.776000	121.252000	112.062000	120.018000	145.275000	188.346000	187.497000	184.390000	162.464000	149.670000	113.844000	103.647000	120.900000	95.780800	95.005500	88.824200	71.597300	65.091600	104.674000	112.924000	123.781000	118.595000	141.590000	151.349000	134.845000	124.830000	117.244000	126.845000	125.677000	157.619000	155.917000	163.091000	137.893000	120.642000	125.532000	121.498000	0.149000	0.000000	0.049968	0.000000	0.095676	0.000000	0.106750	0.000000	0.082677	0.000000	0.134783	0.000000	0.206000	0.000000	0.232934	0.046300	0.153429	0.330500	0.122030	0.569800	106.360000	94.620800	87.555300	95.532300	110.443000	142.946000	155.142000	160.881000	150.006000	140.225000	129.007000	125.202000	0.300605	0.692300	0.219848	0.752500	0.189906	0.581600	0.185154	0.793200	0.133707	0.610700	0.154360	0.270400	0.147076	0.028500	0.183068	0.000000	0.206767	0.000000	0.202439	0.000000	0.192686	0.000000	0.137263	0.000000	0.137781	0.000000	0.106323	0.000000	0.818114	0.000000	0.501642	0.000000	0.000000	22.880100	6.658890	2.755150	1.477630	21.319200	62.705700	0.000000	0.000000	4430.100000	58.052100	384.558000	67.613200	0.000000	30.559700	2.184620	1.138230	2.179860	2.422620	3.047540	
   53	120.900000	109.780000	105.000000	105.000000	102.000000	105.000000	121.060000	140.010000	144.080000	140.010000	121.060000	109.990000	109.060000	108.200000	108.870000	121.060000	138.570000	144.260000	152.770000	155.950000	155.950000	150.000000	144.080000	139.100000	13.960000	0.000000	18.646100	32.041700	30.307700	30.360700	7.105620	1.203830	3.040390	9.599860	168.791000	167.281000	151.498000	132.294000	130.912000	130.399000	19.719500	133.893000	121.012000	52.770500	17.777800	44.078700	64.480800	39.513700	114.950000	109.603000	99.055600	95.738500	95.396600	85.695700	99.528100	115.964000	132.572000	133.374000	131.398000	101.502000	96.043500	91.174300	80.711500	92.213000	118.016000	137.979000	163.608000	159.989000	138.576000	128.080000	99.794800	98.563800	120.900000	90.672500	87.486700	83.586800	68.634900	64.502900	100.413000	105.636000	111.750000	111.447000	114.611000	106.437000	111.348000	101.122000	82.022500	75.457400	83.949000	125.893000	140.801000	151.278000	125.352000	117.122000	98.845600	93.709000	0.149000	0.000000	0.000000	0.000000	0.108550	0.000000	0.111793	0.000000	0.135570	0.000000	0.173285	0.000000	0.160349	0.000000	0.223385	0.042000	0.356488	0.308900	0.416177	0.509800	106.360000	95.652900	84.180200	78.469900	111.532000	147.078000	200.450000	185.250000	158.670000	133.786000	122.507000	118.262000	0.423056	0.743500	0.364959	1.195100	0.284615	0.556000	0.228608	0.545500	0.162977	0.322400	0.108053	0.141300	0.099715	0.005500	0.119140	0.000000	0.160743	0.000000	0.180565	0.000000	0.157771	0.000000	0.091170	0.000000	0.042381	0.000000	0.052518	0.000000	0.818114	0.000000	0.000000	0.147413	0.000000	22.103500	5.064240	2.791480	1.440350	21.001800	104.019000	0.000000	0.000000	4503.340000	48.560000	396.372000	62.698000	0.423560	0.000000	2.241460	1.171040	2.386110	2.504320	3.408620	
   54	120.900000	109.780000	105.000000	105.000000	102.000000	105.000000	121.060000	140.010000	144.080000	140.010000	121.060000	109.990000	109.060000	108.200000	108.870000	121.060000	138.570000	144.260000	152.770000	155.950000	155.950000	150.000000	144.080000	139.100000	13.960000	0.000000	11.160200	29.477900	27.534800	17.344700	17.188200	2.905310	0.000000	0.000000	140.558000	165.773000	157.455000	138.899000	131.785000	132.392000	28.921700	145.687000	113.550000	72.844500	19.522300	36.496300	53.732300	34.994200	114.950000	109.548000	104.835000	106.211000	107.931000	104.701000	111.676000	134.768000	147.166000	144.155000	138.490000	114.641000	113.214000	111.532000	102.691000	116.766000	135.895000	144.113000	170.037000	165.495000	155.246000	153.744000	105.389000	79.335800	120.900000	98.864400	99.641900	99.827000	80.716500	78.174100	109.424000	114.934000	118.757000	99.137500	109.743000	102.853000	102.703000	100.058000	88.818500	88.465500	120.702000	142.416000	149.655000	142.587000	123.336000	126.318000	110.039000	92.113800	0.149000	0.000000	0.004695	0.000000	0.009446	0.000000	0.014528	0.000000	0.020077	0.000000	0.043094	0.000000	0.043924	0.000000	0.059001	0.049100	0.092890	0.320000	0.114834	0.473000	106.360000	93.965700	82.496800	83.613700	88.667000	123.173000	140.847000	151.472000	134.558000	133.372000	114.747000	111.688000	0.000000	0.761300	0.097244	0.691900	0.086383	0.699300	0.144747	0.707100	0.000000	0.590300	0.109586	0.492300	0.108310	0.020600	0.127951	0.000000	0.165660	0.000000	0.221850	0.000000	0.150315	0.000000	0.064722	0.000000	0.069292	0.000000	0.086694	0.000000	0.818114	0.000000	0.130807	0.808516	0.000000	22.757700	5.415860	2.736620	1.259650	22.850300	97.972300	0.000000	0.000000	4497.160000	56.565400	380.289000	55.761600	0.000000	5.384490	1.847210	0.996899	1.843560	2.134020	4.210080	
   55	120.900000	109.780000	105.000000	105.000000	102.000000	105.000000	121.060000	140.010000	144.080000	140.010000	121.060000	109.990000	109.060000	108.200000	108.870000	121.060000	138.570000	144.260000	152.770000	155.950000	155.950000	150.000000	144.080000	139.100000	13.960000	0.000000	0.000000	14.409400	10.282100	9.432820	15.756100	12.515800	0.000000	0.000000	163.553000	172.433000	163.448000	144.800000	134.827000	134.869000	39.359100	161.542000	135.415000	57.100500	26.965400	43.032200	53.056000	30.369600	114.950000	120.872000	111.849000	110.740000	115.460000	106.977000	110.892000	128.334000	143.228000	147.444000	146.099000	112.943000	111.801000	115.722000	108.416000	114.815000	146.756000	157.888000	178.550000	175.322000	159.833000	146.392000	110.639000	100.377000	120.900000	85.408900	85.968500	87.118300	71.515900	66.946500	96.883200	109.695000	124.047000	113.629000	101.397000	115.947000	110.353000	105.986000	87.144500	88.373800	113.538000	195.627000	151.733000	164.315000	136.803000	142.644000	120.192000	114.467000	0.149000	0.000000	0.000000	0.000000	0.000000	0.000000	0.000000	0.000000	0.000000	0.000000	0.000000	0.000000	0.030286	0.000000	0.051188	0.072600	0.067101	0.278400	0.139854	0.457200	106.360000	91.947200	83.074200	81.864700	95.048400	138.579000	161.188000	162.659000	164.678000	149.054000	120.422000	137.654000	0.084807	0.620100	0.000000	0.691300	0.000000	0.574900	0.000000	0.745700	0.028924	0.662700	0.057773	0.381200	0.069659	0.033700	0.122589	0.000000	0.179885	0.000000	0.187321	0.000000	0.166434	0.000000	0.126534	0.000000	0.094697	0.000000	0.097687	0.000000	0.818114	0.000000	0.000000	0.030141	0.000000	23.662800	5.542380	2.612200	1.742500	20.889400	76.819300	11.461900	0.666574	4241.970000	35.786700	403.838000	78.245500	1.416480	11.505700	1.958720	0.999992	2.017960	2.350790	3.121110	
   56	120.900000	109.780000	105.000000	105.000000	102.000000	105.000000	121.060000	140.010000	144.080000	140.010000	121.060000	109.990000	109.060000	108.200000	108.870000	121.060000	138.570000	144.260000	152.770000	155.950000	155.950000	150.000000	144.080000	139.100000	13.960000	0.000000	18.646100	32.041700	30.307700	30.360700	7.105620	1.203830	3.040390	9.599860	168.791000	167.281000	151.498000	132.294000	130.912000	130.399000	19.719500	133.893000	121.012000	52.770500	17.777800	44.078700	64.480800	39.513700	114.950000	109.092000	106.945000	108.561000	106.835000	96.817500	95.791500	105.881000	124.608000	96.634800	110.103000	90.477500	93.616600	99.738200	97.359900	109.326000	177.693000	174.303000	181.600000	153.926000	145.160000	156.633000	111.173000	98.823900	120.900000	74.172800	69.794500	71.943500	51.148500	50.036800	88.263700	91.939400	94.157900	91.672700	86.084200	77.262100	86.042500	78.572400	66.546900	67.440800	117.289000	141.671000	152.009000	137.660000	133.281000	138.221000	100.677000	86.666400	0.149000	0.000000	0.000000	0.000000	0.025264	0.000000	0.050630	0.000000	0.053294	0.000000	0.086320	0.000000	0.152784	0.000000	0.197170	0.103100	0.186349	0.530600	0.158066	0.838200	106.360000	65.464000	56.226800	57.651600	67.781600	97.610200	107.490000	112.643000	188.489000	162.607000	139.481000	130.109000	0.097209	0.808300	0.000000	0.478200	0.000000	1.565400	0.000000	1.177700	0.000000	1.232500	0.000000	0.703100	0.000000	0.029800	0.000000	0.000000	0.000000	0.000000	0.000000	0.000000	0.000000	0.000000	0.000000	0.000000	0.000000	0.000000	0.000000	0.000000	0.818114	0.000000	0.000000	0.000000	0.000000	23.821800	7.201080	3.721490	1.158670	19.129200	90.184500	0.000000	0.000000	4473.600000	54.614200	390.525000	68.052200	0.365349	0.000000	2.358940	1.136280	1.913000	2.235820	3.148150	
   57	120.900000	109.780000	105.000000	105.000000	102.000000	105.000000	121.060000	140.010000	144.080000	140.010000	121.060000	109.990000	109.060000	108.200000	108.870000	121.060000	138.570000	144.260000	152.770000	155.950000	155.950000	150.000000	144.080000	139.100000	13.960000	0.000000	0.000000	14.409400	10.282100	9.432820	15.756100	12.515800	0.000000	0.000000	163.553000	172.433000	163.448000	144.800000	134.827000	134.869000	39.359100	161.542000	135.415000	57.100500	26.965400	43.032200	53.056000	30.369600	114.950000	115.760000	109.969000	109.993000	107.357000	103.683000	100.758000	125.623000	147.033000	141.665000	144.127000	114.811000	112.776000	121.252000	112.062000	120.018000	145.275000	159.970000	174.784000	160.022000	155.493000	144.478000	111.214000	91.409200	120.900000	99.826100	103.709000	99.065800	86.085100	67.024600	102.968000	117.940000	136.212000	120.349000	133.469000	130.827000	143.354000	137.105000	124.780000	116.436000	124.843000	161.008000	177.358000	158.876000	133.834000	126.033000	110.979000	90.529800	0.149000	0.000000	0.012627	0.000000	0.013328	0.000000	0.017035	0.000000	0.001335	0.000000	0.051653	0.000000	0.094235	0.000000	0.420299	0.143600	0.388747	0.960900	0.342214	1.061000	106.360000	55.279800	46.308100	48.389200	64.301600	109.215000	145.413000	168.849000	190.668000	139.347000	129.113000	140.480000	0.300605	1.169600	0.219848	1.665600	0.133782	1.026200	0.110923	0.805500	0.133707	0.780400	0.156111	0.436800	0.148088	0.034900	0.150872	0.000000	0.163712	0.000000	0.162265	0.000000	0.138716	0.000000	0.098622	0.000000	0.073264	0.000000	0.071794	0.000000	0.818114	0.340433	0.551067	0.000000	0.000000	23.020600	6.173640	3.161760	1.450110	19.178400	87.334600	0.000000	0.000000	4463.040000	45.649300	391.320000	68.406900	1.909250	0.619192	1.631490	0.601938	2.045690	2.281630	2.601930	
   58	120.900000	109.780000	105.000000	105.000000	102.000000	105.000000	121.060000	140.010000	144.080000	140.010000	121.060000	109.990000	109.060000	108.200000	108.870000	121.060000	138.570000	144.260000	152.770000	155.950000	155.950000	150.000000	144.080000	139.100000	13.960000	0.000000	18.646100	32.041700	30.307700	26.282600	22.542100	4.753430	0.000000	0.000000	161.442000	169.890000	168.000000	152.969000	146.602000	151.116000	41.020400	164.768000	138.473000	98.286600	11.171100	36.175800	60.238200	29.615300	114.950000	116.309000	109.966000	109.720000	104.798000	98.950500	103.007000	132.667000	147.085000	145.411000	157.770000	131.725000	128.847000	135.180000	128.677000	136.798000	160.326000	167.183000	187.689000	186.070000	184.676000	186.983000	136.192000	120.484000	120.900000	82.803400	84.938100	75.942800	58.768900	59.562700	74.083800	106.101000	108.677000	105.043000	131.467000	124.262000	118.929000	116.982000	108.301000	113.313000	118.233000	137.265000	144.445000	160.281000	138.260000	140.320000	107.974000	96.403400	0.149000	0.000000	0.000000	0.000000	0.022030	0.000000	0.076064	0.000000	0.108250	0.000000	0.168587	0.000000	0.207118	0.000000	0.262975	0.015100	0.323589	0.069600	0.347390	0.132000	106.360000	104.120000	96.355900	96.527600	106.013000	140.222000	135.443000	150.018000	134.981000	119.599000	102.974000	113.343000	0.326375	0.268600	0.238592	0.299300	0.118508	0.242100	0.039040	0.162000	0.000000	0.084000	0.000000	0.045300	0.000000	0.006100	0.037833	0.000000	0.113695	0.000000	0.139510	0.000000	0.142873	0.000000	0.113140	0.000000	0.103878	0.000000	0.156058	0.000000	0.818114	0.000000	0.000000	0.672752	0.792891	21.079200	5.291400	2.860290	1.375900	20.709400	84.866000	2.145820	0.000000	4376.570000	43.584800	386.785000	69.548100	0.739748	0.000000	2.251530	0.976024	1.936260	2.409410	3.173510	
   59	120.900000	109.780000	105.000000	105.000000	102.000000	105.000000	121.060000	140.010000	144.080000	140.010000	121.060000	109.990000	109.060000	108.200000	108.870000	121.060000	138.570000	144.260000	152.770000	155.950000	155.950000	150.000000	144.080000	139.100000	13.960000	6.821830	16.035900	31.127300	26.555400	23.395200	21.177300	13.468200	0.000000	1.907610	158.387000	176.396000	160.784000	147.788000	138.824000	140.211000	50.948200	148.852000	103.798000	52.946800	39.016900	31.385200	57.654000	25.622800	114.950000	109.074000	103.169000	104.777000	105.352000	93.536000	104.490000	124.572000	136.175000	120.278000	145.112000	118.338000	116.702000	119.261000	113.834000	121.388000	150.819000	174.228000	185.169000	160.823000	156.950000	157.368000	116.974000	97.781800	120.900000	101.257000	104.324000	92.982000	74.590100	65.478800	103.506000	105.490000	116.907000	118.941000	122.612000	111.408000	122.173000	115.059000	102.430000	100.248000	109.189000	143.391000	147.369000	142.408000	123.624000	138.445000	100.499000	96.510600	0.149000	0.000000	0.000000	0.000000	0.014854	0.000000	0.052411	0.000000	0.039783	0.000000	0.072712	0.000000	0.117553	0.000000	0.100170	0.060800	0.040119	0.383300	0.123446	0.497300	106.360000	86.359400	77.539500	64.427500	115.492000	150.882000	162.105000	175.406000	162.821000	136.334000	122.484000	113.746000	0.106431	0.586700	0.062642	0.750500	0.000000	0.663000	0.000000	0.808400	0.000000	0.509000	0.000000	0.286400	0.058978	0.027700	0.073022	0.000000	0.179885	0.000000	0.187321	0.000000	0.166434	0.000000	0.126534	0.000000	0.094697	0.000000	0.097687	0.000000	0.818114	0.669722	1.054510	0.000000	0.000000	21.275700	6.780460	3.366740	1.330530	22.213000	74.813300	3.731620	0.324539	4416.240000	41.134000	386.269000	73.764200	0.781824	14.366000	1.782930	0.958740	1.979050	2.311570	3.252690	
   60	120.900000	109.780000	105.000000	105.000000	102.000000	105.000000	121.060000	140.010000	144.080000	140.010000	121.060000	109.990000	109.060000	108.200000	108.870000	121.060000	138.570000	144.260000	152.770000	155.950000	155.950000	150.000000	144.080000	139.100000	13.960000	0.000000	18.646100	32.041700	30.307700	26.282600	22.542100	4.753430	0.000000	0.000000	161.442000	169.890000	168.000000	152.969000	146.602000	151.116000	41.020400	164.768000	138.473000	98.286600	11.171100	36.175800	60.238200	29.615300	114.950000	117.783000	113.687000	111.561000	103.752000	98.441800	104.956000	132.667000	147.085000	145.411000	157.770000	131.725000	128.847000	135.180000	128.677000	136.798000	160.326000	167.183000	187.689000	186.070000	167.662000	149.801000	117.115000	101.377000	120.900000	99.428500	101.299000	99.352000	81.244500	65.664600	105.567000	106.101000	108.677000	105.043000	131.467000	124.262000	118.929000	116.982000	108.301000	113.313000	118.233000	137.265000	144.445000	160.281000	144.266000	133.945000	120.930000	103.645000	0.149000	0.000000	0.054507	0.000000	0.056005	0.000000	0.077177	0.000000	0.097282	0.000000	0.169164	0.000000	0.230058	0.000000	0.262975	0.042200	0.323589	0.190200	0.347390	0.595500	106.360000	107.031000	100.915000	49.086800	73.927100	113.427000	98.902300	134.153000	135.133000	126.128000	109.967000	106.429000	0.326375	1.019900	0.238592	0.339300	0.118508	0.340500	0.039040	0.319800	0.000000	0.377700	0.000000	0.147700	0.000000	0.010600	0.037833	0.000000	0.113695	0.000000	0.139510	0.000000	0.000000	0.000000	0.000000	0.000000	0.000000	0.000000	0.000000	0.000000	0.818114	0.000000	0.001513	0.028967	0.000000	22.752200	6.146560	2.860290	1.375900	20.709400	84.866000	2.145820	0.000000	4376.570000	43.584800	386.785000	69.548100	0.739748	0.000000	2.251530	0.971655	2.093020	2.442970	3.094330	
   61	120.900000	109.780000	105.000000	105.000000	102.000000	105.000000	121.060000	140.010000	144.080000	140.010000	121.060000	109.990000	109.060000	108.200000	108.870000	121.060000	138.570000	144.260000	152.770000	155.950000	155.950000	150.000000	144.080000	139.100000	13.960000	6.821830	16.035900	31.127300	26.555400	23.395200	21.177300	13.468200	0.000000	1.907610	158.387000	176.396000	160.784000	147.788000	138.824000	140.211000	50.948200	148.852000	103.798000	52.946800	39.016900	31.385200	57.654000	25.622800	114.950000	109.074000	103.169000	104.777000	105.352000	93.536000	104.490000	124.572000	136.175000	120.278000	145.112000	118.338000	116.702000	119.261000	113.834000	121.388000	150.819000	174.228000	185.169000	160.823000	156.950000	157.368000	116.974000	97.781800	120.900000	101.257000	104.324000	92.982000	74.590100	65.478800	103.506000	105.490000	116.907000	118.941000	122.612000	111.408000	122.173000	115.059000	102.430000	100.248000	109.189000	143.391000	147.369000	142.408000	123.624000	138.445000	100.499000	96.510600	0.149000	0.000000	0.000000	0.000000	0.014854	0.000000	0.052411	0.000000	0.039783	0.000000	0.072712	0.000000	0.117553	0.000000	0.100170	0.060800	0.040119	0.383300	0.123446	0.497300	106.360000	86.359400	77.539500	64.427500	115.492000	150.882000	162.105000	175.406000	162.821000	136.334000	122.484000	113.746000	0.106431	0.586700	0.062642	0.750500	0.000000	0.663000	0.000000	0.808400	0.000000	0.509000	0.000000	0.286400	0.058978	0.027700	0.073022	0.000000	0.179885	0.000000	0.187321	0.000000	0.166434	0.000000	0.126534	0.000000	0.094697	0.000000	0.097687	0.000000	0.818114	0.669722	1.054510	0.000000	0.000000	21.275700	6.780460	3.366740	1.330530	22.213000	74.813300	3.731620	0.324539	4416.240000	41.134000	386.269000	73.764200	0.781824	14.366000	1.782930	0.958740	1.979050	2.311570	3.252690	
   62	120.900000	109.780000	105.000000	105.000000	102.000000	105.000000	121.060000	140.010000	144.080000	140.010000	121.060000	109.990000	109.060000	108.200000	108.870000	121.060000	138.570000	144.260000	152.770000	155.950000	155.950000	150.000000	144.080000	139.100000	13.960000	0.043062	12.286800	27.121600	25.168100	18.870700	24.303900	18.142600	0.000000	4.634640	148.384000	169.779000	160.012000	143.143000	133.115000	132.206000	35.476300	124.295000	123.506000	39.407100	20.754100	37.905000	56.160800	32.583600	114.950000	113.820000	99.124500	101.627000	102.027000	89.958000	97.438100	129.484000	154.193000	141.482000	151.411000	110.258000	103.569000	109.166000	101.972000	110.344000	140.193000	150.749000	180.711000	156.463000	148.810000	147.522000	122.872000	89.289200	120.900000	100.594000	96.450300	90.597600	80.581800	43.799100	78.284300	91.043900	103.957000	94.545600	117.017000	97.991400	106.234000	100.513000	92.456900	91.599600	98.951900	126.622000	143.781000	142.077000	124.539000	113.502000	94.467600	86.385800	0.149000	0.000000	0.011321	0.000000	0.010710	0.000000	0.009235	0.000000	0.013790	0.000000	0.043471	0.000000	0.078932	0.000000	0.103612	0.048300	0.067101	0.338400	0.076335	0.426500	106.360000	91.545300	87.852800	93.772000	102.554000	134.781000	138.253000	164.674000	158.165000	137.557000	134.736000	129.949000	0.129615	0.526500	0.053698	0.730000	0.014051	0.816200	0.000000	0.673100	0.000000	0.533600	0.000000	0.248500	0.000000	0.013400	0.042873	0.000000	0.107270	0.000000	0.104099	0.000000	0.053834	0.000000	0.005303	0.000000	0.008352	0.000000	0.000540	0.000000	0.818114	0.000000	0.119904	0.089789	0.000000	23.049800	6.042910	2.923110	1.125460	20.468200	83.847700	0.000000	7.695250	4366.940000	38.154200	387.787000	71.365600	0.000000	0.000000	1.893350	0.670186	1.944330	2.306420	2.951120	
   63	120.900000	109.780000	105.000000	105.000000	102.000000	105.000000	121.060000	140.010000	144.080000	140.010000	121.060000	109.990000	109.060000	108.200000	108.870000	121.060000	138.570000	144.260000	152.770000	155.950000	155.950000	150.000000	144.080000	139.100000	13.960000	6.821830	16.035900	31.127300	26.555400	23.395200	21.177300	13.468200	0.000000	1.907610	158.387000	176.396000	160.784000	147.788000	138.824000	140.211000	50.948200	148.852000	103.798000	52.946800	39.016900	31.385200	57.654000	25.622800	114.950000	109.074000	103.169000	104.777000	105.352000	93.536000	104.490000	124.572000	136.175000	120.278000	145.112000	118.338000	116.702000	119.261000	113.834000	121.388000	150.819000	174.228000	185.169000	160.823000	156.950000	157.368000	116.974000	97.781800	120.900000	101.257000	104.324000	92.982000	74.590100	65.478800	103.506000	105.490000	116.907000	118.941000	122.612000	111.408000	122.173000	115.059000	102.430000	100.248000	109.189000	143.391000	147.369000	142.408000	123.624000	138.445000	100.499000	96.510600	0.149000	0.000000	0.000000	0.000000	0.014854	0.000000	0.052411	0.000000	0.039783	0.000000	0.072712	0.000000	0.117553	0.000000	0.100170	0.060800	0.040119	0.383300	0.123446	0.497300	106.360000	86.359400	77.539500	64.427500	115.492000	150.882000	162.105000	175.406000	162.821000	136.334000	122.484000	113.746000	0.106431	0.586700	0.062642	0.750500	0.000000	0.663000	0.000000	0.808400	0.000000	0.509000	0.000000	0.286400	0.058978	0.027700	0.073022	0.000000	0.179885	0.000000	0.187321	0.000000	0.166434	0.000000	0.126534	0.000000	0.094697	0.000000	0.097687	0.000000	0.818114	0.669722	1.054510	0.000000	0.000000	21.275700	6.780460	3.366740	1.330530	22.213000	74.813300	3.731620	0.324539	4416.240000	41.134000	386.269000	73.764200	0.781824	14.366000	1.782930	0.958740	1.979050	2.311570	3.252690	
   64	120.900000	109.780000	105.000000	105.000000	102.000000	105.000000	121.060000	140.010000	144.080000	140.010000	121.060000	109.990000	109.060000	108.200000	108.870000	121.060000	138.570000	144.260000	152.770000	155.950000	155.950000	150.000000	144.080000	139.100000	13.960000	0.000000	11.160200	29.477900	27.534800	17.344700	17.188200	2.905310	0.000000	0.000000	140.558000	165.773000	157.455000	138.899000	131.785000	132.392000	28.921700	145.687000	113.550000	72.844500	19.522300	36.496300	53.732300	34.994200	114.950000	109.548000	104.835000	106.211000	107.931000	104.701000	111.676000	134.768000	147.166000	144.155000	138.490000	114.641000	113.214000	111.532000	102.691000	116.766000	135.895000	144.113000	170.037000	165.495000	155.246000	153.744000	105.389000	79.335800	120.900000	98.864400	99.641900	99.827000	80.716500	78.174100	109.424000	114.934000	118.757000	99.137500	109.743000	102.853000	102.703000	100.058000	88.818500	88.465500	120.702000	142.416000	149.655000	142.587000	123.336000	126.318000	110.039000	92.113800	0.149000	0.000000	0.004695	0.000000	0.009446	0.000000	0.014528	0.000000	0.020077	0.000000	0.043094	0.000000	0.043924	0.000000	0.059001	0.049100	0.092890	0.320000	0.114834	0.473000	106.360000	93.965700	82.496800	83.613700	88.667000	123.173000	140.847000	151.472000	134.558000	133.372000	114.747000	111.688000	0.000000	0.761300	0.097244	0.691900	0.086383	0.699300	0.144747	0.707100	0.000000	0.590300	0.109586	0.492300	0.108310	0.020600	0.127951	0.000000	0.165660	0.000000	0.221850	0.000000	0.150315	0.000000	0.064722	0.000000	0.069292	0.000000	0.086694	0.000000	0.818114	0.000000	0.130807	0.808516	0.000000	22.757700	5.415860	2.736620	1.259650	22.850300	97.972300	0.000000	0.000000	4497.160000	56.565400	380.289000	55.761600	0.000000	5.384490	1.847210	0.996899	1.843560	2.134020	4.210080	
   65	120.900000	109.780000	105.000000	105.000000	102.000000	105.000000	121.060000	140.010000	144.080000	140.010000	121.060000	109.990000	109.060000	108.200000	108.870000	121.060000	138.570000	144.260000	152.770000	155.950000	155.950000	150.000000	144.080000	139.100000	13.960000	6.821830	16.035900	29.675400	25.629000	20.369000	19.189400	2.916260	0.000000	0.000000	161.890000	171.748000	164.486000	145.686000	136.272000	133.400000	30.789100	123.426000	148.681000	42.166200	12.844900	36.224600	48.392800	14.861300	114.950000	119.018000	102.681000	99.203400	102.256000	92.324600	99.576200	125.717000	154.293000	159.965000	145.196000	113.309000	115.541000	122.079000	115.772000	127.891000	164.425000	175.165000	206.534000	201.541000	177.813000	168.416000	124.007000	110.085000	120.900000	101.893000	102.003000	99.536300	81.466200	94.203100	110.620000	115.484000	126.898000	128.729000	148.861000	121.584000	124.830000	128.870000	121.049000	125.647000	129.343000	171.864000	176.035000	173.192000	140.659000	134.721000	117.507000	106.684000	0.149000	0.000000	0.000000	0.000000	0.000000	0.000000	0.000000	0.000000	0.000000	0.000000	0.000000	0.000000	0.000000	0.000000	0.000000	0.060900	0.020288	0.561700	0.031001	0.861200	106.360000	81.289800	74.794400	76.680500	84.515300	126.269000	143.536000	172.769000	179.400000	156.405000	137.398000	136.310000	0.014251	1.493500	0.000000	1.989900	0.000000	0.664000	0.000000	0.763900	0.000000	0.941000	0.000000	0.470100	0.000000	0.029700	0.000000	0.000000	0.043284	0.000000	0.052082	0.000000	0.027101	0.000000	0.000000	0.000000	0.010155	0.000000	0.094247	0.000000	0.818114	0.669722	0.023444	1.466330	2.086810	23.178900	6.291230	2.911490	1.219220	23.162600	92.093300	0.000000	0.000000	4348.720000	47.420100	390.654000	54.546400	0.284560	0.000000	1.924570	1.128870	2.153230	2.733430	2.885320	
   66	120.900000	109.780000	105.000000	105.000000	102.000000	105.000000	121.060000	140.010000	144.080000	140.010000	121.060000	109.990000	109.060000	108.200000	108.870000	121.060000	138.570000	144.260000	152.770000	155.950000	155.950000	150.000000	144.080000	139.100000	13.960000	0.000000	11.160200	29.477900	27.534800	17.344700	17.188200	2.905310	0.000000	0.000000	140.558000	165.773000	157.455000	138.899000	131.785000	132.392000	28.921700	145.687000	113.550000	72.844500	19.522300	36.496300	53.732300	34.994200	114.950000	109.548000	104.835000	106.211000	107.931000	104.701000	111.676000	134.768000	147.166000	144.155000	138.490000	114.641000	113.214000	111.532000	102.691000	116.766000	135.895000	144.113000	170.037000	165.495000	155.246000	153.744000	105.389000	79.335800	120.900000	98.864400	99.641900	99.827000	80.716500	78.174100	109.424000	114.934000	118.757000	99.137500	109.743000	102.853000	102.703000	100.058000	88.818500	88.465500	120.702000	142.416000	149.655000	142.587000	123.336000	126.318000	110.039000	92.113800	0.149000	0.000000	0.004695	0.000000	0.009446	0.000000	0.014528	0.000000	0.020077	0.000000	0.043094	0.000000	0.043924	0.000000	0.059001	0.049100	0.092890	0.320000	0.114834	0.473000	106.360000	93.965700	82.496800	83.613700	88.667000	123.173000	140.847000	151.472000	134.558000	133.372000	114.747000	111.688000	0.000000	0.761300	0.097244	0.691900	0.086383	0.699300	0.144747	0.707100	0.000000	0.590300	0.109586	0.492300	0.108310	0.020600	0.127951	0.000000	0.165660	0.000000	0.221850	0.000000	0.150315	0.000000	0.064722	0.000000	0.069292	0.000000	0.086694	0.000000	0.818114	0.000000	0.130807	0.808516	0.000000	22.757700	5.415860	2.736620	1.259650	22.850300	97.972300	0.000000	0.000000	4497.160000	56.565400	380.289000	55.761600	0.000000	5.384490	1.847210	0.996899	1.843560	2.134020	4.210080	
   67	120.900000	109.780000	105.000000	105.000000	102.000000	105.000000	121.060000	140.010000	144.080000	140.010000	121.060000	109.990000	109.060000	108.200000	108.870000	121.060000	138.570000	144.260000	152.770000	155.950000	155.950000	150.000000	144.080000	139.100000	13.960000	0.000000	11.160200	29.477900	27.534800	17.344700	17.188200	2.905310	0.000000	0.000000	140.558000	165.773000	157.455000	138.899000	131.785000	132.392000	28.921700	145.687000	113.550000	72.844500	19.522300	36.496300	53.732300	34.994200	114.950000	109.548000	104.835000	106.211000	107.931000	104.701000	111.676000	134.768000	147.166000	144.155000	138.490000	114.641000	113.214000	111.532000	102.691000	116.766000	135.895000	144.113000	170.037000	165.495000	155.246000	153.744000	105.389000	79.335800	120.900000	98.864400	99.641900	99.827000	80.716500	78.174100	109.424000	114.934000	118.757000	99.137500	109.743000	102.853000	102.703000	100.058000	88.818500	88.465500	120.702000	142.416000	149.655000	142.587000	123.336000	126.318000	110.039000	92.113800	0.149000	0.000000	0.004695	0.000000	0.009446	0.000000	0.014528	0.000000	0.020077	0.000000	0.043094	0.000000	0.043924	0.000000	0.059001	0.049100	0.092890	0.320000	0.114834	0.473000	106.360000	93.965700	82.496800	83.613700	88.667000	123.173000	140.847000	151.472000	134.558000	133.372000	114.747000	111.688000	0.000000	0.761300	0.097244	0.691900	0.086383	0.699300	0.144747	0.707100	0.000000	0.590300	0.109586	0.492300	0.108310	0.020600	0.127951	0.000000	0.165660	0.000000	0.221850	0.000000	0.150315	0.000000	0.064722	0.000000	0.069292	0.000000	0.086694	0.000000	0.818114	0.000000	0.130807	0.808516	0.000000	22.757700	5.415860	2.736620	1.259650	22.850300	97.972300	0.000000	0.000000	4497.160000	56.565400	380.289000	55.761600	0.000000	5.384490	1.847210	0.996899	1.843560	2.134020	4.210080	
   68	120.900000	109.780000	105.000000	105.000000	102.000000	105.000000	121.060000	140.010000	144.080000	140.010000	121.060000	109.990000	109.060000	108.200000	108.870000	121.060000	138.570000	144.260000	152.770000	155.950000	155.950000	150.000000	144.080000	139.100000	13.960000	0.000000	11.160200	29.477900	27.534800	17.344700	17.188200	2.905310	0.000000	0.000000	140.558000	165.773000	157.455000	138.899000	131.785000	132.392000	28.921700	145.687000	113.550000	72.844500	19.522300	36.496300	53.732300	34.994200	114.950000	109.548000	104.835000	106.211000	107.931000	104.701000	111.676000	134.768000	147.166000	144.155000	138.490000	114.641000	113.214000	111.532000	102.691000	116.766000	135.895000	144.113000	170.037000	165.495000	155.246000	153.744000	105.389000	79.335800	120.900000	98.864400	99.641900	99.827000	80.716500	78.174100	109.424000	114.934000	118.757000	99.137500	109.743000	102.853000	102.703000	100.058000	88.818500	88.465500	120.702000	142.416000	149.655000	142.587000	123.336000	126.318000	110.039000	92.113800	0.149000	0.000000	0.004695	0.000000	0.009446	0.000000	0.014528	0.000000	0.020077	0.000000	0.043094	0.000000	0.043924	0.000000	0.059001	0.049100	0.092890	0.320000	0.114834	0.473000	106.360000	93.965700	82.496800	83.613700	88.667000	123.173000	140.847000	151.472000	134.558000	133.372000	114.747000	111.688000	0.000000	0.761300	0.097244	0.691900	0.086383	0.699300	0.144747	0.707100	0.000000	0.590300	0.109586	0.492300	0.108310	0.020600	0.127951	0.000000	0.165660	0.000000	0.221850	0.000000	0.150315	0.000000	0.064722	0.000000	0.069292	0.000000	0.086694	0.000000	0.818114	0.000000	0.130807	0.808516	0.000000	22.757700	5.415860	2.736620	1.259650	22.850300	97.972300	0.000000	0.000000	4497.160000	56.565400	380.289000	55.761600	0.000000	5.384490	1.847210	0.996899	1.843560	2.134020	4.210080	
   69	120.900000	109.780000	105.000000	105.000000	102.000000	105.000000	121.060000	140.010000	144.080000	140.010000	121.060000	109.990000	109.060000	108.200000	108.870000	121.060000	138.570000	144.260000	152.770000	155.950000	155.950000	150.000000	144.080000	139.100000	13.960000	4.734170	11.022200	25.526800	23.402200	16.485700	17.297600	5.164250	0.000000	0.000000	164.309000	162.715000	162.622000	148.336000	140.617000	145.212000	54.980200	168.458000	105.764000	35.786700	16.787400	37.628300	52.046600	41.441500	114.950000	115.427000	113.464000	109.680000	104.495000	106.001000	108.194000	123.931000	116.089000	131.305000	147.047000	130.328000	134.692000	129.565000	118.929000	121.585000	154.081000	169.496000	179.290000	164.901000	146.743000	138.185000	111.385000	98.314600	120.900000	108.702000	109.894000	96.050700	81.054100	81.315300	95.426300	118.496000	96.913900	111.109000	129.661000	118.760000	134.418000	124.330000	111.497000	99.509400	105.820000	128.309000	136.897000	132.155000	114.241000	98.178600	87.897400	80.427000	0.149000	0.000000	0.032921	0.000000	0.042948	0.000000	0.052450	0.000000	0.034747	0.000000	0.045234	0.000000	0.063567	0.000000	0.090610	0.033900	0.040119	0.213400	0.194632	0.281600	106.360000	103.570000	93.104400	95.852300	118.475000	160.137000	159.502000	168.306000	150.720000	132.485000	122.363000	115.635000	0.068607	0.717700	0.158041	0.531200	0.000000	0.869200	0.000000	0.691600	0.000000	0.551600	0.000000	0.372300	0.000000	0.030600	0.077388	0.000000	0.048524	0.000000	0.069845	0.000000	0.060095	0.000000	0.012982	0.000000	0.101474	0.000000	0.135653	0.000000	0.818114	0.235689	0.310377	0.165527	0.000000	19.288700	5.325150	2.787780	1.444150	20.909800	85.304600	18.160400	0.000000	4302.630000	36.182300	389.216000	68.888100	1.127560	1.900630	2.412530	1.076180	1.994620	2.528580	2.982630	
   70	120.900000	109.780000	105.000000	105.000000	102.000000	105.000000	121.060000	140.010000	144.080000	140.010000	121.060000	109.990000	109.060000	108.200000	108.870000	121.060000	138.570000	144.260000	152.770000	155.950000	155.950000	150.000000	144.080000	139.100000	13.960000	2.955480	16.723500	32.740400	28.739700	19.050700	0.000000	0.000000	0.000000	17.469400	168.190000	176.919000	174.615000	158.314000	150.514000	139.143000	55.073600	157.377000	118.887000	27.176700	12.035200	39.749600	55.173100	34.537700	114.950000	122.378000	105.814000	111.545000	107.092000	100.920000	110.368000	124.751000	132.609000	132.881000	146.606000	125.008000	120.041000	119.077000	125.376000	123.034000	161.700000	179.237000	186.529000	175.135000	134.834000	129.772000	107.287000	110.452000	120.900000	90.638300	94.089900	80.177000	65.728900	61.863200	98.035600	109.557000	123.865000	125.649000	135.489000	133.624000	128.596000	122.079000	132.862000	121.852000	131.740000	156.286000	155.037000	160.784000	123.161000	111.806000	105.845000	103.882000	0.149000	0.000000	0.113116	0.000000	0.114319	0.000000	0.108756	0.000000	0.106212	0.000000	0.137490	0.000000	0.147680	0.000000	0.153789	0.064900	0.059812	0.251900	0.064669	0.482800	106.360000	137.223000	85.629800	89.471300	94.742500	138.325000	155.334000	163.819000	159.890000	130.778000	122.721000	116.348000	0.061163	0.660100	0.030340	0.801800	0.043493	1.559600	0.119675	0.557400	0.176372	0.290100	0.131587	0.196300	0.171156	0.010200	0.311250	0.000000	0.423865	0.000000	0.458249	0.000000	0.439730	0.000000	0.412472	0.000000	0.371429	0.000000	0.380229	0.000000	0.818114	0.258326	0.606919	0.000000	0.000000	22.305300	6.260750	2.960280	0.741335	21.310700	56.613200	0.000000	0.000000	4540.440000	59.387700	406.216000	66.802100	1.515060	9.302810	2.531160	1.545710	2.186660	2.661130	3.216410	
   71	120.900000	109.780000	105.000000	105.000000	102.000000	105.000000	121.060000	140.010000	144.080000	140.010000	121.060000	109.990000	109.060000	108.200000	108.870000	121.060000	138.570000	144.260000	152.770000	155.950000	155.950000	150.000000	144.080000	139.100000	13.960000	0.000000	11.160200	29.477900	27.534800	17.344700	17.188200	2.905310	0.000000	0.000000	140.558000	165.773000	157.455000	138.899000	131.785000	132.392000	28.921700	145.687000	113.550000	72.844500	19.522300	36.496300	53.732300	34.994200	114.950000	109.548000	104.835000	106.211000	107.931000	104.701000	111.676000	134.768000	147.166000	144.155000	138.490000	114.641000	113.214000	111.532000	102.691000	116.766000	135.895000	144.113000	170.037000	165.495000	155.246000	153.744000	105.389000	79.335800	120.900000	98.864400	99.641900	99.827000	80.716500	78.174100	109.424000	114.934000	118.757000	99.137500	109.743000	102.853000	102.703000	100.058000	88.818500	88.465500	120.702000	142.416000	149.655000	142.587000	123.336000	126.318000	110.039000	92.113800	0.149000	0.000000	0.004695	0.000000	0.009446	0.000000	0.014528	0.000000	0.020077	0.000000	0.043094	0.000000	0.043924	0.000000	0.059001	0.049100	0.092890	0.320000	0.114834	0.473000	106.360000	93.965700	82.496800	83.613700	88.667000	123.173000	140.847000	151.472000	134.558000	133.372000	114.747000	111.688000	0.000000	0.761300	0.097244	0.691900	0.086383	0.699300	0.144747	0.707100	0.000000	0.590300	0.109586	0.492300	0.108310	0.020600	0.127951	0.000000	0.165660	0.000000	0.221850	0.000000	0.150315	0.000000	0.064722	0.000000	0.069292	0.000000	0.086694	0.000000	0.818114	0.000000	0.130807	0.808516	0.000000	22.757700	5.415860	2.736620	1.259650	22.850300	97.972300	0.000000	0.000000	4497.160000	56.565400	380.289000	55.761600	0.000000	5.384490	1.847210	0.996899	1.843560	2.134020	4.210080	
   72	120.900000	109.780000	105.000000	105.000000	102.000000	105.000000	121.060000	140.010000	144.080000	140.010000	121.060000	109.990000	109.060000	108.200000	108.870000	121.060000	138.570000	144.260000	152.770000	155.950000	155.950000	150.000000	144.080000	139.100000	13.960000	4.734170	11.022200	25.526800	23.402200	16.485700	17.297600	5.164250	0.000000	0.000000	164.309000	162.715000	162.622000	148.336000	140.617000	145.212000	54.980200	168.458000	105.764000	35.786700	16.787400	37.628300	52.046600	41.441500	114.950000	115.427000	113.464000	109.680000	104.495000	106.001000	108.194000	123.931000	116.089000	131.305000	147.047000	130.328000	134.692000	129.565000	118.929000	121.585000	154.081000	169.496000	179.290000	164.901000	146.743000	138.185000	111.385000	98.314600	120.900000	108.702000	109.894000	96.050700	81.054100	81.315300	95.426300	118.496000	96.913900	111.109000	129.661000	118.760000	134.418000	124.330000	111.497000	99.509400	105.820000	128.309000	136.897000	132.155000	114.241000	98.178600	87.897400	80.427000	0.149000	0.000000	0.032921	0.000000	0.042948	0.000000	0.052450	0.000000	0.034747	0.000000	0.045234	0.000000	0.063567	0.000000	0.090610	0.033900	0.040119	0.213400	0.194632	0.281600	106.360000	103.570000	93.104400	95.852300	118.475000	160.137000	159.502000	168.306000	150.720000	132.485000	122.363000	115.635000	0.068607	0.717700	0.158041	0.531200	0.000000	0.869200	0.000000	0.691600	0.000000	0.551600	0.000000	0.372300	0.000000	0.030600	0.077388	0.000000	0.048524	0.000000	0.069845	0.000000	0.060095	0.000000	0.012982	0.000000	0.101474	0.000000	0.135653	0.000000	0.818114	0.235689	0.310377	0.165527	0.000000	19.288700	5.325150	2.787780	1.444150	20.909800	85.304600	18.160400	0.000000	4302.630000	36.182300	389.216000	68.888100	1.127560	1.900630	2.412530	1.076180	1.994620	2.528580	2.982630	
   73	120.900000	109.780000	105.000000	105.000000	102.000000	105.000000	121.060000	140.010000	144.080000	140.010000	121.060000	109.990000	109.060000	108.200000	108.870000	121.060000	138.570000	144.260000	152.770000	155.950000	155.950000	150.000000	144.080000	139.100000	13.960000	0.000000	0.000000	14.409400	10.282100	9.432820	15.756100	12.515800	0.000000	0.000000	163.553000	172.433000	163.448000	144.800000	134.827000	134.869000	39.359100	161.542000	135.415000	57.100500	26.965400	43.032200	53.056000	30.369600	114.950000	115.760000	109.969000	109.993000	107.357000	103.683000	100.758000	125.623000	147.033000	141.665000	144.127000	114.811000	112.776000	121.252000	112.062000	120.018000	145.275000	159.970000	174.784000	160.022000	155.493000	144.478000	111.214000	91.409200	120.900000	99.826100	103.709000	99.065800	86.085100	67.024600	102.968000	117.940000	136.212000	120.349000	133.469000	130.827000	143.354000	137.105000	124.780000	116.436000	124.843000	161.008000	177.358000	158.876000	133.834000	126.033000	110.979000	90.529800	0.149000	0.000000	0.012627	0.000000	0.013328	0.000000	0.017035	0.000000	0.001335	0.000000	0.051653	0.000000	0.094235	0.000000	0.420299	0.143600	0.388747	0.960900	0.342214	1.061000	106.360000	55.279800	46.308100	48.389200	64.301600	109.215000	145.413000	168.849000	190.668000	139.347000	129.113000	140.480000	0.300605	1.169600	0.219848	1.665600	0.133782	1.026200	0.110923	0.805500	0.000000	0.334000	0.000000	0.377600	0.000000	0.030600	0.000000	0.000000	0.000000	0.000000	0.000000	0.000000	0.000000	0.000000	0.000000	0.000000	0.000000	0.000000	0.000000	0.000000	0.818114	0.000000	0.000000	0.000000	0.000000	22.194000	6.411150	2.952390	1.674020	20.526700	84.089200	15.553700	2.777600	4251.140000	26.899700	362.067000	88.724800	1.872890	1.586220	2.070950	0.808781	2.175420	2.685730	3.252690	
   74	120.900000	109.780000	105.000000	105.000000	102.000000	105.000000	121.060000	140.010000	144.080000	140.010000	121.060000	109.990000	109.060000	108.200000	108.870000	121.060000	138.570000	144.260000	152.770000	155.950000	155.950000	150.000000	144.080000	139.100000	13.960000	0.000000	0.000000	14.409400	10.282100	9.432820	15.756100	12.515800	0.000000	0.000000	163.553000	172.433000	163.448000	144.800000	134.827000	134.869000	39.359100	161.542000	135.415000	57.100500	26.965400	43.032200	53.056000	30.369600	114.950000	98.811200	93.533800	97.059000	93.121700	95.444900	99.829400	120.874000	133.958000	140.438000	153.246000	123.188000	122.296000	124.616000	117.899000	128.791000	172.914000	182.650000	194.256000	184.051000	168.444000	161.118000	117.098000	98.219500	120.900000	88.051900	97.171900	90.591500	69.130600	56.633000	100.215000	99.001800	119.117000	100.324000	136.272000	111.622000	116.901000	113.633000	101.687000	104.086000	112.713000	135.350000	143.670000	151.556000	138.325000	131.586000	105.118000	97.603600	0.149000	0.000000	0.015616	0.000000	0.000000	0.000000	0.000000	0.000000	0.000000	0.000000	0.000000	0.000000	0.000000	0.000000	0.000000	0.045200	0.000000	0.226900	0.000000	0.639700	106.360000	124.298000	112.216000	105.402000	116.814000	162.474000	159.502000	168.306000	150.720000	132.485000	122.363000	115.635000	0.021021	0.885000	0.095255	0.932200	0.000000	0.324700	0.095664	0.419700	0.056737	0.452600	0.044204	0.173700	0.074526	0.023600	0.104581	0.000000	0.163708	0.000000	0.182189	0.000000	0.150078	0.000000	0.079627	0.000000	0.033227	0.000000	0.032909	0.000000	0.818114	0.000000	0.000000	0.000000	0.000000	22.194000	5.638430	2.819330	1.602060	21.786400	87.830500	6.297180	4.439020	4389.520000	60.672600	401.220000	50.509500	2.519710	0.000000	2.492420	1.001610	2.004810	2.501050	2.982490	
   75	120.900000	109.780000	105.000000	105.000000	102.000000	105.000000	121.060000	140.010000	144.080000	140.010000	121.060000	109.990000	109.060000	108.200000	108.870000	121.060000	138.570000	144.260000	152.770000	155.950000	155.950000	150.000000	144.080000	139.100000	13.960000	6.821830	16.035900	31.127300	26.555400	23.395200	21.177300	13.468200	0.000000	1.907610	158.387000	176.396000	160.784000	147.788000	138.824000	140.211000	50.948200	148.852000	103.798000	52.946800	39.016900	31.385200	57.654000	25.622800	114.950000	109.074000	103.169000	104.777000	105.352000	93.536000	104.490000	124.572000	136.175000	120.278000	145.112000	118.338000	116.702000	119.261000	113.834000	121.388000	150.819000	174.228000	185.169000	160.823000	156.950000	157.368000	116.974000	97.781800	120.900000	101.257000	104.324000	92.982000	74.590100	65.478800	103.506000	105.490000	116.907000	118.941000	122.612000	111.408000	122.173000	115.059000	102.430000	100.248000	109.189000	143.391000	147.369000	142.408000	123.624000	138.445000	100.499000	96.510600	0.149000	0.000000	0.000000	0.000000	0.014854	0.000000	0.052411	0.000000	0.039783	0.000000	0.072712	0.000000	0.117553	0.000000	0.100170	0.060800	0.040119	0.383300	0.123446	0.497300	106.360000	86.359400	77.539500	64.427500	115.492000	150.882000	162.105000	175.406000	162.821000	136.334000	122.484000	113.746000	0.106431	0.586700	0.062642	0.750500	0.000000	0.663000	0.000000	0.808400	0.000000	0.509000	0.000000	0.286400	0.058978	0.027700	0.073022	0.000000	0.179885	0.000000	0.187321	0.000000	0.166434	0.000000	0.126534	0.000000	0.094697	0.000000	0.097687	0.000000	0.818114	0.669722	1.054510	0.000000	0.000000	21.275700	6.780460	3.366740	1.330530	22.213000	74.813300	3.731620	0.324539	4416.240000	41.134000	386.269000	73.764200	0.781824	14.366000	1.782930	0.958740	1.979050	2.311570	3.252690	
   76	120.900000	109.780000	105.000000	105.000000	102.000000	105.000000	121.060000	140.010000	144.080000	140.010000	121.060000	109.990000	109.060000	108.200000	108.870000	121.060000	138.570000	144.260000	152.770000	155.950000	155.950000	150.000000	144.080000	139.100000	13.960000	0.000000	3.464130	25.526800	23.402200	16.485700	17.297600	5.164250	0.000000	0.000000	164.309000	162.715000	164.044000	156.426000	141.619000	141.486000	40.843400	136.860000	124.603000	29.031800	23.564400	49.737800	63.926100	34.036700	114.950000	110.051000	110.763000	105.238000	105.416000	94.016800	92.894500	115.797000	140.538000	155.504000	163.660000	138.335000	139.395000	143.077000	141.442000	154.098000	178.452000	179.816000	200.226000	181.027000	154.799000	164.767000	120.646000	115.922000	120.900000	99.366700	105.929000	99.210100	85.498500	73.108500	100.232000	105.699000	112.600000	99.400300	118.350000	116.531000	116.059000	109.892000	113.332000	113.903000	127.534000	155.242000	160.907000	153.039000	121.456000	117.393000	98.450500	88.437800	0.149000	0.000000	0.000000	0.000000	0.000000	0.000000	0.000000	0.000000	0.000000	0.000000	0.000000	0.000000	0.033131	0.000000	0.051188	0.079500	0.000607	0.529400	0.000000	1.060700	106.360000	128.825000	130.709000	105.109000	131.217000	170.286000	170.035000	168.246000	143.558000	141.273000	122.918000	115.578000	0.151120	0.889800	0.118011	1.023200	0.032633	0.919200	0.000000	1.026400	0.000000	1.076400	0.000000	0.407600	0.000000	0.043600	0.000000	0.000000	0.062135	0.000000	0.077051	0.000000	0.028044	0.000000	0.000000	0.000000	0.000000	0.000000	0.000000	0.000000	0.818114	0.000000	0.117685	0.165527	0.000000	19.288700	5.325150	2.787780	1.444150	20.909800	85.304600	18.160400	7.811790	4267.470000	44.332800	378.621000	65.095400	2.633690	0.000000	2.374050	0.940028	1.985810	2.363840	3.015270	
   77	120.900000	109.780000	105.000000	105.000000	102.000000	105.000000	121.060000	140.010000	144.080000	140.010000	121.060000	109.990000	109.060000	108.200000	108.870000	121.060000	138.570000	144.260000	152.770000	155.950000	155.950000	150.000000	144.080000	139.100000	13.960000	0.000000	11.160200	29.477900	27.534800	17.344700	17.188200	2.905310	0.000000	0.000000	140.558000	165.773000	157.455000	138.899000	131.785000	132.392000	28.921700	145.687000	113.550000	72.844500	19.522300	36.496300	53.732300	34.994200	114.950000	109.548000	104.835000	106.211000	107.931000	104.701000	111.676000	134.768000	147.166000	144.155000	138.490000	114.641000	113.214000	111.532000	102.691000	116.766000	135.895000	144.113000	170.037000	165.495000	155.246000	153.744000	105.389000	79.335800	120.900000	98.864400	99.641900	99.827000	80.716500	78.174100	109.424000	114.934000	118.757000	99.137500	109.743000	102.853000	102.703000	100.058000	88.818500	88.465500	120.702000	142.416000	149.655000	142.587000	123.336000	126.318000	110.039000	92.113800	0.149000	0.000000	0.004695	0.000000	0.009446	0.000000	0.014528	0.000000	0.020077	0.000000	0.043094	0.000000	0.043924	0.000000	0.059001	0.049100	0.092890	0.320000	0.114834	0.473000	106.360000	93.965700	82.496800	83.613700	88.667000	123.173000	140.847000	151.472000	134.558000	133.372000	114.747000	111.688000	0.000000	0.761300	0.097244	0.691900	0.086383	0.699300	0.144747	0.707100	0.000000	0.590300	0.109586	0.492300	0.108310	0.020600	0.127951	0.000000	0.165660	0.000000	0.221850	0.000000	0.150315	0.000000	0.064722	0.000000	0.069292	0.000000	0.086694	0.000000	0.818114	0.000000	0.130807	0.808516	0.000000	22.757700	5.415860	2.736620	1.259650	22.850300	97.972300	0.000000	0.000000	4497.160000	56.565400	380.289000	55.761600	0.000000	5.384490	1.847210	0.996899	1.843560	2.134020	4.210080	
   78	120.900000	109.780000	105.000000	105.000000	102.000000	105.000000	121.060000	140.010000	144.080000	140.010000	121.060000	109.990000	109.060000	108.200000	108.870000	121.060000	138.570000	144.260000	152.770000	155.950000	155.950000	150.000000	144.080000	139.100000	13.960000	0.000000	0.000000	14.409400	10.282100	9.432820	15.756100	12.515800	0.000000	0.000000	163.553000	172.433000	163.448000	144.800000	134.827000	134.869000	39.359100	161.542000	135.415000	57.100500	26.965400	43.032200	53.056000	30.369600	114.950000	120.872000	111.849000	110.740000	115.460000	106.977000	110.892000	128.334000	143.228000	147.444000	146.099000	112.943000	111.801000	115.722000	108.416000	114.815000	146.756000	157.888000	178.550000	175.322000	159.833000	146.392000	110.639000	100.377000	120.900000	85.408900	85.968500	87.118300	71.515900	66.946500	96.883200	109.695000	124.047000	113.629000	101.397000	115.947000	110.353000	105.986000	87.144500	88.373800	113.538000	195.627000	151.733000	164.315000	136.803000	142.644000	120.192000	114.467000	0.149000	0.000000	0.000000	0.000000	0.000000	0.000000	0.000000	0.000000	0.000000	0.000000	0.000000	0.000000	0.030286	0.000000	0.051188	0.072600	0.067101	0.278400	0.139854	0.457200	106.360000	91.947200	83.074200	81.864700	95.048400	138.579000	161.188000	162.659000	164.678000	149.054000	120.422000	137.654000	0.084807	0.620100	0.000000	0.691300	0.000000	0.882800	0.000000	0.378100	0.000000	0.283000	0.000000	0.139900	0.000000	0.014500	0.000000	0.000000	0.218742	0.000000	0.231390	0.000000	0.189947	0.000000	0.144190	0.000000	0.116404	0.000000	0.138776	0.000000	0.818114	0.000000	0.000000	0.277151	0.000000	21.803500	5.581170	2.752720	1.635010	20.993100	90.556800	25.953400	21.314900	4246.760000	34.797600	371.368000	77.292800	0.000000	0.000000	2.320100	0.965235	2.015470	2.475800	3.255480	
   79	120.900000	109.780000	105.000000	105.000000	102.000000	105.000000	121.060000	140.010000	144.080000	140.010000	121.060000	109.990000	109.060000	108.200000	108.870000	121.060000	138.570000	144.260000	152.770000	155.950000	155.950000	150.000000	144.080000	139.100000	13.960000	0.000000	11.160200	29.477900	27.534800	17.344700	17.188200	2.905310	0.000000	0.000000	140.558000	165.773000	157.455000	138.899000	131.785000	132.392000	28.921700	145.687000	113.550000	72.844500	19.522300	36.496300	53.732300	34.994200	114.950000	109.548000	104.835000	106.211000	107.931000	104.701000	111.676000	134.768000	147.166000	144.155000	138.490000	114.641000	113.214000	111.532000	102.691000	116.766000	135.895000	144.113000	170.037000	165.495000	155.246000	153.744000	105.389000	79.335800	120.900000	98.864400	99.641900	99.827000	80.716500	78.174100	109.424000	114.934000	118.757000	99.137500	109.743000	102.853000	102.703000	100.058000	88.818500	88.465500	120.702000	142.416000	149.655000	142.587000	123.336000	126.318000	110.039000	92.113800	0.149000	0.000000	0.004695	0.000000	0.009446	0.000000	0.014528	0.000000	0.020077	0.000000	0.043094	0.000000	0.043924	0.000000	0.059001	0.049100	0.092890	0.320000	0.114834	0.473000	106.360000	93.965700	82.496800	83.613700	88.667000	123.173000	140.847000	151.472000	134.558000	133.372000	114.747000	111.688000	0.000000	0.761300	0.097244	0.691900	0.086383	0.699300	0.144747	0.707100	0.000000	0.590300	0.109586	0.492300	0.108310	0.020600	0.127951	0.000000	0.165660	0.000000	0.221850	0.000000	0.150315	0.000000	0.064722	0.000000	0.069292	0.000000	0.086694	0.000000	0.818114	0.000000	0.130807	0.808516	0.000000	22.757700	5.415860	2.736620	1.259650	22.850300	97.972300	0.000000	0.000000	4497.160000	56.565400	380.289000	55.761600	0.000000	5.384490	1.847210	0.996899	1.843560	2.134020	4.210080	
   80	120.900000	109.780000	105.000000	105.000000	102.000000	105.000000	121.060000	140.010000	144.080000	140.010000	121.060000	109.990000	109.060000	108.200000	108.870000	121.060000	138.570000	144.260000	152.770000	155.950000	155.950000	150.000000	144.080000	139.100000	13.960000	0.065530	22.049900	36.695400	33.994900	26.551900	25.432500	6.783430	0.000000	0.000000	162.202000	174.046000	157.971000	143.918000	134.714000	141.920000	42.069200	139.110000	102.200000	40.074600	13.067100	40.013200	50.508400	26.572000	114.950000	110.718000	103.465000	97.871100	85.631300	83.671500	89.837200	125.623000	147.033000	141.665000	144.127000	114.811000	112.776000	121.252000	112.062000	120.018000	145.275000	188.346000	187.497000	184.390000	162.464000	149.670000	113.844000	103.647000	120.900000	95.780800	95.005500	88.824200	71.597300	65.091600	104.674000	112.924000	123.781000	118.595000	141.590000	151.349000	134.845000	124.830000	117.244000	126.845000	125.677000	157.619000	155.917000	163.091000	137.893000	120.642000	125.532000	121.498000	0.149000	0.000000	0.049968	0.000000	0.095676	0.000000	0.106750	0.000000	0.082677	0.000000	0.134783	0.000000	0.206000	0.000000	0.232934	0.046300	0.153429	0.330500	0.122030	0.569800	106.360000	94.620800	87.555300	95.532300	110.443000	142.946000	155.142000	160.881000	150.006000	140.225000	129.007000	125.202000	0.300605	0.692300	0.219848	0.752500	0.189906	0.581600	0.185154	0.793200	0.133707	0.610700	0.154360	0.270400	0.147076	0.028500	0.183068	0.000000	0.206767	0.000000	0.202439	0.000000	0.192686	0.000000	0.137263	0.000000	0.137781	0.000000	0.106323	0.000000	0.818114	0.000000	0.501642	0.000000	0.000000	22.880100	6.658890	2.755150	1.477630	21.319200	62.705700	0.000000	0.000000	4430.100000	58.052100	384.558000	67.613200	0.000000	30.559700	2.184620	1.138230	2.179860	2.422620	3.047540	
   81	120.900000	109.780000	105.000000	105.000000	102.000000	105.000000	121.060000	140.010000	144.080000	140.010000	121.060000	109.990000	109.060000	108.200000	108.870000	121.060000	138.570000	144.260000	152.770000	155.950000	155.950000	150.000000	144.080000	139.100000	13.960000	0.043062	12.286800	27.121600	25.168100	18.870700	24.303900	18.142600	0.000000	4.634640	148.384000	169.779000	160.012000	143.143000	133.115000	132.206000	35.476300	124.295000	123.506000	39.407100	20.754100	37.905000	56.160800	32.583600	114.950000	113.820000	99.124500	101.627000	102.027000	89.958000	97.438100	129.484000	154.193000	141.482000	151.411000	110.258000	103.569000	109.166000	101.972000	110.344000	140.193000	150.749000	180.711000	156.463000	148.810000	147.522000	122.872000	89.289200	120.900000	100.594000	96.450300	90.597600	80.581800	43.799100	78.284300	91.043900	103.957000	94.545600	117.017000	97.991400	106.234000	100.513000	92.456900	91.599600	98.951900	126.622000	143.781000	142.077000	124.539000	113.502000	94.467600	86.385800	0.149000	0.000000	0.011321	0.000000	0.010710	0.000000	0.009235	0.000000	0.013790	0.000000	0.043471	0.000000	0.078932	0.000000	0.103612	0.048300	0.067101	0.338400	0.076335	0.426500	106.360000	91.545300	87.852800	93.772000	102.554000	134.781000	138.253000	164.674000	158.165000	137.557000	134.736000	129.949000	0.129615	0.526500	0.053698	0.730000	0.014051	0.816200	0.000000	0.673100	0.000000	0.533600	0.000000	0.248500	0.000000	0.013400	0.042873	0.000000	0.107270	0.000000	0.104099	0.000000	0.053834	0.000000	0.005303	0.000000	0.008352	0.000000	0.000540	0.000000	0.818114	0.000000	0.119904	0.089789	0.000000	23.049800	6.042910	2.923110	1.125460	20.468200	83.847700	0.000000	7.695250	4366.940000	38.154200	387.787000	71.365600	0.000000	0.000000	1.893350	0.670186	1.944330	2.306420	2.951120	
   82	120.900000	109.780000	105.000000	105.000000	102.000000	105.000000	121.060000	140.010000	144.080000	140.010000	121.060000	109.990000	109.060000	108.200000	108.870000	121.060000	138.570000	144.260000	152.770000	155.950000	155.950000	150.000000	144.080000	139.100000	13.960000	0.000000	3.464130	25.526800	23.402200	16.485700	17.297600	5.164250	0.000000	0.000000	164.309000	162.715000	164.044000	156.426000	141.619000	141.486000	40.843400	136.860000	124.603000	29.031800	23.564400	49.737800	63.926100	34.036700	114.950000	110.051000	110.763000	105.238000	105.416000	94.016800	92.894500	115.797000	140.538000	155.504000	163.660000	138.335000	139.395000	143.077000	141.442000	154.098000	178.452000	179.816000	200.226000	181.027000	154.799000	164.767000	120.646000	115.922000	120.900000	99.366700	105.929000	99.210100	85.498500	73.108500	100.232000	105.699000	112.600000	99.400300	118.350000	116.531000	116.059000	109.892000	113.332000	113.903000	127.534000	155.242000	160.907000	153.039000	121.456000	117.393000	98.450500	88.437800	0.149000	0.000000	0.000000	0.000000	0.000000	0.000000	0.000000	0.000000	0.000000	0.000000	0.000000	0.000000	0.033131	0.000000	0.051188	0.079500	0.000607	0.529400	0.000000	1.060700	106.360000	128.825000	130.709000	105.109000	131.217000	170.286000	170.035000	168.246000	143.558000	141.273000	122.918000	115.578000	0.151120	0.889800	0.118011	1.023200	0.032633	0.919200	0.000000	1.026400	0.000000	1.076400	0.000000	0.407600	0.000000	0.043600	0.000000	0.000000	0.062135	0.000000	0.077051	0.000000	0.028044	0.000000	0.000000	0.000000	0.000000	0.000000	0.000000	0.000000	0.818114	0.000000	0.000000	0.378996	0.000000	20.757100	5.747800	2.744440	1.515850	23.902600	72.676300	76.815100	31.561100	6106.480000	0.000000	348.999000	63.774900	0.640385	0.000000	2.312680	1.076860	1.991230	2.617930	3.132840	
   83	120.900000	109.780000	105.000000	105.000000	102.000000	105.000000	121.060000	140.010000	144.080000	140.010000	121.060000	109.990000	109.060000	108.200000	108.870000	121.060000	138.570000	144.260000	152.770000	155.950000	155.950000	150.000000	144.080000	139.100000	13.960000	2.955480	16.723500	32.740400	28.739700	19.050700	0.000000	0.000000	0.000000	17.469400	168.190000	176.919000	174.615000	158.314000	150.514000	139.143000	55.073600	157.377000	118.887000	27.176700	12.035200	39.749600	55.173100	34.537700	114.950000	115.747000	109.088000	111.082000	106.080000	99.008600	103.876000	136.143000	157.369000	161.333000	161.441000	132.280000	132.100000	135.631000	119.801000	123.260000	144.789000	153.677000	173.457000	174.975000	167.662000	149.801000	117.115000	101.377000	120.900000	89.666300	90.782700	82.634700	67.468300	60.572800	91.558500	105.899000	111.695000	100.830000	117.179000	109.590000	106.227000	106.370000	90.699600	88.231000	90.164300	122.711000	132.128000	160.152000	144.266000	133.945000	120.930000	103.645000	0.149000	0.000000	0.000000	0.000000	0.000000	0.000000	0.000000	0.000000	0.000000	0.000000	0.008705	0.000000	0.054149	0.000000	0.061223	0.042500	0.071040	0.243300	0.098991	0.163400	106.360000	68.254000	62.669600	66.668200	73.528500	115.960000	131.330000	165.227000	164.077000	157.052000	132.657000	119.433000	0.106431	0.223400	0.053221	0.177300	0.012575	0.467200	0.042083	0.516600	0.065225	0.250200	0.041263	0.222600	0.095776	0.028000	0.256870	0.000000	0.413293	0.000000	0.000000	0.000000	0.000000	0.000000	0.000000	0.000000	0.000000	0.000000	0.000000	0.000000	0.818114	0.000000	0.000000	0.000000	0.000000	21.460500	5.258420	2.860930	1.570300	20.305800	88.309900	0.000000	0.000000	4568.210000	54.613900	390.192000	74.993200	0.911836	0.000000	2.076390	0.971655	2.093020	2.442970	3.094330	
   84	120.900000	109.780000	105.000000	105.000000	102.000000	105.000000	121.060000	140.010000	144.080000	140.010000	121.060000	109.990000	109.060000	108.200000	108.870000	121.060000	138.570000	144.260000	152.770000	155.950000	155.950000	150.000000	144.080000	139.100000	13.960000	0.000000	11.160200	29.477900	27.534800	17.344700	17.188200	2.905310	0.000000	0.000000	140.558000	165.773000	157.455000	138.899000	131.785000	132.392000	28.921700	145.687000	113.550000	72.844500	19.522300	36.496300	53.732300	34.994200	114.950000	109.548000	104.835000	106.211000	107.931000	104.701000	111.676000	134.768000	147.166000	144.155000	138.490000	114.641000	113.214000	111.532000	102.691000	116.766000	135.895000	144.113000	170.037000	165.495000	155.246000	153.744000	105.389000	79.335800	120.900000	98.864400	99.641900	99.827000	80.716500	78.174100	109.424000	114.934000	118.757000	99.137500	109.743000	102.853000	102.703000	100.058000	88.818500	88.465500	120.702000	142.416000	149.655000	142.587000	123.336000	126.318000	110.039000	92.113800	0.149000	0.000000	0.004695	0.000000	0.009446	0.000000	0.014528	0.000000	0.020077	0.000000	0.043094	0.000000	0.043924	0.000000	0.059001	0.049100	0.092890	0.320000	0.114834	0.473000	106.360000	93.965700	82.496800	83.613700	88.667000	123.173000	140.847000	151.472000	134.558000	133.372000	114.747000	111.688000	0.000000	0.761300	0.097244	0.691900	0.086383	0.699300	0.144747	0.707100	0.000000	0.590300	0.109586	0.492300	0.108310	0.020600	0.127951	0.000000	0.165660	0.000000	0.221850	0.000000	0.150315	0.000000	0.064722	0.000000	0.069292	0.000000	0.086694	0.000000	0.818114	0.000000	0.130807	0.808516	0.000000	22.757700	5.415860	2.736620	1.259650	22.850300	97.972300	0.000000	0.000000	4497.160000	56.565400	380.289000	55.761600	0.000000	5.384490	1.847210	0.996899	1.843560	2.134020	4.210080	
   85	120.900000	109.780000	105.000000	105.000000	102.000000	105.000000	121.060000	140.010000	144.080000	140.010000	121.060000	109.990000	109.060000	108.200000	108.870000	121.060000	138.570000	144.260000	152.770000	155.950000	155.950000	150.000000	144.080000	139.100000	13.960000	6.821830	16.035900	31.127300	26.555400	23.395200	21.177300	13.468200	0.000000	1.907610	158.387000	176.396000	160.784000	147.788000	138.824000	140.211000	50.948200	148.852000	103.798000	52.946800	39.016900	31.385200	57.654000	25.622800	114.950000	109.074000	103.169000	104.777000	105.352000	93.536000	104.490000	124.572000	136.175000	120.278000	145.112000	118.338000	116.702000	119.261000	113.834000	121.388000	150.819000	174.228000	185.169000	160.823000	156.950000	157.368000	116.974000	97.781800	120.900000	101.257000	104.324000	92.982000	74.590100	65.478800	103.506000	105.490000	116.907000	118.941000	122.612000	111.408000	122.173000	115.059000	102.430000	100.248000	109.189000	143.391000	147.369000	142.408000	123.624000	138.445000	100.499000	96.510600	0.149000	0.000000	0.000000	0.000000	0.014854	0.000000	0.052411	0.000000	0.039783	0.000000	0.072712	0.000000	0.117553	0.000000	0.100170	0.060800	0.040119	0.383300	0.123446	0.497300	106.360000	86.359400	77.539500	64.427500	115.492000	150.882000	162.105000	175.406000	162.821000	136.334000	122.484000	113.746000	0.106431	0.586700	0.062642	0.750500	0.000000	0.663000	0.000000	0.808400	0.000000	0.509000	0.000000	0.286400	0.058978	0.027700	0.073022	0.000000	0.179885	0.000000	0.187321	0.000000	0.166434	0.000000	0.126534	0.000000	0.094697	0.000000	0.097687	0.000000	0.818114	0.669722	1.054510	0.000000	0.000000	21.275700	6.780460	3.366740	1.330530	22.213000	74.813300	3.731620	0.324539	4416.240000	41.134000	386.269000	73.764200	0.781824	14.366000	1.782930	0.958740	1.979050	2.311570	3.252690	
   86	120.900000	109.780000	105.000000	105.000000	102.000000	105.000000	121.060000	140.010000	144.080000	140.010000	121.060000	109.990000	109.060000	108.200000	108.870000	121.060000	138.570000	144.260000	152.770000	155.950000	155.950000	150.000000	144.080000	139.100000	13.960000	0.000000	10.928700	25.495400	20.409500	11.103400	17.406100	14.366800	0.000000	0.000000	153.639000	171.367000	164.103000	146.119000	138.558000	142.578000	40.016800	150.174000	100.534000	18.390300	14.760500	41.589600	55.428500	32.705000	114.950000	117.741000	108.631000	110.932000	104.622000	106.888000	110.974000	124.416000	142.309000	132.081000	130.657000	122.888000	122.358000	126.057000	123.642000	109.974000	147.106000	161.848000	193.668000	178.462000	178.612000	148.219000	129.792000	123.970000	120.900000	95.582500	92.837600	92.982000	74.590100	65.478800	103.506000	105.490000	116.907000	118.941000	122.612000	111.408000	122.173000	115.059000	102.430000	103.192000	115.849000	148.713000	154.983000	154.302000	130.392000	102.765000	105.541000	101.613000	0.149000	0.000000	0.004784	0.000000	0.000000	0.000000	0.000000	0.000000	0.026390	0.000000	0.063624	0.000000	0.086080	0.000000	0.100170	0.031200	0.109469	0.211500	0.039542	0.389300	106.360000	97.462400	89.325000	96.266100	103.956000	144.107000	150.460000	165.168000	152.323000	130.301000	121.877000	111.317000	0.037809	0.457400	0.134160	0.533600	0.025469	0.879300	0.078534	0.740800	0.000000	0.537900	0.000000	0.279200	0.032700	0.029400	0.111172	0.000000	0.195452	0.000000	0.237712	0.000000	0.171884	0.000000	0.091840	0.000000	0.137781	0.000000	0.213033	0.000000	0.818114	0.000000	0.204795	0.000000	0.000000	22.317100	5.865300	2.911010	1.328790	20.134300	82.523900	32.230600	28.897400	4146.910000	39.063500	377.344000	56.956300	2.063590	42.598500	2.134570	1.443840	2.101680	2.334950	2.729590	
   87	120.900000	109.780000	105.000000	105.000000	102.000000	105.000000	121.060000	140.010000	144.080000	140.010000	121.060000	109.990000	109.060000	108.200000	108.870000	121.060000	138.570000	144.260000	152.770000	155.950000	155.950000	150.000000	144.080000	139.100000	13.960000	2.955480	16.723500	32.740400	28.739700	19.050700	0.000000	0.000000	0.000000	17.469400	168.190000	176.919000	174.615000	158.314000	150.514000	139.143000	55.073600	157.377000	118.887000	27.176700	12.035200	39.749600	55.173100	34.537700	114.950000	115.427000	113.464000	109.680000	104.495000	106.001000	108.194000	123.931000	133.870000	145.167000	150.304000	133.397000	121.747000	125.159000	127.600000	137.981000	155.815000	160.596000	184.098000	169.058000	145.566000	131.526000	114.213000	105.783000	120.900000	108.702000	109.894000	96.050700	81.054100	81.315300	95.426300	118.496000	123.678000	128.838000	147.786000	144.475000	131.525000	125.268000	119.066000	115.341000	119.299000	129.607000	126.033000	128.107000	101.060000	84.161400	78.848500	66.153200	0.149000	0.000000	0.030111	0.000000	0.042948	0.000000	0.028473	0.000000	0.000000	0.000000	0.042673	0.000000	0.063567	0.000000	0.098216	0.139200	0.129851	0.604600	0.147276	0.902200	106.360000	122.009000	76.405800	83.712000	91.915700	123.487000	155.820000	153.565000	160.488000	130.288000	117.570000	113.412000	0.203122	1.274300	0.285252	0.937900	0.318406	1.333800	0.371361	0.738500	0.361501	0.541500	0.319510	0.191900	0.312195	0.035400	0.356109	0.000000	0.000000	0.000000	0.000000	0.000000	0.000000	0.000000	0.000000	0.000000	0.000000	0.000000	0.000000	0.000000	0.818114	0.000000	0.027573	0.000000	0.000000	22.657800	6.064460	3.083810	1.752350	20.693800	77.140700	0.000000	0.000000	4449.170000	56.313200	387.456000	65.434700	0.000000	0.000000	2.634060	1.217660	2.174340	2.359620	2.955950	
   88	120.900000	109.780000	105.000000	105.000000	102.000000	105.000000	121.060000	140.010000	144.080000	140.010000	121.060000	109.990000	109.060000	108.200000	108.870000	121.060000	138.570000	144.260000	152.770000	155.950000	155.950000	150.000000	144.080000	139.100000	13.960000	0.043062	12.286800	27.121600	25.168100	18.870700	24.303900	18.142600	0.000000	4.634640	148.384000	169.779000	160.012000	143.143000	133.115000	132.206000	35.476300	124.295000	123.506000	39.407100	20.754100	37.905000	56.160800	32.583600	114.950000	113.820000	99.124500	101.627000	102.027000	89.958000	97.438100	129.484000	154.193000	141.482000	151.411000	110.258000	103.569000	109.166000	101.972000	110.344000	140.193000	150.749000	180.711000	156.463000	148.810000	147.522000	122.872000	89.289200	120.900000	100.594000	96.450300	90.597600	80.581800	43.799100	78.284300	91.043900	103.957000	94.545600	117.017000	97.991400	106.234000	100.513000	92.456900	91.599600	98.951900	126.622000	143.781000	142.077000	124.539000	113.502000	94.467600	86.385800	0.149000	0.000000	0.011321	0.000000	0.010710	0.000000	0.009235	0.000000	0.013790	0.000000	0.043471	0.000000	0.078932	0.000000	0.103612	0.048300	0.067101	0.338400	0.076335	0.426500	106.360000	91.545300	87.852800	93.772000	102.554000	134.781000	138.253000	164.674000	158.165000	137.557000	134.736000	129.949000	0.129615	0.526500	0.053698	0.730000	0.014051	0.816200	0.000000	0.673100	0.000000	0.533600	0.000000	0.248500	0.000000	0.013400	0.042873	0.000000	0.107270	0.000000	0.104099	0.000000	0.053834	0.000000	0.005303	0.000000	0.008352	0.000000	0.000540	0.000000	0.818114	0.000000	0.119904	0.089789	0.000000	23.049800	6.042910	2.923110	1.125460	20.468200	83.847700	0.000000	7.695250	4366.940000	38.154200	387.787000	71.365600	0.000000	0.000000	1.893350	0.670186	1.944330	2.306420	2.951120	
   89	120.900000	109.780000	105.000000	105.000000	102.000000	105.000000	121.060000	140.010000	144.080000	140.010000	121.060000	109.990000	109.060000	108.200000	108.870000	121.060000	138.570000	144.260000	152.770000	155.950000	155.950000	150.000000	144.080000	139.100000	13.960000	0.043062	12.286800	27.121600	25.168100	18.870700	24.303900	18.142600	0.000000	4.634640	148.384000	169.779000	160.012000	143.143000	133.115000	132.206000	35.476300	124.295000	123.506000	39.407100	20.754100	37.905000	56.160800	32.583600	114.950000	113.820000	99.124500	101.627000	102.027000	89.958000	97.438100	129.484000	154.193000	141.482000	151.411000	110.258000	103.569000	109.166000	101.972000	110.344000	140.193000	150.749000	180.711000	156.463000	148.810000	147.522000	122.872000	89.289200	120.900000	100.594000	96.450300	90.597600	80.581800	43.799100	78.284300	91.043900	103.957000	94.545600	117.017000	97.991400	106.234000	100.513000	92.456900	91.599600	98.951900	126.622000	143.781000	142.077000	124.539000	113.502000	94.467600	86.385800	0.149000	0.000000	0.011321	0.000000	0.010710	0.000000	0.009235	0.000000	0.013790	0.000000	0.043471	0.000000	0.078932	0.000000	0.103612	0.048300	0.067101	0.338400	0.076335	0.426500	106.360000	91.545300	87.852800	93.772000	102.554000	134.781000	138.253000	164.674000	158.165000	137.557000	134.736000	129.949000	0.129615	0.526500	0.053698	0.730000	0.014051	0.816200	0.000000	0.673100	0.000000	0.533600	0.000000	0.248500	0.000000	0.013400	0.042873	0.000000	0.107270	0.000000	0.104099	0.000000	0.053834	0.000000	0.005303	0.000000	0.008352	0.000000	0.000540	0.000000	0.818114	0.000000	0.119904	0.089789	0.000000	23.049800	6.042910	2.923110	1.125460	20.468200	83.847700	0.000000	7.695250	4366.940000	38.154200	387.787000	71.365600	0.000000	0.000000	1.893350	0.670186	1.944330	2.306420	2.951120	
   90	120.900000	109.780000	105.000000	105.000000	102.000000	105.000000	121.060000	140.010000	144.080000	140.010000	121.060000	109.990000	109.060000	108.200000	108.870000	121.060000	138.570000	144.260000	152.770000	155.950000	155.950000	150.000000	144.080000	139.100000	13.960000	2.955480	16.723500	32.740400	28.739700	19.050700	0.000000	0.000000	0.000000	17.469400	168.190000	176.919000	174.615000	158.314000	150.514000	139.143000	55.073600	157.377000	118.887000	27.176700	12.035200	39.749600	55.173100	34.537700	114.950000	115.062000	102.191000	105.393000	93.158000	89.230100	97.876100	116.758000	137.362000	140.080000	123.997000	111.165000	114.302000	118.118000	110.709000	111.547000	145.373000	143.440000	176.003000	160.514000	153.277000	147.801000	112.082000	110.020000	120.900000	95.718900	96.802800	92.432300	52.858600	48.838600	86.759200	106.921000	116.422000	103.279000	115.912000	119.485000	113.389000	108.422000	94.188300	96.823200	101.442000	129.064000	156.877000	152.761000	124.773000	120.049000	103.259000	100.410000	0.149000	0.000000	0.003392	0.000000	0.007536	0.000000	0.006522	0.000000	0.017627	0.000000	0.101476	0.000000	0.172962	0.000000	0.161409	0.156200	0.146645	0.869000	0.119077	1.190800	106.360000	141.396000	135.498000	125.240000	100.908000	133.106000	142.631000	170.583000	150.811000	136.355000	122.028000	116.648000	0.107732	1.332500	0.085712	0.745300	0.060701	0.801400	0.070843	0.412000	0.080695	0.240700	0.085840	0.128200	0.137593	0.008700	0.239474	0.000000	0.260874	0.000000	0.203480	0.000000	0.120285	0.000000	0.048168	0.000000	0.011026	0.000000	0.012920	0.000000	0.818114	0.000000	0.000000	0.000000	0.058192	23.464800	6.445870	2.974650	1.635570	20.832200	65.992900	0.000000	0.000000	4322.390000	166.912000	485.838000	0.000000	1.661240	0.000000	2.416580	1.105280	2.162900	2.740180	3.208910	
   91	120.900000	109.780000	105.000000	105.000000	102.000000	105.000000	121.060000	140.010000	144.080000	140.010000	121.060000	109.990000	109.060000	108.200000	108.870000	121.060000	138.570000	144.260000	152.770000	155.950000	155.950000	150.000000	144.080000	139.100000	13.960000	0.000000	10.928700	25.495400	20.409500	11.103400	17.406100	14.366800	0.000000	0.000000	153.639000	171.367000	164.103000	146.119000	138.558000	142.578000	40.016800	150.174000	100.534000	18.390300	14.760500	41.589600	55.428500	32.705000	114.950000	117.741000	108.631000	110.932000	104.622000	106.888000	110.974000	124.416000	142.309000	132.081000	130.657000	122.888000	122.358000	126.057000	123.642000	109.974000	147.106000	161.848000	193.668000	178.462000	178.612000	148.219000	129.792000	123.970000	120.900000	95.582500	92.837600	92.982000	74.590100	65.478800	103.506000	105.490000	116.907000	118.941000	122.612000	111.408000	122.173000	115.059000	102.430000	103.192000	115.849000	148.713000	154.983000	154.302000	130.392000	102.765000	105.541000	101.613000	0.149000	0.000000	0.004784	0.000000	0.000000	0.000000	0.000000	0.000000	0.026390	0.000000	0.063624	0.000000	0.086080	0.000000	0.100170	0.031200	0.109469	0.211500	0.039542	0.389300	106.360000	97.462400	89.325000	96.266100	103.956000	144.107000	150.460000	165.168000	152.323000	130.301000	121.877000	111.317000	0.037809	0.457400	0.134160	0.533600	0.025469	0.879300	0.078534	0.740800	0.000000	0.537900	0.000000	0.279200	0.032700	0.029400	0.111172	0.000000	0.195452	0.000000	0.226812	0.000000	0.178586	0.000000	0.131848	0.000000	0.106890	0.000000	0.139137	0.000000	0.818114	0.000000	0.092233	0.021818	0.000000	22.775000	6.251480	2.907500	0.900393	20.915100	101.783000	0.085438	0.684546	4454.000000	30.490800	372.252000	91.855600	0.000000	0.000000	3.048760	1.195400	1.997920	2.694420	2.823790	
   92	120.900000	109.780000	105.000000	105.000000	102.000000	105.000000	121.060000	140.010000	144.080000	140.010000	121.060000	109.990000	109.060000	108.200000	108.870000	121.060000	138.570000	144.260000	152.770000	155.950000	155.950000	150.000000	144.080000	139.100000	13.960000	0.000000	18.646100	32.041700	30.307700	26.282600	22.542100	4.753430	0.000000	0.000000	161.442000	169.890000	168.000000	152.969000	146.602000	151.116000	41.020400	164.768000	138.473000	98.286600	11.171100	36.175800	60.238200	29.615300	114.950000	105.550000	99.055600	95.738500	95.396600	97.870700	107.777000	124.407000	147.655000	140.136000	143.496000	120.323000	122.326000	124.360000	119.466000	123.791000	148.727000	165.094000	178.941000	171.424000	159.512000	155.448000	110.689000	98.892300	120.900000	99.086700	87.486700	83.586800	68.634900	77.187300	100.895000	100.769000	115.446000	92.886800	130.415000	121.033000	127.989000	123.241000	113.516000	106.843000	111.350000	135.254000	141.013000	138.754000	108.049000	105.575000	76.855400	72.549700	0.149000	0.000000	0.114389	0.000000	0.108550	0.000000	0.111793	0.000000	0.135570	0.000000	0.000000	0.000000	0.000000	0.000000	0.000000	0.092200	0.000000	0.439100	0.000000	0.571200	106.360000	99.148200	91.509200	96.304000	105.680000	142.887000	153.084000	198.469000	172.205000	157.706000	135.277000	135.464000	0.004318	0.591800	0.000000	1.020000	0.000000	0.847400	0.000000	0.463400	0.000000	0.684700	0.000000	0.498200	0.000000	0.043200	0.052168	0.000000	0.135657	0.000000	0.121691	0.000000	0.000000	0.000000	0.000000	0.000000	0.000000	0.000000	0.000000	0.000000	0.818114	0.000000	0.000000	0.147413	0.000000	22.804900	5.829600	2.914500	1.640240	20.924100	99.253000	0.000000	0.000000	4516.460000	55.863200	386.476000	70.686400	1.213300	0.000000	2.378990	1.177970	2.096250	2.437470	3.026860	
   93	120.900000	109.780000	105.000000	105.000000	102.000000	105.000000	121.060000	140.010000	144.080000	140.010000	121.060000	109.990000	109.060000	108.200000	108.870000	121.060000	138.570000	144.260000	152.770000	155.950000	155.950000	150.000000	144.080000	139.100000	13.960000	6.821830	16.035900	31.127300	26.555400	23.395200	21.177300	13.468200	0.000000	1.907610	158.387000	176.396000	160.784000	147.788000	138.824000	140.211000	50.948200	148.852000	103.798000	52.946800	39.016900	31.385200	57.654000	25.622800	114.950000	109.074000	103.169000	104.777000	105.352000	93.536000	104.490000	124.572000	136.175000	120.278000	145.112000	118.338000	116.702000	119.261000	113.834000	121.388000	150.819000	174.228000	185.169000	160.823000	156.950000	157.368000	116.974000	97.781800	120.900000	101.257000	104.324000	92.982000	74.590100	65.478800	103.506000	105.490000	116.907000	118.941000	122.612000	111.408000	122.173000	115.059000	102.430000	100.248000	109.189000	143.391000	147.369000	142.408000	123.624000	138.445000	100.499000	96.510600	0.149000	0.000000	0.000000	0.000000	0.014854	0.000000	0.052411	0.000000	0.039783	0.000000	0.072712	0.000000	0.117553	0.000000	0.100170	0.060800	0.040119	0.383300	0.123446	0.497300	106.360000	86.359400	77.539500	64.427500	115.492000	150.882000	162.105000	175.406000	162.821000	136.334000	122.484000	113.746000	0.106431	0.586700	0.062642	0.750500	0.000000	0.663000	0.000000	0.808400	0.000000	0.509000	0.000000	0.286400	0.058978	0.027700	0.073022	0.000000	0.179885	0.000000	0.187321	0.000000	0.166434	0.000000	0.126534	0.000000	0.094697	0.000000	0.097687	0.000000	0.818114	0.669722	1.054510	0.000000	0.000000	21.275700	6.780460	3.366740	1.330530	22.213000	74.813300	3.731620	0.324539	4416.240000	41.134000	386.269000	73.764200	0.781824	14.366000	1.782930	0.958740	1.979050	2.311570	3.252690	
   94	120.900000	109.780000	105.000000	105.000000	102.000000	105.000000	121.060000	140.010000	144.080000	140.010000	121.060000	109.990000	109.060000	108.200000	108.870000	121.060000	138.570000	144.260000	152.770000	155.950000	155.950000	150.000000	144.080000	139.100000	13.960000	6.821830	16.035900	31.127300	26.555400	23.395200	21.177300	13.468200	0.000000	1.907610	158.387000	176.396000	160.784000	147.788000	138.824000	140.211000	50.948200	148.852000	103.798000	52.946800	39.016900	31.385200	57.654000	25.622800	114.950000	109.074000	103.169000	104.777000	105.352000	93.536000	104.490000	124.572000	136.175000	120.278000	145.112000	118.338000	116.702000	119.261000	113.834000	121.388000	150.819000	174.228000	185.169000	160.823000	156.950000	157.368000	116.974000	97.781800	120.900000	101.257000	104.324000	92.982000	74.590100	65.478800	103.506000	105.490000	116.907000	118.941000	122.612000	111.408000	122.173000	115.059000	102.430000	100.248000	109.189000	143.391000	147.369000	142.408000	123.624000	138.445000	100.499000	96.510600	0.149000	0.000000	0.000000	0.000000	0.014854	0.000000	0.052411	0.000000	0.039783	0.000000	0.072712	0.000000	0.117553	0.000000	0.100170	0.060800	0.040119	0.383300	0.123446	0.497300	106.360000	86.359400	77.539500	64.427500	115.492000	150.882000	162.105000	175.406000	162.821000	136.334000	122.484000	113.746000	0.106431	0.586700	0.062642	0.750500	0.000000	0.663000	0.000000	0.808400	0.000000	0.509000	0.000000	0.286400	0.058978	0.027700	0.073022	0.000000	0.179885	0.000000	0.187321	0.000000	0.166434	0.000000	0.126534	0.000000	0.094697	0.000000	0.097687	0.000000	0.818114	0.669722	1.054510	0.000000	0.000000	21.275700	6.780460	3.366740	1.330530	22.213000	74.813300	3.731620	0.324539	4416.240000	41.134000	386.269000	73.764200	0.781824	14.366000	1.782930	0.958740	1.979050	2.311570	3.252690	
   95	120.900000	109.780000	105.000000	105.000000	102.000000	105.000000	121.060000	140.010000	144.080000	140.010000	121.060000	109.990000	109.060000	108.200000	108.870000	121.060000	138.570000	144.260000	152.770000	155.950000	155.950000	150.000000	144.080000	139.100000	13.960000	0.000000	10.928700	25.495400	20.409500	11.103400	17.406100	14.366800	0.000000	0.000000	153.639000	171.367000	164.103000	146.119000	138.558000	142.578000	40.016800	150.174000	100.534000	18.390300	14.760500	41.589600	55.428500	32.705000	114.950000	117.741000	108.631000	110.932000	104.622000	106.888000	110.974000	124.416000	142.309000	132.081000	130.657000	122.888000	122.358000	126.057000	123.642000	109.974000	147.106000	161.848000	193.668000	178.462000	178.612000	148.219000	129.792000	123.970000	120.900000	95.582500	92.837600	92.982000	74.590100	65.478800	103.506000	105.490000	116.907000	118.941000	122.612000	111.408000	122.173000	115.059000	102.430000	103.192000	115.849000	148.713000	154.983000	154.302000	130.392000	102.765000	105.541000	101.613000	0.149000	0.000000	0.004784	0.000000	0.000000	0.000000	0.000000	0.000000	0.026390	0.000000	0.063624	0.000000	0.086080	0.000000	0.100170	0.031200	0.109469	0.211500	0.039542	0.389300	106.360000	97.462400	89.325000	96.266100	103.956000	144.107000	150.460000	165.168000	152.323000	130.301000	121.877000	111.317000	0.037809	0.457400	0.134160	0.533600	0.025469	0.879300	0.078534	0.740800	0.000000	0.537900	0.000000	0.279200	0.032700	0.029400	0.111172	0.000000	0.195452	0.000000	0.099803	0.000000	0.032412	0.000000	0.000000	0.000000	0.000000	0.000000	0.000000	0.000000	0.818114	0.000000	0.056822	0.019601	0.000000	22.841300	5.897660	2.909410	1.709290	18.371700	76.446300	6.078300	11.453100	4366.670000	43.070200	396.524000	65.502100	3.111760	0.000000	2.782230	1.307970	2.193260	2.552970	3.170390	
   96	120.900000	109.780000	105.000000	105.000000	102.000000	105.000000	121.060000	140.010000	144.080000	140.010000	121.060000	109.990000	109.060000	108.200000	108.870000	121.060000	138.570000	144.260000	152.770000	155.950000	155.950000	150.000000	144.080000	139.100000	13.960000	0.000000	0.000000	14.409400	10.282100	9.432820	15.756100	12.515800	0.000000	0.000000	163.553000	172.433000	163.448000	144.800000	134.827000	134.869000	39.359100	161.542000	135.415000	57.100500	26.965400	43.032200	53.056000	30.369600	114.950000	120.872000	111.849000	110.740000	115.460000	106.977000	110.892000	128.334000	143.228000	147.444000	146.099000	112.943000	111.801000	115.722000	108.416000	114.815000	146.756000	157.888000	178.550000	175.322000	159.833000	146.392000	110.639000	100.377000	120.900000	85.408900	85.968500	87.118300	71.515900	66.946500	96.883200	109.695000	124.047000	113.629000	101.397000	115.947000	110.353000	105.986000	87.144500	88.373800	113.538000	195.627000	151.733000	164.315000	136.803000	142.644000	120.192000	114.467000	0.149000	0.000000	0.000000	0.000000	0.000000	0.000000	0.000000	0.000000	0.000000	0.000000	0.000000	0.000000	0.030286	0.000000	0.051188	0.072600	0.067101	0.278400	0.139854	0.457200	106.360000	91.947200	83.074200	81.864700	95.048400	138.579000	161.188000	162.659000	164.678000	149.054000	120.422000	137.654000	0.084807	0.620100	0.000000	0.691300	0.000000	0.574900	0.000000	0.745700	0.028924	0.662700	0.000000	0.245300	0.041383	0.056400	0.120226	0.000000	0.179885	0.000000	0.187321	0.000000	0.166434	0.000000	0.126534	0.000000	0.094697	0.000000	0.035185	0.000000	0.818114	0.000000	0.000000	0.000000	0.000000	22.513500	6.096200	3.096330	1.690650	20.614100	70.923000	1.649490	0.000000	4306.760000	97.840300	382.497000	76.456900	0.000000	0.728735	1.913490	0.707310	1.863570	2.368580	3.214580	
   97	120.900000	109.780000	105.000000	105.000000	102.000000	105.000000	121.060000	140.010000	144.080000	140.010000	121.060000	109.990000	109.060000	108.200000	108.870000	121.060000	138.570000	144.260000	152.770000	155.950000	155.950000	150.000000	144.080000	139.100000	13.960000	2.955480	16.723500	32.740400	28.739700	19.050700	0.000000	0.000000	0.000000	17.469400	168.190000	176.919000	174.615000	158.314000	150.514000	139.143000	55.073600	157.377000	118.887000	27.176700	12.035200	39.749600	55.173100	34.537700	114.950000	108.801000	104.095000	103.649000	97.866400	89.651900	101.679000	123.823000	143.612000	150.293000	149.620000	131.220000	130.648000	141.386000	137.539000	144.029000	170.205000	177.476000	198.638000	185.637000	168.660000	173.880000	133.078000	109.083000	120.900000	114.543000	112.265000	107.986000	89.263400	84.889800	116.986000	122.164000	139.081000	129.713000	158.741000	115.994000	116.678000	121.637000	117.013000	112.687000	120.702000	142.416000	149.655000	142.587000	123.336000	126.318000	110.039000	92.113800	0.149000	0.000000	0.000000	0.000000	0.000000	0.000000	0.000000	0.000000	0.000000	0.000000	0.000000	0.000000	0.000000	0.000000	0.000000	0.067600	0.000000	0.581100	0.000000	0.798200	106.360000	75.968800	49.038700	65.821300	67.673800	99.857800	123.797000	131.169000	123.693000	109.605000	87.265900	66.495900	0.000000	0.874600	0.000000	0.517500	0.000000	0.745500	0.000000	0.864000	0.000000	0.957700	0.000000	0.412600	0.000000	0.046000	0.000000	0.000000	0.000000	0.000000	0.000000	0.000000	0.000000	0.000000	0.000000	0.000000	0.000000	0.000000	0.000000	0.000000	0.818114	0.000000	0.000000	1.127870	1.078790	21.763100	5.327700	3.070780	1.540690	19.643200	79.213800	7.341430	4.963310	4384.600000	40.603600	385.154000	69.461600	0.327640	11.980900	1.866440	1.092620	2.009330	2.457560	3.220730	
   98	120.900000	109.780000	105.000000	105.000000	102.000000	105.000000	121.060000	140.010000	144.080000	140.010000	121.060000	109.990000	109.060000	108.200000	108.870000	121.060000	138.570000	144.260000	152.770000	155.950000	155.950000	150.000000	144.080000	139.100000	13.960000	0.000000	18.646100	32.041700	30.307700	26.282600	22.542100	4.753430	0.000000	0.000000	161.442000	169.890000	168.000000	152.969000	146.602000	151.116000	41.020400	164.768000	138.473000	98.286600	11.171100	36.175800	60.238200	29.615300	114.950000	89.506000	87.041400	86.137100	88.184500	83.889400	86.090000	105.270000	123.464000	126.997000	131.040000	120.374000	113.496000	125.304000	122.018000	119.743000	154.561000	160.062000	190.302000	176.005000	187.003000	187.475000	128.979000	120.889000	120.900000	72.314600	78.487500	70.202400	50.075100	49.722000	80.985000	85.933700	102.600000	100.003000	112.365000	96.841300	98.993800	100.863000	81.520600	59.770000	80.865800	116.153000	134.016000	136.479000	128.939000	130.876000	98.023800	92.325400	0.149000	0.000000	0.000000	0.000000	0.000000	0.000000	0.000000	0.000000	0.006109	0.000000	0.066113	0.000000	0.100579	0.000000	0.127759	0.046400	0.086458	0.118000	0.111033	0.526800	106.360000	93.994800	103.984000	79.337300	106.345000	154.693000	180.396000	186.176000	199.673000	164.744000	150.426000	135.422000	0.115882	0.832900	0.069828	1.262900	0.035682	1.015300	0.036343	0.720000	0.022974	0.599200	0.000000	0.475400	0.000000	0.027900	0.000000	0.000000	0.000000	0.000000	0.003628	0.000000	0.000000	0.000000	0.000000	0.000000	0.000000	0.000000	0.000000	0.000000	0.818114	0.000000	0.000000	0.000470	0.000000	23.251700	6.492360	2.737550	1.240560	20.764600	78.579200	8.090740	0.000000	4313.260000	43.374800	369.237000	78.531800	0.886251	0.000000	2.106330	0.950708	1.798720	2.192930	2.785890	
   99	120.900000	109.780000	105.000000	105.000000	102.000000	105.000000	121.060000	140.010000	144.080000	140.010000	121.060000	109.990000	109.060000	108.200000	108.870000	121.060000	138.570000	144.260000	152.770000	155.950000	155.950000	150.000000	144.080000	139.100000	13.960000	6.890630	15.174400	29.192300	25.665500	16.942200	13.881600	0.000000	0.000000	0.975584	153.535000	168.162000	163.464000	148.552000	142.626000	141.421000	58.847200	155.564000	87.490800	44.174900	31.295000	52.170800	51.012100	20.552600	114.950000	109.548000	104.835000	106.211000	102.427000	94.109700	91.411600	130.652000	153.551000	148.715000	148.231000	122.623000	131.530000	134.309000	131.628000	138.961000	170.647000	202.174000	202.657000	194.065000	180.683000	157.132000	141.466000	130.429000	120.900000	85.525800	86.985200	90.276800	72.075200	65.138900	91.256000	112.900000	130.258000	130.333000	136.528000	127.987000	124.149000	112.038000	105.045000	104.160000	111.959000	155.370000	164.983000	160.494000	141.451000	118.245000	129.285000	122.179000	0.149000	0.000000	0.005545	0.000000	0.010710	0.000000	0.018798	0.000000	0.034203	0.000000	0.081674	0.000000	0.109348	0.000000	0.097139	0.039500	0.158586	0.254600	0.000000	0.391300	106.360000	65.464000	56.226800	57.651600	106.170000	152.990000	151.534000	172.555000	154.905000	151.602000	119.466000	119.714000	0.157765	0.376400	0.104381	0.881500	0.000000	0.821500	0.165082	0.656800	0.166778	0.658100	0.139756	0.215400	0.143566	0.011200	0.183068	0.000000	0.206767	0.000000	0.202439	0.000000	0.192686	0.000000	0.137263	0.000000	0.137781	0.000000	0.213033	0.000000	0.818114	0.000000	0.364093	0.013974	0.000000	25.258400	5.647170	2.708800	1.082210	18.853600	100.482000	0.000000	0.000000	4602.070000	65.764400	400.828000	72.616000	5.050520	0.000000	2.828170	1.522330	1.980340	2.334950	2.729590	
  100	120.900000	109.780000	105.000000	105.000000	102.000000	105.000000	121.060000	140.010000	144.080000	140.010000	121.060000	109.990000	109.060000	108.200000	108.870000	121.060000	138.570000	144.260000	152.770000	155.950000	155.950000	150.000000	144.080000	139.100000	13.960000	0.065530	22.049900	36.695400	33.994900	26.551900	25.432500	6.783430	0.000000	0.000000	162.202000	174.046000	157.971000	143.918000	134.714000	141.920000	42.069200	139.110000	102.200000	40.074600	13.067100	40.013200	50.508400	26.572000	114.950000	110.718000	103.465000	97.871100	85.631300	83.671500	89.837200	125.623000	147.033000	141.665000	144.127000	114.811000	112.776000	121.252000	112.062000	120.018000	145.275000	188.346000	187.497000	184.390000	162.464000	149.670000	113.844000	103.647000	120.900000	95.780800	95.005500	88.824200	71.597300	65.091600	104.674000	112.924000	123.781000	118.595000	141.590000	151.349000	134.845000	124.830000	117.244000	126.845000	125.677000	157.619000	155.917000	163.091000	137.893000	120.642000	125.532000	121.498000	0.149000	0.000000	0.049968	0.000000	0.095676	0.000000	0.106750	0.000000	0.082677	0.000000	0.134783	0.000000	0.206000	0.000000	0.232934	0.046300	0.153429	0.330500	0.122030	0.569800	106.360000	94.620800	87.555300	95.532300	110.443000	142.946000	155.142000	160.881000	150.006000	140.225000	129.007000	125.202000	0.300605	0.692300	0.219848	0.752500	0.189906	0.581600	0.185154	0.793200	0.133707	0.610700	0.154360	0.270400	0.147076	0.028500	0.183068	0.000000	0.206767	0.000000	0.202439	0.000000	0.192686	0.000000	0.137263	0.000000	0.137781	0.000000	0.106323	0.000000	0.818114	0.000000	0.501642	0.000000	0.000000	22.880100	6.658890	2.755150	1.477630	21.319200	62.705700	0.000000	0.000000	4430.100000	58.052100	384.558000	67.613200	0.000000	30.559700	2.184620	1.138230	2.179860	2.422620	3.047540	
;
param Prob0 :=
    1	0.000
    2	0.010
    3	0.000
    4	0.010
    5	0.000
    6	0.010
    7	0.170
    8	0.010
    9	0.010
   10	0.010
   11	0.000
   12	0.000
   13	0.010
   14	0.020
   15	0.000
   16	0.010
   17	0.010
   18	0.040
   19	0.010
   20	0.000
   21	0.000
   22	0.010
   23	0.010
   24	0.010
   25	0.010
   26	0.010
   27	0.000
   28	0.010
   29	0.000
   30	0.010
   31	0.000
   32	0.010
   33	0.000
   34	0.010
   35	0.010
   36	0.010
   37	0.000
   38	0.000
   39	0.010
   40	0.000
   41	0.010
   42	0.010
   43	0.000
   44	0.010
   45	0.000
   46	0.010
   47	0.000
   48	0.010
   49	0.010
   50	0.010
   51	0.000
   52	0.000
   53	0.010
   54	0.000
   55	0.010
   56	0.010
   57	0.010
   58	0.010
   59	0.000
   60	0.010
   61	0.000
   62	0.000
   63	0.000
   64	0.000
   65	0.010
   66	0.000
   67	0.000
   68	0.000
   69	0.000
   70	0.010
   71	0.000
   72	0.000
   73	0.010
   74	0.010
   75	0.000
   76	0.010
   77	0.000
   78	0.010
   79	0.000
   80	0.000
   81	0.000
   82	0.010
   83	0.010
   84	0.000
   85	0.000
   86	0.010
   87	0.010
   88	0.090
   89	0.000
   90	0.010
   91	0.010
   92	0.010
   93	0.080
   94	0.000
   95	0.020
   96	0.010
   97	0.010
   98	0.010
   99	0.000
  100	0.070
;
set c[0,50] :=
50    8     16    24    32    40    48    57    65    73    81    89    97
1     9     17    25    33    41    49    58    66    74    82    90    98
2     10    18    26    34    42    51    59    67    75    83    91    99
3     11    19    27    35    43    52    60    68    76    84    92    100
4     12    20    28    36    44    53    61    69    77    85    93
5     13    21    29    37    45    54    62    70    78    86    94
6     14    22    30    38    46    55    63    71    79    87    95
7     15    23    31    39    47    56    64    72    80    88    96;
set c[1,50] :=
50    8     16    24    32    40    48    57    65    73    81    89    97
1     9     17    25    33    41    49    58    66    74    82    90    98
2     10    18    26    34    42    51    59    67    75    83    91    99
3     11    19    27    35    43    52    60    68    76    84    92    100
4     12    20    28    36    44    53    61    69    77    85    93
5     13    21    29    37    45    54    62    70    78    86    94
6     14    22    30    38    46    55    63    71    79    87    95
7     15    23    31    39    47    56    64    72    80    88    96;
set c[2,59] := 59 15 61 63 75 85 93 94;
set c[2,11] := 11 3 33 38 47 62 81 88 89;
set c[2,71] := 71 5 7 12 27 29 40 45 51 54 64 66 67 68 77 79 84;
set c[2,18] := 18 37 69 72;
set c[2,100] := 100 1 20 21 31 52 80;
set c[2,43] := 43 13 86 91 95;
set c[2,76] := 76 2 82;
set c[2,48] := 48 14 17 99;
set c[2,6] := 6 9 26 34 42 44 49 55 57 73 74 78 96;
set c[2,25] := 25 8 16 30 35 39 46 70 83 87 90 97;
set c[2,50] := 50 41 65;
set c[2,19] := 19 23 32 53 56;
set c[2,92] := 92 4 10 22 24 28 36 58 60 98;
set c[3,59] := 59 15 61 63 75 85 93 94;
set c[3,88] := 88 11 3 33 38 47 62 81 89;
set c[3,7] := 7 71 5 12 27 29 40 45 51 54 64 66 67 68 77 79 84;
set c[3,72] := 72 18 37 69;
set c[3,1] := 1 100 20 21 31 52 80;
set c[3,43] := 43 13 86 91 95;
set c[3,82] := 82 76 2;
set c[3,99] := 99 48 14 17;
set c[3,9] := 9 34 42 55 78 96;
set c[3,6] := 6 26;
set c[3,57] := 57 73;
set c[3,44] := 44 49 74;
set c[3,8] := 8;
set c[3,25] := 25;
set c[3,87] := 87;
set c[3,39] := 39;
set c[3,46] := 46;
set c[3,30] := 30;
set c[3,70] := 70;
set c[3,83] := 83;
set c[3,97] := 97;
set c[3,90] := 90;
set c[3,16] := 16;
set c[3,35] := 35;
set c[3,50] := 50;
set c[3,41] := 41;
set c[3,65] := 65;
set c[3,32] := 32;
set c[3,19] := 19;
set c[3,56] := 56;
set c[3,23] := 23;
set c[3,53] := 53;
set c[3,60] := 60;
set c[3,58] := 58;
set c[3,92] := 92;
set c[3,22] := 22;
set c[3,36] := 36;
set c[3,98] := 98;
set c[3,4] := 4;
set c[3,28] := 28;
set c[3,10] := 10;
set c[3,24] := 24;
set c[4,59] := 59 15 61 63 75 85 93 94;
set c[4,3] := 3 88 11 33 38 47 62 81 89;
set c[4,12] := 12 7 71 5 27 29 40 45 51 54 64 66 67 68 77 79 84;
set c[4,72] := 72 18 37 69;
set c[4,52] := 52 1 100 20 21 31 80;
set c[4,91] := 91 43 13 86 95;
set c[4,2] := 2 82 76;
set c[4,99] := 99 48 14 17;
set c[4,78] := 78 9 34 42 55 96;
set c[4,6] := 6 26;
set c[4,57] := 57 73;
set c[4,49] := 49 74;
set c[4,44] := 44;
set c[4,8] := 8;
set c[4,25] := 25;
set c[4,87] := 87;
set c[4,39] := 39;
set c[4,46] := 46;
set c[4,30] := 30;
set c[4,70] := 70;
set c[4,83] := 83;
set c[4,97] := 97;
set c[4,90] := 90;
set c[4,16] := 16;
set c[4,35] := 35;
set c[4,50] := 50;
set c[4,41] := 41;
set c[4,65] := 65;
set c[4,32] := 32;
set c[4,19] := 19;
set c[4,56] := 56;
set c[4,23] := 23;
set c[4,53] := 53;
set c[4,60] := 60;
set c[4,58] := 58;
set c[4,92] := 92;
set c[4,22] := 22;
set c[4,36] := 36;
set c[4,98] := 98;
set c[4,4] := 4;
set c[4,28] := 28;
set c[4,10] := 10;
set c[4,24] := 24;
set c[5,59] := 59 15 61 63 75 85 93 94;
set c[5,3] := 3 88 11 33 38 47 62 81 89;
set c[5,12] := 12 7 71 5 27 29 40 45 51 54 64 66 67 68 77 79 84;
set c[5,72] := 72 18 37 69;
set c[5,52] := 52 1 100 20 21 31 80;
set c[5,91] := 91 43 13 86 95;
set c[5,2] := 2 82 76;
set c[5,99] := 99 48 14 17;
set c[5,78] := 78 9 34 42 55 96;
set c[5,6] := 6 26;
set c[5,57] := 57 73;
set c[5,49] := 49 74;
set c[5,44] := 44;
set c[5,8] := 8;
set c[5,25] := 25;
set c[5,87] := 87;
set c[5,39] := 39;
set c[5,46] := 46;
set c[5,30] := 30;
set c[5,70] := 70;
set c[5,83] := 83;
set c[5,97] := 97;
set c[5,90] := 90;
set c[5,16] := 16;
set c[5,35] := 35;
set c[5,50] := 50;
set c[5,41] := 41;
set c[5,65] := 65;
set c[5,32] := 32;
set c[5,19] := 19;
set c[5,56] := 56;
set c[5,23] := 23;
set c[5,53] := 53;
set c[5,60] := 60;
set c[5,58] := 58;
set c[5,92] := 92;
set c[5,22] := 22;
set c[5,36] := 36;
set c[5,98] := 98;
set c[5,4] := 4;
set c[5,28] := 28;
set c[5,10] := 10;
set c[5,24] := 24;
set c[6,15] := 15 59 61 63 75 85 93 94;
set c[6,3] := 3 88 11 33 38 47 62 81 89;
set c[6,12] := 12 7 71 5 27 29 40 45 51 54 64 66 67 68 77 79 84;
set c[6,18] := 18 72 37 69;
set c[6,20] := 20 52 1 100 21 31 80;
set c[6,95] := 95 91 43 13 86;
set c[6,2] := 2 82 76;
set c[6,17] := 17 99 48 14;
set c[6,78] := 78 9 34 42 55 96;
set c[6,6] := 6 26;
set c[6,57] := 57 73;
set c[6,49] := 49 74;
set c[6,44] := 44;
set c[6,8] := 8;
set c[6,25] := 25;
set c[6,87] := 87;
set c[6,39] := 39;
set c[6,46] := 46;
set c[6,30] := 30;
set c[6,70] := 70;
set c[6,83] := 83;
set c[6,97] := 97;
set c[6,90] := 90;
set c[6,16] := 16;
set c[6,35] := 35;
set c[6,50] := 50;
set c[6,41] := 41;
set c[6,65] := 65;
set c[6,32] := 32;
set c[6,19] := 19;
set c[6,56] := 56;
set c[6,23] := 23;
set c[6,53] := 53;
set c[6,60] := 60;
set c[6,58] := 58;
set c[6,92] := 92;
set c[6,22] := 22;
set c[6,36] := 36;
set c[6,98] := 98;
set c[6,4] := 4;
set c[6,28] := 28;
set c[6,10] := 10;
set c[6,24] := 24;
set c[7,75] := 75 15 59 61 63 85 93 94;
set c[7,38] := 38 3 88 11 33 47 62 81 89;
set c[7,5] := 5 12 7 71 27 29 40 45 51 54 64 66 67 68 77 79 84;
set c[7,72] := 72 18 37 69;
set c[7,21] := 21 20 52 1 100 31 80;
set c[7,95] := 95 91 43 13 86;
set c[7,2] := 2 82 76;
set c[7,17] := 17 99 48 14;
set c[7,78] := 78 9 34 42 55 96;
set c[7,6] := 6 26;
set c[7,57] := 57 73;
set c[7,49] := 49 74;
set c[7,44] := 44;
set c[7,8] := 8;
set c[7,25] := 25;
set c[7,87] := 87;
set c[7,39] := 39;
set c[7,46] := 46;
set c[7,30] := 30;
set c[7,70] := 70;
set c[7,83] := 83;
set c[7,97] := 97;
set c[7,90] := 90;
set c[7,16] := 16;
set c[7,35] := 35;
set c[7,50] := 50;
set c[7,41] := 41;
set c[7,65] := 65;
set c[7,32] := 32;
set c[7,19] := 19;
set c[7,56] := 56;
set c[7,23] := 23;
set c[7,53] := 53;
set c[7,60] := 60;
set c[7,58] := 58;
set c[7,92] := 92;
set c[7,22] := 22;
set c[7,36] := 36;
set c[7,98] := 98;
set c[7,4] := 4;
set c[7,28] := 28;
set c[7,10] := 10;
set c[7,24] := 24;
set c[8,75] := 75 15 59 61 63 85 93 94;
set c[8,38] := 38 3 88 11 33 47 62 81 89;
set c[8,64] := 64 5 12 7 71 27 29 40 45 51 54 66 67 68 77 79 84;
set c[8,18] := 18 72 37 69;
set c[8,21] := 21 20 52 1 100 31 80;
set c[8,95] := 95 91 43 13 86;
set c[8,2] := 2 82 76;
set c[8,14] := 14 17 99 48;
set c[8,78] := 78 9 34 42 55 96;
set c[8,6] := 6 26;
set c[8,57] := 57 73;
set c[8,49] := 49 74;
set c[8,44] := 44;
set c[8,8] := 8;
set c[8,25] := 25;
set c[8,87] := 87;
set c[8,39] := 39;
set c[8,46] := 46;
set c[8,30] := 30;
set c[8,70] := 70;
set c[8,83] := 83;
set c[8,97] := 97;
set c[8,90] := 90;
set c[8,16] := 16;
set c[8,35] := 35;
set c[8,50] := 50;
set c[8,41] := 41;
set c[8,65] := 65;
set c[8,32] := 32;
set c[8,19] := 19;
set c[8,56] := 56;
set c[8,23] := 23;
set c[8,53] := 53;
set c[8,60] := 60;
set c[8,58] := 58;
set c[8,92] := 92;
set c[8,22] := 22;
set c[8,36] := 36;
set c[8,98] := 98;
set c[8,4] := 4;
set c[8,28] := 28;
set c[8,10] := 10;
set c[8,24] := 24;
set c[9,85] := 85 75 15 59 61 63 93 94;
set c[9,38] := 38 3 88 11 33 47 62 81 89;
set c[9,64] := 64 5 12 7 71 27 29 40 45 51 54 66 67 68 77 79 84;
set c[9,18] := 18 72 37 69;
set c[9,52] := 52 21 20 1 100 31 80;
set c[9,91] := 91 95 43 13 86;
set c[9,2] := 2 82 76;
set c[9,14] := 14 17 99 48;
set c[9,78] := 78 9 34 42 55 96;
set c[9,6] := 6 26;
set c[9,57] := 57 73;
set c[9,49] := 49 74;
set c[9,44] := 44;
set c[9,8] := 8;
set c[9,25] := 25;
set c[9,87] := 87;
set c[9,39] := 39;
set c[9,46] := 46;
set c[9,30] := 30;
set c[9,70] := 70;
set c[9,83] := 83;
set c[9,97] := 97;
set c[9,90] := 90;
set c[9,16] := 16;
set c[9,35] := 35;
set c[9,50] := 50;
set c[9,41] := 41;
set c[9,65] := 65;
set c[9,32] := 32;
set c[9,19] := 19;
set c[9,56] := 56;
set c[9,23] := 23;
set c[9,53] := 53;
set c[9,60] := 60;
set c[9,58] := 58;
set c[9,92] := 92;
set c[9,22] := 22;
set c[9,36] := 36;
set c[9,98] := 98;
set c[9,4] := 4;
set c[9,28] := 28;
set c[9,10] := 10;
set c[9,24] := 24;
set c[10,93] := 93 85 75 15 59 61 63 94;
set c[10,11] := 11 38 3 88 33 47 62 81 89;
set c[10,64] := 64 5 12 7 71 27 29 40 45 51 54 66 67 68 77 79 84;
set c[10,18] := 18 72 37 69;
set c[10,52] := 52 21 20 1 100 31 80;
set c[10,91] := 91 95 43 13 86;
set c[10,2] := 2 82 76;
set c[10,17] := 17 14 99 48;
set c[10,78] := 78 9 34 42 55 96;
set c[10,6] := 6 26;
set c[10,57] := 57 73;
set c[10,49] := 49 74;
set c[10,44] := 44;
set c[10,8] := 8;
set c[10,25] := 25;
set c[10,87] := 87;
set c[10,39] := 39;
set c[10,46] := 46;
set c[10,30] := 30;
set c[10,70] := 70;
set c[10,83] := 83;
set c[10,97] := 97;
set c[10,90] := 90;
set c[10,16] := 16;
set c[10,35] := 35;
set c[10,50] := 50;
set c[10,41] := 41;
set c[10,65] := 65;
set c[10,32] := 32;
set c[10,19] := 19;
set c[10,56] := 56;
set c[10,23] := 23;
set c[10,53] := 53;
set c[10,60] := 60;
set c[10,58] := 58;
set c[10,92] := 92;
set c[10,22] := 22;
set c[10,36] := 36;
set c[10,98] := 98;
set c[10,4] := 4;
set c[10,28] := 28;
set c[10,10] := 10;
set c[10,24] := 24;
set c[11,94] := 94 93 85 75 15 59 61 63;
set c[11,11] := 11 38 3 88 33 47 62 81 89;
set c[11,64] := 64 5 12 7 71 27 29 40 45 51 54 66 67 68 77 79 84;
set c[11,72] := 72 18 37 69;
set c[11,52] := 52 21 20 1 100 31 80;
set c[11,91] := 91 95 43 13 86;
set c[11,2] := 2 82 76;
set c[11,14] := 14 17 99 48;
set c[11,78] := 78 9 34 42 55 96;
set c[11,6] := 6 26;
set c[11,57] := 57 73;
set c[11,49] := 49 74;
set c[11,44] := 44;
set c[11,8] := 8;
set c[11,25] := 25;
set c[11,87] := 87;
set c[11,39] := 39;
set c[11,46] := 46;
set c[11,30] := 30;
set c[11,70] := 70;
set c[11,83] := 83;
set c[11,97] := 97;
set c[11,90] := 90;
set c[11,16] := 16;
set c[11,35] := 35;
set c[11,50] := 50;
set c[11,41] := 41;
set c[11,65] := 65;
set c[11,32] := 32;
set c[11,19] := 19;
set c[11,56] := 56;
set c[11,23] := 23;
set c[11,53] := 53;
set c[11,60] := 60;
set c[11,58] := 58;
set c[11,92] := 92;
set c[11,22] := 22;
set c[11,36] := 36;
set c[11,98] := 98;
set c[11,4] := 4;
set c[11,28] := 28;
set c[11,10] := 10;
set c[11,24] := 24;
set c[12,59] := 59 94 93 85 75 15 61 63;
set c[12,11] := 11 38 3 88 33 47 62 81 89;
set c[12,77] := 77 64 5 12 7 71 27 29 40 45 51 54 66 67 68 79 84;
set c[12,69] := 69 72 18 37;
set c[12,100] := 100 52 21 20 1 31 80;
set c[12,91] := 91 95 43 13 86;
set c[12,2] := 2 82 76;
set c[12,99] := 99 14 17 48;
set c[12,34] := 34 78 9 42 55 96;
set c[12,6] := 6 26;
set c[12,57] := 57 73;
set c[12,49] := 49 74;
set c[12,44] := 44;
set c[12,8] := 8;
set c[12,25] := 25;
set c[12,87] := 87;
set c[12,39] := 39;
set c[12,46] := 46;
set c[12,30] := 30;
set c[12,70] := 70;
set c[12,83] := 83;
set c[12,97] := 97;
set c[12,90] := 90;
set c[12,16] := 16;
set c[12,35] := 35;
set c[12,50] := 50;
set c[12,41] := 41;
set c[12,65] := 65;
set c[12,32] := 32;
set c[12,19] := 19;
set c[12,56] := 56;
set c[12,23] := 23;
set c[12,53] := 53;
set c[12,60] := 60;
set c[12,58] := 58;
set c[12,92] := 92;
set c[12,22] := 22;
set c[12,36] := 36;
set c[12,98] := 98;
set c[12,4] := 4;
set c[12,28] := 28;
set c[12,10] := 10;
set c[12,24] := 24;
set c[13,94] := 94 59 93 85 75 15 61 63;
set c[13,33] := 33 11 38 3 88 47 62 81 89;
set c[13,67] := 67 77 64 5 12 7 71 27 29 40 45 51 54 66 68 79 84;
set c[13,69] := 69 72 18 37;
set c[13,52] := 52 100 21 20 1 31 80;
set c[13,91] := 91 95 43 13 86;
set c[13,2] := 2 82 76;
set c[13,99] := 99 14 17 48;
set c[13,78] := 78 34 9 42 55 96;
set c[13,6] := 6 26;
set c[13,57] := 57 73;
set c[13,49] := 49 74;
set c[13,44] := 44;
set c[13,8] := 8;
set c[13,25] := 25;
set c[13,87] := 87;
set c[13,39] := 39;
set c[13,46] := 46;
set c[13,30] := 30;
set c[13,70] := 70;
set c[13,83] := 83;
set c[13,97] := 97;
set c[13,90] := 90;
set c[13,16] := 16;
set c[13,35] := 35;
set c[13,50] := 50;
set c[13,41] := 41;
set c[13,65] := 65;
set c[13,32] := 32;
set c[13,19] := 19;
set c[13,56] := 56;
set c[13,23] := 23;
set c[13,53] := 53;
set c[13,60] := 60;
set c[13,58] := 58;
set c[13,92] := 92;
set c[13,22] := 22;
set c[13,36] := 36;
set c[13,98] := 98;
set c[13,4] := 4;
set c[13,28] := 28;
set c[13,10] := 10;
set c[13,24] := 24;
set c[14,63] := 63 94 59 93 85 75 15 61;
set c[14,33] := 33 11 38 3 88 47 62 81 89;
set c[14,12] := 12 67 77 64 5 7 71 27 29 40 45 51 54 66 68 79 84;
set c[14,18] := 18 69 72 37;
set c[14,52] := 52 100 21 20 1 31 80;
set c[14,95] := 95 91 43 13 86;
set c[14,2] := 2 82 76;
set c[14,17] := 17 99 14 48;
set c[14,42] := 42 78 34 9 55 96;
set c[14,6] := 6 26;
set c[14,57] := 57 73;
set c[14,49] := 49 74;
set c[14,44] := 44;
set c[14,8] := 8;
set c[14,25] := 25;
set c[14,87] := 87;
set c[14,39] := 39;
set c[14,46] := 46;
set c[14,30] := 30;
set c[14,70] := 70;
set c[14,83] := 83;
set c[14,97] := 97;
set c[14,90] := 90;
set c[14,16] := 16;
set c[14,35] := 35;
set c[14,50] := 50;
set c[14,41] := 41;
set c[14,65] := 65;
set c[14,32] := 32;
set c[14,19] := 19;
set c[14,56] := 56;
set c[14,23] := 23;
set c[14,53] := 53;
set c[14,60] := 60;
set c[14,58] := 58;
set c[14,92] := 92;
set c[14,22] := 22;
set c[14,36] := 36;
set c[14,98] := 98;
set c[14,4] := 4;
set c[14,28] := 28;
set c[14,10] := 10;
set c[14,24] := 24;
set c[15,59] := 59 63 94 93 85 75 15 61;
set c[15,88] := 88 33 11 38 3 47 62 81 89;
set c[15,66] := 66 12 67 77 64 5 7 71 27 29 40 45 51 54 68 79 84;
set c[15,69] := 69 18 72 37;
set c[15,1] := 1 52 100 21 20 31 80;
set c[15,86] := 86 95 91 43 13;
set c[15,2] := 2 82 76;
set c[15,99] := 99 17 14 48;
set c[15,34] := 34 42 78 9 55 96;
set c[15,6] := 6 26;
set c[15,57] := 57 73;
set c[15,49] := 49 74;
set c[15,44] := 44;
set c[15,8] := 8;
set c[15,25] := 25;
set c[15,87] := 87;
set c[15,39] := 39;
set c[15,46] := 46;
set c[15,30] := 30;
set c[15,70] := 70;
set c[15,83] := 83;
set c[15,97] := 97;
set c[15,90] := 90;
set c[15,16] := 16;
set c[15,35] := 35;
set c[15,50] := 50;
set c[15,41] := 41;
set c[15,65] := 65;
set c[15,32] := 32;
set c[15,19] := 19;
set c[15,56] := 56;
set c[15,23] := 23;
set c[15,53] := 53;
set c[15,60] := 60;
set c[15,58] := 58;
set c[15,92] := 92;
set c[15,22] := 22;
set c[15,36] := 36;
set c[15,98] := 98;
set c[15,4] := 4;
set c[15,28] := 28;
set c[15,10] := 10;
set c[15,24] := 24;
set c[16,75] := 75 59 63 94 93 85 15 61;
set c[16,89] := 89 88 33 11 38 3 47 62 81;
set c[16,68] := 68 66 12 67 77 64 5 7 71 27 29 40 45 51 54 79 84;
set c[16,69] := 69 18 72 37;
set c[16,1] := 1 52 100 21 20 31 80;
set c[16,95] := 95 86 91 43 13;
set c[16,82] := 82 2 76;
set c[16,48] := 48 99 17 14;
set c[16,78] := 78 34 42 9 55 96;
set c[16,6] := 6 26;
set c[16,57] := 57 73;
set c[16,49] := 49 74;
set c[16,44] := 44;
set c[16,8] := 8;
set c[16,25] := 25;
set c[16,87] := 87;
set c[16,39] := 39;
set c[16,46] := 46;
set c[16,30] := 30;
set c[16,70] := 70;
set c[16,83] := 83;
set c[16,97] := 97;
set c[16,90] := 90;
set c[16,16] := 16;
set c[16,35] := 35;
set c[16,50] := 50;
set c[16,41] := 41;
set c[16,65] := 65;
set c[16,32] := 32;
set c[16,19] := 19;
set c[16,56] := 56;
set c[16,23] := 23;
set c[16,53] := 53;
set c[16,60] := 60;
set c[16,58] := 58;
set c[16,92] := 92;
set c[16,22] := 22;
set c[16,36] := 36;
set c[16,98] := 98;
set c[16,4] := 4;
set c[16,28] := 28;
set c[16,10] := 10;
set c[16,24] := 24;
set c[17,15] := 15 75 59 63 94 93 85 61;
set c[17,47] := 47 89 88 33 11 38 3 62 81;
set c[17,51] := 51 68 66 12 67 77 64 5 7 71 27 29 40 45 54 79 84;
set c[17,18] := 18 69 72 37;
set c[17,1] := 1 52 100 21 20 31 80;
set c[17,86] := 86 95 91 43 13;
set c[17,82] := 82 2 76;
set c[17,48] := 48 99 17 14;
set c[17,34] := 34 78 42 9 55 96;
set c[17,6] := 6 26;
set c[17,57] := 57 73;
set c[17,49] := 49 74;
set c[17,44] := 44;
set c[17,8] := 8;
set c[17,25] := 25;
set c[17,87] := 87;
set c[17,39] := 39;
set c[17,46] := 46;
set c[17,30] := 30;
set c[17,70] := 70;
set c[17,83] := 83;
set c[17,97] := 97;
set c[17,90] := 90;
set c[17,16] := 16;
set c[17,35] := 35;
set c[17,50] := 50;
set c[17,41] := 41;
set c[17,65] := 65;
set c[17,32] := 32;
set c[17,19] := 19;
set c[17,56] := 56;
set c[17,23] := 23;
set c[17,53] := 53;
set c[17,60] := 60;
set c[17,58] := 58;
set c[17,92] := 92;
set c[17,22] := 22;
set c[17,36] := 36;
set c[17,98] := 98;
set c[17,4] := 4;
set c[17,28] := 28;
set c[17,10] := 10;
set c[17,24] := 24;
set c[18,15] := 15 75 59 63 94 93 85 61;
set c[18,47] := 47 89 88 33 11 38 3 62 81;
set c[18,29] := 29 51 68 66 12 67 77 64 5 7 71 27 40 45 54 79 84;
set c[18,37] := 37 18 69 72;
set c[18,100] := 100 1 52 21 20 31 80;
set c[18,91] := 91 86 95 43 13;
set c[18,82] := 82 2 76;
set c[18,48] := 48 99 17 14;
set c[18,34] := 34 78;
set c[18,55] := 55 42 9 96;
set c[18,6] := 6 26;
set c[18,57] := 57 73;
set c[18,49] := 49;
set c[18,74] := 74;
set c[18,44] := 44;
set c[18,8] := 8;
set c[18,25] := 25;
set c[18,87] := 87;
set c[18,39] := 39;
set c[18,46] := 46;
set c[18,30] := 30;
set c[18,70] := 70;
set c[18,83] := 83;
set c[18,97] := 97;
set c[18,90] := 90;
set c[18,16] := 16;
set c[18,35] := 35;
set c[18,50] := 50;
set c[18,41] := 41;
set c[18,65] := 65;
set c[18,32] := 32;
set c[18,19] := 19;
set c[18,56] := 56;
set c[18,23] := 23;
set c[18,53] := 53;
set c[18,60] := 60;
set c[18,58] := 58;
set c[18,92] := 92;
set c[18,22] := 22;
set c[18,36] := 36;
set c[18,98] := 98;
set c[18,4] := 4;
set c[18,28] := 28;
set c[18,10] := 10;
set c[18,24] := 24;
set c[19,61] := 61 15 75 59 63 94 93 85;
set c[19,88] := 88 47 89 33 11 38 3 62 81;
set c[19,54] := 54 29 51 68 66 12 67 77 64 5 7 71 27 40 45 79 84;
set c[19,37] := 37 18 69 72;
set c[19,100] := 100 1 52 21 20 31 80;
set c[19,86] := 86 91 95 43 13;
set c[19,82] := 82 2 76;
set c[19,99] := 99 48 17 14;
set c[19,34] := 34 78;
set c[19,42] := 42 55 9 96;
set c[19,6] := 6 26;
set c[19,57] := 57 73;
set c[19,49] := 49;
set c[19,74] := 74;
set c[19,44] := 44;
set c[19,8] := 8;
set c[19,25] := 25;
set c[19,87] := 87;
set c[19,39] := 39;
set c[19,46] := 46;
set c[19,30] := 30;
set c[19,70] := 70;
set c[19,83] := 83;
set c[19,97] := 97;
set c[19,90] := 90;
set c[19,16] := 16;
set c[19,35] := 35;
set c[19,50] := 50;
set c[19,41] := 41;
set c[19,65] := 65;
set c[19,32] := 32;
set c[19,19] := 19;
set c[19,56] := 56;
set c[19,23] := 23;
set c[19,53] := 53;
set c[19,60] := 60;
set c[19,58] := 58;
set c[19,92] := 92;
set c[19,22] := 22;
set c[19,36] := 36;
set c[19,98] := 98;
set c[19,4] := 4;
set c[19,28] := 28;
set c[19,10] := 10;
set c[19,24] := 24;
set c[20,15] := 15 61 75 59 63 94 93 85;
set c[20,3] := 3 88 47 89 33 11 38 62 81;
set c[20,51] := 51 54 29 68 66 12 67 77 64 5 7 71 27 40 45 79 84;
set c[20,69] := 69 37 18 72;
set c[20,1] := 1 100 52 21 20 31 80;
set c[20,43] := 43 86 91 95 13;
set c[20,82] := 82 2 76;
set c[20,99] := 99 48 17 14;
set c[20,34] := 34 78;
set c[20,96] := 96 42 55 9;
set c[20,6] := 6;
set c[20,26] := 26;
set c[20,57] := 57;
set c[20,73] := 73;
set c[20,49] := 49;
set c[20,74] := 74;
set c[20,44] := 44;
set c[20,8] := 8;
set c[20,25] := 25;
set c[20,87] := 87;
set c[20,39] := 39;
set c[20,46] := 46;
set c[20,30] := 30;
set c[20,70] := 70;
set c[20,83] := 83;
set c[20,97] := 97;
set c[20,90] := 90;
set c[20,16] := 16;
set c[20,35] := 35;
set c[20,50] := 50;
set c[20,41] := 41;
set c[20,65] := 65;
set c[20,32] := 32;
set c[20,19] := 19;
set c[20,56] := 56;
set c[20,23] := 23;
set c[20,53] := 53;
set c[20,60] := 60;
set c[20,58] := 58;
set c[20,92] := 92;
set c[20,22] := 22;
set c[20,36] := 36;
set c[20,98] := 98;
set c[20,4] := 4;
set c[20,28] := 28;
set c[20,10] := 10;
set c[20,24] := 24;
set c[21,59] := 59 15 61 75 63 94 93 85;
set c[21,3] := 3 88 47 89 33 11 38 62 81;
set c[21,27] := 27 51 54 29 68 66 12 67 77 64 5 7 71 40 45 79 84;
set c[21,69] := 69 37 18 72;
set c[21,100] := 100 1 52 21 20 31 80;
set c[21,95] := 95 43 86 91 13;
set c[21,82] := 82 76;
set c[21,2] := 2;
set c[21,14] := 14 99;
set c[21,48] := 48 17;
set c[21,34] := 34 78;
set c[21,96] := 96 42 9;
set c[21,55] := 55;
set c[21,6] := 6;
set c[21,26] := 26;
set c[21,57] := 57;
set c[21,73] := 73;
set c[21,49] := 49;
set c[21,74] := 74;
set c[21,44] := 44;
set c[21,8] := 8;
set c[21,25] := 25;
set c[21,87] := 87;
set c[21,39] := 39;
set c[21,46] := 46;
set c[21,30] := 30;
set c[21,70] := 70;
set c[21,83] := 83;
set c[21,97] := 97;
set c[21,90] := 90;
set c[21,16] := 16;
set c[21,35] := 35;
set c[21,50] := 50;
set c[21,41] := 41;
set c[21,65] := 65;
set c[21,32] := 32;
set c[21,19] := 19;
set c[21,56] := 56;
set c[21,23] := 23;
set c[21,53] := 53;
set c[21,60] := 60;
set c[21,58] := 58;
set c[21,92] := 92;
set c[21,22] := 22;
set c[21,36] := 36;
set c[21,98] := 98;
set c[21,4] := 4;
set c[21,28] := 28;
set c[21,10] := 10;
set c[21,24] := 24;
set c[22,15] := 15 59 61 75 63 94 93 85;
set c[22,47] := 47 3 88 89 33 11 38 62 81;
set c[22,5] := 5 27 51 54 29 68 66 12 67 77 64 7 71 40 45 79 84;
set c[22,37] := 37 69 18 72;
set c[22,100] := 100 1 52 21 20 31 80;
set c[22,95] := 95 43 86 91 13;
set c[22,82] := 82 76;
set c[22,2] := 2;
set c[22,14] := 14 99;
set c[22,48] := 48 17;
set c[22,34] := 34 78;
set c[22,42] := 42 96 9;
set c[22,55] := 55;
set c[22,6] := 6;
set c[22,26] := 26;
set c[22,57] := 57;
set c[22,73] := 73;
set c[22,49] := 49;
set c[22,74] := 74;
set c[22,44] := 44;
set c[22,8] := 8;
set c[22,25] := 25;
set c[22,87] := 87;
set c[22,39] := 39;
set c[22,46] := 46;
set c[22,30] := 30;
set c[22,70] := 70;
set c[22,83] := 83;
set c[22,97] := 97;
set c[22,90] := 90;
set c[22,16] := 16;
set c[22,35] := 35;
set c[22,50] := 50;
set c[22,41] := 41;
set c[22,65] := 65;
set c[22,32] := 32;
set c[22,19] := 19;
set c[22,56] := 56;
set c[22,23] := 23;
set c[22,53] := 53;
set c[22,60] := 60;
set c[22,58] := 58;
set c[22,92] := 92;
set c[22,22] := 22;
set c[22,36] := 36;
set c[22,98] := 98;
set c[22,4] := 4;
set c[22,28] := 28;
set c[22,10] := 10;
set c[22,24] := 24;
set c[23,59] := 59 15 61 75 63 94 93 85;
set c[23,3] := 3 47 88 89 33 11 38 62 81;
set c[23,5] := 5 27 51 54 29 68 66 12 67 77 64 7 71 40 45 79 84;
set c[23,72] := 72 37 69 18;
set c[23,31] := 31 100 1 52 21 20 80;
set c[23,91] := 91 95 43 86 13;
set c[23,82] := 82 76;
set c[23,2] := 2;
set c[23,14] := 14 99;
set c[23,48] := 48 17;
set c[23,34] := 34 78;
set c[23,42] := 42 96 9;
set c[23,55] := 55;
set c[23,6] := 6;
set c[23,26] := 26;
set c[23,57] := 57;
set c[23,73] := 73;
set c[23,49] := 49;
set c[23,74] := 74;
set c[23,44] := 44;
set c[23,8] := 8;
set c[23,25] := 25;
set c[23,87] := 87;
set c[23,39] := 39;
set c[23,46] := 46;
set c[23,30] := 30;
set c[23,70] := 70;
set c[23,83] := 83;
set c[23,97] := 97;
set c[23,90] := 90;
set c[23,16] := 16;
set c[23,35] := 35;
set c[23,50] := 50;
set c[23,41] := 41;
set c[23,65] := 65;
set c[23,32] := 32;
set c[23,19] := 19;
set c[23,56] := 56;
set c[23,23] := 23;
set c[23,53] := 53;
set c[23,60] := 60;
set c[23,58] := 58;
set c[23,92] := 92;
set c[23,22] := 22;
set c[23,36] := 36;
set c[23,98] := 98;
set c[23,4] := 4;
set c[23,28] := 28;
set c[23,10] := 10;
set c[23,24] := 24;
set c[24,61] := 61 59 15 75 63 94 93 85;
set c[24,81] := 81 3 47 88 89 33 11 38 62;
set c[24,64] := 64 5 27 51 54 29 68 66 12 67 77 7 71 40 45 79 84;
set c[24,37] := 37 72 69 18;
set c[24,31] := 31 100 1 52 21 20 80;
set c[24,91] := 91 95 43 86 13;
set c[24,82] := 82 76;
set c[24,2] := 2;
set c[24,14] := 14 99;
set c[24,48] := 48 17;
set c[24,34] := 34;
set c[24,78] := 78;
set c[24,9] := 9 42 96;
set c[24,55] := 55;
set c[24,6] := 6;
set c[24,26] := 26;
set c[24,57] := 57;
set c[24,73] := 73;
set c[24,49] := 49;
set c[24,74] := 74;
set c[24,44] := 44;
set c[24,8] := 8;
set c[24,25] := 25;
set c[24,87] := 87;
set c[24,39] := 39;
set c[24,46] := 46;
set c[24,30] := 30;
set c[24,70] := 70;
set c[24,83] := 83;
set c[24,97] := 97;
set c[24,90] := 90;
set c[24,16] := 16;
set c[24,35] := 35;
set c[24,50] := 50;
set c[24,41] := 41;
set c[24,65] := 65;
set c[24,32] := 32;
set c[24,19] := 19;
set c[24,56] := 56;
set c[24,23] := 23;
set c[24,53] := 53;
set c[24,60] := 60;
set c[24,58] := 58;
set c[24,92] := 92;
set c[24,22] := 22;
set c[24,36] := 36;
set c[24,98] := 98;
set c[24,4] := 4;
set c[24,28] := 28;
set c[24,10] := 10;
set c[24,24] := 24;
set c[25,61] := 61 59 15 75 63 94 93 85;
set c[25,81] := 81 3 47 88 89 33 11 38 62;
set c[25,27] := 27 64 5 51 54 29 68 66 12 67 77 7 71 40 45 79 84;
set c[25,37] := 37 72 69 18;
set c[25,31] := 31 100 1 52 21 20 80;
set c[25,91] := 91;
set c[25,86] := 86 13;
set c[25,95] := 95 43;
set c[25,82] := 82 76;
set c[25,2] := 2;
set c[25,14] := 14 99;
set c[25,48] := 48 17;
set c[25,34] := 34;
set c[25,78] := 78;
set c[25,9] := 9 42 96;
set c[25,55] := 55;
set c[25,6] := 6;
set c[25,26] := 26;
set c[25,57] := 57;
set c[25,73] := 73;
set c[25,49] := 49;
set c[25,74] := 74;
set c[25,44] := 44;
set c[25,8] := 8;
set c[25,25] := 25;
set c[25,87] := 87;
set c[25,39] := 39;
set c[25,46] := 46;
set c[25,30] := 30;
set c[25,70] := 70;
set c[25,83] := 83;
set c[25,97] := 97;
set c[25,90] := 90;
set c[25,16] := 16;
set c[25,35] := 35;
set c[25,50] := 50;
set c[25,41] := 41;
set c[25,65] := 65;
set c[25,32] := 32;
set c[25,19] := 19;
set c[25,56] := 56;
set c[25,23] := 23;
set c[25,53] := 53;
set c[25,60] := 60;
set c[25,58] := 58;
set c[25,92] := 92;
set c[25,22] := 22;
set c[25,36] := 36;
set c[25,98] := 98;
set c[25,4] := 4;
set c[25,28] := 28;
set c[25,10] := 10;
set c[25,24] := 24;
set c[26,61] := 61 59 15 75 63 94 93 85;
set c[26,33] := 33 81 3 47 88 89 11 38 62;
set c[26,27] := 27 64 5 51 54 29 68 66 12 67 77 7 71 40 45 79 84;
set c[26,69] := 69 37 72 18;
set c[26,31] := 31 100 1 52 21 20 80;
set c[26,91] := 91;
set c[26,86] := 86 13;
set c[26,95] := 95 43;
set c[26,82] := 82 76;
set c[26,2] := 2;
set c[26,14] := 14 99;
set c[26,48] := 48 17;
set c[26,34] := 34;
set c[26,78] := 78;
set c[26,9] := 9 42 96;
set c[26,55] := 55;
set c[26,6] := 6;
set c[26,26] := 26;
set c[26,57] := 57;
set c[26,73] := 73;
set c[26,49] := 49;
set c[26,74] := 74;
set c[26,44] := 44;
set c[26,8] := 8;
set c[26,25] := 25;
set c[26,87] := 87;
set c[26,39] := 39;
set c[26,46] := 46;
set c[26,30] := 30;
set c[26,70] := 70;
set c[26,83] := 83;
set c[26,97] := 97;
set c[26,90] := 90;
set c[26,16] := 16;
set c[26,35] := 35;
set c[26,50] := 50;
set c[26,41] := 41;
set c[26,65] := 65;
set c[26,32] := 32;
set c[26,19] := 19;
set c[26,56] := 56;
set c[26,23] := 23;
set c[26,53] := 53;
set c[26,60] := 60;
set c[26,58] := 58;
set c[26,92] := 92;
set c[26,22] := 22;
set c[26,36] := 36;
set c[26,98] := 98;
set c[26,4] := 4;
set c[26,28] := 28;
set c[26,10] := 10;
set c[26,24] := 24;
set c[27,61] := 61 59 15 75 63 94 93 85;
set c[27,3] := 3 33 81 47 88 89 11 38 62;
set c[27,5] := 5 27 64 51 54 29 68 66 12 67 77 7 71 40 45 79 84;
set c[27,69] := 69 37 72 18;
set c[27,31] := 31 100 1 52 21 20 80;
set c[27,91] := 91;
set c[27,86] := 86 13;
set c[27,95] := 95 43;
set c[27,82] := 82 76;
set c[27,2] := 2;
set c[27,14] := 14 99;
set c[27,48] := 48 17;
set c[27,34] := 34;
set c[27,78] := 78;
set c[27,9] := 9 42 96;
set c[27,55] := 55;
set c[27,6] := 6;
set c[27,26] := 26;
set c[27,57] := 57;
set c[27,73] := 73;
set c[27,49] := 49;
set c[27,74] := 74;
set c[27,44] := 44;
set c[27,8] := 8;
set c[27,25] := 25;
set c[27,87] := 87;
set c[27,39] := 39;
set c[27,46] := 46;
set c[27,30] := 30;
set c[27,70] := 70;
set c[27,83] := 83;
set c[27,97] := 97;
set c[27,90] := 90;
set c[27,16] := 16;
set c[27,35] := 35;
set c[27,50] := 50;
set c[27,41] := 41;
set c[27,65] := 65;
set c[27,32] := 32;
set c[27,19] := 19;
set c[27,56] := 56;
set c[27,23] := 23;
set c[27,53] := 53;
set c[27,60] := 60;
set c[27,58] := 58;
set c[27,92] := 92;
set c[27,22] := 22;
set c[27,36] := 36;
set c[27,98] := 98;
set c[27,4] := 4;
set c[27,28] := 28;
set c[27,10] := 10;
set c[27,24] := 24;
set c[28,61] := 61 59 15 75 63 94 93 85;
set c[28,33] := 33 3 81 47 88 89 11 38 62;
set c[28,7] := 7 5 27 64 51 54 29 68 66 12 67 77 71 40 45 79 84;
set c[28,37] := 37 69 72 18;
set c[28,31] := 31 100 1 52 21 20 80;
set c[28,91] := 91;
set c[28,86] := 86 13;
set c[28,95] := 95 43;
set c[28,82] := 82 76;
set c[28,2] := 2;
set c[28,14] := 14 99;
set c[28,48] := 48 17;
set c[28,34] := 34;
set c[28,78] := 78;
set c[28,9] := 9 42 96;
set c[28,55] := 55;
set c[28,6] := 6;
set c[28,26] := 26;
set c[28,57] := 57;
set c[28,73] := 73;
set c[28,49] := 49;
set c[28,74] := 74;
set c[28,44] := 44;
set c[28,8] := 8;
set c[28,25] := 25;
set c[28,87] := 87;
set c[28,39] := 39;
set c[28,46] := 46;
set c[28,30] := 30;
set c[28,70] := 70;
set c[28,83] := 83;
set c[28,97] := 97;
set c[28,90] := 90;
set c[28,16] := 16;
set c[28,35] := 35;
set c[28,50] := 50;
set c[28,41] := 41;
set c[28,65] := 65;
set c[28,32] := 32;
set c[28,19] := 19;
set c[28,56] := 56;
set c[28,23] := 23;
set c[28,53] := 53;
set c[28,60] := 60;
set c[28,58] := 58;
set c[28,92] := 92;
set c[28,22] := 22;
set c[28,36] := 36;
set c[28,98] := 98;
set c[28,4] := 4;
set c[28,28] := 28;
set c[28,10] := 10;
set c[28,24] := 24;
set c[29,61] := 61 59 15 75 63 94 93 85;
set c[29,33] := 33 3 81 47 88 89 11 38 62;
set c[29,77] := 77 7 5 27 64 51 54 29 68 66 12 67 71 40 45 79 84;
set c[29,69] := 69 37 72 18;
set c[29,20] := 20 31 100 1 52 21 80;
set c[29,91] := 91;
set c[29,86] := 86;
set c[29,13] := 13;
set c[29,95] := 95 43;
set c[29,82] := 82 76;
set c[29,2] := 2;
set c[29,14] := 14 99;
set c[29,48] := 48;
set c[29,17] := 17;
set c[29,34] := 34;
set c[29,78] := 78;
set c[29,9] := 9;
set c[29,42] := 42;
set c[29,96] := 96;
set c[29,55] := 55;
set c[29,6] := 6;
set c[29,26] := 26;
set c[29,57] := 57;
set c[29,73] := 73;
set c[29,49] := 49;
set c[29,74] := 74;
set c[29,44] := 44;
set c[29,8] := 8;
set c[29,25] := 25;
set c[29,87] := 87;
set c[29,39] := 39;
set c[29,46] := 46;
set c[29,30] := 30;
set c[29,70] := 70;
set c[29,83] := 83;
set c[29,97] := 97;
set c[29,90] := 90;
set c[29,16] := 16;
set c[29,35] := 35;
set c[29,50] := 50;
set c[29,41] := 41;
set c[29,65] := 65;
set c[29,32] := 32;
set c[29,19] := 19;
set c[29,56] := 56;
set c[29,23] := 23;
set c[29,53] := 53;
set c[29,60] := 60;
set c[29,58] := 58;
set c[29,92] := 92;
set c[29,22] := 22;
set c[29,36] := 36;
set c[29,98] := 98;
set c[29,4] := 4;
set c[29,28] := 28;
set c[29,10] := 10;
set c[29,24] := 24;
set c[30,93] := 93 61 59 15 75 63 94 85;
set c[30,88] := 88 33 3 81 47 89 11 38 62;
set c[30,7] := 7 77 5 27 64 51 54 29 68 66 12 67 71 40 45 79 84;
set c[30,18] := 18 69 37 72;
set c[30,100] := 100 20 31 1 52 21 80;
set c[30,91] := 91;
set c[30,86] := 86;
set c[30,13] := 13;
set c[30,95] := 95 43;
set c[30,82] := 82;
set c[30,76] := 76;
set c[30,2] := 2;
set c[30,14] := 14 99;
set c[30,48] := 48;
set c[30,17] := 17;
set c[30,34] := 34;
set c[30,78] := 78;
set c[30,9] := 9;
set c[30,42] := 42;
set c[30,96] := 96;
set c[30,55] := 55;
set c[30,6] := 6;
set c[30,26] := 26;
set c[30,57] := 57;
set c[30,73] := 73;
set c[30,49] := 49;
set c[30,74] := 74;
set c[30,44] := 44;
set c[30,8] := 8;
set c[30,25] := 25;
set c[30,87] := 87;
set c[30,39] := 39;
set c[30,46] := 46;
set c[30,30] := 30;
set c[30,70] := 70;
set c[30,83] := 83;
set c[30,97] := 97;
set c[30,90] := 90;
set c[30,16] := 16;
set c[30,35] := 35;
set c[30,50] := 50;
set c[30,41] := 41;
set c[30,65] := 65;
set c[30,32] := 32;
set c[30,19] := 19;
set c[30,56] := 56;
set c[30,23] := 23;
set c[30,53] := 53;
set c[30,60] := 60;
set c[30,58] := 58;
set c[30,92] := 92;
set c[30,22] := 22;
set c[30,36] := 36;
set c[30,98] := 98;
set c[30,4] := 4;
set c[30,28] := 28;
set c[30,10] := 10;
set c[30,24] := 24;

